Date,Open,High,Low,Close,Volume
2006-11-21,24.612672351150998,24.711123416115175,22.643658563058917,22.663349151611328,16006200.0
2006-11-22,22.64365603262423,22.781486381492776,21.511473606552553,22.348304748535156,5185600.0
2006-11-24,22.15140773959664,22.594436645507812,22.052956662972147,22.594436645507812,221300.0
2006-11-27,22.643658783766018,22.742109849689797,22.348307463792576,22.495983123779297,374100.0
2006-11-28,22.49598556888332,22.692885844334207,22.48614027344106,22.594436645507812,629200.0
2006-11-29,22.820869270511594,22.820869270511594,22.102179714791927,22.17109489440918,917700.0
2006-11-30,22.15140264061066,22.64365603262423,22.10217805252837,22.348304748535156,396200.0
2006-12-01,22.249856725489114,22.584589227880027,22.17109624714995,22.41722297668457,217400.0
2006-12-04,22.2990790147328,22.387684778427978,22.141558074340868,22.279388427734375,470000.0
2006-12-05,22.052952310645686,22.279388427734375,21.984037133948934,22.279388427734375,234400.0
2006-12-06,22.279391651239692,22.34830871570548,22.22032175949559,22.308927536010742,74400.0
2006-12-07,22.30892696454074,22.98823727448955,22.30892696454074,22.89963150024414,314000.0
2006-12-08,22.811025545993743,23.027616393663397,22.722419772447537,22.939010620117188,195600.0
2006-12-11,22.939010030673863,23.096530984531014,22.899630731108523,22.96854591369629,302200.0
2006-12-12,22.860247978266056,23.037459508591784,22.860247978266056,22.88978385925293,109900.0
2006-12-13,22.889787997583195,22.899633293025456,22.249858816221135,22.594436645507812,1048200.0
2006-12-14,22.643658229282924,22.653503523414006,22.151404789515905,22.397531509399414,626500.0
2006-12-15,22.299082267242085,22.594435481905016,21.964349750636234,22.5255184173584,482500.0
2006-12-18,22.279391677371624,22.64366007878317,22.10218200193147,22.5255184173584,116800.0
2006-12-19,22.44675522052693,22.44675522052693,22.003728268817845,22.377840042114258,146500.0
2006-12-20,22.525515482641197,22.712572306444052,22.10217912236828,22.54520606994629,123800.0
2006-12-21,22.299081983937736,22.643659791101044,22.013575945635324,22.259702682495117,100600.0
2006-12-22,22.052954749332123,22.3483079535764,22.00373015419038,22.03326416015625,196500.0
2006-12-26,21.95450331464663,22.00372978676431,21.75760305956963,21.89543342590332,231600.0
2006-12-27,21.856053476774832,22.49598257291239,21.787136417857255,22.397531509399414,67300.0
2006-12-28,22.61412249790165,22.61412249790165,22.249856001608364,22.358150482177734,443800.0
2006-12-29,22.25970269328475,23.00792819903696,22.24001210365491,22.820871353149414,206900.0
2007-01-03,23.145758340859,23.765996885652125,22.889786311608482,22.988237380981445,536900.0
2007-01-04,22.39753152086688,23.15560226916771,22.39753152086688,23.086687088012695,157600.0
2007-01-05,22.988236180171132,23.775840938417694,22.988236180171132,23.736461639404297,330700.0
2007-01-08,23.687235108933496,24.612672105898685,23.49033485876502,24.55360221862793,338000.0
2007-01-09,25.10492461861916,25.872840635901774,24.464995543115876,25.351051330566406,624100.0
2007-01-10,25.44950455243434,27.56619407940012,25.183687230282903,25.744855880737305,555800.0
2007-01-11,25.8433069571511,26.76874399873346,25.8433069571511,26.650602340698242,913100.0
2007-01-12,26.591531644192695,26.699828004291067,26.207574553368133,26.502925872802734,245900.0
2007-01-16,26.709671906895675,26.82781356349813,26.109123962743812,26.384784698486328,577200.0
2007-01-17,26.089434003319017,26.404475924798213,25.75470149229788,26.01067352294922,355700.0
2007-01-18,25.892530731870817,25.9811365031391,25.390433865081064,25.597179412841797,78700.0
2007-01-19,25.498726156322643,25.498726156322643,24.858797101545377,25.2033748626709,205800.0
2007-01-22,25.01631912643765,25.173840073587527,23.490334246749008,25.055700302124023,142800.0
2007-01-23,24.809573972264484,26.14850204380472,24.563447253800742,25.882686614990234,272600.0
2007-01-24,25.882687563028973,26.768743406393597,25.843306385289345,26.680137634277344,289200.0
2007-01-25,26.72935979313292,26.926261908293952,26.07958544201836,26.109121322631836,185900.0
2007-01-26,26.28633427491772,26.28633427491772,25.144306451822956,25.538108825683594,705300.0
2007-01-29,25.61686945020967,25.87284146416493,24.858798702472683,25.498727798461914,84700.0
2007-01-30,25.744857499208422,26.374943251822447,25.59718182577319,26.040210723876953,319600.0
2007-01-31,25.961446957172438,26.158347204258938,25.72516365619211,26.138656616210938,156400.0
2007-02-01,26.18788327259342,26.70967071499182,26.069741621262967,26.44385528564453,171800.0
2007-02-02,26.532461315923992,26.581685909080925,26.36509507027342,26.493080139160156,210500.0
2007-02-05,26.56199422721956,26.729360465980154,26.41431857603028,26.64075469970703,336600.0
2007-02-06,26.483234517429974,26.581685580324077,25.97129049261892,26.571840286254883,173100.0
2007-02-07,26.5324625400884,26.5324625400884,25.931912711316574,26.089433670043945,180000.0
2007-02-08,26.138657456994295,26.256799111284636,25.18368643952244,25.597179412841797,587800.0
2007-02-09,25.597181811233945,25.675942295541205,25.449506137882594,25.479040145874023,43800.0
2007-02-12,25.252599716186523,25.498726422733757,24.86864265486812,25.252599716186523,212700.0
2007-02-13,25.301825919820722,25.360895802991525,25.104923805521075,25.2033748626709,269400.0
2007-02-14,25.095080599751327,25.72516441345215,24.85879916961352,25.72516441345215,219500.0
2007-02-15,25.872844459904204,26.187886397312184,25.872844459904204,26.040210723876953,246300.0
2007-02-16,25.961446124276033,26.03036130243526,25.498726708982193,25.64640235900879,367100.0
2007-02-20,25.77439013571158,27.251150439489116,25.488882242304964,26.483234405517578,493300.0
2007-02-21,26.237109036081705,26.483235766022055,26.109123962743812,26.384784698486328,75400.0
2007-02-22,26.561994879940467,26.581685467995648,26.36509463278216,26.483234405517578,195200.0
2007-02-23,26.434008319412392,26.798274788859654,25.892528445280536,26.621065139770508,276100.0
2007-02-26,26.621066653564863,27.546501758913166,26.57184018340942,26.82781219482422,395500.0
2007-02-27,26.109121815371925,26.680135706757987,24.868642973161283,26.33555793762207,229500.0
2007-02-28,26.286335732816493,27.585884577531388,25.715321789599404,27.467742919921875,325800.0
2007-03-01,27.123163988197327,27.418517181002905,26.69982760409904,26.709671020507812,258800.0
2007-03-02,26.680136822818163,26.709670827426716,25.951601956974148,26.532461166381836,66800.0
2007-03-05,26.286336143142503,26.2961795601155,25.892531863495535,26.01067352294922,59600.0
2007-03-06,26.2371117495746,27.270845248913542,25.725167647680916,25.971294403076172,248700.0
2007-03-07,25.93191272348809,26.04020908683822,25.725165291437655,25.744855880737305,89400.0
2007-03-08,25.971292253382273,26.217418988405147,25.449504776924485,25.577489852905273,75900.0
2007-03-09,25.794080714360106,26.394628627441435,25.794080714360106,26.138656616210938,96800.0
2007-03-12,26.28633463640952,26.86719385001617,26.28633463640952,26.709671020507812,749100.0
2007-03-13,26.77858746772575,27.241305018071664,26.040207319289905,26.050050735473633,150400.0
2007-03-14,25.99098157816873,26.48323502426207,25.922066396163324,26.45370101928711,76100.0
2007-03-15,26.82781234394579,27.20192413021747,26.53246103256277,26.78843116760254,380900.0
2007-03-16,26.808121345315996,27.241304889470097,26.670290985820614,26.778587341308594,306900.0
2007-03-19,27.172390529232533,27.231460416826682,26.532461426535317,26.58168601989746,318000.0
2007-03-20,26.778587049583425,27.093628940882418,26.335558216320596,26.729360580444336,111700.0
2007-03-21,26.975488993415198,26.975488993415198,26.532462010019543,26.896728515625,376900.0
2007-03-22,25.941756023825263,27.41851630740775,25.715319897680754,27.379135131835938,146600.0
2007-03-23,27.398825245173263,29.239853859723837,27.16254382922734,28.658994674682617,1008100.0
2007-03-26,28.67868566722588,29.387531849287374,28.304573864980703,28.45224952697754,138200.0
2007-03-27,28.51131674397062,29.042951330688858,28.156895563956205,28.176586151123047,26200.0
2007-03-28,27.95015037835417,28.17658839319552,27.142855018252888,27.408672332763672,108300.0
2007-03-29,27.566193422129555,28.855896945738632,27.388981878253915,28.747602462768555,190000.0
2007-03-30,28.855894915738666,29.298923744260875,28.34395278675472,28.658994674682617,328800.0
2007-04-02,28.79682555732324,29.03310697758605,28.501474251444176,28.757444381713867,187400.0
2007-04-03,28.875588918123995,30.273588869485316,28.875588918123995,29.7714900970459,398500.0
2007-04-04,29.98807881065177,30.116065757246787,29.387530887806555,29.938854217529297,220100.0
2007-04-05,30.017617822417833,30.175138790188104,29.860096854647562,29.87978744506836,158400.0
2007-04-09,29.830557637031802,30.02745976365029,29.53520632490192,29.761642456054688,66900.0
2007-04-10,29.682883294769137,30.6673902158414,29.298926196446292,29.791179656982422,247600.0
2007-04-11,29.682881644228477,29.860093180615163,29.3776850414502,29.495824813842773,255600.0
2007-04-12,28.875586105428358,29.663190841674805,28.816516219659327,29.663190841674805,99000.0
2007-04-13,29.75179804372165,29.929009587370874,29.289080473591483,29.436756134033203,98600.0
2007-04-16,29.033107169245454,29.879783672458146,28.79682574742285,29.06264305114746,192300.0
2007-04-17,28.580236727006508,29.072490189820826,28.580236727006508,28.846052169799805,63700.0
2007-04-18,28.747600686159362,28.796825277394767,28.107669733312356,28.3636417388916,232400.0
2007-04-19,28.294729217688285,28.77713739273812,28.107672373387995,28.639307022094727,114200.0
2007-04-20,29.033108851170255,29.66319267919875,29.033108851170255,29.230010986328125,197500.0
2007-04-23,29.781332773128266,30.1062199646323,29.20047357046987,29.367839813232422,137200.0
2007-04-24,29.663190612101552,30.263740392465245,28.60976858135053,28.796825408935547,74600.0
2007-04-25,28.727912796879185,29.210320971929015,28.343955691345187,28.639307022094727,202000.0
2007-04-26,28.550701963920115,28.580237848855596,28.127363668835,28.35379981994629,164100.0
2007-04-27,28.35379981994629,28.452250891933204,28.21596944584342,28.35379981994629,69500.0
2007-04-30,28.550700916292374,28.80667294294661,28.43255925868352,28.718067169189453,35900.0
2007-05-01,28.69837680618416,28.826363759419174,28.25534981170394,28.550701141357422,309900.0
2007-05-02,28.550700775470045,28.777136917155715,28.137207792575456,28.412870407104492,124600.0
2007-05-03,28.550701047472344,28.777137191315273,28.048602286474146,28.117517471313477,146000.0
2007-05-04,28.068290175883277,28.58023418229956,28.068290175883277,28.314416885375977,93400.0
2007-05-07,28.41287244967705,28.76729369063858,28.08798521674677,28.15690040588379,281200.0
2007-05-08,28.629460519490124,29.1906291509174,28.373488500667566,28.698375701904297,200100.0
2007-05-09,28.806672574845585,29.082335187211783,28.36364371172097,28.580236434936523,146700.0
2007-05-10,28.531009745280308,29.023263199316744,28.147052652027217,28.403024673461914,98400.0
2007-05-11,28.501476228337804,29.820715657990757,28.403025160283505,29.535207748413086,244200.0
2007-05-14,29.554896152690983,30.273585704100597,29.298924145792117,29.830556869506836,352800.0
2007-05-15,31.573134190131018,31.888176079798285,29.830556625386453,30.12590980529785,1272000.0
2007-05-16,29.387530401274567,30.450797744178473,29.151248978162347,29.367839813232422,642600.0
2007-05-17,29.535207088355143,30.01761524546253,29.446601316866246,29.69272804260254,295100.0
2007-05-18,29.564741984304966,29.810868701823264,29.485981509811026,29.584430694580078,108700.0
2007-05-21,29.83055759229806,30.253895849434475,29.47613639383326,29.54505157470703,209400.0
2007-05-22,29.436757252513964,29.91916542977874,29.436757252513964,29.850250244140625,333300.0
2007-05-23,29.86993778213038,30.21451555291628,29.68288095608127,29.78133201599121,375100.0
2007-05-24,29.761644254396053,30.273588312299953,28.708222132269388,28.767292022705078,215100.0
2007-05-25,28.76729023427395,30.027459711279118,28.609769284373037,29.20047378540039,307100.0
2007-05-29,29.436754927646486,30.175135077392458,29.210318799062534,29.495824813842773,147100.0
2007-05-30,29.289078851934725,30.106219464120485,29.289078851934725,29.830556869506836,163300.0
2007-05-31,30.194825261687523,30.765839161411407,29.938853254528844,30.519712448120117,162500.0
2007-06-01,30.69692695457761,30.69692695457761,30.145603589202842,30.155447006225586,220000.0
2007-06-04,30.17513527697758,30.42126199518751,29.86009337811653,30.145601272583008,99100.0
2007-06-05,30.14559997565464,30.51971174500759,29.948697858438713,30.460641860961914,56700.0
2007-06-06,30.372039142140803,30.785532127527084,30.047151930608578,30.184982299804688,106600.0
2007-06-07,30.04714959419725,31.01196585914358,30.04714959419725,30.175134658813477,147300.0
2007-06-08,30.22436266923795,30.234206085804505,29.27923506602754,30.03730583190918,111000.0
2007-06-11,30.056996240968914,30.59847428319168,30.056996240968914,30.076684951782227,63900.0
2007-06-12,30.16529035036926,30.519713429804238,29.938854217529297,29.938854217529297,88300.0
2007-06-13,30.12591047012292,30.913515211672113,30.12591047012292,30.31296730041504,262000.0
2007-06-14,30.26374032785831,30.647697398262487,30.12590996982559,30.431106567382812,186900.0
2007-06-15,30.618166196859097,30.78553245170159,30.37203946196119,30.4507999420166,62100.0
2007-06-18,30.519713737803457,31.346699679632284,30.440953261333945,31.2384033203125,202300.0
2007-06-19,31.238403211795653,32.29182528509019,31.238403211795653,31.494375228881836,253500.0
2007-06-20,31.779882945757898,32.094924867342925,31.425461722873735,31.6617431640625,163100.0
2007-06-21,31.651899133114764,31.750348323351922,31.110419197820697,31.130109786987305,115800.0
2007-06-22,31.00212254134992,31.523911882531618,30.72645992902409,31.425460815429688,73500.0
2007-06-25,31.996475678832038,32.144153222665025,30.559096441987535,30.755996704101562,69800.0
2007-06-26,30.923363316453244,30.923363316453244,30.116067913536543,30.332658767700195,73400.0
2007-06-27,30.125912847847225,30.421264179789677,29.75179915773561,30.194828033447266,202700.0
2007-06-28,30.332655892144157,31.021811446656642,30.20467082631643,30.913515090942383,117000.0
2007-06-29,31.07103739850629,31.720813683432425,31.07103739850629,31.504220962524414,314000.0
2007-07-02,31.602671643305094,32.29182726052648,30.883983897125166,31.149799346923828,197100.0
2007-07-03,31.287628563228825,32.10476917868941,31.287628563228825,31.770036697387695,79700.0
2007-07-05,31.91771461221131,32.15399794078635,31.504223481700123,32.035858154296875,63700.0
2007-07-06,32.045699599922685,32.222911146551226,31.770038863209773,31.819263458251953,242800.0
2007-07-09,31.81926231916232,31.898024672886912,31.49437512123985,31.750347137451172,193200.0
2007-07-10,31.779882180709137,32.31151681893411,31.090728463281643,31.386079788208008,260100.0
2007-07-11,31.130107688318397,31.356543815075135,29.564741633264752,30.824909210205078,329500.0
2007-07-12,30.97258465033342,31.730655376745222,30.815063704299515,30.99227523803711,118000.0
2007-07-13,31.011968628125242,31.071038518776337,30.224363826784106,30.667390823364258,213600.0
2007-07-16,30.421261928234735,30.50986769681913,30.03730484956759,30.27358627319336,176500.0
2007-07-17,30.273585734828824,31.30731717953313,30.273585734828824,30.519712448120117,348200.0
2007-07-18,30.578784442721062,30.706771394027296,29.78133436243595,29.791179656982422,139000.0
2007-07-19,29.938853254528844,31.34669835500268,29.889628662989708,30.519712448120117,410300.0
2007-07-20,30.460646717895507,30.52956190657024,29.771491075552028,29.87978744506836,109200.0
2007-07-23,29.879786262437193,30.312969845559216,29.1414060510646,30.155447006225586,162800.0
2007-07-24,29.97823500359198,30.007769007961436,27.32991099212215,29.111867904663086,175300.0
2007-07-25,29.13155805274166,29.37768476702451,28.590080032438518,29.102022171020508,103400.0
2007-07-26,28.6786838591673,28.6786838591673,27.43820687436188,28.54085350036621,272200.0
2007-07-27,28.678685645186157,28.678685645186157,27.507123766820072,27.5465030670166,183500.0
2007-07-30,27.42836225875863,27.585883209226047,21.127516728870486,27.221614837646484,831100.0
2007-07-31,27.241310237783203,27.576042786102764,25.380592508087773,25.557802200317383,889300.0
2007-08-01,25.311669850610198,25.498726675221697,24.081036305688322,24.6126708984375,6824200.0
2007-08-02,24.671742953863227,24.957250862752023,24.16964419801591,24.661897659301758,1952800.0
2007-08-03,24.612671224148137,25.479036425007124,24.366544511906653,24.533910751342773,1353800.0
2007-08-06,24.533912976897852,25.262447885884793,24.376392016997862,24.79973030090332,1157900.0
2007-08-07,24.90802386964488,24.98678434669348,22.023420224116112,23.874292373657227,1800000.0
2007-08-08,24.021967490874143,25.498727810531953,24.021967490874143,24.464996337890625,774300.0
2007-08-09,24.149955565982708,24.85879987655443,19.690138516082715,22.939010620117188,563300.0
2007-08-10,22.377841953376144,24.2680953243865,21.944660258413933,23.62816619873047,721800.0
2007-08-13,24.07119311366503,24.957248898689983,23.962896759809407,24.78988265991211,835200.0
2007-08-14,25.3904327566699,25.3904327566699,24.277938956110514,24.366544723510742,630000.0
2007-08-15,24.110573765144654,24.504376149739922,23.342657706835467,23.65770149230957,620700.0
2007-08-16,23.382038961497518,23.628165687408018,19.936264798750514,22.495983123779297,655200.0
2007-08-17,23.135913296886663,24.327165803596092,23.0276169316229,23.943208694458008,362000.0
2007-08-20,24.169643365678255,24.780038462883425,23.97274311462339,24.642208099365234,329900.0
2007-08-21,24.632362198670563,25.085234454964684,24.35669960062339,25.016319274902344,510800.0
2007-08-22,25.05570028603654,25.498727245436946,24.78003768980234,25.40027618408203,313300.0
2007-08-23,25.538110427634823,25.587335023280964,24.888336000556347,24.927715301513672,355900.0
2007-08-24,24.9080222719293,25.410120985081424,24.533910499395166,25.173839569091797,139500.0
2007-08-27,25.17383943932166,25.17383943932166,24.34685354872216,24.396080017089844,148600.0
2007-08-28,24.386236147724635,24.445306035418145,23.765995754650216,23.8250675201416,144700.0
2007-08-29,23.844755946307227,24.31732067560993,23.49033474657751,24.120418548583984,187500.0
2007-08-30,24.07119428305975,24.07119428305975,23.52971436527398,23.697080612182617,212900.0
2007-08-31,24.120419448747768,25.213222726708818,24.02196838156064,25.045856475830078,342300.0
2007-09-04,24.957250625659935,25.55779856582091,24.494531174656363,25.51841926574707,235800.0
2007-09-05,25.36089907720044,25.538110627389404,24.94740608602551,25.449504852294922,196800.0
2007-09-06,25.42981272352503,25.43965801769493,24.602826791231706,25.242755889892578,146000.0
2007-09-07,25.695629919323256,25.695629919323256,23.13591165817803,25.154150009155273,155200.0
2007-09-10,25.400277316604484,25.400277316604484,24.464996886525952,24.563447952270508,219000.0
2007-09-11,24.661895489115267,24.908022198099644,24.26809313029982,24.6126708984375,307000.0
2007-09-12,24.691433472894367,24.740658067764045,23.992434461195725,24.228715896606445,362900.0
2007-09-13,24.583135945740164,25.11477055856665,23.815221786499023,23.815221786499023,174600.0
2007-09-14,23.85459898217213,24.760345300710206,23.63800816518608,24.32716178894043,267500.0
2007-09-17,24.07119533269065,24.878490719641285,24.051504743302107,24.58313751220703,240400.0
2007-09-18,24.5929807175087,25.587332863575497,24.386235179887755,25.43965721130371,262500.0
2007-09-19,25.459348248370116,26.542304302675635,25.459348248370116,25.79408073425293,720000.0
2007-09-20,25.597180518186402,25.961448913330162,25.203378116543128,25.449504852294922,183800.0
2007-09-21,25.518421611365376,25.853154142851807,25.380591231740876,25.52826690673828,252100.0
2007-09-24,25.813769472309904,25.9023752408918,25.10492520145258,25.321516036987305,150900.0
2007-09-25,25.036011332281994,25.50857420427193,24.819418607604824,25.0064754486084,192900.0
2007-09-26,24.86864456606052,25.075390114105982,24.494530891790795,24.563447952270508,212300.0
2007-09-27,24.740658426396767,25.095081523549418,24.464997686654,24.711124420166016,422900.0
2007-09-28,24.484688653254434,24.839109878069877,24.33701110863352,24.504377365112305,216600.0
2007-10-01,24.504377779994627,25.892532451669332,24.504377779994627,25.41996955871582,664100.0
2007-10-02,25.43965677380437,26.71951490854651,25.43965677380437,26.591529846191406,556800.0
2007-10-03,26.286335145226403,26.739207420710724,25.754700514564387,25.902376174926758,450500.0
2007-10-04,26.04020928623256,26.54230617263265,25.449504747305554,26.266645431518555,317200.0
2007-10-05,26.58168547744051,27.1526993866588,26.374939936181153,26.82781219482422,426600.0
2007-10-08,27.04440358201437,27.04440358201437,25.92206632873624,26.58168601989746,115100.0
2007-10-09,26.699826294205245,26.72936029757836,26.089431227924667,26.33555793762207,280100.0
2007-10-10,26.335560617784683,27.320067556767288,26.109124472490194,27.172391891479492,450800.0
2007-10-11,27.438205689599915,28.255346268833044,27.300373458952517,27.910768508911133,407100.0
2007-10-12,27.910769911362348,28.12736074498041,27.41851648039581,28.02890968322754,136200.0
2007-10-15,28.019064890195814,28.097827243244474,27.172390250699078,27.566192626953125,218900.0
2007-10-16,27.56619229926532,27.763094423950633,26.58168543143442,26.611221313476562,272200.0
2007-10-17,26.660445613877144,26.906572328140335,26.118967593617242,26.561994552612305,139300.0
2007-10-18,26.207573360975815,26.699826789502204,26.059895830179656,26.561994552612305,314000.0
2007-10-19,26.345404769599135,26.58168619936889,25.774390844872755,26.197729110717773,183700.0
2007-10-22,26.079586703504916,26.91641791672075,25.931911048889848,26.611221313476562,102500.0
2007-10-23,26.40447447931715,26.778588148941775,26.384783890853146,26.58168601989746,94400.0
2007-10-24,26.621067859654925,26.84750399923534,26.20757488060473,26.424165725708008,167000.0
2007-10-25,26.522615524671796,26.699827061192202,25.794080668375116,25.92206573486328,205200.0
2007-10-26,26.217418626600768,26.561996426437155,25.58733479453282,26.34540557861328,263800.0
2007-10-29,26.630907688675556,27.3003726005487,26.089429709965156,26.12881088256836,182200.0
2007-10-30,26.089430621423862,26.237106268249732,25.154148395197122,25.2033748626709,218000.0
2007-10-31,25.51841882629408,25.51841882629408,24.6126724066186,24.81941795349121,252400.0
2007-11-01,24.799729724287843,24.927714797056584,24.14011001586914,24.14011001586914,241100.0
2007-11-02,24.12041871720904,24.12041871720904,22.65350368178391,23.047306060791016,307000.0
2007-11-05,22.801180763519568,23.106377391590215,22.072645847397204,22.820871353149414,214000.0
2007-11-06,22.692883487538204,23.007927275576964,22.28923580531737,22.5845890045166,228400.0
2007-11-07,22.25969974610759,23.32296703396911,22.05295233796349,22.623966217041016,386100.0
2007-11-08,23.047304897214737,23.63800937480176,21.865895942040684,22.633811950683594,338900.0
2007-11-09,22.05295416028591,22.37784136181815,21.659151776276822,21.71822166442871,206100.0
2007-11-12,21.659152240797717,22.850404712698584,21.659152240797717,22.289236068725586,210600.0
2007-11-13,22.61412136327788,23.10637478163411,22.01357346978577,22.633811950683594,251800.0
2007-11-14,22.77164478677833,23.756151730704378,22.47629345471971,23.293434143066406,264900.0
2007-11-15,22.899631774744233,23.5690967980465,22.30892723196,22.604278564453125,346700.0
2007-11-16,22.889783756376655,22.889783756376655,21.70837481138005,21.984037399291992,124800.0
2007-11-19,22.033262969849883,22.20062921320727,20.369447708129883,20.369447708129883,222900.0
2007-11-20,20.12332220569687,21.353955870075136,20.093786321744528,20.87154769897461,337700.0
2007-11-21,20.674643274884676,20.861700096964622,19.335713395234965,19.91657257080078,512700.0
2007-11-23,20.143011845173714,20.27099880373217,19.857505798339844,19.857505798339844,98300.0
2007-11-26,19.93626323796284,21.07829100655566,19.867348060550857,20.477741241455078,536300.0
2007-11-27,20.674646603497774,21.225969987140928,20.23161771087503,21.068449020385742,213900.0
2007-11-28,21.068446326003023,22.46644613551769,21.068446326003023,22.29907989501953,236200.0
2007-11-29,22.24000946186516,22.328615226876394,21.60992569093882,21.85605239868164,138100.0
2007-11-30,22.10218095075388,23.126067163947965,22.10218095075388,22.673194885253906,287400.0
2007-12-03,22.328616430242477,22.64365833268434,21.718221335912972,21.796981811523438,127500.0
2007-12-04,21.796981059241364,21.89543211980606,21.422869282452886,21.521320343017578,82700.0
2007-12-05,21.77729438637932,21.934815346897967,21.088138775761774,21.609928131103516,181600.0
2007-12-06,21.501630631160044,21.501630631160044,20.723869286596386,21.196434020996094,177800.0
2007-12-07,21.166900094057244,21.314575765665477,20.81247697995905,21.068449020385742,641300.0
2007-12-10,21.166899534313348,21.954504347261626,21.0290691614969,21.875743865966797,529400.0
2007-12-11,21.836362841700492,22.328616280412234,20.41867241242728,20.458053588867188,379000.0
2007-12-12,20.871546053566274,21.393333484336857,20.733713817119305,20.9207706451416,1134600.0
2007-12-13,20.58603657439537,20.782938681082285,19.690135556785442,20.02486801147461,212700.0
2007-12-14,19.660602750521058,20.11347691556903,19.552308264934023,19.62122344970703,86400.0
2007-12-17,19.42432039613607,19.5030808718475,18.7745460020673,19.040363311767578,296000.0
2007-12-18,19.35540354049561,19.473545182743198,18.2527569759074,18.745010375976562,575500.0
2007-12-19,18.715475571020374,18.9911381669009,18.50872815466053,18.941911697387695,644700.0
2007-12-20,18.951757431030273,19.237265327438113,18.60717964763379,18.951757431030273,1172400.0
2007-12-21,19.158504318303265,21.00937843322754,18.961604055263184,21.00937843322754,335700.0
2007-12-24,20.76324897355263,21.59023485215939,20.3103748601262,20.517122268676758,67000.0
2007-12-26,20.42851803419187,20.615574869685947,19.71967374708498,20.03471565246582,193600.0
2007-12-27,19.788591773873076,20.123324315909194,19.13881728116723,19.365253448486328,235700.0
2007-12-28,19.36525295541062,19.808281860883415,19.325871773680554,19.483394622802734,175100.0
2007-12-31,19.444010934672992,20.635263361479605,19.089587855981105,20.546659469604492,387000.0
2008-01-02,20.792785445129315,20.792785445129315,19.56215188577217,19.798433303833008,339400.0
2008-01-03,19.768898780412194,20.024870803678038,19.581841940756785,19.699983596801758,323700.0
2008-01-04,19.55230835339937,19.55230835339937,19.030519001217524,19.14866065979004,180800.0
2008-01-07,19.276644178886258,19.404629244024974,18.69578498321509,18.941911697387695,321500.0
2008-01-08,19.207730797886946,19.434166945456678,18.479195881055205,18.636716842651367,146200.0
2008-01-09,18.715474922638723,18.7450108033234,17.11072775026168,17.120573043823242,607600.0
2008-01-10,17.219023749710953,17.43561457024525,16.500334234585715,17.327320098876953,1653100.0
2008-01-11,17.425771912582476,17.602981567382812,16.894137314788114,17.602981567382812,1137100.0
2008-01-14,17.474994343743166,17.888487242763354,17.297782833049148,17.553754806518555,222800.0
2008-01-15,17.22886841579801,17.347010054023016,16.903981257926297,17.012277603149414,274400.0
2008-01-16,16.844911377712613,17.44545922844661,16.608629979060243,17.012277603149414,1255400.0
2008-01-17,17.012279675834076,17.474997236511953,15.328771923354656,15.594589233398438,1157200.0
2008-01-18,15.89978665826642,15.978547138120822,14.531322616621944,14.836519241333008,683600.0
2008-01-22,14.009532569566504,15.476448546668317,14.009532569566504,14.66915225982666,1227400.0
2008-01-23,14.275347693749895,16.234515876039172,13.999686070141557,16.185291290283203,1253100.0
2008-01-24,16.076996904009476,16.332968912233856,15.210630756949273,15.476448059082031,715700.0
2008-01-25,15.565055212104284,16.342815661025305,15.387843661573244,15.48629379272461,596000.0
2008-01-28,15.693039391904536,15.702884686126742,15.161405709591559,15.358307838439941,648500.0
2008-01-29,15.466604109600103,16.401885517519982,15.338618094362795,16.17544937133789,490100.0
2008-01-30,16.313277939248525,17.622671953381992,15.801333934887142,17.425771713256836,3199200.0
2008-01-31,17.238715180002867,18.23306732448274,16.972897879659204,18.164152145385742,416300.0
2008-02-01,18.63671378918436,19.68029045822726,18.262600158340327,18.567798614501953,339400.0
2008-02-04,18.55795522487749,18.55795522487749,18.105081079685927,18.223222732543945,229300.0
2008-02-05,18.321677158281013,18.636719119969968,17.701436653132447,17.780197143554688,233100.0
2008-02-06,17.583291751994867,18.449656895134982,17.583291751994867,17.878643035888672,363300.0
2008-02-07,17.711279687547798,18.242914338360368,17.61282861764199,17.642364501953125,145700.0
2008-02-08,17.622672661823284,17.957405149070023,16.94336239325809,17.48484230041504,257200.0
2008-02-11,17.711280071907954,17.711280071907954,16.874448776245117,16.874448776245117,186100.0
2008-02-12,17.140264628228284,17.740814425841332,16.943362501136114,17.573448181152344,267700.0
2008-02-13,17.553758396694928,17.986941969455074,17.504533801566748,17.72112464904785,255100.0
2008-02-14,17.662054769482932,17.839266316522906,17.179646601317415,17.37654685974121,335100.0
2008-02-15,17.258405275887327,17.376545043030553,16.549559161837006,17.120573043823242,916400.0
2008-02-19,17.327320041819778,17.967249085752805,17.002432873189306,17.455305099487305,132700.0
2008-02-20,17.425771705695887,17.819574063573096,17.33716594044879,17.770347595214844,180900.0
2008-02-21,18.006629692929273,18.666247424981808,18.006629692929273,18.30198097229004,178500.0
2008-02-22,18.479195653427492,18.59733543427037,17.662054971038746,17.89833641052246,418300.0
2008-02-25,18.065702667803144,19.060054899414975,17.7605060431454,18.8040828704834,288900.0
2008-02-26,18.81392696550743,19.424320175900846,18.272447058057576,19.20772933959961,625600.0
2008-02-27,18.71547559753415,19.926418582307395,18.12477110712351,19.631067276000977,865300.0
2008-02-28,19.690136773464623,19.906727601965535,19.19788335412801,19.837812423706055,230300.0
2008-02-29,19.414475512765673,19.80827977745375,19.3849415073726,19.739362716674805,390600.0
2008-03-03,19.739361289467286,20.15285423525482,19.04036233800142,19.276643753051758,868800.0
2008-03-04,19.19788539426536,19.444012130089273,18.429969302487475,18.548110961914062,521500.0
2008-03-05,18.607179215889133,19.119123232039616,18.479194150750413,18.941911697387695,127100.0
2008-03-06,18.86315372451819,18.90253490534924,18.164154664949628,18.35120964050293,134100.0
2008-03-07,18.20353055217217,18.341360903621474,16.854757284367018,17.327320098876953,420000.0
2008-03-10,17.219026694737803,17.347013652514505,16.89413946947098,16.963054656982422,121500.0
2008-03-11,17.3076312364071,17.75066009276992,17.189489582111054,17.711278915405273,154500.0
2008-03-12,17.829420679347702,18.508729092884405,17.750660201931943,17.799884796142578,306600.0
2008-03-13,17.760504901029368,17.770348317303238,16.579095901594062,17.48484230041504,311800.0
2008-03-14,17.6620551083053,17.898336549625355,17.00243538044591,17.297786712646484,250600.0
2008-03-17,17.091039132791263,17.091039132791263,16.31327783742773,16.864601135253906,585900.0
2008-03-18,17.386391288704754,18.48903981661191,17.356855406402634,18.046010971069336,727000.0
2008-03-19,18.292137914295346,18.361053096046746,17.72112399404363,18.223222732543945,281800.0
2008-03-20,18.252760239809216,18.370900025384493,17.72112557132637,18.17399787902832,744600.0
2008-03-24,18.311829052406978,19.050209240989535,18.08539291191316,18.321674346923828,263700.0
2008-03-25,18.19368750261702,18.47919541188501,17.17964657281207,18.410280227661133,329200.0
2008-03-26,18.64656103741314,18.833615994649445,18.114926415041644,18.4398136138916,422300.0
2008-03-27,18.58748960940528,18.58748960940528,17.95740578875362,18.016475677490234,143200.0
2008-03-28,18.233067308087048,18.233067308087048,17.66205341034253,17.8195743560791,168100.0
2008-03-31,17.829421816058723,18.114927860719014,17.219026668822554,17.307632446289062,187300.0
2008-04-01,17.297785083020194,17.99678592414563,17.297785083020194,17.691587448120117,525400.0
2008-04-02,18.006632880782497,18.331520096715685,17.721124966096802,17.986942291259766,871000.0
2008-04-03,18.02632049856339,18.882842312843696,17.74081447900186,18.47919464111328,1237500.0
2008-04-04,18.518573986555683,19.444010984513394,18.48903998178756,19.040363311767578,369300.0
2008-04-07,19.316026027577575,19.473546979913145,18.951757651677898,19.128969192504883,342800.0
2008-04-08,19.05020850037802,19.690137596711573,19.00098202970753,19.296335220336914,326000.0
2008-04-09,19.434165804824854,19.759053003773378,19.384941211389393,19.473546981811523,248600.0
2008-04-10,19.631067377188916,19.690137263195112,18.853306053949755,19.37509536743164,295400.0
2008-04-11,19.11912583163789,19.32587139831081,17.583295452159735,18.006633758544922,1083900.0
2008-04-14,18.07554690914029,18.07554690914029,17.209179803583538,17.228870391845703,120000.0
2008-04-15,17.169800833389907,17.356855792066096,17.031968590715273,17.150110244750977,203500.0
2008-04-16,17.189489436714716,17.89833560089949,17.150110137481047,17.750659942626953,309000.0
2008-04-17,17.73096788898189,18.292136470726277,17.73096788898189,18.105079650878906,212700.0
2008-04-18,18.301980387757332,18.449656022721218,17.977093239717753,18.33151626586914,344300.0
2008-04-21,18.28229262007402,18.35120780182542,18.124771668128574,18.223222732543945,94700.0
2008-04-22,18.075546069106643,18.075546069106643,16.04746063950427,16.264053344726562,587500.0
2008-04-23,16.21482759820009,16.6480111501311,15.702884510071257,15.742264747619629,757900.0
2008-04-24,15.781647588837695,16.982745430213622,15.781647588837695,16.923675537109375,630900.0
2008-04-25,17.209179329918495,17.376545569944614,16.72677119756035,17.34701156616211,237400.0
2008-04-28,17.29778841820171,17.29778841820171,16.716929113509835,16.90398597717285,204200.0
2008-04-29,16.844912929577326,16.854758223486225,16.520025741774855,16.746461868286133,119800.0
2008-04-30,16.99258701714564,17.44545922844661,16.628318687266383,17.012277603149414,180600.0
2008-05-01,17.03196811756003,17.386391192023225,16.854758458126266,17.268251419067383,196200.0
2008-05-02,17.327323249284813,17.65221047805524,16.874449061357467,16.923675537109375,309600.0
2008-05-05,17.081195594657583,17.96725145524717,16.923674636232676,17.5931396484375,471300.0
2008-05-06,17.35685658700608,17.809730757453604,17.26825268966863,17.642364501953125,324100.0
2008-05-07,17.6817429218359,18.085392476108353,17.071349698883175,17.278095245361328,273900.0
2008-05-08,17.50453243122509,17.721123261750392,17.09103948000567,17.13041877746582,348100.0
2008-05-09,17.87864644280039,17.87864644280039,15.968702393312814,16.401885986328125,1166100.0
2008-05-12,16.628318687266383,17.120572070574894,16.608629979060243,17.012277603149414,238500.0
2008-05-13,17.179646198303583,17.199334909225534,16.726772046736656,17.022125244140625,272700.0
2008-05-14,17.19933651438469,17.514380329910537,17.051660840799553,17.31747817993164,218200.0
2008-05-15,17.199332689953717,18.065699703858442,17.199332689953717,17.91802406311035,392700.0
2008-05-16,17.740813787318075,18.429967451741103,17.740813787318075,18.075546264648438,253500.0
2008-05-19,18.203531770929306,18.242912947007287,17.75065951281948,18.085391998291016,301300.0
2008-05-20,17.593137328280445,17.65220721045025,16.618473944591333,17.455305099487305,302900.0
2008-05-21,17.55375935797753,17.701435029247055,15.76195695689842,16.14591407775879,1074900.0
2008-05-22,16.076998384233047,16.116379563492416,15.072801785593906,15.250012397766113,1068600.0
2008-05-23,15.338616339584135,15.338616339584135,14.590390923287622,14.64946174621582,915400.0
2008-05-27,14.6593077183625,14.856208905738644,14.373800761942361,14.600236892700195,532100.0
2008-05-28,14.65930790450704,14.934969570334005,14.472251069950255,14.66915225982666,544700.0
2008-05-29,14.75775857962132,15.240166747509647,14.570702676996916,14.767603874206543,626200.0
2008-05-30,14.708533392228409,14.974350718900116,14.619928555570164,14.797139167785645,790700.0
2008-06-02,14.866053918243553,14.92512380388805,14.452560963136458,14.551011085510254,584800.0
2008-06-03,14.649462503259763,14.669152152654084,13.881547398902693,13.89139175415039,386500.0
2008-06-04,13.89139247852378,13.89139247852378,13.143167923443428,13.60588550567627,1131400.0
2008-06-05,13.605885371821373,13.871702691632722,13.605885371821373,13.753561973571777,461800.0
2008-06-06,13.63542092958032,13.832322121641987,13.389294204778501,13.487744331359863,1219600.0
2008-06-09,13.438519645189997,13.546816011820338,13.30068927151357,13.399139404296875,787600.0
2008-06-10,13.251462750992218,13.49758947300998,13.14316733130802,13.182547569274902,970800.0
2008-06-11,13.044716205262853,13.192391862215691,12.532772175215014,12.621377944946289,1069300.0
2008-06-12,12.709983129089395,13.084095840218842,12.286644888277328,12.414630889892578,956000.0
2008-06-13,12.5623087258004,13.822477340698242,12.542618136413427,13.822477340698242,887200.0
2008-06-16,13.63542089421292,14.36395577240089,13.300688399126841,14.068603515625,891800.0
2008-06-17,14.068605188122625,14.216280864617014,13.536971438284155,13.566506385803223,370500.0
2008-06-18,13.507434730276433,13.507434730276433,12.926575517679646,13.074251174926758,461900.0
2008-06-19,13.09394089656835,13.251461837578079,12.87734913323054,13.054560661315918,378400.0
2008-06-20,13.074251585245857,13.241617836124595,12.296491158944233,12.522928237915039,391600.0
2008-06-23,13.556659382468364,13.556659382468364,12.562307267436568,12.818279266357422,535700.0
2008-06-24,12.680449845566297,12.680449845566297,11.932224325432182,12.257111549377441,474800.0
2008-06-25,12.39494202886127,12.641068754012927,12.18819554217792,12.454011917114258,502600.0
2008-06-26,12.385096582947467,12.385096582947467,11.823927956917078,12.148815155029297,326800.0
2008-06-27,12.759209660923064,12.759209660923064,11.863308518148127,12.07005500793457,343300.0
2008-06-30,11.193843428114162,12.808435094779396,11.193843428114162,12.434322357177734,456100.0
2008-07-01,11.774702338002108,12.424476729441697,11.774702338002108,12.16850471496582,508400.0
2008-07-02,12.109435195152152,12.48354793406405,11.794392345126948,11.853463172912598,552800.0
2008-07-03,11.892843928420877,11.93222416902231,11.597491654460628,11.843618392944336,223500.0
2008-07-07,11.853462247917847,12.641067903170967,11.627026126690724,12.542616844177246,587600.0
2008-07-08,12.473701801163777,13.359757586097249,12.040518263583806,13.320377349853516,412300.0
2008-07-09,13.290843737539877,13.635421543331987,12.985646171932666,13.00533676147461,466400.0
2008-07-10,12.936421530805749,13.074251901523208,12.493392656645394,12.788744926452637,314600.0
2008-07-11,12.631223459671114,12.729674525291355,12.18819554217792,12.454011917114258,223700.0
2008-07-14,12.43432232188361,12.591843276447943,11.74516767621518,11.873153686523438,353200.0
2008-07-15,11.7845480574331,12.375251644196048,11.213534120779435,12.178350448608398,377200.0
2008-07-16,12.119281626766114,13.202238767327223,11.784549095336647,13.153013229370117,278100.0
2008-07-17,13.202236956931454,14.23596935668089,13.192391662910289,14.167054176330566,398000.0
2008-07-18,14.029224124145832,14.235970622478678,13.507435700314934,13.979998588562012,249900.0
2008-07-21,13.891392028533833,14.314730296211199,13.763406018796514,13.940617561340332,337100.0
2008-07-22,14.068603903687201,14.747913268000472,13.576350441782262,14.659308433532715,697200.0
2008-07-23,14.570702660165992,14.866054925088749,14.18674462187651,14.659308433532715,398200.0
2008-07-24,14.521475963635755,14.521475963635755,13.02502510857606,13.320377349853516,426200.0
2008-07-25,13.349914578407407,14.600237909495617,13.054562307324693,14.019378662109375,499100.0
2008-07-28,13.783097285542395,14.13751944916699,13.202238035427841,13.438519477844238,315700.0
2008-07-29,13.724025428297914,14.275349691570652,13.704335779019738,14.255659103393555,360700.0
2008-07-30,14.531322152223874,14.70853275678342,13.87170245034942,14.265504837036133,1593000.0
2008-07-31,14.39349010404618,15.033420122984982,14.019377386566319,15.023574829101562,383600.0
2008-08-01,15.053110541100239,15.978546618758855,14.718378043149585,15.752110481262207,630100.0
2008-08-04,15.633969479566089,15.801334786583396,14.836518487912299,14.905434608459473,567300.0
2008-08-05,15.043264826961838,16.04746135389478,14.915278820204898,15.742264747619629,920800.0
2008-08-06,15.525673889221435,15.683194839198496,14.826673969524041,14.944814682006836,418600.0
2008-08-07,15.053110966513009,15.151562035362781,14.354111006596751,14.511631965637207,443800.0
2008-08-08,14.186743617650048,15.909630612360615,14.186743617650048,15.6044340133667,747000.0
2008-08-11,15.693038752251795,15.978545700765883,15.368151567352966,15.624123573303223,778100.0
2008-08-12,15.574898809758759,15.594589398369829,14.964504646299705,15.210631370544434,365500.0
2008-08-13,15.112180835839187,15.16140542823888,14.245814677239977,14.96450424194336,400700.0
2008-08-14,15.092491580690606,15.604435649171474,14.974350858479404,15.55521011352539,141700.0
2008-08-15,15.358308476385735,15.978547015764924,15.358308476385735,15.545364379882812,143400.0
2008-08-18,15.67335083573659,15.860407683411909,15.220477597810822,15.55521011352539,173800.0
2008-08-19,15.338617603900651,15.36815254834979,14.806983909321387,15.043265342712402,341800.0
2008-08-20,15.102335518483676,15.299236704475208,14.442715841237858,14.856208801269531,509300.0
2008-08-21,13.546815450519524,14.216279517963939,11.991294591344351,13.645265579223633,512100.0
2008-08-22,13.556659272397896,14.206433619075998,13.497588450473131,14.127673149108887,177000.0
2008-08-25,14.048912454124117,14.048912454124117,13.280996475895988,13.714179992675781,202400.0
2008-08-26,13.684644112737036,13.792940461381408,13.38929282454036,13.714179992675781,221000.0
2008-08-27,13.605885595781695,13.605885595781695,12.887195981022856,13.133322715759277,375800.0
2008-08-28,13.192392563799832,13.871702875266692,13.192392563799832,13.822477340698242,129200.0
2008-08-29,13.773252034449529,13.989843826801772,13.586196126667359,13.655111312866211,134900.0
2008-09-02,13.911081546655444,14.35410943002177,13.911081546655444,14.088293075561523,222000.0
2008-09-03,14.255660266090848,14.610083370994111,13.861857859419443,14.43287181854248,280800.0
2008-09-04,14.383646410026458,14.413182294961935,14.039069535870274,14.176899909973145,294300.0
2008-09-05,14.167055265168543,14.659308737272951,14.009533365419982,14.472251892089844,225700.0
2008-09-08,14.452562239582118,14.994040307708428,14.452562239582118,14.925125122070312,318300.0
2008-09-09,14.856209657959925,15.289392292120978,14.314730661084383,14.423026084899902,290000.0
2008-09-10,14.403335368114666,14.403335368114666,13.832321468642906,13.989842414855957,272900.0
2008-09-11,13.674801570055156,13.989843486616591,13.389294598446611,13.733871459960938,267300.0
2008-09-12,13.477900039869548,13.960309169938473,13.36960461090253,13.81263256072998,347600.0
2008-09-15,12.217730178805876,13.369603298636948,12.217730178805876,13.221927642822266,220700.0
2008-09-16,12.79858931838759,13.054561330091083,12.345716120334842,12.660758018493652,783900.0
2008-09-17,12.27680154691161,12.670603939083216,11.292294627583631,11.489195823669434,739300.0
2008-09-18,10.7803504725817,12.207885303753889,10.7803504725817,11.74516773223877,632500.0
2008-09-19,12.680448532104492,12.680448532104492,12.542617233020051,12.680448532104492,730300.0
2008-09-22,12.463856993823546,13.005335967482168,11.656561649870032,12.621377944946289,551600.0
2008-09-23,12.473702947554271,13.074251840189142,12.30633669341195,12.916730880737305,667100.0
2008-09-24,12.867503663003305,12.89703954321121,12.326025670442357,12.513081550598145,327700.0
2008-09-25,12.424477808852151,12.454012754965628,12.001139512663295,12.257111549377441,522900.0
2008-09-26,11.755012616866361,11.971604409623744,11.03632299116545,11.843618392944336,247700.0
2008-09-29,11.922378400156012,11.922378400156012,9.845069147943548,10.0222806930542,371600.0
2008-09-30,10.337322256808772,10.681900040928635,9.825378227704853,10.44561767578125,711800.0
2008-10-01,10.189646468023286,10.465308128405969,10.110885993628232,10.248716354370117,182200.0
2008-10-02,10.258560908089203,10.278250555817612,9.697392333796232,9.845067977905273,584900.0
2008-10-03,10.169955650461937,10.603139188757659,9.68754752095438,9.726927757263184,329700.0
2008-10-06,8.860561280869407,9.382349626740037,7.7579137674735215,8.299392700195312,313400.0
2008-10-07,8.496294421680275,8.732575845726108,7.679153792680914,7.708688735961914,312600.0
2008-10-08,7.452717140713706,7.866209629879334,6.694646873069206,7.4920973777771,653900.0
2008-10-09,7.777604765325347,7.8662100689388375,6.606041473673917,6.822632789611816,210000.0
2008-10-10,6.478055394488522,6.89154837191536,5.6116892007798596,6.497745513916016,819400.0
2008-10-13,7.3838013908824225,7.561012455261799,6.881702670966682,7.285350799560547,124500.0
2008-10-14,8.703041191121201,8.860562145709991,7.482252384709653,7.8760552406311035,412300.0
2008-10-15,7.836674813971763,8.151716715591073,7.117984771728516,7.117984771728516,383900.0
2008-10-16,7.137675205866496,7.413337351409458,6.615886329086758,7.3838019371032715,348700.0
2008-10-17,7.373956529345059,7.767759387169844,7.177055335157405,7.639773845672607,298000.0
2008-10-20,7.738224259839312,7.9449702741242545,7.708688846684625,7.797294616699219,128500.0
2008-10-21,7.787449046017755,7.816984458123836,7.501942096606573,7.748068809509277,186800.0
2008-10-22,7.649618625640869,7.748069222155335,7.295196008739317,7.649618625640869,334200.0
2008-10-23,7.777605039221087,7.866210345954897,7.186900960047859,7.442872524261475,208600.0
2008-10-24,7.22628094621576,7.442872262153658,6.714337366367608,6.822632789611816,163300.0
2008-10-27,6.6454216292873705,6.7930977593836515,6.025182164552675,6.044872283935547,307000.0
2008-10-28,5.956266981437359,6.113787936500339,5.2868019835207445,6.044872283935547,595200.0
2008-10-29,6.113788185804778,6.832478276760155,5.946421929500863,6.438675403594971,446700.0
2008-10-30,6.714336919540448,6.89154798442383,5.956266660031805,6.123632431030273,402900.0
2008-10-31,6.133478188511546,6.487900814516646,6.064562534456545,6.241774082183838,455400.0
2008-11-03,6.350069568419873,6.704492197886177,6.350069568419873,6.566661357879639,396300.0
2008-11-04,7.196745727588262,7.570858480186433,7.108139952117775,7.344421863555908,634100.0
2008-11-05,7.373956196523151,7.511787495683,6.645421341461616,6.6848015785217285,638700.0
2008-11-06,6.85216772503098,6.85216772503098,5.326181917195699,5.897195816040039,783400.0
2008-11-07,6.08425225853472,6.163013202096037,5.65106918147003,5.877505779266357,591200.0
2008-11-10,6.103942963892185,6.133478379248378,5.414788279709019,5.6313796043396,275100.0
2008-11-11,5.483703192974787,5.532928252633427,4.922534132830331,5.1194353103637695,244100.0
2008-11-12,4.971760158762663,5.1194358219451415,4.341675388792889,4.430281162261963,461400.0
2008-11-13,4.40074565914486,4.4499711921785945,3.445774167776108,3.9380276203155518,1010600.0
2008-11-14,4.184154384087721,4.351520634563147,3.9675630695868334,3.987253189086914,1050000.0
2008-11-17,3.9478729500867527,4.2235346230878825,3.8986474166118112,3.987253189086914,469800.0
2008-11-18,3.98725317879397,4.085703776040226,3.6426756189825924,3.7608163356781006,489600.0
2008-11-19,3.8100417411948033,3.8888024559262386,3.2390277916968113,3.3965489864349365,402000.0
2008-11-20,3.465464203426909,3.5146895005473726,3.002745941045084,3.042126178741455,444500.0
2008-11-21,3.0519710684649177,3.3867035397212004,2.343126359895103,2.5597176551818848,528000.0
2008-11-24,2.2348307129823963,4.0364783203028525,2.0773095196349427,3.800196647644043,1057800.0
2008-11-25,3.977407570917568,4.174308749893907,3.731280862472424,4.066013336181641,548300.0
2008-11-26,3.9183372212302894,4.577956875649498,3.534379452384477,4.528731346130371,333800.0
2008-11-28,4.6173374749497835,4.7748584306915225,4.5484218220880335,4.558267116546631,153400.0
2008-12-01,4.321985238043853,4.449971250036025,3.278407961425834,3.357168674468994,567500.0
2008-12-02,3.2784077479778393,3.73128093827292,3.1504219790432044,3.5836050510406494,218000.0
2008-12-03,3.3177882504349436,3.72143617733115,3.1898024712445205,3.5146896839141846,472700.0
2008-12-04,3.367013552943687,3.49499932331903,3.150422014506839,3.170112133026123,386900.0
2008-12-05,3.209492719463436,3.278408141783349,2.923985735127616,3.0322813987731934,373600.0
2008-12-08,3.219337381923219,3.36701350336821,3.1307318498910592,3.239027500152588,368300.0
2008-12-09,3.268562767895966,3.6229853752763943,3.0913516989304832,3.1602671146392822,297400.0
2008-12-10,3.1011966868806136,3.3079429292445592,3.0618162155151367,3.0618162155151367,752400.0
2008-12-11,3.1504221730939133,3.189802412114817,2.766464373190623,2.9042954444885254,561400.0
2008-12-12,2.9239856661139223,3.1504222831167503,2.756619409705376,2.992901086807251,206000.0
2008-12-15,3.1011969508419464,3.1011969508419464,2.7172391414642334,2.7172391414642334,459900.0
2008-12-16,2.7763094370766535,2.8058446163862762,2.4612672897159404,2.618788480758667,677800.0
2008-12-17,2.589253609010425,2.677859157464196,2.4120422773781147,2.490802764892578,781300.0
2008-12-18,2.510492443707093,3.1208868183930734,2.4218869108908634,2.9436755180358887,1032900.0
2008-12-19,2.9042953290006497,3.1799572259101554,2.7861543819110155,2.874760150909424,267600.0
2008-12-22,2.9338304755048354,3.0618162458555247,2.6975488185942202,2.7664642333984375,4109300.0
2008-12-23,2.776309417033106,2.8846053084446206,2.6483236409487345,2.736929178237915,579400.0
2008-12-24,2.8550699285382484,2.8550699285382484,2.5104923938665444,2.668013572692871,373600.0
2008-12-26,2.736929197997157,2.7566193175369054,2.5794080069544303,2.618788480758667,235000.0
2008-12-29,2.55971793516716,2.72708418910204,2.471112395585324,2.549872875213623,464600.0
2008-12-30,2.579407904446594,2.638478495443064,2.421886954388622,2.4711122512817383,559000.0
2008-12-31,2.530182695980079,2.992900972396235,2.5006475168119926,2.9633657932281494,561000.0
2009-01-02,3.111041777468272,3.31778802192075,3.0322810686664097,3.170112133026123,917400.0
2009-01-05,3.3079427451858914,5.0997450557147195,3.2587174521239177,4.686252593994141,1664900.0
2009-01-06,4.892999489603355,6.103943095157634,4.814239006225762,5.2671122550964355,1525300.0
2009-01-07,5.0997452379139405,6.074407248986449,4.961914412416115,5.6904497146606445,1153300.0
2009-01-08,5.79874589513306,5.79874589513306,4.853619170732319,5.286802291870117,1210500.0
2009-01-09,5.089900589631509,5.326182012938846,4.9225343467307505,4.9520697593688965,471100.0
2009-01-12,4.95207003494888,5.001295099485861,4.144774188157661,4.2038445472717285,792400.0
2009-01-13,4.262914796885802,5.621534429959414,4.006943247299895,5.601844310760498,1715700.0
2009-01-14,5.562464517650371,5.562464517650371,4.72563368053206,5.158816337585449,779600.0
2009-01-15,5.139126076852379,5.148971371696586,4.528731879996446,4.85361909866333,640500.0
2009-01-16,4.8536188722835085,6.064562384120502,4.735478156360259,5.936576843261719,1678100.0
2009-01-20,5.798745152150863,6.05471715570988,5.257266672194351,5.916886329650879,1312800.0
2009-01-21,5.89719609993047,6.212238476625968,5.217886752706492,6.172858238220215,703900.0
2009-01-22,6.1531682151346985,6.1531682151346985,5.611689224423053,5.808590888977051,761700.0
2009-01-23,5.7101401014550826,5.83812563929035,5.355717492608697,5.739675045013428,593900.0
2009-01-26,5.739674580354062,6.054716925985205,5.208040944847988,5.503393173217773,891100.0
2009-01-27,5.6609148561400335,5.739675335548325,5.020985256773437,5.217886924743652,571300.0
2009-01-28,5.414787707121476,5.739674894436852,5.119435462589615,5.660914421081543,777000.0
2009-01-29,5.4935483294356064,5.523083742469432,4.981604769295178,5.050520420074463,358000.0
2009-01-30,5.0505205319712605,5.168661247825104,4.725633328648456,4.794548511505127,296400.0
2009-02-02,4.6370276146016325,4.912689288349581,4.341675351850778,4.440126419067383,554100.0
2009-02-03,4.440126650311697,4.883154598061645,4.292450511245213,4.833929061889648,471000.0
2009-02-04,4.686252876026699,5.030830182922908,4.5385767532284795,4.617337226867676,363800.0
2009-02-05,4.725632921396573,5.188350920005467,4.627181863886676,5.1292805671691895,538100.0
2009-02-06,5.178506521371962,5.365562419329978,4.971760034734711,5.257266998291016,304700.0
2009-02-09,5.198196546344666,5.306491965419945,4.92253441267699,5.050520420074463,180400.0
2009-02-10,4.9225340006916145,5.020984586815562,4.597646831757875,4.686252593994141,568000.0
2009-02-11,4.607491421302514,5.011139508054765,4.607491421302514,4.7453227043151855,423600.0
2009-02-12,4.627182038665133,4.833928516126074,4.627182038665133,4.735477924346924,339200.0
2009-02-13,4.735477411478823,4.824083169208483,4.646871653749162,4.7453227043151855,175300.0
2009-02-17,4.765013464254901,4.804393702021515,4.607492043738982,4.7059431076049805,388900.0
2009-02-18,4.637027066207454,4.765013062893298,4.558266597308297,4.686252593994141,694000.0
2009-02-19,4.883153766242035,4.942224117916403,4.637027066207454,4.686252593994141,466300.0
2009-02-20,4.528731394400024,4.686252808870514,3.9577174992492945,4.400745391845703,403300.0
2009-02-23,4.321985505753391,4.558267424793747,3.9675633313671224,4.036478519439697,524200.0
2009-02-24,3.96756294336936,4.28260484534843,3.96756294336936,4.016788005828857,362200.0
2009-02-25,4.006943113279549,4.11523853052669,3.1011967215250005,3.918337345123291,1124400.0
2009-02-26,3.7509713571443246,4.075858569813988,3.475309444163285,3.5146896839141846,359500.0
2009-02-27,3.179957151412964,3.396548687065905,2.9535205566269216,3.179957151412964,787000.0
2009-03-02,3.0618163830229816,3.160267214735698,2.6483236409487345,2.736929178237915,674200.0
2009-03-03,2.7369295231000437,2.825535071553815,2.1166902144741098,2.490802764892578,1001800.0
2009-03-04,2.6581687480847624,2.8058446462021287,2.3923518967487603,2.441577196121216,711200.0
2009-03-05,2.441576940043061,2.5006472930945742,1.9197883519719248,2.037929058074951,694300.0
2009-03-06,2.0970000493557728,2.165915474509906,1.9690140250590484,2.057619571685791,540800.0
2009-03-09,2.0871545082260754,2.1856053387257255,1.801647663116455,1.801647663116455,554400.0
2009-03-10,1.9690137842616122,2.1856053286973576,1.8213377739144647,2.175760269165039,750600.0
2009-03-11,2.303746411833964,2.6877042645020106,2.22498592296863,2.4809577465057373,354300.0
2009-03-12,2.4218871700283926,2.8550702907069954,2.343126687986738,2.756619453430176,296300.0
2009-03-13,2.7172392124093485,2.874760411217409,2.7172392124093485,2.756619453430176,202000.0
2009-03-16,2.7763095132024938,2.8353801081661825,2.628633612605138,2.6581687927246094,638900.0
2009-03-17,2.7073939760645613,2.7073939760645613,2.362816654818966,2.628633499145508,513600.0
2009-03-18,2.6384785963726856,2.992900982285559,2.599098357351782,2.9042954444885254,453600.0
2009-03-19,2.943675354289836,3.258717465947609,2.904295119673203,3.101196527481079,310900.0
2009-03-20,3.1701121665464136,3.2193374633651235,2.8156895600022414,2.874760150909424,144700.0
2009-03-23,3.3177881848799826,3.3177881848799826,2.9436756799136465,3.189802408218384,519100.0
2009-03-24,3.6722107857767776,3.6722107857767776,2.9732108435105924,3.0224361419677734,251600.0
2009-03-25,3.445774212577216,3.445774212577216,2.9338306340580087,3.357168674468994,453300.0
2009-03-26,3.4851545554788683,3.770661532606553,3.2291827585997637,3.672210931777954,271200.0
2009-03-27,3.5737604442286637,3.6328308065982062,3.2882532233263637,3.307943344116211,254700.0
2009-03-30,3.150422152681182,3.170112272064055,3.002746022584901,3.0224361419677734,203900.0
2009-03-31,3.0421262380252934,3.2390276650690235,3.0224361187933937,3.1996474266052246,230900.0
2009-04-01,3.1799574005178544,3.219337640135145,3.002746087515305,3.120887041091919,347700.0
2009-04-02,4.13492899719569,4.13492899719569,2.943675786312016,2.992901086807251,540600.0
2009-04-03,2.963365940051764,2.963365940051764,2.7369293204859524,2.8156898021698,390200.0
2009-04-06,2.8452248640038835,2.8550699229911056,2.638478390547495,2.727083921432495,520700.0
2009-04-07,2.7172391414642334,2.7664644414550312,2.618788541482638,2.7172391414642334,281400.0
2009-04-08,2.7172390899110876,2.8452251021836767,2.628633551608731,2.7861545085906982,203000.0
2009-04-09,2.8058444977564263,3.987253028540342,2.8058444977564263,3.622985363006592,877900.0
2009-04-13,3.7017460890611655,4.125084139447277,3.524534773944346,3.790351629257202,499600.0
2009-04-14,3.8198869134645554,3.9380276296873,3.465464295346845,3.8789572715759277,418300.0
2009-04-15,3.7509706135410448,4.312139622917823,3.6919002656249726,4.046322822570801,585900.0
2009-04-16,4.2136893210917545,4.479506138978306,4.046323089561439,4.331830024719238,526300.0
2009-04-17,4.381055631503561,4.804393909994342,4.381055631503561,4.656717777252197,455700.0
2009-04-20,4.676407141430889,4.676407141430889,4.184153758122375,4.2530694007873535,542500.0
2009-04-21,4.449971238415382,4.449971238415382,4.036478258873993,4.213689804077148,539400.0
2009-04-22,4.174309214943635,4.558267260897498,3.957717893939746,4.410591125488281,389400.0
2009-04-23,4.430280367054729,4.558266356993054,4.016787457684383,4.272759437561035,438300.0
2009-04-24,4.440125782318176,4.558266482696413,4.2432241455717,4.479506015777588,450100.0
2009-04-27,4.361365591352618,4.499196901466776,4.144774270308143,4.184154510498047,477900.0
2009-04-28,4.174309215725824,4.233380045460175,3.997098134871254,4.184154510498047,218900.0
2009-04-29,4.213689809478256,4.558267136387933,4.154618981368501,4.440126419067383,416600.0
2009-04-30,4.528731801072166,4.784703829166646,4.430281201593323,4.646872520446777,521200.0
2009-05-01,4.705943025837478,4.774858206006893,4.4499710153526335,4.725633144378662,201100.0
2009-05-04,4.666562350019938,5.247421554982131,4.440126220030701,5.178506374359131,334800.0
2009-05-05,5.208041630092872,5.276957284299871,4.971760191867999,5.217886924743652,300800.0
2009-05-06,5.414788199559183,5.700295176161799,5.050520742438535,5.651069641113281,428300.0
2009-05-07,6.15316823915952,7.580703082864736,5.660914780026758,6.143322944641113,751000.0
2009-05-08,6.123633232094263,6.89154888594282,6.103943111198121,6.8324785232543945,509600.0
2009-05-11,6.635576098968521,6.881702817229065,5.020984958625203,6.5568156242370605,381000.0
2009-05-12,6.655266222502858,6.655266222502858,5.710139652804826,6.202393054962158,393400.0
2009-05-13,6.05471715570988,6.113787509735166,5.454167852278638,5.916886329650879,523300.0
2009-05-14,5.838125249301733,6.379604185828039,5.700294426521183,6.300843715667725,276500.0
2009-05-15,6.26146417410943,6.487900785625243,5.749520591914916,5.907041549682617,204000.0
2009-05-18,5.907041208422298,6.202393456623196,5.8282807340885805,6.103942394256592,314600.0
2009-05-19,6.123632825053782,6.340224609963907,5.966111868355132,6.143322944641113,175800.0
2009-05-20,6.172858044023323,6.320534168123772,6.064562157089733,6.103942394256592,155500.0
2009-05-21,6.054717521785036,6.054717521785036,5.572308897237388,5.601844310760498,383500.0
2009-05-22,5.68060466571098,6.1236325729086705,5.63137913404481,5.975956916809082,275600.0
2009-05-26,5.867661062715701,6.448520274155007,5.857815768545797,6.3106889724731445,530000.0
2009-05-27,6.350069915391692,6.596196663576634,6.300844847424413,6.369760036468506,254500.0
2009-05-28,6.517435568601846,6.517435568601846,6.222083780123355,6.399294853210449,173000.0
2009-05-29,6.399294303368117,6.5174350086085875,6.133477481852341,6.300843715667725,240900.0
2009-06-01,6.448520200293916,7.019534111022949,6.448520200293916,7.019534111022949,296800.0
2009-06-02,6.901393063172242,7.068758828953433,6.606040828124144,6.753716945648193,248000.0
2009-06-03,6.635576265756402,6.78325239431452,6.271308826242659,6.517435550689697,207700.0
2009-06-04,6.556815617134786,6.72418186048258,6.448520199221062,6.674956798553467,179200.0
2009-06-05,6.635576142723688,6.901393450869364,6.517435429847475,6.891548156738281,209600.0
2009-06-08,6.881703104494146,6.95061875748567,6.4485204753886345,6.606041431427002,289800.0
2009-06-09,6.665111459991673,6.832477702221878,6.527280630281279,6.6848015785217285,185200.0
2009-06-10,6.6848015785217285,6.87185793928199,6.428830037630998,6.6848015785217285,133400.0
2009-06-11,6.812788402358253,7.058915148284782,6.763562865393141,6.8324785232543945,156000.0
2009-06-12,6.891548528700222,7.088449727454718,6.852168288949322,7.029379367828369,170700.0
2009-06-15,6.999844086482691,7.078604562201008,6.418984873885903,6.537125587463379,297200.0
2009-06-16,6.734027909762643,6.734027909762643,6.153168639929459,6.163013935089111,266200.0
2009-06-17,6.261463791975111,6.596195806802933,5.956266720201488,6.340224266052246,203800.0
2009-06-18,6.389449808421741,6.7143374926113895,6.192548608412401,6.566661357879639,201100.0
2009-06-19,6.743872100047055,6.891548227380823,6.576505853698749,6.645421504974365,118500.0
2009-06-22,6.901393626443438,6.940773865070691,6.487900651407809,6.5075907707214355,277800.0
2009-06-23,6.438675155633535,6.645421644346954,6.044872297634191,6.497745513916016,321500.0
2009-06-24,6.684802057265313,7.167210699974397,6.674957232019959,7.1376752853393555,261000.0
2009-06-25,7.137674780877721,7.403491616008293,6.832477708649988,7.373956203460693,210500.0
2009-06-26,7.334576079091792,7.334576079091792,7.009688883322147,7.117984771728516,276100.0
2009-06-29,7.265660866957889,7.492097467509134,7.058914385174168,7.354266166687012,262100.0
2009-06-30,7.265661423414013,7.413337560205257,7.029379510658123,7.108139991760254,600900.0
2009-07-01,7.147520323213983,7.285351157842918,6.911238422972051,6.970308780670166,229300.0
2009-07-02,6.96046426550723,7.108139931599094,6.793098009856992,7.0096893310546875,189900.0
2009-07-06,6.9407737596419015,6.96046387865644,6.527280790887137,6.645421504974365,297300.0
2009-07-07,6.546971237878704,6.81278809261606,6.438675343148822,6.566661357879639,301800.0
2009-07-08,6.517435673075399,6.665111804406608,6.084252573580277,6.2614641189575195,292100.0
2009-07-09,6.369759357811996,6.586351136030027,6.172858168022393,6.418984889984131,168100.0
2009-07-10,6.399294742204418,6.458365098875447,6.192548259131088,6.3106889724731445,189300.0
2009-07-13,6.418984777828721,6.517435371003349,6.084252291585527,6.330379009246826,340100.0
2009-07-14,6.281154341544198,6.802942752838135,6.281154341544198,6.802942752838135,143300.0
2009-07-15,6.862013273817476,7.275506270271951,6.743872551816055,7.21643590927124,245100.0
2009-07-16,7.186900634217785,7.334576295228847,6.911238492728146,7.295196056365967,234800.0
2009-07-17,7.186900533310837,7.383801724860667,7.127829706396417,7.20659065246582,415500.0
2009-07-20,7.23612602960481,7.3838021668313365,7.206591083829204,7.21643590927124,137300.0
2009-07-21,7.186900797963148,7.364111876883661,7.186900797963148,7.2558159828186035,160100.0
2009-07-22,7.2853504089308,7.3838009949739,7.0293784157693135,7.147519588470459,172700.0
2009-07-23,7.295196449484319,7.373956931454268,7.206591141992877,7.314886569976807,245100.0
2009-07-24,7.354266340687956,7.620083185063437,7.29519598298779,7.541322708129883,185200.0
2009-07-27,7.620082818162642,7.66930834860068,7.295195631730049,7.629928112030029,276500.0
2009-07-28,7.669308995100398,7.738224649633144,7.433027555758678,7.590548515319824,232500.0
2009-07-29,7.620082951378544,7.669308482677153,7.393646821863424,7.48225212097168,202700.0
2009-07-30,7.669308634230872,7.807139467361422,7.442872030791666,7.5610127449035645,160700.0
2009-07-31,7.629928563051823,7.8268297575443375,7.482252432457699,7.521632671356201,197600.0
2009-08-03,7.531477796259175,7.954815589612764,7.531477796259175,7.905590057373047,219600.0
2009-08-04,7.9449695751762786,8.18125192072822,7.905589340734097,8.08280086517334,184500.0
2009-08-05,8.08280244485711,8.31908389768849,7.984351370061186,8.269858360290527,175700.0
2009-08-06,8.949167543486201,9.195294259472515,7.482252072094052,8.417533874511719,359700.0
2009-08-07,8.771955548804707,9.342969424920243,8.584899667552595,9.224828720092773,499700.0
2009-08-10,9.155913343437112,9.618631798066309,9.037772641193264,9.392194747924805,369000.0
2009-08-11,9.313435002416215,9.441421007835864,9.146068759859666,9.214983940124512,105800.0
2009-08-12,9.155915236252719,9.333125856804077,8.870408245415438,9.047618865966797,155100.0
2009-08-13,8.978702799796514,9.165759636256263,8.890097028725995,8.919632911682129,104600.0
2009-08-14,8.890097682679402,9.018083701540444,8.712887066401738,8.76211166381836,203700.0
2009-08-17,8.447068558725423,8.565209266111227,8.092646436568014,8.132026672363281,225400.0
2009-08-18,8.279702956330173,8.417534261624827,8.132027295506509,8.210787773132324,188000.0
2009-08-19,8.181253189230153,8.555365004987431,8.04342187786237,8.348618507385254,148700.0
2009-08-20,8.46676065080604,8.703042107570168,8.368309574371462,8.683351516723633,139700.0
2009-08-21,8.71288569510104,8.8408707549198,8.703040401607637,8.752265930175781,95600.0
2009-08-24,8.860561833388703,9.057463019684224,8.850716539349197,8.978702545166016,170100.0
2009-08-25,9.03777421292219,9.03777421292219,8.703041695569663,8.7818021774292,112200.0
2009-08-26,8.860561297092694,8.860561297092694,8.466758948337008,8.643969535827637,107900.0
2009-08-27,8.525829829814052,8.64397054827834,8.309238043180038,8.515984535217285,147900.0
2009-08-28,8.59474482538357,8.91963296764691,8.59474482538357,8.791646957397461,141200.0
2009-08-31,8.791646902909017,8.791646902909017,8.496294645617649,8.575055122375488,131000.0
2009-09-01,8.565210393315601,8.850717375129488,8.289548706470919,8.32892894744873,175400.0
2009-09-02,8.102490905156394,8.338773262145883,8.063110668807962,8.220632553100586,117800.0
2009-09-03,8.269856819918571,8.338772934998778,8.151716115508174,8.299392700195312,58400.0
2009-09-04,8.328928558621602,8.565209993457925,8.132027362924664,8.535675048828125,127400.0
2009-09-08,8.614435121441772,8.752266421388452,8.260012985877493,8.634125709533691,210500.0
2009-09-09,8.71288569510104,8.890096283487944,8.653814873039495,8.752265930175781,257100.0
2009-09-10,8.752266900783374,8.880252913694374,8.703041366756224,8.860562324523926,60200.0
2009-09-11,8.840871245309692,9.03777337050413,8.781801358870494,8.978702545166016,127300.0
2009-09-14,8.81133545190826,9.027927205384442,8.653814518070611,8.959012031555176,183100.0
2009-09-15,9.008237324234388,9.02792791195459,8.368308245710224,8.673505783081055,1089100.0
2009-09-16,8.781800945546705,8.899941651763612,8.673505532905923,8.732575416564941,258300.0
2009-09-17,8.82118143538697,8.880252259648675,8.575054722277846,8.673505783081055,262500.0
2009-09-18,8.634125483780716,8.840871019946666,7.777604171605176,8.801490783691406,2041000.0
2009-09-21,8.8802516772618,8.8802516772618,8.476603105559942,8.811335563659668,1732900.0
2009-09-22,8.89994190908076,9.057462855257585,8.683350138638174,9.018082618713379,902000.0
2009-09-23,9.037772650599504,9.333123937067093,8.909786654977422,9.155913352966309,865100.0
2009-09-24,9.155915236252719,9.155915236252719,8.959014025140636,9.047618865966797,709600.0
2009-09-25,8.949167875430847,9.027928352355957,8.831027160043183,9.027928352355957,695800.0
2009-09-28,8.929477898454344,9.126380043154633,8.929477898454344,9.106689453125,574200.0
2009-09-29,8.959014290741646,9.234675994470892,8.959014290741646,9.096844673156738,404700.0
2009-09-30,9.057464674525168,9.126380806494087,8.91963428838551,8.929478645324707,434200.0
2009-10-01,8.821182077791411,8.939322796019546,8.378154149711165,8.407689094543457,513500.0
2009-10-02,8.279702678415621,8.427379273181362,7.846519596564283,8.161561965942383,798600.0
2009-10-05,8.328929226130677,8.56521067990341,8.240323446241142,8.4864501953125,442600.0
2009-10-06,8.584900178202812,8.771956070581453,8.456914172302094,8.634125709533691,513400.0
2009-10-07,8.634125286632768,8.673505521988838,8.240321994173204,8.387998580932617,320600.0
2009-10-08,8.506139725880026,8.791646681667144,8.417533957032486,8.74242115020752,567400.0
2009-10-09,8.693194990620634,8.870406515511286,8.624279814895981,8.663660049438477,416400.0
2009-10-12,8.614435306144554,8.988548037822133,8.614435306144554,8.703041076660156,467200.0
2009-10-13,8.752265885909596,8.801490475329912,8.4569136548934,8.643969535827637,256200.0
2009-10-14,8.781800991992318,8.860561463220142,8.565209226666362,8.604589462280273,158500.0
2009-10-15,8.604590540397282,8.604590540397282,8.309238266837172,8.348618507385254,381800.0
2009-10-16,8.210787468210942,8.515984072952248,8.092646756159573,8.397843360900879,509100.0
2009-10-19,8.378153287368882,8.466759051644756,8.338773052012813,8.387998580932617,189700.0
2009-10-20,8.397843360900879,8.456914186376023,8.32892818026231,8.397843360900879,198400.0
2009-10-21,8.328929023957174,8.476604694255746,8.250168541278068,8.30923843383789,463800.0
2009-10-22,8.250168241137862,8.496294975280762,8.181253056025524,8.496294975280762,375500.0
2009-10-23,8.575054846299102,8.624280377412656,8.46675942896841,8.525829315185547,709400.0
2009-10-26,8.486449680579291,8.781801949330566,8.417534495466953,8.496294975280762,717600.0
2009-10-27,8.437224388122559,8.54552075514893,8.309238370027124,8.437224388122559,267800.0
2009-10-28,8.37815456035637,8.476604694255746,8.181253353658603,8.30923843383789,1489100.0
2009-10-29,8.328928269026939,8.476603925940257,8.289548031256793,8.378153800964355,173000.0
2009-10-30,8.378153854982587,8.6439702269202,8.171407370631584,8.250167846679688,912300.0
2009-11-02,8.31908328750284,8.545520367365214,7.68899899005155,7.846519947052002,855600.0
2009-11-03,7.718534704599828,8.260013719536106,7.6200836331935955,8.112337112426758,254200.0
2009-11-04,8.151717290902862,8.466760153655418,8.151717290902862,8.240323066711426,417500.0
2009-11-05,8.2501685272732,8.791647548947147,8.132027803455086,8.76211166381836,443400.0
2009-11-06,8.663662301506617,8.860563525402407,8.299394802574632,8.693197250366211,375800.0
2009-11-09,8.71288704152244,9.165760284314889,8.71288704152244,9.106689453125,755200.0
2009-11-10,8.9787024708608,9.136223418593618,8.95901282184365,8.998393058776855,213800.0
2009-11-11,9.00823862374438,9.136224645691993,8.978703676802326,9.047618865966797,299600.0
2009-11-12,9.04761729981003,9.086997535215666,8.722730122988814,8.732575416564941,254600.0
2009-11-13,8.811335887376213,8.811335887376213,8.673505532905923,8.732575416564941,153300.0
2009-11-16,8.76211019671784,8.860561252864768,8.703040314148767,8.771955490112305,347300.0
2009-11-17,8.811335976690996,8.850716212495804,8.634125385018802,8.712885856628418,260800.0
2009-11-18,8.673505416158457,8.762110240454343,8.545519418088144,8.643969535827637,212900.0
2009-11-19,8.61443547501503,8.61443547501503,8.240322736003645,8.319083213806152,248800.0
2009-11-20,8.289549120610518,8.309238772633602,8.132028148829642,8.230478286743164,79200.0
2009-11-23,8.328928378121033,8.36830861640699,8.063111065516612,8.12218189239502,426200.0
2009-11-24,8.12218230181652,8.171407836880055,7.856365445262324,8.023731231689453,496300.0
2009-11-25,8.112337050421168,8.26985801234795,8.004041623821253,8.240323066711426,148200.0
2009-11-27,7.925280311037896,8.338773262145883,7.925280311037896,8.220632553100586,185100.0
2009-11-30,8.25016859552204,8.25016859552204,7.9252813676098715,8.072957038879395,172500.0
2009-12-01,8.122182068415077,8.575055287967512,8.013886645506503,8.535675048828125,374000.0
2009-12-02,8.456914955033866,8.860562659288734,8.427380009061292,8.7818021774292,612000.0
2009-12-03,8.762110852293388,8.811336384049874,8.565209664166364,8.614435195922852,365500.0
2009-12-04,8.703040912819604,8.801491036839932,8.64397008728827,8.74242115020752,326300.0
2009-12-07,8.74242177061151,8.85071719638871,8.663661290246461,8.821182250976562,144100.0
2009-12-08,8.801491571134592,8.949168174478176,8.653815906689987,8.840871810913086,309700.0
2009-12-09,8.860561862371267,8.860561862371267,8.65381538135998,8.74242115020752,217800.0
2009-12-10,8.722730539250573,8.762110776535494,8.584900178202812,8.634125709533691,496000.0
2009-12-11,8.624280189992179,8.840871019946666,8.565209366159841,8.801490783691406,290600.0
2009-12-14,8.880252913694374,8.929477508822554,8.732576311612927,8.860562324523926,441700.0
2009-12-15,8.840871019946666,8.870406901312283,8.7030406625027,8.801490783691406,136000.0
2009-12-16,8.821181106831862,8.821181106831862,8.71288569510104,8.752265930175781,308700.0
2009-12-17,8.663660239329795,8.811335887376213,8.663660239329795,8.732575416564941,260700.0
2009-12-18,8.76211166381836,8.801491905091064,8.643970940000246,8.76211166381836,164700.0
2009-12-21,8.781802010794037,8.880253080699843,8.712886825199364,8.821182250976562,248100.0
2009-12-22,8.840871019946666,8.840871019946666,8.66366042624744,8.801490783691406,221000.0
2009-12-23,8.76211091046861,8.840871386242343,8.683350434694878,8.831027030944824,228100.0
2009-12-24,8.840871386242343,8.850716680438792,8.76211091046861,8.831027030944824,114800.0
2009-12-28,8.83102666505702,8.949167373822805,8.61443489620364,8.801490783691406,498300.0
2009-12-29,8.860562324523926,8.890097269380629,8.74242160619815,8.860562324523926,330500.0
2009-12-30,8.860562084668802,8.919632911682129,8.821181846292898,8.919632911682129,110000.0
2009-12-31,8.860562084668802,8.959013150058032,8.850716790350091,8.919632911682129,127300.0
2010-01-04,8.890095918827084,9.047616852664735,8.82118074499782,8.959012031555176,300700.0
2010-01-05,8.998394497898667,9.5694084942024,8.949168959134747,9.549717903137207,727000.0
2010-01-06,9.54971525221646,9.68754653471482,9.411884908616901,9.618631362915039,494300.0
2010-01-07,9.628476540500962,10.396392544386096,9.549716069163853,10.347167015075684,764900.0
2010-01-08,10.32747590843323,10.64251871683735,10.16010968053384,10.593293190002441,580900.0
2010-01-11,10.652364158473382,10.898490878873591,10.229026837836294,10.44561767578125,434400.0
2010-01-12,10.396394199597902,10.514534925412772,10.297943125302663,10.406238555908203,246900.0
2010-01-13,10.366856142121392,10.622828130543853,10.337321201579979,10.593293190002441,229300.0
2010-01-14,10.612984251208166,10.947716751598414,10.455463295471333,10.711435317993164,448400.0
2010-01-15,10.800041071649998,10.800041071649998,10.416083038530992,10.603139877319336,174700.0
2010-01-19,10.583449312389932,10.672055084764008,10.288097050776004,10.366857528686523,193400.0
2010-01-20,10.258561867155402,10.366857287033243,9.953364318192127,10.081350326538086,240400.0
2010-01-21,10.140420587682012,10.140420587682012,9.618632228054459,9.638321876525879,134400.0
2010-01-22,9.638321082528991,9.638321082528991,9.293743343125778,9.362659454345703,244700.0
2010-01-25,9.431576349613424,9.490647178750217,9.1952949108642,9.293745040893555,191500.0
2010-01-26,9.293744414398308,9.34296994554416,9.116533816731721,9.214983940124512,259300.0
2010-01-27,9.214983426632434,9.254363661574926,8.673505430897912,9.224828720092773,277200.0
2010-01-28,9.234675302383883,9.254364953153669,9.106689286233799,9.146069526672363,103600.0
2010-01-29,9.175603816809598,9.175603816809598,8.604589901791769,8.614435195922852,438300.0
2010-02-01,8.683350239549505,8.762110713553213,8.368308343534673,8.417533874511719,572600.0
2010-02-02,8.53567460918804,8.614435083410163,8.476603784071992,8.525829315185547,183800.0
2010-02-03,8.575055346758056,8.604590291590346,8.407689094543457,8.407689094543457,106300.0
2010-02-04,8.368309678809888,8.427380513187662,7.974507245954929,8.102492332458496,260600.0
2010-02-05,8.171407933582863,8.171407933582863,7.600393503996394,7.777605056762695,322100.0
2010-02-08,7.866209647358473,7.866209647358473,7.639773518465538,7.718533992767334,322900.0
2010-02-09,7.708689028913548,7.787449506588609,7.472407595888363,7.639773845672607,343300.0
2010-02-10,7.679153928464931,7.679153928464931,7.403491792754366,7.5610127449035645,365800.0
2010-02-11,7.6003924218814145,7.8366743021123995,7.551167362693308,7.698843479156494,521800.0
2010-02-12,7.580703258285741,7.83667528829384,7.393647352602274,7.807139873504639,227600.0
2010-02-16,7.925280967301673,8.191097349940158,7.8071397790240855,8.171407699584961,272600.0
2010-02-17,8.171407820046571,8.427379850730444,8.122182285084444,8.368309020996094,356500.0
2010-02-18,8.388000469722366,8.427380713945984,8.210788901266545,8.279704093933105,329600.0
2010-02-19,8.181252643929149,8.22063288185244,8.023730753337057,8.14187240600586,282900.0
2010-02-22,8.112335806280264,8.151716040722446,7.866209106291915,8.08280086517334,268200.0
2010-02-23,8.072956751808137,8.122182286780545,7.777604950322178,7.915435791015625,427700.0
2010-02-24,8.013886745815224,8.663661169197734,7.876055437652672,8.62428092956543,707000.0
2010-02-25,8.565209773758225,8.703041076660156,8.368308583111851,8.703041076660156,288700.0
2010-02-26,8.762109733608607,9.461109566390332,8.653814328689874,9.362659454345703,667800.0
2010-03-01,9.372507045952734,9.874604899993816,9.342971160086348,9.717083930969238,417600.0
2010-03-02,9.726927944249173,9.963209366644154,9.6580127641087,9.795843124389648,331400.0
2010-03-03,9.864759271741454,10.002589632417985,9.53002678627174,9.559561729431152,215400.0
2010-03-04,9.53002695007245,9.707237550973705,9.500491067506466,9.520181655883789,102400.0
2010-03-05,9.54971590739884,9.904138961311048,9.54971590739884,9.80568790435791,254400.0
2010-03-08,9.85491382527863,10.041969714259931,9.717082527835265,9.943519592285156,605300.0
2010-03-09,9.884449509076648,10.22902730907064,9.815534324637436,10.219182014465332,406600.0
2010-03-10,10.23887149418392,10.711435299476461,10.1798016053342,10.603139877319336,842800.0
2010-03-11,10.544068925007082,10.888646715189246,10.425928209804354,10.859110832214355,748900.0
2010-03-12,10.908336745920211,11.046168054586705,10.731125197477432,10.996942520141602,503500.0
2010-03-15,10.829575977871292,10.996942227186672,10.57360395669495,10.839421272277832,240200.0
2010-03-16,10.93787203669909,11.04616840368062,10.740970831594954,11.026477813720703,509700.0
2010-03-17,11.08554697819035,11.26275756669417,10.967406272888184,10.967406272888184,542300.0
2010-03-18,11.05601265492564,11.075703244698845,10.721281078872122,10.937871932983398,193400.0
2010-03-19,10.888646125793457,10.987096247017213,10.711434593132246,10.888646125793457,522800.0
2010-03-22,10.849267158472994,10.898491755392818,10.672055605084816,10.80988597869873,227100.0
2010-03-23,10.721279773351913,10.839420480908272,10.504688006715815,10.800040245056152,284900.0
2010-03-24,10.790194553655613,10.839420081381094,10.42592715072522,10.662208557128906,242000.0
2010-03-25,10.859110542076554,11.252913854462806,10.691744298619708,11.046167373657227,1036900.0
2010-03-26,11.046166624253111,11.548264381660957,10.8689550987569,10.878800392150879,778000.0
2010-03-29,10.99694259600423,11.12492861088482,10.760661155716516,10.977252006530762,342600.0
2010-03-30,11.105236911531625,11.420279739328212,10.996941496947764,11.36120891571045,521600.0
2010-03-31,11.262756996983335,11.54826392174632,11.203687116769652,11.34151840209961,382300.0
2010-04-01,11.52857624789962,12.119280784535745,11.518730953212591,12.010984420776367,1031100.0
2010-04-05,12.129123587610867,12.916729222667165,12.020828176613934,12.857659339904785,1163500.0
2010-04-06,12.7592094679571,13.044716431544378,12.709983935152616,12.798589706420898,869200.0
2010-04-07,12.788745985001693,13.084098279255812,12.749365741694415,12.985647201538086,995700.0
2010-04-08,12.877349551781467,13.044715791768905,12.562307659522244,12.719828605651855,851900.0
2010-04-09,12.847814723271494,12.965955433918491,12.729674012624496,12.80843448638916,487600.0
2010-04-12,12.94626534591648,12.985645584319384,12.660758382770684,12.69029426574707,629100.0
2010-04-13,12.59184439958566,12.778900315090642,12.296492113983923,12.739520072937012,376900.0
2010-04-14,12.995490702951319,13.458209202103898,12.926575521402675,13.418828964233398,2186100.0
2010-04-15,13.310533196971534,13.655110034608894,13.172701898577246,13.389293670654297,424100.0
2010-04-16,13.290842930782361,13.468054470307116,12.660758187171286,12.96595573425293,740300.0
2010-04-19,12.828123788580378,12.86750402439809,12.188194721817839,12.542616844177246,909300.0
2010-04-20,12.562307452715292,12.995490047440457,12.562307452715292,12.887194633483887,564300.0
2010-04-21,12.98564562414207,13.1431675171357,12.552463000381689,12.906885147094727,477100.0
2010-04-22,12.749364350317082,13.212082862854004,12.70998411130749,13.212082862854004,520100.0
2010-04-23,13.153012279204464,13.60588550567627,13.113632039463392,13.60588550567627,448800.0
2010-04-26,13.635421166123567,13.822477067102403,13.566505043532239,13.7732515335083,662000.0
2010-04-27,13.635421662051822,13.861857810361764,13.576350831810666,13.655111312866211,946800.0
2010-04-28,13.67480129724907,13.989843207525563,13.330223503709941,13.684645652770996,826800.0
2010-04-29,13.399138292454673,13.871702082858453,13.261307930215219,13.783096313476562,1370200.0
2010-04-30,13.684646076298616,13.891392571040923,13.487744876281893,13.586195945739746,983900.0
2010-05-03,13.674800742059304,14.18674382547398,13.56650438562432,14.167054176330566,950200.0
2010-05-04,13.911082145032191,13.979997325282735,13.408983417466741,13.477898597717285,1126000.0
2010-05-05,13.389292758434776,13.605883576856472,13.064405591903387,13.261306762695312,818400.0
2010-05-06,13.20223788315879,13.330223897716285,10.731125244415848,12.119280815124512,2819000.0
2010-05-07,11.961758653117908,12.109435253848364,11.016631976259037,11.72547721862793,1605400.0
2010-05-10,12.286644933077747,12.926574943487353,12.266955284472239,12.867504119873047,1441900.0
2010-05-11,12.503237179404495,13.064406739060098,12.473702235917019,12.749363899230957,858400.0
2010-05-12,12.759209594702112,13.015181616709002,12.709984061408639,12.995491027832031,716200.0
2010-05-13,13.044715696147373,13.497588882399766,12.916729693630513,13.320377349853516,632000.0
2010-05-14,13.103787068726557,13.369603439778976,12.601688331417739,12.729674339294434,470800.0
2010-05-17,12.66075928330566,12.798590596968971,12.109435906450443,12.365407943725586,552600.0
2010-05-18,12.38509646942631,12.641068483440904,11.951913855546861,12.060209274291992,660300.0
2010-05-19,12.050364066208273,12.050364066208273,11.351364139191837,11.695941925048828,583000.0
2010-05-20,11.390743954646352,11.518729957820895,10.642519462170496,10.760660171508789,1398500.0
2010-05-21,10.366857540706915,10.947716770144726,10.258562118179121,10.819730758666992,894400.0
2010-05-24,10.731124128140781,11.213533190952846,10.612983420584424,10.800040245056152,777100.0
2010-05-25,10.396393578588864,10.455463468518355,9.864759874728573,10.32747745513916,1137700.0
2010-05-26,10.593293443528722,11.59748989605939,10.553913208898086,11.115081787109375,1120500.0
2010-05-27,11.49904106089139,11.804237678578655,11.469505177451493,11.617181777954102,407400.0
2010-05-28,11.646717354761995,11.902689391743339,11.439970853953835,11.804238319396973,408100.0
2010-06-01,11.676252381013944,11.853463936893599,11.203689483866883,11.223379135131836,312300.0
2010-06-02,11.321829636891684,11.863308633392384,11.213534213151132,11.814083099365234,382700.0
2010-06-03,11.932223612808114,12.257110817350247,11.863308429692799,12.089744567871094,631100.0
2010-06-04,11.735324406379403,11.794394305082147,11.380902197465609,11.50888729095459,448400.0
2010-06-07,11.430125036374022,11.68609706165277,11.243069134146609,11.252914428710938,666500.0
2010-06-08,11.252914609959392,11.371055329937308,10.6228298311782,10.868956565856934,352000.0
2010-06-09,10.898489798732818,11.617180239300025,10.878800151279668,11.174152374267578,859400.0
2010-06-10,11.469505310058594,11.558111083604802,11.174153983436529,11.469505310058594,421600.0
2010-06-11,11.371054568337117,11.774702235951255,11.213533618916859,11.735321998596191,357600.0
2010-06-14,11.814083041367216,12.257110967638694,11.794392452293433,11.942069053649902,298300.0
2010-06-15,12.138970275753879,12.522928313419929,11.961758729308169,12.5032377243042,429600.0
2010-06-16,12.316180552638588,12.493391141918334,12.07989914099968,12.237420082092285,154600.0
2010-06-17,12.513083071405886,12.532772721705328,11.814083116144698,11.922378540039062,395300.0
2010-06-18,11.843617582473865,11.971603590395063,11.656561687142224,11.695941925048828,309700.0
2010-06-21,11.902689457194487,12.296491870947392,11.617182472498877,11.676252365112305,412500.0
2010-06-22,11.745168143354617,11.745168143354617,11.08554841570727,11.193843841552734,533700.0
2010-06-23,11.144617307664188,11.341519429951365,11.026476597631225,11.321828842163086,119000.0
2010-06-24,11.32182928067319,11.32182928067319,10.8295758336874,10.987096786499023,583800.0
2010-06-25,10.947717675813088,11.243069962202993,10.6917456316819,11.056013107299805,259000.0
2010-06-28,11.115082850401139,11.410435107834349,10.937871308161425,11.203688621520996,250100.0
2010-06-29,10.977251833534183,11.10523784639777,10.553914494415048,10.563758850097656,1040400.0
2010-06-30,10.563758875560353,10.977251859993554,10.199491425254717,10.219182014465332,348200.0
2010-07-01,10.169956480337765,10.357013322242722,9.726928550987612,10.219182014465332,455200.0
2010-07-02,10.258562069351205,10.366857491363543,10.002590047614092,10.150266647338867,194100.0
2010-07-06,10.366856441731665,10.573602909294353,9.845068095558732,9.933673858642578,302300.0
2010-07-07,9.854915358080138,10.642521150874483,9.854915358080138,10.583450317382812,274300.0
2010-07-08,10.750815799844485,11.07570301311734,10.494843771538907,10.652364730834961,370900.0
2010-07-09,10.603138316556244,11.105236053466797,10.534222204510625,11.105236053466797,191500.0
2010-07-12,11.046168115273296,11.174154129974117,10.721280900609287,10.868956565856934,131000.0
2010-07-13,11.124926688294991,11.213532447814941,10.918180229048048,11.213532447814941,408100.0
2010-07-14,11.115082635271914,11.469504773992663,11.095392985903558,11.371054649353027,488500.0
2010-07-15,11.321828769743249,11.794391606852365,11.243068296891728,11.68609619140625,556300.0
2010-07-16,11.538420151298093,11.715630739801913,10.849265567586016,10.967406272888184,558300.0
2010-07-19,11.026475587327932,11.35136274487545,10.76065924883397,11.105236053466797,483800.0
2010-07-20,10.849266286654549,11.5088850335852,10.829575698349702,11.479350090026855,363600.0
2010-07-21,11.54826556605508,11.804237587158,11.420280494402572,11.636871337890625,552500.0
2010-07-22,11.814083058489688,12.05036449432373,11.774702819184014,12.05036449432373,354500.0
2010-07-23,11.981450281653835,12.286646926291736,11.843618963459887,12.158661842346191,338200.0
2010-07-26,12.158659438192984,12.552461785309829,12.040517795159076,12.513081550598145,635500.0
2010-07-27,12.513082473533295,12.788744136847233,12.513082473533295,12.749363899230957,401900.0
2010-07-28,12.670603075261626,12.769054136042083,12.532771777948767,12.719828605651855,451000.0
2010-07-29,12.79858848698257,12.926574484520259,12.404786139865728,12.513081550598145,216000.0
2010-07-30,12.43432126797614,12.837968914559635,12.217729504358578,12.818279266357422,335700.0
2010-08-02,13.07425117869232,13.5369696778449,13.064406823398892,13.418828964233398,907800.0
2010-08-03,13.369603806401408,13.418829339842146,12.719829393900735,12.759209632873535,517400.0
2010-08-04,12.778899492047866,12.828125026294222,12.444167924750385,12.483548164367676,412300.0
2010-08-05,12.424477006996575,12.867504925702445,12.404787357158,12.562308311462402,265400.0
2010-08-06,12.404787790584002,12.57215404510498,12.217730946637507,12.57215404510498,349800.0
2010-08-09,12.562307431535542,12.572152725214691,12.41463084304496,12.542616844177246,285900.0
2010-08-10,12.434321258458041,12.434321258458041,12.070053847456677,12.237420082092285,254700.0
2010-08-11,12.001140396180471,12.001140396180471,11.469506632504286,11.715633392333984,440200.0
2010-08-12,11.351365139041405,11.882998867057335,11.272604656290824,11.676252365112305,422400.0
2010-08-13,11.538420751598439,11.666406757059132,11.489195220436802,11.518730163574219,288300.0
2010-08-16,11.479350328125646,11.823928119416127,11.41043514542713,11.764857292175293,274500.0
2010-08-17,11.961757277140707,11.981447863865984,11.78454669110748,11.82392692565918,192600.0
2010-08-18,11.823927715697891,12.001138313571792,11.725476653291015,11.86330795288086,248400.0
2010-08-19,11.74516602618878,11.78454625929751,11.321827816095837,11.34151840209961,390800.0
2010-08-20,11.262759132552668,11.341520552603159,10.928027557108315,11.282449722290039,325600.0
2010-08-23,11.430124932630754,11.469505171631676,10.819730758666992,10.819730758666992,176300.0
2010-08-24,10.632675064356441,10.868956502944611,10.504689050396438,10.544069290161133,447200.0
2010-08-25,10.524377701502065,10.701589233065812,10.278250991618584,10.672054290771484,277500.0
2010-08-26,10.711434292141142,10.849265584660015,10.484997235781483,10.494842529296875,304200.0
2010-08-27,10.563759177383469,11.00678805829062,10.278252197964969,10.937871932983398,334800.0
2010-08-30,10.859111224635777,10.977251944107818,10.642520375053191,10.652364730834961,178500.0
2010-08-31,10.524379047687267,10.790196379033887,10.445618565562123,10.573604583740234,186500.0
2010-09-01,10.790194188911341,11.213532398581847,10.780348895919278,11.105236053466797,216800.0
2010-09-02,11.095392484636788,11.538420372747375,10.957561189689521,11.380899429321289,332100.0
2010-09-03,11.597490449530117,11.853462456294517,11.567955506872346,11.794391632080078,124100.0
2010-09-07,11.62702717206473,11.676251767088441,11.164308655429911,11.252914428710938,212000.0
2010-09-08,11.243069025932261,11.410435276319086,11.085548070015003,11.164308547973633,123000.0
2010-09-09,11.341519455638542,11.400589341339359,11.036321916521306,11.08554744720459,100900.0
2010-09-10,11.115082364880672,11.331674136057226,11.016631303737086,11.321828842163086,126500.0
2010-09-13,11.361209376894548,11.479350090026855,11.28244890147301,11.479350090026855,176100.0
2010-09-14,11.558111484443128,11.558111484443128,11.174154370959123,11.2627592086792,129100.0
2010-09-15,11.174154025114948,11.302139099715763,11.124928490861342,11.233223915100098,97500.0
2010-09-16,11.124927658774812,11.36120907884074,11.105237070986535,11.321828842163086,229400.0
2010-09-17,11.410435092396856,11.745167587775029,11.321829321396875,11.54826545715332,222600.0
2010-09-20,11.636871208074657,11.873153576633229,11.508885198950955,11.784547805786133,515400.0
2010-09-21,11.725477325896161,11.892843578249085,11.705787675624682,11.814083099365234,311900.0
2010-09-22,11.72547714337483,11.863308448725542,11.53842124366218,11.74516773223877,220100.0
2010-09-23,11.587646833413164,11.64671672249504,11.400589993889652,11.617181777954102,273700.0
2010-09-24,11.794391484386013,11.863307601589678,11.67625077633544,11.833772659301758,590700.0
2010-09-27,11.81408274976885,11.912533814909834,11.695942034939035,11.784547805786133,141400.0
2010-09-28,11.784548604855729,11.93222427368164,11.587647400121512,11.93222427368164,268500.0
2010-09-29,11.81408320583494,11.961758870348287,11.676251897096568,11.902688980102539,213000.0
2010-09-30,11.91253439706475,12.040519473544027,11.479350815953858,11.646717071533203,360800.0
2010-10-01,11.715631759291089,11.873153652300331,11.53842115536648,11.764857292175293,319300.0
2010-10-04,11.518730875581644,11.814083141909169,11.518730875581644,11.577801704406738,193300.0
2010-10-05,11.695941598529128,11.87315313361104,11.646716067795387,11.774702072143555,554800.0
2010-10-06,11.69594373977513,11.892844959859072,11.676253148317196,11.715633392333984,247200.0
2010-10-07,11.784548137461323,11.85346332166026,11.646716830164484,11.705787658691406,105400.0
2010-10-08,11.74516676010612,12.001137821858247,11.597490172546445,11.98144817352295,115200.0
2010-10-11,11.96175719251042,12.29648965328105,11.96175719251042,12.079898834228516,237000.0
2010-10-12,12.060210001079604,12.28664614634673,11.902689041085257,12.22757625579834,145800.0
2010-10-13,12.3063369177948,12.394942693826762,12.237421731502828,12.296491622924805,1775000.0
2010-10-14,12.22757497745566,12.38509592098184,12.109434269811027,12.30633544921875,256200.0
2010-10-15,12.335871422975297,12.385096956668365,12.109435282445727,12.286645889282227,399500.0
2010-10-18,12.247266447800024,12.47370354197692,12.247266447800024,12.326027870178223,243400.0
2010-10-19,12.217729869265627,12.237420456954808,11.922377626220188,12.03067398071289,353500.0
2010-10-20,12.02082850435283,12.375250627286732,11.971602974776179,12.30633544921875,359100.0
2010-10-21,12.35556162729147,12.680448825091018,12.335871038867772,12.493391990661621,360400.0
2010-10-22,12.473702595930597,12.572153662262226,12.247265518927428,12.434322357177734,320700.0
2010-10-25,12.562308311462402,12.759209504342905,12.404787357158,12.562308311462402,794000.0
2010-10-26,12.454011099049822,12.542616864508018,12.257109919642097,12.30633544921875,435400.0
2010-10-27,12.17835028117121,12.59184325566974,12.040518976705386,12.562308311462402,390700.0
2010-10-28,12.700137829285527,12.75920865265613,12.503236649548326,12.65091323852539,262700.0
2010-10-29,12.601689351114148,12.719830074352526,12.601689351114148,12.70998477935791,125300.0
2010-11-01,12.729674688368673,12.847815405287074,12.660758565992056,12.759209632873535,327000.0
2010-11-02,12.887195073094873,12.946264959486596,12.759209067380919,12.897040367126465,212200.0
2010-11-03,12.93642082295695,12.93642082295695,12.306336077771437,12.729674339294434,363400.0
2010-11-04,12.93642095500402,13.044716375590209,12.749364118929131,12.926575660705566,336900.0
2010-11-05,13.005335386599736,14.107982934108177,12.79858891276072,13.920927047729492,741600.0
2010-11-08,13.763406163784733,14.078449013725722,13.497589786067756,13.79294204711914,430000.0
2010-11-09,13.812631256970883,13.881547376989536,13.615730068843861,13.783096313476562,233700.0
2010-11-10,13.73387022245192,14.029222462064638,13.477898218860974,13.920927047729492,257800.0
2010-11-11,13.714181275327258,13.783096457165426,13.428674314841931,13.635420799255371,243000.0
2010-11-12,13.399138839949018,13.51727955765251,12.936421263668413,13.192392349243164,283400.0
2010-11-15,13.172702059703642,13.714181027070097,13.153011471592645,13.349913597106934,312500.0
2010-11-16,13.26130772879946,13.271152083882098,12.857660064545025,13.025025367736816,216200.0
2010-11-17,13.01518161197838,13.379449055979345,12.946265489832985,13.340068817138672,168300.0
2010-11-18,13.477899718246972,13.743717045139663,13.428675121917799,13.438519477844238,127300.0
2010-11-19,13.320378209289064,13.783096719181877,13.320378209289064,13.684645652770996,143900.0
2010-11-22,13.743716518975226,13.783096757870325,13.3302235411272,13.4483642578125,151300.0
2010-11-23,13.182547533213642,13.340068484650278,12.975801049728327,13.074251174926758,140000.0
2010-11-24,13.280997439970234,13.310533322053002,13.113631197096867,13.241617202758789,285000.0
2010-11-26,13.271153957127746,13.271153957127746,12.946266721069508,13.153013229370117,103400.0
2010-11-29,13.08409724184441,13.192392667628136,12.887196040919912,13.00533676147461,288600.0
2010-11-30,12.798590221189308,12.965956476116778,12.562308780903107,12.788744926452637,255900.0
2010-12-01,13.034870283324564,13.212081814252482,12.631222630787756,12.887194633483887,343300.0
2010-12-02,12.887195118345902,13.290842786069367,12.87734982427974,13.113631248474121,291600.0
2010-12-03,13.093941947236532,13.783096588901834,13.064407003152017,13.487744331359863,401700.0
2010-12-06,13.468054808905384,13.704336241612753,13.468054808905384,13.684645652770996,144800.0
2010-12-07,13.783096532942173,13.783096532942173,13.468054626922584,13.615730285644531,314200.0
2010-12-08,13.59604000897955,13.753560954725186,13.320377415025789,13.536969184875488,280100.0
2010-12-09,13.625573440642484,13.733868844109008,13.527122391019248,13.674798965454102,1529700.0
2010-12-10,13.674802341681616,13.773252476712813,13.527125730786283,13.664957046508789,546900.0
2010-12-13,13.901237508612207,13.920928097557475,13.527124768742743,13.556660652160645,191500.0
2010-12-14,13.556660010873651,13.694490371374739,13.202236937816199,13.477898597717285,1307500.0
2010-12-15,13.418827337977593,13.694488969663087,13.418827337977593,13.468052864074707,238800.0
2010-12-16,13.468054808905384,13.694490947191875,13.418829275699943,13.684645652770996,240200.0
2010-12-17,13.674800979841118,13.674800979841118,13.349913782684755,13.418828964233398,204100.0
2010-12-20,13.438518058584718,13.448363352370375,13.28099711360978,13.320377349853516,232900.0
2010-12-21,13.34006886825749,13.605885246725897,13.123477084354336,13.556660652160645,282100.0
2010-12-22,13.556661616304764,13.7141825834739,13.477900193821172,13.664957046508789,215800.0
2010-12-23,13.645265579223633,13.71418170210537,13.527124861439324,13.645265579223633,125000.0
2010-12-27,13.536969829068582,13.891391973862396,13.448364058145394,13.72402572631836,645900.0
2010-12-28,13.714181644314547,13.930772489890261,13.674801405219057,13.7732515335083,670400.0
2010-12-29,13.773252076816417,13.901238093650115,13.773252076816417,13.871703147888184,127600.0
2010-12-30,13.871702378750602,13.940617561340332,13.822476845944102,13.940617561340332,110800.0
2010-12-31,13.891391240336185,13.979997006580602,13.832321355439168,13.901236534118652,93900.0
2011-01-03,13.97999742599383,14.039068251561918,13.753561295597148,13.802786827087402,292900.0
2011-01-04,13.842167580444197,14.04891406929027,13.773251458229536,13.79294204711914,367200.0
2011-01-05,13.704336076531016,14.078448809927282,13.546815123290258,14.068603515625,791600.0
2011-01-06,14.048913516103033,14.275349646023653,13.95046245332951,14.039068222045898,165300.0
2011-01-07,14.039068943610467,14.04891423817362,13.615730666384527,13.753561973571777,385400.0
2011-01-10,13.655110597741373,13.940617561340332,13.625575653617053,13.940617561340332,192900.0
2011-01-11,13.989842720071664,14.107983432308924,13.753561295597148,13.802786827087402,192000.0
2011-01-12,13.91108338853709,14.009533520709859,13.733871836167511,13.871703147888184,233000.0
2011-01-13,13.871703224159562,13.930773116008211,13.704336965756722,13.852012634277344,174900.0
2011-01-14,13.783095913525955,13.970151802094007,13.743715677043266,13.881546974182129,181500.0
2011-01-18,13.842167360190242,14.039068551458458,13.763405944784015,13.960308074951172,456100.0
2011-01-19,13.979998361467196,14.245815685962418,13.970153066730562,14.147364616394043,694800.0
2011-01-20,14.078449491885513,14.157209972321038,13.891392646676898,14.019378662109375,312500.0
2011-01-21,14.048912867788763,14.245814045350507,13.871701338533757,14.196588516235352,292100.0
2011-01-24,14.206435050729361,15.013730418696872,14.17689916734107,14.698688507080078,773900.0
2011-01-25,14.610082899562428,14.767603857148174,14.452561941976683,14.659308433532715,363500.0
2011-01-26,14.649463235396684,15.309082953803516,14.541167811068314,15.200786590576172,518900.0
2011-01-27,15.161406726216795,15.702885739060036,15.112182129602951,15.338618278503418,653100.0
2011-01-28,15.299236055985707,15.309081349592699,14.669151348621323,14.777447700500488,350500.0
2011-01-31,14.836519393629967,15.161406611089092,14.649463486780377,14.688843727111816,466600.0
2011-02-01,14.866055006852177,15.151561978771372,14.619928274546007,15.092491149902344,393000.0
2011-02-02,15.062955506359458,15.259856695293132,15.003884680229891,15.03342056274414,138500.0
2011-02-03,14.994038923033992,15.279546811794834,14.984194568065504,15.259856224060059,254800.0
2011-02-04,15.21063267125456,15.358309281769063,15.072802294786516,15.240167617797852,230300.0
2011-02-07,15.30908198006952,15.742264588729398,15.250011154893716,15.437067985534668,365000.0
2011-02-08,15.456759021408136,15.466604316303888,14.718378804408712,14.994040489196777,682400.0
2011-02-09,14.885744991658868,14.895590286508071,14.226125259146226,14.560857772827148,613000.0
2011-02-10,14.531322599350775,14.590392489721879,14.226125036103472,14.275350570678711,480900.0
2011-02-11,14.275349786286164,14.629771925735172,14.176898722545308,14.580547332763672,269900.0
2011-02-14,14.688843741492907,15.0728017892746,14.570703020382922,14.797139167785645,343100.0
2011-02-15,14.806984280430166,14.925125000086647,14.560857546421088,14.72822380065918,158800.0
2011-02-16,14.75775839605875,14.86605475735124,14.639617679202452,14.698688507080078,100700.0
2011-02-17,14.688841981868329,14.816827982463696,14.482095509967946,14.64946174621582,243900.0
2011-02-18,14.6593077183625,14.698687955837729,14.521476417749739,14.600236892700195,138100.0
2011-02-22,14.354110120682904,14.491941420786054,13.861856684613123,14.039068222045898,452300.0
2011-02-23,14.01937773922899,14.029223033360072,13.113631334945758,13.783096313476562,702800.0
2011-02-24,14.265504800706001,14.265504800706001,13.655110633446622,13.704336166381836,290500.0
2011-02-25,13.812631182266315,13.871702007834406,13.596040345947468,13.802786827087402,254700.0
2011-02-28,13.753563665298179,13.852013806342455,13.330225336000455,13.359760284423828,554700.0
2011-03-01,13.43851838881601,13.546814745321669,13.192391671519754,13.241617202758789,365100.0
2011-03-02,13.280997202214312,13.507434266300637,13.09394131353335,13.300687789916992,724800.0
2011-03-03,13.497588234285885,13.714179992675781,13.458207999933071,13.714179992675781,356400.0
2011-03-04,13.704336371990443,13.714181666504986,13.300688685883804,13.428674697875977,211200.0
2011-03-07,13.438519879483,13.487745416182372,13.084097705265743,13.231773376464844,433200.0
2011-03-08,13.212083377746564,13.57635083750602,13.113632306936337,13.202238082885742,350100.0
2011-03-09,13.133322025583452,13.546814993322881,13.133322025583452,13.527124404907227,362200.0
2011-03-10,13.330223190460755,13.330223190460755,12.887195279820487,13.074251174926758,348800.0
2011-03-11,12.94626536453096,13.28099786088641,12.906885126071433,13.143167495727539,291900.0
2011-03-14,13.005335993397964,13.123476706975438,12.80843480410217,13.074251174926758,453800.0
2011-03-15,12.837969944884698,12.887195477689183,12.572153569978793,12.798589706420898,316100.0
2011-03-16,12.759209561613583,12.828124744706352,12.394942118424872,12.434322357177734,549900.0
2011-03-17,12.621378779126621,12.631224073947227,12.306336856059183,12.424477577209473,636100.0
2011-03-18,12.572154016661157,12.94626582590978,12.53277283789922,12.916730880737305,362500.0
2011-03-21,13.064407591201451,13.133322776800279,12.975801816060681,13.00533676147461,229100.0
2011-03-22,13.005336249992805,13.093942021648834,12.631223513500101,12.67060375213623,360900.0
2011-03-23,12.59184405611953,12.759210315431986,12.44416838679631,12.70998477935791,643100.0
2011-03-24,12.788744412080213,12.926575716152982,12.641068752565705,12.798589706420898,246400.0
2011-03-25,12.818280259873239,13.123476872404158,12.798589671245983,13.034871101379395,586400.0
2011-03-28,13.015181487421264,13.182547735617147,12.739518879275728,12.798589706420898,295400.0
2011-03-29,12.80843390023099,12.80843390023099,12.562307196255292,12.60168743133545,478600.0
2011-03-30,12.690293814726534,12.690293814726534,12.316181093745653,12.335870742797852,893800.0
2011-03-31,12.365407414314278,12.53277272809122,12.365407414314278,12.375251770019531,326400.0
2011-04-01,12.503238318489885,12.66075928330566,12.316182407495903,12.365407943725586,297000.0
2011-04-04,12.365407306530514,12.44416778487984,12.119280576964133,12.286645889282227,1033900.0
2011-04-05,12.306336691331628,12.483548240134477,12.247265862097686,12.463857650756836,1089300.0
2011-04-06,12.552462711149571,12.828124374463512,12.463856941788217,12.749363899230957,870400.0
2011-04-07,12.70998432827682,13.12347731438566,12.70998432827682,13.044716835021973,590600.0
2011-04-08,13.438519152888437,14.05875862840776,13.438519152888437,13.970152854919434,2587500.0
2011-04-11,13.970152722105366,14.196589800967132,13.852012004877082,14.117829322814941,785500.0
2011-04-12,13.98984383507663,14.216279983520508,13.950463594525566,14.216279983520508,519700.0
2011-04-13,14.275350094953074,14.71837801356838,14.216279267651524,14.501786231994629,992800.0
2011-04-14,14.373801595926295,14.511631965637207,14.24581558198118,14.511631965637207,418700.0
2011-04-15,14.551011836360965,14.688843141475235,14.324575698207827,14.373801231384277,445000.0
2011-04-18,14.25566010341595,14.324576227971276,13.72402639102666,14.019378662109375,1481900.0
2011-04-19,14.078448789712102,14.147363971931242,13.773251239072161,13.960308074951172,1385600.0
2011-04-20,14.107983938357473,14.206435004869387,13.960308277488554,14.137518882751465,811000.0
2011-04-21,14.20643441351631,14.226124062659725,13.920927459194935,14.167054176330566,723900.0
2011-04-25,14.098139081609856,14.22612509648915,14.039069190988018,14.147364616394043,274200.0
2011-04-26,14.137519155734946,14.30488540869753,14.107984210770658,14.186744689941406,455100.0
2011-04-27,14.176899784756568,14.43287181854248,14.117829893205355,14.43287181854248,420300.0
2011-04-28,14.48209678725565,14.48209678725565,14.137518990731083,14.22612476348877,375000.0
2011-04-29,14.226123859278454,14.255658802020793,14.068602912787448,14.098137855529785,455000.0
2011-05-02,14.137518882751465,14.265504893657374,14.019378166276539,14.137518882751465,354000.0
2011-05-03,14.137517876399782,14.19658869988188,13.891391166539,13.920927047729492,490600.0
2011-05-04,13.901238179858444,13.901238179858444,13.20223819983126,13.399139404296875,897800.0
2011-05-05,13.477898664232736,13.861856682306895,13.32037771494044,13.349913597106934,743900.0
2011-05-06,13.694491113025169,13.743716646826705,13.359758609853479,13.645265579223633,965100.0
2011-05-09,13.645265229609134,13.733871000401876,13.536969809139634,13.615730285644531,254000.0
2011-05-10,13.694490307912213,13.852011255697143,13.596040184996088,13.842166900634766,413300.0
2011-05-11,13.871703550643034,13.871703550643034,13.58619656292422,13.664957046508789,289100.0
2011-05-12,13.546815393433974,13.792942122505526,13.477899270842647,13.7732515335083,244000.0
2011-05-13,13.753563244188436,13.79294348718021,13.536971438284155,13.566506385803223,254700.0
2011-05-16,13.507435118696433,13.842167619574319,13.477899235278532,13.556660652160645,356600.0
2011-05-17,13.448364073081077,13.556660432729222,13.192392054329572,13.379448890686035,679800.0
2011-05-18,13.379448890686035,13.536969844102671,13.29084311966444,13.379448890686035,507900.0
2011-05-19,13.458209642520643,13.468054937035186,13.290843391369261,13.428674697875977,630700.0
2011-05-20,13.379448926484699,13.379448926484699,13.084096668588776,13.143167495727539,757100.0
2011-05-23,12.906885072108656,13.034871081291753,12.847815184115804,12.926575660705566,470800.0
2011-05-24,12.956110191374462,12.956110191374462,12.660757944135753,12.680448532104492,320500.0
2011-05-25,12.591842675669731,12.847814684073388,12.572153026738093,12.700138092041016,328100.0
2011-05-26,12.70013869638859,12.70013869638859,12.552463036227843,12.67060375213623,318200.0
2011-05-27,12.739518279230827,12.926575107297504,12.660757806012931,12.828124046325684,396400.0
2011-05-31,13.684645144903604,13.881547270417892,13.231771946238794,13.349913597106934,802200.0
2011-06-01,13.330222767263942,13.36960300387289,12.74936357310779,12.828124046325684,482200.0
2011-06-02,12.877350183348497,12.96595595461678,12.7592094679571,12.798589706420898,296000.0
2011-06-03,12.62137814436778,12.749364153901956,12.61153378894126,12.69029426574707,250100.0
2011-06-06,12.660758850038347,12.719829679272289,12.34571693118793,12.463857650756836,381100.0
2011-06-07,12.56230688579244,12.56230688579244,12.36540571525784,12.44416618347168,556000.0
2011-06-08,12.483546502154677,12.611532498593983,12.1783489815842,12.188194274902344,475100.0
2011-06-09,12.237421055549344,12.424476953251936,12.158660578737837,12.34571647644043,233200.0
2011-06-10,12.276801406182596,12.394942122479831,11.97160385157386,12.089744567871094,341600.0
2011-06-13,12.10943464183693,12.227575353111082,12.050363816750398,12.099589347839355,374800.0
2011-06-14,12.207884551617918,12.335870554651354,12.040518312181797,12.266955375671387,213500.0
2011-06-15,12.089744053841782,12.25711029620489,11.991293930562778,12.099589347839355,262000.0
2011-06-16,12.09958995250436,12.188195725112687,11.961758646347077,12.07005500793457,187300.0
2011-06-17,12.237421276734175,12.266956221347582,12.079900320264056,12.178350448608398,266700.0
2011-06-20,12.08974451203347,12.47370254240035,11.991294385023284,12.217730522155762,253200.0
2011-06-21,12.345715128754959,12.58199653339648,12.345715128754959,12.44416618347168,258100.0
2011-06-22,12.414631388482597,12.680448696105014,12.345716207498528,12.641068458557129,619700.0
2011-06-23,12.385095729641884,12.434321258458041,12.22757478854928,12.237420082092285,748400.0
2011-06-24,12.227574509276065,12.483546502154677,12.060208278463037,12.188194274902344,571300.0
2011-06-27,12.168504315215236,12.375250791054036,12.050363606007192,12.266955375671387,263600.0
2011-06-28,12.296491396642807,12.463857650756836,12.188195971762722,12.463857650756836,234900.0
2011-06-29,12.542617071806593,12.759208842184258,12.513082129132014,12.719828605651855,285300.0
2011-06-30,12.77889860455323,12.995490376855512,12.759208955561519,12.80843448638916,232600.0
2011-07-01,12.719828376531376,13.153010970584951,12.719828376531376,13.123476028442383,302200.0
2011-07-05,13.162857614605544,13.202237854468503,12.897041230255315,12.916730880737305,186000.0
2011-07-06,13.113633648478253,13.320380167210978,12.759211447321764,12.778901100158691,262500.0
2011-07-07,12.77889860455323,13.084096144565487,12.77889860455323,12.80843448638916,454400.0
2011-07-08,12.660758957291632,12.79859026740579,12.44416810569665,12.55246353149414,393600.0
2011-07-11,12.326025564659792,12.414630387826529,12.129123453892337,12.188194274902344,276500.0
2011-07-12,12.10943464183693,12.247265002207318,12.060209110747971,12.099589347839355,190300.0
2011-07-13,12.13897066060087,12.414632344667755,12.050364884568909,12.296491622924805,390500.0
2011-07-14,12.286645685377511,12.33587121825365,12.0897444927719,12.109435081481934,274600.0
2011-07-15,12.138970202564,12.542617888013089,12.129124908065496,12.522928237915039,529100.0
2011-07-18,12.46385775634211,12.572154121038587,12.375251981190077,12.55246353149414,535300.0
2011-07-19,12.611533515120946,12.749363877089083,12.542617395237954,12.641068458557129,233900.0
2011-07-20,12.680447973346453,12.995489855772817,12.670602679795913,12.818279266357422,263300.0
2011-07-21,12.867505016828586,12.995491027832031,12.788744539118612,12.995491027832031,435500.0
2011-07-22,13.005336137295327,13.025025786993297,12.867504833813774,12.926575660705566,173400.0
2011-07-25,12.749362990008994,12.86750369443261,12.749362990008994,12.857659339904785,229500.0
2011-07-26,12.887194281285975,12.926574516093847,12.749362990008994,12.857659339904785,254200.0
2011-07-27,12.749364377986884,12.926575923364128,12.483547998819981,12.522928237915039,605900.0
2011-07-28,12.503237674192352,12.591843447060082,12.227575999969714,12.286645889282227,318200.0
2011-07-29,12.109435943879447,12.296491855451599,11.971604629790116,12.129125595092773,502300.0
2011-08-01,12.296491147801222,12.355561975839759,11.922378407287706,12.07005500793457,617000.0
2011-08-02,11.95191444990174,12.001139045207182,11.577801704406738,11.577801704406738,815500.0
2011-08-03,11.666407387251812,11.823928344358842,11.4301250126923,11.597491264343262,480600.0
2011-08-04,11.400590450428519,11.469505636750084,10.780350956837456,10.82957649230957,1289100.0
2011-08-05,11.489195721256788,11.489195721256788,10.475153866279667,10.603139877319336,1363400.0
2011-08-08,10.366857181776945,10.425928007682607,9.392195596075464,9.648167610168457,2085600.0
2011-08-09,9.884449011775805,10.268407031974576,9.726928061611876,10.229026794433594,1056200.0
2011-08-10,9.963209480155939,10.327476911889729,9.81553382420132,9.884449005126953,822400.0
2011-08-11,9.963210536255806,10.731125718636855,9.835224516042462,10.534224510192871,720800.0
2011-08-12,10.632675364209556,10.967407881098778,10.553914882459033,10.80988597869873,454800.0
2011-08-15,10.937870928518333,11.183997644686693,10.92802657343477,11.06585693359375,570100.0
2011-08-16,10.898489798732818,11.321828016312114,10.878800151279668,11.174152374267578,441700.0
2011-08-17,11.272604138069953,11.302139083018895,11.075702940245385,11.12492847442627,405700.0
2011-08-18,10.71143405359788,10.721279346894017,10.307786417444737,10.553913116455078,534400.0
2011-08-19,10.475153659224933,10.524378252660396,9.5792515996559,9.736773490905762,1174500.0
2011-08-22,10.012434134532096,10.091194602660465,9.68754696877786,9.864758491516113,950600.0
2011-08-23,9.943519830848155,9.973054774259293,9.805688530097967,9.884449005126953,839900.0
2011-08-24,9.894294159444142,10.051815107276665,9.835223334557492,10.032124519348145,835900.0
2011-08-25,10.110885189141978,10.199490011612264,9.835222611793844,9.864758491516113,841200.0
2011-08-26,9.795843491108554,10.337322475208806,9.697393364207839,10.278251647949219,700600.0
2011-08-29,10.425928209804354,10.977251547417083,10.39639326572841,10.859110832214355,404700.0
2011-08-30,10.750816253857344,10.947717461292658,10.583449992812573,10.770505905151367,426600.0
2011-08-31,10.809885916154554,11.213534556414292,10.790196265280347,10.937871932983398,442300.0
2011-09-01,10.908336381177298,10.987096858096352,10.44561787510365,10.514533996582031,609500.0
2011-09-02,10.238872350000982,10.32747812958064,9.982901245425232,10.169957160949707,373300.0
2011-09-06,9.845069311147146,10.002590269901663,9.766308831769885,9.982900619506836,448800.0
2011-09-07,10.130576762531689,10.406238453383846,10.09119652098138,10.317632675170898,436400.0
2011-09-08,10.20933740310744,10.475154741846415,10.120731623527783,10.169957160949707,386900.0
2011-09-09,10.494843077006133,10.514533665064535,9.845068693461501,9.904139518737793,867400.0
2011-09-12,9.785997156922349,9.992743622014313,9.60878657177127,9.845067977905273,492500.0
2011-09-13,9.894294357260534,10.258561791130761,9.84506882535398,10.101040840148926,441200.0
2011-09-14,10.219182014465332,10.406237917471318,10.022280816854037,10.219182014465332,439700.0
2011-09-15,10.357012823369587,10.563758366728766,10.199490933969043,10.337322235107422,339600.0
2011-09-16,10.37670279966486,10.691744710593918,10.317631971916184,10.603139877319336,521700.0
2011-09-19,10.51453325139176,10.642519252039282,10.268406543738575,10.347167015075684,492700.0
2011-09-20,10.396394085831277,10.514534810353346,10.189647583192901,10.20933723449707,463500.0
2011-09-21,10.238871563915675,10.357013220217627,9.785998344421387,9.785998344421387,405900.0
2011-09-22,9.480800931666801,9.85491364155373,8.88025210045032,9.057462692260742,1207200.0
2011-09-23,9.047618233898843,9.451266862103456,9.027928583612674,9.313435554504395,552000.0
2011-09-26,9.431575331601977,9.785997451470719,9.214983566677196,9.658012390136719,680400.0
2011-09-27,9.933674864415236,10.396393374647872,9.913984275559018,10.150266647338867,611600.0
2011-09-28,10.150266312523973,10.278251380271882,9.835223473509107,9.884449005126953,602700.0
2011-09-29,10.120731353759766,10.27825231819198,9.845069666003393,10.120731353759766,573200.0
2011-09-30,9.913984447877487,9.982900571173152,9.658013360590203,9.766308784484863,613900.0
2011-10-03,9.658014028762809,9.84506994459453,9.027929214305106,9.047618865966797,741800.0
2011-10-04,8.91963197862106,9.274054086928956,8.634125045537212,9.264208793640137,797500.0
2011-10-05,9.30359155679705,9.382352046718577,9.0869997400633,9.342971801757812,1017200.0
2011-10-06,9.333124842537053,9.697393217131738,9.29374460459424,9.628477096557617,850500.0
2011-10-07,9.618632531082113,9.874603602668046,9.244519809350166,9.451266288757324,729100.0
2011-10-10,9.707238352675702,10.130576648761531,9.598942924353308,10.120731353759766,711700.0
2011-10-11,9.992744451710937,10.504688479740123,9.884449032965806,10.337322235107422,590500.0
2011-10-12,10.47515464223739,10.790196576503499,10.435774400454125,10.642520904541016,605500.0
2011-10-13,10.524379325836634,10.750816422105197,10.317632820069264,10.731125831604004,460400.0
2011-10-14,10.819731211041157,10.967407817643206,10.74097072974633,10.937871932983398,565500.0
2011-10-17,10.81973161106131,10.89849209526802,10.69174558950065,10.731125831604004,605800.0
2011-10-18,10.750814741934425,11.154462395135258,10.573603210714982,10.90833568572998,724100.0
2011-10-19,10.928026744433751,11.056011812612935,10.593294254983148,10.681900024414062,647900.0
2011-10-20,10.711436067241968,10.800041845766517,10.327478006601932,10.534224510192871,987400.0
2011-10-21,10.711435666136403,11.046168177406132,10.524378820944973,10.740970611572266,889800.0
2011-10-24,10.780349883671157,11.43996955219605,10.760660234781781,11.321828842163086,570300.0
2011-10-25,11.1938441887849,11.43012563735843,10.918182498782448,11.223379135131836,533500.0
2011-10-26,11.390744320452892,11.577801153753242,11.233223369609817,11.479350090026855,680900.0
2011-10-27,12.020828545657109,12.060208781673966,11.607335598030662,11.833772659301758,732500.0
2011-10-28,11.755012270752863,11.922378523105788,11.627027196740832,11.814083099365234,496500.0
2011-10-31,11.52857669467972,11.981449939945067,11.52857669467972,11.676252365112305,740200.0
2011-11-01,11.095392556677739,11.518729860159299,11.075701969172188,11.36120891571045,613800.0
2011-11-02,11.627027767567453,11.715632606487596,11.2824499513594,11.676252365112305,508900.0
2011-11-03,11.784548046699904,11.814082991286412,11.26275870524417,11.72547721862793,470100.0
2011-11-04,11.558110949973267,11.686096961515943,11.420280582849584,11.617181777954102,280700.0
2011-11-07,11.60733650138294,11.823928285781568,11.410435305974627,11.72547721862793,326900.0
2011-11-08,11.932225633553733,12.129126860728062,11.410437146816982,11.50888729095459,699200.0
2011-11-09,11.124927848354693,11.282448797749625,10.9083360734872,11.046167373657227,581100.0
2011-11-10,11.164308605758917,11.164308605758917,10.928027170660064,11.036322593688965,464000.0
2011-11-11,11.174152608504757,11.272602725631922,11.08554684586111,11.115081787109375,548500.0
2011-11-14,11.06585805474153,11.134774180702232,10.898491795678263,11.026477813720703,398100.0
2011-11-15,10.957562007375197,11.046167779389116,10.770505168923822,10.94771671295166,367900.0
2011-11-16,10.760661878958777,10.898492258940932,10.563759726585907,10.583450317382812,352400.0
2011-11-17,10.603140164137473,10.711435589224022,10.130576346061938,10.307787895202637,717100.0
2011-11-18,10.406236781704356,10.435772662296646,10.189645957420773,10.258561134338379,490900.0
2011-11-21,10.061660401240925,10.130575581192925,9.76630815460549,10.032124519348145,444900.0
2011-11-22,10.002589960536175,10.032124904664432,9.82537841796875,9.82537841796875,327700.0
2011-11-23,9.687547644775238,9.746617530543993,9.46111057893126,9.579251289367676,335400.0
2011-11-25,9.530027449707488,9.64816816946845,9.372506490026202,9.4020414352417,166100.0
2011-11-28,9.785998026685135,9.845068852918175,9.421730591795034,9.520181655883789,381900.0
2011-11-29,9.313435474809415,9.79584363892971,9.057463450986782,9.785998344421387,748600.0
2011-11-30,10.140420033139174,10.612982837397105,9.963208512093034,10.593293190002441,619500.0
2011-12-01,10.563758723462824,10.731124973747418,10.337322584194819,10.366857528686523,356000.0
2011-12-02,10.494842326201583,10.80003984698048,10.484997032876718,10.662208557128906,384000.0
2011-12-05,10.819731197435349,10.868956732907463,10.711435770515891,10.82957649230957,336500.0
2011-12-06,10.819730539411939,11.016631730426468,10.750815357281589,10.987096786499023,279100.0
2011-12-07,10.88864743959731,11.06585805474153,10.780351072615781,11.026477813720703,260600.0
2011-12-08,10.888645412113064,10.898489766360981,10.583447896855693,10.593293190002441,344500.0
2011-12-09,10.662210131143974,10.839421681557122,10.563759061159118,10.740970611572266,244400.0
2011-12-12,10.57360399399552,10.622829527302924,10.465308571838396,10.603139877319336,273500.0
2011-12-13,10.672054056978444,10.839420291144624,10.40623676545609,10.494842529296875,305700.0
2011-12-14,10.36685618167235,10.56375735086436,10.31763065464964,10.465307235717773,405200.0
2011-12-15,10.652364163593905,10.83942099697138,10.416082737231868,10.79019546508789,265300.0
2011-12-16,10.898491692335984,11.075703244698845,10.790196265280347,10.937871932983398,301600.0
2011-12-19,11.016632231104582,11.016632231104582,10.780350791148752,10.868956565856934,384300.0
2011-12-20,11.105237885194327,11.311984377634866,11.006787755731528,11.12492847442627,279900.0
2011-12-21,11.095393814279989,11.282449722290039,11.046168278835555,11.282449722290039,175400.0
2011-12-22,11.321829117583748,11.548265249263938,11.24306864231247,11.371054649353027,434200.0
2011-12-23,11.439969996147111,11.439969996147111,11.29229433759978,11.331674575805664,111200.0
2011-12-27,11.302137592626714,11.420279234641304,11.105236420767143,11.134772300720215,191600.0
2011-12-28,11.115082830561466,11.164308363195628,10.967407171557925,11.095393180847168,213400.0
2011-12-29,11.115083705927056,11.243069725295806,11.075703464498135,11.223379135131836,144000.0
2011-12-30,11.20368754975302,11.331673547027304,11.105236493727002,11.115081787109375,178600.0
2012-01-03,11.390743578814037,11.636870283206036,11.213532990103028,11.311983108520508,277400.0
2012-01-04,11.23322409649803,11.449815887372116,11.164308910769499,11.302139282226562,168700.0
2012-01-05,11.203688621520996,11.34151992536288,11.056012023354919,11.203688621520996,311900.0
2012-01-06,11.154461948456747,11.2627573582548,11.115081714084834,11.134772300720215,267400.0
2012-01-09,11.144618652273993,11.272604671642743,11.056012874334165,11.223379135131836,181500.0
2012-01-10,11.400590067959474,11.804237755270982,11.371055123226647,11.597491264343262,342000.0
2012-01-11,11.53842140658059,11.735322603505383,11.53842140658059,11.705787658691406,138700.0
2012-01-12,11.745167567509528,11.81408274976885,11.558110731521447,11.784547805786133,179500.0
2012-01-13,11.68609633081867,11.755011510661168,11.538420677185059,11.538420677185059,134200.0
2012-01-17,11.636870884904607,11.892842896043357,11.55811041053867,11.86330795288086,318200.0
2012-01-18,11.892842408766919,12.010983115475334,11.71563087925486,11.98144817352295,258200.0
2012-01-19,12.030674405387959,12.089744292742838,11.833773216040147,12.040518760681152,317100.0
2012-01-20,11.961758048570056,12.129124290933165,11.814082394202096,12.099589347839355,163300.0
2012-01-23,12.070054626068458,12.286645464593137,12.070054626068458,12.276801109313965,338500.0
2012-01-24,12.148816058178651,12.463857985489929,12.109435817264742,12.38509750366211,362800.0
2012-01-25,12.276801406182596,12.355561883714087,12.089744567871094,12.089744567871094,505000.0
2012-01-26,12.148815188642716,12.306336141023994,11.882997877325108,11.9125337600708,216400.0
2012-01-27,11.853462456294517,11.971603165824494,11.755011395570087,11.794391632080078,636400.0
2012-01-30,11.68609543672683,12.0109826009831,11.68609543672683,11.991292953491211,170300.0
2012-01-31,12.148815955470866,12.296491622924805,11.912534511984964,12.296491622924805,276300.0
2012-02-01,12.414632541056259,12.503238318489885,12.34571735367411,12.365407943725586,264100.0
2012-02-02,12.414631472211683,12.562308068186432,12.168504751152696,12.276801109313965,318800.0
2012-02-03,12.404788093568566,12.788745207754435,12.355562557701429,12.38509750366211,632500.0
2012-02-06,12.306337112470164,12.434323131107735,12.26695687126622,12.365407943725586,118900.0
2012-02-07,12.306335888814536,12.385096363391035,12.247265063432703,12.316181182861328,191800.0
2012-02-08,12.345715128754959,12.4835464175786,12.207883839931318,12.44416618347168,327200.0
2012-02-09,12.581997100389563,12.729673689119517,12.30633544921875,12.30633544921875,649700.0
2012-02-10,12.247264788020598,12.335870554651354,12.079899487483376,12.266955375671387,299100.0
2012-02-13,12.35556121699679,12.385096159752628,12.18819497654887,12.247264862060547,172100.0
2012-02-14,12.19804019669142,12.296490318248674,12.129124078812554,12.266955375671387,370900.0
2012-02-15,12.33587077038766,12.355561358382808,11.991293930562778,12.099589347839355,454700.0
2012-02-16,12.079900933797578,12.326027675507563,11.97160456654982,12.257111549377441,291900.0
2012-02-17,12.247266447800024,12.335872226438852,12.12912572258126,12.326027870178223,575500.0
2012-02-21,12.375252272730354,12.424477808852151,12.207886013255642,12.257111549377441,486400.0
2012-02-22,12.247265410090712,12.69029426574707,12.247265410090712,12.69029426574707,739200.0
2012-02-23,12.700139136839747,13.14316801048449,12.700139136839747,13.133322715759277,710700.0
2012-02-24,13.241617622426883,13.290843155226028,13.064407018808486,13.143167495727539,478400.0
2012-02-27,13.054562189707152,13.054562189707152,12.828125106320902,12.916730880737305,508000.0
2012-02-28,12.975801248957467,12.975801248957467,12.69029428537019,12.798589706420898,210700.0
2012-02-29,12.798590326446803,12.936421637196789,12.729675140521305,12.877350807189941,350400.0
2012-03-01,12.877349792927292,12.985645210694654,12.611533426080525,12.660758018493652,163000.0
2012-03-02,12.631223935583572,12.788744895391792,12.522928510440167,12.57215404510498,135000.0
2012-03-05,12.522928263229165,12.522928263229165,12.286645889282227,12.286645889282227,348700.0
2012-03-06,12.138969727270904,12.148815021383923,11.87315335851186,11.951913833618164,332500.0
2012-03-07,11.951912922676922,11.951912922676922,11.82392692565918,11.82392692565918,233100.0
2012-03-08,11.91253268812522,12.050363039606747,11.77470139774484,11.82392692565918,351800.0
2012-03-09,11.81408247330632,11.83377306143331,11.617181286530998,11.735321998596191,405500.0
2012-03-12,11.774701484738468,11.784546778173844,11.420279371154624,11.567955017089844,556900.0
2012-03-13,11.646716259369095,11.735322028367502,11.410434834639286,11.499040603637695,1676200.0
2012-03-14,11.518730089287827,11.715631273765611,11.47934985239227,11.538420677185059,547800.0
2012-03-15,11.607335992467503,11.892842948016447,11.449815043047245,11.735321998596191,1187500.0
2012-03-16,11.7156317397448,11.794392216668545,11.627026907379797,11.656561851501465,856300.0
2012-03-19,11.666406817949557,11.794391885179328,11.567955755112438,11.735321998596191,187600.0
2012-03-20,11.646715251822737,11.715630426682415,11.577800076963062,11.627025604248047,327600.0
2012-03-21,11.63687074975135,11.764856753834268,11.607335806931879,11.666406631469727,256700.0
2012-03-22,11.55811059763174,11.607336129632001,11.164308219427515,11.24306869506836,710100.0
2012-03-23,11.252913077766031,11.272602725631922,10.829574851312543,11.115081787109375,692100.0
2012-03-26,11.223378271270441,11.34151992536288,11.183998032872609,11.203688621520996,498700.0
2012-03-27,11.183996530765878,11.361208049204565,11.065855831439693,11.34151840209961,474200.0
2012-03-28,11.331675151727952,11.380900686711886,11.105238066361451,11.193843841552734,336700.0
2012-03-29,11.15446157952829,11.272602278736587,10.996940647250563,11.105236053466797,262300.0
2012-03-30,11.154463725993674,11.154463725993674,10.928027576995794,10.937871932983398,242800.0
2012-04-02,10.9378721500474,11.243069725295806,10.9378721500474,11.223379135131836,286200.0
2012-04-03,11.183998332477167,11.292294695146529,10.918181950895669,11.016632080078125,344400.0
2012-04-04,10.898490040039983,10.957560861505005,10.711434160048645,10.878800392150879,410600.0
2012-04-05,10.839420434329584,10.977250789770281,10.800040198646688,10.92802619934082,343200.0
2012-04-09,10.740970611572266,10.78035085178641,10.642520480486395,10.740970611572266,249800.0
2012-04-10,10.69174448793056,10.73112472597657,10.366857289326243,10.425928115844727,274700.0
2012-04-11,10.504689630203442,10.563759523661364,10.347168662450281,10.406238555908203,209000.0
2012-04-12,10.406238085808253,10.681900705822303,10.406238085808253,10.632675170898438,210700.0
2012-04-13,10.63267398617033,10.809884577692268,10.376701984206678,10.455462455749512,135200.0
2012-04-16,10.494843860891413,10.681900705822303,10.347168195018803,10.632675170898438,324600.0
2012-04-17,10.711435770515891,10.868956732907463,10.681900824792221,10.82957649230957,256100.0
2012-04-18,10.78035074498775,10.83942157417326,10.59329484054843,10.652364730834961,751100.0
2012-04-19,10.652363703309339,10.69174393933474,10.55391358269528,10.672054290771484,437200.0
2012-04-20,10.672055320196456,10.770505450307002,10.534224011362921,10.652364730834961,368900.0
2012-04-23,10.583448960846617,10.721280262061256,10.524378134926364,10.681900024414062,331600.0
2012-04-24,10.681900763978375,10.987097392149762,10.65236487952386,10.957562446594238,331600.0
2012-04-25,11.016631402580296,11.085547521558697,10.780349980394409,11.06585693359375,319500.0
2012-04-26,11.036320891332851,11.41043357531518,11.006785951226009,11.34151840209961,347000.0
2012-04-27,11.341519429951365,11.400589315518395,11.223377781019497,11.321828842163086,254900.0
2012-04-30,11.292294520833433,11.400589942932129,11.203688748707705,11.400589942932129,351000.0
2012-05-01,11.361210620124227,11.40059086214428,11.183999061584473,11.183999061584473,419500.0
2012-05-02,11.095393180847168,11.144617774582386,10.957561877251305,11.095393180847168,538400.0
2012-05-03,11.134774296091026,11.32183020815365,11.105238410845072,11.223379135131836,523900.0
2012-05-04,11.124927093607239,11.154462034890322,10.85910980536292,10.878800392150879,374200.0
2012-05-07,10.839421182463374,10.928026953590155,10.809885299488483,10.859110832214355,229000.0
2012-05-08,10.809885352551161,11.075702667236328,10.750815464109312,11.075702667236328,336000.0
2012-05-09,10.967406069914867,11.243067710518266,10.809884193528362,11.134772300720215,355500.0
2012-05-10,11.272603749047368,11.371054814011549,11.164308328705923,11.331674575805664,333500.0
2012-05-11,11.233223074913637,11.37105437273488,11.164307895452467,11.321828842163086,194000.0
2012-05-14,11.23322443021382,11.371055744664554,11.203689483866883,11.223379135131836,579400.0
2012-05-15,11.243067784383658,11.272602725631922,11.0363213178481,11.115081787109375,307200.0
2012-05-16,11.154461991171015,11.28244798809455,10.996941053080155,11.006786346435547,286700.0
2012-05-17,11.075702704641094,11.164308476502054,10.790195739144082,10.839421272277832,384200.0
2012-05-18,10.859111853164665,10.947717632621972,10.711436180001844,10.731125831604004,285400.0
2012-05-21,10.780349980394409,11.075702227576222,10.701589506332446,11.06585693359375,255500.0
2012-05-22,11.056012531377517,11.233224081760085,11.036322880723336,11.193843841552734,323000.0
2012-05-23,11.124928144725333,11.233223565594635,10.928026952736174,11.203688621520996,665000.0
2012-05-24,11.193843675477007,11.311984394346279,11.075702956607735,11.233223915100098,331500.0
2012-05-25,11.20368889478826,11.41043538614433,11.164308655429911,11.252914428710938,209900.0
2012-05-29,11.351364082742124,11.518730327737625,11.223378075457392,11.479350090026855,276600.0
2012-05-30,11.36120907884074,11.380899666629018,11.213533426024261,11.321828842163086,318100.0
2012-05-31,11.321830039391585,11.380900870103972,11.144618486153428,11.2627592086792,465400.0
2012-06-01,11.036322484965579,11.105237668132425,10.839421290989623,10.94771671295166,454700.0
2012-06-04,10.967408223123165,11.046168707329874,10.672055937898488,10.731125831604004,387000.0
2012-06-05,10.878800379325554,11.233222491001285,10.839420144694916,11.115081787109375,726900.0
2012-06-06,11.17415414564949,11.489196066032545,11.134773905601609,11.43012523651123,421800.0
2012-06-07,11.567958128556445,11.617183670074805,11.430126800084858,11.50888729095459,390000.0
2012-06-08,11.489196005798153,11.607336725322423,11.410435526115307,11.558111190795898,262000.0
2012-06-11,11.567954546995923,11.567954546995923,11.213532447814941,11.213532447814941,520600.0
2012-06-12,11.321827854506648,11.331673147541935,11.17415221457261,11.213532447814941,349500.0
2012-06-13,11.223379303604526,11.331675673333946,11.13477446323368,11.183999061584473,310800.0
2012-06-14,11.164309178426382,11.420281215696242,11.12492893722325,11.351365089416504,165600.0
2012-06-15,11.321828842163086,11.351363784946601,11.262758017697152,11.321828842163086,223400.0
2012-06-18,11.2922937372388,11.400589151822661,11.18399738375605,11.36120891571045,116800.0
2012-06-19,11.371054435654214,11.62702644492479,11.361209141705599,11.538420677185059,388800.0
2012-06-20,11.371055679467576,11.459661456899374,11.134774232248787,11.351365089416504,508600.0
2012-06-21,11.538420948170995,11.607336129632001,11.203688457247937,11.24306869506836,244400.0
2012-06-22,11.351364584876208,11.361209879464145,11.016632080078125,11.016632080078125,320200.0
2012-06-25,10.89849119936585,10.918181788248393,10.603139877319336,10.603139877319336,317300.0
2012-06-26,10.662210116293162,10.672055411057732,10.494843860891413,10.632675170898438,344400.0
2012-06-27,10.672055097138276,10.859110997667914,10.435773663132746,10.819730758666992,250500.0
2012-06-28,10.85910980536292,10.898490040039983,10.701588866654665,10.878800392150879,411900.0
2012-06-29,11.124926639450921,11.15446157952829,10.947715121189068,11.105236053466797,231500.0
2012-07-02,11.09539281554117,11.154462701638186,10.898490691487352,11.06585693359375,195700.0
2012-07-03,11.124927385780476,11.341519151642087,11.065856562764079,11.272603034973145,274500.0
2012-07-05,11.262758784376299,11.331674907427635,10.996942403432188,11.252914428710938,212400.0
2012-07-06,11.12492847442627,11.174154008607154,11.006787755731528,11.12492847442627,77500.0
2012-07-09,11.095393665573601,11.095393665573601,10.829576341075686,10.977252006530762,164800.0
2012-07-10,11.932223736710265,12.769054992795544,11.804237724667871,12.286645889282227,1645900.0
2012-07-11,12.27680207587361,12.946266171410072,12.257111485967153,12.38509750366211,719300.0
2012-07-12,12.306337279858917,12.47370354197692,12.178351259480502,12.326027870178223,531600.0
2012-07-13,12.46385775634211,12.887196042557823,12.3850972759623,12.55246353149414,721200.0
2012-07-16,11.60733642688806,12.306336370275675,11.53842124366218,11.74516773223877,1230700.0
2012-07-17,11.804238319396973,11.932224337887645,11.61718240861769,11.804238319396973,392500.0
2012-07-18,11.735323132093923,11.932224337887645,11.735323132093923,11.804238319396973,226900.0
2012-07-19,11.87315313361104,11.97160325617962,11.725476541409812,11.774702072143555,187000.0
2012-07-20,11.705786994208658,11.79439182362091,11.36120921497611,11.518730163574219,367700.0
2012-07-23,11.311984042390298,11.34151992536288,11.056012023354919,11.203688621520996,363700.0
2012-07-24,11.193843952564832,11.223378898288502,10.672055529917998,10.82957649230957,612000.0
2012-07-25,10.918181068270695,10.987096247017213,10.770504478086721,10.888646125793457,279700.0
2012-07-26,11.016630744071172,11.075701565536196,10.790194629402771,10.878800392150879,228600.0
2012-07-27,11.026475587327932,11.18399651960566,10.9181801811117,11.105236053466797,230900.0
2012-07-30,11.065856027129339,11.223376962349867,11.036321086500198,11.174152374267578,127100.0
2012-07-31,11.144617959034496,11.223378436993125,11.075702775545436,11.164308547973633,164300.0
2012-08-01,11.193843658940125,11.44981568556155,11.105237885194327,11.12492847442627,177000.0
2012-08-02,11.1150817566483,11.144616697815623,10.888645642867404,11.006786346435547,381100.0
2012-08-03,11.183998141438794,11.410435218598622,10.987096947538259,11.2922945022583,219200.0
2012-08-06,11.292294357669697,11.469504960461663,11.213533881117947,11.439970016479492,224000.0
2012-08-07,11.075703464498135,11.46950587878735,11.075703464498135,11.223379135131836,1018400.0
2012-08-08,11.243068431018928,11.666406681820344,11.006787009645587,11.538420677185059,452200.0
2012-08-09,11.508885539516086,11.863308633392384,11.252914452593057,11.814083099365234,378700.0
2012-08-10,11.814083099365234,11.892843578249085,11.64671684701231,11.814083099365234,345500.0
2012-08-13,11.774703373252667,11.8928440967289,11.774703373252667,11.804238319396973,417900.0
2012-08-14,11.843618392944336,11.942069463897417,11.686097430538602,11.843618392944336,2830300.0
2012-08-15,11.843618272538615,11.843618272538615,11.55811129635602,11.646717071533203,407000.0
2012-08-16,11.63687010736446,11.91253268812522,11.54826434489842,11.82392692565918,285100.0
2012-08-17,11.81408320583494,11.932223925225413,11.725477431567343,11.902688980102539,277900.0
2012-08-20,11.961758827165584,12.158660964337852,11.961758827165584,12.138970375061035,455100.0
2012-08-21,12.148815019759104,12.670603401993311,12.089744193987814,12.641068458557129,776600.0
2012-08-22,12.63122237292085,12.70013754958641,12.522926961175136,12.60168743133545,652700.0
2012-08-23,12.562309173882943,12.660759307632462,12.522928932603332,12.581998825073242,965800.0
2012-08-24,12.581998400918758,12.581998400918758,12.473702975775353,12.57215404510498,349900.0
2012-08-27,12.601687476242091,12.601687476242091,12.42447594830045,12.473701477050781,150900.0
2012-08-28,12.463855831075719,12.56230688579244,12.316180187899478,12.44416618347168,321300.0
2012-08-29,12.434323039529248,12.483548575396386,12.335871967794972,12.38509750366211,176900.0
2012-08-30,12.34571528854994,12.424475757783206,12.306335053933308,12.404786109924316,224000.0
2012-08-31,12.473702505797885,12.611533809886433,12.355561790392963,12.454011917114258,280800.0
2012-09-04,12.463857575109545,12.562308643602256,12.306336616640383,12.483548164367676,495700.0
2012-09-05,12.483548074087434,12.542617963636694,12.385097006306713,12.5032377243042,141400.0
2012-09-06,12.542618583793631,12.660759307632462,12.434323154999456,12.581998825073242,194100.0
2012-09-07,12.572152953380069,12.808434372574487,12.414631068351557,12.719828605651855,403100.0
2012-09-10,12.690293775742163,12.936420490981469,12.641068244914521,12.80843448638916,361900.0
2012-09-11,12.808436987762716,12.916732425613537,12.680450958175879,12.778901100158691,217200.0
2012-09-12,12.660758402348131,12.86750488900781,12.30633625617394,12.798589706420898,270900.0
2012-09-13,12.798591448376774,12.995492667495062,12.709985665048775,12.946267127990723,264700.0
2012-09-14,12.887195477689183,13.07425137566749,12.778899117739527,12.798589706420898,336600.0
2012-09-17,12.769055043972763,12.769055043972763,12.44416783475494,12.5032377243042,187600.0
2012-09-18,12.473702132014328,12.552462606590828,12.276800945573077,12.316181182861328,282700.0
2012-09-19,12.355561330748962,12.414631216804468,12.296490505794544,12.335870742797852,191800.0
2012-09-20,12.22757478854928,12.326025846181594,12.089743495643818,12.237420082092285,185500.0
2012-09-21,12.237421898268128,12.30633708549924,12.207886013255642,12.257111549377441,208800.0
2012-09-24,12.286644391387222,12.326025564659792,12.158659333846764,12.188194274902344,293800.0
2012-09-25,12.257110462419014,12.316181288306584,12.040518686029827,12.060209274291992,341200.0
2012-09-26,12.020828013369469,12.138968716188717,11.902687310550219,12.079898834228516,272500.0
2012-09-27,12.1094338061549,12.306334978023507,12.040517691826752,12.188194274902344,343500.0
2012-09-28,12.158659799387678,12.375250627286732,12.089743682420812,12.30633544921875,254800.0
2012-10-01,12.375252323630534,12.660759307632462,12.355562672440234,12.581998825073242,301200.0
2012-10-02,12.631223239116192,12.877349959970209,12.542617469384918,12.621377944946289,346800.0
2012-10-03,12.61153539730692,12.670605292995065,12.503239023713544,12.532773971557617,190300.0
2012-10-04,12.591843274863972,12.71982928515613,12.513082797591712,12.67060375213623,129100.0
2012-10-05,12.719830421309714,12.818281496143305,12.601689694848826,12.739520072937012,380300.0
2012-10-08,12.67060396728964,12.84781551361084,12.67060396728964,12.84781551361084,254300.0
2012-10-09,12.857659765019736,12.897040001129644,12.79858894140543,12.867504119873047,155600.0
2012-10-10,12.837969722189523,12.85766031052933,12.503237231604231,12.621377944946289,563600.0
2012-10-11,12.700138255763504,12.729674137890079,12.631223075265993,12.660758018493652,108500.0
2012-10-12,12.611533844407266,12.778899154181481,12.542617722724877,12.562308311462402,330700.0
2012-10-15,12.581998476911822,12.63122401187395,12.522928586076459,12.55246353149414,123900.0
2012-10-16,12.55246456271971,12.601690101725874,12.483549371450517,12.532773971557617,370300.0
2012-10-17,12.57215311497316,12.719828769143058,12.493391701997114,12.680448532104492,67300.0
2012-10-18,12.70998366161468,12.877349906208588,12.641068480510926,12.749363899230957,221700.0
2012-10-19,12.719829679272289,12.719829679272289,12.434322705589354,12.463857650756836,185300.0
2012-10-22,12.42447724563921,12.60168879208492,12.29649123308386,12.5032377243042,172200.0
2012-10-23,12.42447774457602,12.828125448668343,12.237421834959699,12.38509750366211,334300.0
2012-10-24,12.394942009172357,12.493392135737269,12.326026826687025,12.34571647644043,108500.0
2012-10-25,12.483546787274197,12.493391141918334,12.099588789186821,12.237420082092285,286500.0
2012-10-26,12.227575982230052,12.266956221347582,12.089744675869216,12.178350448608398,76400.0
2012-10-31,12.188194902866025,12.40478667253022,12.109434430060663,12.266955375671387,153800.0
2012-11-01,12.296491778574081,12.719830074352526,12.266956832489239,12.70998477935791,123100.0
2012-11-02,12.81828033165653,12.81828033165653,12.542617722724877,12.562308311462402,99400.0
2012-11-05,12.55246456271971,12.601690101725874,12.483549371450517,12.532773971557617,98700.0
2012-11-06,12.56230854392611,12.906885403118597,12.532772660273265,12.84781551361084,223600.0
2012-11-07,12.660758565992056,12.877350349791934,12.552463143541598,12.759209632873535,346600.0
2012-11-08,12.641068788614604,12.926575753016069,12.532772428356116,12.562308311462402,132800.0
2012-11-09,12.503237484148777,12.670603732821942,12.217730519747311,12.562308311462402,295600.0
2012-11-12,12.532772101126252,12.709983639541196,12.414631388482597,12.641068458557129,144800.0
2012-11-13,12.434323832444353,12.709985536420184,12.434323832444353,12.532773971557617,226400.0
2012-11-14,12.532773003539155,12.552463593180367,12.365407686083824,12.424477577209473,371800.0
2012-11-15,12.719830960729457,13.015183258856428,12.483549497787509,12.946267127990723,729200.0
2012-11-16,12.89704080880873,12.975801285960932,12.463857245572676,12.562308311462402,422800.0
2012-11-19,12.601687283007479,12.621376930866367,12.394940816545445,12.404786109924316,225300.0
2012-11-20,12.46385663303413,12.503236869674883,12.198040270433783,12.247264862060547,525000.0
2012-11-21,12.22757537654607,12.276800907729372,12.119279959061938,12.207884788513184,259900.0
2012-11-23,12.237420271150768,12.365406272490508,12.119279563506133,12.30633544921875,80300.0
2012-11-26,12.3063369177948,12.365407748115773,12.188196196051848,12.296491622924805,435900.0
2012-11-27,12.306336291268275,12.601688550038503,12.266956052692175,12.562308311462402,520100.0
2012-11-28,12.532772759715058,12.532772759715058,12.365407445515805,12.483548164367676,116100.0
2012-11-29,12.375252104086771,12.572154245890685,12.266956677213816,12.296491622924805,346000.0
2012-11-30,12.335870832055994,12.424476600679286,12.11927999642008,12.316181182861328,303400.0
2012-12-03,12.611534646108765,12.749365020437368,12.473703332881152,12.70998477935791,471500.0
2012-12-04,12.641067950873062,12.818279482170928,12.326026063142532,12.414630889892578,3794900.0
2012-12-05,12.483547346911656,12.729674063127428,12.42447652190435,12.680448532104492,327700.0
2012-12-06,12.700138799266396,13.133322366671784,12.60168867132805,13.103787422180176,447500.0
2012-12-07,13.162857661035932,13.271153086316325,13.084097181032197,13.133322715759277,431500.0
2012-12-10,13.133322549802395,13.251463268315135,13.103787604898953,13.17270278930664,229900.0
2012-12-11,13.18254877866449,13.507436006421731,13.133323241965115,13.231773376464844,612000.0
2012-12-12,13.271152145942644,13.389293796475892,13.202236965547344,13.241617202758789,260700.0
2012-12-13,13.261307666195082,13.477898499373225,13.192391547548484,13.389293670654297,827000.0
2012-12-14,13.399139161735238,13.596041301535381,13.34991456568419,13.458209991455078,303500.0
2012-12-17,13.556660618948241,13.733871224526712,13.389294368919327,13.4483642578125,478900.0
2012-12-18,13.468055286224883,13.586196006765578,13.399139161735238,13.458209991455078,368000.0
2012-12-19,13.497589791156113,13.586195563394826,13.389294368919327,13.4483642578125,340200.0
2012-12-20,13.487742511174263,13.517277451273003,13.39913675197922,13.468052864074707,188200.0
2012-12-21,13.359758085197992,13.566504567926064,13.280997609768148,13.546814918518066,281300.0
2012-12-24,13.517279715399987,13.566505249742315,13.408984290966046,13.497590065002441,105700.0
2012-12-26,13.46805462649279,13.487744276168916,13.182547664446915,13.27115249633789,246100.0
2012-12-27,13.300687701181094,13.340067937424829,13.162856404878577,13.320377349853516,186800.0
2012-12-28,13.320376644483469,13.389292758434776,13.182546294378543,13.261306762695312,160600.0
2012-12-31,13.241616598083436,13.566503774966682,13.20223636267028,13.507433891296387,413800.0
2013-01-02,13.684645652770996,13.704336241612753,13.517279403211871,13.684645652770996,721700.0
2013-01-03,13.664956649756673,13.930773039412045,13.605885819333814,13.871703147888184,360300.0
2013-01-04,13.881546837769156,14.02922248840332,13.81263072042751,14.02922248840332,202900.0
2013-01-07,13.950462202919192,14.295039977542446,13.861856435793275,14.098137855529785,313200.0
2013-01-08,14.058757194811262,14.22612343013392,13.950461782090253,14.088293075561523,253300.0
2013-01-09,14.068603789245083,14.2162794510557,13.960308366510562,14.117829322814941,205300.0
2013-01-10,14.147363827022643,14.186744064872922,13.871702162070687,14.107983589172363,170100.0
2013-01-11,14.048914156872357,14.22612476348877,14.02922356786,14.22612476348877,182000.0
2013-01-14,14.196590332694473,14.226125278383023,14.137519502418378,14.216279983520508,205700.0
2013-01-15,14.167055145732366,14.285195865373554,14.088294665971576,14.275350570678711,266500.0
2013-01-16,14.235969328852091,14.442715808397825,14.147363560632646,14.403335571289062,320600.0
2013-01-17,14.462406475385846,14.491942359470379,14.12767490585197,14.275350570678711,623200.0
2013-01-18,14.304884322541968,14.393490089606056,14.285194673693782,14.334420204162598,252200.0
2013-01-22,14.304884072133449,14.393489837646484,14.216278306620415,14.393489837646484,192300.0
2013-01-23,14.393491140022755,14.423026084899902,14.324575955676421,14.423026084899902,300200.0
2013-01-24,14.393489293534593,14.472249762369074,14.14736259370213,14.295039176940918,284700.0
2013-01-25,14.314730826211237,14.442716840687213,14.255659996876565,14.383646011352539,187400.0
2013-01-28,14.27534940429485,14.442715644836426,14.27534940429485,14.442715644836426,191200.0
2013-01-29,14.423026191452205,14.52147726030198,14.354111006596751,14.511631965637207,174500.0
2013-01-30,14.491941966485971,14.52147691087061,14.363955955620593,14.482096672058105,169300.0
2013-01-31,14.442716840687213,14.442716840687213,14.324576120916847,14.383646011352539,3101200.0
2013-02-01,14.472251503185209,14.698688582495794,14.42302596951778,14.678997993469238,427800.0
2013-02-04,14.57070246274997,14.669152590457694,14.472251396143292,14.590392112731934,467600.0
2013-02-05,14.649462072178594,14.718377251379183,14.462405244492855,14.570701599121094,482600.0
2013-02-06,14.521477036852637,14.698688582495794,14.521477036852637,14.678997993469238,563600.0
2013-02-07,14.708532970437016,14.797138743453335,14.600237547249828,14.787294387817383,370000.0
2013-02-08,14.76760343485628,14.866054499981566,14.738068490878272,14.757758140563965,340900.0
2013-02-11,14.688843970880578,14.777449747821521,14.629773139953613,14.629773139953613,223100.0
2013-02-12,14.67899810073747,14.875899297947097,14.58054797158214,14.767603874206543,209500.0
2013-02-13,14.777448729148597,14.816828967418923,14.718377902293637,14.757758140563965,432400.0
2013-02-14,14.767602944284906,14.885743655171316,14.747912356354382,14.875898361206055,455500.0
2013-02-15,14.895590176639548,14.954660067501079,14.816829696224849,14.925125122070312,250100.0
2013-02-19,14.944814846386885,15.013730028035127,14.767603306264059,14.905434608459473,537000.0
2013-02-20,15.161405893193319,15.210631426001527,14.974349995200866,15.082645416259766,1454000.0
2013-02-21,15.318927112143614,15.505983001908259,15.269701581500632,15.476448059082031,997400.0
2013-02-22,15.318926858930245,15.456757215773651,15.131870033358643,15.190940856933594,636900.0
2013-02-25,15.20078627955075,15.338617584974921,14.915279313164142,14.934969902038574,492500.0
2013-02-26,14.964504180405234,14.994039123503377,14.610082046530776,14.747912406921387,610600.0
2013-02-27,14.68884254076869,15.437067985534668,14.68884254076869,15.437067985534668,437200.0
2013-02-28,15.397688407857807,15.505983829936278,15.259857102476971,15.279547691345215,480000.0
2013-03-01,15.230322626003424,15.555209841119487,15.053111076340487,15.50598430633545,468000.0
2013-03-04,15.486292550185752,15.761955148649422,15.45675760709997,15.673349380493164,381700.0
2013-03-05,15.742265427891386,15.870252379077959,15.683195538465698,15.693039894104004,893300.0
2013-03-06,15.761956016965925,15.801335317317074,15.673350243928429,15.693039894104004,389100.0
2013-03-07,15.752109854654524,15.752109854654524,15.614278555422688,15.673349380493164,295900.0
2013-03-08,15.781646364421817,15.89978614146446,15.732419892489133,15.752110481262207,549700.0
2013-03-11,15.771800229091856,15.899785293696944,15.722574698682799,15.840715408325195,325300.0
2013-03-12,15.87025220730684,16.116378934680846,15.801335146291876,16.076997756958008,546900.0
2013-03-13,16.145913285843314,16.313279539152703,15.624124875531153,15.65365982055664,916800.0
2013-03-14,15.505983647032844,15.702884838897917,15.210631389785764,15.663504600524902,9717600.0
2013-03-15,15.59458945712783,15.89978607055782,15.505983685842045,15.880095481872559,1002400.0
2013-03-18,15.85056179000342,15.85056179000342,15.653659654853891,15.693039894104004,339400.0
2013-03-19,15.80133444683119,15.899785508982346,15.624123849417586,15.673349380493164,434000.0
2013-03-20,15.732420635490005,15.752111225193014,15.505984487299372,15.574899673461914,326200.0
2013-03-21,15.505983975018191,15.693039876521915,15.496138680491953,15.584744453430176,644300.0
2013-03-22,15.54536370129045,15.643814765506427,15.505983463383844,15.594589233398438,412800.0
2013-03-25,15.62412441761881,15.663504656131629,15.486293113374476,15.535518646240234,264800.0
2013-03-26,15.505983001908259,15.643814299928827,15.397687585612822,15.476448059082031,275900.0
2013-03-27,15.368152358734145,15.456758129887278,15.309082470564686,15.318927764892578,285300.0
2013-03-28,15.36815232383723,15.3878429124483,15.092490655574837,15.210631370544434,767200.0
2013-04-01,15.230323261549437,15.279548798387603,14.97435122111018,15.240167617797852,1102100.0
2013-04-02,15.259857692580955,15.348463468116554,15.200786862590892,15.250012397766113,492800.0
2013-04-03,15.259856716945805,15.259856716945805,15.062955527732743,15.141716003417969,846800.0
2013-04-04,15.181095401176975,15.289390814526632,15.122024578232422,15.230320930480957,280200.0
2013-04-05,15.112180756843095,15.328771591186523,14.96450416371922,15.328771591186523,301700.0
2013-04-08,15.2795478514273,15.693039894104004,15.2795478514273,15.693039894104004,377800.0
2013-04-09,15.71273098468599,15.929322776924113,15.5552100226579,15.574899673461914,380900.0
2013-04-10,15.555208853989594,15.850561105051844,15.456757790669203,15.742264747619629,218200.0
2013-04-11,15.73242021590612,16.214828383976066,15.712730565627231,16.126222610473633,359900.0
2013-04-12,16.145910119440366,16.214825290617753,15.939164605908205,16.185291290283203,272800.0
2013-04-15,16.12622197568814,16.12622197568814,15.535518407089064,15.594589233398438,479300.0
2013-04-16,15.653659579673892,15.880095719549793,15.653659579673892,15.712730407714844,234400.0
2013-04-17,15.663503883633952,15.663503883633952,15.21063069362202,15.259856224060059,331500.0
2013-04-18,15.240166182809398,15.250011477029819,14.806983564999115,15.0137300491333,424400.0
2013-04-19,15.062956371091593,15.210632036544862,15.023576131044123,15.05311107635498,351600.0
2013-04-22,15.062956371091593,15.161406501760778,14.93497035621257,15.05311107635498,371400.0
2013-04-23,15.062956371091593,15.161406501760778,14.93497035621257,15.05311107635498,340600.0
2013-04-24,15.062956999639077,15.240167617797852,14.93497097941945,15.240167617797852,386100.0
2013-04-25,15.28939151763916,15.46660305572336,15.240165986071446,15.28939151763916,236400.0
2013-04-26,15.318927600450051,15.427223020197514,15.122025471601669,15.358307838439941,194000.0
2013-04-29,15.358307805958809,15.624124177103658,15.289391685448052,15.594589233398438,264500.0
2013-04-30,15.56505368817556,15.663503809687963,15.377996861173873,15.624123573303223,215800.0
2013-05-01,15.61427956450295,15.63397015376526,15.39768871601138,15.545364379882812,213000.0
2013-05-02,15.624124034974514,15.860406399163667,15.58474379742614,15.742264747619629,345100.0
2013-05-03,15.752110041731452,15.919476286036764,15.663504272522886,15.742264747619629,258100.0
2013-05-06,15.732419266664728,15.840715622810782,15.594588906331804,15.673349380493164,206500.0
2013-05-07,15.771802151427813,16.19514045008556,15.771802151427813,16.057308197021484,742200.0
2013-05-08,16.19513912221581,16.421575256672114,16.047461586198512,16.37234878540039,461500.0
2013-05-09,16.36250624613707,16.500336617491225,16.24436458654924,16.392040252685547,290800.0
2013-05-10,16.362505880820425,16.44126635952121,16.204983045620917,16.254209518432617,175600.0
2013-05-13,16.27389699796666,16.36250275429914,16.136064778228597,16.313276290893555,183800.0
2013-05-14,16.25420988133139,16.392040252685547,16.18529469565431,16.392040252685547,296100.0
2013-05-15,16.342815640093143,16.736618041992188,16.313279755776474,16.736618041992188,477500.0
2013-05-16,16.736617499711304,16.844913860898885,16.254209338290668,16.293588638305664,376500.0
2013-05-17,16.332969555658178,16.411730032230093,16.214827901901366,16.24436378479004,283800.0
2013-05-20,16.224673678564997,16.3034341574785,16.106533899093712,16.126222610473633,225700.0
2013-05-21,16.086842249110326,16.33296896420957,16.0474610733515,16.27389907836914,258100.0
2013-05-22,16.28374607303883,16.441267036930547,16.047462749403245,16.096689224243164,213100.0
2013-05-23,15.998237279310242,16.155758234605774,15.821025735153295,16.076997756958008,203100.0
2013-05-24,16.008083599511618,16.155759269839244,15.8111814538761,16.057308197021484,217500.0
2013-05-28,16.273899738004225,16.38219422013491,16.047461723808297,16.116378784179688,171800.0
2013-05-29,16.03762041089179,16.57909852596356,16.03762041089179,16.510183334350586,337600.0
2013-05-30,16.716925888564447,17.445460733372087,16.549559648689865,17.00243377685547,1015800.0
2013-05-31,16.98274009067445,17.130415715903435,16.9039796320325,17.061500549316406,368300.0
2013-06-03,17.100885872485115,17.100885872485115,16.785842083574632,16.982744216918945,256000.0
2013-06-04,16.95320552858896,17.15995292217293,16.92367152793239,17.09103775024414,240500.0
2013-06-05,17.130418100787978,17.15995398106472,16.588940106965044,16.598785400390625,406200.0
2013-06-06,16.58894150498408,16.766153045983454,16.42157525823999,16.71692657470703,373000.0
2013-06-07,16.913829038820033,16.913829038820033,16.52987194425755,16.638166427612305,206400.0
2013-06-10,16.638166318546734,16.70708150144744,16.441266064230135,16.549560546875,226400.0
2013-06-11,16.480645214505785,16.480645214505785,16.22467319619759,16.24436378479004,216400.0
2013-06-12,16.36250307335139,16.51017871085252,16.15575567861172,16.234516143798828,178500.0
2013-06-13,16.22467167333556,16.480643667617997,16.096686615093194,16.382192611694336,310100.0
2013-06-14,16.470798699636948,16.677546108940835,16.264053168130808,16.30343246459961,275200.0
2013-06-17,16.401886424662013,16.451111023407385,16.224674864701747,16.411731719970703,418200.0
2013-06-18,16.460954883107185,16.697236316514704,16.37234911085463,16.638166427612305,321800.0
2013-06-19,16.60863242741518,16.82522327199243,16.28374522165035,16.293588638305664,368300.0
2013-06-20,16.195139191106797,16.352660144250628,16.10653342023866,16.24436378479004,418400.0
2013-06-21,16.303434220661583,16.42157587838866,16.19513973535954,16.342815399169922,479600.0
2013-06-24,16.25420988133139,16.451110143580475,15.909632075148023,16.392040252685547,484600.0
2013-06-25,16.48064375708137,16.785840342083514,16.431419167751184,16.598785400390625,613900.0
2013-06-26,16.707080315303006,16.835067255430175,16.392038428525,16.608631134033203,300900.0
2013-06-27,16.707081859933034,17.03196907043457,16.598787374964484,17.03196907043457,480300.0
2013-06-28,17.04181370697082,17.376546199143608,17.012279702118903,17.189489364624023,659900.0
2013-07-01,17.228870391845703,17.356855459954073,17.150109916594893,17.228870391845703,343400.0
2013-07-02,17.317477637457202,17.42577400433299,17.189490680640723,17.219026565551758,379600.0
2013-07-03,17.140266872106405,17.366703033447266,17.012281787200124,17.366703033447266,231200.0
2013-07-05,17.465152815287627,17.47499810998112,17.228871376037723,17.337167739868164,224900.0
2013-07-08,17.337167080548088,17.58329380513146,17.307631197590844,17.494688034057617,193900.0
2013-07-09,17.583294173481825,17.87864549805,17.48484310602646,17.632518768310547,262400.0
2013-07-10,17.514378182630164,17.721123724742533,17.41592711971092,17.48484230041504,255000.0
2013-07-11,17.63251692017032,17.79988315396269,17.445460099391152,17.504531860351562,234000.0
2013-07-12,17.56360547247034,17.632520663757912,17.37654861197684,17.415929794311523,284300.0
2013-07-15,17.47499914879553,17.47499914879553,17.238717695499695,17.31747817993164,224800.0
2013-07-16,17.337165420388786,17.376544716096372,17.16979918858671,17.19933319091797,143600.0
2013-07-17,17.238714364423263,17.25840495117591,17.11072742832877,17.19933319091797,287600.0
2013-07-18,17.258407260118194,17.445462225900645,17.159956190981244,17.337167739868164,253700.0
2013-07-19,17.356854129343724,17.356854129343724,16.992587663408305,17.19933319091797,331100.0
2013-07-22,17.219026232206467,17.494688852645517,17.159956341325945,17.297786712646484,254200.0
2013-07-23,17.356855610710415,17.36670090492701,17.130419477122317,17.189489364624023,155700.0
2013-07-24,17.248561200803213,17.51437851235002,17.228870612289107,17.406082153320312,571800.0
2013-07-25,17.415927447577364,17.425772741834418,17.179646018801716,17.406082153320312,231000.0
2013-07-26,17.347014320398827,17.455308814458576,17.199336766847914,17.366703033447266,312500.0
2013-07-29,17.33716627230201,17.415926745385015,17.2387152114988,17.34701156616211,148800.0
2013-07-30,17.376546491241804,17.534067445759515,17.14026505946524,17.23871612548828,140500.0
2013-07-31,17.27809586523137,17.396237523027256,17.100886195234462,17.24856185913086,250500.0
2013-08-01,17.37654920481286,17.475000286210303,17.35685861297373,17.386394500732422,178900.0
2013-08-02,17.36669954140641,17.36669954140641,17.09103883617629,17.287939071655273,162100.0
2013-08-05,17.30763031053097,17.396236077063545,17.03196771711876,17.13041877746582,189800.0
2013-08-06,17.524219640661972,17.671897157437556,16.90398120583551,17.140262603759766,611000.0
2013-08-07,17.130420118520004,17.8392663062726,17.10088611256227,17.72112464904785,742700.0
2013-08-08,17.760508087862902,17.96725366707239,17.484845437785406,17.858957290649414,603300.0
2013-08-09,17.839264558386336,18.085391265507685,17.760504087219417,18.02631950378418,326800.0
2013-08-12,18.036166076344834,18.095235964459217,17.730969463656315,17.839265823364258,420500.0
2013-08-13,17.79988472563351,18.055856745670244,17.79988472563351,17.92786979675293,400600.0
2013-08-14,17.918025791971843,18.05585615292925,17.878644615813823,17.95740509033203,298300.0
2013-08-15,17.87864460656096,17.87864460656096,17.337166579253243,17.61282730102539,561600.0
2013-08-16,17.868798779674815,18.12477078354283,17.48484171277168,17.51437759399414,301700.0
2013-08-19,17.573446799492256,17.58329209285259,17.219023749710953,17.327320098876953,202700.0
2013-08-20,17.36669994366598,17.829419357244745,17.268250762545,17.770347595214844,380300.0
2013-08-21,17.73096797730661,17.878643624112172,17.504531860351562,17.504531860351562,265800.0
2013-08-22,17.563603294322196,17.977096268566473,17.563603294322196,17.92786979675293,143100.0
2013-08-23,17.97709702611685,18.28229365303014,17.92787055222892,18.203533172607422,426800.0
2013-08-26,18.223224354516383,18.32167542769447,18.10508269114307,18.17399787902832,241500.0
2013-08-27,18.04601051560895,18.095235107072266,17.63251756280458,17.691587448120117,192000.0
2013-08-28,17.65220854403841,17.760504901029368,17.47499700634333,17.48484230041504,151100.0
2013-08-29,17.455305831549214,17.553756891159647,17.307630181032454,17.51437759399414,221900.0
2013-08-30,17.494687816145735,17.740814537663383,17.415927340372004,17.66205406188965,234700.0
2013-09-03,17.72112562844555,17.868801299789652,17.543914071713406,17.829421997070312,255700.0
2013-09-04,17.918026380188117,18.065702040032953,17.80973001999622,17.92786979675293,444600.0
2013-09-05,17.87864498658694,18.47919479086632,17.87864498658694,18.4398136138916,900500.0
2013-09-06,18.557956380479283,18.843462419484634,18.282293758510338,18.292139053344727,884300.0
2013-09-09,18.351206674598934,18.74501090807092,18.321672671546963,18.498884201049805,491300.0
2013-09-10,18.617026131330036,19.010828532746725,18.459505170763357,18.892688751220703,345900.0
2013-09-11,18.9320690029116,19.020674782403386,18.626872361216602,19.00098419189453,355800.0
2013-09-12,18.961601844767003,19.040362316360934,18.892686666847034,18.932065963745117,200800.0
2013-09-13,18.912375376397193,19.08958690693298,18.902531960520996,18.932065963745117,344100.0
2013-09-16,19.158502084852948,19.197883259548792,18.863150785825148,18.932065963745117,265100.0
2013-09-17,18.902533820366177,19.079743490540093,18.882843231080873,19.060054779052734,248500.0
2013-09-18,19.020675319811765,19.197886883802255,18.892690233484256,19.099435806274414,295600.0
2013-09-19,19.158503528387868,19.25695459474771,19.020673162162833,19.050209045410156,213700.0
2013-09-20,19.02067223604848,19.08958741580553,18.7450115170203,18.813926696777344,212300.0
2013-09-23,18.804082359797658,18.951758020763506,18.626870815519474,18.922222137451172,325100.0
2013-09-24,18.941914833349117,19.197886883802255,18.902535529016852,19.099435806274414,398400.0
2013-09-25,19.128968426793552,19.227419487511863,19.06989854148168,19.19788360595703,354800.0
2013-09-26,19.217573721971572,19.39478525135538,19.069898073417647,19.316024780273438,474600.0
2013-09-27,19.22741981527834,19.40462947423481,18.96160251014689,19.119123458862305,450800.0
2013-09-30,19.02067221934232,19.168347872663112,18.80408138632501,19.15850257873535,492800.0
2013-10-01,19.21757635973538,19.42432192052878,19.079744108075104,19.24711036682129,368200.0
2013-10-02,19.128969739410806,19.24710951814122,18.991139371626016,19.227420806884766,316200.0
2013-10-03,19.197882931856682,19.32586799183806,18.91237505357847,19.010826110839844,362200.0
2013-10-04,19.01082775662634,19.355405547972737,18.99113904570778,19.306180953979492,205000.0
2013-10-07,19.197884194838757,19.29633525857699,19.119123719407742,19.16834831237793,192700.0
2013-10-08,19.138814150942398,19.217574625728258,18.853306256220005,18.86315155029297,218500.0
2013-10-09,18.912377356640555,18.94191324075503,18.73516768534758,18.8040828704834,289600.0
2013-10-10,18.95175642789586,19.40462866716759,18.863150663203953,19.316024780273438,122300.0
2013-10-11,19.325871457743343,19.788590946516685,19.325871457743343,19.778745651245117,532400.0
2013-10-14,19.739363336765187,19.91657488588215,19.631068850592126,19.709829330444336,138500.0
2013-10-15,19.709829330444336,20.04456183926571,19.621223555885855,19.709829330444336,312800.0
2013-10-16,19.837814072444715,19.9658010236761,19.768898888457628,19.788589477539062,389100.0
2013-10-17,19.729518124956655,19.84765789508818,19.66060106828251,19.798433303833008,171000.0
2013-10-18,19.867352563711776,19.98549235811069,19.739365595681747,19.8476619720459,183600.0
2013-10-21,19.916575691167882,19.98549087910026,19.808281200616154,19.857505798339844,165600.0
2013-10-22,19.916573124622126,20.103629951903567,19.88703912091302,20.015024185180664,194200.0
2013-10-23,19.985487979637092,20.143008922857653,19.887038798472563,20.09378433227539,199200.0
2013-10-24,20.113474449928578,20.280840682916736,20.103629156482484,20.211925506591797,128200.0
2013-10-25,20.310377408006797,20.38913788833545,20.005180781458005,20.359603881835938,288700.0
2013-10-28,20.310375666582786,20.83216497764532,20.290686956537222,20.664798736572266,256500.0
2013-10-29,20.477742628860987,20.704180641439077,20.320221676161893,20.37929344177246,130700.0
2013-10-30,20.359601958236652,20.615573964569734,19.90672783078649,20.015024185180664,228200.0
2013-10-31,20.05440745376439,20.339913493607163,19.97564697265625,19.97564697265625,339400.0
2013-11-01,19.985489070784766,20.162700611032555,19.778743525694253,19.946109771728516,196100.0
2013-11-04,20.773094032058744,21.304726732120972,20.438361566990864,21.15705108642578,738500.0
2013-11-05,21.432716307226848,21.432716307226848,20.950308137077432,21.216123580932617,469100.0
2013-11-06,20.6746446932079,21.22596802591004,20.192236542368793,21.196434020996094,304600.0
2013-11-07,21.25550363379681,21.35395469709873,20.44820829475721,20.458053588867188,325300.0
2013-11-08,20.49743525708774,20.881392382774436,20.379295469706324,20.684492111206055,349700.0
2013-11-11,20.773095421360562,20.86170119026316,20.526968702808418,20.58603858947754,274500.0
2013-11-12,20.536813884836675,20.67464424557856,20.290687167627407,20.497432708740234,282400.0
2013-11-13,20.408826792374107,20.56634774002232,20.320221024597263,20.536813735961914,162200.0
2013-11-14,20.566348590258194,20.684490244777365,20.517123996257308,20.556503295898438,235200.0
2013-11-15,20.576193693747392,20.64510887582851,20.359602853235607,20.37929344177246,221700.0
2013-11-18,20.674645059871374,20.95030767001024,20.615575171198014,20.645109176635742,764400.0
2013-11-19,20.674646508241466,20.86170335957567,20.33991398597943,20.41867446899414,158700.0
2013-11-20,20.408828145114743,20.615575576230313,20.369448844491455,20.438364028930664,199600.0
2013-11-21,20.418671357644484,20.566347006069844,20.261150415617735,20.477741241455078,122400.0
2013-11-22,20.47774495610283,20.674647108253048,20.38913917541504,20.38913917541504,190100.0
2013-11-25,20.408826792374107,20.61557420978602,20.408826792374107,20.536813735961914,114800.0
2013-11-26,20.52696980258049,20.615575576230313,20.41867343972005,20.438364028930664,126200.0
2013-11-27,20.556501828535403,20.615573590477283,20.428516766590192,20.566347122192383,165300.0
2013-11-29,20.654953294538505,20.822319534411413,20.566347527676506,20.704179763793945,128800.0
2013-12-02,20.733713865673327,21.147206820386938,20.733713865673327,21.137361526489258,243700.0
2013-12-03,21.10782682004103,21.166896703663234,20.920769997806683,21.078290939331055,275100.0
2013-12-04,20.960153431708804,21.285040643352204,20.832166479298948,21.216123580932617,391000.0
2013-12-05,21.18658950785763,21.27519528146189,20.763251229036815,20.782941818237305,327900.0
2013-12-06,20.881388504076437,21.26534743624119,20.812473327938527,21.15705108642578,331600.0
2013-12-09,21.20627924339423,21.216122659800288,20.792786275818923,20.979841232299805,293700.0
2013-12-10,20.96015252168983,21.285039719227726,20.861701457448497,20.979841232299805,274200.0
2013-12-11,21.048757401658595,21.117674464320018,20.98968751146104,21.088138580322266,193700.0
2013-12-12,21.117672483893106,23.647854764015584,21.01922142426467,23.53955841064453,3578900.0
2013-12-13,23.618321340021346,24.543758392333984,23.559251449217808,24.543758392333984,3572700.0
2013-12-16,33.13850365343321,34.132854016469906,31.356546606886898,32.65609359741211,10907200.0
2013-12-17,32.50841819676909,35.47178230492942,32.49857102466329,34.42820739746094,4393900.0
2013-12-18,34.004867910733445,34.67433287726058,33.23695000466076,34.487274169921875,2532600.0
2013-12-19,34.36913615763953,36.55474270470251,34.260839796392865,36.46613693237305,3449800.0
2013-12-20,36.180626008294944,37.57862390443301,35.836050119977955,37.558937072753906,2392500.0
2013-12-23,37.608161541652294,38.49421543257457,37.59831437024904,37.81490707397461,3199400.0
2013-12-24,37.65739291054535,37.745998691146944,37.1848299992022,37.667236328125,740700.0
2013-12-26,37.60816384621493,38.179175887942726,37.50971090412687,37.82475280761719,811400.0
2013-12-27,37.95273860945602,37.95273860945602,37.50970977241579,37.755836486816406,454900.0
2013-12-30,37.83460286897759,38.31700917746442,37.765687682050896,37.93305206298828,814400.0
2013-12-31,37.903514017695024,37.9330480216325,37.51955694412536,37.755836486816406,968600.0
2014-01-02,37.63769745206191,37.883824171279365,36.61380939877432,36.78117752075195,2002700.0
2014-01-03,36.67288200320726,37.17497886944675,35.087825294253854,35.55054473876953,2144000.0
2014-01-06,35.540698272138606,35.95419313101073,34.959839039729665,35.265037536621094,1335500.0
2014-01-07,35.609609633668,35.658837978808386,34.85154269236605,35.137046813964844,962100.0
2014-01-08,35.127205736204665,35.629302591933026,34.82200725176071,35.27488327026367,704900.0
2014-01-09,35.12720081272836,35.363480327390675,34.79246837062744,35.07797622680664,738600.0
2014-01-10,35.215813412409936,35.74744805709482,34.861390315953344,35.49147415161133,1386700.0
2014-01-13,35.01890941635542,35.560387449162114,34.94015081887598,35.14689636230469,1031200.0
2014-01-14,35.530855693359506,35.58992746190461,34.71371312866729,35.412715911865234,1141600.0
2014-01-15,34.762936031715604,35.5210067090472,34.762936031715604,35.24534225463867,1454500.0
2014-01-16,35.22565659305706,35.54069850877348,34.615263350805975,34.75309371948242,1608800.0
2014-01-17,34.9696864247926,35.904968754611524,34.82200888381219,35.4422492980957,1995400.0
2014-01-21,35.42255892227577,35.69821966113059,35.21581336813466,35.61946105957031,1694600.0
2014-01-22,35.43240605048965,35.924659515313586,35.353643693431785,35.7474479675293,1707300.0
2014-01-23,35.79667489766795,35.836056078765445,35.15674384942008,35.19612503051758,1267500.0
2014-01-24,35.26503684092298,35.26503684092298,33.88672567933462,34.17223358154297,1815500.0
2014-01-27,34.07378212629567,35.27488166558952,33.84734600514275,34.85154342651367,1286600.0
2014-01-28,34.85154501518594,36.584275469582245,34.67433347653685,36.525203704833984,1008700.0
2014-01-29,36.52520325988342,37.952738968012696,35.48162838454687,37.67707824707031,2481000.0
2014-01-30,37.913359161417944,38.2185576531962,37.22420733416993,37.23405075073242,1554100.0
2014-01-31,36.95838732229206,37.43095015031148,36.20031661205398,36.613807678222656,2068800.0
2014-02-03,36.45628847294194,36.58427541858692,35.53085336008335,35.96403503417969,894500.0
2014-02-04,35.87542462035509,38.01180622090569,35.87542462035509,37.962581634521484,1979400.0
2014-02-05,37.63770456469073,37.9921277082367,37.01746406348528,37.37188720703125,1978200.0
2014-02-06,37.33249740954932,38.769880244019845,36.98792151926954,38.42530059814453,2008000.0
2014-02-07,38.38592607997224,38.602515046404385,37.637698725109736,37.844444274902344,1091600.0
2014-02-10,37.91335522086484,38.04134215644953,37.27342805413217,37.490020751953125,604600.0
2014-02-11,37.362034943179935,38.62220248357219,37.362034943179935,38.24808883666992,1329200.0
2014-02-12,38.11026315677855,39.1636852934838,37.942898777860876,38.267784118652344,1036300.0
2014-02-13,37.92320763226541,38.38592709405998,37.51955993865609,38.29732131958008,691400.0
2014-02-14,37.942897393593505,38.25793930584745,37.568783714443505,38.14964294433594,1085400.0
2014-02-18,38.317004734477344,38.956935688132745,38.14964037294643,38.651737213134766,1330400.0
2014-02-19,38.572987729246506,39.065241269685494,37.88383202151264,38.20872116088867,1356200.0
2014-02-20,36.032952281546514,39.242446989465435,36.02310886466888,38.986473083496094,2468200.0
2014-02-21,39.59687069962418,40.90626298918366,39.00616427673154,40.7684326171875,3817800.0
2014-02-24,41.04409023374117,42.4913165406184,40.620751977383826,41.17207717895508,2192600.0
2014-02-25,41.61510129984669,41.733241059775196,40.84718722691854,41.02439498901367,890600.0
2014-02-26,42.03844709337659,42.39287019270783,41.24099511988129,42.09751510620117,2429100.0
2014-02-27,42.29441324252902,42.29441324252902,41.02439850865361,41.92030334472656,1060900.0
2014-02-28,42.0876745179642,43.01310975184166,41.99906873717622,42.33380126953125,1052300.0
2014-03-03,41.91045733461151,41.91045733461151,40.453387611454296,41.17207717895508,1911500.0
2014-03-04,41.7627782907465,42.127048525057475,40.866877217843886,41.999061584472656,972400.0
2014-03-05,41.79231682767424,42.0285963702032,41.359131407045126,41.5855712890625,612900.0
2014-03-06,41.74309477846359,42.00890834110012,41.40836227649645,41.77262878417969,787700.0
2014-03-07,42.028600744339066,42.65868835304923,41.51665667478481,41.684024810791016,853000.0
2014-03-10,41.73324828966799,42.442094483230456,41.33944776981899,42.17627716064453,921000.0
2014-03-11,42.274721205509636,42.53069508006731,40.82749874395449,40.98501968383789,542000.0
2014-03-12,40.80781151699519,40.80781151699519,39.97097840354136,40.63059997558594,554900.0
2014-03-13,40.74873966594717,41.01455697750408,39.301513332669245,39.508262634277344,651500.0
2014-03-14,39.39011910318822,40.049740673850714,39.242445322720435,39.508262634277344,700700.0
2014-03-17,39.69531601820345,40.04973908622956,39.6657820143998,39.774078369140625,615400.0
2014-03-18,39.72485295497266,40.039894870790356,39.48857339590732,39.754390716552734,785600.0
2014-03-19,40.108818169950936,40.44355071133694,39.64609866273009,39.85284423828125,859000.0
2014-03-20,39.7150082619797,40.1088125218953,39.370432351250365,39.941444396972656,487400.0
2014-03-21,40.325398975829906,40.37462356635774,39.38027331755159,39.4984130859375,943000.0
2014-03-24,39.498417069065894,39.842996748700145,38.77972745921741,39.80361557006836,701600.0
2014-03-25,39.990671262838404,41.231152123139815,39.82330688400185,40.07927703857422,853200.0
2014-03-26,40.24663939316443,40.62074927645977,38.83879435620787,38.91755294799805,1330500.0
2014-03-27,38.83879610753741,39.85283696448221,38.523754214979895,39.774078369140625,651000.0
2014-03-28,39.97097451177678,41.6544839912501,39.77407615657815,41.01455307006836,914200.0
2014-03-31,41.073626955473614,41.64463897517024,40.89641542214814,41.53634262084961,675100.0
2014-04-01,41.684024810791016,42.284574656914195,40.955488008380264,41.684024810791016,973600.0
2014-04-02,41.76278227651672,41.871078639993684,41.083473845064724,41.615108489990234,378200.0
2014-04-03,41.6446415427866,41.723403898274306,40.7881215826348,41.162235260009766,883800.0
2014-04-04,41.359131655957796,41.56588095140944,40.089120657131176,40.12849807739258,680300.0
2014-04-07,40.01035784762233,40.22695055676218,37.608162481763145,38.39576721191406,1714200.0
2014-04-08,38.31700933698497,39.15384251194383,38.001967408123946,38.79941940307617,1940500.0
2014-04-09,38.98647301364042,39.9217553503678,38.8092614653933,39.80361557006836,874800.0
2014-04-10,40.10881583872431,41.04409446107487,39.41966020467963,39.84299850463867,1051100.0
2014-04-11,39.47872487068023,39.9611349002678,38.60251433761302,38.81910705566406,887900.0
2014-04-14,38.99632270134555,39.16368708793172,38.03150629621196,38.307167053222656,514000.0
2014-04-15,38.3465437585847,38.6812762482832,37.29312169656796,38.464683532714844,608600.0
2014-04-16,38.681274323217494,38.8781764406989,38.08072455491719,38.80925750732422,374600.0
2014-04-17,38.88802569277406,39.33105458469703,38.76003873386385,38.89786911010742,386200.0
2014-04-21,38.83879624036349,38.95693601157769,38.27762763260153,38.700965881347656,342300.0
2014-04-22,38.740344098316754,39.695316970565784,38.70096667749903,39.53779602050781,488100.0
2014-04-23,39.675624400282835,40.47307628263557,39.3212013414594,40.138343811035156,548100.0
2014-04-24,40.39431781654052,40.44354616712778,39.498416667552036,40.01036071777344,391200.0
2014-04-25,39.92175358747335,40.463231625163715,39.67562686528721,39.76423263549805,607200.0
2014-04-28,39.73470146015371,39.73470146015371,38.4449959920433,38.87818145751953,631200.0
2014-04-29,39.56733267405558,40.34509406011111,39.084926375279025,40.15803909301758,628200.0
2014-04-30,40.11865687734711,41.083473205566406,39.84299614231183,41.083473205566406,498000.0
2014-05-01,41.01455299926163,42.10735614446627,40.7881168866978,42.08766555786133,1172200.0
2014-05-02,42.05814038157607,43.38722333375497,42.00891202693552,43.150943756103516,2077200.0
2014-05-05,43.08202429482944,43.59396838107208,42.57992738163546,42.924503326416016,1252900.0
2014-05-06,42.92450323561738,45.740193826197796,42.530702693214906,44.73599624633789,2055500.0
2014-05-07,44.89351006527757,47.59106043912102,44.79506088425368,47.28586196899414,1934900.0
2014-05-08,47.079120653064756,47.33509455561109,46.143838327168574,46.38996505737305,1289300.0
2014-05-09,46.2225984113894,46.60655549073915,45.67127321081796,46.252132415771484,693100.0
2014-05-12,46.498259801748766,47.25633055507457,46.370272854928636,46.78376770019531,890300.0
2014-05-13,46.901906174911254,47.14803288972972,46.261978969740625,46.28166580200195,855200.0
2014-05-14,46.43919526617868,46.58687282439197,45.78942077011356,45.86818313598633,517400.0
2014-05-15,46.015848737890494,46.0749167413511,44.46032621644185,44.69660949707031,1298900.0
2014-05-16,44.667076072892606,44.893512204513954,44.243737814245314,44.79506301879883,794300.0
2014-05-19,44.450489412178975,45.051035485054584,44.3323458764956,44.804908752441406,876200.0
2014-05-20,44.834444598810535,45.336541459429405,44.33234398259593,45.27747344970703,1053500.0
2014-05-21,45.0608808539781,46.19306152532685,44.53909340351284,45.58266830444336,781100.0
2014-05-22,45.47436940329731,45.68111869311206,44.69661185710185,45.39561080932617,658700.0
2014-05-23,45.34638712566236,46.350584569150186,45.22824359894925,46.10445785522461,508400.0
2014-05-27,46.22260248016749,46.52779723390244,46.07492493406631,46.301361083984375,382100.0
2014-05-28,46.26197880191315,46.48841492805321,45.868174557393985,46.10445785522461,604200.0
2014-05-29,46.321047559417785,46.45887792055171,45.946933896628806,46.38011932373047,799200.0
2014-05-30,46.271822350662774,46.76407577992514,46.03553905215476,46.40965270996094,611600.0
2014-06-02,46.57702020925172,46.79360916144107,46.27182173515438,46.439186096191406,662400.0
2014-06-03,46.39981222971491,46.91175627921172,46.173376088598296,46.38996505737305,611000.0
2014-06-04,46.23244518542408,46.61640229265989,46.03554304551969,46.58686828613281,537400.0
2014-06-05,46.71485433985921,48.053784358682606,46.48841819779288,47.25633239746094,1006600.0
2014-06-06,47.27602246856187,47.77811934232053,47.000361734388164,47.15788269042969,513400.0
2014-06-09,47.08896575132636,47.17756776492539,46.62624631713221,47.118499755859375,468800.0
2014-06-10,46.99051354849108,47.41385181289516,46.783768002320464,47.394161224365234,446700.0
2014-06-11,47.079117408439835,47.14803258769989,45.976470784683436,46.36042785644531,1348900.0
2014-06-12,46.321042571989615,46.321042571989615,44.23388928041091,44.42094421386719,1799600.0
2014-06-13,44.420950663890196,44.74583974640998,44.26342970874006,44.48002243041992,380000.0
2014-06-16,44.450493849612606,44.6572394243038,44.02715552680896,44.214210510253906,320100.0
2014-06-17,43.948387147683654,44.765529672397406,43.830247371969335,44.637542724609375,452800.0
2014-06-18,44.6178503778148,44.66707496945634,44.02714776692512,44.59815979003906,561300.0
2014-06-19,44.548936596402996,44.96242768588256,44.38157222845053,44.71630096435547,367500.0
2014-06-20,44.94274085308463,44.952584269483594,44.60800836158396,44.71630096435547,285800.0
2014-06-23,44.7852225387855,44.893515147934,44.49971462365848,44.77537536621094,761700.0
2014-06-24,45.897712024619885,46.01585556024787,44.1748248971354,44.24374008178711,791800.0
2014-06-25,44.381574900163876,45.27747607023073,44.20436334954881,45.20855712890625,537000.0
2014-06-26,45.10025954181193,45.29715790467799,44.322498239466164,45.26762390136719,359000.0
2014-06-27,45.10026301139014,45.10026301139014,44.54893778840314,44.785221099853516,359800.0
2014-06-30,44.854132603422514,45.336538847812946,44.59815872405184,45.09041213989258,431100.0
2014-07-01,45.23809694700302,45.93709600864314,44.98212302643873,45.85833740234375,810200.0
2014-07-02,45.90755573939848,46.094610689993715,45.11995100584539,45.287315368652344,232300.0
2014-07-03,45.34639167567366,45.641743010900484,45.326701085912404,45.56298065185547,171200.0
2014-07-07,45.553132504395364,45.769725213681504,44.09606281373311,44.292964935302734,636800.0
2014-07-08,44.10590712523771,44.33234325518145,43.21000602172303,43.495513916015625,768000.0
2014-07-09,43.56443399101428,44.332348235844805,43.28877323760766,44.25358963012695,761400.0
2014-07-10,43.6038123633183,44.302811374777335,43.33799504439813,44.017303466796875,501800.0
2014-07-11,43.98776736898632,44.28311867965236,43.59396311770115,44.184669494628906,239300.0
2014-07-14,44.283118851773125,44.844287470898465,43.78102199724886,43.80071258544922,448500.0
2014-07-15,43.899165742592466,44.30281344823028,43.56443322409311,43.97792434692383,332500.0
2014-07-16,44.2929712304659,44.361886419470544,43.57427782125274,44.046844482421875,417000.0
2014-07-17,43.94838684027563,43.95823401228047,43.20016325852426,43.33799362182617,572100.0
2014-07-18,43.387219691195774,45.35623353243214,43.05248718796176,45.13964080810547,1054800.0
2014-07-21,45.0313426297348,45.041186045260865,44.03698865980983,44.411102294921875,420900.0
2014-07-22,44.59816228228937,45.188868681784726,44.59816228228937,44.913204193115234,342300.0
2014-07-23,45.001814555410796,45.2184072995443,44.67692919480674,45.188873291015625,877300.0
2014-07-24,45.18886757461172,45.28731676098426,44.352034468062186,44.71630096435547,1125700.0
2014-07-25,44.6080075232899,44.80490589233479,43.987767145130675,44.0074577331543,537600.0
2014-07-28,44.01730313433399,44.01730313433399,43.239541772508225,43.53489685058594,913600.0
2014-07-29,43.534897195595626,43.603812379534354,43.15094009776677,43.328147888183594,1151500.0
2014-07-30,43.46598175189448,43.525049763148466,42.97372829493348,43.27892303466797,398500.0
2014-07-31,42.80635917673498,43.249388028873746,41.9498392329972,42.954036712646484,1065900.0
2014-08-01,42.698061719921874,43.29861150897969,41.93014756635714,42.75713348388672,559800.0
2014-08-04,42.85558935069775,43.57427902415477,42.383026432079276,43.426605224609375,534900.0
2014-08-05,43.19031670342452,44.09606500542465,42.88512196763844,43.3084602355957,493000.0
2014-08-06,43.052484829045824,43.11155659306079,42.570078567508425,42.629146575927734,541000.0
2014-08-07,42.8260490970747,43.18047217325615,42.33379565917729,42.422401428222656,417500.0
2014-08-08,42.49131735519765,44.15513265249185,42.49131735519765,44.07637405395508,805100.0
2014-08-11,44.20436170640353,44.529247033390696,43.60381189115318,43.79086685180664,867900.0
2014-08-12,44.923055947468924,45.356237680139735,43.987773536233384,45.188873291015625,2226900.0
2014-08-13,45.87802078059056,47.20710737046779,45.395614494913374,46.90190887451172,3630400.0
2014-08-14,47.02989226332623,47.21694721117376,46.65577861203561,46.95112991333008,1716200.0
2014-08-15,47.40400857625195,47.40400857625195,46.01585400219002,46.321048736572266,1418500.0
2014-08-18,46.616404073829585,48.309757283874546,46.5376454682161,48.18177032470703,1548700.0
2014-08-19,48.43774289941335,49.24503830143724,48.358980540388586,48.49681091308594,1088400.0
2014-08-20,48.48696723887385,48.683869379795574,48.132544136333934,48.44758605957031,935400.0
2014-08-21,48.447587660395214,48.54604061190718,48.162079734404635,48.18177032470703,1270100.0
2014-08-22,48.04392748454624,48.142380410517376,47.74857621782306,47.85687255859375,644900.0
2014-08-25,48.1128523946277,48.240839346501595,47.73874246698999,47.817501068115234,473000.0
2014-08-26,47.965176945045755,47.965176945045755,47.57137268629469,47.6501350402832,773800.0
2014-08-27,47.61075823669785,48.04393995663845,47.522152458119535,47.620601654052734,517700.0
2014-08-28,47.531989425273224,47.72889154601564,46.990511409928274,47.00035858154297,485800.0
2014-08-29,47.31540503018659,47.40401080527592,46.49826246485212,46.7148551940918,990500.0
2014-09-02,47.39416594086458,48.91030760818834,47.27602615352391,48.408206939697266,1521900.0
2014-09-03,46.02569920819036,46.91175695186982,45.77957247445672,46.232444763183594,6262900.0
2014-09-04,46.3210493653724,46.6557818650034,45.503910582964735,45.602359771728516,1620400.0
2014-09-05,45.74018883109397,46.892063835810696,45.72049824278476,46.6065559387207,2628700.0
2014-09-08,46.60655801779162,46.74438838650886,45.769728633096456,45.878021240234375,1394700.0
2014-09-09,45.799256712558645,45.858328472477396,45.159325791356025,45.228240966796875,1137900.0
2014-09-10,45.090412108256025,45.41530116516881,44.44063775002597,45.21839904785156,2470100.0
2014-09-11,45.090416213193734,45.63189426841456,44.863980072123056,45.13964080810547,875600.0
2014-09-12,45.04119095914228,45.42514805166915,44.43079772885843,45.29716110229492,2429900.0
2014-09-15,45.32669356040138,45.41529932181796,44.352030184818915,44.48986053466797,1144600.0
2014-09-16,44.312653382814204,44.5194026835768,43.751484757020854,43.89916229248047,1864800.0
2014-09-17,44.056680983544645,44.28311710552603,43.42659720836242,43.63334274291992,2091300.0
2014-09-18,43.73179683819524,44.05668593380095,43.52505128040758,43.83024978637695,1210900.0
2014-09-19,43.8302422064734,43.88931396516669,43.29860764501972,43.57426834106445,2261800.0
2014-09-22,43.40690363820392,43.40690363820392,42.24518534919162,42.83588790893555,2659100.0
2014-09-23,42.80636009413949,43.19031718902328,42.30426322135203,42.845741271972656,1952900.0
2014-09-24,42.757131490016995,42.786665492824355,42.09750996775411,42.5405387878418,1053400.0
2014-09-25,42.47162735087065,42.619304889102594,41.04409158514647,41.41820526123047,1545600.0
2014-09-26,41.46742588925264,42.09750964833183,41.11300283587173,41.80215835571289,1114000.0
2014-09-29,41.29022124587337,41.43789879459924,40.78812434027835,40.83734893798828,1769700.0
2014-09-30,40.84719376676505,40.94564295653515,40.04974180948216,40.266334533691406,2632100.0
2014-10-01,40.167881867281444,40.167881867281444,39.18337494035986,39.62640380859375,1957000.0
2014-10-02,39.478720421770525,39.96113039699467,39.3999618321883,39.66577911376953,1774000.0
2014-10-03,39.84299456791887,41.09331875407301,39.79376621952568,40.78812026977539,1220800.0
2014-10-06,40.98502767616571,41.713560756846476,40.689676325738475,40.77827835083008,1044000.0
2014-10-07,40.58137422153887,40.59121763773757,39.852837488178835,39.872528076171875,962900.0
2014-10-08,40.03005280580968,40.13834917220341,38.93724948033987,40.000518798828125,1813100.0
2014-10-09,39.91190613901456,39.97097414279072,38.50406112988735,38.64189147949219,1525900.0
2014-10-10,38.504065781222096,38.504065781222096,36.67288233104505,37.41126251220703,1915900.0
2014-10-13,37.43095515689114,37.6475478903854,36.14124968427826,36.24954605102539,1650800.0
2014-10-14,36.45628813415826,36.65319025895251,35.776979746993526,36.17078399658203,2638200.0
2014-10-15,35.62930337573491,36.229853185912546,34.84169860648381,36.11171340942383,2883100.0
2014-10-16,35.737599732933056,37.302965854772395,35.57023536255322,36.80086898803711,2195200.0
2014-10-17,37.41125831900534,38.159481832923476,36.92884833558777,37.618003845214844,1812300.0
2014-10-20,37.58847495831361,38.080728424236426,37.40141999327747,37.992122650146484,610700.0
2014-10-21,38.6911214339711,39.85283990689731,38.632053422002706,39.754390716552734,887500.0
2014-10-22,39.862684469627965,40.62075144796432,39.49841422688952,39.56732940673828,1188700.0
2014-10-23,40.256487857546155,40.414008816477384,39.66578520045302,39.80361557006836,832100.0
2014-10-24,39.81345536751276,40.18756901931246,39.53779465334222,40.10881042480469,613500.0
2014-10-27,39.93159854016569,40.266331013958826,39.43934512315199,40.18756866455078,508900.0
2014-10-28,40.43369471342805,42.0482852939975,40.33524553386961,41.9793701171875,822400.0
2014-10-29,41.93015049888137,41.93015049888137,40.994868159801996,41.359134674072266,731900.0
2014-10-30,41.24099459189732,41.880925597007845,40.738897711336726,41.437896728515625,636900.0
2014-10-31,41.93014933005952,43.08202060885763,41.84154355818306,42.66852951049805,1221800.0
2014-11-03,42.65868201615376,42.94418613771257,42.26487778865855,42.619300842285156,1465300.0
2014-11-04,44.37172692314769,44.706459428730355,42.40271306809575,43.93854522705078,1993100.0
2014-11-05,44.20436425391707,45.07072767954221,43.810559965472166,43.97792434692383,1821200.0
2014-11-06,44.046841330788574,44.352036072944394,43.24938937217048,43.889320373535156,579500.0
2014-11-07,43.97792163477353,44.07637457861111,43.02295249092173,43.48566818237305,820500.0
2014-11-10,43.58412112621062,43.613655131563995,42.93434671926581,43.48566818237305,548200.0
2014-11-11,43.59396604450667,43.79086818336884,43.41675449509031,43.475826263427734,487400.0
2014-11-12,43.3675230634032,43.57426858660174,42.8851168426066,42.93434143066406,352500.0
2014-11-13,42.944188173593304,43.12139970880778,42.21565520046325,42.707908630371094,642300.0
2014-11-14,42.59961392854463,43.21000715375806,42.402711797818945,42.875274658203125,641500.0
2014-11-17,42.80635850888732,43.003260635165425,42.26488047831931,42.422401428222656,403200.0
2014-11-18,42.38302401422661,42.747290539040165,42.29441823731564,42.550392150878906,460800.0
2014-11-19,42.55038768302441,42.72759921823888,42.29441379633878,42.707908630371094,454100.0
2014-11-20,42.45193929999169,43.03279855984957,42.10736336431161,42.855587005615234,556600.0
2014-11-21,43.337998734710595,43.918858016865,42.835898059907954,43.150943756103516,1389900.0
2014-11-24,43.32814462375461,44.0271473384052,43.32814462375461,43.55458450317383,557500.0
2014-11-25,43.68257220630936,44.74584151222973,43.68257220630936,44.519405364990234,1216700.0
2014-11-26,44.49971302791799,44.657233983098756,43.731795085265425,43.79086685180664,614800.0
2014-11-28,43.74164059697643,43.82039919377909,43.318302341824584,43.62350082397461,349000.0
2014-12-01,43.67272580118889,43.94838652582031,42.17627489279769,42.72760009765625,1438800.0
2014-12-02,40.99486530711819,42.36332925022238,40.95548413112777,41.93999099731445,4799000.0
2014-12-03,42.09751265309666,43.08201953582722,42.05813523204018,42.3436393737793,2303700.0
2014-12-04,42.33380018811449,42.59961752368814,41.74309750168156,42.136898040771484,975800.0
2014-12-05,42.15658302040424,42.53069667500519,41.88092230416964,42.22549819946289,1838500.0
2014-12-08,42.235351259822906,42.72760475350105,41.37882747679374,41.62495422363281,1972900.0
2014-12-09,41.17207770626467,42.01875422982313,40.65029025804197,41.95968246459961,1005500.0
2014-12-10,41.8415465047744,42.00891088810738,40.689675144858484,40.83734893798828,1515600.0
2014-12-11,40.906259292009665,41.36897871811484,40.40416244574742,40.51245880126953,1278500.0
2014-12-12,40.17772788877289,40.3450922588693,38.15948574192051,38.179176330566406,3711800.0
2014-12-15,38.46469064776586,38.71081741349541,37.13560761506487,37.37188720703125,2613800.0
2014-12-16,37.421103973907485,37.549090916856215,35.99357203604681,36.505516052246094,3197900.0
2014-12-17,36.38737357146194,37.59831658944711,36.02310707554666,37.391571044921875,1621800.0
2014-12-18,38.1102578090126,38.76987932627093,37.96258404050076,38.53359603881836,1614100.0
2014-12-19,38.632052177482144,38.878178901010564,38.24809133407739,38.563133239746094,1100300.0
2014-12-22,38.53359897465134,38.83879746178127,38.46468379297615,38.51390838623047,584300.0
2014-12-23,38.65173580474692,39.08492120581074,38.53359603881836,38.53359603881836,757900.0
2014-12-24,38.553290359100195,38.96678521328469,38.54344694248439,38.789573669433594,323700.0
2014-12-26,38.83879961219398,39.51810805014501,38.80926185012937,39.035701751708984,372100.0
2014-12-29,39.03569436730834,39.331045642911135,38.79941109346896,39.21290588378906,574900.0
2014-12-30,39.05538526600787,39.05538526600787,38.36623346967555,38.44499206542969,507200.0
2014-12-31,38.5237577697873,38.70096932015268,38.19886867558546,38.21855926513672,579400.0
2015-01-02,38.36623518652414,38.53359955723833,37.460486883448695,37.9232063293457,768400.0
2015-01-05,37.70661225128681,38.10041650028649,37.04699445314735,37.67707824707031,1188000.0
2015-01-06,37.755837463276514,38.12995113040773,36.840245761579084,37.647544860839844,2183200.0
2015-01-07,37.972434375823845,38.18902711582513,37.75584163582256,38.00196838378906,1106000.0
2015-01-08,38.42530041248711,39.34089206577303,38.39576640934741,38.9372444152832,1120600.0
2015-01-09,38.986466817067715,39.124300920371375,38.189018732299274,38.54344177246094,865900.0
2015-01-12,38.64189159176773,38.65173500722724,38.21855337069691,38.385921478271484,1994100.0
2015-01-13,38.61236306877608,38.937248403375264,37.80506768511034,37.992122650146484,1514100.0
2015-01-14,37.421107321693405,37.903517377137376,37.03715021409308,37.52940368652344,1265300.0
2015-01-15,37.63769931813808,38.041347007443726,37.2143610396473,37.25374221801758,796400.0
2015-01-16,37.34234615375862,37.58847287306597,37.08637226254539,37.470333099365234,702000.0
2015-01-20,37.65738614893593,38.83879509296282,37.65738614893593,38.632049560546875,1219200.0
2015-01-21,38.513909863900096,39.577179145847474,38.42530409040449,39.19322204589844,1193700.0
2015-01-22,39.547638487994035,40.010357910760966,39.21290976329782,39.774078369140625,1444900.0
2015-01-23,39.81345810830732,40.010360241525014,39.646093736209565,39.7839241027832,1005600.0
2015-01-26,39.78391725618697,40.24663662627767,39.52794715597211,40.05957794189453,522900.0
2015-01-27,39.45903472968521,40.098961902539266,39.30151003478465,39.73469543457031,764100.0
2015-01-28,39.902059967033075,40.03004690441147,39.045540090475534,39.22275161743164,1044400.0
2015-01-29,39.24244920270596,40.04974463365528,38.947097856972626,39.81346130371094,912300.0
2015-01-30,39.34089117620711,39.527949873450204,38.88801894552616,38.91755294799805,935500.0
2015-02-02,39.23259557675354,40.138343811035156,39.016006628491276,40.138343811035156,912300.0
2015-02-03,40.315561033540405,41.103165855704155,40.177730659111255,41.04409408569336,1046100.0
2015-02-04,40.85703911405323,41.378826604562455,40.640446379609685,41.04409408569336,948600.0
2015-02-05,41.221301994523465,41.556034483788864,40.896416677187,41.34928894042969,1025900.0
2015-02-06,41.46743341929727,41.969534087961506,41.25084443503069,41.36898422241211,682700.0
2015-02-09,41.29021512388415,41.60525700923259,41.132694181209935,41.388668060302734,1102000.0
2015-02-10,41.64463818380002,41.68401935836746,41.172075355777366,41.388668060302734,817600.0
2015-02-11,41.27052554658742,41.91045650438453,41.02439883291093,41.71355438232422,1235700.0
2015-02-12,41.890768562639906,42.13689529186293,41.37882451518451,41.77262878417969,910000.0
2015-02-13,41.920307221427095,42.35348892211914,41.72340508271401,42.35348892211914,900600.0
2015-02-17,42.29441849195347,42.65868877455617,41.91046137489293,42.59961700439453,575900.0
2015-02-18,42.59961272255386,43.13124733378395,42.471625777866095,43.06233215332031,637700.0
2015-02-19,43.062331273707656,43.50535635175429,42.83589139327173,43.042640686035156,882900.0
2015-02-20,43.06233536104223,43.69241920398527,42.7965180356264,43.653038024902344,1290800.0
2015-02-23,45.44483366423691,46.36042528720292,44.7950593275122,45.228240966796875,2717100.0
2015-02-24,45.28731301457973,45.35622819045863,44.361877970209186,44.4603271484375,1582500.0
2015-02-25,44.263425088568866,44.40125544048916,43.43643922145168,43.515201568603516,774600.0
2015-02-26,43.51520939299112,44.460335195181926,43.19032028596522,44.25358963012695,1504900.0
2015-02-27,44.30280792579222,44.54893463649107,43.58411838122306,43.81055450439453,859300.0
2015-03-02,43.81055473268671,43.85977932396387,42.530696581502625,43.170623779296875,1930100.0
2015-03-03,43.00326409853173,43.7810254943914,43.00326409853173,43.751487731933594,662400.0
2015-03-04,43.6333474943199,44.10591037716573,43.406911347681024,44.086219787597656,724700.0
2015-03-05,44.23389317215317,44.56862565214285,44.23389317215317,44.292964935302734,984700.0
2015-03-06,44.125599581536214,44.332345132116835,43.141092667614224,43.27892303466797,728900.0
2015-03-09,43.45613291124124,43.51520467582316,42.72759992604268,43.11155700683594,1088300.0
2015-03-10,42.66852876944432,42.845740310119474,42.235347089791574,42.39286804199219,1091800.0
2015-03-11,42.41256002629159,42.8654323093232,42.36333167568722,42.511009216308594,686300.0
2015-03-12,42.481472149695776,43.21985228841172,42.40270979888019,42.78666687011719,502600.0
2015-03-13,42.72759590746552,43.13124353848925,42.33379169181515,42.93434143066406,554800.0
2015-03-16,43.08201687138777,44.06652369323078,42.92449593011671,43.101707458496094,555500.0
2015-03-17,42.85557972742757,43.229693362341465,42.58976244121997,42.77682113647461,624900.0
2015-03-18,42.737443356203926,43.88931835455299,42.5996129943971,43.80071258544922,484300.0
2015-03-19,43.633348519555526,43.77117889417461,43.02295525098699,43.28877258300781,323800.0
2015-03-20,43.49551548894553,44.01730294831159,43.32814736170242,43.918853759765625,704300.0
2015-03-23,43.987764002241555,44.24373411706844,43.70225612969185,43.721946716308594,476300.0
2015-03-24,43.721948864245206,44.05668134198354,43.26907661659792,43.55458450317383,348200.0
2015-03-25,43.643192773421184,43.741641961394315,43.17062615548193,43.18047332763672,621500.0
2015-03-26,42.98356944536777,43.51520405219903,42.796514493599275,43.141090393066406,762900.0
2015-03-27,43.17062904282342,43.32815000747324,42.78667192621425,43.28877258300781,344500.0
2015-03-30,43.3183030782528,44.096064421228036,43.308459661833496,43.89916229248047,506000.0
2015-03-31,43.74164236894512,43.74164236894512,42.875275235445415,42.97372817993164,3522000.0
2015-04-01,42.94418889891417,44.16497907816665,42.87527371801075,43.80071258544922,1415700.0
2015-04-02,44.02715089755663,45.021501239565005,43.987769719204884,44.0665283203125,1170600.0
2015-04-06,43.85978229428576,44.37172634054896,43.75148593278448,43.840091705322266,950900.0
2015-04-07,44.54893765548279,45.159330887814285,44.204361739391416,44.35203552246094,1886400.0
2015-04-08,44.44064259921159,45.04119243254082,44.31265564565063,44.72615051269531,1334000.0
2015-04-09,44.63754250866828,45.26762631689084,44.578470743299015,45.14948654174805,1048200.0
2015-04-10,45.179026787570194,46.104465794881534,45.01166239596485,46.02570343017578,1200200.0
2015-04-13,46.065080063492026,46.48841834298915,45.710656968508765,45.750038146972656,528700.0
2015-04-14,45.759876604270545,45.87801637126218,45.375919544851115,45.68111801147461,457100.0
2015-04-15,45.90755508023335,45.90755508023335,45.405454487830696,45.4448356628418,451400.0
2015-04-16,45.405451024810716,45.46452278282204,44.90335422629795,45.36607360839844,644500.0
2015-04-17,45.32669478217329,45.513749725496844,45.02149631671285,45.24793243408203,436200.0
2015-04-20,45.49406158313473,46.1044585468558,45.33654063408316,45.81895065307617,800300.0
2015-04-21,45.98631186424251,46.193057391518174,45.44483387374155,45.53343963623047,747300.0
2015-04-22,45.53344597944121,45.91740308518332,45.16917946317255,45.72050094604492,641700.0
2015-04-23,45.54328730729179,46.11430310904082,45.53344389080456,45.88786697387695,478100.0
2015-04-24,45.73034736756578,46.133995056152344,45.47437346421086,46.133995056152344,471300.0
2015-04-27,46.2225981866807,46.4884154916142,45.93709029372299,46.074920654296875,1015100.0
2015-04-28,45.897708207673666,46.301355865178046,45.51375113780312,46.1832160949707,614900.0
2015-04-29,46.02570343017578,46.43919457809223,45.89771646532706,46.02570343017578,1070600.0
2015-04-30,46.074923073430256,46.35058756464727,45.7303471539038,45.956783294677734,1814100.0
2015-05-01,46.26198160632176,48.49680899931743,46.084770061105104,48.28022003173828,3770400.0
2015-05-04,48.76262860767143,49.01860252082862,48.22115052989493,48.418052673339844,1407900.0
2015-05-05,48.46727585557512,48.61495339774719,47.65998047105179,47.73874282836914,1276100.0
2015-05-06,47.817496792833694,47.90610255842493,47.2661716118665,47.46307373046875,655700.0
2015-05-07,47.29571164140057,47.699359313895805,46.95113197840492,47.60090637207031,700000.0
2015-05-08,47.935639743353256,48.74293510316851,47.935639743353256,48.30975341796875,1175400.0
2015-05-11,48.48696627294578,49.07766892834737,46.45888064636744,47.43354415893555,1664800.0
2015-05-12,47.60091013802557,48.024248432378386,47.15788500934584,47.72889709472656,1129700.0
2015-05-13,47.837189426782835,48.83153972265011,47.78796483392528,48.24083709716797,772900.0
2015-05-14,48.4869653223863,48.4869653223863,47.99471186733669,48.230995178222656,549700.0
2015-05-15,48.073474781523636,48.24083915549956,47.84703488464489,48.20145797729492,912300.0
2015-05-18,48.112852868116725,48.34913618500954,47.78796753243451,48.04393768310547,513100.0
2015-05-19,48.05378249218963,48.230994032244574,47.3055551551586,47.472923278808594,817700.0
2015-05-20,47.74858794157945,47.74858794157945,46.57702600183156,47.21695327758789,814500.0
2015-05-21,47.108650668103806,47.77811561799413,47.108650668103806,47.46307373046875,424000.0
2015-05-22,47.43354508350195,47.600909462076146,47.2169523530215,47.32524871826172,235000.0
2015-05-26,47.28586530550999,47.28586530550999,46.80345902662036,47.05942916870117,753600.0
2015-05-27,47.108647625712806,48.06362039812216,47.02004186584395,47.86671829223633,788400.0
2015-05-28,47.748582267948294,48.132539338898354,47.5122989712737,48.12269592285156,776600.0
2015-05-29,48.20145716383535,48.35897811839968,47.45323356855372,47.49261474609375,703700.0
2015-06-01,47.68951312260232,47.93563984883382,47.088967065297915,47.49261474609375,429000.0
2015-06-02,46.58686570840721,49.88496228583214,46.54748453148616,49.156429290771484,2642900.0
2015-06-03,49.51085307318563,50.70210552495319,49.07766763210957,49.56007766723633,4207400.0
2015-06-04,48.20145702089445,48.44758374639607,47.74858474731445,47.74858474731445,40781000.0
2015-06-05,47.866727725573035,47.99471468296115,47.1578852625223,47.77812194824219,9178300.0
2015-06-08,47.74858559858327,47.99471232847288,47.16772636581997,47.20710754394531,6323300.0
2015-06-09,47.20710831749611,47.719052374726864,47.10865537056947,47.35478210449219,5491000.0
2015-06-10,47.49261376945584,47.81749908849068,47.335092818130775,47.60090637207031,4407600.0
2015-06-11,47.63044203746245,47.699357215911306,46.48841425168712,46.95112991333008,4860300.0
2015-06-12,46.91175649608443,47.14803605503936,46.370274682654625,46.567176818847656,3798600.0
2015-06-15,46.34073898147001,46.498259933542904,45.77957035498559,45.83864212036133,3635500.0
2015-06-16,45.88786697387695,46.311205239147235,45.75988002596842,45.88786697387695,2517200.0
2015-06-17,45.99616468769779,46.46872756051163,45.631894421815474,46.133995056152344,2989600.0
2015-06-18,46.065074248375005,47.06927163886207,45.45467732602701,46.350582122802734,2485000.0
2015-06-19,46.222600700793436,46.350587652114434,45.651584883819645,45.700809478759766,1662100.0
2015-06-22,46.1241461263839,46.51795038318887,46.01585352357847,46.09461212158203,1441500.0
2015-06-23,46.124143349244214,47.325242880144884,46.094609346220594,47.236637115478516,3328800.0
2015-06-24,47.02989464360672,47.344936548345146,46.79361133725502,46.96097946166992,2633300.0
2015-06-25,47.19725949663169,47.207106668778394,46.4490359041007,46.498260498046875,1330300.0
2015-06-26,46.56717612555083,46.76407825881237,46.11430384796638,46.16352844238281,1136400.0
2015-06-29,45.730345717025344,45.99616302756324,45.17902050751018,45.27747344970703,1831300.0
2015-06-30,45.64174269537488,45.93709402855991,44.795066119474086,45.08057403564453,2566600.0
2015-07-01,45.52360291322006,45.71065788126486,44.873828477974605,45.08057403564453,2343600.0
2015-07-02,45.179022392769454,45.346390523690275,44.617853743415665,44.93289566040039,1765900.0
2015-07-06,44.48986588889749,44.94274192152649,44.0468407840931,44.35203552246094,2388800.0
2015-07-07,44.43079288156939,44.67691958127027,42.99341010106376,44.411102294921875,3691800.0
2015-07-08,43.95823118073877,44.40125624693036,43.416749423223735,43.66287612915039,2329300.0
2015-07-09,44.19451141357422,44.667074245748495,44.10590564781682,44.19451141357422,2059500.0
2015-07-10,44.59816397881874,45.28731959331446,44.59816397881874,45.08057403564453,1706800.0
2015-07-13,45.86817712028842,46.16352844238281,45.818952525872,46.16352844238281,1655300.0
2015-07-14,45.95677792700072,46.508103089445015,45.917396753484255,46.22259521484375,1549100.0
2015-07-15,46.261977186277086,46.44903213031346,45.6023556630832,45.68111801147461,1063600.0
2015-07-16,46.09461260101275,46.380120502386134,45.71065551221201,46.321048736572266,1267200.0
2015-07-17,46.32104931405027,46.5770232135058,45.96662622594004,46.41950225830078,880900.0
2015-07-20,46.517948674878056,46.66562620465558,46.074919841141046,46.616397857666016,961300.0
2015-07-21,46.61640188503311,47.000362744507406,46.42934691933737,46.79361343383789,1916600.0
2015-07-22,46.6853204453583,46.70501103615976,45.67127943045811,46.006011962890625,1416400.0
2015-07-23,45.937090635011124,46.22259853009001,45.10026129354066,45.3070068359375,1497500.0
2015-07-24,45.307003572675555,45.45467733992458,44.26342500837689,44.588314056396484,1920000.0
2015-07-27,44.4209498810849,44.430797053130895,43.446290161893046,43.643192291259766,1828500.0
2015-07-28,43.85978456262877,44.401262642543486,43.239544122786654,43.97792434692383,1798600.0
2015-07-29,44.18467121403462,45.4940634526596,43.909006725169505,45.47437286376953,1756600.0
2015-07-30,45.366081495538836,45.513755282848116,44.785222252025434,45.415306091308594,1119100.0
2015-07-31,45.848482481088865,47.35477671961935,45.80910130679638,46.11429977416992,2368600.0
2015-08-03,46.183218552519115,46.183218552519115,45.11995305288229,45.93709182739258,1852700.0
2015-08-04,45.83864110919754,46.55733067190114,45.83864110919754,46.074920654296875,1697000.0
2015-08-05,46.291520777663315,46.67547791661323,45.76973325607459,46.02570343017578,1018600.0
2015-08-06,46.09461270174377,46.37027343161937,45.2676267565212,45.503910064697266,2318500.0
2015-08-07,45.48421816689211,45.90755642164242,45.24793486551691,45.81895065307617,2059000.0
2015-08-10,46.222599082019045,47.492613867214224,46.14383672839653,47.472923278808594,2191800.0
2015-08-11,48.280222606173865,48.280222606173865,46.04539133841494,46.655784606933594,3270500.0
2015-08-12,46.330891393910925,46.83298820981629,45.75003223126214,46.73453903198242,2838900.0
2015-08-13,46.90190795582347,47.098810086273936,46.24229013774954,46.321048736572266,1496900.0
2015-08-14,46.48841883681238,46.62624920730422,46.00600878449501,46.53764343261719,1421700.0
2015-08-17,46.38012220941207,47.79781084076125,46.23244466723999,47.73874282836914,1515500.0
2015-08-18,47.581219977553886,47.709203169712254,47.13819112424788,47.26617431640625,1187800.0
2015-08-19,47.03973876994906,47.15788230270572,45.84848631495456,45.9863166809082,6190700.0
2015-08-20,45.77957754294965,45.94694193773226,43.94839384033625,44.05669021606445,4134800.0
2015-08-21,43.74164038683777,44.19451264416552,42.31410467903924,42.629146575927734,4698400.0
2015-08-24,40.2761817929505,41.99906906746908,38.98647625258196,39.705169677734375,6281300.0
2015-08-25,41.053935079727516,41.2606806102553,38.671426626212785,38.71080780029297,4798400.0
2015-08-26,39.96113341794262,40.30570931515502,39.08492291737771,40.20726013183594,3766000.0
2015-08-27,40.7290442978498,41.82184742081062,40.52229877609919,41.12284851074219,3630700.0
2015-08-28,40.98502607141442,42.01875763523251,40.97517889861457,41.605262756347656,1935700.0
2015-08-31,41.3492868857353,41.73324394877899,40.85703347042893,41.388668060302734,1751100.0
2015-09-01,40.699519417364854,40.758591189215664,39.82330879068996,39.86268997192383,3791000.0
2015-09-02,40.571530054252136,40.66013582898467,39.87253102891541,40.41400909423828,2682300.0
2015-09-03,40.532147650560795,41.35913360454288,40.42385504524532,40.60106658935547,1605600.0
2015-09-04,40.45339177794861,40.54199755597716,39.665786948581584,39.84299850463867,1371900.0
2015-09-08,40.6699809799464,41.78247106167305,40.48292226725579,41.703712463378906,2370800.0
2015-09-09,42.25503545678427,42.32395439674522,40.96533378744145,41.00471496582031,2045600.0
2015-09-10,41.04409006497979,42.737443083446585,41.04409006497979,41.556034088134766,3040200.0
2015-09-11,41.53634350006008,41.93014775036257,41.17207700966745,41.556034088134766,1868400.0
2015-09-14,41.62495063171681,41.752937580595734,40.74874008947538,41.113006591796875,2302600.0
2015-09-15,41.12285285764064,41.939991615714455,41.00471308352306,41.910457611083984,2198800.0
2015-09-16,41.84154287042594,42.39286808143896,41.84154287042594,42.2648811340332,1838100.0
2015-09-17,42.30426417722644,43.180474748035486,42.0876714498459,42.609458923339844,2448800.0
2015-09-18,41.89076768146482,42.29441535867599,41.53634459794364,41.75293731689453,1444900.0
2015-09-21,43.23954354646697,43.67272900910184,42.23534975994936,42.32395553588867,2485700.0
2015-09-22,41.67417845846806,41.821852238618,41.09331924311522,41.703712463378906,2231600.0
2015-09-23,41.69387025868627,42.07783114625037,40.89642198632098,41.211463928222656,1485000.0
2015-09-24,40.72904912294176,40.866879487104,40.00051612505686,40.75858688354492,2515000.0
2015-09-25,41.40836113832436,41.428051726792475,40.158036937566955,40.325401306152344,1794900.0
2015-09-28,40.02020252552145,40.02020252552145,37.61800355375318,37.6967658996582,3301900.0
2015-09-29,37.686920085556,38.07087714667914,36.88947196032962,37.12575149536133,3528900.0
2015-09-30,37.618007100542826,37.8641338213089,37.22420660067455,37.647544860839844,4311800.0
2015-10-01,37.77552384927847,38.35638299589266,37.50970656975043,37.854286193847656,3601000.0
2015-10-02,37.53925285747129,39.86268997192383,37.165139146941776,39.86268997192383,2874200.0
2015-10-05,40.394312968250695,41.38866694347142,40.138342851660504,41.19176483154297,2394500.0
2015-10-06,41.11300074785886,41.70370705869189,40.896411813922484,41.02439498901367,1949600.0
2015-10-07,41.428050696160334,42.21565543731258,40.92595009170377,42.06797790527344,1938000.0
2015-10-08,41.821853619401956,42.579924400439666,41.33944733048442,42.511009216308594,1941400.0
2015-10-09,42.57007958266734,43.141091626046155,42.19596591284249,42.39286804199219,1598500.0
2015-10-12,42.50116467417201,42.66853281427369,42.12705472447857,42.57008361816406,1358300.0
2015-10-13,42.17627484332909,42.74728688019526,41.900614119020986,42.16643142700195,1551000.0
2015-10-14,42.16643235818313,42.86543135631255,38.57298066851627,39.301513671875,5380100.0
2015-10-15,39.921755305582494,40.72905068864889,39.222756285834066,39.931602478027344,3191600.0
2015-10-16,39.852837100776235,40.236794173919094,38.543444934530186,38.700965881347656,2318800.0
2015-10-19,38.563127819629585,39.51810057448735,38.39576347383959,39.21290588378906,2981100.0
2015-10-20,39.00616191901558,39.842995028632366,38.77972578505219,39.63624572753906,2537800.0
2015-10-21,39.80361585777707,40.010361413694476,39.045545063817315,39.1636848449707,1541400.0
2015-10-22,39.232597146714426,40.1088114130225,38.93724583774107,39.74454116821289,3608200.0
2015-10-23,40.305712025438524,41.418205898610694,40.18757224639241,40.69951629638672,2576400.0
2015-10-26,40.69951290173333,40.97517361504731,40.03989136625201,40.36478042602539,2521700.0
2015-10-27,40.098965122381315,40.364782432977286,38.858488095195845,39.075077056884766,2126500.0
2015-10-28,39.67563005185478,40.39431968768874,39.124308553459436,39.79376983642578,4185800.0
2015-10-29,39.577174842342856,40.5715250762524,39.518103081237115,40.345088958740234,1575700.0
2015-10-30,40.601062656732985,41.35912959849397,40.38446995588959,40.857032775878906,1637800.0
2015-11-02,40.85703575791142,41.487119563885095,40.768429987971636,41.39851379394531,1287100.0
2015-11-03,41.250846789854386,41.56588874458656,40.11866218306315,40.81766128540039,1655700.0
2015-11-04,40.87672902977806,41.15238977408923,40.35494154787594,40.640445709228516,1039300.0
2015-11-05,40.66998066955175,40.916107390185594,39.66578319869416,40.4041633605957,1541500.0
2015-11-06,40.364778179214156,41.969525290100826,40.11865148299943,41.861228942871094,2071300.0
2015-11-09,41.73324637825693,41.782470971534046,40.35493898851899,40.58137512207031,1896600.0
2015-11-10,41.38866839916557,42.05813334991101,39.242443190410285,39.67562484741211,3779800.0
2015-11-11,39.911909698897375,40.35493854471063,39.55748662224677,40.226951599121094,1476800.0
2015-11-12,39.88237424319696,40.295869108379776,38.484376199626865,38.986473083496094,3052700.0
2015-11-13,38.98646979068158,40.13834475906392,38.86833002014859,39.902061462402344,2125900.0
2015-11-16,39.793764351799716,41.172075419012685,39.74453976131258,41.132694244384766,2354700.0
2015-11-17,41.132696136962466,42.225499371797845,40.37462539067491,40.916107177734375,3069800.0
2015-11-18,41.29022143611382,42.146745213716486,41.221306247883184,42.136898040771484,2404200.0
2015-11-19,42.0876690740021,42.392867558483,41.84154235427109,42.16643142700195,1474900.0
2015-11-20,42.56023644519544,43.15094288864147,42.42240606840353,42.57008361816406,2055200.0
2015-11-23,42.57008183061813,43.43644523567271,42.37317969107084,43.21985626220703,2520100.0
2015-11-24,42.747284140063016,43.06232977627209,42.45193284643718,43.05248260498047,2528500.0
2015-11-25,42.963878335345164,43.35768257760394,42.73744221050483,43.042640686035156,2169300.0
2015-11-27,43.15094205183076,43.68257295834753,42.92450214509692,43.544742584228516,1636100.0
2015-11-30,43.721955249046275,44.75568683679743,43.525053100046975,44.73599624633789,16896000.0
2015-12-01,44.726150062443736,45.34639047896893,44.17482483046624,45.060882568359375,4201800.0
2015-12-02,45.09041618654153,45.602360235631885,44.40126059139698,44.57847213745117,3907200.0
2015-12-03,44.932894981422976,45.159331121109346,43.46598178180348,43.840091705322266,2354300.0
2015-12-04,43.771173624134015,44.55877835255564,43.63334326610968,44.54893493652344,2792800.0
2015-12-07,44.686766520891275,44.686766520891275,43.4069083326334,43.80071258544922,2927300.0
2015-12-08,43.298613573413085,43.30846074567455,41.33944692011363,41.467430114746094,4279400.0
2015-12-09,41.44774053595496,42.107362136503546,40.53214878430729,40.66998291015625,4302300.0
2015-12-10,40.286018755538194,41.42805031417342,40.246641335540396,40.89641571044922,2616000.0
2015-12-11,40.463230730433146,40.837344391450415,39.547639043698766,39.74454116821289,1699600.0
2015-12-14,39.665781751620806,39.84299328445986,38.26778007651218,38.907711029052734,2759100.0
2015-12-15,39.143994061249934,40.03989522137514,39.084926048764345,39.54764175415039,3527100.0
2015-12-16,40.01036031523717,40.650291310474664,39.26213671434646,40.217105865478516,1970500.0
2015-12-17,40.640442670913615,41.7135553168072,39.42949966316876,39.53779602050781,3256300.0
2015-12-18,39.31135901504481,39.82330303024396,39.084922889098266,39.518104553222656,2559900.0
2015-12-21,39.66578588562226,40.788123206843515,39.64609529596624,40.7684326171875,1717800.0
2015-12-22,41.00471430463018,41.3886713986432,40.630600627255205,41.162235260009766,2162200.0
2015-12-23,41.43789056684299,42.38301617535885,41.319750804677334,42.373172760009766,1932800.0
2015-12-24,42.41255683643291,42.71775155588938,42.1270489490225,42.48147201538086,583200.0
2015-12-28,42.284567668315425,42.47162260766936,41.53634039970892,42.08766555786133,1232100.0
2015-12-29,42.52084604299275,42.885116251910276,42.26487593526246,42.83588790893555,1804900.0
2015-12-30,42.80635557703401,43.15093521331898,42.18611523619741,42.31410217285156,952700.0
2015-12-31,42.07782665278254,42.85558425127314,41.92030569865328,42.49131774902344,1347100.0
2016-01-04,41.654483071468306,41.75293224689375,40.38446842826546,41.12284851074219,2594200.0
2016-01-05,41.40836056414502,41.76277988486944,40.01035884705967,40.35493850708008,1745900.0
2016-01-06,39.715007957701076,39.9316006745548,39.05538639073553,39.331050872802734,2440700.0
2016-01-07,38.55329378134794,38.69112415977891,36.94854632762417,37.31281661987305,4212900.0
2016-01-08,37.8050698228343,37.90351901934741,36.05264483125132,36.14125061035156,3141700.0
2016-01-11,36.55474315464994,36.62365833891048,35.29457173760892,36.131404876708984,3882300.0
2016-01-12,36.59412320846102,37.4801810063689,36.407068231389864,37.31281661987305,3370000.0
2016-01-13,37.41125967649252,37.765682737480894,35.27488165028393,35.54069519042969,4072700.0
2016-01-14,35.36348610190547,36.45628936354959,34.26083942370774,35.983726501464844,4494700.0
2016-01-15,34.22146207644985,35.324112633654664,33.37478920103374,33.48308181762695,4937200.0
2016-01-19,34.02455879717744,34.24114775488673,31.96693928756731,32.34104919433594,6084900.0
2016-01-20,31.602668767657047,31.602668767657047,29.190628082458993,30.913515090942383,7741400.0
2016-01-21,30.91352028330242,32.55764709409268,30.588633039388093,31.592830657958984,6156200.0
2016-01-22,32.54779907465762,32.8136163851329,31.760190559651246,32.43950271606445,3142100.0
2016-01-25,32.23275890332872,32.32136467824951,30.15544677896258,30.322813034057617,3348100.0
2016-01-26,30.5689377553248,31.533754043343013,30.51971316263324,31.2679386138916,4618400.0
2016-01-27,31.06119153638959,31.18917848327735,29.367840366611876,29.810869216918945,4472000.0
2016-01-28,30.27358492125838,30.401569982499357,28.25534667762692,28.393177032470703,3771900.0
2016-01-29,28.786980814959932,30.293277010517514,28.45224832705825,30.23420524597168,3653900.0
2016-02-01,29.86993979468521,30.716616338040552,29.554897883984964,30.55909538269043,2235200.0
2016-02-02,29.96838917578011,30.047149649025613,28.078135940090217,28.19627571105957,3292500.0
2016-02-03,28.550701123369965,28.727912672169587,26.424166293370384,27.989532470703125,4748400.0
2016-02-04,27.930461308395905,28.93465690953206,27.713868590705506,28.521163940429688,2932100.0
2016-02-05,28.30457346436855,28.954347870196308,27.201924906655986,27.408672332763672,2500500.0
2016-02-08,27.093631376185144,27.142855971950976,24.6815886277001,25.14430809020996,5913700.0
2016-02-09,24.61267261184154,26.867194324429214,24.228715519992136,26.374940872192383,4664700.0
2016-02-10,26.581686279570075,27.024715135348732,26.21741790061897,26.630910873413086,3984900.0
2016-02-11,25.666094159218726,26.65060104298038,25.538109090560766,25.93191146850586,4445200.0
2016-02-12,26.286336915816253,27.66464630170144,26.138659367708748,27.62526512145996,3347900.0
2016-02-16,28.196276958575186,28.77713617863448,27.664644210095936,28.698375701904297,3036700.0
2016-02-17,28.93465637165273,30.9233607040713,28.826361892618532,30.490177154541016,5558300.0
2016-02-18,30.736304900555638,32.006317831652495,30.184981559494872,31.504220962524414,4676400.0
2016-02-19,30.883980839985604,31.28762849995111,30.24404988256915,31.2088680267334,3170200.0
2016-02-22,31.996473345286507,32.9514462130749,31.996473345286507,32.902217864990234,3669500.0
2016-02-23,32.01616633584464,34.15254460606219,31.760192426740883,32.65609359741211,4397600.0
2016-02-24,32.2622901312847,33.67013523622661,31.730655527545323,33.62091064453125,4196100.0
2016-02-25,33.50276084375465,34.16238226685252,33.16802842507698,34.12300109863281,3365800.0
2016-02-26,34.53649976887931,35.43240079166679,34.290373072997085,34.940147399902344,3077700.0
2016-02-29,34.92045961673209,35.53085281995143,34.43804960161646,35.176429748535156,3804600.0
2016-03-01,35.59976937051167,36.121556825966316,35.343799228853484,36.11171340942383,3001300.0
2016-03-02,35.6982175377186,37.21435902242831,35.51116258399299,37.16513442993164,3295000.0
2016-03-03,37.03714654106215,37.83459843932933,36.584274292681286,37.40141677856445,3617300.0
2016-03-04,37.745996093851474,37.745996093851474,36.59412102529099,37.0469970703125,3762600.0
2016-03-07,36.63350210116533,37.54909384994229,36.38737536774347,37.17498016357422,3010000.0
2016-03-08,36.66303821695344,36.89931776729667,35.61945956208288,35.629302978515625,2730700.0
2016-03-09,35.85573795588455,36.75164280179174,35.79666994800188,36.37752914428711,2039700.0
2016-03-10,36.6728773830591,36.820554901604844,35.2059606352748,35.8360481262207,2133400.0
2016-03-11,36.43659544796242,37.450640017801824,36.29876509522193,37.02730178833008,1975100.0
2016-03-14,36.94854045668582,37.568780816668244,36.69257033107155,37.35218811035156,1412300.0
2016-03-15,36.97808285558134,36.97808285558134,36.101868504443665,36.24954605102539,1715100.0
2016-03-16,36.308617120310785,37.401420428264316,36.23970193472776,37.096221923828125,2323200.0
2016-03-17,37.08637036954938,38.257935897233494,36.84024366280505,37.81490707397461,2653500.0
2016-03-18,38.14964135673412,38.70096655803298,37.43095178958842,37.72630310058594,1871800.0
2016-03-21,37.46048713946697,38.23824849898508,37.46048713946697,37.97243118286133,1202900.0
2016-03-22,37.64755025520826,38.12995659389824,37.13560615198891,37.942901611328125,2595800.0
2016-03-23,37.765686746399744,37.98227947457238,36.98792536395796,37.48017883300781,2340800.0
2016-03-24,37.04699561305509,37.26358457675003,36.101866136983844,36.92885208129883,3032200.0
2016-03-28,37.1159053708537,37.70660792091908,36.31845354822974,37.45063781738281,1672100.0
2016-03-29,37.27343196436493,37.952740375710036,36.92885229481057,37.79521942138672,2502900.0
2016-03-30,38.277630325032355,39.1636843048569,38.061037599574945,38.504066467285156,3271300.0
2016-03-31,38.30716622638738,38.84864431122643,37.95274311468296,38.159488677978516,1831200.0
2016-04-01,37.77553150921421,38.42530596128684,36.741799938498126,38.2874755859375,2051900.0
2016-04-04,38.22840255194228,38.52375385399795,37.52939983850932,37.657386779785156,2046600.0
2016-04-05,36.928854036903154,36.95839179920431,35.5210125537472,36.58427810668945,3017900.0
2016-04-06,36.485826724823234,37.13560112252314,36.36768319389907,36.8796272277832,1754000.0
2016-04-07,36.515361976330816,37.066687206011004,35.855740384070955,36.131404876708984,2132300.0
2016-04-08,36.68272437363152,37.75583701361493,36.68272437363152,37.293121337890625,2146800.0
2016-04-11,37.283271383715714,38.47452746338917,37.283271383715714,37.618003845214844,1879100.0
2016-04-12,37.627855009758676,38.238248237651305,37.41126228945016,37.9232063293457,1855800.0
2016-04-13,38.474530532886675,38.87817820199197,38.16933204918435,38.84864044189453,2544600.0
2016-04-14,38.89786741344633,39.27198110092929,38.51391030905936,38.858489990234375,1933400.0
2016-04-15,38.730502888538965,39.22275635496391,38.28747401763733,39.11445999145508,2238600.0
2016-04-18,38.78957135979041,39.57717608801245,38.75019018448041,39.34089279174805,1595000.0
2016-04-19,39.44918982331055,40.256485153047116,39.44918982331055,39.872528076171875,2591000.0
2016-04-20,39.90206739756155,40.36478688806921,39.852842798817285,39.86268997192383,2134500.0
2016-04-21,39.79377004232894,40.28602352878385,39.46888469417865,39.97098159790039,1591500.0
2016-04-22,39.95129092543079,40.876726039049174,39.77407938688324,40.78812026977539,1812200.0
2016-04-25,40.571531452270754,40.87672996588738,39.69532084727638,39.97098159790039,1646100.0
2016-04-26,40.039892203428366,40.66013257694872,39.951290191378234,40.51245880126953,1851700.0
2016-04-27,40.83734365917445,41.684020150486035,40.69951330116477,41.53634262084961,1996200.0
2016-04-28,41.22129993147919,41.516651229438516,40.40416121527187,40.57152557373047,3071200.0
2016-04-29,40.453390769805644,40.453390769805644,38.34654649540518,39.39012145996094,3590900.0
2016-05-02,39.47872622351534,40.05958545997844,39.16368430769764,39.754390716552734,1734200.0
2016-05-03,39.065234922678684,39.33105224199944,38.40561333275032,38.888023376464844,2789900.0
2016-05-04,38.66158545015261,39.66578291379763,38.228403776962786,38.976627349853516,3410000.0
2016-05-05,39.12430532794912,39.52795300125196,38.81910684107304,39.331050872802734,2080000.0
2016-05-06,39.21291161350695,40.24664310696127,39.1046152536563,40.118656158447266,2333100.0
2016-05-09,40.030052480396655,40.414009590419695,39.212913663916126,39.39012145996094,2759700.0
2016-05-10,39.38027871262927,40.000519153920074,39.212914330786695,39.79376983642578,3131700.0
2016-05-11,39.7543907606604,40.53214837867558,39.31136189242651,39.62640380859375,2215300.0
2016-05-12,40.56168431245588,40.76842985644982,34.96968491908607,36.26923370361328,8348700.0
2016-05-13,35.60960789366813,37.02730003910006,35.54069272055355,36.04279327392578,4428000.0
2016-05-16,36.20031429667238,37.12574930623657,36.14124253859988,36.73194885253906,3699600.0
2016-05-17,36.76148663173298,38.31700553154912,35.74744575864533,37.421104431152344,3628500.0
2016-05-18,37.3029727003608,38.22841176013628,36.850100344417655,37.2143669128418,2603300.0
2016-05-19,36.87962252208582,37.56877800882687,35.91480634288645,36.04279327392578,2317100.0
2016-05-20,36.25938518435489,37.322650514969766,36.25938518435489,36.712257385253906,1839900.0
2016-05-23,36.672883670815764,36.899319817306335,36.18063019872427,36.407066345214844,1224900.0
2016-05-24,36.72210503745294,37.85428942593402,36.663037029577985,37.755836486816406,2394000.0
2016-05-25,37.89367037006648,38.553288157944245,37.79521743155037,38.39576721191406,2322500.0
2016-05-26,38.504070827656655,38.78957876980163,37.854296333296965,38.041351318359375,1399700.0
2016-05-27,38.06103538097031,38.74034376813135,38.00196361685366,38.23824691772461,1766100.0
2016-05-31,38.53359577446899,39.21290787398775,37.755834496617716,38.484371185302734,15686000.0
2016-06-01,38.29732162334175,38.29732162334175,37.12575595641554,38.21855926513672,2309500.0
2016-06-02,37.98228169754521,38.307167053222656,37.74599836611022,38.307167053222656,1836800.0
2016-06-03,38.12994753534977,38.16932870830228,36.830398872679716,37.6967658996582,1739100.0
2016-06-06,37.775530005368275,38.986473083496094,37.657390224857146,38.986473083496094,1484600.0
2016-06-07,39.21290755868249,39.54763626455969,39.055382865664434,39.380271911621094,2153600.0
2016-06-08,39.4393466484686,40.177726802546005,38.74034391502262,39.23259735107422,1865700.0
2016-06-09,39.0455400319694,39.104611792731404,38.30715992262384,38.53359603881836,2107300.0
2016-06-10,37.95273898412008,38.07087875663186,36.67288080772142,36.85993576049805,2491600.0
2016-06-13,36.535048352028475,36.72210329407813,36.121553538556306,36.21015930175781,2440800.0
2016-06-14,36.04280049028779,36.50551996435424,35.63915278597323,36.24954605102539,2302300.0
2016-06-15,36.39722535757946,37.17498304114277,36.20032320448138,36.2889289855957,1320300.0
2016-06-16,35.9345058611384,36.387378184346645,35.59977332755052,36.2889289855957,1562700.0
2016-06-17,36.35784174912489,36.87962922775116,36.1609396091691,36.407066345214844,1167800.0
2016-06-20,37.155288289682275,37.80506262754975,37.07652594298542,37.490020751953125,2232500.0
2016-06-21,37.62785859459743,37.94290053291735,37.09622391533401,37.74599838256836,1222900.0
2016-06-22,37.745991694211085,38.38592263055444,37.44079322746964,37.509708404541016,2260500.0
2016-06-23,38.00196854910474,38.39577284980272,37.66723602019031,37.74599838256836,2302300.0
2016-06-24,35.99356873953289,35.99356873953289,33.876877689068166,34.02455520629883,4503200.0
2016-06-27,33.571683371598,33.58153054360957,30.962742372296606,31.06119155883789,5453800.0
2016-06-28,31.74050272850582,32.91206453655629,31.317162601665487,31.64204978942871,3129900.0
2016-06-29,32.24259903399283,32.902216814597814,31.99647232380968,32.705318450927734,1829600.0
2016-06-30,32.78407979838802,33.27633326009233,32.144152551529935,33.06958770751953,4106000.0
2016-07-01,32.990822300774084,33.77843077115885,32.94159771027392,33.345245361328125,3027800.0
2016-07-05,32.88253386059518,32.90222069480745,31.651900164548895,32.01616668701172,1971300.0
2016-07-06,31.701122940853146,32.40012193872479,31.169488313346918,32.232757568359375,1902500.0
2016-07-07,32.469036363064106,33.03020498268405,32.16383787908307,32.51826095581055,1854200.0
2016-07-08,33.089277883831315,34.270686928301366,32.97113810606306,33.96548843383789,1952300.0
2016-07-11,34.44789968334395,34.90077197703394,34.28053154966098,34.467586517333984,1914800.0
2016-07-12,35.19612704645687,35.826210957721806,35.028762650600534,35.71791458129883,2126600.0
2016-07-13,35.81636205228306,35.95419241730583,35.03860070040226,35.55054473876953,1166100.0
2016-07-14,36.13140129421696,36.46613376554849,35.845893413105685,36.30861282348633,1369100.0
2016-07-15,36.495673306722786,36.69257545307896,36.10186901401044,36.34799575805664,1588400.0
2016-07-18,36.456296009756194,37.253748097427234,36.20032582114378,37.2143669128418,1246500.0
2016-07-19,37.02730472420858,37.411261810313846,36.859936600042126,37.00761413574219,1352600.0
2016-07-20,37.10606446235195,37.40141954282518,36.712263947714064,37.07653045654297,2715000.0
2016-07-21,37.19466883096862,37.58847308633299,36.76148715454437,36.95838928222656,2002000.0
2016-07-22,36.94854384562993,37.11591197647908,35.117360356692956,35.186279296875,4410300.0
2016-07-25,35.14689490547532,35.88527503476852,34.8810776082583,35.84589385986328,3067800.0
2016-07-26,35.60961173540764,36.22985211594868,35.501319134255354,35.78682327270508,1370700.0
2016-07-27,35.90496847762231,36.20031980170877,35.63915115926574,36.08218002319336,1315200.0
2016-07-28,35.895118450697055,35.95419021305491,35.3733310277871,35.84589385986328,1148100.0
2016-07-29,35.84589438378806,36.11171168489027,35.58007708268584,35.94434356689453,1244200.0
2016-08-01,36.023105095164745,36.29876580604386,35.58007627011224,35.92465591430664,1460400.0
2016-08-02,35.93449880606329,36.170782094510365,34.762937046318335,34.88107681274414,1501800.0
2016-08-03,34.851547964724936,35.79667374711034,34.73340442522975,35.688377380371094,1537600.0
2016-08-04,35.53085573977178,35.86558825077274,34.940153075932884,35.28472900390625,1644000.0
2016-08-05,35.65883910708138,36.269232299061834,35.59976734440111,36.151092529296875,1633600.0
2016-08-08,36.31846018283303,37.17498016357422,36.23970158104791,37.17498016357422,2346700.0
2016-08-09,37.204515143278186,37.9527387044671,36.25938945895673,37.62785339355469,2121600.0
2016-08-10,37.06668218078642,37.85428686241207,36.633496789195796,37.56877899169922,1930300.0
2016-08-11,37.74599201846948,37.94289413562012,37.549089901318844,37.558937072753906,1867300.0
2016-08-12,37.53924357545214,37.73614567733901,37.234045129747734,37.45063781738281,1169300.0
2016-08-15,37.55893695142253,38.10041495514095,37.55893695142253,37.81490707397461,1298300.0
2016-08-16,37.76568475919447,38.1397984275536,37.736150754396235,37.95273971557617,1465600.0
2016-08-17,37.95274023257449,38.80926018375251,37.76568527364469,38.7403450012207,1593300.0
2016-08-18,38.681272764796496,39.02584863980978,38.139794780234745,38.385921478271484,2570100.0
2016-08-19,38.189018732299274,38.66158153398306,37.92320145217803,38.54344177246094,1316400.0
2016-08-22,38.257940808226216,38.3760805910618,37.84444593490768,38.139801025390625,1647000.0
2016-08-23,39.065234922678684,39.38027683692643,38.740345836088025,38.888023376464844,2588300.0
2016-08-24,38.8289512177333,39.2621366621536,38.36623552336956,38.40561294555664,1969000.0
2016-08-25,38.27763006787599,38.55329080344557,38.228405473037974,38.45484161376953,1530500.0
2016-08-26,38.553288157944245,39.291668296634896,38.208712262126845,38.39576721191406,1167600.0
2016-08-29,38.38592766590323,38.9077151480603,38.2185595313497,38.82895278930664,1247100.0
2016-08-30,38.947092952961434,39.39011803798002,38.888021189014324,39.183372497558594,1261200.0
2016-08-31,39.12430620177244,39.380276345556396,38.48437520891883,39.35074234008789,1572000.0
2016-09-01,39.42949878606135,39.882371037954435,38.96678311808172,39.518104553222656,2788700.0
2016-09-02,39.734698850535054,40.30571089625735,39.67562708486899,39.941444396972656,1846800.0
2016-09-06,39.98082668611341,40.089123048382156,39.232599322581656,39.44919204711914,1326300.0
2016-09-07,39.429506589996976,39.97098471622138,38.986477666505614,39.6953239440918,1883000.0
2016-09-08,39.65593323306208,40.26633016126182,39.46887829057242,40.03989028930664,2124400.0
2016-09-09,39.675624031684734,39.911907320570386,38.71080780029297,38.71080780029297,1950100.0
2016-09-12,38.23824784203737,39.616558993311166,37.982277702535754,39.508262634277344,1726700.0
2016-09-13,38.986473083496094,39.54764173541884,38.888023892336136,38.986473083496094,1878100.0
2016-09-14,38.84863505206768,39.537790521062725,38.61235553764348,39.370426177978516,1975700.0
2016-09-15,39.291671303216575,39.783924766677366,38.93724820862946,39.62640380859375,1473400.0
2016-09-16,39.222752487129135,39.380273430627824,38.39576659486213,38.42530059814453,1968400.0
2016-09-19,38.71081640413558,38.986477172774144,37.94290211687312,38.041351318359375,1649500.0
2016-09-20,38.22840667583297,38.248093509910916,37.11591277063087,37.14544677734375,1858900.0
2016-09-21,37.243899514141944,37.43095448158753,36.456290954043595,36.96823501586914,2595900.0
2016-09-22,37.332500156863766,37.57862688391776,37.243898140496306,37.41126251220703,1534400.0
2016-09-23,37.22420649342054,37.6672315850464,36.9879231897038,37.08637237548828,1602000.0
2016-09-26,36.95839132429409,36.95839132429409,36.180629942553324,36.35784149169922,1932200.0
2016-09-27,36.25939050827634,36.63350042189944,35.8163616573061,36.44644546508789,1536800.0
2016-09-28,36.56458023668952,37.49001898887923,36.475974478620195,37.45063781738281,1346200.0
2016-09-29,37.39157289077614,38.031503899911314,36.85993824524192,37.17498016357422,1478400.0
2016-09-30,37.52940645729115,38.03150713937356,37.24390227645591,37.8936767578125,2192200.0
2016-10-03,37.71646233060042,38.415461358643874,37.71646233060042,38.3465461730957,1700400.0
2016-10-04,38.61235877091222,38.94709124070518,38.05119018267043,38.32685089111328,1687700.0
2016-10-05,38.543445252889086,39.3704311694104,38.42530172510344,39.31135940551758,1615600.0
2016-10-06,39.340890447175376,39.498411383432114,39.006157988180384,39.45903396606445,1005100.0
2016-10-07,39.24244422544044,39.527952117528955,38.93724574538765,39.31135940551758,1444700.0
2016-10-10,39.626400712089335,40.35493743354384,39.53779494536643,40.03004837036133,1282100.0
2016-10-11,39.931602478027344,40.414008771139855,39.478726435461695,39.931602478027344,1582700.0
2016-10-12,39.92175266835666,40.19741714466363,39.57717676746751,39.872528076171875,1032500.0
2016-10-13,39.39996622834159,39.557487180677164,37.60816398717607,38.257938385009766,1899500.0
2016-10-14,38.632053873964956,39.24244712355334,38.12010981587292,38.169334411621094,868200.0
2016-10-17,38.09056809189022,38.710808449470406,38.09056809189022,38.553287506103516,731800.0
2016-10-18,39.12430399629129,39.79376520127932,38.80925834813817,39.774078369140625,1377600.0
2016-10-19,39.8528367109699,40.4632299044678,39.8528367109699,40.28601837158203,2338700.0
2016-10-20,40.1678825099821,40.51246219327559,39.8823745952636,40.15803909301758,888800.0
2016-10-21,39.508263542264295,40.128500194555734,39.35074258612103,40.0891227722168,1091100.0
2016-10-24,40.33524939898428,40.66998189939229,40.217105865478516,40.217105865478516,1521300.0
2016-10-25,40.07927143392037,40.236792373690214,39.51810285126557,40.167877197265625,740200.0
2016-10-26,39.91190901562553,40.83734411224025,39.79376548836743,40.51245880126953,1823300.0
2016-10-27,40.719205301318496,40.85703566410933,40.24664244792317,40.27617645263672,1725900.0
2016-10-28,40.482921696954584,40.916107126055024,40.01035884705967,40.35493850708008,1033300.0
2016-10-31,40.414007914766806,40.77827441999359,40.1088131761697,40.473079681396484,1042200.0
2016-11-01,40.719200932327546,41.70370771016682,39.774075326944725,40.04973602294922,2272300.0
2016-11-02,40.19741652212821,40.25648452959691,39.724849928805064,39.902061462402344,1683800.0
2016-11-03,39.90206051995437,40.38447051792971,39.83314534247153,40.138343811035156,1357300.0
2016-11-04,40.06943221249464,41.64464177507696,40.04974162351289,40.650291442871094,2178800.0
2016-11-07,41.329602890311925,41.516657865948275,40.778277625220845,41.063785552978516,2267300.0
2016-11-08,41.64463936744727,42.05813420096687,40.482920973857574,41.32959747314453,3110200.0
2016-11-09,40.87672648202266,41.42805169187808,39.99066877968282,41.14254379272461,2435500.0
2016-11-10,41.368979304915925,41.66433061605937,40.69951433000644,41.17207717895508,2965800.0
2016-11-11,40.84719686600423,41.71356031738395,40.738900495682735,41.6741828918457,2202700.0
2016-11-14,42.33379461971435,43.013102995318604,42.14673966992073,42.78666687011719,3069200.0
2016-11-15,42.77682281398892,43.83024482901356,42.63899245771961,43.761329650878906,2599800.0
2016-11-16,43.66287982672456,44.16498045246861,43.3281473280938,43.35768508911133,1971100.0
2016-11-17,43.35768781748255,44.34219478651388,43.07217989512042,44.28312301635742,2272800.0
2016-11-18,44.224050099220996,44.381574815552696,43.62350401838812,43.653038024902344,2078400.0
2016-11-21,44.036991217461846,44.4997106415646,43.68256814841256,44.47017288208008,1460400.0
2016-11-22,44.578468552425775,44.82459526264119,44.35203242969906,44.755680084228516,1456600.0
2016-11-23,43.02295412265974,43.66288138169351,42.806361393598124,43.21985626220703,4864400.0
2016-11-25,43.43644123901549,43.88931724498318,43.38721664755688,43.60380935668945,1210900.0
2016-11-28,43.584124963619544,43.60381555412074,42.64884257059157,42.924503326416016,2312700.0
2016-11-29,42.86543128214854,43.36752814815702,42.73744433371667,42.74728775024414,2042300.0
2016-11-30,43.0820241023092,43.465984981972476,41.98922450134731,42.18612289428711,3277100.0
2016-12-01,42.39287118699229,42.84574348871681,42.146744446194695,42.550392150878906,2555500.0
2016-12-02,42.42240047948685,43.13124661599709,42.21565494153657,42.65868377685547,1542300.0
2016-12-05,42.87527997169315,43.613660236724364,42.776830771927486,42.86543655395508,1084400.0
2016-12-06,43.07217482369046,43.485665899311996,42.78666693494476,43.347835540771484,1206500.0
2016-12-07,43.49551307097666,43.61365284178345,43.23953918603377,43.347835540771484,1914900.0
2016-12-08,43.46598178180348,44.05668442832481,43.46598178180348,43.840091705322266,1748400.0
2016-12-09,43.84009000625425,44.49971156638139,43.56442928264059,43.80071258544922,1144700.0
2016-12-12,43.61365897157327,43.61365897157327,42.69806716904649,42.924503326416016,1621400.0
2016-12-13,43.06232927550044,43.68256585822333,42.81620257440854,42.826045989990234,1764500.0
2016-12-14,42.80635831992236,43.38721752430098,42.028596990134844,42.11720275878906,2123700.0
2016-12-15,42.13689164523632,42.51100529284547,41.703709991306866,42.077823638916016,1641300.0
2016-12-16,42.097512604789614,42.55038862457874,41.72340269381021,41.782470703125,1426700.0
2016-12-19,41.71355115813728,42.570074759556576,41.5560302237835,41.81200408935547,2411500.0
2016-12-20,41.93999187619177,42.205809186304016,41.743093503304834,41.95968246459961,1355500.0
2016-12-21,41.93014915568976,42.51100837877635,41.674179013331035,42.36333084106445,1023100.0
2016-12-22,42.46178715553606,42.67837613761927,41.44774241097977,41.57572937011719,1103800.0
2016-12-23,41.5855733467581,41.72340371265258,41.447739225267824,41.54619216918945,573600.0
2016-12-27,41.58557031800612,41.94983679499646,41.46742679390477,41.69386291503906,1019100.0
2016-12-28,41.782471017218285,41.8021616056698,40.93579824737723,41.14254379272461,827600.0
2016-12-29,41.14254180357895,41.38866851392973,40.709356389780424,40.92594909667969,787000.0
2016-12-30,41.053933978057714,41.349285264542516,40.6995109320378,40.965328216552734,712500.0
2017-01-03,41.368977518308256,42.11720105793104,41.18192257230144,42.077823638916016,1516300.0
2017-01-04,42.52085197217202,42.93434682612741,42.195966645688884,42.66852951049805,1944600.0
2017-01-05,42.5799255937556,43.54474195422583,42.5799255937556,43.01310729980469,1115100.0
2017-01-06,43.05249028687571,43.21001125528913,42.72760493259634,42.924503326416016,661900.0
2017-01-09,42.914658984175034,42.934349574251904,42.21565993662831,42.47163009643555,1354800.0
2017-01-10,42.54054339251831,43.180474396978596,42.481475380509956,42.81620788574219,1835600.0
2017-01-11,42.54054553488311,43.66288288671391,42.491320937198545,43.08202362060547,2772300.0
2017-01-12,42.99341685668372,43.219856760913316,41.91046071007149,42.19596862792969,1445500.0
2017-01-13,42.26488607954017,42.93435114425022,42.25503890634363,42.33380126953125,2840400.0
2017-01-17,42.11720511170478,42.5110093845228,41.43789668446937,41.56588363647461,1715700.0
2017-01-18,41.477277972943725,42.16643357440621,41.12285487758611,41.87107849121094,1140400.0
2017-01-19,41.95967959567243,42.31410265158897,40.994863363230465,41.034244537353516,1948900.0
2017-01-20,41.29021687803137,41.93999126361656,41.132695928665136,41.42805099487305,1156100.0
2017-01-23,41.300068108186004,41.664334635215404,40.89642040104638,41.47727966308594,1084500.0
2017-01-24,41.496968287869144,42.65868675692997,41.44773993726478,42.511009216308594,1537500.0
2017-01-25,43.05248992747109,43.515209411396015,42.80636318165505,43.13125228881836,2097500.0
2017-01-26,43.318301207760356,43.82039804657007,43.12139908751506,43.55458450317383,1179600.0
2017-01-27,43.23954315572351,43.89916476077671,43.23954315572351,43.653038024902344,1242300.0
2017-01-30,43.190318966343966,43.465983466924136,42.67837490023334,43.446292877197266,1272300.0
2017-01-31,43.08201730211102,43.81055401002058,42.78666600372436,43.5841178894043,1519000.0
2017-02-01,43.702257625920076,44.283116806416956,43.24938538501621,43.71210479736328,1588400.0
2017-02-02,43.653033821028714,43.859779357910156,43.278920166960695,43.859779357910156,1315400.0
2017-02-03,43.85977478734961,44.59815484691978,43.603804685827164,44.40125274658203,1305800.0
2017-02-06,44.43079647494895,44.67692319455554,43.88931844293358,44.23389434814453,1162500.0
2017-02-07,44.164983851446806,44.45049177781573,43.859785334749404,44.25358963012695,1347100.0
2017-02-08,44.15513309030291,44.48986558749361,43.65303622231476,44.4307975769043,893800.0
2017-02-09,44.43079286366837,45.37591848879606,44.35203051711003,45.228240966796875,1524100.0
2017-02-10,45.218401806322085,45.69096466335405,45.051033681933994,45.58266830444336,1554100.0
2017-02-13,45.69096374511719,46.409653310468094,45.641739152673146,45.69096374511719,2616400.0
2017-02-14,45.66142957257521,46.429343727541536,45.28731591130633,46.074920654296875,2429600.0
2017-02-15,46.143835407487785,46.636088836750154,46.0749202278387,46.40965270996094,1911300.0
2017-02-16,46.50810373992236,46.6557775092814,45.64173668841987,46.0650749206543,1850900.0
2017-02-17,45.641741996647646,46.183220058463405,45.33654349552433,45.927249908447266,1553700.0
2017-02-21,47.36462770161966,48.89061265006655,46.3505867933761,46.93144226074219,2587300.0
2017-02-22,46.88221803653096,47.10865417532318,45.93709230359059,46.16352844238281,1792500.0
2017-02-23,46.31120474396567,46.56717488145002,44.932893603554085,44.97227478027344,2736200.0
2017-02-24,44.67692622041034,44.67692622041034,44.08621979999005,44.64738845825195,1703300.0
2017-02-27,44.67692259253405,45.208553445467835,44.30280893220641,44.95258331298828,1428400.0
2017-02-28,44.78521849611076,45.01165462213832,44.43079542733871,44.59815979003906,1456900.0
2017-03-01,45.36607592633383,45.86817275050074,45.30700416530429,45.375919342041016,1355200.0
2017-03-02,45.405460259068455,45.65158700077831,45.08057491292138,45.10026550292969,1567300.0
2017-03-03,45.080575010813455,45.56298132247854,44.57847435350125,45.405460357666016,1396800.0
2017-03-06,44.94273683991769,44.972270842073065,43.849933693024084,44.53908920288086,1690200.0
2017-03-07,44.460332504592756,44.48986651050014,43.909007275547744,44.32250213623047,1709100.0
2017-03-08,44.53909415528992,45.031347609123124,44.33234485042716,44.608009338378906,1523100.0
2017-03-09,44.35203235763231,45.19870884029289,44.14528682273023,44.19451141357422,1618400.0
2017-03-10,44.44063949584961,44.588317028537844,44.24373737079718,44.44063949584961,1036400.0
2017-03-13,44.420951993473096,44.59816354277066,44.125600663175796,44.164981842041016,1349400.0
2017-03-14,44.72614266322821,44.72614266322821,43.68256413964122,44.42094421386719,1781100.0
2017-03-15,44.45048864142735,44.8738269146292,44.27327709657095,44.65723419189453,1869000.0
2017-03-16,44.735991216223105,45.169176646433414,44.686766623407124,44.92304992675781,1532000.0
2017-03-17,44.873823609160716,45.12979373532271,44.706455493304546,44.755680084228516,1228200.0
2017-03-20,44.745837057527744,44.942739178532044,44.381570574806915,44.54893493652344,769000.0
2017-03-21,44.6867620517519,44.95257933247874,43.48566258082217,43.57426834106445,1725900.0
2017-03-22,43.31830321446532,43.712107473198756,42.954036716274125,43.643192291259766,1498900.0
2017-03-23,43.72195326957824,44.352037113372674,43.49551712293936,44.086219787597656,1467500.0
2017-03-24,44.08621636622132,44.480020615829055,43.69241587220925,43.87947082519531,696600.0
2017-03-27,43.50535253030341,43.761326391965895,43.10170490746204,43.731788635253906,1476000.0
2017-03-28,43.52505038650129,44.67692544519667,43.51520696968326,44.49971389770508,1276100.0
2017-03-29,44.470175689628896,45.00181032676667,44.13544694283383,44.83444595336914,1192500.0
2017-03-30,44.80490713505989,45.32669834316927,44.775373130003125,45.19871139526367,925900.0
2017-03-31,45.09041386173516,45.47437093985761,45.001808093276466,45.257781982421875,1220800.0
2017-04-03,45.287314773018366,45.52359806777442,44.194511576513285,44.6276969909668,1034500.0
2017-04-04,44.44063968239107,44.97227429558549,44.27327531653117,44.7458381652832,835100.0
2017-04-05,45.100259731887434,45.612203739806965,44.73598949673982,44.755680084228516,1177500.0
2017-04-06,43.80071535588971,44.401261433805246,43.03279738988683,43.475826263427734,2838500.0
2017-04-07,43.26907724001838,43.465979363100644,42.609455691032146,42.707908630371094,1934100.0
2017-04-10,42.875272376107326,43.800711214581554,42.86542896011307,43.55458450317383,1134500.0
2017-04-11,43.39706538706801,43.50535798995113,42.98357054156657,43.33799362182617,713000.0
2017-04-12,42.885119545677476,43.34783520929722,42.5503870679549,42.73744201660156,907400.0
2017-04-13,42.717753927096375,43.05248642439366,42.18611929804849,42.36333084106445,1490200.0
2017-04-17,42.432243734974506,43.131246452763605,42.30426054849665,43.042640686035156,1004100.0
2017-04-18,42.79651806845217,43.14109399670221,42.56023474936932,42.96388244628906,813800.0
2017-04-19,43.150944460980995,43.60381678854083,43.150944460980995,43.426605224609375,1300000.0
2017-04-20,43.54473946969158,44.15513269238714,43.33799392330052,43.948387145996094,1027200.0
2017-04-21,43.918858016865,44.12560358620907,43.150943756103516,43.150943756103516,1158000.0
2017-04-24,43.94838580247124,44.883668074271334,43.74164026240051,44.391414642333984,1754600.0
2017-04-25,44.58831231693461,45.051027942978095,44.39141021268863,44.42094421386719,1386800.0
2017-04-26,44.45048951532164,44.92305239236398,44.41110833666914,44.67692565917969,1233500.0
2017-04-27,44.72615072397023,44.93289628067122,44.13544806036855,44.90336227416992,1134800.0
2017-04-28,44.873826587772434,45.39561404627348,44.6375432778197,45.29716110229492,1505700.0
2017-05-01,45.434992770737274,45.80910267086943,45.25778123673968,45.54328536987305,1049500.0
2017-05-02,45.622048564576396,45.90755645858578,45.42514643920455,45.69096374511719,1222100.0
2017-05-03,45.64173830853593,45.730344075534724,45.40545501134061,45.54328536987305,1297700.0
2017-05-04,45.7697244585768,46.04538517086909,44.982115985292204,45.39561080932617,1160500.0
2017-05-05,45.47437015352927,45.47437015352927,43.95823245531305,44.292964935302734,2759800.0
2017-05-08,44.37172405438501,44.7162999545029,43.94838580247124,44.391414642333984,2118400.0
2017-05-09,45.33654084039542,46.22259853009001,44.785219394003846,45.3070068359375,3519100.0
2017-05-10,45.28731694027216,45.28731694027216,44.29296663382831,44.33234405517578,1976900.0
2017-05-11,44.16497855014591,44.33234291445449,43.46597957757073,44.263427734375,1615800.0
2017-05-12,44.056682623933845,44.18466956915676,43.49551400604312,43.92869567871094,1238400.0
2017-05-15,43.997611562349945,44.804906911707135,43.9483869689688,44.33234405517578,2264300.0
2017-05-16,44.30281251725047,44.30281251725047,43.91885540966299,44.086219787597656,1721000.0
2017-05-17,41.93998810457762,43.623497583892444,41.693861405007105,42.77682113647461,2899500.0
2017-05-18,42.72759654767958,42.944185489496775,42.3337923261286,42.77682113647461,1500400.0
2017-05-19,42.75713394440429,44.105907313565574,42.75713394440429,43.80071258544922,1826500.0
2017-05-22,44.243741836253115,44.71630473071663,44.05668686415174,44.28312301635742,2225400.0
2017-05-23,44.480021590914966,44.539093356329786,43.77117542832007,44.33234405517578,1526600.0
2017-05-24,44.52923967514085,44.7261417754786,44.194507231245225,44.40125274658203,1289300.0
2017-05-25,44.6572373428707,44.73599594858855,43.948391113429544,44.25358963012695,896700.0
2017-05-26,44.28312280892604,44.37172858594765,43.86963168655586,44.10591125488281,935500.0
2017-05-30,43.97792502735504,44.135449749647066,43.24939196473487,43.25923538208008,1242400.0
2017-05-31,43.31830303341222,43.39706538706801,42.520851102828125,43.33799362182617,3892300.0
2017-06-01,43.77117374980389,44.292964935302734,43.525047036740766,44.292964935302734,3170000.0
2017-06-02,44.03699256495517,44.94274085308463,44.03699256495517,44.71630096435547,1713600.0
2017-06-05,44.62770275898863,44.83444832137432,44.15513610839844,44.15513610839844,921300.0
2017-06-06,43.97791935614291,44.45048595088656,43.82039840976023,44.036991119384766,1181700.0
2017-06-07,44.12560008784012,44.292968218037096,43.8105581722179,44.0665283203125,1039500.0
2017-06-08,44.05668686415174,44.539096931439346,43.938547079434876,44.28312301635742,616800.0
2017-06-09,44.46032852194315,45.00180653011748,44.430794518681346,44.70645523071289,1738000.0
2017-06-12,44.63754448052718,45.267628316583625,44.63754448052718,44.67692565917969,1766700.0
2017-06-13,44.75568118883712,45.51375192568191,44.66707542074889,44.95258331298828,1569400.0
2017-06-14,45.02150495639454,46.03554597129473,44.824602803976084,46.006011962890625,1783400.0
2017-06-15,45.58266628284597,46.19305947665844,45.20855262927259,45.49406051635742,869600.0
2017-06-16,45.54328396270629,45.69096148833997,45.12979289988476,45.42514419555664,848600.0
2017-06-19,45.64173598544974,45.95677786194467,45.326694108954804,45.53343963623047,836200.0
2017-06-20,45.4054582306293,45.622050955448664,45.01165771484375,45.01165771484375,661400.0
2017-06-21,45.060884423235215,45.11010902056758,44.1059114614841,44.28312301635742,814300.0
2017-06-22,44.3126469892098,44.7261417754786,43.99760513090747,44.40125274658203,907400.0
2017-06-23,44.411108189568665,45.366081112951306,44.38157418347507,44.93289566040039,1594400.0
2017-06-26,44.88367106504576,45.61220784532037,44.83444646969112,44.93289566040039,588500.0
2017-06-27,45.297162798039054,45.63189530890559,44.89351510160552,44.90336227416992,910200.0
2017-06-28,45.25778388721391,46.18321903126855,45.01165715953595,46.16352844238281,1181500.0
2017-06-29,46.27182071574438,46.69515895039989,45.63188977807568,46.11429977416992,992600.0
2017-06-30,46.281667255808166,46.45887879649171,45.287316949168975,45.710655212402344,1389300.0
2017-07-03,45.92725001693527,46.34074112692174,45.720500706346115,46.232444763183594,423900.0
2017-07-05,46.24229389547314,46.53764523735168,45.513757080283064,46.449039459228516,705400.0
2017-07-06,46.202913346646305,46.68531966866989,45.81895622139599,45.85833740234375,711200.0
2017-07-07,46.124144687414514,46.37027140134009,45.80910279403743,46.10445785522461,440300.0
2017-07-10,46.124150506815305,46.81330614387556,46.035544728399046,46.75423812866211,792800.0
2017-07-11,46.321049873363464,46.63609178757753,46.16352891625643,46.38996505737305,704500.0
2017-07-12,46.60655908609195,46.931444426144374,46.37027576602076,46.76408004760742,680300.0
2017-07-13,46.76407606581321,47.23663891012258,46.71485147370517,47.148033142089844,545900.0
2017-07-14,47.20710503795617,47.463075170991004,46.7050044325017,46.89206314086914,698400.0
2017-07-17,46.94129186406057,47.8076590350901,46.65578394607643,47.374473571777344,1296200.0
2017-07-18,47.19726284386313,47.56153312720966,46.842843488957726,47.522151947021484,966000.0
2017-07-19,47.72889310678319,48.35897690928662,47.6796685138868,48.112850189208984,956400.0
2017-07-20,48.08331950397697,49.46163073380042,48.07347608695645,49.136741638183594,2735000.0
2017-07-21,49.028443084261276,49.24503580500341,48.20145713440452,48.74293518066406,1350900.0
2017-07-24,48.723253149730944,49.01860449901948,48.624800196237324,48.634647369384766,732000.0
2017-07-25,49.02844274268593,49.15642969092332,48.23099455931979,48.260528564453125,1170500.0
2017-07-26,48.34913618500954,48.427894786909874,47.80765812180857,48.04393768310547,1230900.0
2017-07-27,48.26052628108024,48.575568172915965,47.866722038487794,48.12269592285156,741800.0
2017-07-28,47.98486870824247,48.43774098797577,47.797809990738315,48.28022003173828,453300.0
2017-07-31,48.44758698625468,48.65433254815885,48.201460244293706,48.339290618896484,836200.0
2017-08-01,48.91030278563686,48.989061384233004,48.486964520844765,48.64448547363281,834600.0
2017-08-02,48.565723246294006,48.762621605870365,47.81749595976013,48.132537841796875,754500.0
2017-08-03,48.74292878173238,49.875113075312115,48.28021315124974,48.683860778808594,1355000.0
2017-08-04,49.05798119723352,49.49116288623048,48.74293553044066,49.35333251953125,1477400.0
2017-08-07,49.363178824644955,49.66837733704879,48.44758704302949,49.461631774902344,1589900.0
2017-08-08,49.461630474618985,50.003108542213695,48.8807712279566,49.08751678466797,882500.0
2017-08-09,48.85123546554046,49.27457376885708,48.309757375780826,49.176124572753906,1610900.0
2017-08-10,48.900456990245885,48.92999475169729,48.073474781523636,48.20145797729492,1324500.0
2017-08-11,46.960982106224634,48.05378541789917,46.960982106224634,47.58122253417969,1333800.0
2017-08-14,48.06362661448051,48.526346059819225,47.77811871179936,47.87657165527344,727400.0
2017-08-15,47.87656813512103,48.565723666385885,47.79780578613281,47.79780578613281,798700.0
2017-08-16,47.88641314671925,48.61494987675605,47.7485827869923,48.22114562988281,1067000.0
2017-08-17,48.23099313896016,48.437738679996556,47.413850635441555,47.45323181152344,963100.0
2017-08-18,47.34494023497757,47.65013874703111,47.167728680313715,47.21695327758789,858300.0
2017-08-21,47.216951263053474,47.68951413679628,46.96098111479124,47.12834548950195,458900.0
2017-08-22,47.246488748729895,47.8568819876337,47.246488748729895,47.76827621459961,529900.0
2017-08-23,47.561533893699746,47.94549101773207,47.561533893699746,47.66982650756836,735600.0
2017-08-24,47.92579497409257,48.27037087809455,47.76827402432085,48.06362533569336,674800.0
2017-08-25,48.28022497654894,48.52635173060281,48.122704004178324,48.34914016723633,513300.0
2017-08-28,48.4771215033478,48.4771215033478,48.152232423025914,48.437740325927734,374200.0
2017-08-29,47.99471219581393,48.74293580014804,47.925797012082995,48.713401794433594,577400.0
2017-08-30,48.64448303011834,48.969372091446445,48.605101855000584,48.89060974121094,926900.0
2017-08-31,49.14657728520417,49.68805902562476,48.91029775810733,49.52069091796875,1172700.0
2017-09-01,49.63883652621768,50.11140314724421,49.5600779264438,49.60930252075195,1217900.0
2017-09-05,49.53054072619147,49.59945590489692,48.32944117344688,48.76262283325195,752200.0
2017-09-06,48.998906555373786,49.39270704346471,48.368822769951834,48.42789077758789,738200.0
2017-09-07,48.66417526652898,48.66417526652898,47.48276626213657,47.807655334472656,1279600.0
2017-09-08,47.63044388342366,48.299908861954464,47.384317163540146,48.24083709716797,951300.0
2017-09-11,48.457435293718994,48.8217018287838,48.25068597137766,48.408206939697266,810900.0
2017-09-12,48.575568204635964,48.92014410043267,48.4475812623705,48.811851501464844,444400.0
2017-09-13,48.77247180135153,49.22534406541033,48.585413090321715,48.67401885986328,539200.0
2017-09-14,48.6149492542652,48.76262302825504,48.171920421104474,48.25067901611328,502500.0
2017-09-15,48.2605257024138,48.890609478530244,48.21130111157887,48.84138488769531,944500.0
2017-09-18,48.998910735641935,49.15643169543609,48.42789490914069,48.47712326049805,757300.0
2017-09-19,48.654330667624805,49.27457108496049,48.48696629224622,49.24503707885742,560100.0
2017-09-20,49.10720692188433,49.569922627081695,48.70355922914845,49.42224884033203,695200.0
2017-09-21,49.461628260371114,49.648683219174764,49.06782399851569,49.38286590576172,533700.0
2017-09-22,49.382866046559805,49.648683360730736,48.831540829509464,49.126895904541016,870700.0
2017-09-25,49.12689826815973,49.225347460843025,48.634644793551296,49.00875473022461,609600.0
2017-09-26,49.10720426383478,49.86527501269084,49.03828908262929,49.49116134643555,744600.0
2017-09-27,49.69790785385527,49.865275979739906,49.09735804405025,49.254878997802734,863000.0
2017-09-28,49.33364547962867,49.86528015136719,48.92999776714486,49.86528015136719,916600.0
2017-09-29,49.875120699025835,50.475670524517355,49.707756324365384,50.31814956665039,986600.0
2017-10-02,50.49536297512697,50.88916350651324,50.426447788244474,50.66272735595703,1002500.0
2017-10-03,50.75133062531764,51.03683853149414,50.12124680175285,51.03683853149414,1040200.0
2017-10-04,51.08606396045081,51.52909282975472,51.00730535901672,51.18451690673828,716800.0
2017-10-05,51.26327400827051,51.47986672816982,51.13528705963948,51.194358825683594,818700.0
2017-10-06,51.14513485053354,51.26327462845525,50.82024576675405,51.164825439453125,578100.0
2017-10-09,51.243581623090144,51.55862351975579,51.11559467894609,51.282962799072266,452400.0
2017-10-10,51.18451185815154,51.32234221376321,50.593805505478706,51.24357986450195,692800.0
2017-10-11,51.16482482045943,51.48971014471262,50.839935740610464,51.194358825683594,859300.0
2017-10-12,51.1943576481564,51.55862414139379,51.02699328160797,51.2534294128418,425400.0
2017-10-13,51.30264945898546,51.657072504496185,51.184509695680326,51.5389289855957,400600.0
2017-10-16,51.53893481697591,52.031188267971274,51.49955739514908,51.627540588378906,646600.0
2017-10-17,51.77521962809852,52.00165577145461,51.538936312303186,51.617698669433594,691200.0
2017-10-18,51.69646058079684,51.824447541530084,51.391265816366364,51.51925277709961,853100.0
2017-10-19,51.31249846210672,51.4503288269043,50.93838854496921,51.4503288269043,1148900.0
2017-10-20,51.90320542806676,52.36592112134716,51.80475248384001,52.237937927246094,1307500.0
2017-10-23,52.16902530844928,52.25763108481086,51.5881660535447,51.73583984375,660200.0
2017-10-24,52.02134967614136,52.20840465285355,51.71615115620407,52.080421447753906,450900.0
2017-10-25,51.95242839477174,52.119792761320156,51.10575187892614,51.2534294128418,928900.0
2017-10-26,51.499557612529465,51.99181106560263,51.20420253620892,51.804752349853516,607700.0
2017-10-27,51.73583844953331,51.853978229633036,51.21405097812998,51.617698669433594,606400.0
2017-10-30,51.21404919468679,52.10995032006953,51.21404919468679,51.706302642822266,1309300.0
2017-10-31,51.70630023196409,52.47421437346003,51.68660964428528,51.824440002441406,932400.0
2017-11-01,52.20840289371902,52.306855843089274,51.27312428607563,52.041038513183594,1453000.0
2017-11-02,53.17321616172129,53.6556261965006,51.43064224888768,52.1887092590332,1785400.0
2017-11-03,51.94257597437784,52.0410289055721,51.450322585192474,51.696449279785156,697000.0
2017-11-06,51.637389303424044,51.7752196729257,51.03683947437034,51.48971176147461,1183000.0
2017-11-07,51.58816180431494,51.706301577867414,51.09590836631803,51.381412506103516,956500.0
2017-11-08,51.39126007457913,51.54878102572989,50.80055369106699,51.17466735839844,1005500.0
2017-11-09,50.9580755576887,51.40110441438297,50.71194883236919,51.06637191772461,1132900.0
2017-11-10,51.184510507403076,51.39125603536461,50.71194393549754,50.86946487426758,1033900.0
2017-11-13,50.180312635148866,50.180312635148866,49.02843772997266,49.825889587402344,1957300.0
2017-11-14,49.71759990969475,50.15078160639836,49.10720666534059,49.373023986816406,1627700.0
2017-11-15,49.02844212242828,49.36317461355585,48.30975254704175,48.979217529296875,1137400.0
2017-11-16,49.12689514909886,49.95388108415962,49.12689514909886,49.41239929199219,1140200.0
2017-11-17,49.1662756553131,49.77667266740273,49.15643223829048,49.69791030883789,843600.0
2017-11-20,49.756978089272856,50.18031634363444,49.59945714036592,50.08186340332031,1475900.0
2017-11-21,50.30830019240208,50.36737195736523,49.84558451144237,49.92434310913086,701200.0
2017-11-22,50.0326400473362,50.51505007780727,50.003106042309966,50.022796630859375,512800.0
2017-11-24,50.23938450260388,50.643032170110835,50.23938450260388,50.51504898071289,277500.0
2017-11-27,50.39690522774507,50.672569704627534,50.04248590991733,50.33783721923828,516700.0
2017-11-28,50.32798862285683,50.98761015874507,50.2098488535916,50.90884780883789,1351400.0
2017-11-29,50.94823224103283,51.243583560876175,50.49535996689997,50.93838882446289,1092900.0
2017-11-30,51.1943594450346,51.450329589797605,50.69226257217046,51.164825439453125,2871000.0
2017-12-01,51.12544211102269,51.68661072704004,50.46582055454881,51.33218765258789,1436000.0
2017-12-04,51.64723021185072,51.82444175134479,50.987612402530566,51.17466735839844,1257800.0
2017-12-05,51.125442243925576,51.41095013859819,50.3870620887627,51.07621765136719,1257700.0
2017-12-06,50.987612799189854,51.41095106287509,50.92854103370037,50.96792221069336,1037400.0
2017-12-07,50.99745829577104,51.598008124824744,50.92854311102021,51.48971176147461,1282600.0
2017-12-08,51.588159708718536,51.785058071442414,51.2534272342542,51.54877853393555,1229500.0
2017-12-11,51.72599226353791,51.83428862099663,51.14513305538308,51.2534294128418,1828700.0
2017-12-12,51.44048620399583,51.83429047143222,50.544585063394095,51.72599411010742,1191900.0
2017-12-13,51.83428841070266,51.9819621884235,51.47001816334743,51.76537322998047,1134900.0
2017-12-14,51.68660984143609,52.06072349756945,51.194356414374795,51.312496185302734,1268700.0
2017-12-15,51.31249915339982,52.34623065890412,51.282965147858384,51.85397720336914,1551400.0
2017-12-18,52.25763057623788,52.73019346036864,51.9819660771313,52.19855880737305,1098700.0
2017-12-19,52.20839765973133,52.57266790248852,51.82444058466975,51.92289352416992,785300.0
2017-12-20,52.18871058708372,52.54313368196579,51.863825253839074,51.8736686706543,875000.0
2017-12-21,51.84413016899463,52.35607417769864,51.82443958147576,52.15917205810547,931700.0
2017-12-22,52.454526893353325,52.454526893353325,51.96227343900701,52.237937927246094,694100.0
2017-12-26,52.19855859617998,52.33638896737764,51.991813039383494,52.02134704589844,417200.0
2017-12-27,52.02134528908207,52.109951061230525,51.686612789365206,51.981964111328125,638300.0
2017-12-28,52.05087807594954,52.30685196976131,51.82444194255958,52.16902160644531,614300.0
2017-12-29,52.23793930260343,52.346231910710344,51.77521984154442,51.7949104309082,669300.0
2018-01-02,51.824441499822115,52.52344048243639,51.60784878469263,51.814598083496094,1285700.0
2018-01-03,51.93273811842737,52.12964024629885,51.65707739276474,51.86382293701172,1781700.0
2018-01-04,52.16902072724427,52.523440045971384,51.97211860199877,52.149330139160156,1313300.0
2018-01-05,52.15917517227458,52.61204744546075,52.01150139045949,52.44468307495117,765900.0
2018-01-08,52.38561675733644,52.75973047025083,52.2477863777354,52.61205291748047,1006100.0
2018-01-09,52.93693612316275,52.99600788879726,52.562822452002365,52.65142822265625,1229800.0
2018-01-10,52.4348358621555,52.759724941969225,52.178865720517,52.572669982910156,1027300.0
2018-01-11,52.877864657016595,53.330736929325546,52.64158510433183,53.26182174682617,1258500.0
2018-01-12,53.3307368888609,53.74423173913917,53.07476674771399,53.389808654785156,956200.0
2018-01-16,53.439032243124366,53.85252708562265,52.85817303371668,53.06492233276367,979800.0
2018-01-17,53.232286043169346,53.409497579826564,52.868019553638696,53.222442626953125,774000.0
2018-01-18,53.29136057475311,53.34058516958182,52.81879770432486,52.89755630493164,726300.0
2018-01-19,52.671121458944384,53.33073930817408,52.533291087797636,53.271671295166016,641300.0
2018-01-22,53.00585000597927,53.75407357436365,52.877863061372956,53.65562438964844,1056500.0
2018-01-23,53.478416352823054,53.98051699228166,53.320895393611636,53.73439025878906,1331800.0
2018-01-24,54.10850075478106,54.43338984907049,53.557179269581006,53.70485305786133,1043400.0
2018-01-25,53.85253055535993,54.078966701671504,53.695009594639,53.83283996582031,832800.0
2018-01-26,54.0494293115195,54.305399448318106,53.94113295362927,54.187259674072266,997500.0
2018-01-29,54.561371396674524,54.80749812528946,54.098655700683594,54.098655700683594,906400.0
2018-01-30,53.83283484947957,54.07896156193857,53.33073425292969,53.33073425292969,1588100.0
2018-01-31,53.70485060260483,53.90175273357265,52.936936422985674,53.26182174682617,1506100.0
2018-02-01,53.291354898566894,53.73438371602905,53.084605613354256,53.11414337158203,1246100.0
2018-02-02,53.005847350312315,53.16336829132204,52.119789709885424,52.21824264526367,1880500.0
2018-02-05,51.8441382014472,52.09026495017333,50.36737770909045,50.83009719848633,2460400.0
2018-02-06,50.05232835807508,52.2182441771972,49.67821470385325,51.26327133178711,1753300.0
2018-02-07,51.10574830993177,52.03118335846733,51.05652372059607,51.43063735961914,2210800.0
2018-02-08,51.26327299188223,51.538933716764404,50.10155457188495,50.18031692504883,1695800.0
2018-02-09,50.60365403354088,50.662722041474815,48.28021724638343,50.11140060424805,2996800.0
2018-02-12,50.40675699585606,51.29281100461297,50.30830404670795,51.04668426513672,2017700.0
2018-02-13,50.70210201191683,51.14513083886822,50.416594128370875,50.859622955322266,1800400.0
2018-02-14,52.17886628670822,53.38980933665278,51.20420279228679,51.85397720336914,2096100.0
2018-02-15,52.10995117401846,52.13948517959993,51.036838489273705,51.164825439453125,1588000.0
2018-02-16,50.95807756667306,51.64723317585629,50.87931896437563,51.15497970581055,1264100.0
2018-02-20,50.98761408129169,51.44048636131143,50.515051212280326,50.78086853027344,1613000.0
2018-02-21,50.790713749741386,51.11559909064503,50.68241738424152,50.692264556884766,1607400.0
2018-02-22,50.918693720282704,50.96791830995875,50.24922878502117,50.4067497253418,1576600.0
2018-02-23,50.74149294546653,50.859632736842826,49.56992718269776,50.13109588623047,1601600.0
2018-02-26,50.3575302559432,50.889161136333584,50.16062812162284,50.78086853027344,1011200.0
2018-02-27,50.53474078795527,50.682414569037526,49.619149073981404,49.63883590698242,1802300.0
2018-02-28,49.599455604459024,49.83573514270491,48.71339794704805,48.84138488769531,2104800.0
2018-03-01,48.95952966484337,49.15643180391959,48.37867042014631,48.782318115234375,1481900.0
2018-03-02,48.45743699074852,48.79216952959987,47.856887104374366,48.57557678222656,1349800.0
2018-03-05,48.34913723002457,48.65433198292918,47.94548952812169,48.36882781982422,1523800.0
2018-03-06,48.664175541028484,48.79216248742182,48.201456104095776,48.54603576660156,1094300.0
2018-03-07,48.250685512967365,48.68387098842785,47.54184304006164,48.18177032470703,1442900.0
2018-03-08,48.221149911968915,48.57557301450883,48.12270071930603,48.44758605957031,1102100.0
2018-03-09,48.8020091722321,49.225347460843025,48.53619184527203,49.00875473022461,1715000.0
2018-03-12,49.02844463646976,49.30410913221323,48.57557234748565,48.605106353759766,1881200.0
2018-03-13,48.72324979985908,49.028444545715836,48.437741887751365,48.861080169677734,1470700.0
2018-03-14,49.36317474389478,50.121245498026354,49.20565379210093,49.973567962646484,1891500.0
2018-03-15,50.06216890279398,50.15077466435413,49.20564904477606,49.52069091796875,1456200.0
2018-03-16,49.44193574502722,49.85542682382598,49.20565244600249,49.727439880371094,1007700.0
2018-03-19,49.65852440435544,49.82589252258203,49.39270710288659,49.80620193481445,1271400.0
2018-03-20,49.82589619131522,50.39690825623669,49.82589619131522,50.06217575073242,1074300.0
2018-03-21,50.0326416568928,50.65288207156718,49.963726472550746,50.31814956665039,1021100.0
2018-03-22,49.80620239905337,50.24923123896422,49.343482971191406,49.343482971191406,1350200.0
2018-03-23,49.43209254526873,49.68806645274659,48.68386892349424,48.782318115234375,1279300.0
2018-03-26,49.33364327780117,49.71760038283265,49.00875418548474,49.59946060180664,904300.0
2018-03-27,49.71760114789099,49.71760114789099,48.880771739719336,49.18596649169922,1473700.0
2018-03-28,49.185966082249436,49.62899495872124,49.01860170424673,49.3927116394043,1031200.0
2018-03-29,49.54038838349985,50.012951258907336,49.422248603546954,49.9341926574707,1177800.0
2018-04-02,50.03263835919562,50.308299078394796,49.254877037917254,49.727439880371094,1282600.0
2018-04-03,49.766823111844566,50.4067540999568,49.51085296995715,50.37721633911133,991400.0
2018-04-04,49.75697893098845,50.99745595516569,49.26472548787759,50.918697357177734,1301000.0
2018-04-05,51.07622086390381,51.716148118603684,50.810403540654605,51.66692352294922,1796700.0
2018-04-06,51.28296069499493,51.76537069199405,50.298453869408995,50.63318634033203,1371500.0
2018-04-09,50.69226350995581,50.9285430701703,50.347683830882154,50.367374420166016,1018900.0
2018-04-10,50.96792129438132,51.223891429042354,50.652879395292814,51.07621765136719,959500.0
2018-04-11,50.45597530312112,51.233736604258496,50.45597530312112,50.859622955322266,783400.0
2018-04-12,51.184520775526245,51.32235115515075,50.90885626068107,51.05653381347656,663100.0
2018-04-13,51.391258436427556,51.54877938255717,50.80055207174482,50.87931442260742,673000.0
2018-04-16,51.194358685936756,51.6078497803295,50.98761313874038,51.4503288269043,518400.0
2018-04-17,51.69645701222047,51.932740326833176,51.420796274835546,51.56847381591797,753300.0
2018-04-18,51.92289785378467,52.37577014646152,51.72599571396118,52.02134704589844,970100.0
2018-04-19,52.11979359680007,52.34622973166366,51.7259930927052,51.96227264404297,662800.0
2018-04-20,52.24778474737248,52.27731875476649,51.794912441216056,51.88351821899414,747700.0
2018-04-23,51.72599725356599,52.10010719921031,51.65708206591593,51.88351821899414,544600.0
2018-04-24,51.85397646424295,52.34622991276135,51.410951365052995,51.57831573486328,1017800.0
2018-04-25,51.35187963936196,51.578315775185956,51.03683773251155,51.4503288269043,594400.0
2018-04-26,51.50940091169406,51.775218226419035,51.27312135789127,51.49955749511719,614500.0
2018-04-27,51.450329878023524,51.794909552652946,51.06637278093016,51.77521896362305,637900.0
2018-04-30,51.85397660523519,52.139484507495155,51.28296455631104,51.32234573364258,1360500.0
2018-05-01,51.24358382165317,51.450329371036055,50.711949189872186,50.987613677978516,1175300.0
2018-05-02,51.13529189489988,52.08042146299657,50.79071594938284,51.51925277709961,1465300.0
2018-05-03,52.2477813766719,53.133839097289865,51.68661273881246,52.79910659790039,1719100.0
2018-05-04,52.7991057608521,53.567019936149705,52.60220363099237,53.34058380126953,1388700.0
2018-05-07,53.448882223389994,53.79345814724698,53.25198008593061,53.301204681396484,1052600.0
2018-05-08,53.507949698767554,54.029740921138206,53.2027549565842,53.891910552978516,1235900.0
2018-05-09,54.147883283902566,54.88626351050124,54.13803986667684,54.512149810791016,1231800.0
2018-05-10,54.63029124320165,55.063472940744255,54.43338910592013,54.67951583862305,1178000.0
2018-05-11,54.817345733311654,55.24068401034215,54.00020318512857,54.45307922363281,1309900.0
2018-05-14,54.42354080127815,54.91579425644339,54.236485840329856,54.610599517822266,553300.0
2018-05-15,54.59090651698016,54.83703323368829,54.34477980027204,54.728736877441406,647100.0
2018-05-16,54.8961046613746,55.26037492882042,54.620443923282316,54.93548583984375,869300.0
2018-05-17,54.74843396479255,55.05362872615994,54.56137523430688,54.659828186035156,612900.0
2018-05-18,54.67951176216177,54.866566713056166,54.50230022737946,54.630287170410156,629300.0
2018-05-21,54.718894781244046,55.31944082979876,54.640132427311514,55.10285186767578,609600.0
2018-05-22,55.13238790950457,55.3883580580508,54.49245690474519,54.50230407714844,817500.0
2018-05-23,54.13803848358871,54.462923822082196,53.92144575419576,54.39400863647461,841800.0
2018-05-24,54.394007758416045,54.64997790716993,54.08880925879774,54.37431716918945,1144500.0
2018-05-25,54.010050042162284,54.52199408943347,54.010050042162284,54.40385055541992,969300.0
2018-05-29,53.72454136620747,54.56137073105101,53.72454136620747,54.25617599487305,857300.0
2018-05-30,54.64997683909398,54.76812037214452,54.26601974566925,54.738582611083984,861000.0
2018-05-31,54.817345733311654,54.817345733311654,54.08880895835811,54.45307922363281,1146800.0
2018-06-01,54.758272862660014,55.03393734915094,53.960824675257435,54.25617599487305,1014100.0
2018-06-04,54.42354574903302,54.640138490787265,53.97067343045245,54.118350982666016,1098800.0
2018-06-05,54.04943264883362,54.15772525781473,53.57686601147994,53.9608268737793,1047500.0
2018-06-06,53.90175824091176,54.33493996882411,53.64578807341723,54.118350982666016,1297700.0
2018-06-07,54.14787823686488,54.38416153981512,54.059272467708,54.13803482055664,654300.0
2018-06-08,54.147878894810646,54.147878894810646,53.69500662721521,53.98051452636719,578000.0
2018-06-11,54.06911999786772,54.34478449821623,53.89191220166679,54.05927658081055,519400.0
2018-06-12,54.14788081264071,54.31524518701194,53.882063492525326,54.197105407714844,674200.0
2018-06-13,54.275863486004916,54.29555407360163,53.71469488408308,53.84267807006836,760700.0
2018-06-14,53.891911780850734,54.15772535087451,53.57686610354162,53.70485305786133,984600.0
2018-06-15,53.49810479541727,53.91159588840634,53.045232525306645,53.90175247192383,1232400.0
2018-06-18,53.61624504658188,54.33493463524174,53.537486447236205,54.12818908691406,616900.0
2018-06-19,53.93128383645578,54.19710113561806,53.665466537293504,53.84267807006836,900600.0
2018-06-20,53.911598614811346,54.049432741707314,53.56702268656131,53.70485305786133,920000.0
2018-06-21,53.56701875397769,53.79345488386064,53.2716674435041,53.399654388427734,892900.0
2018-06-22,53.9312866571144,54.12818878778413,53.4882615576022,53.51779556274414,622600.0
2018-06-25,53.202752075425146,53.37996361220394,52.74987981725519,53.09445571899414,1480500.0
2018-06-26,53.301203242854115,53.49810537499932,52.99600850584506,53.31105041503906,856100.0
2018-06-27,53.33073670914625,53.6556257872412,52.956626793007274,53.08460998535156,1141700.0
2018-06-28,53.01569157747589,53.242131454513874,52.64158168409908,53.18305969238281,1152400.0
2018-06-29,53.23228805994266,53.576863974499915,53.212597471168564,53.31105041503906,983600.0
2018-07-02,53.00585060600459,53.261820742519134,52.58251234686478,52.93693542480469,1224800.0
2018-07-03,53.09445912708229,53.65562777770418,52.98616276369984,53.301204681396484,509300.0
2018-07-05,53.54733096372923,53.66547074297237,53.09445868030063,53.63593673706055,1197000.0
2018-07-06,53.655626405922774,54.010049493169156,53.48826203449855,53.744232177734375,824600.0
2018-07-09,53.8525310774464,54.52199610589961,53.51779856321979,54.49245834350586,941600.0
2018-07-10,54.54168508442553,54.54168508442553,53.84268231422767,54.197105407714844,801200.0
2018-07-11,53.773762857778436,54.167567098276244,53.35042461370175,53.970664978027344,607900.0
2018-07-12,54.21679754289713,54.47277145353532,54.01989540138991,54.05927658081055,761000.0
2018-07-13,54.147880295287415,54.34478242929854,53.99035933919769,54.098655700683594,610500.0
2018-07-16,54.09865420321894,54.36447151343669,54.00020126114067,54.108497619628906,338900.0
2018-07-17,53.970666269788694,54.59090664895943,53.83283590899423,54.4727668762207,692500.0
2018-07-18,54.61059697419066,55.1422278267542,54.5909063862297,54.98470687866211,856200.0
2018-07-19,54.87642092424125,54.95517953002777,54.43339203045428,54.659828186035156,892400.0
2018-07-20,54.83703441415737,54.92564018430353,54.14787884142015,54.6696662902832,1553000.0
2018-07-23,54.51214595559354,54.886259628845764,54.46292136175409,54.640132904052734,715100.0
2018-07-24,54.79765521298735,55.28990867474814,54.69920602287354,54.886260986328125,629400.0
2018-07-25,54.83703241786325,55.280061252465934,54.64997371236678,55.27021408081055,709600.0
2018-07-26,55.329290135331476,55.654175468841366,55.004401046225695,55.49665451049805,730800.0
2018-07-27,55.60494955014608,55.910148042745796,55.51634377846202,55.81169509887695,1296900.0
2018-07-30,55.91999000641434,56.225188491084346,54.85672452942734,55.13238525390625,1814600.0
2018-07-31,54.138034920862445,55.496651709657556,53.86237044097714,55.260372161865234,1656400.0
2018-08-01,55.26037329829741,56.0381308943371,54.97486539621414,56.0184440612793,3007700.0
2018-08-02,55.59510474980542,56.38270950317383,55.40804603890838,56.38270950317383,1634400.0
2018-08-03,56.510695175669625,56.58945377143367,56.107047513940365,56.56976318359375,1117700.0
2018-08-06,56.55007553100586,56.85527402497259,56.313795975853914,56.55007553100586,726000.0
2018-08-07,56.85527420043945,57.39675225122924,56.68790982798996,56.85527420043945,1848400.0
2018-08-08,56.80604894673309,57.140781443343556,56.64852799277497,57.012794494628906,1168200.0
2018-08-09,57.00295173956204,57.308146478874846,56.66821923906723,56.85527420043945,916000.0
2018-08-10,56.44178420782301,56.668220351485736,55.82154378916674,56.36302185058594,1209800.0
2018-08-13,56.32363857533867,56.32363857533867,55.48680921662296,55.84123229980469,1268700.0
2018-08-14,55.74277467013934,55.97905795759267,55.427732790598526,55.821537017822266,888900.0
2018-08-15,55.38835793330744,55.46712028997251,55.0044008335549,55.31944274902344,1671800.0
2018-08-16,55.54587901749745,55.85107751687561,55.28990886894497,55.752628326416016,778300.0
2018-08-17,55.66401760345764,55.91998772925081,55.2899039529025,55.68370819091797,708200.0
2018-08-20,55.81169655217165,56.047979868013705,55.50650180722069,55.929840087890625,819800.0
2018-08-21,56.00859766600844,56.60914748368724,56.00859766600844,56.16611862182617,1337600.0
2018-08-22,56.2054992393212,56.39255419886616,56.06766887380431,56.195655822753906,816800.0
2018-08-23,56.235031033482926,56.24487820525883,55.72308701340974,55.801849365234375,626900.0
2018-08-24,55.979059103782845,56.14642346264274,55.79200040200353,55.89045333862305,548800.0
2018-08-27,56.06767180428649,56.45162891560773,55.959375438406965,56.175968170166016,666600.0
2018-08-28,56.37286882783008,56.45163119004161,56.116898661834895,56.31380081176758,832100.0
2018-08-29,56.41224706686335,56.46147166288028,56.24488268928663,56.33348846435547,1003400.0
2018-08-30,56.33348560775932,56.33348560775932,55.93968134840135,56.09720230102539,655400.0
2018-08-31,55.91999225292574,56.24488133890989,55.67386552315441,56.08736038208008,1493800.0
2018-09-04,56.08736016580516,56.244881122027564,55.3489799793384,55.91014862060547,1406900.0
2018-09-05,55.66402105754622,56.13658391913114,55.50650010368458,55.76247024536133,731000.0
2018-09-06,55.89045803162819,56.107050754782435,55.59510670816066,55.91014862060547,508700.0
2018-09-07,55.82154002546389,55.96921380193281,55.260371412571565,55.545875549316406,1226500.0
2018-09-10,55.85107561741357,56.23503270498208,55.70340183674648,55.969215393066406,845000.0
2018-09-11,55.841234313899335,56.1070516358732,55.624641587343774,55.929840087890625,628300.0
2018-09-12,55.90029560990975,56.03812596275942,55.41788937493588,55.821537017822266,641400.0
2018-09-13,55.969212195465616,56.16611431403487,55.841229010651816,55.93967819213867,920500.0
2018-09-14,55.969216488155055,56.38271134442399,55.821542704598585,56.16611862182617,838800.0
2018-09-17,56.22519126758037,56.42209340432969,55.99875512477722,56.18581008911133,557500.0
2018-09-18,56.27441314541148,56.609145635042516,55.91999006749677,56.38270950317383,961700.0
2018-09-19,56.25472904010893,56.65837675745267,56.22519503207768,56.31380081176758,740800.0
2018-09-20,56.60914357152969,56.658368162646696,56.40239803548096,56.422088623046875,1033900.0
2018-09-21,56.55992034888728,56.70759412581127,56.4516239924523,56.668216705322266,2002100.0
2018-09-24,56.65836872349689,56.65836872349689,56.07750952913713,56.39255142211914,663400.0
2018-09-25,56.44177976931901,56.5796101280492,56.166115296263044,56.39255142211914,648000.0
2018-09-26,56.303951263427734,56.55007800156133,56.02829051850882,56.303951263427734,833200.0
2018-09-27,56.303947150039136,56.658370227953846,56.19565454787249,56.38270950317383,922300.0
2018-09-28,56.382707061259254,56.84542647689611,56.01844058277681,56.62883377075195,1647500.0
2018-10-01,57.02263805754405,57.04232864628882,55.80185160013409,56.06766891479492,1319500.0
2018-10-02,56.195656959402314,56.42209310098808,55.92983963955924,56.26457214355469,994000.0
2018-10-03,56.254724610587736,56.63868170714565,56.11689424316653,56.34333038330078,891800.0
2018-10-04,56.333488039005495,56.55992418345037,55.604951254429714,55.97906494140625,960300.0
2018-10-05,55.831390082998084,56.21534720532424,55.13239102668143,55.34898376464844,1074200.0
2018-10-08,55.063472961217684,55.40804888489153,54.8468802345679,55.240684509277344,1007500.0
2018-10-09,55.13238821584231,55.49665472927299,54.35462683788295,54.42354202270508,1443000.0
2018-10-10,54.13803636557227,54.29555732016927,53.27166923749086,53.31105041503906,2244100.0
2018-10-11,53.16337495015951,53.37996767952494,52.00165645635649,52.02134704589844,1853400.0
2018-10-12,52.54313368196579,52.680964050954174,51.24358483779545,51.8736686706543,1407100.0
2018-10-15,52.0016528292476,52.53328744301077,51.804750703158014,52.326541900634766,681800.0
2018-10-16,52.385611386343285,53.133838735457786,52.119794071968066,52.877864837646484,878900.0
2018-10-17,52.84832924535163,53.14368055614514,52.40530040136351,52.454524993896484,995500.0
2018-10-18,52.14932995053296,52.395456667300664,51.607848169167475,51.84413146972656,858900.0
2018-10-19,51.76537550408262,51.93273987730452,51.39126182401577,51.90320587158203,1193900.0
2018-10-22,52.02134084604692,52.16901837221346,50.21969155143534,50.50519943237305,1581200.0
2018-10-23,49.81604583783983,50.11140090164487,48.83153897341141,50.03263854980469,1796000.0
2018-10-24,49.993257909295835,50.22954121175126,48.06362533569336,48.06362533569336,1413200.0
2018-10-25,48.536189591210736,49.284416941000984,48.41804981435809,48.87092208862305,1814100.0
2018-10-26,48.378672573571556,48.949688426749965,48.06363063926488,48.61495590209961,1063600.0
2018-10-29,49.01859848333126,49.72744088351356,47.965176421603225,48.802005767822266,1803100.0
2018-10-30,48.516493538818786,49.80619878917318,47.35477522307247,49.52069091796875,1704600.0
2018-10-31,49.875123577588376,50.13109374054716,49.26473030007428,49.30411148071289,1563800.0
2018-11-01,49.599461790058484,50.83993890953946,49.569924027397406,50.66272735595703,1140400.0
2018-11-02,51.007300439256724,51.342032913156714,49.72743855013612,50.170467376708984,1172200.0
2018-11-05,50.20000931334579,50.84978372786373,49.7963616278967,50.091712951660156,856800.0
2018-11-06,50.01295005362227,50.68241504988143,49.85542909894927,50.55442810058594,695700.0
2018-11-07,50.91869339679265,51.43063738848114,50.74148187060835,51.302650451660156,786100.0
2018-11-08,51.24358346040231,51.50940077441888,50.70210541581856,51.06637191772461,1313500.0
2018-11-09,50.711946369239584,51.5586228641101,50.711946369239584,51.44048309326172,1130500.0
2018-11-12,51.4109493241241,51.75552522216959,50.771018364216054,50.80055236816406,1604600.0
2018-11-13,50.90885183928434,52.32654420508776,50.90885183928434,51.086063385009766,1386700.0
2018-11-14,51.35188277410183,51.952432619319254,50.70210833210836,51.04668426513672,1025300.0
2018-11-15,50.81040480143254,50.82024821856931,50.15078318538834,50.3575325012207,1479100.0
2018-11-16,50.209853180199985,50.53474226816965,49.73729030682255,49.756980895996094,1104500.0
2018-11-19,49.61915190693977,49.78651628617432,49.09736066832316,49.3139533996582,1075200.0
2018-11-20,48.88076721625355,49.08751275599707,48.02424354200932,48.09315872192383,1543900.0
2018-11-21,48.28022214921515,49.56992386134971,48.23099755240626,49.235191345214844,1111000.0
2018-11-23,48.64448477930444,49.27456858146313,48.26052769708872,48.92999267578125,396700.0
2018-11-26,49.225342836861024,50.33783663654086,49.20565224905481,50.239383697509766,1514100.0
2018-11-27,49.914502299825465,51.27312292017367,49.82589652555067,50.67257308959961,1485100.0
2018-11-28,50.75132824638263,51.99180900202545,50.249231396638585,51.84413146972656,2391800.0
2018-11-29,51.735835730505116,52.464372473288854,51.32234464408958,51.814598083496094,2634700.0
2018-11-30,51.58816472799319,52.3166977543835,51.14513585756886,52.050880432128906,2591900.0
2018-12-03,52.936935861557146,53.340583535742155,52.2576274602982,52.602203369140625,1428000.0
2018-12-04,52.493904823661126,52.9073996526422,50.65287806986248,50.70210266113281,2042000.0
2018-12-06,49.766823837640786,49.91450137723449,48.614952548954896,49.53054428100586,1816200.0
2018-12-07,49.766822286186525,50.50520244994477,48.89061175942206,48.979217529296875,1379300.0
2018-12-10,48.802003170237256,48.929990109461635,46.911751862902626,47.9257926940918,1366800.0
2018-12-11,48.59526215029884,48.97921924803129,47.18741695488264,47.20710754394531,1427000.0
2018-12-12,48.08331769169262,48.08331769169262,47.27602232498213,47.41385269165039,1563800.0
2018-12-13,47.758427945103314,48.02424525809892,46.86252681860514,46.88221740722656,1216800.0
2018-12-14,46.340745377806286,46.960985855277215,45.95678823885637,46.02570343017578,1037500.0
2018-12-17,45.828797401613315,46.252135687145305,44.91320564505304,45.031349182128906,1623000.0
2018-12-18,45.139640147525036,45.75003713340468,44.96242860395943,45.29716110229492,2059600.0
2018-12-19,45.29715932613831,45.907556288083555,43.987767145130675,44.0074577331543,937000.0
2018-12-20,43.67273311397835,43.918859875210785,41.31976187749171,41.50681686401367,2762400.0
2018-12-21,41.55603765922896,41.841545577453445,38.55329219831915,38.57298278808594,3017400.0
2018-12-24,38.18902781513921,38.336701613265625,36.27908181236289,36.2889289855957,1418100.0
2018-12-26,36.436597545921124,38.27762809380238,35.599768210044665,38.23824691772461,3332300.0
2018-12-27,37.82475534516909,38.3465465842519,36.57443481933416,38.139801025390625,1600700.0
2018-12-28,38.1988660536861,39.26213528289754,38.1988660536861,38.84864044189453,1535700.0
2018-12-31,39.183375221411914,39.498417139838864,38.159487108726374,38.986473083496094,1596500.0
2019-01-02,38.53359663051593,40.77827099560369,38.23824533336157,40.138343811035156,2601500.0
2019-01-03,39.774083003725366,39.970981392820256,38.02165804713177,38.11026382446289,2642800.0
2019-01-04,39.08492282223694,41.79231666847306,38.927401875952484,41.15238571166992,2558100.0
2019-01-07,41.45758125536818,43.31829847534574,41.18192055777013,42.93434143066406,3566900.0
2019-01-08,43.091872748779345,43.30846549513454,41.42805723573111,42.30426788330078,2312400.0
2019-01-09,42.491322805103636,43.633350797330664,42.27473005905492,43.426605224609375,1871800.0
2019-01-10,42.934342029615784,43.76132788954208,42.6389907415554,43.721946716308594,1734400.0
2019-01-11,43.2296950189846,45.44483540000758,43.2296950189846,45.39561080932617,2078700.0
2019-01-14,45.08056719076997,45.39560906574528,44.430792854183956,44.53908920288086,1056500.0
2019-01-15,44.87382944988715,45.08057501203493,44.322504195230344,44.84429168701172,1371100.0
2019-01-16,44.98211361018573,45.65157852377181,44.5489319772281,44.69660949707031,1573200.0
2019-01-17,44.60800915603354,45.494063115953864,44.066527354553806,44.991966247558594,1566600.0
2019-01-18,45.198710787161154,46.00600612968138,45.15932961055146,45.91740036010742,1774100.0
2019-01-22,45.00180807409105,45.2676253793538,44.30280909854584,44.568626403808594,1543800.0
2019-01-23,44.69661581863944,45.34639023777297,43.9483884538215,44.32250213623047,943800.0
2019-01-24,44.480023629463695,45.49406457085332,44.480023629463695,44.982120513916016,1093600.0
2019-01-25,45.592516956025406,46.34074056504127,45.24793727961879,46.26198196411133,1042200.0
2019-01-28,45.85833431924324,46.14383847292944,45.05103518647424,46.133995056152344,949800.0
2019-01-29,46.104458675272426,46.429343990523115,45.89770937764489,46.1241455078125,966600.0
2019-01-30,46.44903297958052,48.06362359517056,46.44903297958052,47.33509063720703,1703800.0
2019-01-31,47.31540627859214,47.44338948052336,46.45888251159748,46.52779769897461,1236300.0
2019-02-01,46.626247665344565,47.12834453490245,46.54748531018485,46.675472259521484,816200.0
2019-02-04,46.577020758521584,47.0298930114165,46.39980922380695,46.665626525878906,604500.0
2019-02-05,46.6754745284892,46.892067260111524,46.47857238661398,46.81330490112305,666500.0
2019-02-06,46.793615140847905,47.118504244040444,46.340742835424415,46.39981460571289,543000.0
2019-02-07,46.37027127666327,46.498258219127216,45.35623041980697,45.54328536987305,759600.0
2019-02-08,45.05103782200699,45.34639292094061,44.43080112767701,44.942745208740234,929300.0
2019-02-11,45.01165716943833,45.71065617485451,44.863979630560735,45.47437286376953,815200.0
2019-02-12,45.9567804563825,46.52779248141713,45.85833127276828,46.40965270996094,1122200.0
2019-02-13,46.64593496713323,47.256328154225216,46.39980825799664,46.77391815185547,1138700.0
2019-02-14,47.04958435128538,47.3449356619989,45.1987103789006,46.941287994384766,1567100.0
2019-02-15,47.25633353230812,47.55168486576585,46.86252925063383,47.32524871826172,1113800.0
2019-02-19,47.384318644185605,47.91594952149344,47.01020496670573,47.541839599609375,2186000.0
2019-02-20,47.541842280071464,47.59106687724251,46.724699695767136,46.91175842285156,1126500.0
2019-02-21,46.75423113529737,46.91175207829851,45.68111853747846,45.77956771850586,1275000.0
2019-02-22,45.9764698682359,46.449032697569066,45.533441042112464,45.651580810546875,1024700.0
2019-02-25,45.77957271446522,46.14383923073389,45.4842213835556,45.72050094604492,1028500.0
2019-02-26,45.61220485140761,46.09461111205289,45.32669695925677,45.76972579956055,803400.0
2019-02-27,45.769724225220756,45.83863940294246,45.090412108256025,45.21839904785156,717900.0
2019-02-28,45.17901964809947,45.4448369535809,44.36188089918603,44.44063949584961,1129100.0
2019-03-01,44.72615008508274,45.24793755566399,44.26343062666035,44.371726989746094,1136900.0
2019-03-04,44.588318353505585,45.0904152194935,43.30846013602657,43.43644332885742,1532700.0
2019-03-05,43.45613156320682,43.45613156320682,42.7177514290184,42.73744201660156,1428100.0
2019-03-06,42.62914983287701,42.8851237409031,40.84719467163086,40.84719467163086,2156300.0
2019-03-07,40.80780991463092,40.80780991463092,39.8725276507172,40.20726013183594,2312600.0
2019-03-08,39.9119102151091,40.47307884186535,39.53779654540635,40.325401306152344,1509600.0
2019-03-11,40.08911863407692,41.06377827598187,39.8528353464541,40.98501968383789,1239300.0
2019-03-12,40.95548545592029,43.02295219514633,40.62075296036535,42.875274658203125,3014100.0
2019-03-13,43.07217733666137,43.416753253116326,42.36333115927308,42.412559509277344,1562600.0
2019-03-14,42.65868601761153,42.74728803373375,42.11720421511483,42.235347747802734,814100.0
2019-03-15,42.25503313715144,42.93434528230974,42.24518972089503,42.806358337402344,2091700.0
2019-03-18,43.032791581287064,43.52504498419978,42.76697429304274,43.515201568603516,985700.0
2019-03-19,43.85977883232969,44.21420189450537,43.71210506015351,43.761329650878906,1562500.0
2019-03-20,43.59396376001603,43.59396376001603,43.141091493282424,43.33799362182617,1206300.0
2019-03-21,43.23954140527069,45.051034258195806,43.12140162840048,44.991966247558594,1246300.0
2019-03-22,44.77537687045273,44.903363829050114,43.84009449103387,44.20436477661133,3302000.0
2019-03-25,44.19450866276041,44.33233901078278,43.495509751735376,43.57426834106445,2084100.0
2019-03-26,43.38722025035431,44.15513445654241,43.38722025035431,43.987770080566406,1693600.0
2019-03-27,43.98776372370422,44.696609815036915,43.9483825507201,44.48986053466797,1431500.0
2019-03-28,44.54893673841225,45.20855455152157,44.42094979124338,45.14948654174805,932000.0
2019-03-29,45.385765226487585,46.02569619453218,45.32669721784053,45.81895065307617,1552900.0
2019-04-01,46.39981199984422,47.20710737046779,46.39981199984422,46.90190887451172,1366100.0
2019-04-02,46.911761925778926,47.00036770954147,46.665635165949226,46.86253356933594,992600.0
2019-04-03,47.24648546308367,47.79780689642577,47.00035875017149,47.17756652832031,1171600.0
2019-04-04,47.28586678498618,47.94548838293333,47.14803641527672,47.73874282836914,1098100.0
2019-04-05,47.994710377284456,48.299908861954464,47.74858365740095,48.24083709716797,660300.0
2019-04-08,48.29990943830544,48.33928685970395,47.61075386328895,47.6501350402832,695600.0
2019-04-09,47.40400494210714,47.61075047321225,46.26197717976091,46.370269775390625,1182700.0
2019-04-10,46.37027146429076,46.9511306601675,46.202907101280054,46.665626525878906,693300.0
2019-04-11,46.86252303051652,47.78796184293773,46.74438326393345,47.69935607910156,974300.0
2019-04-12,48.181768732665375,48.614954193812366,48.053785533322824,48.44758605957031,732900.0
2019-04-15,48.536187261609946,48.929991506344976,48.132539600774564,48.17192077636719,764800.0
2019-04-16,48.43774289941335,48.78231883115672,47.97502342913283,48.49681091308594,615000.0
2019-04-17,48.72325144137085,49.22534834199696,48.72325144137085,49.028446197509766,557800.0
2019-04-18,49.22534469121296,49.23518810768907,48.23099438091259,48.64448547363281,768400.0
2019-04-22,48.65432474998261,48.87091744998414,47.77811428993343,47.90610122680664,342500.0
2019-04-23,47.92579303207967,48.693707161650494,47.92579303207967,48.53618621826172,658800.0
2019-04-24,48.6937107286117,48.920146866595466,48.36882540214656,48.48696517944336,1120200.0
2019-04-25,48.299907789643534,48.68386486324223,47.88641295650951,47.91594696044922,741000.0
2019-04-26,47.91594780220926,48.191612281006535,47.728892847979,48.06362533569336,485100.0
2019-04-29,48.152227873656095,49.185959271894475,48.05377869500308,48.851226806640625,825600.0
2019-04-30,48.76262572834322,49.146582819811144,48.496808413727926,48.87092208862305,1164000.0
2019-05-01,49.70775544841364,51.86382422539764,49.18596423325269,50.987613677978516,1657400.0
2019-05-02,51.06636944190463,51.371567918518544,50.150777767658475,50.62334060668945,1083900.0
2019-05-03,50.94823250030678,51.499557720923626,50.57411882361693,50.987613677978516,1106200.0
2019-05-06,50.17046780223611,51.21404640750392,49.86527308458278,50.65287780761719,1211700.0
2019-05-07,50.05233142291724,50.337839327979374,48.61495223657077,49.48131561279297,2573300.0
2019-05-08,49.28441363291069,50.249229882904,49.274566461403055,49.7865104675293,1167400.0
2019-05-09,49.097354362248964,49.30410364996658,48.38851200131664,48.998905181884766,944100.0
2019-05-10,48.74293466431825,50.34768195293519,48.65432889364379,50.022796630859375,1338300.0
2019-05-13,48.86107859420401,49.028442964845624,48.17192301173595,48.437740325927734,958100.0
2019-05-14,48.733092014129106,49.90465388427246,48.733092014129106,49.48131561279297,994100.0
2019-05-15,49.087515202784544,49.628993252929696,48.29991042479197,49.35333251953125,701500.0
2019-05-16,49.84558557056449,50.16062747920392,49.41240012948844,49.56007766723633,745000.0
2019-05-17,49.057983960320264,49.53054685373191,48.5657304769003,49.028446197509766,1037000.0
2019-05-20,48.546035987830365,49.07766685297206,48.4968076389654,48.72324752807617,960400.0
2019-05-21,49.05798253687517,49.71760038283265,48.900457821379256,49.59946060180664,1194100.0
2019-05-22,49.185961239222365,49.274567005792285,48.034090029409015,48.378665924072266,952400.0
2019-05-23,47.46307717818556,47.80765684966864,46.163528358845255,46.41950225830078,1361900.0
2019-05-24,46.74438704323491,46.81330222561314,46.11430322972206,46.19306182861328,1038100.0
2019-05-28,46.23244154545324,46.2816661376548,45.4251462154415,45.51375198364258,2000800.0
2019-05-29,45.24793594901301,45.444838078941366,44.6473861427496,45.326698303222656,1670400.0
2019-05-30,45.47437035435784,45.927246362646684,44.962426338254154,45.15932846069336,911600.0
2019-05-31,44.440636972732555,44.814750613532304,43.97791756846959,44.12559509277344,1170600.0
2019-06-03,44.14529025934072,45.15933118093074,43.99761271971684,44.96242904663086,1018600.0
2019-06-04,45.57282557005664,47.374471254730445,45.46452920952513,47.364627838134766,799400.0
2019-06-05,47.384315094543,47.404005681945385,45.917398255626885,46.77391815185547,1035500.0
2019-06-06,46.87237687419011,47.029897837256065,45.73034895306293,46.42934799194336,591700.0
2019-06-07,46.58686688998016,46.8231502019035,46.32104957241484,46.468727111816406,932300.0
2019-06-10,46.7640766790805,47.305554710561246,46.705004914418794,47.118499755859375,783000.0
2019-06-11,47.463080941642666,47.97502502555113,47.30555997394745,47.66982650756836,604400.0
2019-06-12,47.541841706856175,47.68951549658881,46.527796990498025,47.374473571777344,911300.0
2019-06-13,48.299909161414334,48.88076837416458,48.03409185162059,48.16207504272461,673600.0
2019-06-14,48.01439517128043,48.19160668865874,47.35477368868445,48.02423858642578,474400.0
2019-06-17,47.984869820645244,48.280221150988,47.679671317786706,47.787967681884766,430500.0
2019-06-18,47.95532942979003,49.41239916778775,47.95532942979003,49.10720443725586,1511500.0
2019-06-19,49.47147175548302,50.140936748343194,49.07766749300206,49.81604766845703,688800.0
2019-06-20,50.60365881970487,50.70210801263664,49.56992351594132,50.003108978271484,646300.0
2019-06-21,49.953876310305226,49.953876310305226,49.4320851564086,49.52069091796875,839200.0
2019-06-24,49.501000331444786,50.05232548732968,49.39270398336067,49.52069091796875,811200.0
2019-06-25,49.68806347370653,49.85542784074965,49.13673826846693,49.49116134643555,461200.0
2019-06-26,49.756981006852214,50.21969670887585,49.599460048708785,50.06217575073242,743400.0
2019-06-27,50.416598541365154,50.69226303315039,50.05233203202979,50.14093780517578,715900.0
2019-06-28,50.49536211269905,51.26327632804341,50.33784115171569,51.20420455932617,1116800.0
2019-07-01,52.08041999758114,52.23794096189898,50.30830445451042,50.83993911743164,847200.0
2019-07-02,50.7513260574501,50.859622409052314,49.86527216865972,49.94403076171875,494600.0
2019-07-03,50.19015696715468,50.200004138436,49.688060144075465,49.717594146728516,392000.0
2019-07-05,49.294261715569135,50.377217837009994,49.294261715569135,50.367374420166016,335400.0
2019-07-08,50.06216890279398,50.46581653754682,49.29425480633621,49.52069091796875,939300.0
2019-07-09,49.19581325483545,49.58961377956909,48.841390153658004,49.3927116394043,625400.0
2019-07-10,49.619150978260826,50.04248926034917,49.225346702403236,49.42224884033203,633700.0
2019-07-11,49.92434412868179,50.14093684904088,49.37302266681616,49.68806457519531,795700.0
2019-07-12,49.688067818208836,50.38706686332223,49.688067818208836,50.15078353881836,967100.0
2019-07-15,50.27877070519634,50.31815188537678,49.54039047699518,49.76682662963867,682600.0
2019-07-16,49.58961461730612,51.05653164293932,49.343487876841195,50.66272735595703,982100.0
2019-07-17,50.564272164918115,50.771017701044904,49.55023131626198,49.57976531982422,1042900.0
2019-07-18,49.333644454024665,49.67822038839762,48.96937792974526,49.54039001464844,528500.0
2019-07-19,49.973569977052,50.879318303073624,49.81604901890857,50.06217575073242,861100.0
2019-07-22,50.249230540594866,50.52489125688795,49.619146757298914,49.628990173339844,636700.0
2019-07-23,49.93419064442124,50.68241422808686,49.86527546259398,50.53474044799805,937400.0
2019-07-24,50.41660529418979,51.233747951050866,50.34769010091192,51.115604400634766,657200.0
2019-07-25,51.16482138252757,51.342032913156714,49.855425490167285,50.170467376708984,909600.0
2019-07-26,50.032640307071745,50.38706339160947,49.441937669906046,50.072021484375,641800.0
2019-07-29,49.83573338284161,50.20000360446673,49.402551740957506,49.619144439697266,870700.0
2019-07-30,51.686616556570435,53.67532111094239,50.98761750067226,53.66547393798828,1636000.0
2019-07-31,53.68516159057617,54.96502360165616,53.6753181737568,53.68516159057617,1269100.0
2019-08-01,53.685161001972375,54.305401411477426,52.44468393855812,53.15353012084961,1060800.0
2019-08-02,52.612047933007915,52.83848407169935,51.3124991118944,51.981964111328125,709400.0
2019-08-05,51.00730632699898,51.24358589138109,50.51505285300762,50.94823455810547,1121400.0
2019-08-06,51.55862690158579,51.804753634224475,50.3969084230835,51.617698669433594,678500.0
2019-08-07,50.849778743203,51.65707403496429,50.111398628377756,51.401100158691406,1622200.0
2019-08-08,51.80474718809751,52.62188964146597,51.34203154211825,52.375762939453125,567700.0
2019-08-09,52.27731283958364,52.27731283958364,51.60784787336501,51.92289352416992,450500.0
2019-08-12,51.64723489305389,51.942586233782166,51.06637562886333,51.88351821899414,874800.0
2019-08-13,51.922893727651505,52.690807880784064,51.22389099904568,51.41094970703125,907300.0
2019-08-14,50.04248377786919,50.86946590649621,49.24503189664178,50.50519943237305,915800.0
2019-08-15,50.83009116690307,50.83009116690307,49.49116121181722,49.74713134765625,655100.0
2019-08-16,50.111398113328804,51.686607506527665,50.111398113328804,51.302650451660156,521800.0
2019-08-19,51.66692871939099,52.16902941011508,49.49116907451005,51.78506851196289,505800.0
2019-08-20,51.686610105021536,51.824440464406294,50.81039960127933,51.36172103881836,1307200.0
2019-08-21,52.041036995077135,52.16902394772692,51.47002117217496,51.48971176147461,643000.0
2019-08-22,51.58816316655208,51.94258249656828,51.27312125836271,51.627540588378906,937300.0
2019-08-23,51.14513169183859,51.607847358286485,50.04248506961121,50.19015884399414,748900.0
2019-08-26,50.75132501130188,50.94822712328389,49.30410256276421,49.619144439697266,1011100.0
2019-08-27,49.79635917302441,49.83573659348135,49.05797902221868,49.648681640625,1699100.0
2019-08-28,49.43208874839768,51.45032706881746,49.254877212400274,50.84978103637695,722500.0
2019-08-29,51.50939450805716,52.50374846051375,51.38140757489442,52.25762176513672,911100.0
2019-08-30,52.5726680930663,52.95662516951974,52.306850788845686,52.78925704956055,856900.0
2019-09-03,52.2674674987793,52.297001501744,51.292804089393755,52.2674674987793,1227000.0
2019-09-04,52.84832965531971,53.06492237085981,52.56282175857971,52.93693542480469,873200.0
2019-09-05,53.517795423676375,54.25617559507236,53.517795423676375,53.773765563964844,715500.0
2019-09-06,53.74423103848223,53.96082375511838,53.3799645423543,53.675315856933594,696800.0
2019-09-09,53.76392008431835,55.07331225177033,53.53748395778442,54.630287170410156,780100.0
2019-09-10,54.55151834848276,55.52618167417545,54.45306917665711,54.699195861816406,910600.0
2019-09-11,54.69920695843197,55.358824805787314,54.03958535548069,55.339134216308594,1356500.0
2019-09-12,55.09300769136582,55.86092566158123,54.54168620624249,55.5163459777832,1390700.0
2019-09-13,55.624642916592244,55.88061307224176,55.1520800292113,55.61479949951172,939500.0
2019-09-16,54.7779614696639,55.56556621201076,54.423538396708906,54.728736877441406,1227900.0
2019-09-17,54.52199120616413,55.22099017859807,54.049428361887855,54.98470687866211,1199400.0
2019-09-18,54.758272060429356,55.34897844660229,54.48261133357276,54.6696662902832,722900.0
2019-09-19,54.72874099565451,54.9945583203729,54.62044463125858,54.64997863769531,819500.0
2019-09-20,54.640139259983314,55.41790070214419,54.14788575313662,54.26602554321289,1031000.0
2019-09-23,53.960823419275194,55.43758373857625,53.921442242750864,55.13238525390625,754300.0
2019-09-24,55.16192035882331,55.309597895937436,54.2955569915808,54.640132904052734,849100.0
2019-09-25,54.81733958899668,55.12253805271094,54.43338253323724,55.00439453125,1119200.0
2019-09-26,54.92564547068809,55.06347584738203,54.63029412697304,54.78781509399414,401400.0
2019-09-27,55.02409118220939,55.18161213925514,54.157724040659865,54.58106231689453,497600.0
2019-09-30,54.787810179180056,54.97486513711381,53.85252787831976,53.90175247192383,1164400.0
2019-10-01,54.20695222197954,54.20695222197954,52.877865630183,53.15353012084961,769300.0
2019-10-02,52.582510228467676,53.15352599894311,50.90884784762051,51.59800338745117,933900.0
2019-10-03,51.361719905024295,52.109947204589844,50.967919423417385,52.109947204589844,632600.0
2019-10-04,52.10994909056999,52.661274291488056,51.922894136706425,52.454524993896484,518200.0
2019-10-07,52.23793101236531,52.454519949802055,51.696449279785156,51.696449279785156,783200.0
2019-10-08,51.4207923115976,51.60784726103506,51.01714465342529,51.135284423828125,548300.0
2019-10-09,51.75552265572233,52.464368760089286,51.686607479530586,52.119789123535156,601100.0
2019-10-10,52.149331715296036,53.02554225574524,51.93273899542022,52.572669982910156,1088000.0
2019-10-11,53.74422878468455,54.738579045041796,53.35042454469611,53.40949630737305,510900.0
2019-10-14,53.14368254658255,54.01989309551227,52.89755581910361,53.36027526855469,451300.0
2019-10-15,53.50794124872184,54.019885217893716,53.17320879794005,53.87221145629883,628000.0
2019-10-16,53.793460988806864,54.797658562858636,53.793460988806864,54.659828186035156,644900.0
2019-10-17,54.73858570697027,55.21115235470808,54.22664539051368,55.02409362792969,503600.0
2019-10-18,54.91579140199365,55.18160870463755,54.73857986689772,55.06346893310547,789400.0
2019-10-21,55.38835631349733,56.80604864724182,55.38835631349733,55.7132453918457,653600.0
2019-10-22,55.62464404561692,56.47132064437477,55.04378478058044,56.2448844909668,456400.0
2019-10-23,55.99875484841981,56.93403717666645,55.732937528459445,56.825740814208984,500400.0
2019-10-24,57.24907684326172,57.81024546705109,56.914344352264926,57.24907684326172,639500.0
2019-10-25,57.101396028575984,57.59364944261543,56.93403167048841,57.3475227355957,924700.0
2019-10-28,57.642877071672395,58.06621533051118,57.27861057764683,57.761016845703125,578700.0
2019-10-29,57.426292265806204,58.24343108238695,57.19000894505752,57.6822624206543,507800.0
2019-10-30,57.71179098048689,57.86931192758699,57.15062237171805,57.386905670166016,568300.0
2019-10-31,57.34752761420942,57.475514564314395,56.166118568891946,56.98326110839844,489000.0
2019-11-01,57.436133375754096,57.78070929259248,57.209697236746614,57.67241668701172,422800.0
2019-11-04,58.11544098757144,58.3517242955553,57.71179330961234,58.085906982421875,432400.0
2019-11-05,58.46001324438584,59.060562976935174,57.91853527024302,58.13512420654297,644200.0
2019-11-06,59.060572123977764,61.8861059491112,58.42064112004771,58.94242858886719,1586200.0
2019-11-07,59.40514793291189,59.611893485568956,58.479712776545114,58.63723373413086,908800.0
2019-11-08,58.49939371519956,61.344621593001236,58.18435183177437,59.49374771118164,1912800.0
2019-11-11,59.50359736284177,60.19275296340501,58.460022422979264,59.375614166259766,744200.0
2019-11-12,59.92693201894407,60.5373289812893,59.43467858481797,59.55282211303711,1043600.0
2019-11-13,58.88335860363722,59.61189160109215,58.56831669842497,59.41498947143555,1054900.0
2019-11-14,59.17871160038864,59.33623255746674,58.647076961901625,59.02119064331055,883400.0
2019-11-15,59.48390368428703,59.54297544890026,58.52893456774513,58.96211624145508,707800.0
2019-11-18,58.61753492855849,58.77505586406452,58.08590036287741,58.53877258300781,559200.0
2019-11-19,58.77505751460109,58.893197280649396,57.987452814953244,58.14497375488281,841800.0
2019-11-20,57.98745541435635,58.90304709236376,57.98745541435635,58.8931999206543,778200.0
2019-11-21,58.78490431072692,59.17870856099446,58.32218863559758,59.168861389160156,770400.0
2019-11-22,59.21809273521602,59.562668654948446,58.93258482709722,59.14917755126953,675500.0
2019-11-25,59.40514645270437,60.24197581485301,58.765215465934865,59.89739990234375,850600.0
2019-11-26,60.05491868631054,60.8917480182258,59.858016562449414,60.88190460205078,1511000.0
2019-11-27,60.9803598267901,60.9803598267901,59.85802249187924,60.5865592956543,523100.0
2019-11-29,60.36011777896701,61.049269586085096,60.340427190821394,60.85237121582031,399800.0
2019-12-02,61.039428317582015,61.315089050128826,60.399497324917434,60.5570182800293,1403500.0
2019-12-03,58.381256552897604,58.86366657094094,57.90869370667316,58.735679626464844,3807900.0
2019-12-04,58.9522747989614,59.52328685362487,58.775063254784094,59.1787109375,1324100.0
2019-12-05,59.414985249971636,59.55281935985509,58.75536748142332,59.06056594848633,838400.0
2019-12-06,59.670962890586765,59.877708435058594,59.188552864556776,59.877708435058594,1450000.0
2019-12-09,59.759568139830755,60.350270763345804,59.42483565168004,59.779258728027344,1867100.0
2019-12-10,59.50360240369916,60.2419826620841,59.218098224710104,59.74972915649414,1690900.0
2019-12-11,59.88755582817964,60.15336938314169,59.69065369936694,60.0549201965332,605500.0
2019-12-12,60.08445631077356,61.32493713692594,59.798952157347514,61.13787841796875,707600.0
2019-12-13,61.17726088394059,61.63998034929539,60.52748645128719,60.95082473754883,469500.0
2019-12-16,61.36431389472349,61.580902848382756,60.45856563787226,60.47825622558594,830900.0
2019-12-17,60.57670974731445,61.10834438687487,60.27151500488212,60.57670974731445,759400.0
2019-12-18,60.72438836493602,60.940981093545574,60.21244430541992,60.21244430541992,704200.0
2019-12-19,60.320742269647816,60.72438997556532,59.91709456373031,60.50779724121094,1117200.0
2019-12-20,60.89174713845961,61.11818701876546,60.625933594022555,60.862213134765625,527400.0
2019-12-23,61.2166355151578,61.43322822140698,60.86221245242115,61.14772033691406,369800.0
2019-12-24,61.33477787003312,61.33477787003312,60.87206219025968,61.206790924072266,322800.0
2019-12-26,61.47260929495818,61.63997742035333,61.147723971867,61.531681060791016,792700.0
2019-12-27,61.53167875324359,61.669509112755556,60.70469284057617,60.70469284057617,523900.0
2019-12-30,60.724380640883695,60.87205816535056,60.16321205686232,60.340423583984375,1737300.0
2019-12-31,60.15336891025789,60.73422812011138,60.15336891025789,60.51763916015625,478800.0
2020-01-02,60.704691343625775,60.90159346189976,60.035226394851534,60.714534759521484,410400.0
2020-01-03,59.661116157914456,60.60624562856568,59.44452719546158,60.23213195800781,532200.0
2020-01-06,59.710346738306264,60.15337185182182,59.56266919673716,59.80879592895508,449400.0
2020-01-07,59.72019345399136,60.320743314671944,59.57251590426475,59.710350036621094,594700.0
2020-01-08,59.798955815337834,60.12384116690183,59.621744257904346,59.710350036621094,598400.0
2020-01-09,59.93678103920362,60.094301992758076,59.670963725906276,60.025386810302734,589600.0
2020-01-10,59.936784736737195,60.2124454835642,59.41499349447691,59.59220504760742,628900.0
2020-01-13,59.730026654743746,60.340423583984375,59.66111147815133,60.340423583984375,461200.0
2020-01-14,60.173063126473465,60.64562600704311,59.97616098733713,60.21244430541992,620100.0
2020-01-15,60.06476369615334,60.488101959228516,59.59220083970575,60.488101959228516,381600.0
2020-01-16,60.82283428171509,61.63997680067345,60.82283428171509,61.561214447021484,426700.0
2020-01-17,61.689201171454094,61.915637303993364,61.20679114606472,61.384002685546875,347600.0
2020-01-21,61.059116916040416,61.20679069412134,59.69065295894052,59.779258728027344,1223600.0
2020-01-22,60.202596888165914,60.60624455655582,59.89739840500449,59.90724182128906,694000.0
2020-01-23,59.64143197768395,60.1632194519043,58.54862867797303,60.1632194519043,401200.0
2020-01-24,60.06476013781875,60.29120001398957,58.84397376988278,59.15901565551758,888400.0
2020-01-27,58.12529092142501,58.28281188236671,57.09155938052039,57.199851989746094,646400.0
2020-01-28,57.36721575547246,58.184354504518865,56.99310209337153,57.918540954589844,681500.0
2020-01-29,58.20404724368775,58.79475364077244,57.53458224701591,57.62318801879883,908900.0
2020-01-30,56.85527154718892,57.63303287316008,56.11689139722542,57.61334228515625,871200.0
2020-01-31,57.239227314089995,57.239227314089995,55.4769591618385,55.732933044433594,860600.0
2020-02-03,55.97906391832452,56.4614702046657,55.693556010965786,56.2153434753418,740200.0
2020-02-04,57.239227815067,58.696297506391126,56.78635556416806,58.15481948852539,931900.0
2020-02-05,58.97196521209142,59.26731653297487,58.60769495259257,58.873512268066406,731600.0
2020-02-06,59.07041312546872,59.48390421466105,57.77086433715606,57.810245513916016,982800.0
2020-02-07,57.42628688112627,57.61334183229895,56.963567455662314,57.25891876220703,719300.0
2020-02-10,57.00294926520337,57.918540954589844,56.95372091723551,57.918540954589844,424700.0
2020-02-11,58.026831038805796,59.21808715388112,58.026831038805796,59.10979080200195,825900.0
2020-02-12,59.49375488528753,59.96631776740971,59.178712963872734,59.828487396240234,697600.0
2020-02-13,62.45711592802639,63.85511766873029,61.08865194791199,61.48245620727539,1884200.0
2020-02-14,61.69904631137272,62.27006212245434,61.00004730588658,61.55137252807617,1256000.0
2020-02-18,60.86221336222285,61.45291597188371,59.92693110059683,61.039424896240234,1508600.0
2020-02-19,61.04926686183777,61.75811298106578,60.78345332272278,61.73842239379883,1005400.0
2020-02-20,61.5119947981412,61.87626132407208,61.108347092218864,61.63013458251953,1088200.0
2020-02-21,61.15756660346428,61.39384990816735,60.0647633609546,60.69485092163086,1795200.0
2020-02-24,58.94242680944454,58.94242680944454,56.343329205010484,57.091556549072266,2177100.0
2020-02-25,57.219544144761315,57.29830650518497,53.6753205488101,53.695011138916016,2063700.0
2020-02-26,54.14787311144405,54.45307156645014,52.99600197703182,53.50794219970703,1757200.0
2020-02-27,52.50375323264869,53.00585008439213,50.66272267986619,51.33218765258789,2239600.0
2020-02-28,49.816043664713405,52.21824271270878,49.71759448480347,51.27311706542969,1897000.0
2020-03-02,51.64722996118812,51.85397550439588,49.91449950693931,51.814598083496094,1547200.0
2020-03-03,51.922891123175,52.415144531126394,50.091707844700544,50.4067497253418,1307200.0
2020-03-04,51.204197338603336,51.21404450979889,48.831536085857195,50.86946487426758,2031800.0
2020-03-05,49.02844404032333,49.35333312777191,45.67127558133393,46.823150634765625,3029900.0
2020-03-06,45.28731937569526,47.06927829444911,44.617854354041654,46.7148551940918,3716200.0
2020-03-09,43.682567852817606,44.470172581155495,41.50680861716056,41.53634262084961,2567400.0
2020-03-10,43.24938474263495,44.58831461376412,41.61510357772035,44.55877685546875,2338800.0
2020-03-11,43.06233569238698,43.20016606464182,39.212913663916126,39.39012145996094,2251400.0
2020-03-12,35.41271175747593,35.87542741221067,26.37493878810442,26.414318084716797,6164300.0
2020-03-13,29.781333105904714,29.791178400035797,21.865896893108065,24.120418548583984,7894700.0
2020-03-16,19.69998168360076,21.796980382912214,18.813925921607158,20.517122268676758,6374200.0
2020-03-17,20.674644649788487,20.979841259311485,17.159955359772102,17.189489364624023,4129000.0
2020-03-18,15.555209003711262,15.840715963409743,10.258561838530014,14.905434608459473,7206500.0
2020-03-19,14.728224701985955,17.465153888767713,12.030675757499653,16.972900390625,6660100.0
2020-03-20,17.39623679593141,22.466446896445433,16.736617105485653,18.223222732543945,5351700.0
2020-03-23,17.26825181468527,18.617025207319085,15.75211029723356,16.027772903442383,3992200.0
2020-03-24,17.63251659575377,21.511473904292664,17.63251659575377,21.452404022216797,5902700.0
2020-03-25,23.59863141620869,27.15270218201435,21.570547581960227,25.163997650146484,5367300.0
2020-03-26,26.424163976469263,28.964191571689437,24.04165732685981,24.533910751342773,4730000.0
2020-03-27,24.081037174294696,24.100727762395152,20.674644300424806,21.05860137939453,2812400.0
2020-03-30,20.979838742002457,23.135909093991845,18.676092750079032,22.427064895629883,2619300.0
2020-03-31,22.427069149067215,23.903829584079944,22.00373085724922,22.436914443969727,1949100.0
2020-04-01,20.8617012443542,21.19643373267685,19.197884096844298,19.768898010253906,2047800.0
2020-04-02,19.690137184047586,21.12751629714011,18.80408138632501,19.15850257873535,1883200.0
2020-04-03,19.29633566384963,19.94611006925189,17.5143786961736,18.61702537536621,2861800.0
2020-04-06,20.477743383761442,22.64365937991607,19.887040728262857,21.216123580932617,2105900.0
2020-04-07,23.342658255385942,26.571841640548445,22.82087078770946,23.411575317382812,2992200.0
2020-04-08,23.795530661015217,24.86864327870427,23.244207350302702,24.06134796142578,1915600.0
2020-04-09,25.341206476240245,26.335558635087704,24.445305379438658,25.360897064208984,2224100.0
2020-04-13,25.695629356716346,26.069741136341232,23.352501984262478,24.366544723510742,1320800.0
2020-04-14,24.917868935339058,25.862996529047116,23.628165431329084,24.041658401489258,1363900.0
2020-04-15,22.919323333230032,23.98259080407174,22.269548872037767,23.83491325378418,2324700.0
2020-04-16,23.82506629997149,24.012121247720806,22.17109450687624,22.377840042114258,1967500.0
2020-04-17,23.569095974098563,24.652053951711054,23.322969246359264,24.051504135131836,2907800.0
2020-04-20,22.77164482027869,23.42142113179993,21.5902376125082,22.604278564453125,2359500.0
2020-04-21,21.73791289560969,22.633814049885704,21.531167342068123,22.24985694885254,1948400.0
2020-04-22,22.91932189509114,23.411575357700332,21.62961647104055,22.03326416015625,3249000.0
2020-04-23,22.35815170827778,22.929167536220547,21.905279417175823,21.954504013061523,1476800.0
2020-04-24,22.20063093172352,22.34830847619811,21.275195752391188,21.915124893188477,1146800.0
2020-04-27,21.560699734247052,23.52971344290519,21.33426360842284,23.460798263549805,1856600.0
2020-04-28,24.149951838152113,24.93755650610015,23.51986622599603,23.933359146118164,2765700.0
2020-04-29,26.32571326275479,28.747601119565026,25.73500877003538,28.02890968322754,2270400.0
2020-04-30,27.743403687239425,28.481783834155458,26.473388933200894,27.68433380126953,1927800.0
2020-05-01,27.073938738745458,27.536656288454985,25.95160151556186,26.178037643432617,1849300.0
2020-05-04,24.327163047007495,26.96564167127461,23.529713034621555,26.808120727539062,3504200.0
2020-05-05,29.485980099151536,31.97678115948192,27.251149160332044,27.487430572509766,3470700.0
2020-05-06,28.255349690937713,28.924812827144113,26.650602340698242,26.650602340698242,1549600.0
2020-05-07,27.162544424342972,27.950149161418675,27.07393865669723,27.812318801879883,1486100.0
2020-05-08,28.658996438900104,30.09637561050411,28.206122288776974,29.948699951171875,1388100.0
2020-05-11,29.377685145567966,29.377685145567966,27.516967762508834,28.20612144470215,1031600.0
2020-05-12,27.782783677659225,28.491629838154317,26.68013701568576,26.709671020507812,1064300.0
2020-05-13,26.443853741307812,26.621065269055308,24.01212069823584,24.602825164794922,1619300.0
2020-05-14,23.391885191186102,25.567644633888918,22.30892717831862,25.449504852294922,1986900.0
2020-05-15,25.104923185081997,25.50857081940264,24.504373441327914,24.88833236694336,1296100.0
2020-05-18,27.14285595223882,29.00357346224581,26.640757189040528,28.767292022705078,1660000.0
2020-05-19,28.511320460171035,29.03310982131652,27.15270169113663,27.526813507080078,1783200.0
2020-05-20,28.176589543352883,28.688531726740166,27.733560667750645,27.822166442871094,1360300.0
2020-05-21,28.334107962164577,28.79682550799524,28.20612101945116,28.54085350036621,1070400.0
2020-05-22,28.688532338022988,29.09218004315112,27.920618107680692,28.35379981994629,1470800.0
2020-05-26,30.362191815490814,30.854445247158566,29.623811667989184,30.09637451171875,2251500.0
2020-05-27,31.208870199403282,32.51826245362964,30.755996038525307,32.508419036865234,2933500.0
2020-05-28,33.286179465321446,33.463391006833746,31.78972853454861,31.92755889892578,1962700.0
2020-05-29,31.011964707426106,32.380428580922015,30.91351365025568,31.740501403808594,2596600.0
2020-06-01,31.386078299354562,32.68562894965873,30.93320603891053,32.21306610107422,1222900.0
2020-06-02,32.537950137464264,33.00066955158869,32.232755422272,32.40011978149414,1294100.0
2020-06-03,33.059743448724575,35.4127143348463,32.97113767765073,34.989376068115234,1865200.0
2020-06-04,34.98937081762516,37.28326959361092,33.95563948061543,36.889469146728516,1925300.0
2020-06-05,39.91191796740089,42.57008783737455,36.9780873165221,37.2143669128418,2617200.0
2020-06-08,38.838799417804395,39.646094805739025,38.46468573015793,39.41965866088867,1553700.0
2020-06-09,37.67708075745009,37.8936734843908,36.357841317676126,37.3029670715332,1247200.0
2020-06-10,36.968232575384064,37.204515878934345,34.40851619083384,34.457740783691406,2042100.0
2020-06-11,31.01196659364778,32.64624785756539,30.3326563234321,30.92336082458496,3286800.0
2020-06-12,33.08927281123219,34.300215675607305,32.094918880296404,33.719356536865234,1665300.0
2020-06-15,31.779884794279933,34.24115229707351,31.356548361149827,33.6898307800293,1441900.0
2020-06-16,35.944347371101415,36.80087112828037,34.4479001004078,34.8220100402832,1839300.0
2020-06-17,34.7038714807997,34.7038714807997,32.67578572451708,33.07943344116211,1104000.0
2020-06-18,32.833302327912385,33.345246346550226,32.01616358579887,32.4198112487793,902700.0
2020-06-19,33.02036153694684,33.02036153694684,31.12026296498113,31.612516403198242,1278400.0
2020-06-22,31.17933489808537,31.4451522228397,30.421264102807303,31.228559494018555,695700.0
2020-06-23,31.64204917230986,32.08507800052736,31.43530363767354,31.67158317565918,841300.0
2020-06-24,31.071038160547307,31.23840441362742,28.993729816785848,30.184982299804688,1122300.0
2020-06-25,29.71241721184575,30.657542892177492,29.1610938983189,29.91916275024414,1313800.0
2020-06-26,29.712418053907715,29.919163598165362,28.34395408630371,28.34395408630371,1562100.0
2020-06-29,28.57039060118534,30.352347558945354,27.605574292811223,30.076684951782227,1668200.0
2020-06-30,29.860095447758617,30.628011537806078,28.96419428160223,30.322813034057617,1409000.0
2020-07-01,30.55909432554309,31.504220024948584,29.10202272226286,29.20047378540039,1056500.0
2020-07-02,29.98808198193031,30.41142028762447,28.619617868191742,28.974040985107422,1180800.0
2020-07-06,29.653347725708777,30.16528987055216,28.64915026848128,30.056995391845703,1651200.0
2020-07-07,29.456447329618648,29.456447329618648,27.10347637509049,27.25115203857422,1726700.0
2020-07-08,27.05424839195426,29.141403786830377,26.699827194935928,29.111867904663086,1839600.0
2020-07-09,29.01341799377184,29.042953877111742,26.926264393830976,27.24130630493164,1122200.0
2020-07-10,27.162545361895024,28.442403573268535,26.975488526208846,28.26519203186035,1054700.0
2020-07-13,28.9346585768712,30.509870067926762,27.891081738638555,29.377687454223633,1288500.0
2020-07-14,29.269390566439945,30.470490222346875,28.993729827941657,29.840404510498047,1448300.0
2020-07-15,30.972590091225044,32.71516797536276,30.972590091225044,32.281986236572266,1659300.0
2020-07-16,31.829108396395974,32.01616334666441,30.962741313203317,31.2088680267334,935600.0
2020-07-17,31.13011063501881,31.474686565831515,30.62801186438002,31.149799346923828,806400.0
2020-07-20,30.91351903078552,31.42546311493793,29.44660384480109,29.87978744506836,1067900.0
2020-07-21,30.135756292882242,30.677234327473418,28.93465669369782,29.03310775756836,769200.0
2020-07-22,28.796826398666,29.190628777276217,28.412869314245768,28.905122756958008,1190900.0
2020-07-23,28.727909117171333,29.722261224100304,27.861542069760983,29.072486877441406,809400.0
2020-07-24,28.846051320918225,28.846051320918225,27.71386876532275,27.79262924194336,1055300.0
2020-07-27,27.694179226355526,27.694179226355526,26.29617930500568,26.86719512939453,1547700.0
2020-07-28,26.847504080133003,26.975489153125604,25.892531168750192,25.951602935791016,2287900.0
2020-07-29,27.280686275504625,28.087983539791576,26.109124374525695,27.989532470703125,1907500.0
2020-07-30,27.27084118881816,27.359446957792635,25.912220649741453,26.78843116760254,2038900.0
2020-07-31,26.680137857644105,26.80812293077357,25.410123031877152,26.512771606445312,1570100.0
2020-08-03,26.443857097816764,27.900926923222826,26.276490842344582,27.822166442871094,1145100.0
2020-08-04,27.704022311991398,29.023261648543162,27.59572783479236,28.88543128967285,1326200.0
2020-08-05,29.41706525569015,30.31296825952084,28.73775684878476,30.076684951782227,1615700.0
2020-08-06,30.027457899081487,30.50002072026443,29.249696612811547,29.633655548095703,846100.0
2020-08-07,29.68288313081061,31.169488798753953,29.11186919485471,31.080883026123047,1233600.0
2020-08-10,31.21871269398678,32.872684575643966,31.21871269398678,32.055545806884766,1126100.0
2020-08-11,33.35509079908293,34.37897499729261,32.20321591215347,32.36073684692383,977000.0
2020-08-12,32.94160235010688,33.099123315251596,31.622362858671355,32.24260330200195,934900.0
2020-08-13,31.858642400228987,32.47888276989156,31.110416965761807,31.2088680267334,796600.0
2020-08-14,30.883980839985604,31.868485816308127,30.12591011164148,31.2088680267334,845700.0
2020-08-17,31.37623612370058,31.60267038507798,30.047151416431433,30.6476993560791,629100.0
2020-08-18,30.69692429924871,30.972585019192046,30.03730462570201,30.09637451171875,607900.0
2020-08-19,30.204673222278128,30.64770021863793,29.732110341708484,30.10622215270996,1041100.0
2020-08-20,29.702574335327437,29.92901047994428,29.190630277917045,29.45644760131836,747100.0
2020-08-21,29.180785087734876,29.24970027305657,28.255349916560732,28.639307022094727,1560300.0
2020-08-24,28.95434957965419,30.29327964782715,28.708222839345808,30.29327964782715,1121200.0
2020-08-25,30.51971266160882,30.94305091187879,29.682881455005145,30.352346420288086,1149900.0
2020-08-26,30.322811864367374,30.490178113006326,28.875587392817305,29.003572463989258,823000.0
2020-08-27,29.003571665287627,31.139951661295278,29.003571665287627,30.92336082458496,1175100.0
2020-08-28,31.317164089143354,31.543602104180263,30.618165088675656,30.943052291870117,719800.0
2020-08-31,30.992275879963827,30.992275879963827,29.042952724070574,29.111867904663086,1252300.0
2020-09-01,28.84605045110955,29.65334765937534,27.979685234406762,29.151248931884766,1030500.0
2020-09-02,29.151250614905834,29.446601940929625,28.304574059534,29.31861686706543,819900.0
2020-09-03,29.53520667034647,30.716615688279475,28.019065159925706,28.30457305908203,1033900.0
2020-09-04,28.846050350880727,29.80102321031433,28.18643067719066,29.4072208404541,891100.0
2020-09-08,28.61961500503461,28.944502203772338,27.900925425675066,28.521163940429688,1192800.0
2020-09-09,28.83620585560822,28.895275739427305,27.546500560606898,28.393177032470703,1205900.0
2020-09-10,28.599927093971775,28.8952803154364,27.576040808502675,27.67449188232422,1098200.0
2020-09-11,27.77293861296203,27.979686037414233,27.034558441543073,27.576038360595703,1240300.0
2020-09-14,27.85169902890063,28.4719375034954,26.93610737961493,28.393177032470703,959400.0
2020-09-15,28.560540771220523,29.09217343470986,27.310216759939873,27.349597930908203,1165800.0
2020-09-16,27.448050559561757,28.580234956120737,26.817966767095964,28.245502471923828,1494000.0
2020-09-17,27.507123611484815,28.550700411071603,27.32991206710636,27.930461883544922,887900.0
2020-09-18,27.753250281829,27.753250281829,26.040208486039553,26.118968963623047,3489600.0
2020-09-21,25.15414923996028,25.15414923996028,23.293431896309972,24.533910751342773,2842800.0
2020-09-22,24.40592863478129,25.09508238560981,23.58878604876507,23.608476638793945,1804000.0
2020-09-23,23.874292643257988,24.711123894973003,22.515673929377893,22.673194885253906,2222800.0
2020-09-24,22.417222862505906,23.32296929769194,21.649306794261907,22.673194885253906,1766900.0
2020-09-25,22.358151782368346,23.116222579427255,22.210476116423905,22.73226547241211,1538400.0
2020-09-28,23.647857650299443,25.587335687167556,23.529715988766263,25.11477279663086,1849900.0
2020-09-29,24.986783381622168,24.986783381622168,24.11057287357384,24.671741485595703,1284200.0
2020-09-30,24.661898052642357,25.63656157399574,24.563448861053338,24.79973030090332,1249900.0
2020-10-01,24.967094849233124,26.059896199130872,24.85879849252878,25.666093826293945,2341100.0
2020-10-02,24.88833278354636,26.335557115374726,24.55360031858507,26.187881469726562,2277600.0
2020-10-05,26.68998090527875,27.064092676453324,26.256797371973104,26.591529846191406,1542700.0
2020-10-06,27.113322630959136,27.221617119861058,25.223069189076593,25.331363677978516,1442500.0
2020-10-07,25.735009386637103,26.936108988763984,25.735009386637103,26.493080139160156,1209600.0
2020-10-08,26.97548898826624,27.5268123326924,26.621067777176947,27.24130630493164,1885900.0
2020-10-09,27.369291925445186,27.625263952791975,26.601377721202773,27.339757919311523,1260100.0
2020-10-12,27.329910525768856,27.75324877395376,26.86719297983069,27.034557342529297,1030700.0
2020-10-13,26.581684743997307,26.670290510034455,26.079586029052734,26.079586029052734,1437400.0
2020-10-14,26.246954077670953,26.552150694072363,25.80392521692866,25.990982055664062,1294500.0
2020-10-15,25.46919591006679,26.256800727833113,25.26244847177938,26.237110137939453,1915800.0
2020-10-16,26.434010760677392,27.290530716002653,26.28633510056592,26.374940872192383,1383700.0
2020-10-19,26.680137445353566,28.54085489102321,26.680137445353566,28.097827911376953,1633500.0
2020-10-20,28.50147452926473,29.042952554587053,28.078136276326486,28.462093353271484,1317800.0
2020-10-21,28.225814505937254,28.38333546868628,27.625264661832844,27.959997177124023,1097000.0
2020-10-22,28.225814994768147,29.46629400624855,28.186433814499864,29.308773040771484,1400100.0
2020-10-23,29.810869877931946,30.43110840431687,29.07248969624623,29.653348922729492,1714800.0
2020-10-26,29.111868971267135,29.36784099270183,27.76309555877413,28.403024673461914,1409700.0
2020-10-27,28.117517430735283,28.117517430735283,26.97548954070836,26.995180130004883,1310700.0
2020-10-28,26.000826480218528,26.07958695529349,24.888334535059958,24.937559127807617,1691700.0
2020-10-29,25.006475781226275,25.449504653233397,24.376391943525444,24.927715301513672,1495500.0
2020-10-30,24.78988264169467,25.026164059007836,23.913672151100293,24.44530487060547,1192900.0
2020-11-02,24.701278177662196,25.853151321411133,24.425615570699087,25.853151321411133,1949600.0
2020-11-03,26.64075595069263,27.339756819915372,26.453700993374856,27.142854690551758,1089200.0
2020-11-04,26.3060245188446,27.083785895634204,25.390434650415973,26.089433670043945,1120600.0
2020-11-05,26.689984576190096,27.85170310204714,26.424167243433377,27.753252029418945,1588000.0
2020-11-06,27.891077952796888,28.127359362713477,26.571838672414305,26.621065139770508,1752400.0
2020-11-09,32.94159908920621,36.387373146795035,32.94159908920621,34.96968460083008,5698500.0
2020-11-10,32.6954706766388,35.934499024279816,32.47888172947547,34.241146087646484,4142600.0
2020-11-11,34.36913907338675,35.31426488801807,33.27633570714597,34.5069694519043,2834000.0
2020-11-12,34.01470947265625,34.949991691578134,33.06958383811423,34.01470947265625,2021800.0
2020-11-13,34.7038735213316,36.00342252721461,34.27069177123605,35.71791458129883,2169500.0
2020-11-16,38.14964500395066,39.31136352645413,36.49567299752525,38.67143249511719,2670200.0
2020-11-17,37.47033353763297,40.77827352911432,37.15529163368237,39.76423263549805,3162100.0
2020-11-18,39.941441677135806,41.13269403664761,38.19886414240414,39.32120132446289,2332100.0
2020-11-19,37.63769648552018,38.73049969167765,36.74179540079935,38.39576721191406,1355900.0
2020-11-20,38.080731708324564,38.179180907761044,36.672886373924854,37.33250427246094,1344000.0
2020-11-23,38.42530659872774,40.22695619221451,37.903519096078966,39.81346130371094,1595400.0
2020-11-24,43.09186656787642,43.219853513782645,41.103162220546174,41.34928894042969,3304600.0
2020-11-25,40.994869175032726,41.654490790523624,39.63624851994085,40.000518798828125,2515100.0
2020-11-27,39.518108822896885,40.11865867014285,38.03150496390108,38.061038970947266,2219900.0
2020-11-30,37.844447515006756,39.114462439202526,36.19047546386719,36.19047546386719,21898900.0
2020-12-01,37.15529295966505,38.08072811609703,36.22985404763719,36.820560455322266,2491900.0
2020-12-02,36.70241374699706,37.66722999830553,36.01326196434498,37.35218811035156,2100900.0
2020-12-03,37.65738936619958,40.45338914518177,37.56878359393763,39.65593719482422,2713200.0
2020-12-04,40.11865371100713,43.072174229608876,39.91190817604793,42.68821716308594,3052400.0
2020-12-07,42.02859507409099,42.304259539334424,40.601063180046594,40.955482482910156,1912600.0
2020-12-08,40.551839034902706,41.3394475822183,40.36478407049299,41.30990982055664,1559200.0
2020-12-09,41.7037150278166,42.28457427888755,40.20726401225084,41.20161437988281,1473200.0
2020-12-10,40.59122012872915,43.61365609262201,40.40416516470956,42.81620788574219,2108100.0
2020-12-11,42.15658863931487,42.33380019639865,40.83734913413349,41.57572937011719,1685900.0
2020-12-14,42.314111276919064,42.93435175120314,40.72905437352434,40.74874496459961,1202000.0
2020-12-15,41.0933258124883,41.191775014993475,39.97098462370904,40.81766128540039,1090600.0
2020-12-16,40.75858631494754,41.496966474598075,40.39431606549104,41.34928894042969,1052600.0
2020-12-17,41.17207957499167,41.84154458886112,41.004715199322256,41.74309539794922,841800.0
2020-12-18,41.743093590552476,41.7923181838771,40.246642668790486,40.45338821411133,974100.0
2020-12-21,39.38027328499314,41.664328835075096,38.39576645286831,41.132694244384766,2370400.0
2020-12-22,41.18192353575206,41.329597310603155,40.14818833381635,40.33524703979492,786200.0
2020-12-23,40.88657037128616,42.31410612796663,40.827502360844235,42.058135986328125,1037100.0
2020-12-24,42.323956098508255,42.885124768384976,41.37882655739311,42.855587005615234,312800.0
2020-12-28,43.22969712752267,44.25358518825659,42.72760026912961,43.593963623046875,1219300.0
2020-12-29,44.204358089821504,44.68676433252134,43.633342326761536,43.968074798583984,955100.0
2020-12-30,44.1452843650391,45.45467643545032,43.5447346256283,45.38576126098633,997800.0
2020-12-31,44.991968671173595,45.37592578338155,44.12560149773258,44.87382888793945,635800.0
2021-01-04,45.38576189856484,45.59251118045657,42.45193209035574,42.77682113647461,889800.0
2021-01-05,42.363329943558924,44.22404735020976,42.33379593888057,43.849937438964844,900400.0
2021-01-06,45.03134523859594,46.03553892662888,44.19451215777435,45.287315368652344,1127600.0
2021-01-07,46.25212859195601,46.57701763568195,44.4111019442951,44.48986053466797,1495700.0
2021-01-08,44.68676445689136,44.68676445689136,42.520848677635435,43.71210479736328,635800.0
2021-01-11,43.08202291482261,45.09041801445772,42.648841204460446,45.0510368347168,1067000.0
2021-01-12,45.28731724636624,46.49826027858672,44.98211875638712,45.631893157958984,879900.0
2021-01-13,44.84429274250301,44.95258911253776,43.318307655749244,44.046844482421875,1586400.0
2021-01-14,44.30281031081165,46.517950826352234,44.06652700335852,45.75988006591797,1246400.0
2021-01-15,45.23809570971712,45.23809570971712,42.41256177692762,42.550392150878906,1403800.0
2021-01-19,43.052487555893954,44.13544743118659,42.00890885910561,43.121402740478516,1323600.0
2021-01-20,43.69241625209571,43.80071260945921,42.67837161499761,42.98357009887695,569400.0
2021-01-21,42.70790850506409,43.082018406667544,40.7388947912099,41.5855712890625,1415200.0
2021-01-22,40.857033455849205,41.10316016341456,39.45903555956382,40.57152557373047,1843700.0
2021-01-25,40.561686229779106,40.748741194292386,38.23824927622266,40.62075424194336,1418400.0
2021-01-26,41.22130178467783,41.3492887299325,38.956936724395895,39.1046142578125,1694900.0
2021-01-27,37.95273893156562,38.71080966902483,36.7122619329205,37.8050651550293,1945500.0
2021-01-28,38.94709480285608,40.64044413821794,38.77972667485415,40.217105865478516,1873400.0
2021-01-29,39.78392299440337,39.80361358273614,37.40141814007377,37.647544860839844,1422500.0
2021-02-01,38.29732442804865,39.12431047178613,37.1159152576242,39.016014099121094,1267700.0
2021-02-02,40.08911860517842,40.512456834984036,39.577174612027555,40.167877197265625,1990800.0
2021-02-03,40.030051585432076,41.97937485430309,40.030051585432076,41.87107849121094,1025200.0
2021-02-04,42.33379701180875,43.308460502449755,41.56588282594334,42.66852951049805,1077300.0
2021-02-05,43.23954226120907,43.23954226120907,42.34364111138408,43.07217788696289,677800.0
2021-02-08,43.31830169373583,44.617850444100256,43.24938651421618,43.78102111816406,1066900.0
2021-02-09,43.18046936641269,43.859777714539845,42.6685253736056,43.56442642211914,795500.0
2021-02-10,43.987770322231015,44.184672461093186,43.21985611182406,43.475826263427734,694200.0
2021-02-11,43.60380919596529,43.70225837851961,42.29441328553843,43.170623779296875,909300.0
2021-02-12,42.904809745092145,43.41674999524039,42.717751042542275,42.94418716430664,547700.0
2021-02-16,43.15093503811734,43.584116680024735,42.57991928889834,42.826045989990234,1219200.0
2021-02-17,42.55038646725325,44.10590530840723,42.333793762491794,43.5841178894043,790900.0
2021-02-18,43.190316125435494,43.46598060788342,42.25503383070677,43.21000671386719,963200.0
2021-02-19,43.554593191398894,45.464535500901775,43.446296815881354,45.17902755737305,1154000.0
2021-02-22,45.051035690142946,47.54184078933259,45.051035690142946,46.232444763183594,1369600.0
2021-02-23,46.08476904838459,47.384317847685026,45.25778310741196,47.26617431640625,1893600.0
2021-02-24,47.748586388802295,50.74148837513416,47.443387886673776,49.16627502441406,2464800.0
2021-02-25,49.22534624735515,49.74713371578643,46.66562974473103,47.25633239746094,1257500.0
2021-02-26,47.34493838506572,48.08331858211565,46.478571235626944,47.43354415893555,747300.0
2021-03-01,49.28441771663064,49.491163268275436,46.645938873291016,46.645938873291016,1528300.0
2021-03-02,46.98067075916653,47.2563314910738,45.395614039508104,45.9863166809082,1874400.0
2021-03-03,46.07492074723012,48.79216181052274,46.07492074723012,48.014400482177734,1432700.0
2021-03-04,48.22114210262996,50.36736720434744,47.837185055591625,49.21549606323242,2308800.0
2021-03-05,50.268924800125426,50.59381013154532,47.1874170820371,50.0129508972168,1454400.0
2021-03-08,56.78635703837151,59.07041269548252,54.19710289698607,56.63867950439453,6416700.0
2021-03-09,55.38835539012299,56.11689213344029,53.34058303360195,55.13238525390625,3022000.0
2021-03-10,55.132387930494914,55.132387930494914,49.835739609891235,52.56282424926758,6945100.0
2021-03-11,55.60494735553451,57.59365167604551,54.758270849658025,56.92418670654297,4582300.0
2021-03-12,57.692101066474805,60.56686307912248,57.64287647410528,59.98600387573242,4350000.0
2021-03-15,60.09429827988619,61.43322818017235,59.82848098301213,60.45856475830078,2748300.0
2021-03-16,60.45856962487752,60.537331980926304,58.11544211076808,58.84397888183594,1911000.0
2021-03-17,59.32638154685217,60.832679591778174,58.568314571931104,60.39949417114258,1603700.0
2021-03-18,59.4445267577468,61.36431593428912,59.36576440427426,59.877708435058594,1505300.0
2021-03-19,59.60205087210629,60.23213471094151,58.332036021931344,59.34607696533203,1707300.0
2021-03-22,58.971964209163325,59.287006113493895,57.15062420943173,58.54862594604492,1536800.0
2021-03-23,57.67241572584645,58.53877908962872,55.40804686231779,55.84123229980469,1678900.0
2021-03-24,56.76666738740308,59.06057025430463,55.23083527994813,55.28006362915039,1384600.0
2021-03-25,54.55153001541111,57.82009279292604,53.72454402618469,57.6822624206543,1040000.0
2021-03-26,58.20404501611398,58.95227233933275,56.589454352614894,58.735679626464844,966600.0
2021-03-29,58.184357223574374,59.42483804065938,57.63303575428845,58.410797119140625,1661400.0
2021-03-30,59.06057289599713,59.6217415505222,58.07606595744846,58.656925201416016,1160500.0
2021-03-31,58.420643472857535,59.0211933226037,57.76102185317705,57.82994079589844,955900.0
2021-04-01,58.55847281457807,59.0310356989321,58.01699474431381,58.62738800048828,994800.0
2021-04-05,59.513442735651395,59.730031699407846,58.03668238864067,58.085906982421875,830900.0
2021-04-06,57.84962978028204,59.79895694900574,57.84962978028204,58.09575653076172,674100.0
2021-04-07,58.38125921412926,59.090105393575556,58.322191202905955,58.66676712036133,920500.0
2021-04-08,58.50924386194691,59.995847590232984,57.39675004200566,59.90724182128906,1085600.0
2021-04-09,59.917087133374785,60.940975152591186,59.7694096045202,60.2518196105957,859100.0
2021-04-12,60.36011890554525,60.68500422702243,59.67096332996889,60.23213195800781,655200.0
2021-04-13,59.208242661396575,59.67096209287255,56.796200074683576,59.04087829589844,978900.0
2021-04-14,59.14917987715423,60.96066907566059,59.14917987715423,60.2813606262207,1000700.0
2021-04-15,60.64562798153013,60.744080932101674,58.89320677291327,60.429039001464844,1063000.0
2021-04-16,61.09849253265457,61.68919510241746,59.23777155115122,59.35591506958008,797400.0
2021-04-19,59.2574687973268,59.83832801696601,58.479711202701374,58.90304946899414,999400.0
2021-04-20,58.46986145005633,58.48955203780507,55.73293359810647,56.520538330078125,1551300.0
2021-04-21,56.175965559457296,57.42628978411148,55.171768061965054,57.367218017578125,1205500.0
2021-04-22,57.534582170581636,58.90304992309881,57.190006256103516,57.190006256103516,1569300.0
2021-04-23,57.28845885353846,58.263122399857,57.2392342564831,57.957923889160156,1092400.0
2021-04-26,58.19420089097969,58.86366585387459,57.97760818075027,58.33203125,1577800.0
2021-04-27,58.36157044343339,59.91709321777016,57.62319023537135,59.70050048828125,2076100.0
2021-04-28,60.16321743987475,62.50634492045108,58.7356816794851,59.38545608520508,2291300.0
2021-04-29,59.26731763293477,60.448726693990466,58.42064107658492,59.07041549682617,807200.0
2021-04-30,58.57815627069432,58.67660545126401,57.01279026382506,57.3475227355957,931300.0
2021-05-03,58.09575198473445,58.18435775819752,56.697753954090196,57.820091247558594,965600.0
2021-05-04,57.65272588058259,57.692103302647105,55.64433088705587,57.49520492553711,805600.0
2021-05-05,58.28280479783605,59.77925562267997,57.86930997837874,59.365760803222656,1039300.0
2021-05-06,59.12948958122807,59.89740381098557,57.76102174722993,58.51909255981445,897600.0
2021-05-07,57.603499793398164,58.095753266700676,56.70759862221142,57.071868896484375,1502200.0
2021-05-10,57.34752588355754,58.952273152981824,56.73713266820922,56.81589126586914,1354800.0
2021-05-11,55.83138575367587,56.028287886050606,53.65562639214473,55.12254333496094,1670600.0
2021-05-12,55.61479461622987,55.703400384558485,52.7203420212258,53.222442626953125,1407400.0
2021-05-13,53.16337255529455,55.634483219754436,52.70065311089301,54.640132904052734,1338200.0
2021-05-14,55.16191915029416,57.249076434840994,54.79765265714792,56.766666412353516,940000.0
2021-05-17,56.09720328606164,57.21954056266501,55.723089608661915,57.111244201660156,1179500.0
2021-05-18,57.28845315193833,57.28845315193833,55.50649812894875,55.545875549316406,1121400.0
2021-05-19,54.26601508081068,55.91998684538012,53.901748607541066,55.66401672363281,1015900.0
2021-05-20,55.46711678655628,55.78215868212614,54.394004156147815,55.36866760253906,1230500.0
2021-05-21,55.7427769539547,56.43193250203364,55.08315916526476,55.14222717285156,1050200.0
2021-05-24,55.07331771749172,55.97906606911357,54.48261504665711,55.486812591552734,1069600.0
2021-05-25,56.15627004517323,57.65272086573638,55.565563698437636,55.79199981689453,1697300.0
2021-05-26,55.644332050759914,58.36156952101966,55.417895907871255,57.9973030090332,1583600.0
2021-05-27,58.83413057244517,59.13932906284187,57.39675140269772,58.085906982421875,1873400.0
2021-05-28,58.37141488418693,58.64707561383829,57.1900058554592,58.085906982421875,911200.0
2021-06-01,58.617542299470465,59.995849719565754,58.617542299470465,59.1787109375,1019300.0
2021-06-02,59.45436840085409,59.45436840085409,57.49520186160509,57.7708625793457,747100.0
2021-06-03,57.81024793211681,57.82993852132044,56.29410636379999,56.4417839050293,624100.0
2021-06-04,56.993104307443176,57.35737081186331,56.06766916586917,56.80604934692383,500400.0
2021-06-07,56.806050036403384,57.62318882711201,56.35317775453615,57.20969772338867,531100.0
2021-06-08,57.022641630024246,58.56832102076229,56.78636206147552,58.391109466552734,685600.0
2021-06-09,57.99729937797435,58.33203186293909,56.7765092105748,56.796199798583984,467300.0
2021-06-10,57.87915880461458,57.97760798770254,56.057818872722564,56.64852523803711,611400.0
2021-06-11,57.04232687404341,57.73148243631616,56.609145201904155,56.71744155883789,442400.0
2021-06-14,56.707600575766364,57.071870862588284,55.61480098208886,56.03813552856445,542900.0
2021-06-15,56.195657749022665,57.46566884310148,56.14642939771137,56.97341537475586,890200.0
2021-06-16,56.70759146207853,56.70759146207853,55.073310287289054,55.79199981689453,975500.0
2021-06-17,56.29410985027536,56.29410985027536,53.43903808405475,54.27587127685547,1252900.0
2021-06-18,53.29136076586075,53.58671209148808,52.02134593450778,52.51359939575195,1094400.0
2021-06-21,53.30120528288589,55.01424901583904,53.08461255367679,54.521995544433594,1037400.0
2021-06-22,54.19710628553225,54.72874093437376,53.803305762965,54.216796875,454200.0
2021-06-23,54.41369856578546,54.935486037796295,53.13384030569335,53.301204681396484,672000.0
2021-06-24,53.32089369062806,53.941134090786775,52.62189469117702,53.567020416259766,659200.0
2021-06-25,53.95098067535249,54.462924745399285,53.468574367921086,53.724544525146484,684700.0
2021-06-28,53.45872280757924,53.71469669939168,51.22389174036548,51.68661117553711,810200.0
2021-06-29,52.01149943653968,52.3363847488045,50.7907092725126,50.84978103637695,820900.0
2021-06-30,50.849780881478765,51.194356780648725,50.23938392352679,50.416595458984375,1082000.0
2021-07-01,50.958074642217746,51.696454804911134,50.495358960734976,51.17466735839844,827900.0
2021-07-02,51.17466775651292,51.41095106287509,50.4461347601214,50.96792221069336,557500.0
2021-07-06,50.70210476639781,50.75132935971205,48.24083754472801,49.28441619873047,1984100.0
2021-07-07,49.15642937339441,50.16062685299452,48.92999323911141,49.5896110534668,1015600.0
2021-07-08,48.4475842388238,51.09591023572049,47.9257967772475,49.91450119018555,1645600.0
2021-07-09,51.05652693050096,51.440484009292234,50.42644313396187,51.33218765258789,666600.0
2021-07-12,50.79071058684278,51.3321886250266,50.31814773048622,50.53474044799805,640500.0
2021-07-13,50.09171100834211,50.39690573696606,49.50100462813593,49.74713134765625,706200.0
2021-07-14,50.20000869290521,50.79071133313141,49.07766766752216,50.121246337890625,787900.0
2021-07-15,49.39270607623613,50.790707733910985,49.39270607623613,50.170467376708984,798000.0
2021-07-16,50.65287890297286,50.9285396230971,49.06782225106716,49.343482971191406,2064600.0
2021-07-19,47.817500375005636,48.26052923615062,46.56717614715016,47.41385269165039,2680100.0
2021-07-20,47.423698789999854,50.347685683305585,47.364630775570916,50.15078353881836,1525800.0
2021-07-21,51.125445224424354,52.602205620841936,50.83993731310728,52.17886734008789,1225100.0
2021-07-22,51.58816573202555,51.883517066191395,49.99326176745723,50.692264556884766,792400.0
2021-07-23,50.91869566271875,51.5586228641101,50.25907411799113,51.44048309326172,787800.0
2021-07-26,51.066370346748776,51.97211862097046,50.87931539327488,51.33218765258789,901700.0
2021-07-27,50.32799013934516,51.135285472241556,50.05232941755488,50.771018981933594,590600.0
2021-07-28,51.10575510992516,51.84413531499377,49.8652780178721,51.15497970581055,862000.0
2021-07-29,52.17887064484535,53.37012320539403,51.82444752636234,52.080421447753906,1868400.0
2021-07-30,51.794910237914664,52.62189621013235,50.780869300831945,52.17886734008789,1227800.0
2021-08-02,52.956626851757875,53.606401253072875,51.105752835201656,51.706302642822266,1057900.0
2021-08-03,51.529093620078605,52.08041886095671,50.24923534347882,51.89336013793945,734500.0
2021-08-04,51.36172367407996,51.92289606773217,50.60365665856898,51.42079544067383,984100.0
2021-08-05,51.72599031424941,53.28150916972176,51.72599031424941,53.10429763793945,803600.0
2021-08-06,53.62609200357517,53.872218728386,52.1296410660538,53.26182174682617,945100.0
2021-08-09,52.61204927966024,52.61204927966024,50.6922637599647,51.66692352294922,1215300.0
2021-08-10,51.53893527241712,53.35042813831175,51.28296512809972,53.2322883605957,997200.0
2021-08-11,53.51779457236574,55.16191925850165,52.88771077035926,55.13238525390625,1505800.0
2021-08-12,55.07331322850829,55.417892888072046,54.433386013196774,55.083160400390625,726600.0
2021-08-13,55.289906641904295,55.289906641904295,54.600751069658195,54.79765319824219,483100.0
2021-08-16,54.01989735695083,54.620447220270044,53.18306791974623,54.27587127685547,637300.0
2021-08-17,53.73439018012735,53.960826323937546,52.61204912234356,53.1732177734375,1415100.0
2021-08-18,52.98615907843528,53.212595206306034,52.1788637510367,52.356075286865234,1113200.0
2021-08-19,51.67677093786427,52.159177235375374,50.505205275574006,51.15497970581055,1506100.0
2021-08-20,50.8497784529754,51.50939621576865,50.33783445894706,51.479862213134766,620600.0
2021-08-23,51.71614738563499,52.57267111138608,51.302656281282765,51.39126205444336,604000.0
2021-08-24,51.81459779573183,53.527637652219134,51.81459779573183,53.143680572509766,482500.0
2021-08-25,52.59235237516244,54.905945649072756,51.460171788674614,54.236480712890625,964100.0
2021-08-26,53.56702122345575,54.21679563869099,52.592357722804955,53.15353012084961,652400.0
2021-08-27,53.19290828974165,55.41789605733701,53.19290828974165,55.240684509277344,511800.0
2021-08-30,55.44742882257783,55.526191177995386,53.4291904099505,53.48826217651367,601700.0
2021-08-31,53.42918820451012,54.42353848923943,52.87786300613214,53.09445571899414,638500.0
2021-09-01,53.202752695064525,53.95097627138163,52.70065208314489,53.06492233276367,1747700.0
2021-09-02,53.72454300766835,53.960826323937546,53.10430258860813,53.1732177734375,649400.0
2021-09-03,52.96646815831999,53.56701794201748,52.75972261968186,53.12398910522461,527900.0
2021-09-07,53.50794529242236,54.52198989219791,53.10429763793945,53.10429763793945,469400.0
2021-09-08,52.68096289542843,53.23228811488487,51.72599375027163,51.804752349853516,528200.0
2021-09-09,51.56847243393276,54.0395830985714,51.282964531809206,53.26182174682617,503800.0
2021-09-10,53.70485029644098,54.049429962569214,51.96227264404297,51.96227264404297,500500.0
2021-09-13,52.35607622573758,53.68515901268962,51.361722172913446,53.62609100341797,751100.0
2021-09-14,54.059272189965576,54.138034542409564,52.779414007516216,53.399654388427734,1268900.0
2021-09-15,53.3405808227921,55.53603062248661,53.05507293821772,54.99455261230469,987600.0
2021-09-16,54.94533087161464,55.29975019724133,54.30539989100795,54.541683197021484,466800.0
2021-09-17,54.334935663321566,54.9354854865281,53.51779687111945,53.891910552978516,590700.0
2021-09-20,51.8736666669519,53.911595628209696,51.214048853530294,53.8525276184082,717600.0
2021-09-21,54.28571073234069,54.44323168863332,52.57267080210782,52.59235763549805,420400.0
2021-09-22,53.340582289294346,54.34477974307811,53.25197652114885,54.16756820678711,622800.0
2021-09-23,54.93548194060033,57.41643967412365,54.787808165216525,57.386905670166016,1159100.0
2021-09-24,57.2687667217526,58.528938154899095,57.2687667217526,57.534584045410156,686400.0
2021-09-27,57.95792073563739,59.011342828808004,57.78070919140347,57.80039978027344,853000.0
2021-09-28,57.820090956024735,59.375613692178824,57.79055695021791,59.14917755126953,1220700.0
2021-09-29,59.41498570102921,59.621734989626226,58.410792039137476,58.59784698486328,765200.0
2021-09-30,58.82428680636733,58.82428680636733,56.914344787597656,56.914344787597656,884000.0
2021-10-01,57.317990762875084,61.21663703882334,56.963567691316946,59.50359344482422,1311000.0
2021-10-04,59.14917789751276,59.995850698896625,58.460022298417904,58.94242858886719,762300.0
2021-10-05,59.720187880803294,60.28135650844145,58.56831662057627,59.670963287353516,497300.0
2021-10-06,58.656916152388405,59.93677422393824,57.22938056060017,59.35591506958008,557500.0
2021-10-07,60.26166591633672,60.26166591633672,58.942426531744466,58.981807708740234,681100.0
2021-10-08,58.715989470602615,59.26731467305366,58.22373603271279,58.40094757080078,511000.0
2021-10-11,58.085911418293676,59.48390951753938,58.03668682075332,58.05637741088867,302800.0
2021-10-12,57.879165393902454,58.63723620788868,57.48536110552654,58.391109466552734,473000.0
2021-10-13,58.144978609521935,59.14917609376366,56.94387899502965,59.03103256225586,1128300.0
2021-10-14,59.76940842027981,59.76940842027981,58.95226970876932,59.49374771118164,447100.0
2021-10-15,60.80314519322566,61.462766776747706,59.85801945966159,60.17306137084961,1602600.0
2021-10-18,59.66111009698816,61.04926452357803,59.18854728746771,60.911434173583984,689200.0
2021-10-19,60.58655038034208,60.84252050013455,58.86366345170626,59.267311096191406,598600.0
2021-10-20,59.03103164245944,62.71308902730683,58.92273528472927,62.58510208129883,1166800.0
2021-10-21,62.60479694233068,63.855121216338816,61.97471309682018,62.25037384033203,1326000.0
2021-10-22,62.28974670587303,63.57945198698988,61.40368906913696,63.48100280761719,911000.0
2021-10-25,64.00279727023558,64.69194911296655,63.087205529926266,63.38255310058594,955800.0
2021-10-26,63.67790512526112,64.1110905548615,60.85237143893034,61.02958297729492,1123600.0
2021-10-27,60.81299244823909,61.21664013222284,58.53878012788428,58.79475402832031,1155200.0
2021-10-28,59.03102841203976,60.36011488109197,58.31233887940953,59.92692947387695,729400.0
2021-10-29,59.72018616904695,60.04507523657557,57.75117244272744,58.12528610229492,931400.0
2021-11-01,58.75537009228283,62.654016382221165,58.597849143869034,62.56541061401367,1633400.0
2021-11-02,62.99859763332353,63.78620239532657,62.516187604074055,63.67790603637695,3015000.0
2021-11-03,63.2742503624281,65.25311118458099,63.205335185098946,64.82977294921875,1779200.0
2021-11-04,65.28265167560714,65.7945994819526,62.81154095076932,63.638526916503906,768800.0
2021-11-05,64.81992349604627,67.04491094622105,64.790389494115,66.45420837402344,1593200.0
2021-11-08,67.2122800606099,68.13771891305008,66.31638272338503,67.9802017211914,1688300.0
2021-11-09,67.00552761480274,67.74390768406204,66.34590988895015,67.56669616699219,1729100.0
2021-11-10,67.93097680308809,70.27410054531055,66.16870853250556,66.80863952636719,2010400.0
2021-11-11,66.70034220724395,67.57655274383124,64.44582051395132,64.97745513916016,1312500.0
2021-11-12,64.41628142520337,65.82412647589402,63.431774606851604,63.786197662353516,1041300.0
2021-11-15,64.34737396240234,64.83962743059013,63.66806177272182,64.34737396240234,661600.0
2021-11-16,63.99294739683152,64.11109092682382,63.136423704568095,63.45146560668945,1033500.0
2021-11-17,63.008444640585594,63.30379972931511,61.82703555245542,62.25037384033203,952600.0
2021-11-18,63.00843846828024,63.19549717356413,61.78764832049525,62.1125373840332,1025600.0
2021-11-19,61.236329342666565,61.5513712471915,60.46841141424076,61.04927062988281,1079500.0
2021-11-22,62.092845949248485,62.33897265865746,61.13787311495109,61.96485900878906,715400.0
2021-11-23,62.181456568872505,62.68355344279949,61.57106333345644,61.72858428955078,629200.0
2021-11-24,61.3446220054358,61.93532460193059,60.70469106290352,61.61043930053711,435500.0
2021-11-26,56.746975526196074,57.51488968490392,54.16756857198598,56.845428466796875,2377300.0
2021-11-29,57.88900135490754,59.37560878423323,55.299747317986196,56.50084686279297,1871400.0
2021-11-30,55.44742892173939,56.077512743823455,53.19290719442323,55.17176818847656,1840000.0
2021-12-01,56.97341148841404,58.16466765480389,53.63593380158626,53.65562438964844,1366400.0
2021-12-02,54.14788169008987,56.53038668176777,53.70485281605176,56.028289794921875,1308400.0
2021-12-03,56.13658353351232,56.31379507483882,54.01989220966568,54.718894958496094,1019000.0
2021-12-06,55.68370727229565,57.46566221870939,54.846874219217014,56.48115539550781,1077300.0
2021-12-07,57.09155972367586,59.54297992779029,56.75682721021331,58.932586669921875,1695400.0
2021-12-08,58.58800370912715,61.098499297573724,58.371414745883875,60.40934371948242,1257300.0
2021-12-09,60.05491962515937,60.32073693318812,58.90304837929717,59.395301818847656,1184900.0
2021-12-10,59.95647620909421,60.72439044689867,58.903054047533104,59.61189651489258,1189700.0
2021-12-13,59.1491764950075,59.414990053713815,57.72164073550175,58.82428741455078,1116200.0
2021-12-14,58.272961900639054,59.36576515756488,57.9382294053248,58.21389389038086,1258900.0
2021-12-15,57.81024779186185,59.59220292111477,56.18580986466407,59.198402404785156,1173300.0
2021-12-16,60.2321283298886,61.03942363232003,59.651269148324964,59.720184326171875,1832100.0
2021-12-17,59.15902079483937,60.02538793339675,58.01699292130295,58.84397888183594,1948400.0
2021-12-20,57.53458243130965,58.30250037441995,56.481160338736146,57.23923110961914,1220300.0
2021-12-21,58.44033505137112,61.561220381569235,57.58381502861334,61.52184295654297,1834500.0
2021-12-22,61.63013307951385,63.195503023432444,61.561217894007484,63.01829147338867,1063800.0
2021-12-23,63.45146525737295,63.93387903545877,62.929677814031216,62.969058990478516,690800.0
2021-12-27,62.7327733007201,64.79038886808497,62.04361780275153,64.72147369384766,988100.0
2021-12-28,64.07171393286063,65.2925004443768,63.69759648572443,64.0618667602539,686800.0
2021-12-29,63.80589111719435,64.66241484210093,63.520383208892156,64.15047454833984,775400.0
2021-12-30,64.17015653413787,65.00698585114844,64.00279217297398,64.25875854492188,580700.0
2021-12-31,63.80589091434237,64.84947335441683,63.648373713375015,64.40644073486328,458100.0
2022-01-03,64.90853404570068,67.88174129607269,64.90853404570068,66.65110778808594,1480200.0
2022-01-04,67.75376756131129,68.28540221222347,66.74957378371619,66.94647216796875,971800.0
2022-01-05,67.39933642888298,67.93097101644153,64.53442547009585,64.57379913330078,1383600.0
2022-01-06,64.72148088987403,66.17855439299804,63.766508004128156,65.74536895751953,1209000.0
2022-01-07,67.04491679384262,67.8325252995947,66.2573157992819,66.67080688476562,992500.0
2022-01-10,66.54282100724777,67.123684012364,64.9774585653634,66.3065414428711,1057700.0
2022-01-11,66.35577341139086,66.41484142790648,65.30235122010572,66.12933349609375,1387300.0
2022-01-12,66.2573151670827,66.74956860068303,64.31783543690673,65.45001983642578,1674300.0
2022-01-13,65.56816481084603,67.28120489066663,65.4697156129147,66.25732421875,1578300.0
2022-01-14,65.55831418346061,67.4781072423341,64.78056030294793,67.30089569091797,1246500.0
2022-01-18,67.3009031827475,67.8522247324402,66.39515849076871,66.5625228881836,2005600.0
2022-01-19,66.8381719562571,66.8381719562571,65.12513207604346,65.13497924804688,1308200.0
2022-01-20,64.92822547248056,66.60189166851802,63.894497759319655,64.04217529296875,1307000.0
2022-01-21,63.48101007638864,64.15047508844604,61.46276786779435,62.309444427490234,1480700.0
2022-01-24,60.47826005747883,62.05346961842216,58.676610601278796,61.72858428955078,1863500.0
2022-01-25,60.82283420511222,62.53587783892771,59.07041315011608,61.81718826293945,1654400.0
2022-01-26,62.8016963048695,63.98310158514333,61.55137208617044,61.886104583740234,1441700.0
2022-01-27,62.63432636921333,63.55976148019061,60.182906352294374,60.46841049194336,2633300.0
2022-01-28,60.14352718120908,60.64562405200446,58.5880044633331,60.5570182800293,1398000.0
2022-01-31,60.00569874928716,62.25037337088979,60.00569874928716,62.0239372253418,2406900.0
2022-02-01,62.496494867929464,63.51053948503252,61.35446706337104,63.41209030151367,1108800.0
2022-02-02,63.40224499696335,64.1110911570801,62.31928516838545,62.37835693359375,1388900.0
2022-02-03,61.76796517564959,62.713090907750335,61.068962415412344,61.11819076538086,836000.0
2022-02-04,60.7539156533455,62.132226719294025,60.60624188201956,61.61043930053711,686500.0
2022-02-07,61.817186954964626,63.4120907803005,61.728581186890416,62.13222885131836,950000.0
2022-02-08,62.55557233267818,64.54427306129634,62.52603457045398,64.0618667602539,947600.0
2022-02-09,65.15467367281904,66.42468860635249,65.07591130999704,66.25732421875,1335300.0
2022-02-10,65.48939312031183,67.5076351908096,64.25875954346961,64.8396224975586,2252300.0
2022-02-11,63.87480527334384,64.78055733417965,60.77361077687511,61.06896209716797,1838100.0
2022-02-14,61.12803871255524,62.64418036741723,60.97051774553036,61.393856048583984,1505200.0
2022-02-15,63.284099502478234,64.58364825196269,62.83122725005697,64.35721588134766,1364100.0
2022-02-16,63.8354278939827,65.9718137128156,63.81574105964151,65.50909423828125,1883400.0
2022-02-17,65.28264358903746,66.20808238581806,64.12092526308402,64.534423828125,1155200.0
2022-02-18,64.97746225467934,66.15886765483293,63.95357406932313,64.75102233886719,1358900.0
2022-02-22,64.28830843214037,64.95777347517321,62.5654174713619,62.978912353515625,2130400.0
2022-02-23,63.864965642707865,64.74117618741796,62.25037116352099,62.31928634643555,1989400.0
2022-02-24,60.291202545166016,61.35446801492315,57.633033237379664,60.291202545166016,3475800.0
2022-02-25,60.724382135784026,63.16596240166197,60.19274754133018,61.836875915527344,2479900.0
2022-02-28,56.461474302713135,58.341882501006424,51.6570829016305,53.58671569824219,25182100.0
2022-03-01,53.16337763814432,54.18726581251832,50.83994053306337,52.080421447753906,3815100.0
2022-03-02,52.94678128476712,54.74843076224676,51.558626669166365,53.379966735839844,2677200.0
2022-03-03,53.17321162689137,53.261817390800466,49.66836975581041,50.711944580078125,2444700.0
2022-03-04,49.37302024684106,49.71759614361799,46.03553885596521,46.92159652709961,3908500.0
2022-03-07,46.68531482675214,46.99051331404973,43.07217635044109,43.21000671386719,3534200.0
2022-03-08,44.775373414361965,49.2745696522433,44.49971268382611,47.87657165527344,4223200.0
2022-03-09,50.2098492980482,51.13528438407624,47.89625970518029,48.25067901611328,2796100.0
2022-03-10,46.74438123011115,48.723241951154655,46.74438123011115,48.683860778808594,1702500.0
2022-03-11,49.49116450778606,51.292810261749445,49.44193991172292,50.20985412597656,1494100.0
2022-03-14,50.711948674480375,50.90885080524209,49.668373765956076,50.200008392333984,1291800.0
2022-03-15,50.77102055802355,51.785061463741634,50.416597472950414,51.194358825683594,1846600.0
2022-03-16,51.98196670379841,54.000205219394765,51.51925098669818,53.29136276245117,2164700.0
2022-03-17,52.16902054099609,54.27586463573133,52.16902054099609,53.91159439086914,1179700.0
2022-03-18,53.36027657231347,54.364474095634755,52.75972674169619,53.73439025878906,1474700.0
2022-03-21,53.47841592621317,53.77376725292901,52.83848492199894,53.379966735839844,1822000.0
2022-03-22,53.59655014012326,56.26456648709613,53.24213083822594,55.66401672363281,1461300.0
2022-03-23,55.08316006406026,55.132384656384325,53.64578093686177,53.78361129760742,1669000.0
2022-03-24,54.16756929976432,54.27586565808239,53.29135877242094,53.675315856933594,1494600.0
2022-03-25,53.65562452267934,54.32508949607052,53.07476531798981,53.399654388427734,1087000.0
2022-03-28,53.16337095488102,53.882060518969965,52.188707501579444,53.65562438964844,1351300.0
2022-03-29,54.62044286647037,56.29410536306792,54.364472722565246,55.29975128173828,2179700.0
2022-03-30,49.02844140701179,53.49810350108395,48.772471273106135,50.64303207397461,4815300.0
2022-03-31,49.94403594827847,50.77102191705381,49.21550292554536,49.501007080078125,2501000.0
2022-04-01,50.20984755412187,50.288609901990625,48.97921403563849,49.717594146728516,1670300.0
2022-04-04,49.579769372474765,50.67257266075003,48.939838368617536,50.31814956665039,2052100.0
2022-04-05,49.875121419291226,50.643035630532935,48.7330935193643,48.782318115234375,1840900.0
2022-04-06,47.9947132375651,48.29991174042364,46.77392298172688,47.787967681884766,1171900.0
2022-04-07,48.07347426472562,48.5164993701797,45.730346765080675,48.10300827026367,2095600.0
2022-04-08,48.07347724742966,49.185967421806396,47.906109109272805,48.516502380371094,1573900.0
2022-04-11,48.339286194192894,49.825893682695344,47.709202393342466,47.807655334472656,1504200.0
2022-04-12,48.27037206196853,48.959527642470334,47.60090707012058,48.004554748535156,1359300.0
2022-04-13,48.4771239457895,49.520698910829665,48.34913699052375,49.44194030761719,969400.0
2022-04-14,49.43208840668176,50.47566702749734,49.43208840668176,49.55023193359375,778100.0
2022-04-18,49.077673200268265,50.20985776986649,49.038295773917575,49.47147750854492,558400.0
2022-04-19,49.75698577204792,52.04104176166819,49.107211288028296,51.942588806152344,1102300.0
2022-04-20,52.20839726728749,52.82863763689158,51.47001712676686,52.129638671875,1295300.0
2022-04-21,53.32089369936282,54.0986550538294,51.5389348534829,52.1887092590332,1153100.0
2022-04-22,51.50939926949003,52.090258474497176,50.367371447597506,50.51504898071289,774600.0
2022-04-25,49.41240140971973,49.77667167744356,47.9454881887852,49.373023986816406,1288800.0
2022-04-26,48.5755708454536,48.82169757171642,46.73454398457454,46.80345916748047,881100.0
2022-04-27,46.616401301689876,47.088967929653,45.769728502612615,46.26198196411133,1458800.0
2022-04-28,46.76407798398634,48.1423891531211,46.19306217644326,47.49261474609375,1118200.0
2022-04-29,47.10865395292588,47.7682755328986,45.80910513736901,45.9863166809082,1185000.0
2022-05-02,45.89771152750355,46.38012157043644,44.735993062248866,45.956783294677734,959800.0
2022-05-03,46.3505886767672,47.118502890477416,45.89771262875733,46.7148551940918,797800.0
2022-05-04,46.606552881148055,48.03408851735038,45.759876417375835,47.82734298706055,621100.0
2022-05-05,46.941289313700835,47.66982231689705,45.98631641847781,46.62624740600586,1095100.0
2022-05-06,46.133991735063546,46.39980903605993,45.06087911500952,45.54328536987305,1343200.0
2022-05-09,44.41110636376264,44.93289381314291,40.55183740596614,41.14254379272461,1922800.0
2022-05-10,41.94983922933883,43.03279530727626,41.004713515255716,42.2648811340332,1493500.0
2022-05-11,42.40271708313701,44.31265935137206,42.15659032795019,42.30426788330078,1359000.0
2022-05-12,41.664336250256795,42.31411072487853,40.34509671019495,41.211463928222656,1263400.0
2022-05-13,42.038445372067216,44.27327648525749,42.038445372067216,43.99761199951172,888300.0
2022-05-16,43.51520200476697,45.100258578928596,43.318299890509195,44.686763763427734,1201800.0
2022-05-17,47.02989355763235,48.47711985607844,46.62624589178219,47.45323181152344,1687000.0
2022-05-18,46.28166144620463,47.41384573005232,45.26762067837957,45.36607360839844,2031700.0
2022-05-19,44.20436320057757,46.63609279365201,44.02715165055971,45.031349182128906,2043200.0
2022-05-20,46.13399241836954,46.37027196346887,44.46032999226735,46.074920654296875,1637600.0
2022-05-23,46.79360896893333,47.7879629818592,46.222596953843436,46.95112991333008,994600.0
2022-05-24,46.340741991038634,46.59671590202848,43.987770973564494,45.129798889160156,1017300.0
2022-05-25,45.01165468556067,45.75003482801097,44.30280854701779,45.15932846069336,826000.0
2022-05-26,45.56297652416252,47.29571071021911,45.19871003556935,47.02004623413086,855900.0
2022-05-27,47.33509257068258,48.605103591028765,47.33509257068258,48.24083709716797,940500.0
2022-05-31,47.74858374344802,49.21550064905936,47.049584759062164,48.67401885986328,2921200.0
2022-06-01,48.506653991455366,48.93983566273999,46.45887789681023,47.758426666259766,1111700.0
2022-06-02,48.162073374084315,48.890610096677406,47.60090476916076,48.811851501464844,499900.0
2022-06-03,47.975023174715744,48.63464478346414,47.62060007217583,48.44758605957031,537500.0
2022-06-06,49.03828943171412,49.294259570071546,48.26052808903481,48.72324752807617,563400.0
2022-06-07,48.14239032568535,49.45178258821893,48.01440337336087,49.373023986816406,472900.0
2022-06-08,48.959523721042196,49.156425836214034,47.984864072114604,48.132537841796875,427600.0
2022-06-09,47.87656911072572,47.87656911072572,46.01585176731071,46.05522918701172,425700.0
2022-06-10,44.71630042701408,45.267625628624124,43.78102190092667,43.92869567871094,607300.0
2022-06-13,42.23534707600659,42.2944150858152,40.08912175572642,40.325401306152344,1537200.0
2022-06-14,40.56168981393103,41.21146429432504,38.71081557211928,39.016014099121094,982700.0
2022-06-15,39.71500609441276,41.16223235168072,39.59686632512421,40.236793518066406,1243500.0
2022-06-16,38.59267341296183,38.59267341296183,36.62365950164333,37.32265853881836,1577400.0
2022-06-17,37.647549702417706,39.35074637848316,36.93870345366123,38.96678924560547,1431000.0
2022-06-21,40.11865482923017,40.286019193929995,39.09476678623324,39.74454116821289,906700.0
2022-06-22,38.641896689429856,39.439348648283556,38.52375691035385,38.76003646850586,614000.0
2022-06-23,38.681279358895466,38.681279358895466,37.0666885454262,38.18902587890625,1215500.0
2022-06-24,38.76988183553498,40.36478192337977,38.76988183553498,40.35493850708008,783800.0
2022-06-27,40.51245890860526,40.66013268467571,39.56732946601449,40.12849807739258,538800.0
2022-06-28,41.142541018363424,41.723400193929244,39.76422996446625,39.83314514160156,1028800.0
2022-06-29,39.80361737482076,40.000519521311595,39.075080559483496,39.71501159667969,661600.0
2022-06-30,38.710809763681944,40.38447219102234,38.13979773293972,40.30570983886719,1184100.0
2022-07-01,40.21710338583884,41.368978355126764,39.68547254022462,40.591217041015625,956500.0
2022-07-05,39.153839111328125,39.34089406671937,38.05119245608236,39.153839111328125,940500.0
2022-07-06,39.193219900022676,39.606710983299166,37.28327416604366,37.293121337890625,1319200.0
2022-07-07,37.962586932828955,38.83879746178127,37.54909208718208,38.51390838623047,1464900.0
2022-07-08,38.6418984878726,39.65593946296108,37.95274285926268,38.67143249511719,901700.0
2022-07-11,37.962584216239684,38.86832868521069,37.83459727846058,38.02165222167969,554400.0
2022-07-12,37.67708309497637,40.04974479928021,37.62785849641659,39.557491302490234,753400.0
2022-07-13,38.67143050807358,39.30151433422287,38.169333632734556,39.14399337768555,746800.0
2022-07-14,38.021655735494114,38.4056128287198,37.362037909818355,38.10041809082031,815800.0
2022-07-15,38.70096904751252,39.76423458661836,37.7066149379567,39.41965866088867,616600.0
2022-07-18,40.6502871290506,41.30990488975941,39.97097502585415,40.423851013183594,761600.0
2022-07-19,41.22130333418033,42.42240296803718,41.22130333418033,42.28457260131836,642200.0
2022-07-20,42.05813386941739,43.22969566989539,41.54618985631226,42.91465377807617,905000.0
2022-07-21,42.34364524996201,43.426605224609375,41.88092950467097,43.426605224609375,1221000.0
2022-07-22,43.48566392279143,43.80070955661599,41.949835705323274,42.31410217285156,1262400.0
2022-07-25,42.432245506529384,43.05248589952365,41.41820461043068,42.954036712646484,539900.0
2022-07-26,43.00326679318958,43.00326679318958,42.20581475758701,42.560237884521484,419700.0
2022-07-27,43.48567204173305,44.24374287638019,43.08202432516468,44.046844482421875,421900.0
2022-07-28,44.41110773681101,44.57847211042972,43.22969868236445,44.017303466796875,514700.0
2022-07-29,44.47017658925666,44.76553167514989,43.68257178993188,44.164981842041016,1548500.0
2022-08-01,43.81055633932405,44.05668306033149,42.86543063199846,43.593963623046875,1058700.0
2022-08-02,43.2493942391975,43.39707179631451,42.28457779799619,42.40271759033203,994400.0
2022-08-03,42.93434538815241,44.1748223972804,42.69806208586362,43.92869567871094,718800.0
2022-08-04,44.30280907906514,44.50955462009116,43.62350069186725,43.87947082519531,669000.0
2022-08-05,42.89496401092089,44.460330083914414,42.51100693264627,44.44063949584961,847800.0
2022-08-08,44.85413134415922,45.40545275084157,44.34218735538603,44.588314056396484,1401200.0
2022-08-09,44.61785884386971,45.346395707426424,44.204367688907816,45.17902755737305,1005000.0
2022-08-10,46.498258797313966,47.53199025475687,46.44903420516824,47.02004623413086,1197700.0
2022-08-11,49.569919188110184,49.86527425231072,46.31120386606968,47.70920181274414,2121300.0
2022-08-12,48.12269245283369,50.21968918998138,48.01439610614999,49.6782112121582,1067000.0
2022-08-15,49.03828692355743,49.79635763903693,48.80200363011627,49.7865104675293,667800.0
2022-08-16,49.53054352153391,50.23938593616555,49.353331978977046,49.81604766845703,546200.0
2022-08-17,48.7823166442969,49.03829054405635,47.79780973419768,48.230995178222656,673400.0
2022-08-18,47.994710154892964,48.48696359237905,47.64028707900768,48.06362533569336,586200.0
2022-08-19,47.463079079607574,47.502460258885435,45.996165829668996,46.76408004760742,885100.0
2022-08-22,45.56297278263526,45.97646758501456,45.188862908572254,45.38576126098633,657200.0
2022-08-23,45.67127625912691,46.59671518455398,45.67127625912691,45.97647476196289,701000.0
2022-08-24,45.67127671294561,46.09461500099733,45.22824783526404,45.64174270629883,600500.0
2022-08-25,46.07492171873095,47.295711915266025,45.543287096582006,47.088966369628906,496700.0
2022-08-26,47.08896796868936,47.33509469964275,44.883670806884766,44.883670806884766,459700.0
2022-08-29,44.56862688717748,45.33654105142341,44.14528862853019,44.79506301879883,534100.0
2022-08-30,45.34638975104256,45.45468235673922,43.77117643736277,44.096065521240234,564400.0
2022-08-31,44.27327528420003,44.460330238070796,43.30845899925308,43.36752700805664,970600.0
2022-09-01,42.82604870038195,42.91465446860657,41.66433029725727,42.629146575927734,675300.0
2022-09-02,43.53489749141224,43.53489749141224,42.461784791308546,42.81620788574219,400200.0
2022-09-06,43.013109674965584,43.101715455595205,42.18612364095452,43.02295684814453,987100.0
2022-09-07,42.60945916564164,44.352036900286244,42.422404199037594,43.90900802612305,1231200.0
2022-09-08,43.28877061791746,44.33234555300098,42.76697939477983,44.32250213623047,726400.0
2022-09-09,45.14948342025956,46.429341536675864,44.73598860245385,46.370269775390625,631700.0
2022-09-12,47.0397350465315,48.28021575311592,47.020044459297324,47.9257926940918,894100.0
2022-09-13,46.1143045345208,47.020049103174514,46.02569876101373,46.567176818847656,1025500.0
2022-09-14,46.80345876839612,46.80345876839612,45.24793606899278,46.321048736572266,981500.0
2022-09-15,46.0256968546185,46.89206396462518,45.32669786790203,45.66143035888672,1190900.0
2022-09-16,44.588315939967174,44.893510658531596,43.318301207760356,43.55458450317383,1178800.0
2022-09-19,42.560229362952484,44.598158179187735,42.3928650062972,44.17481994628906,700300.0
2022-09-20,43.46598100959391,43.83024750995737,42.69806307604389,43.00326156616211,666900.0
2022-09-21,43.298614509622944,43.367529694560005,41.60526138123593,42.04829025268555,1105200.0
2022-09-22,42.018751147043965,42.05813232097037,39.842991988148405,40.72904586791992,1297600.0
2022-09-23,39.71500654398219,40.95548352454283,39.22275311817953,40.591217041015625,1977700.0
2022-09-26,40.158043507720876,40.886576622255944,39.114464681747855,39.1341552734375,1419500.0
2022-09-27,39.71500660737478,41.231148062609954,39.71500660737478,41.15238571166992,1216600.0
2022-09-28,41.4477401032132,43.26908017058701,41.191769954786615,42.81620788574219,1027100.0
2022-09-29,41.930143957394414,42.45193134958842,41.03424293681463,42.373172760009766,1243600.0
2022-09-30,42.44209714598559,42.973731824511425,41.64464512819684,41.6741828918457,934900.0
2022-10-03,42.57992072711298,44.2142019273402,42.058133304964365,43.63334274291992,942600.0
2022-10-04,45.23809092580977,47.118498876427275,45.090413394709635,47.09880828857422,963500.0
2022-10-05,46.12414513693426,47.20710494211854,45.57282369594906,47.02004623413086,975000.0
2022-10-06,46.55733234165174,47.46307688967593,46.40965480397154,46.93144226074219,674400.0
2022-10-07,46.163526255374514,46.82314780721154,45.57282363917042,46.45887756347656,815800.0
2022-10-10,46.59671347852481,47.33509365509103,46.340739580848215,47.05942916870117,517400.0
2022-10-11,46.74439221776269,46.92160377937968,44.76553478716788,46.006011962890625,933200.0
2022-10-12,46.14383561950112,47.81749803780214,45.287315700215984,47.40400695800781,843100.0
2022-10-13,46.321049272283915,48.89061290317036,45.23809317567541,48.358978271484375,728000.0
2022-10-14,48.99890798292951,49.68806355166128,47.83718956136342,47.984867095947266,808500.0
2022-10-17,49.11704521314442,49.79635733032923,47.709200143923944,49.04813003540039,627200.0
2022-10-18,50.465816483510714,50.93838304838912,49.392703930473594,49.77666473388672,808700.0
2022-10-19,49.79636418545022,50.72179938226519,48.8020100458081,49.028446197509766,622100.0
2022-10-20,49.03829352706647,50.40675761445302,48.880772562092396,49.33364486694336,619000.0
2022-10-21,49.16627279348064,50.4067535795002,48.6543287593959,50.27876663208008,699000.0
2022-10-24,50.298457702216425,50.603656193418956,49.12689584250902,49.81604766845703,849300.0
2022-10-25,49.5896101169684,50.623341581989074,49.50100434821831,50.51504898071289,625200.0
2022-10-26,50.6725745287094,51.50940394405173,50.564278162009465,50.66272735595703,641000.0
2022-10-27,50.938387599553344,52.69080864333331,50.77101947712279,51.68661117553711,1118900.0
2022-10-28,51.962269030960584,52.2674674987793,51.0072999643455,52.2674674987793,825400.0
2022-10-31,52.21824541065369,53.50794700984766,52.21824541065369,52.58251190185547,1256000.0
2022-11-01,52.78925499502347,53.8426769991236,52.5037508695388,52.828636169433594,870500.0
2022-11-02,52.267471416624126,52.61204732902586,50.692261880507935,50.76117706298828,1550000.0
2022-11-03,54.758265222658316,54.758265222658316,51.696448582337695,53.05506896972656,1646500.0
2022-11-04,54.14787880283203,55.62463913381836,53.87221807617188,54.79765319824219,1684100.0
2022-11-07,55.319445883455714,56.294109446633705,54.27587088768504,56.03813552856445,901000.0
2022-11-08,56.03813299928894,56.84543214202713,55.21115077834937,55.851078033447266,1317000.0
2022-11-09,55.19145551996803,55.929835659567836,54.659820918113226,55.14222717285156,1066900.0
2022-11-10,57.258921216636665,58.263118706410594,56.687909166919596,57.70195007324219,1235600.0
2022-11-11,57.87916585526653,58.97196919640437,57.564123924292964,58.05637741088867,1607900.0
2022-11-14,57.32783891060802,58.27296467570546,56.7568268358768,57.889007568359375,984300.0
2022-11-15,58.88335798193024,59.05072234923403,56.72728550612836,57.50504684448242,1356300.0
2022-11-16,56.815894882175456,57.3967541298222,56.17596762142305,57.199851989746094,1052200.0
2022-11-17,56.32363966769091,57.928386989621764,55.89045797739857,57.84962463378906,1047900.0
2022-11-18,58.6667657607345,59.25746839285274,57.81024581748432,58.42063903808594,1104900.0
2022-11-21,57.741323750618776,58.2926451400317,57.623180233805755,58.13512420654297,651000.0
2022-11-22,58.72584111161747,59.13933222822628,58.33203682909825,58.932586669921875,499800.0
2022-11-23,58.70614405974802,59.23777490035398,58.61753829371443,59.001495361328125,719200.0
2022-11-25,58.755373281064585,59.52328747680878,58.755373281064585,59.14917755126953,552600.0
2022-11-28,58.51908998428651,59.050724622534,58.20404807027226,58.46002197265625,681900.0
2022-11-29,58.85382181310559,59.52328681161497,58.66676685242637,59.306697845458984,466600.0
2022-11-30,59.099949463737296,60.60624761171636,58.686458358218715,60.448726654052734,1754000.0
2022-12-01,60.63578060168394,61.3150890160521,59.720188876981396,59.995849609375,808300.0
2022-12-02,59.23777901259422,60.58655618424717,58.96211827939604,60.301048278808594,745200.0
2022-12-05,59.9367816662688,60.05492144377168,59.06057111823041,59.306697845458984,874000.0
2022-12-06,59.58235954847017,59.73003333385471,58.41079765979764,59.07041549682617,566800.0
2022-12-07,58.81444525602209,59.07041540364236,57.82993833262805,58.07606506347656,650900.0
2022-12-08,58.67661237260724,58.83413333345681,57.829939555288256,57.889007568359375,480600.0
2022-12-09,57.59365747175718,58.125292134377986,57.42629309033731,57.82994079589844,358900.0
2022-12-12,57.91854130480234,58.88335759239491,57.66256741396605,58.40094757080078,1123600.0
2022-12-13,59.848168410822844,60.11398569366339,58.036675774705905,58.53877258300781,1006300.0
2022-12-14,58.72583283590059,59.26731083136179,57.928380966195256,58.27295684814453,936500.0
2022-12-15,57.65272756465421,57.967769483947734,56.855275593919764,56.97341537475586,670700.0
2022-12-16,54.88626145275399,56.85527531652992,54.61060071361605,56.36302185058594,1074000.0
2022-12-19,56.32363617813393,56.83558019254126,55.72308639670235,55.831382751464844,560600.0
2022-12-20,55.7920056024803,56.32364024299377,55.62464122802006,56.00859832763672,983100.0
2022-12-21,56.40240219320931,56.68791010056804,55.89045814554408,56.2153434753418,872500.0
2022-12-22,55.54587889104172,55.831386800558796,54.71889667963369,55.31944274902344,564200.0
2022-12-23,55.52618864503944,56.097200673385466,55.24068075306861,55.801849365234375,438100.0
2022-12-27,55.88060798375023,56.74697507618852,55.46711690329292,56.491004943847656,589500.0
2022-12-28,56.58945677789387,57.229387772104495,55.713246228242525,55.860923767089844,646700.0
2022-12-29,56.136585980806665,57.23923269833401,55.66402310186637,56.97341537475586,365400.0
2022-12-30,56.59930408613699,57.426290043358335,56.45162654693482,57.41644287109375,483300.0
2023-01-03,57.59365549038278,58.578162421842315,56.92419047654263,57.05217742919922,686000.0
2023-01-04,57.73148570919632,58.91289477498314,57.07186786952626,58.5584716796875,917300.0
2023-01-05,58.213895055829056,59.375613518377676,57.780709608752446,58.84397888183594,738000.0
2023-01-06,59.5921999736231,60.56686343285308,59.09994653586155,60.46841049194336,622300.0
2023-01-09,61.039426073425595,62.17161047863869,60.9705108928226,60.98035430908203,877500.0
2023-01-10,60.36012449534519,60.68500984690919,59.080262412637516,59.710350036621094,924900.0
2023-01-11,59.52328774163252,60.51764183830583,59.44452914059865,60.448726654052734,839300.0
2023-01-12,61.19694907543178,62.457116712264664,60.88190716622356,62.31928634643555,1005900.0
2023-01-13,61.67935790712925,62.82138574460971,61.27571023411277,62.506343841552734,524900.0
2023-01-17,62.35866986920444,63.14627467184566,61.92548816665075,63.01829147338867,1073500.0
2023-01-18,63.500696453518636,63.99294991439863,62.21099103399855,62.6441764831543,762500.0
2023-01-19,61.7876473607394,62.2799007786266,60.27150968789943,60.714534759521484,771400.0
2023-01-20,61.30524536018076,62.0436255381498,61.11819040044309,61.886104583740234,441500.0
2023-01-23,62.03377196021373,62.51618194580078,61.96485678450063,62.51618194580078,481900.0
2023-01-24,62.02393484504117,63.36286483306755,61.88610447961418,62.703243255615234,493500.0
2023-01-25,62.0436222362703,63.08720085094315,61.86641070254103,62.801692962646484,1061900.0
2023-01-26,63.09703282736284,64.0126243882636,62.32912253404577,64.0027847290039,522000.0
2023-01-27,63.69759108726487,64.06186133092193,62.94936752319336,62.94936752319336,517000.0
2023-01-30,62.4374233847521,63.0084391673925,61.80733959397348,61.827030181884766,606500.0
2023-01-31,62.10269917570478,62.42758451089091,61.7482760787047,62.230682373046875,640300.0
2023-02-01,61.94516929492089,63.75666580753618,61.94516929492089,63.61883544921875,529500.0
2023-02-02,63.99295401935829,64.36706396959612,62.53588413235828,62.82139205932617,665600.0
2023-02-03,62.19130186059107,62.61464014703224,61.92548829058935,62.07316207885742,372600.0
2023-02-06,61.22648156047551,61.70889158449447,60.19275008682999,60.51763916015625,661300.0
2023-02-07,60.59640093146894,61.67936081034796,60.15337206081825,61.236331939697266,548200.0
2023-02-08,60.901594310087994,61.75811421757389,60.675158185377725,60.862213134765625,560300.0
2023-02-09,61.22648464277745,61.63013233397289,60.773612356186646,60.80314636230469,493100.0
2023-02-10,60.69485026625108,60.970510989098315,60.0352287079579,60.85237121582031,553200.0
2023-02-13,60.822830553678074,61.147719609185295,60.4290300763428,60.74407196044922,579500.0
2023-02-14,60.45856958042802,62.1322320892757,60.26166744604667,62.03377914428711,482400.0
2023-02-15,61.4233833548942,62.13222950696801,61.265862405055096,61.974708557128906,387800.0
2023-02-16,61.492299626239,62.55556887320592,61.1378765439167,62.17161178588867,704000.0
2023-02-17,61.95502405716124,62.12238843973878,59.81864197470944,60.429039001464844,895700.0
2023-02-21,59.5528279852245,59.621743172349866,57.130937996261736,57.82994079589844,1396000.0
2023-02-22,57.91853780934038,59.80878909407215,57.81024145864514,59.267311096191406,904000.0
2023-02-23,59.90724226583261,60.76376595717822,59.56266635938026,60.26166534423828,690500.0
2023-02-24,59.32638482618337,60.20259913199562,59.011342914995346,60.17306137084961,826600.0
2023-02-27,60.82283293213099,61.72858120105251,60.488100447728904,61.315086364746094,698900.0
2023-02-28,61.177259149997106,61.92548650917645,60.596399919422026,61.47261047363281,1218900.0
2023-03-01,61.53167906277042,62.89029958804317,60.99020103813717,62.13222885131836,992900.0
2023-03-02,64.73133397053401,65.81429014689006,62.22084192127511,64.45567321777344,2013600.0
2023-03-03,64.48519693852037,64.93806917598233,62.72292882313239,62.890296936035156,1424400.0
2023-03-06,62.772160910618084,62.99860081199025,60.31089355792516,60.645626068115234,1184900.0
2023-03-07,60.68500182820548,61.24617043406197,59.89739709679247,61.039424896240234,601200.0
2023-03-08,59.818634353485,61.000043320653106,58.007141605319404,59.05072021484375,2423500.0
2023-03-09,58.23358621100522,58.7258396743084,55.988907864537495,56.4417839050293,7391700.0
2023-03-10,56.4122435352327,57.130933107755574,55.03393615506669,55.56556701660156,3500500.0
2023-03-13,54.394003451954234,54.9256380521941,53.27166624406712,54.14787673950195,8087100.0
2023-03-14,55.59510503509256,56.13658307108721,53.153528409323656,53.675315856933594,2537800.0
2023-03-15,52.297007099501855,52.53329041529719,50.229544047575224,51.617698669433594,3218300.0
2023-03-16,50.643034989854385,52.917247344001815,49.71759983017845,52.56282424926758,2710700.0
2023-03-17,51.89335382377216,51.94257841388349,49.71759464273025,49.94403076171875,2064800.0
2023-03-20,50.24923263075222,51.50940024976181,50.00310590793967,50.96792221069336,1918000.0
2023-03-21,52.572664194764414,53.488255811767274,52.070563627713625,52.228084564208984,1533400.0
2023-03-22,51.981961348827426,52.14932946758925,50.73163718855496,50.80055236816406,1374600.0
2023-03-23,51.095914234585564,51.460180768971796,48.92015093450424,50.21969985961914,2312300.0
2023-03-24,49.402559640899256,49.97357172580244,48.811856966089614,49.54039001464844,1659900.0
2023-03-27,50.24923332244645,51.06637210052244,49.83573846951972,50.68241500854492,1135000.0
2023-03-28,50.603653799251504,52.22808785503951,50.36737050182284,52.129638671875,1466300.0
2023-03-29,52.94678534061101,53.29136504450498,52.503760194398446,52.86802673339844,1153200.0
2023-03-30,54.01005290916618,55.15208084274828,53.81315076428732,54.512149810791016,1616500.0
2023-03-31,55.34898226649627,56.343332639565034,55.25052931754155,55.35882568359375,1597300.0
2023-04-03,55.82153985797128,56.067666573609955,54.728736639640246,55.36866760253906,1281500.0
2023-04-04,55.68371250773487,55.74278051909948,54.246329556463785,54.531837463378906,1332200.0
2023-04-05,54.08880265599488,54.39400111835658,52.730185965574144,53.192901611328125,1512000.0
2023-04-06,53.330739936383054,54.325094063819186,52.88771481122017,53.803306579589844,1335200.0
2023-04-10,53.586711397797764,54.47276911880543,53.43903385909788,54.04943084716797,539800.0
2023-04-11,54.40385360759307,54.55153115559712,53.08461411519634,53.13384246826172,869800.0
2023-04-12,54.2955569915808,55.05362399901905,53.36027468624813,54.640132904052734,1690600.0
2023-04-13,54.83703345840299,55.37851148626063,54.15772131392363,54.905948638916016,886700.0
2023-04-14,54.984708292953776,55.68371103896279,54.344781067942826,54.541683197021484,883200.0
2023-04-17,54.56137283208094,55.565570361919946,54.38416503796435,55.339134216308594,552200.0
2023-04-18,55.70340123237144,55.910146776419666,55.083160844631045,55.437583923339844,597800.0
2023-04-19,54.75827666016435,55.122546943361804,54.325094945059874,54.945335388183594,549700.0
2023-04-20,54.85672514091036,55.00439892112915,54.118344973029174,54.4136962890625,537200.0
2023-04-21,54.36447464303719,55.05362649927888,53.91159859459786,54.955177307128906,977700.0
2023-04-24,55.01424750456638,55.526191551436156,54.33493532910656,54.531837463378906,594700.0
2023-04-25,53.89190581557346,54.26601570895027,53.00584816158515,53.18305969238281,662500.0
2023-04-26,53.49810537499932,54.39400650844397,53.28151265408002,53.31105041503906,710100.0
2023-04-27,54.93548577299431,54.93548577299431,53.62609351305343,54.50230407714844,1299700.0
2023-04-28,54.413699860246275,55.80185451674399,54.17741653855484,55.486812591552734,797000.0
2023-05-01,55.457270548777345,56.471311363824626,55.43757996185661,55.821537017822266,1025800.0
2023-05-02,56.1168978975771,57.081714287951634,54.09865933834486,55.476966857910156,1531400.0
2023-05-03,55.94952824919336,56.215341804036086,54.433386740290615,54.6696662902832,1105400.0
2023-05-04,54.049428546154914,54.25617408705644,52.592355076840995,53.222442626953125,1296700.0
2023-05-05,53.950977934991016,55.024090617475075,53.71469837964536,54.610599517822266,767500.0
2023-05-08,54.974862017003474,55.23083214257443,53.43902999679108,54.17741012573242,952100.0
2023-05-09,53.8722176498933,55.31944020900326,53.655624934605186,55.13238525390625,1319600.0
2023-05-10,55.821544300964824,55.84123489045463,53.71470004830339,54.64997863769531,878900.0
2023-05-11,54.02973975570853,55.63448329963422,54.02973975570853,55.07331466674805,951300.0
2023-05-12,55.10285439701061,55.59510786489715,54.640134935406564,55.28990936279297,672800.0
2023-05-15,56.11689859454434,57.29830773712766,55.870771846322654,57.00295639038086,1301500.0
2023-05-16,56.5205452419685,56.776515402813494,56.00860116468244,56.2448844909668,1153200.0
2023-05-17,56.84542780400694,58.578158226825764,56.678059684734855,58.381256103515625,1234700.0
2023-05-18,58.29265418863795,58.70614905047859,57.62318917849281,58.253273010253906,673000.0
2023-05-19,58.391106543900015,58.647076689615055,57.308146682869705,57.721641540527344,724300.0
2023-05-22,58.292655938401424,58.322193700874024,57.475517118182005,57.73148727416992,703700.0
2023-05-23,57.30814740794832,59.0704157113465,56.96357148520382,57.9973030090332,1145900.0
2023-05-24,56.707598398560826,56.855275942207534,55.506502482244976,56.33348846435547,1545500.0
2023-05-25,56.343333114678416,57.53458564010583,56.14643097070459,56.70759963989258,734700.0
2023-05-26,56.697753069672686,57.75117516241499,55.870767115449254,56.55007553100586,1143500.0
2023-05-30,56.9635696010309,57.761017783175674,56.63868052267876,57.091556549072266,1013100.0
2023-05-31,56.658371513332646,57.12109095950718,55.64433060509054,56.195655822753906,1874100.0
2023-06-01,56.264574259746716,57.32783982351412,55.890460563423,57.21954345703125,1096600.0
2023-06-02,58.23358183942726,58.74552209790699,57.64287547445006,58.15481948852539,1491700.0
2023-06-05,58.08590510917411,58.08590510917411,56.294102913033676,56.92418670654297,1005200.0
2023-06-06,56.618992456995905,58.16467180767275,56.618992456995905,57.83978271484375,1424900.0
2023-06-07,58.39110747256508,59.20824627298613,57.898854006703075,58.863670349121094,991400.0
2023-06-08,59.198402448636145,59.56266895929973,58.90305112227119,59.07041549682617,921400.0
2023-06-09,58.814444659611254,59.218092343885765,58.14497965804438,58.66676712036133,870200.0
2023-06-12,58.48955257777392,59.80879192435387,58.38125622195386,59.50359344482422,687700.0
2023-06-13,59.69065369936694,60.43887728214031,59.69065369936694,60.0549201965332,933300.0
2023-06-14,59.80879009134584,60.419183276102295,59.37560843693731,59.720184326171875,879400.0
2023-06-15,59.72018947880259,60.7145398132398,59.31654179276033,60.65547180175781,618800.0
2023-06-16,61.108339513403855,61.22647928313019,60.08445149418746,60.2518196105957,1192500.0
2023-06-20,59.119638510667805,60.30104754012408,58.19420337798487,60.025386810302734,988900.0
2023-06-21,60.15336494472658,60.76376187456739,59.88755140937758,60.084449768066406,948700.0
2023-06-22,59.7890976636404,61.059112340176156,59.55281813417981,60.75391387939453,1066000.0
2023-06-23,59.72018550215804,60.054917982118255,59.11963572144156,59.66111373901367,765100.0
2023-06-26,59.66111454607631,60.48810046330648,59.424835001493776,59.9367790222168,797000.0
2023-06-27,60.409342423754296,61.58090425246348,59.592199915185496,61.41353988647461,1139200.0
2023-06-28,61.3347826793754,61.718739791768854,60.921291560058144,61.09850311279297,880500.0
2023-06-29,60.87206189363567,61.75811582791945,60.8129901291118,61.285552978515625,1243200.0
2023-06-30,61.925484016097336,62.76231335864094,61.18710385893685,62.5358772277832,1527600.0
2023-07-03,62.4472731134788,63.028128580465165,62.12238403303308,62.703243255615234,290700.0
2023-07-05,62.329131069190794,62.772156154632604,61.93532682035847,62.56541061401367,554200.0
2023-07-06,61.68920427244045,62.55557142505972,60.92129006648013,61.10834503173828,945100.0
2023-07-07,61.324930774209655,62.398043359197075,61.324930774209655,61.76795959472656,676500.0
2023-07-10,61.374156796358385,62.61463376715796,61.22647926754139,62.57525634765625,504200.0
2023-07-11,62.63431911075462,63.59913528628682,62.516179350949415,63.40223693847656,735000.0
2023-07-12,64.32767899781146,64.45566970547027,63.58929880264177,64.37690734863281,742000.0
2023-07-13,64.63288083627513,64.76086403191748,64.05201784733158,64.15047454833984,850500.0
2023-07-14,64.26861072114184,64.26861072114184,62.929680705185405,63.07735824584961,936100.0
2023-07-17,62.79184165175124,64.14061865351198,62.79184165175124,63.82557678222656,739000.0
2023-07-18,63.78619670925638,66.09978619557504,63.78619670925638,65.52877044677734,1484000.0
2023-07-19,65.44017041586919,65.78474630531035,64.85930747836177,64.92822265625,968700.0
2023-07-20,65.37126468560484,65.67645944447582,64.44582572490944,64.96761322021484,1026600.0
2023-07-21,65.53862697844936,65.85366890016252,64.14062892029669,64.4458236694336,780100.0
2023-07-24,64.07171279652617,64.57380592268534,63.51054414696633,63.992950439453125,805900.0
2023-07-25,63.53022990519166,64.23907608446609,62.2700622581223,63.10689163208008,2111700.0
2023-07-26,63.323478111668145,63.884646696402505,62.95921164127463,63.48100280761719,1188200.0
2023-07-27,63.50069453182103,64.09139716476247,62.742623774335556,62.86076354980469,949100.0
2023-07-28,63.50069023719018,65.36140753626837,62.97890282152785,64.82977294921875,1466700.0
2023-07-31,65.9619679891847,68.4232354514677,62.201151607263945,62.82139205932617,2670000.0
2023-08-01,63.91418580795848,64.19969370879448,62.57525958572614,63.85511779785156,1151800.0
2023-08-02,62.969066379882925,62.969066379882925,62.01409715034263,62.358673095703125,893000.0
2023-08-03,61.87625408731509,62.69339657638648,61.55136877937273,62.1125373840332,604800.0
2023-08-04,62.11254191213885,63.77635725972232,62.053470144753994,63.07735824584961,740300.0
2023-08-07,63.106888399715125,63.91418372671836,63.106888399715125,63.76650619506836,458400.0
2023-08-08,62.673709427098174,63.57945773268057,62.36851093450923,63.00844192504883,576800.0
2023-08-09,62.91983723747052,63.26441691354268,61.89594913720399,61.955020904541016,868300.0
2023-08-10,62.437425904357596,63.20534008590807,61.96486304220379,62.14207458496094,441900.0
2023-08-11,61.73842656754665,62.18145542201456,60.990202978797555,61.65966796875,694100.0
2023-08-14,61.088652504256316,61.925485624125784,60.78345776828619,61.452919006347656,516700.0
2023-08-15,60.89175091301305,61.84672381800167,60.89175091301305,60.990203857421875,780500.0
2023-08-16,61.09849774597801,61.56121342138925,60.507791370216836,60.54717254638672,458900.0
2023-08-17,60.606246477548105,61.01973757532872,59.68080758244629,59.69065475463867,543900.0
2023-08-18,59.05071830450615,60.38964817360818,58.80459160079167,60.340423583984375,574800.0
2023-08-21,60.65546908995986,61.03942616981013,59.976156943521055,60.85237121582031,573900.0
2023-08-22,61.265868055855236,61.32493982584171,60.33058568684754,60.50779724121094,656200.0
2023-08-23,60.60624449739366,61.177256531233745,60.31088943080513,60.85237121582031,567300.0
2023-08-24,60.478252930851575,61.256014202990805,59.887550354003906,59.887550354003906,792200.0
2023-08-25,60.08445733627805,60.12383851521443,58.922738846826256,59.651275634765625,620300.0
2023-08-28,59.651270612328865,61.07880630601363,59.552821428872925,60.39949417114258,550900.0
2023-08-29,60.488103021401336,60.62593714309853,59.7300322522479,60.123836517333984,1039700.0
2023-08-30,59.936783120374166,60.30104963394297,59.296852111816406,59.296852111816406,687500.0
2023-08-31,59.86786502669023,60.76376614178387,59.542975951966085,60.566864013671875,2901100.0
2023-09-01,61.07880804452477,61.37415935889489,60.12383516431882,60.566864013671875,915100.0
2023-09-05,60.251821125141475,60.30104571746517,59.25746708446277,59.424835205078125,952600.0
2023-09-06,61.886103963306596,62.496497186074734,60.44872479928018,61.22648239135742,1600000.0
2023-09-07,60.75391726802039,62.22083413798937,60.75391726802039,61.08864974975586,1111000.0
2023-09-08,61.7876506337279,62.112539709429186,60.72438514767838,60.87206268310547,1267100.0
2023-09-11,61.541525992702205,61.84672449029344,60.655472016966016,60.83268356323242,536000.0
2023-09-12,58.184353488512876,59.44452481369117,58.13512889700022,58.971961975097656,11482900.0
2023-09-13,59.04087947776652,59.907242838150765,58.78490558287446,59.670963287353516,4045600.0
2023-09-14,60.379807884371225,61.06895968597949,59.818635515697046,60.62593460083008,3702200.0
2023-09-15,60.64562548268328,62.11254246318984,60.4191893390929,61.36431884765625,5207100.0
2023-09-18,61.51199115831394,63.2151876584034,61.35447020326508,62.62448501586914,2699300.0
2023-09-19,62.65401494225523,62.82138305862086,61.92548198093351,62.57525634765625,2082600.0
2023-09-20,63.13642851813408,63.490851623941005,61.92548916595375,62.09285354614258,2240700.0
2023-09-21,61.994405848607315,62.48665933953011,61.16741983363318,62.083011627197266,1708600.0
2023-09-22,62.17161741442751,62.51619335588292,61.364321989649625,61.52184295654297,1377900.0
2023-09-25,61.216642134800566,62.21099249669499,60.57671111837226,61.94517517089844,1668400.0
2023-09-26,61.29539858629587,62.39804902992346,61.05911903094411,61.679359436035156,1618600.0
2023-09-27,62.02393428938855,62.417738549019795,61.31508812429061,62.04362487792969,1736900.0
2023-09-28,62.12238637131478,62.949372350600186,61.94517482178249,62.15192413330078,1597100.0
2023-09-29,62.28974964481894,62.49649518461351,61.53167890997655,61.69904327392578,1670200.0
2023-10-02,61.206790252157546,61.51198873360743,58.31234140888102,58.60769271850586,2070000.0
2023-10-03,57.95791770374516,58.58800149224003,56.52053859179177,56.56976318359375,1739600.0
2023-10-04,56.55992100593338,58.29265146223494,56.4122434716982,57.761016845703125,1357500.0
2023-10-05,57.55427054173857,58.55846799671971,57.35736841722538,58.30249786376953,1549800.0
2023-10-06,58.07606623892097,60.29120686139143,57.573965594693945,59.828487396240234,1515700.0
2023-10-09,60.01553852555703,60.20259723640716,58.03668134849045,59.13932800292969,1360600.0
2023-10-10,60.104143888669704,61.925483858384354,59.85801717024305,60.85237121582031,2337000.0
2023-10-11,60.901595189996456,61.84672087781511,60.41918517431647,60.88190460205078,1367100.0
2023-10-12,61.17726677044604,61.57107108807781,58.58801220766845,58.92274475097656,1051000.0
2023-10-13,59.00150320380938,59.26732053724259,57.70195429964439,58.05637741088867,936400.0
2023-10-16,58.4304858242293,59.89740282827428,58.4304858242293,59.31654357910156,993200.0
2023-10-17,58.92273292528905,60.330578008215625,58.92273292528905,59.94662094116211,983300.0
2023-10-18,59.080255278891016,59.36576317090373,57.80039710631811,57.86931228637695,1283100.0
2023-10-19,57.7019511833998,58.784907293185945,57.05217676640895,57.20969772338867,1000800.0
2023-10-20,57.52473756916647,58.19420255116006,57.08170871996546,57.24907684326172,1055900.0
2023-10-23,57.180161488230816,58.45017251129131,56.943878184175546,57.633033752441406,1684100.0
2023-10-24,57.977608277271166,58.90304712754071,57.977608277271166,58.76521301269531,1200600.0
2023-10-25,58.26312458555751,58.725844077547706,57.5936595248213,57.79056167602539,1227000.0
2023-10-26,57.554271019899616,59.14917486167077,57.554271019899616,58.528934478759766,2764900.0
2023-10-27,59.040883804287134,60.891754191681926,57.977614480995804,58.51909255981445,4087100.0
2023-10-30,59.55282294302264,60.537329824995865,58.79475219323177,60.26166534423828,2625500.0
2023-10-31,60.21244037117136,61.620285503953795,59.58235657158117,61.15756607055664,1629900.0
2023-11-01,60.90160107101384,61.60060011040446,60.37981358465127,61.4036979675293,1654000.0
2023-11-02,62.34881893423538,63.35301258926999,62.22083199561509,62.890296936035156,1746200.0
2023-11-03,63.99295547096343,64.83963209809004,63.68776070229886,64.3670654296875,1856600.0
2023-11-06,64.14062039299206,64.78055132391773,63.264409929992155,63.736968994140625,1721400.0
2023-11-07,63.333334842005534,63.7960543172065,62.35867129448769,63.56961441040039,1149000.0
2023-11-08,63.65822557438462,64.84947813085945,63.54008203156356,64.29814910888672,1444000.0
2023-11-09,65.05621282398083,66.07025365233454,64.35721387930197,64.82977294921875,2048300.0
2023-11-10,65.16451697736801,66.06041438990668,64.32768006665111,65.82413482666016,782800.0
2023-11-13,65.35155910409956,67.32057271687836,65.3121779305011,66.65110778808594,1483200.0
2023-11-14,65.45986149501795,66.7692574710464,65.0365232287528,66.09979248046875,9019900.0
2023-11-15,67.20244441589183,67.44857114572174,66.3557678643816,66.77910614013672,4401700.0
2023-11-16,66.7101863945102,67.32057583558654,65.90289107631959,66.5034408569336,3466400.0
2023-11-17,67.09413537737449,67.79313425668238,66.65110284067042,67.52731323242188,4721600.0
2023-11-20,67.53717378995732,67.73407968236391,66.0210322187895,66.74957275390625,3723900.0
2023-11-21,67.01538869031552,67.34027779088544,65.47956023117345,65.50909423828125,2158100.0
2023-11-22,65.86351467827532,67.13352951081546,65.56815959677604,66.13917541503906,1610600.0
2023-11-24,66.27700621164827,66.8184880274983,66.09979466384205,66.49359893798828,407900.0
2023-11-27,66.58218937807952,66.58218937807952,65.71582613456626,65.93241882324219,1106100.0
2023-11-28,66.02103040705111,66.47390268037098,65.31218423622295,65.58785247802734,1387200.0
2023-11-29,65.84381657435301,66.5625098923337,65.39094431678365,65.45001983642578,2834900.0
2023-11-30,65.68630267448076,67.17291022161565,65.68630267448076,67.1630630493164,4788300.0
2023-12-01,66.94647028230517,68.91548411413767,66.89724193203268,68.41338348388672,2130000.0
2023-12-04,67.73406854772783,68.50198262389863,67.4387135132665,68.04911041259766,1305800.0
2023-12-05,67.3304332055258,67.85222071432726,66.94647607598537,67.3796615600586,1480800.0
2023-12-06,67.93098161037925,69.80154637435277,67.68485486541411,67.82268524169922,1740800.0
2023-12-07,68.31493203721236,69.65386199951172,68.07865248833349,69.65386199951172,2300700.0
2023-12-08,70.34301383147664,71.43581707321042,69.45696364515537,71.03217315673828,2498800.0
2023-12-11,70.93372414012498,71.8985366821289,70.53991988349031,71.8985366821289,1469100.0
2023-12-12,71.81976684282031,72.3612485781535,71.15030192967684,71.51457214355469,1540700.0
2023-12-13,71.62287147149506,72.88303900487307,71.36689759403046,72.8731918334961,2102000.0
2023-12-14,73.35560009025191,74.31057284012324,73.1586942334179,73.77893829345703,3263100.0
2023-12-15,73.34577036039137,73.34577036039137,72.08560262176198,72.79444885253906,1983100.0
2023-12-18,72.75506045574784,73.04056835433734,71.55396085174772,71.64256286621094,1048600.0
2023-12-19,71.86900433270415,72.38094462028677,71.45551323374993,72.06590270996094,1887300.0
2023-12-20,72.18403733308536,72.79443424514443,70.62851480670916,70.74665832519531,2312300.0
2023-12-21,71.48504697594109,72.74521461260323,71.47519980375702,72.7058334350586,1058900.0
2023-12-22,72.59753925280853,74.01523164218537,72.59753925280853,73.09963989257812,956100.0
2023-12-26,73.09964989648537,73.4343786946792,72.6959983926945,73.1094970703125,496100.0
2023-12-27,73.20793142279999,73.79863404230922,73.07994823378358,73.3359146118164,815000.0
2023-12-28,73.17839899537013,73.98569434537318,73.07010263648752,73.7592544555664,959300.0
2023-12-29,73.61158133634054,73.93647043248143,73.10948819996854,73.1685562133789,705900.0
2024-01-02,72.67629891270708,72.80428210542304,70.70728511663135,71.22907257080078,2011100.0
2024-01-03,69.57510913233244,70.53008214121208,69.38805790659602,69.56526947021484,2869600.0
2024-01-04,69.82123024030811,71.62287973953504,69.81139057898623,71.33737182617188,2319100.0
2024-01-05,70.98295128340408,72.60738929183266,70.83527373514836,71.95761108398438,1940000.0
2024-01-08,72.06590334569815,72.36125842538047,71.2093871347645,72.16436004638672,973000.0
2024-01-09,71.43581776053469,72.57784936191509,71.43581776053469,71.99698638916016,1239900.0
2024-01-10,73.30638544749695,73.77895208101984,72.96180952263225,73.09963989257812,1558600.0
2024-01-11,72.83382694317724,73.12917451934229,72.19389592803181,73.07010650634766,1102500.0
2024-01-12,73.29653827501744,73.79863891478703,72.78459797396015,73.09963989257812,1509100.0
2024-01-16,72.44986725274202,72.9913491126608,72.09545163947712,72.5778579711914,1419800.0
2024-01-17,71.79024084294988,72.73536655899322,71.67210482293916,71.99698638916016,1430300.0
2024-01-18,72.63691147932587,73.61157112130364,72.63691147932587,73.54265594482422,1781700.0
2024-01-19,73.6608009463154,74.48779059187387,73.05040400581252,74.47794342041016,1053500.0
2024-01-22,74.43857224540392,74.99974091516347,74.17275115851187,74.48780059814453,1279500.0
2024-01-23,75.08833238154058,75.31477225664801,74.08413872304266,74.12351989746094,1248500.0
2024-01-24,74.8225269602428,75.23601806970547,74.31058665964974,74.34996032714844,1101600.0
2024-01-25,75.06866491694507,76.44697633241282,75.06866491694507,76.41744232177734,1570500.0
2024-01-26,76.49619056292975,77.56930709408401,75.92518221391856,76.61433410644531,1247500.0
2024-01-29,76.23037440612738,76.64386552768751,75.24586744363636,75.86610412597656,1319600.0
2024-01-30,75.8759456910821,76.75215622204692,75.8759456910821,76.64385986328125,1296700.0
2024-01-31,76.67338904426657,76.9785912684914,75.31477232594496,75.37384033203125,1859400.0
2024-02-01,76.1023941040039,76.65371562041894,75.28525149132282,76.1023941040039,1197100.0
2024-02-02,75.98424248578098,77.421621651691,75.89563295937731,76.99828338623047,1049800.0
2024-02-05,76.59464304918737,77.13611736026904,75.85626284310084,76.82107543945312,1232000.0
2024-02-06,76.82107937351304,77.34286687741127,75.89564039757748,76.00393676757812,1433800.0
2024-02-07,76.77185108660554,77.30347820081583,76.40758083090665,76.7423095703125,870300.0
2024-02-08,76.46664382450942,76.86044805947427,75.04895909430341,76.11222076416016,1039300.0
2024-02-09,76.20083616415799,76.28943818048592,75.53137116642215,76.07284545898438,1120600.0
2024-02-12,75.9940945375293,76.75216159072298,75.97440019208989,76.50603485107422,603500.0
2024-02-13,75.28524010484021,75.7282651833554,74.65515632103626,75.54121398925781,1476500.0
2024-02-14,76.181146053526,76.36820477998076,75.30493545780436,75.86610412597656,1060900.0
2024-02-15,76.18112853037962,77.78587931727888,76.0137641879393,77.49052429199219,1319800.0
2024-02-16,77.39209146773176,77.4905406598921,76.42727135769984,76.43711853027344,1063600.0
2024-02-20,75.93501198113576,77.38223827805398,75.93501198113576,76.73246765136719,2234700.0
2024-02-21,76.18114095860017,77.11642701713077,74.91112616058115,76.87030029296875,2079400.0
2024-02-22,77.56930727994225,78.29784035538643,77.25426534100484,77.35271453857422,2448600.0
2024-02-23,77.28379084384437,79.36110098207105,75.88579286311302,76.64385986328125,3011500.0
2024-02-26,76.24021023001212,76.8604468200259,74.7831368374962,74.79298400878906,2160600.0
2024-02-27,74.82251921806154,76.47649099596107,74.82251921806154,76.11222076416016,1553500.0
2024-02-28,75.36399785023646,76.29927629714453,74.97019363162596,75.13755798339844,1404700.0
2024-02-29,75.32462745864242,76.2992872180359,74.9603571898305,75.98424530029297,2757400.0
2024-03-01,76.30913604600985,77.56930374432082,75.88579775568427,76.151611328125,1476800.0
2024-03-04,75.80702886450979,76.79153573288005,75.65935133201599,76.47649383544922,1173800.0
2024-03-05,76.15160413103656,79.07559070749848,76.15160413103656,78.14031219482422,2383900.0
2024-03-06,78.8491570742462,79.26265569679171,78.27814875860194,78.58334350585938,1498900.0
2024-03-07,79.21342680189703,80.99538194421255,79.21342680189703,80.85755157470703,2004500.0
2024-03-08,80.89693138596613,81.75345510586622,79.99118682704133,80.1782455444336,1544400.0
2024-03-11,80.03055502958075,80.51296123648355,79.64659799595745,80.18807220458984,1469400.0
2024-03-12,80.48344767141364,81.66485307312259,80.42437965468591,81.55655670166016,1635100.0
2024-03-13,81.47780069783279,83.87015298698418,80.93631884817603,82.73796844482422,3486600.0
2024-03-14,82.61981710333856,83.49602764193753,81.71407255958098,83.12191772460938,1959700.0
2024-03-15,82.72811346045998,84.78573678367937,82.69857945530231,84.50022888183594,2551100.0
2024-03-18,84.52977205073945,85.26815230449421,84.27379812630394,84.92357635498047,1768200.0
2024-03-19,84.66759686190939,85.01217278876018,83.91936948418204,84.3230209350586,1187400.0
2024-03-20,84.19503031748424,84.97279170247674,83.47634445658193,84.06704711914062,1800400.0
2024-03-21,84.3624035592918,85.88838483611437,84.14581082693444,84.87434387207031,1826500.0
2024-03-22,85.16969299316406,85.48473489691025,84.71682072597838,85.16969299316406,996000.0
2024-03-25,85.15985146613811,85.39613103181213,84.24425969906027,84.26394653320312,1034100.0
2024-03-26,84.61835945472224,86.46923711148654,84.46084226695844,86.27233123779297,1908000.0
2024-03-27,86.41016747540802,86.53815817981847,85.30752455243535,86.23295593261719,996500.0
2024-03-28,86.11482091861733,86.2034229354531,85.02201764382606,85.5634994506836,1551900.0
2024-04-01,86.03606027540401,86.03606027540401,84.05719923690742,84.35255432128906,1558300.0
2024-04-02,83.80122428090876,84.27378335421065,83.27942935031766,83.89967346191406,1537200.0
2024-04-03,83.80123227255844,85.65210259001478,83.64370755897487,85.50442504882812,1531000.0
2024-04-04,86.40033697322833,87.06980203793839,84.51007781268726,84.6676025390625,2088000.0
2024-04-05,84.79558091192858,86.37079804111355,84.79558091192858,86.02621459960938,963400.0
2024-04-08,85.86868167857945,86.8236544472409,85.4453434670447,85.6717758178711,1315000.0
2024-04-09,85.7406954938933,86.38062643021718,83.68307984197406,84.6971206665039,1485100.0
2024-04-10,83.69292388398694,85.19921806303051,83.49601802030074,83.72245788574219,1424600.0
2024-04-11,83.72246468576962,83.72246468576962,81.80267179265277,82.75764465332031,1975400.0
2024-04-12,81.9995780801339,82.8068734128548,81.02491838224691,81.73375701904297,1525100.0
2024-04-15,82.7970342884073,83.53541451246181,80.82802035759528,81.2218246459961,969000.0
2024-04-16,81.22181877405966,82.03896129895737,80.66065014479562,81.26119995117188,1135300.0
2024-04-17,82.29493713378906,83.08254574409601,81.53687004310234,82.29493713378906,1757100.0
2024-04-18,82.925017844415,83.83076237173418,82.16694334020873,82.4426040649414,1750700.0
2024-04-19,82.57059264391881,83.06284607148463,81.33011190331942,81.92081451416016,1163200.0
2024-04-22,82.27523660304327,83.69292886112996,81.98972871711241,83.10222625732422,1210000.0
2024-04-23,83.68308789146046,84.92356870922048,83.16130042757496,84.79557800292969,965700.0
2024-04-24,84.61835631176643,85.2779815751508,83.45663798929243,83.79137420654297,1120600.0
2024-04-25,82.93485172069526,84.15564557535227,81.72391254848033,83.86029052734375,1778600.0
2024-04-26,84.18519117138644,84.60852945919639,83.62402251184224,84.16549682617188,1510800.0
2024-04-29,84.6774475330393,85.51427696459251,84.244262057848,85.39613342285156,1453000.0
2024-04-30,85.14015079451535,85.44534549687525,83.0234596865577,83.18097686767578,2239900.0
2024-05-01,84.66759684857463,87.1682453777709,83.6338615569932,84.19503021240234,2757800.0
2024-05-02,85.59302755870208,86.59722123627422,84.88418142809063,85.47488403320312,2109000.0
2024-05-03,86.11482228421193,86.79413446882532,85.5044252841831,86.24280548095703,1137700.0
2024-05-06,86.57754321185479,87.51282180582992,86.51846768749996,86.922119140625,886900.0
2024-05-07,86.66613680822884,87.45374529274639,85.7800791409444,86.08528137207031,1320200.0
2024-05-08,87.37498538588338,88.84189853035504,86.83350359873374,88.72376251220703,3349700.0
2024-05-09,89.59997696426673,90.53525553454091,89.2750878777199,90.40727233886719,2349400.0
2024-05-10,90.40727022331842,91.01765969276252,89.30461979380642,89.75749206542969,1635300.0
2024-05-13,89.82640850865602,89.82640850865602,88.28073295793632,88.32011413574219,1040400.0
2024-05-14,88.32011368585758,89.51136614144818,88.32011368585758,89.34400177001953,1514800.0
2024-05-15,89.84610151094535,92.08092886190242,89.84610151094535,91.39177703857422,2274500.0
2024-05-16,91.14565541386277,91.44100299273144,89.22586235085255,89.26524353027344,1466400.0
2024-05-17,89.64919974008824,90.26944392074667,89.55075054812096,90.06269836425781,1279900.0
2024-05-20,89.95439419160695,91.11611258284307,89.95439419160695,90.31865692138672,1085200.0
2024-05-21,90.21993590099845,90.83200077055363,89.97313664368492,90.51609802246094,877300.0
2024-05-22,90.51611162504389,91.04919900475832,89.51904036677894,90.21007537841797,986900.0
2024-05-23,91.3354680441174,91.3354680441174,89.44992558908002,90.05211639404297,1145600.0
2024-05-24,90.82213034246323,91.96728255765706,90.32853180799333,91.30585479736328,844200.0
2024-05-28,91.5822773737872,92.02652061556682,90.32854029242688,90.62470245361328,1167200.0
2024-05-29,89.83493984093535,90.14096854452993,88.97607561675244,89.1932601928711,1086700.0
2024-05-30,89.28209629605212,90.76289174971039,89.18337057376944,90.68391418457031,869800.0
2024-05-31,91.46380373212494,92.51023014398712,90.53583614019257,91.52303314208984,4428100.0
2024-06-03,92.31280263379857,93.09268924410311,90.32853436028233,91.96728515625,1302100.0
2024-06-04,91.08866342868562,92.25355618423315,90.46673203315763,90.94058990478516,969600.0
2024-06-05,91.37496328585522,91.99690229358326,90.42725495167323,90.55559539794922,1369400.0
2024-06-06,90.77276699250775,91.65137177664393,89.85467342201856,90.09160614013672,850200.0
2024-06-07,89.3413345895092,90.33840573634991,88.96620241535771,89.23274230957031,1027300.0
2024-06-10,88.80825144045188,91.12816315119407,88.7095332354298,90.92085266113281,1395500.0
2024-06-11,90.02250057432856,90.50622501551338,88.3343945381109,88.97606658935547,1837300.0
2024-06-12,90.06198140384264,90.8221197442694,89.3215836885361,89.83492279052734,1804400.0
2024-06-13,89.03530595916861,89.60787453441513,87.840798410881,88.91683959960938,1296300.0
2024-06-14,87.60387153435887,87.9987518941763,85.54063314018033,87.8901596069336,1884100.0
2024-06-17,88.17644453030594,90.23969038251252,88.15670390229249,89.6671142578125,1231500.0
2024-06-18,89.79544575465991,91.12816031020026,89.73621633983643,91.11829376220703,1283700.0
2024-06-20,91.42433376198184,92.07588000082033,90.62470643604283,90.87150573730469,1577000.0
2024-06-21,90.33840623344688,92.30292629927833,89.95339997762352,92.1153564453125,2187900.0
2024-06-24,92.38190387270771,93.41845628003368,91.75009834870447,92.1153564453125,1077200.0
2024-06-25,92.2140835697953,95.7087546320595,91.94753613837695,95.66927337646484,2718000.0
2024-06-26,94.88938443540616,95.35336072851382,92.33254012497788,93.42832946777344,2900400.0
2024-06-27,93.46782586460571,93.83309151918414,92.43126585105828,92.70768737792969,961300.0
2024-06-28,93.09269011499813,93.79359915650122,91.41445051565103,92.00676727294922,1352600.0
2024-07-01,92.47074207986654,92.8952370952551,91.05905005489669,91.15776824951172,1809000.0
2024-07-02,90.43711997873541,93.12229708931432,90.43711997873541,92.95447540283203,1827200.0
2024-07-03,92.97421363717379,93.67512260243242,92.35228223942144,92.69779968261719,524100.0
2024-07-05,92.67806085578117,93.42833275919801,91.84881890862265,92.37203216552734,924000.0
2024-07-08,92.70768560071662,93.05320308803667,91.84882139076419,91.99690246582031,937700.0
2024-07-09,92.29304807155295,93.9021840480613,92.05612289362934,92.8162612915039,1012400.0
2024-07-10,92.85576092410804,93.04333079155595,91.83894907119539,92.70768737792969,1133000.0
2024-07-11,92.43125447509982,94.59321836381841,91.39470212084235,94.53398895263672,1456800.0
2024-07-12,95.11644283601852,96.4294168384965,94.41553377113661,94.60310363769531,1994800.0
2024-07-15,95.16579839047165,96.52812762615038,94.83014747252085,95.41259765625,1088200.0
2024-07-16,96.07401869104032,97.52519959112817,95.59029423491636,96.39979553222656,2121200.0
2024-07-17,95.75811299846998,96.78479882514605,94.46488728461905,94.61296081542969,1900100.0
2024-07-18,95.6791427842608,95.6791427842608,93.0038395006547,93.08281707763672,1781300.0
2024-07-19,93.42832338143175,93.54678973272753,92.29304532625558,92.38189697265625,1245500.0
2024-07-22,92.97422818887404,94.09963234097538,92.29305974302238,93.78372955322266,864200.0
2024-07-23,93.34934727124052,94.76103930309698,93.34934727124052,94.26744079589844,817700.0
2024-07-24,94.03050708094746,94.03050708094746,91.98700974801594,92.0166244506836,1489200.0
2024-07-25,92.46088456965124,93.12230482310561,91.7402273682657,92.00676727294922,1476700.0
2024-07-26,93.14203534792017,93.53691565385736,92.2831787791008,92.38189697265625,1229200.0
2024-07-29,93.38884391086009,94.23783401719014,92.46088376083964,92.68793487548828,1836900.0
2024-07-30,92.94460429217146,94.01077891984373,91.74022267925082,91.809326171875,1223100.0
2024-07-31,92.57933255508271,94.0502539619055,92.38189616968789,92.74715423583984,1801000.0
2024-08-01,93.11242514296116,96.15299385439215,90.62469189924583,90.82212829589844,2567700.0
2024-08-02,88.35413564096163,88.620675529499,84.63240609048722,85.50113677978516,3672800.0
2024-08-05,82.34210994655076,86.41923107098465,81.15746896189853,85.13587188720703,2804600.0
2024-08-06,85.77755338516162,88.8872256828646,85.6492204766185,88.23567199707031,2192600.0
2024-08-07,89.83493109442375,91.3354672888592,87.40642726754523,88.43311309814453,2860900.0
2024-08-08,89.30184394018295,91.42431909691938,88.65029780585672,90.82212829589844,3611500.0
2024-08-09,90.44700639583905,91.10842668458771,89.77571202662229,90.53585052490234,1598500.0
2024-08-12,90.52596853395626,91.61189133905972,90.08173286402553,91.07880401611328,1571200.0
2024-08-13,91.11829742607506,92.4411379550976,90.90111285403462,91.59214782714844,944300.0
2024-08-14,92.05738175484109,92.41373351418635,91.09721215616443,92.09697723388672,1124400.0
2024-08-15,93.05714843963841,93.15613336292922,92.16626902588997,93.14623260498047,807000.0
2024-08-16,93.26501062973027,93.26501062973027,91.89899313453725,92.48301696777344,753900.0
2024-08-19,93.04724182312886,94.037106097843,92.63150064024454,93.98760986328125,954100.0
2024-08-20,93.86883701627265,93.97772269765413,92.81957568223889,92.93836212158203,667800.0
2024-08-21,93.04724851236485,93.65106636751459,92.74039298180422,93.60157012939453,593300.0
2024-08-22,93.41350140977411,93.49268481818855,92.61170615102799,92.97795867919922,742800.0
2024-08-23,93.63126546736616,94.60133585561506,93.03734836634665,94.54194641113281,632400.0
2024-08-26,94.69042581729101,95.14576250469209,93.74014941081468,93.76985168457031,473700.0
2024-08-27,93.26501450043112,94.50234486144923,93.20562505976311,93.54217529296875,706600.0
2024-08-28,93.45309456327568,93.83914104592255,92.44342872245659,93.1759262084961,1176500.0
2024-08-29,93.512489213609,95.94755468285581,93.512489213609,95.56150817871094,1101400.0
2024-08-30,95.50211172672378,96.44247979818232,94.18559038502958,96.43257904052734,2181800.0
2024-09-03,95.4625143421812,96.00693516928962,91.2258963982799,91.49315643310547,1193500.0
2024-09-04,91.26549052755394,93.86883861502176,91.26549052755394,92.00788879394531,1481100.0
2024-09-05,91.7604178168263,92.28505224086273,90.7210648304869,91.04772186279297,1400600.0
2024-09-06,91.20609354744906,92.38403444946283,89.60251070578816,89.68170166015625,1814800.0
2024-09-09,90.50329489787939,92.53251977062924,90.27562278182793,90.32511901855469,1651300.0
2024-09-10,90.53298798574654,90.53298798574654,88.50377070167204,89.27586364746094,1639900.0
2024-09-11,88.84032854716276,91.2259053398275,88.50377828127935,91.11701965332031,1535100.0
2024-09-12,91.43377126457617,92.36423860327663,91.2951908619598,91.58224487304688,946300.0
2024-09-13,91.99799406108339,93.05714860147474,91.73072646046127,92.86907196044922,626700.0
2024-09-16,93.61147346966122,94.09650489794157,92.6612045776552,92.98786163330078,559600.0
2024-09-17,93.77975023653131,94.92799655444347,93.47289469215333,93.8985366821289,877900.0
2024-09-18,93.24521097258908,94.908183243981,92.63149996009416,93.18582153320312,1033100.0
2024-09-19,96.48207161084385,97.48183663818023,95.47240582622868,97.28385925292969,1527500.0
2024-09-20,96.7394390048379,96.7394390048379,95.50210865998564,96.03662872314453,1491700.0
2024-09-23,96.23460307152291,97.09578013103187,95.25463958391468,95.64068603515625,1012000.0
2024-09-24,96.02674804636824,96.51177949025357,94.57164616264615,95.1556625366211,1126900.0
2024-09-25,95.02697461609506,95.32393693259652,94.18559145542814,94.35386657714844,887300.0
2024-09-26,94.80921252538778,96.25441366603094,93.33431666060486,93.49269104003906,1010200.0
2024-09-27,93.84903277796982,94.13609433400612,92.80967978411292,93.96781921386719,1224300.0
2024-09-30,93.55207813144158,93.82923893014447,92.10687714387268,93.75994873046875,1635700.0
2024-10-01,93.69065794637345,94.05690290577542,91.7604180210495,92.68099212646484,1369600.0
2024-10-02,92.55231058506783,93.60156430979919,91.80991237181863,92.11676788330078,757800.0
2024-10-03,91.6416385923557,91.84950918884897,90.57258333719155,91.67133331298828,1661100.0
2024-10-04,93.05714186174812,93.26501245158484,91.67133037743832,93.25511169433594,875200.0
2024-10-07,93.04725507381005,93.85894359258404,92.39394093447027,93.49269104003906,1454800.0
2024-10-08,93.50257779670325,93.6906544241788,92.74038563367843,93.18582153320312,623000.0
2024-10-09,93.76985033182623,94.6409282144534,93.05714681328337,94.21528625488281,887500.0
2024-10-10,93.0571418263703,93.92821966231658,92.84927123661261,93.32440185546875,505500.0
2024-10-11,93.6312617687072,94.05690372550269,92.41373289252235,93.34420776367188,967000.0
2024-10-14,93.57186652429547,96.48206984155838,93.4332861331939,96.44247436523438,1107300.0
2024-10-15,96.39298371563684,97.22447366247752,95.69018096232,96.1554183959961,834400.0
2024-10-16,96.04653522144707,97.66991212676173,96.00693974179725,97.66001892089844,982400.0
2024-10-17,98.23412932126803,98.29352631364685,96.93740952731866,96.97700500488281,886600.0
2024-10-18,96.96710663440984,97.10568703326312,96.09602876275139,96.50186920166016,844800.0
2024-10-21,96.45238767521903,96.60086129067616,95.36353081476075,95.49221801757812,549300.0
2024-10-22,95.73967770076581,96.10592266378599,94.957683986112,95.25464630126953,935900.0
2024-10-23,94.27467331475262,95.20514816845224,93.96781780004964,94.69042205810547,701700.0
2024-10-24,94.64092585751789,94.74981153414276,93.97771859230465,94.4825439453125,480300.0
2024-10-25,95.11605761485323,95.35363048597085,94.14599482335161,94.45285034179688,442900.0
2024-10-28,95.29422658460503,95.89804437214596,94.95767636968178,95.11605072021484,1224000.0
2024-10-29,94.2845794411891,95.14576414537983,93.58177665816407,94.74981689453125,1016900.0
2024-10-30,88.20681179269799,95.71987849562666,88.20681179269799,92.93836212158203,2140500.0
2024-10-31,92.7403870359977,94.40335933253527,92.02768354432943,92.601806640625,2122500.0
2024-11-01,93.06704152476213,94.56173878633031,93.06704152476213,93.3541030883789,1264200.0
2024-11-04,93.59167950510657,94.86859790069235,92.94826615212564,92.98786163330078,1127300.0
2024-11-05,92.52261683600324,95.19524741092675,92.42363191694407,94.69042205810547,1762700.0
2024-11-06,97.10568738229823,98.01636073576884,94.79930172556179,97.99656677246094,1691500.0
2024-11-07,97.99656415626349,98.66967217174266,96.51176772965344,96.69984436035156,1140900.0
2024-11-08,95.66048494360021,97.53132785852934,95.4031181121095,96.53156280517578,861900.0
2024-11-11,97.62041953433932,97.86788560819755,96.4127838855807,96.6008529663086,729300.0
2024-11-12,96.69984437760948,96.84831797864486,94.33406934162046,94.44295501708984,983100.0
2024-11-13,94.21468408664627,95.12774988848794,93.84746938351394,93.88716888427734,1489100.0
2024-11-14,94.14521531511006,94.68114723726451,93.94672537589989,94.41317749023438,1231300.0
2024-11-15,94.28416184247122,94.59182352652621,93.71845717429262,94.5521240234375,984200.0
2024-11-18,94.28416247347312,95.05828385911876,93.93680128400469,94.22461700439453,1109200.0
2024-11-19,93.02372974760118,95.02850532730643,92.8450857793577,95.00865936279297,853400.0
2024-11-20,95.41557310709456,95.63391659254198,94.14521927020715,94.53227996826172,1048900.0
2024-11-21,95.27662472841948,97.52951658567167,94.37347808866654,96.9836654663086,1354400.0
2024-11-22,97.19208345915283,97.99597756791648,96.94396724564247,97.29132843017578,680700.0
2024-11-25,97.96620103437579,98.96859261821552,96.9935897554033,98.9388198852539,1840400.0
2024-11-26,98.30365407046017,100.05038689060459,97.64862358397615,99.54423522949219,1002600.0
2024-11-27,99.5640731056223,99.92136105614212,97.40049943721051,98.34333801269531,851200.0
2024-11-29,98.55175977055626,98.89912094358326,97.98605512536781,98.6113052368164,481800.0
2024-12-02,98.73040450301971,98.9685939418038,97.41042446342682,97.63868713378906,1058000.0
2024-12-03,98.1547677732618,98.28378546814083,96.39810088104113,96.40802764892578,963300.0
2024-12-04,95.80262336834647,97.98605041305056,95.77285063664823,97.85702514648438,764500.0
2024-12-05,97.94635096862912,98.00589643205915,95.3460905348749,95.52473449707031,824600.0
2024-12-06,96.14007463119673,96.5569080591156,94.54220558560168,95.18730926513672,803000.0
2024-12-09,95.16745496345347,96.05074808443572,94.28416184247122,94.5521240234375,719000.0
2024-12-10,94.08567304345878,96.38819124727131,93.85740279089838,95.58428955078125,1084000.0
2024-12-11,96.03090328703263,96.59660796209285,95.04835761042324,95.58428955078125,656900.0
2024-12-12,96.11028841228323,96.4179576517873,94.22461133382136,94.2841567993164,721000.0
2024-12-13,94.27423650364672,95.23692864540821,94.04597382230692,94.93919372558594,1110300.0
2024-12-16,94.65138349962456,96.82487655660508,94.56205771815601,96.56684112548828,1580600.0
2024-12-17,96.26908363359718,97.18214941368947,94.28415407414157,94.39332580566406,1058200.0
2024-12-18,94.2643178776673,94.86971448987832,91.00902670245276,91.15789794921875,1203800.0
2024-12-19,92.45802296242297,93.69860394310015,91.71367437401668,92.37862396240234,1571800.0
2024-12-20,91.53503113821127,94.83001394622978,91.31668767237,93.81769561767578,1557700.0
2024-12-23,93.53981111048502,95.10790737394471,93.53981111048502,94.33378601074219,1057700.0
2024-12-24,94.70098811245211,95.02850330926091,94.28415471937113,94.94910430908203,184400.0
2024-12-26,94.54220127649694,95.08805238668126,94.32385780366093,94.75061798095703,296000.0
2024-12-27,94.36355540378793,95.13767673958525,94.16505789979787,94.77046203613281,548400.0
2024-12-30,93.62913073189115,95.3361714930062,92.63666587746665,94.80023956298828,580800.0
2024-12-31,94.88956363515632,96.28893511740195,94.88956363515632,94.9788818359375,594500.0
2025-01-02,95.32624853708204,96.23931434988874,94.93918786487254,95.64383697509766,501800.0
2025-01-03,96.0606736966789,96.39810811101145,94.46280468314917,95.2071533203125,590700.0
2025-01-06,95.82248049815728,96.06066993258254,94.2742302446291,94.44295501708984,725000.0
2025-01-07,94.65137073318942,95.11782282894306,93.78792363101788,94.45287322998047,1143300.0
2025-01-08,94.02611234077854,95.49496356562098,93.80776887487848,95.42549133300781,791600.0
2025-01-10,94.09558598400734,94.98880582521384,93.08327521191035,93.40086364746094,1257800.0
2025-01-13,92.58704815560955,94.23453589396061,92.33893193938331,93.98641967773438,954500.0
2025-01-14,94.96895991133118,95.79269994741664,94.28415677072351,95.08805084228516,683200.0
2025-01-15,95.27661700581395,96.37825349569609,94.95902858533745,96.02096557617188,1154400.0
2025-01-16,96.22938688599608,96.95388952755694,94.82008867573313,95.08805084228516,733400.0
2025-01-17,95.25677835059246,96.23931641871435,94.76054593228159,94.9788818359375,697700.0
2025-01-21,95.13768827704052,96.10038046539879,94.17499608868228,94.81017303466797,1353300.0
2025-01-22,94.67122021155195,94.8101646830028,93.92687158367714,94.17498779296875,1439300.0
2025-01-23,94.65137563977358,95.15752726240714,94.16506241063102,94.56204986572266,1667100.0
2025-01-24,94.56204666292678,95.14760484303302,94.22461225926656,94.27423095703125,685300.0
2025-01-27,93.7680800771428,95.18730508097235,93.6092820704934,94.90940856933594,935700.0
2025-01-28,95.14760806566163,95.70338595964637,94.2841609187303,94.56204986572266,792400.0
2025-01-29,94.40326192807701,95.87210570735587,94.29409018573662,95.09798431396484,903300.0
2025-01-30,95.77286221209732,96.3187209322241,94.30401083824195,94.68115234375,889600.0
2025-01-31,94.7009946950079,95.80263129037067,94.27423450426461,94.879638671875,1436200.0
2025-02-03,92.61682123600849,95.52474360391831,92.60689446718868,94.30400848388672,954700.0
2025-02-04,94.08566845588719,94.95903477616011,93.33139306861631,94.02611541748047,2106500.0
2025-02-05,94.42310776673138,96.12022179731798,93.94672886616641,95.8224868774414,944800.0
2025-02-06,96.26908628065561,97.15237935314836,95.73315437623774,96.61644744873047,969800.0
2025-02-07,96.63630906086716,97.46004916488162,95.82248815397978,97.01344299316406,779600.0
2025-02-10,97.2615466388984,97.2615466388984,95.94156668868466,96.1003646850586,1470700.0
2025-02-11,95.94157435457917,97.11268316974223,95.60413994318083,96.9836654663086,786500.0
2025-02-12,96.26908451808941,98.77009245434365,96.26908451808941,98.323486328125,1171700.0
2025-02-13,98.35327138580348,99.33580952975832,97.27148826490783,98.27387237548828,1078700.0
2025-02-14,98.88919001319833,100.01067248802912,98.28378589201475,99.94120025634766,1089600.0
2025-02-18,100.45729088024798,103.31558685270197,100.11984890208075,102.30327606201172,2729800.0
2025-02-19,102.16433796383158,104.98293461041175,102.16433796383158,104.64550018310547,1816100.0
2025-02-20,105.11195068516004,106.55102161752932,103.8912156485618,104.98292541503906,1742400.0
2025-02-21,104.90352437499995,105.10202187444168,99.49459434462771,100.90389251708984,1998000.0
2025-02-24,101.76734048517699,102.11470164732985,100.56645899778825,100.8145751953125,1431500.0
2025-02-25,99.80226432046683,102.23380778088885,99.60377437639018,100.73518371582031,2027100.0
2025-02-26,104.20881558155908,104.46685857837102,99.29611730433385,101.56885528564453,3551100.0
2025-02-27,101.18178344372767,103.08732161649435,100.70540457946514,101.76734161376953,1276500.0
2025-02-28,101.86659480981753,102.4918449591438,99.66332156184951,102.32312774658203,2642000.0
2025-03-03,103.04763005755953,103.9408499617729,99.85189194021065,100.23895263671875,1705600.0
2025-03-04,98.78002143574152,99.22663514387294,96.29885940803013,97.7379379272461,2435900.0
2025-03-05,98.80979255216853,101.77726774053934,98.55175715727971,101.21156311035156,2137800.0
2025-03-06,100.57637579699906,101.32072437183264,99.79233529478432,100.43743133544922,1808600.0
2025-03-07,100.0007638555039,100.88405699671925,96.96381616085311,99.1075439453125,2475600.0
2025-03-10,96.82487047260952,97.3905751466757,93.85740262597504,94.54220581054688,2443300.0
2025-03-11,93.7085207176161,97.84709694495132,92.79545495668987,96.66606903076172,2404700.0
2025-03-12,98.34800314086192,99.33327245189342,96.41726678395122,96.64617156982422,2231100.0
2025-03-13,96.36751047651597,98.60676375000524,95.64099385132855,98.59680938720703,2454900.0
2025-03-14,98.88542409265933,100.95549114090693,97.99967563707382,100.84601593017578,1379200.0
2025-03-17,100.45787985779457,102.22937677866521,100.45787985779457,102.10994720458984,787200.0
2025-03-18,101.93081013140608,102.89617834095854,101.35357855970088,102.5478515625,824900.0
2025-03-19,102.47818702598262,103.93121273699204,102.17961687465761,103.85159301757812,1389700.0
2025-03-20,103.51321687722098,104.52834168790486,103.16489010850368,104.10039520263672,937700.0
2025-03-21,103.08527626665872,103.29427233979955,101.29387050694525,101.72181701660156,1474900.0
2025-03-24,102.75684276754656,103.13502502441406,101.96066080335251,103.13502502441406,1684100.0
2025-03-25,103.51321512457623,103.59282724682502,101.67205286999794,102.44832611083984,900200.0
2025-03-26,102.94593714023402,104.18996670701776,102.05023433355893,102.82650756835938,976700.0
2025-03-27,102.01042764329448,102.69713441522393,101.23415438439378,102.2691879272461,841400.0
2025-03-28,101.73176146459338,102.36870398531028,101.03510036240353,101.67205047607422,1457400.0
2025-03-31,100.3782586457059,102.59760314861245,99.57212991333537,101.68199920654297,2175400.0
2025-04-01,102.10995659354163,102.33886139999522,100.51760009089074,101.8511962890625,1508000.0
2025-04-02,100.76639987758917,104.24968283632064,100.76639987758917,103.46345520019531,1128100.0
2025-04-03,99.30342549301919,100.99531043968615,98.17882537841797,98.17882537841797,2466900.0
2025-04-04,94.81495991240143,95.80023685640182,88.72419564089397,88.98295593261719,4195400.0
2025-04-07,86.3058036126971,91.78948852484075,85.16129479754834,88.99290466308594,3489000.0
2025-04-08,91.42124738786103,94.16806685673568,87.51997240438659,88.54505157470703,2495700.0
2025-04-09,87.59958712581464,96.13860833240464,86.96264456239552,94.8647232055664,3941200.0
2025-04-10,93.59083895837065,94.0486409555713,87.98773218305257,89.93836975097656,3263600.0
2025-04-11,89.70945688523354,92.27713565818684,88.98294789156263,91.5406723022461,2218500.0
2025-04-14,93.25245954014007,95.75047320372416,92.5558059732223,95.29267120361328,2531600.0
2025-04-15,95.51162357657103,97.56178205195319,95.48176807923315,96.25804138183594,1472100.0
2025-04-16,96.0490422394167,96.56655522696943,93.79983453203772,94.67562866210938,3011600.0
2025-04-17,94.53629650078368,98.38781492732812,94.19792408967882,96.88502502441406,2687500.0
2025-04-21,96.13860559132672,96.82531235757143,92.83446329043902,94.04863739013672,1172500.0
2025-04-22,95.75047733311568,96.70589123450138,94.58606735264136,96.53670501708984,1867000.0
2025-04-23,99.52236938476562,101.08487028038829,98.2683854044904,99.52236938476562,2396800.0
2025-04-24,98.76599358801091,101.74171778916762,98.56695189380586,101.68199920654297,1326700.0
2025-04-25,101.62229148780641,102.97579631223718,101.37348556556478,102.80661010742188,993200.0
2025-04-28,103.31416678219222,104.03072903966765,102.57770339221092,103.52316284179688,2443100.0
2025-04-29,103.09521482671377,105.30461255675539,103.09521482671377,105.23494720458984,1276800.0
2025-04-30,107.61353715013203,107.97181829357221,103.03550959756282,105.49371337890625,2416400.0
2025-05-01,105.49371441351074,106.39937164413165,104.76719775636681,105.38423919677734,1850700.0
2025-05-02,106.14060671432641,107.30501659458669,105.4837554426181,106.24012756347656,1673500.0
2025-05-05,106.1605072071077,107.8523920042789,105.5036635323125,107.11592102050781,756300.0
2025-05-06,106.46903433272963,108.27038679263853,106.0112247507968,107.20549774169922,1152100.0
2025-05-07,107.70310752059466,108.47938077364348,106.75764047184092,107.42444610595703,1515000.0
2025-05-08,108.52915282898465,108.52915282898465,106.98655298137369,107.92206573486328,1314000.0
2025-05-09,109.0068515174804,109.06656251021234,107.57372694827926,109.04666137695312,1865400.0
2025-05-12,111.17644015845181,111.46505594661096,109.63384795782044,110.8082046508789,1472000.0
2025-05-13,111.34562277344988,112.55979687997818,110.03192781734388,111.55461883544922,1637800.0
2025-05-14,111.73419926148112,112.4824193458214,111.28527025539228,112.4524917602539,1362200.0
2025-05-15,111.72421802768979,114.05866858946808,111.72421802768979,113.32041931152344,1289100.0
2025-05-16,112.7318250608911,113.51995112290147,112.11329372314812,112.8016586303711,1696300.0
2025-05-19,112.73182647481073,113.6995256720909,111.51472058178983,113.53990173339844,1177900.0
2025-05-20,112.92137824032027,114.14845492366352,112.6320655592886,112.9113998413086,1180900.0
2025-05-21,112.38265832172803,113.37030670305266,111.38503154143979,112.09334564208984,1201900.0
2025-05-22,111.58455394246906,112.37268001288342,111.12564653652304,111.82398223876953,931200.0
2025-05-23,110.02825921325646,112.67197172014319,109.89857047105544,112.46247100830078,1119900.0
2025-05-27,112.99121471734746,114.1185302734375,112.36270495534673,114.1185302734375,1102900.0
2025-05-28,113.72945505321765,114.27815283702486,113.1608080824031,113.29049682617188,685700.0
2025-05-29,113.94893032412602,114.89667270642745,113.34037738853014,114.50759887695312,953900.0
2025-05-30,114.13848571313474,115.70475948292281,113.729455072176,115.45535278320312,3140200.0
2025-06-02,114.85676972755161,115.57506223500148,113.7394325926637,115.53515625,1331700.0
2025-06-03,115.44536930658172,115.76460956373069,114.32802460091631,115.3954849243164,1503500.0
2025-06-04,115.60499113346255,116.00404337671965,114.20831969899542,114.37791442871094,1237000.0
2025-06-05,114.37790976301778,115.82446552311745,114.37790976301778,115.58503723144531,792200.0
2025-06-06,116.28337256829717,117.1313614022944,115.67481963653563,116.57268524169922,1009500.0
2025-06-09,117.15131090221048,117.59026911286327,115.55510960613877,115.67481994628906,868900.0
2025-06-10,115.62494340369729,116.33325749237741,114.39785913571264,115.04631805419922,865800.0
2025-06-11,115.72470393591934,117.78979102066913,115.72470393591934,116.84204864501953,2289600.0
2025-06-12,115.87435230836422,116.5327820269371,115.48527847209655,115.97411346435547,1082000.0
2025-06-13,114.56745955174398,116.3232848737885,114.49762597928537,115.5650863647461,1268100.0
2025-06-16,115.9142558895496,116.22351775009645,115.26579697211976,115.58503723144531,865100.0
2025-06-17,115.15606281043377,116.14371121969508,114.74703216552734,114.74703216552734,916300.0
2025-06-18,115.02637157295125,115.89430200632114,114.40784022501553,114.6273193359375,1149600.0
2025-06-20,115.31567646627083,115.63492434442263,114.63729755906327,115.07624816894531,1526300.0
2025-06-23,114.38789264499742,114.90665523250024,112.69192251668863,114.82684326171875,849600.0
2025-06-24,115.95416692013119,116.22352280857467,115.33563556082856,115.73468780517578,1073000.0
2025-06-25,115.65487551810286,115.72470908982622,114.27815327071878,114.37791442871094,664200.0
2025-06-26,115.10617731456482,116.06389812813379,114.67719748659542,115.45535278320312,665100.0
2025-06-27,115.6947788138583,117.71995995804222,115.44537211903194,116.96176147460938,1112700.0
2025-06-30,117.4007223451333,117.71996261727097,116.44300152872029,116.72233581542969,1542700.0
2025-07-01,116.64251840821653,117.0914550148946,114.49761936196738,115.30570220947266,1246400.0
2025-07-02,115.17600689697348,116.00403893807359,114.13848176000756,114.77696228027344,1303600.0
2025-07-03,117.141335107342,117.141335107342,114.75700770336496,115.6149673461914,912200.0
2025-07-07,115.9741117205218,117.49050105813731,115.3954863686694,116.13373565673828,1380800.0
2025-07-08,116.2933515720522,116.81211414035212,114.17838009236259,114.86674499511719,894200.0
2025-07-09,114.81686015443414,115.1261296257086,113.58978350196135,113.77933502197266,1038500.0
2025-07-10,113.81923904390457,115.18599051300107,113.78931145742536,114.47767639160156,1435500.0
2025-07-11,113.94893125648272,114.5874117824488,113.52992983843403,114.24821472167969,837900.0
2025-07-14,114.24821192991111,115.37553502734166,113.79928293744157,115.0263671875,1400900.0
2025-07-15,115.60499031921873,115.79454184597067,114.16841290941532,114.27815246582031,879800.0
2025-07-16,114.3579534030336,114.98646313659907,113.54987815849309,114.3280258178711,969000.0
2025-07-17,113.729452425363,114.24821499973993,112.5821801110951,113.5299301147461,1436700.0
2025-07-18,112.90142098905409,113.60973509027218,111.28527047491555,111.82398223876953,1133300.0
2025-07-21,112.26293971221442,112.7018979285892,111.34512490642011,111.54464721679688,935300.0
2025-07-22,111.40497914337377,112.15319921794672,110.61685308480233,111.80403137207031,1065600.0
2025-07-23,111.8938239356709,113.26056776083264,111.32516936099454,112.73182678222656,1271100.0
2025-07-24,112.81163913179815,113.27054654140375,111.7242219738703,111.74417877197266,953500.0
2025-07-25,112.02351213780713,112.14323009157592,111.55462633298976,111.91377258300781,614800.0
2025-07-28,111.4349110366323,111.6543901514649,110.86626406242445,111.58455657958984,753800.0
2025-07-29,112.45248838078108,113.50997029925648,112.31282124480462,112.41258239746094,1514100.0
2025-07-30,112.24299419910933,112.78171358830338,107.00545346178173,108.79120635986328,2894400.0
2025-07-31,109.30996967236933,109.30996967236933,106.79595345081893,106.99547576904297,3087000.0
2025-08-01,106.53656373286671,108.64155682748164,105.39926982342307,108.1128158569336,1952500.0
2025-08-04,108.82112959018454,109.53942208035683,108.4420265474335,109.1004638671875,1852700.0
2025-08-05,109.17029788613104,109.82872759730903,107.24487791310013,107.84345245361328,1147100.0
2025-08-06,108.80117213217463,108.88098409977341,107.74369020099925,108.55176544189453,1382100.0
2025-08-07,109.35984733413885,109.45960848711756,108.44202493738558,108.90093994140625,1267600.0
2025-08-08,109.44962970739815,110.4871624395986,108.95081633295301,109.9783706665039,1478000.0
2025-08-11,109.86863446637095,110.80640607454335,109.60925698387551,110.10807037353516,1142200.0
2025-08-12,110.67671444342922,113.629688719755,110.40735095772487,113.49999237060547,1182400.0
2025-08-13,113.81999969482422,114.0999984741211,112.36000061035156,113.76000213623047,1662500.0
2025-08-14,113.38999938964844,113.7300033569336,112.05000305175781,112.73999786376953,1232800.0
2025-08-15,112.69999694824219,113.08999633789062,112.0999984741211,113.08000183105469,1223800.0
2025-08-18,113.30000305175781,114.68000030517578,112.93000030517578,114.52999877929688,1751500.0
2025-08-19,114.36000061035156,115.37999725341797,114.20999908447266,115.19000244140625,1493900.0
2025-08-20,115.0,115.87999725341797,114.30999755859375,115.7300033569336,1614500.0
2025-08-21,115.58000183105469,118.16999816894531,115.02999877929688,118.04000091552734,1948200.0
2025-08-22,118.87000274658203,120.4800033569336,118.73999786376953,119.44000244140625,2276600.0
2025-08-25,119.33999633789062,120.55000305175781,119.0199966430664,120.5,1893600.0
2025-08-26,120.08999633789062,123.76000213623047,119.79000091552734,123.69000244140625,4057200.0
2025-08-27,122.33000183105469,123.79000091552734,121.5,122.93000030517578,2117200.0
2025-08-28,123.45999908447266,124.2300033569336,122.62999725341797,123.80000305175781,2266100.0
2025-08-29,123.79000091552734,124.4800033569336,123.23999786376953,123.5,1753000.0
2025-09-02,122.56999969482422,124.7300033569336,121.63999938964844,124.41999816894531,3100500.0
2025-09-03,124.44000244140625,125.08000183105469,123.48999786376953,124.27999877929688,1941300.0
2025-09-04,124.5999984741211,125.44999694824219,122.01000213623047,122.5999984741211,2683100.0
2025-09-05,122.7300033569336,123.80999755859375,121.0,123.52999877929688,1670600.0
2025-09-08,123.38999938964844,124.01000213623047,121.06999969482422,123.0,2412800.0
2025-09-09,122.83999633789062,122.91999816894531,121.27999877929688,121.38999938964844,1504600.0
2025-09-10,121.41999816894531,122.27999877929688,120.16999816894531,121.43000030517578,1150500.0
2025-09-11,121.81999969482422,124.1500015258789,121.33000183105469,124.13999938964844,1585000.0
2025-09-12,123.7699966430664,124.11000061035156,122.05999755859375,122.2699966430664,1073900.0
2025-09-15,122.26000213623047,122.98999786376953,119.9800033569336,120.12000274658203,1069100.0
2025-09-16,120.33000183105469,120.41000366210938,119.23999786376953,120.16999816894531,1243300.0
2025-09-17,120.16999816894531,121.61000061035156,119.94000244140625,120.87999725341797,970200.0
2025-09-18,120.66999816894531,121.66000366210938,120.0999984741211,121.23999786376953,1034500.0
2025-09-19,121.38999938964844,121.38999938964844,119.69000244140625,120.20999908447266,1286200.0
2025-09-22,120.05999755859375,122.43000030517578,120.05999755859375,122.36000061035156,825500.0
2025-09-23,122.76000213623047,123.26000213623047,121.58000183105469,122.29000091552734,1241900.0
2025-09-24,122.2699966430664,122.58000183105469,120.62999725341797,120.70999908447266,1207600.0
2025-09-25,120.45999908447266,122.58999633789062,118.93000030517578,122.30000305175781,2207900.0
2025-09-26,123.0,123.68000030517578,122.66999816894531,123.12999725341797,694700.0
2025-09-29,123.4000015258789,123.5999984741211,121.11000061035156,121.47000122070312,936500.0
2025-09-30,121.61000061035156,122.81999969482422,120.8499984741211,121.0,1474900.0
2025-10-01,123.5199966430664,123.54000091552734,121.66999816894531,122.73999786376953,1337400.0
2025-10-02,122.63999938964844,124.25,122.63999938964844,124.2300033569336,1166000.0
2025-10-03,124.6500015258789,125.93000030517578,124.43000030517578,125.5,1075500.0
2025-10-06,125.9800033569336,126.2699966430664,124.75,125.1500015258789,957500.0
2025-10-07,125.30999755859375,125.83999633789062,123.5,123.62999725341797,1522700.0
2025-10-08,124.41999816894531,124.41999816894531,121.77999877929688,121.83999633789062,1192600.0
2025-10-09,122.05000305175781,122.70999908447266,121.0,121.48999786376953,1213600.0
2025-10-10,121.41000366210938,122.87999725341797,120.68000030517578,120.86000061035156,1213000.0
2025-10-13,121.4800033569336,123.2699966430664,121.0,122.77999877929688,930600.0
2025-10-14,122.70999908447266,124.16999816894531,122.16000366210938,123.68000030517578,1024300.0
2025-10-15,123.72000122070312,124.41999816894531,121.79000091552734,121.94000244140625,850700.0
2025-10-16,122.19000244140625,122.20999908447266,119.8499984741211,120.2300033569336,1105900.0
2025-10-17,119.6500015258789,121.05999755859375,119.6500015258789,120.43000030517578,916300.0
2025-10-20,120.05000305175781,121.26000213623047,119.33999633789062,120.98999786376953,696100.0
2025-10-21,120.98999786376953,121.12999725341797,119.94999694824219,119.9800033569336,881600.0
2025-10-22,120.0,120.91000366210938,118.95999908447266,119.81999969482422,834000.0
2025-10-23,120.36000061035156,121.43000030517578,120.04000091552734,120.63999938964844,998600.0
2025-10-24,121.3499984741211,122.33999633789062,121.02999877929688,121.9000015258789,790400.0
2025-10-27,121.73999786376953,122.66000366210938,121.0,121.05999755859375,908100.0
2025-10-28,120.75,121.87999725341797,119.91000366210938,121.0,1341600.0
2025-10-29,127.5,131.67999267578125,125.47000122070312,131.6300048828125,3182400.0
2025-10-30,131.1699981689453,131.8699951171875,129.44000244140625,130.3800048828125,2179000.0
2025-10-31,130.33999633789062,131.3000030517578,129.4199981689453,130.24000549316406,1735400.0
2025-11-03,130.39999389648438,131.52999877929688,129.55999755859375,131.0,2873600.0
2025-11-04,130.67999267578125,132.42999267578125,129.69000244140625,130.89999389648438,1418500.0
2025-11-05,131.5800018310547,134.55999755859375,131.07000732421875,133.6300048828125,1555500.0
2025-11-06,134.02000427246094,135.00999450683594,129.9499969482422,132.25,1656400.0
2025-11-07,132.1699981689453,133.1999969482422,131.52000427246094,132.9499969482422,989800.0
2025-11-10,133.92999267578125,136.41000366210938,133.6300048828125,136.27000427246094,1343500.0
2025-11-11,137.42999267578125,138.27000427246094,136.05999755859375,136.1699981689453,1491900.0
2025-11-12,136.47000122070312,138.32000732421875,135.33999633789062,137.6699981689453,1181000.0
2025-11-13,136.52999877929688,138.33999633789062,136.08999633789062,136.52000427246094,1266200.0
2025-11-14,136.0,137.3699951171875,135.2100067138672,136.86000061035156,929400.0
2025-11-17,137.10000610351562,137.25999450683594,132.0800018310547,132.97000122070312,1014300.0
2025-11-18,132.52999877929688,133.55999755859375,131.3800048828125,132.0399932861328,906000.0
2025-11-19,132.57000732421875,133.41000366210938,131.49000549316406,132.4499969482422,1660400.0
2025-11-20,133.4199981689453,134.0399932861328,130.75,131.33999633789062,1260500.0
2025-11-21,130.9499969482422,132.0399932861328,129.85000610351562,131.6699981689453,1338400.0
2025-11-24,130.52000427246094,131.5800018310547,130.1199951171875,130.99000549316406,2547300.0
2025-11-25,131.67999267578125,132.8000030517578,130.16000366210938,132.1199951171875,1385400.0
2025-11-26,131.61000061035156,133.9499969482422,131.61000061035156,133.05999755859375,1259000.0
2025-11-28,133.36000061035156,134.2899932861328,132.88999938964844,134.0,507100.0
2025-12-01,134.0,134.49000549316406,131.6199951171875,131.82000732421875,2334900.0
2025-12-02,133.14999389648438,136.0399932861328,132.6300048828125,135.69000244140625,1827400.0
2025-12-03,137.6999969482422,138.6300048828125,136.4199981689453,138.13999938964844,1991100.0
2025-12-04,137.85000610351562,140.66000366210938,137.2100067138672,139.9199981689453,1641300.0
2025-12-05,139.85000610351562,140.72999572753906,138.0399932861328,139.99000549316406,1691500.0
2025-12-08,139.35000610351562,140.3000030517578,138.5,138.61000061035156,1942300.0
2025-12-09,138.6300048828125,140.86000061035156,138.61000061035156,139.6999969482422,1701700.0
2025-12-10,139.39999389648438,140.8300018310547,138.92999267578125,139.75999450683594,1345200.0
2025-12-11,139.07000732421875,141.91000366210938,139.07000732421875,141.16000366210938,1252300.0
2025-12-12,141.8000030517578,142.25,139.33999633789062,139.5399932861328,961600.0
2025-12-15,140.10000610351562,141.8699951171875,140.0,141.7899932861328,1006000.0
2025-12-16,141.57000732421875,142.97000122070312,140.8000030517578,141.7100067138672,1645400.0
2025-12-17,141.75999450683594,142.57000732421875,140.35000610351562,140.9499969482422,1815000.0
2025-12-18,141.52999877929688,143.75999450683594,141.27000427246094,143.3000030517578,1693900.0
2025-12-19,143.5,145.49000549316406,143.2899932861328,144.77999877929688,1750500.0
2025-12-22,145.32000732421875,145.67999267578125,144.2899932861328,145.67999267578125,928200.0
2025-12-23,145.5399932861328,146.6699981689453,144.77999877929688,145.22000122070312,867400.0
2025-12-24,145.25999450683594,145.25999450683594,144.22999572753906,145.24000549316406,194600.0
2025-12-26,145.25,145.50999450683594,144.0,144.77999877929688,375400.0
2025-12-29,144.4499969482422,145.38999938964844,143.3699951171875,143.9499969482422,536800.0
2025-12-30,144.0,144.4499969482422,143.22999572753906,144.13999938964844,496800.0
2025-12-31,144.10000610351562,144.7100067138672,143.3000030517578,143.75999450683594,449300.0
2026-01-02,145.11000061035156,145.3000030517578,142.38999938964844,144.6300048828125,711000.0
2026-01-05,145.25,149.24000549316406,144.6999969482422,148.08999633789062,1178900.0
2026-01-06,148.5,148.99000549316406,146.94000244140625,147.39999389648438,1198700.0
2026-01-07,147.5,148.91000366210938,145.8300018310547,146.57000732421875,1035900.0
2026-01-08,146.63999938964844,147.41000366210938,144.16000366210938,147.14999389648438,1060400.0
2026-01-09,147.99000549316406,148.58999633789062,144.2100067138672,144.3000030517578,1232800.0
2026-01-12,143.4199981689453,144.08999633789062,142.27999877929688,143.75999450683594,1058700.0
2026-01-13,143.86000061035156,145.60000610351562,143.66000366210938,144.27999877929688,1111300.0
2026-01-14,144.27000427246094,145.88999938964844,141.52000427246094,141.83999633789062,1296000.0
2026-01-15,142.63999938964844,144.6300048828125,141.99000549316406,143.6300048828125,721400.0
2026-01-16,143.7100067138672,144.19000244140625,142.52999877929688,142.80999755859375,722000.0
2026-01-20,141.83999633789062,143.72999572753906,141.32000732421875,142.57000732421875,814300.0
2026-01-21,142.5,143.74000549316406,142.08999633789062,143.25999450683594,810900.0
2026-01-22,143.86000061035156,144.5,142.39999389648438,143.97000122070312,1030100.0
2026-01-23,143.72999572753906,145.77999877929688,143.61000061035156,144.89999389648438,925900.0
2026-01-26,145.0,145.36000061035156,143.55999755859375,143.64999389648438,537000.0
2026-01-27,144.75,144.75,143.27999877929688,143.86000061035156,732300.0
2026-01-28,143.9600067138672,144.36000061035156,142.22999572753906,142.63999938964844,1601200.0
2026-01-29,143.4499969482422,145.75999450683594,143.35000610351562,144.52999877929688,850400.0
2026-01-30,143.67999267578125,144.97999572753906,142.35000610351562,143.66000366210938,1288900.0
2026-02-02,143.11000061035156,145.6999969482422,142.83999633789062,145.32000732421875,1214400.0
2026-02-03,145.41000366210938,145.72000122070312,142.91000366210938,143.61000061035156,1401800.0
2026-02-04,143.66000366210938,144.99000549316406,141.5,143.1699981689453,1657600.0
2026-02-05,142.30999755859375,144.97999572753906,142.30999755859375,144.0,1901900.0
2026-02-06,144.44000244140625,145.0,137.5500030517578,140.07000732421875,2364100.0
2026-02-09,140.35000610351562,144.49000549316406,140.10000610351562,142.5,1662200.0
2026-02-10,142.6999969482422,146.0800018310547,142.47000122070312,145.0,1676300.0
2026-02-11,146.05999755859375,148.55999755859375,145.69000244140625,148.24000549316406,1502900.0
2026-02-12,148.3000030517578,149.8350067138672,145.92999267578125,147.75999450683594,1645715.0
