Date,Open,High,Low,Close,Volume
2017-04-28,11.980828426114535,13.634060093523592,11.756315548941936,13.562623977661133,1449419.0
2017-05-01,13.766726850619833,14.12390654653687,13.623854619551745,13.746316909790039,123850.0
2017-05-02,13.776932527801618,13.930009291362344,13.765706927865605,13.848368644714355,48109.0
2017-05-03,13.848368377445361,13.848368377445361,13.572829326600672,13.746316909790039,28448.0
2017-05-04,13.776932450497572,13.776932450497572,13.572829512393055,13.674880981445312,37871.0
2017-05-05,13.654470513982348,13.776931919423129,13.266675475584435,13.644264221191406,107361.0
2017-05-08,13.644264747151764,13.725907156848038,13.644264747151764,13.674880981445312,10510.0
2017-05-09,13.756521627635205,13.756521627635205,13.644264747151764,13.674880981445312,11234.0
2017-05-10,13.674881027246245,13.674881027246245,13.521804264031756,13.61365032196045,30623.0
2017-05-11,13.603444733782782,13.603444733782782,13.378931856733614,13.389137268066406,14496.0
2017-05-12,13.41975230678115,13.41975230678115,13.317700841097034,13.348316192626953,32344.0
2017-05-15,13.266675997564077,13.3279067026936,13.266675997564077,13.29218864440918,66500.0
2017-05-16,13.297289848327637,13.404444018184336,13.297289848327637,13.297289848327637,17576.0
2017-05-17,13.358522103874318,13.418731739027116,13.266676045845776,13.31770133972168,18211.0
2017-05-18,13.276880374935448,13.317701138471225,13.266675845366391,13.295249938964844,26818.0
2017-05-19,13.297290516768761,13.31770133972168,13.266676045845776,13.31770133972168,54451.0
2017-05-22,13.269736469190741,13.348316549562867,13.266675903884387,13.327906608581543,30623.0
2017-05-23,13.368726133062511,13.368726133062511,13.276880078472754,13.348316192626953,23194.0
2017-05-24,13.368726776870387,13.368726776870387,13.266676188024904,13.307496070861816,11506.0
2017-05-25,13.30749592824522,13.31770133972168,13.27688057556904,13.31770133972168,44122.0
2017-05-26,13.31770133972168,13.368726633597582,13.283003469753638,13.31770133972168,17576.0
2017-05-30,13.419752861763174,13.419752861763174,13.297290568825831,13.303414344787598,21291.0
2017-05-31,13.40546488045836,13.40546488045836,13.304434481152922,13.31770133972168,7882.0
2017-06-01,13.30749592824522,13.338112162674596,13.30749592824522,13.31770133972168,8879.0
2017-06-02,13.419752522247618,13.419752522247618,13.307495643666753,13.338111877441406,4892.0
2017-06-05,13.338111478606676,13.470777412230664,13.338111478606676,13.41975212097168,24462.0
2017-06-06,13.419752914820636,13.99124009044158,13.378932150346797,13.725907325744629,40045.0
2017-06-07,13.817752646501287,13.817752646501287,13.489147913889411,13.715702056884766,5255.0
2017-06-08,13.781014305384632,13.868778728882186,13.776932669799102,13.838163375854492,8607.0
2017-06-09,13.970829918346043,14.042266034557159,13.893270908003275,14.032060623168945,13228.0
2017-06-12,14.056553059633444,15.307702634564205,14.056553059633444,15.266880989074707,36059.0
2017-06-13,15.205650224655523,15.205650224655523,14.297394186922045,14.981138229370117,40226.0
2017-06-14,14.593342673773456,15.205650616167283,14.542317379304475,15.195446968078613,23012.0
2017-06-15,15.052574449199582,15.052574449199582,14.562727928161621,14.562727928161621,15583.0
2017-06-16,14.523947149812168,15.052574043585604,13.28708553314209,13.28708553314209,95039.0
2017-06-19,13.521804299254766,14.18513752941427,13.521804299254766,14.021855354309082,37418.0
2017-06-20,13.981035614168126,14.215753026846677,13.904496790705778,14.011650085449219,4077.0
2017-06-21,14.10349642523987,14.10349642523987,13.930008844270438,13.991239547729492,1903.0
2017-06-22,13.878983413590241,14.123906224984427,13.440162200838111,13.705495834350586,9694.0
2017-06-23,13.841224037316813,14.766829421827186,13.77693188778337,14.481086730957031,17395.0
2017-06-26,14.399444297491218,14.399444297491218,13.797341802088056,13.827957153320312,11053.0
2017-06-27,14.00144495889039,14.246368654479776,13.991239547729492,13.991239547729492,634.0
2017-06-28,13.738152757107486,14.15452189865815,13.738152757107486,13.746316909790039,2174.0
2017-06-29,13.746316909790039,13.746316909790039,13.746316909790039,13.746316909790039,0.0
2017-06-30,13.807547569274902,13.807547569274902,13.807547569274902,13.807547569274902,91.0
2017-07-03,14.287189682381147,14.287189682381147,13.919804573059082,13.919804573059082,2356.0
2017-07-05,14.011649217355252,14.044305827036112,13.878983283594769,13.889187812805176,3986.0
2017-07-06,14.246368971802292,14.246368971802292,13.93000915454638,14.032060623168945,3080.0
2017-07-07,14.072881419616111,14.266778945922852,14.072881419616111,14.266778945922852,362.0
2017-07-10,14.287190026264312,14.287190026264312,14.011650085449219,14.011650085449219,2627.0
2017-07-11,13.858573143103634,13.868778554568998,13.61365032196045,13.61365032196045,5889.0
2017-07-12,13.930009121130814,14.134112057886341,13.797342300415039,13.797342300415039,1812.0
2017-07-13,13.981034968190794,13.981034968190794,13.58303451538086,13.58303451538086,1087.0
2017-07-14,13.572829246520996,13.623854539171019,13.572829246520996,13.572829246520996,1721.0
2017-07-17,13.572828974841421,13.76672649383545,13.572828974841421,13.76672649383545,6251.0
2017-07-18,13.694270734112648,13.701414698465113,13.654471040336137,13.674880981445312,2084.0
2017-07-19,13.674880669044857,13.674880669044857,13.627937011988301,13.63405990600586,1721.0
2017-07-20,13.542214271238306,13.542214271238306,13.429957389831543,13.429957389831543,11416.0
2017-07-21,13.500372687025699,13.644264221191406,13.390157069427733,13.644264221191406,1540.0
2017-07-24,13.66467518524714,13.66467518524714,13.41669092482824,13.467716217041016,4439.0
2017-07-25,13.587115922784168,13.613649638560856,13.368725947959547,13.41975212097168,1993.0
2017-07-26,13.419752620311602,13.419752620311602,13.375870409684412,13.389137268066406,8335.0
2017-07-27,13.389137313278699,13.389137313278699,13.2156497288013,13.327906608581543,42673.0
2017-07-28,13.327906447713923,13.450366973876953,13.327906447713923,13.450366973876953,2990.0
2017-07-31,13.266675734798214,13.44016243531131,13.266675734798214,13.276880264282227,2718.0
2017-08-01,13.28708553314209,13.28708553314209,13.266675592639597,13.28708553314209,11778.0
2017-08-02,13.266675718023315,13.460573240765607,13.215649543655084,13.39934253692627,10419.0
2017-08-03,13.434039712489522,13.434039712489522,13.266675903884387,13.327906608581543,4349.0
2017-08-04,13.327906608581543,13.327906608581543,13.327906608581543,13.327906608581543,0.0
2017-08-07,13.36872673034668,13.380973400557696,13.36872673034668,13.36872673034668,1721.0
2017-08-08,13.399342180818715,13.460572883030757,13.368725947959547,13.41975212097168,2356.0
2017-08-09,13.450367377489593,13.450367377489593,13.266676141856337,13.36872673034668,4983.0
2017-08-10,13.358521884014754,13.358521884014754,13.113598184883159,13.114619255065918,7067.0
2017-08-11,13.247286027037731,13.247286027037731,13.164624311946238,13.215649604797363,4983.0
2017-08-14,13.256469387920983,13.256469387920983,13.164624214172363,13.164624214172363,5164.0
2017-08-15,13.14421486681689,13.153398326502455,13.011548042297363,13.011548042297363,8969.0
2017-08-16,13.093187973024095,13.103392502368202,13.011547329505435,13.052367210388184,14224.0
2017-08-17,13.052367609799163,13.052367609799163,12.766624026110168,12.883983612060547,7520.0
2017-08-18,12.93092600790697,12.991136522646872,12.878880527457051,12.92990493774414,4802.0
2017-08-21,12.797239711476157,13.062572479248047,12.797239711476157,13.062572479248047,12503.0
2017-08-22,13.062571749920156,13.062571749920156,12.930926002727267,13.059511184692383,4077.0
2017-08-23,13.226876540100905,13.246265411376953,13.062572410952864,13.246265411376953,2990.0
2017-08-24,13.145233536285597,13.246264814227274,13.07175704483089,13.225854873657227,3171.0
2017-08-25,13.071757655584586,13.135029620587115,13.06257243240871,13.12380313873291,4168.0
2017-08-28,13.072778725800354,13.163603715070888,13.072778725800354,13.12380313873291,1993.0
2017-08-29,13.052367850305657,13.052367850305657,12.807444144235497,12.83806037902832,10328.0
2017-08-30,12.848264596831264,12.848264596831264,12.75641853994304,12.797239303588867,15493.0
2017-08-31,12.815607672674261,12.83805975344558,12.756418228149414,12.756418228149414,10872.0
2017-09-01,12.776829644278429,12.83806035022027,12.5829321148782,12.603342056274414,17305.0
2017-09-05,12.654367145310408,12.73600779132375,12.58293191070618,12.62069034576416,5527.0
2017-09-06,12.65436713531097,12.65436713531097,12.582931900763189,12.613546371459961,5074.0
2017-09-07,12.61354587406524,12.644162107061087,12.297187832392847,12.348212242126465,4802.0
2017-09-08,12.297187982093769,12.838059781801133,12.246161808232673,12.817649841308594,57984.0
2017-09-11,12.83806037902832,12.83806037902832,12.817650437586309,12.83806037902832,13771.0
2017-09-12,12.838059889629157,13.144214290107659,12.827854478420589,13.04216194152832,16217.0
2017-09-13,13.603444733782782,13.603444733782782,13.216669872606845,13.389137268066406,1178.0
2017-09-14,13.634060184901514,13.634060184901514,13.389137365163773,13.440162658691406,815.0
2017-09-15,13.593240477081416,13.66467571258545,13.384033949325344,13.66467571258545,5527.0
2017-09-18,13.654471040336137,13.674880981445312,13.654471040336137,13.674880981445312,4621.0
2017-09-19,13.756521394736057,13.807547569274902,13.550378083237877,13.807547569274902,3262.0
2017-09-20,13.807547270783324,13.807547270783324,13.511598286465999,13.644264221191406,6342.0
2017-09-21,13.606506882926853,13.641203870195122,13.599362036984418,13.63405990600586,2990.0
2017-09-22,13.572829512393055,13.674880981445312,13.572829512393055,13.674880981445312,1540.0
2017-09-25,13.654470905563114,14.199425233506492,13.603444730664028,13.858572959899902,3715.0
2017-09-26,13.858572959899902,13.858572959899902,13.858572959899902,13.858572959899902,0.0
2017-09-27,13.960624454953502,13.960624454953502,13.878983809411478,13.919804573059082,3352.0
2017-09-28,13.878983525973073,13.878983525973073,13.723865509033203,13.723865509033203,272.0
2017-09-29,13.916742357613941,13.918783616251245,13.695290925432428,13.761624336242676,1721.0
2017-10-02,13.761624336242676,13.761624336242676,13.761624336242676,13.761624336242676,0.0
2017-10-03,13.642224558971664,13.705496523564454,13.572829700136746,13.603445053100586,1721.0
2017-10-04,13.572829104256554,13.674880570240115,13.572829104256554,13.58303451538086,3805.0
2017-10-05,13.593239741885814,13.593239741885814,13.358521461486816,13.358521461486816,8154.0
2017-10-06,13.358521432355143,13.465675602211844,13.185033854742366,13.297289848327637,27180.0
2017-10-09,13.323823845759646,13.36668586730957,13.323823845759646,13.36668586730957,2084.0
2017-10-10,13.445265041359614,13.445265041359614,13.011547411535643,13.225854873657227,8879.0
2017-10-11,13.123802666860254,13.215649604797363,13.079921338249811,13.215649604797363,11234.0
2017-10-12,13.215649375412916,13.461593257813602,13.215649375412916,13.348316192626953,3171.0
2017-10-13,13.368726307239276,13.368726307239276,13.30953598022461,13.30953598022461,453.0
2017-10-16,13.368726776870387,13.46057371763645,13.266676188024904,13.307496070861816,7792.0
2017-10-17,13.460573266874205,13.470777796365105,13.358521799692975,13.450366973876953,4349.0
2017-10-18,13.45036718834502,13.45036718834502,13.430978317477198,13.440162658691406,2265.0
2017-10-19,13.327906165965759,13.562623565592233,13.327906165965759,13.47077751159668,4349.0
2017-10-20,13.542214036737509,13.562623977661133,13.542214036737509,13.562623977661133,453.0
2017-10-23,13.527926982478387,13.572829381537586,13.35852191582121,13.389137268066406,3262.0
2017-10-24,13.389136776761053,13.552418943328298,13.389136776761053,13.506495475769043,997.0
2017-10-25,13.506495475769043,13.506495475769043,13.506495475769043,13.506495475769043,0.0
2017-10-26,13.470777622627516,13.489147186279297,13.409546919459128,13.489147186279297,13228.0
2017-10-27,13.327906463338477,13.438121201540364,13.327906463338477,13.377911567687988,2990.0
2017-10-30,13.36872644540082,13.480983324801995,13.348316504488416,13.389137268066406,11053.0
2017-10-31,13.552419662475586,13.552419662475586,13.552419662475586,13.552419662475586,272.0
2017-11-01,13.521804309729223,13.562624192222243,13.489147698332248,13.552419662475586,453.0
2017-11-02,13.480982922625016,13.480982922625016,13.47077751159668,13.47077751159668,1631.0
2017-11-03,13.409547066397378,13.450366947788154,13.39934253692627,13.39934253692627,1631.0
2017-11-06,13.409547394029286,13.409547394029286,13.344234171403187,13.357501029968262,1631.0
2017-11-07,13.317701117444626,13.317701117444626,13.1544189453125,13.1544189453125,8154.0
2017-11-08,13.072777983086352,13.072777983086352,13.026854515075684,13.026854515075684,3896.0
2017-11-09,13.01154780799638,13.144214630126953,12.796219269145693,13.144214630126953,11416.0
2017-11-10,13.066654972683232,13.076860384339566,12.944193559820041,13.011548042297363,2174.0
2017-11-13,12.796218658023836,12.84214124395082,12.756418084233543,12.80642318725586,7792.0
2017-11-14,12.780910670554448,12.878880500793457,12.720700155939202,12.878880500793457,3171.0
2017-11-15,12.797239522376373,13.154419226439211,12.740090452295167,12.960521697998047,1087.0
2017-11-16,12.8482640966459,12.858469507598354,12.8237716394119,12.82785415649414,2265.0
2017-11-17,12.729885393743032,12.787033579697185,12.729885393743032,12.756418228149414,2084.0
2017-11-20,12.776829247692781,12.807443717960242,12.692126274108887,12.692126274108887,3715.0
2017-11-21,12.62375229261118,12.960521159636665,12.56762341331263,12.756418228149414,13499.0
2017-11-22,13.042161881514131,13.225854873657227,13.017669423778173,13.225854873657227,6433.0
2017-11-24,13.225855185241732,13.26667594909668,13.031957659122215,13.26667594909668,2446.0
2017-11-27,13.225855230732897,13.225855230732897,13.193198619536615,13.205445289611816,634.0
2017-11-28,13.195240161592148,13.195240161592148,13.011548042297363,13.011548042297363,2537.0
2017-11-29,13.113597869873047,13.113597869873047,12.970726523752036,13.113597869873047,1631.0
2017-11-30,13.072778076449096,13.072778076449096,12.84112123968527,12.99113655090332,815.0
2017-12-01,12.797239296322328,12.909495294093132,12.603341771306225,12.62375259399414,3352.0
2017-12-04,12.60334203068596,12.746214265428984,12.52170050176046,12.542110443115234,7701.0
2017-12-05,12.552315344751086,12.552315344751086,12.399238586425781,12.399238586425781,3896.0
2017-12-06,12.429854691862769,12.429854691862769,12.286981582641602,12.286981582641602,5527.0
2017-12-07,12.286981626072848,12.286981626072848,11.99103352256271,12.225750923156738,22650.0
2017-12-08,12.225751357893634,12.480879589700606,12.174726064233516,12.378829002380371,3896.0
2017-12-11,12.746214261620004,12.746214261620004,12.368623733520508,12.368623733520508,3443.0
2017-12-12,12.368623922520527,12.44516274681572,12.113495683874172,12.123701095581055,5708.0
2017-12-13,12.11349532716058,12.384950982089725,12.11349532716058,12.144110679626465,6251.0
2017-12-14,12.133905531900966,12.341069921082132,12.01960827232809,12.246162414550781,11687.0
2017-12-15,12.705392984829558,12.705392984829558,12.174725713630943,12.399238586425781,7067.0
2017-12-18,12.34821255429265,12.389033317565918,12.24616196873924,12.389033317565918,19207.0
2017-12-19,12.276777409926927,12.389033407552306,12.246162057687899,12.266571998596191,1812.0
2017-12-20,12.246162194491532,12.348212781926195,12.07267460869686,12.082880020141602,5980.0
2017-12-21,12.042060047736717,12.22064857441068,12.031853754615174,12.205341339111328,5345.0
2017-12-22,12.036956505119274,12.144110679626465,12.036956505119274,12.144110679626465,815.0
2017-12-26,12.24310106188937,12.24310106188937,12.082880330506738,12.123701095581055,3533.0
2017-12-27,12.307392391979663,12.307392391979663,11.940007294408481,12.113494873046875,15764.0
2017-12-28,11.970622927175208,12.276777329308235,11.970622927175208,12.093084335327148,3443.0
2017-12-29,12.103290956301992,12.121659638970605,11.837956428527832,11.837956428527832,7429.0
2018-01-02,11.837956195953382,11.991033839036925,11.837956195953382,11.970623016357422,2809.0
2018-01-03,12.042059968897007,12.042059968897007,12.021649146293923,12.031853675842285,2809.0
2018-01-04,12.052264427865067,12.052264427865067,11.936946102443136,12.042059898376465,2809.0
2018-01-05,12.011443322931607,12.023689110670814,11.902247894660027,11.940007209777832,6523.0
2018-01-08,11.858366795935558,11.86959151374403,11.700186450152728,11.807340621948242,17848.0
2018-01-09,11.756315314209624,11.756315314209624,11.684879199773494,11.71345329284668,8698.0
2018-01-10,11.684879472168301,11.756315588269732,11.669572236862672,11.735905647277832,7067.0
2018-01-11,11.735905652559023,11.735905652559023,11.511391892781155,11.519556045532227,16127.0
2018-01-12,11.531802402995483,11.695084571838379,11.531802402995483,11.695084571838379,6433.0
2018-01-16,11.715494699607609,11.715494699607609,11.582827880191948,11.623648643493652,10328.0
2018-01-17,11.623648451931151,11.674674625655644,11.582827689302189,11.608341217041016,34337.0
2018-01-18,11.57262276880216,11.724679344507129,11.57262276880216,11.657325744628906,14043.0
2018-01-19,11.628751473125686,11.735905647277832,11.628751473125686,11.735905647277832,4983.0
2018-01-22,11.735905341728822,12.498228565684588,11.72059722506856,12.164520263671875,18392.0
2018-01-23,12.246162180760233,12.76662405580748,12.246162180760233,12.378829002380371,10781.0
2018-01-24,12.174725771775858,12.48087928988862,12.174725771775858,12.43189525604248,1721.0
2018-01-25,12.246162226104282,12.520680211599071,12.246162226104282,12.317598342895508,3896.0
2018-01-26,12.370664895389414,12.507413353037297,12.317598342895508,12.317598342895508,2537.0
2018-01-29,12.164520263671875,12.21962895459692,12.144110323211356,12.164520263671875,13499.0
2018-01-30,12.155336487694104,12.300249099731445,12.155336487694104,12.300249099731445,1178.0
2018-01-31,12.18288996989496,12.18288996989496,12.144110465338905,12.154314994812012,906.0
2018-02-01,12.154314717957032,12.16962371620091,11.929802730118277,11.965519905090332,8426.0
2018-02-02,11.950213275154047,11.963480133766815,11.4297513961792,11.4297513961792,32797.0
2018-02-05,11.429751633728165,11.439956163697365,11.286880278380409,11.29708480834961,18482.0
2018-02-06,11.317494634874159,11.552212929828737,11.259325375804103,11.542008399963379,9151.0
2018-02-07,11.25728489511221,11.490982117698765,11.25728489511221,11.48383903503418,5255.0
2018-02-08,11.520576720167925,11.582827611223449,11.480777027968697,11.521596908569336,5980.0
2018-02-09,11.429751429709341,11.837956428527832,11.214422889430498,11.837956428527832,7339.0
2018-02-12,11.380765994377478,11.735905305929988,11.380765994377478,11.6338529586792,2537.0
2018-02-13,11.979807826517346,11.979807826517346,11.46138635096781,11.878776550292969,3352.0
2018-02-14,11.878776550292969,11.878776550292969,11.878776550292969,11.878776550292969,0.0
2018-02-15,11.73590556739522,11.73590556739522,11.460365634484367,11.562417984008789,2899.0
2018-02-16,11.542007588330122,11.606299737149016,11.521596766528276,11.5318021774292,5345.0
2018-02-20,11.677735893129592,11.677735893129592,11.470571517944336,11.470571517944336,725.0
2018-02-21,11.6338536248607,11.6338536248607,11.470572328818418,11.480777740478516,2627.0
2018-02-22,11.480777740478516,11.480777740478516,11.480777740478516,11.480777740478516,0.0
2018-02-23,11.531802912755067,11.74611038306775,11.174623207731793,11.368520736694336,8879.0
2018-02-26,11.394032741994272,11.44914055046395,11.337904745128174,11.409340858459473,36874.0
2018-02-27,11.50628954492406,11.59609522797869,11.501187720830018,11.58588981628418,8426.0
2018-02-28,11.674674942548945,11.735905647277832,11.670592425298652,11.735905647277832,815.0
2018-03-01,11.644058313877562,11.644058313877562,11.501186968269018,11.521596908569336,4892.0
2018-03-02,11.45016148047952,11.45016148047952,11.276674773156213,11.419546127319336,11687.0
2018-03-05,11.37362347526062,11.715495063942011,11.37362347526062,11.56343936920166,6523.0
2018-03-06,11.501187324523926,11.501187324523926,11.501187324523926,11.501187324523926,272.0
2018-03-07,11.714474747272787,11.715494935718448,11.490982055664062,11.490982055664062,1903.0
2018-03-08,11.531802319596073,11.654264606657454,11.390971350790352,11.521596908569336,11869.0
2018-03-09,11.439955925936315,11.684879629911466,11.4297513961792,11.4297513961792,453.0
2018-03-12,11.429751563931244,11.518536176465094,11.276674797795847,11.480777740478516,3624.0
2018-03-13,11.53180275503642,11.695084928863967,11.521597343624327,11.674674987792969,6070.0
2018-03-14,11.695084849519072,11.695084849519072,11.501187324523926,11.501187324523926,453.0
2018-03-15,11.480776985179793,11.5828275680542,11.480776985179793,11.5828275680542,815.0
2018-03-16,11.555273931085928,11.684879302978516,11.555273931085928,11.684879302978516,1721.0
2018-03-19,11.654264877284815,11.684879347569623,11.623648643493652,11.623648643493652,1993.0
2018-03-20,11.5318021774292,11.5318021774292,11.5318021774292,11.5318021774292,91.0
2018-03-21,11.53180237493473,11.733864047364214,11.424648203899244,11.6338529586792,23465.0
2018-03-22,11.497105999646818,11.542008399963379,11.497105999646818,11.542008399963379,272.0
2018-03-23,11.61344314405499,11.960417425102147,11.552212440443913,11.746109962463379,2446.0
2018-03-26,11.603238844998117,11.735905666040535,11.593033433609257,11.613443374633789,906.0
2018-03-27,11.490981415578654,11.713453024596122,11.480776886430876,11.5318021774292,725.0
2018-03-28,11.501187682045499,11.501187682045499,11.450161505498226,11.480777740478516,1812.0
2018-03-29,11.470572377163919,11.593033790588379,11.470572377163919,11.593033790588379,453.0
2018-04-02,11.450161122683644,11.735905585587336,11.439955711364746,11.439955711364746,18029.0
2018-04-03,11.470571588164445,11.684879046916182,11.460365295410156,11.460365295410156,815.0
2018-04-04,11.521596809131333,11.521596809131333,11.470571517944336,11.470571517944336,362.0
2018-04-05,11.53180299090241,11.715495109558105,11.53180299090241,11.715495109558105,362.0
2018-04-06,11.517515988000369,11.517515988000369,11.480777740478516,11.480777740478516,544.0
2018-04-09,11.490981743239141,11.63385309116025,11.45016098022461,11.45016098022461,1540.0
2018-04-10,11.508330380045637,11.508330380045637,11.439955711364746,11.439955711364746,3624.0
2018-04-11,11.619566709067124,11.623648344415685,11.460365295410156,11.460365295410156,1903.0
2018-04-12,11.693043909394845,11.715495109558105,11.552212932390862,11.715495109558105,10238.0
2018-04-13,11.69508516547584,11.69508516547584,11.542008399963379,11.542008399963379,1087.0
2018-04-16,11.470571475529953,11.5318021774292,11.470571475529953,11.5318021774292,725.0
2018-04-17,11.480777477491047,11.52772025384448,11.450161243212078,11.465469360351562,15311.0
2018-04-18,11.480777213800385,11.480777213800385,11.45016098022461,11.45016098022461,11234.0
2018-04-19,11.501187467133459,11.52159740831906,11.490982055664062,11.490982055664062,1268.0
2018-04-20,11.542008399963379,11.58282828293123,11.542008399963379,11.542008399963379,815.0
2018-04-23,11.582828236293294,11.603239059448242,11.582828236293294,11.603239059448242,272.0
2018-04-24,11.735905220168696,11.735905220168696,11.460365295410156,11.460365295410156,3624.0
2018-04-25,11.450160766162176,11.589971546215727,11.450160766162176,11.460365295410156,2899.0
2018-04-26,11.530781745910645,11.530781745910645,11.530781745910645,11.530781745910645,453.0
2018-04-27,11.469550732437366,11.469550732437366,11.45016098022461,11.45016098022461,1993.0
2018-04-30,11.48383866080733,11.501187154431067,11.45016098022461,11.45016098022461,5889.0
2018-05-01,11.45016098022461,11.582827798706962,11.45016098022461,11.45016098022461,5798.0
2018-05-02,11.593032979042901,11.715494383894711,11.5828275680542,11.5828275680542,3443.0
2018-05-03,11.756315588269732,11.79713635200672,11.735905647277832,11.735905647277832,2356.0
2018-05-04,11.531803035272578,11.531803035272578,11.480777740478516,11.480777740478516,2809.0
2018-05-07,11.480777740478516,11.480777740478516,11.480777740478516,11.480777740478516,0.0
2018-05-08,11.50118727969668,11.562417984008789,11.50118727969668,11.562417984008789,634.0
2018-05-09,11.4807773835914,11.501187324523926,11.4807773835914,11.501187324523926,3624.0
2018-05-10,11.566500689732493,11.65324404196279,11.490982055664062,11.490982055664062,2990.0
2018-05-11,11.50118740255333,11.674674987792969,11.50118740255333,11.674674987792969,815.0
2018-05-14,11.490982270385402,11.509351835022933,11.480777740478516,11.480777740478516,3262.0
2018-05-15,11.480776928882994,11.554253418732523,11.470571517944336,11.470571517944336,14315.0
2018-05-16,11.48077757197757,11.48077757197757,11.4297513961792,11.4297513961792,7792.0
2018-05-17,11.48077752594786,11.501187467133459,11.378725174760271,11.490982055664062,5617.0
2018-05-18,11.429751198672754,11.511391844084919,11.429751198672754,11.494043350219727,2718.0
2018-05-21,11.480777213800385,11.603238621090812,11.446079344799742,11.45016098022461,2356.0
2018-05-22,11.460365295410156,11.470571588164445,11.460365295410156,11.460365295410156,2174.0
2018-05-23,11.470571758604706,11.644058457682885,11.450160936299156,11.511391639709473,7701.0
2018-05-24,11.480776999165577,11.480776999165577,11.450160766162176,11.460365295410156,1178.0
2018-05-25,11.460365295410156,11.460365295410156,11.460365295410156,11.460365295410156,0.0
2018-05-29,11.450161505498226,11.501187682045499,11.450161505498226,11.480777740478516,4349.0
2018-05-30,11.480777213800385,11.531802506253673,11.45016098022461,11.45016098022461,5527.0
2018-05-31,11.450160990337517,11.480777223940335,11.450160990337517,11.457304954528809,4892.0
2018-06-01,11.480776928882994,11.480776928882994,11.450160696067018,11.470571517944336,9241.0
2018-06-04,11.450161122683644,11.47057194532144,11.409341240914415,11.439955711364746,13862.0
2018-06-05,11.40934081581868,11.470571517944336,11.40934081581868,11.470571517944336,15946.0
2018-06-06,11.460365509663365,11.480777213800385,11.45016098022461,11.45016098022461,5074.0
2018-06-07,11.451182656200293,11.477715492248535,11.45016158597518,11.477715492248535,1812.0
2018-06-08,11.480776999165577,11.480776999165577,11.460365295410156,11.460365295410156,2718.0
2018-06-11,11.460365652249362,11.460365652249362,11.42975118179903,11.439955711364746,1993.0
2018-06-12,11.400155920393123,11.479756188141817,11.388930320739746,11.388930320739746,2627.0
2018-06-13,11.470571560813971,11.470571560813971,11.409340858459473,11.409340858459473,1087.0
2018-06-14,11.409340858459473,11.409340858459473,11.409340858459473,11.409340858459473,91.0
2018-06-15,11.41954534500419,11.470571517944336,11.41954534500419,11.470571517944336,2174.0
2018-06-18,11.47057194532144,11.47057194532144,11.439955711364746,11.439955711364746,634.0
2018-06-19,11.419545628402002,11.480777213800385,11.419545628402002,11.45016098022461,2174.0
2018-06-20,11.42975098514503,11.445058220106828,11.337904930114746,11.337904930114746,13228.0
2018-06-21,11.225648164953787,11.225648164953787,10.868468470654193,11.139925003051758,4983.0
2018-06-22,11.123596681236267,11.123596681236267,10.789889256945893,10.91949462890625,9694.0
2018-06-25,10.858262917173686,10.990929734611685,10.797032214010482,10.80723762512207,8969.0
2018-06-26,10.776622227307001,11.17462267791351,10.746006875856745,11.164417266845703,24281.0
2018-06-27,11.041956329784544,11.123596976533221,11.021546388535674,11.07257080078125,7429.0
2018-06-28,11.149110388497359,11.174623035229498,11.123596860012032,11.144007682800293,1903.0
2018-06-29,11.184827289977772,11.436894067542815,11.134822186180623,11.337904930114746,10328.0
2018-07-02,11.429751563931244,11.480777740478516,11.373623563307133,11.480777740478516,7973.0
2018-07-03,11.450160668203486,11.725699708851575,11.450160668203486,11.705288887023926,14134.0
2018-07-05,11.695084571838379,11.695084571838379,11.695084571838379,11.695084571838379,91.0
2018-07-06,11.587930630513304,11.587930630513304,11.531802631852734,11.562417984008789,1359.0
2018-07-09,11.512412425769334,11.5318021774292,11.511391355627355,11.5318021774292,1450.0
2018-07-10,11.5318021774292,11.562417528378822,11.5318021774292,11.5318021774292,10691.0
2018-07-11,11.480777294567448,11.67467481805908,11.480777294567448,11.623648643493652,997.0
2018-07-12,11.534863600666753,11.674675271501087,11.480777740478516,11.480777740478516,2084.0
2018-07-13,11.694064476632514,11.79713613160875,11.63385307971131,11.659366607666016,11959.0
2018-07-16,11.684879478821083,11.909392356872559,11.684879478821083,11.909392356872559,4439.0
2018-07-17,11.856325760014297,11.970623016357422,11.766520080081484,11.970623016357422,634.0
2018-07-18,11.991033723920749,12.042059898376465,11.980828312678971,12.042059898376465,725.0
2018-07-19,12.123700375270126,12.123700375270126,11.695084571838379,11.695084571838379,725.0
2018-07-20,11.885919570922852,11.885919570922852,11.885919570922852,11.885919570922852,91.0
2018-07-23,11.888982558265306,11.912453946612818,11.87877714676472,11.899187088012695,3443.0
2018-07-24,11.695084714203292,11.695084714203292,11.684879302978516,11.684879302978516,453.0
2018-07-25,11.789991901206795,11.948171362188353,11.786930454271994,11.940007209777832,1993.0
2018-07-26,11.940007209777832,11.940007209777832,11.940007209777832,11.940007209777832,0.0
2018-07-27,11.940007209777832,11.940007209777832,11.940007209777832,11.940007209777832,0.0
2018-07-30,11.77264404296875,11.77264404296875,11.77264404296875,11.77264404296875,997.0
2018-07-31,11.705289509755133,11.797136449359593,11.705289509755133,11.786931037902832,906.0
2018-08-01,11.78795090267409,11.955315589904785,11.786930714257704,11.955315589904785,11416.0
2018-08-02,11.955315589904785,11.955315589904785,11.955315589904785,11.955315589904785,0.0
2018-08-03,11.861428260803223,11.861428260803223,11.861428260803223,11.861428260803223,272.0
2018-08-06,11.991033772910983,11.991033772910983,11.839998271032112,11.891022682189941,272.0
2018-08-07,11.888982509888786,11.888982509888786,11.873674392700195,11.873674392700195,362.0
2018-08-08,11.970623016357422,11.970623016357422,11.970623016357422,11.970623016357422,272.0
2018-08-09,11.92265796661377,11.92265796661377,11.92265796661377,11.92265796661377,272.0
2018-08-10,11.83795574552289,11.940007209777832,11.83795574552289,11.940007209777832,725.0
2018-08-13,11.92980353781299,11.92980353781299,11.888982772827148,11.888982772827148,544.0
2018-08-14,11.888982772827148,11.888982772827148,11.888982772827148,11.888982772827148,91.0
2018-08-15,11.786930576673543,11.786930576673543,11.669571876525879,11.669571876525879,1993.0
2018-08-16,11.74611017689719,11.74611017689719,11.735905647277832,11.735905647277832,2627.0
2018-08-17,11.735905198598836,11.792033195495605,11.735905198598836,11.792033195495605,1903.0
2018-08-20,11.868572831210834,11.888982772827148,11.868572831210834,11.888982772827148,1993.0
2018-08-21,11.869591774790946,11.899186938719408,11.735905647277832,11.735905647277832,3352.0
2018-08-22,11.917556310645828,11.917556310645828,11.787950938966771,11.84714126586914,1359.0
2018-08-23,11.84714126586914,11.84714126586914,11.84714126586914,11.84714126586914,0.0
2018-08-24,11.807340580551925,11.844079707854998,11.807340580551925,11.828771591186523,2990.0
2018-08-27,11.735905647277832,11.759377035330859,11.735905647277832,11.735905647277832,4258.0
2018-08-28,11.735905647277832,11.771622823575361,11.735905647277832,11.735905647277832,5617.0
2018-08-29,11.771622699492765,11.771622699492765,11.735905523571724,11.750191688537598,7339.0
2018-08-30,11.750191688537598,11.750191688537598,11.750191688537598,11.750191688537598,0.0
2018-08-31,11.735905647277832,11.735905647277832,11.735905647277832,11.735905647277832,634.0
2018-09-04,11.695084980051565,11.786931037902832,11.695084980051565,11.786931037902832,2537.0
2018-09-05,11.882858185636334,11.888981961281107,11.786930496659176,11.878776550292969,3352.0
2018-09-06,11.868572868705433,11.868572868705433,11.633853689733629,11.820608139038086,2265.0
2018-09-07,11.582828357340333,11.802239418029785,11.531803062426125,11.802239418029785,4621.0
2018-09-10,11.735905647277832,11.735905647277832,11.735905647277832,11.735905647277832,3080.0
2018-09-11,11.959398533298515,11.959398533298515,11.68487966419005,11.837956428527832,9785.0
2018-09-12,11.786931037902832,11.786931037902832,11.786931037902832,11.786931037902832,997.0
2018-09-13,11.786931037902832,11.858367154593772,11.786931037902832,11.786931037902832,3533.0
2018-09-14,11.827750377105428,11.940007252715496,11.797135907647315,11.878776550292969,6251.0
2018-09-17,11.848162864747904,11.849182171459745,11.827751159667969,11.827751159667969,5436.0
2018-09-18,11.735905840138111,11.837956428527832,11.735905840138111,11.837956428527832,5436.0
2018-09-19,11.878777192935642,11.878777192935642,11.750192005489343,11.837956428527832,24009.0
2018-09-20,11.837956143658221,11.878776907083717,11.837956143658221,11.858366966247559,1812.0
2018-09-21,11.888982604475894,11.93082355733645,11.837956428527832,11.837956428527832,18482.0
2018-09-24,11.868572614704417,11.991034025674791,11.741007616231549,11.812443733215332,4892.0
2018-09-25,11.786931037902832,11.82775092022349,11.786931037902832,11.786931037902832,7248.0
2018-09-26,11.78693106880816,12.0522647133541,11.78693106880816,12.021649360656738,4892.0
2018-09-27,11.929802851000115,12.021648905615665,11.837955914631403,11.991033554077148,3624.0
2018-09-28,11.888981918526936,12.021648733883046,11.888981918526936,11.940007209777832,5527.0
2018-10-01,11.661408302638748,11.985931396484375,11.661408302638748,11.985931396484375,3171.0
2018-10-02,11.746110304627278,12.021649360656738,11.735905774896954,12.021649360656738,3986.0
2018-10-03,11.746109999466622,11.980828285217285,11.746109999466622,11.980828285217285,1268.0
2018-10-04,11.88694129961455,11.919597911013867,11.858367205516748,11.899187088012695,2627.0
2018-10-05,11.980828385862447,12.011443738021615,11.950213033703278,11.992053985595703,15674.0
2018-10-08,11.992053985595703,11.992053985595703,11.992053985595703,11.992053985595703,0.0
2018-10-09,11.992053742485606,12.072674197595472,11.991033554077148,11.991033554077148,634.0
2018-10-10,11.919597439902889,12.072674197595472,11.919597439902889,11.991033554077148,11506.0
2018-10-11,11.983889829880757,12.031853675842285,11.914494972887264,12.031853675842285,6342.0
2018-10-12,11.991033679304312,12.031853560613191,11.760397911071777,11.760397911071777,13681.0
2018-10-15,11.919597269628103,11.940007209777832,11.919597269628103,11.940007209777832,2265.0
2018-10-16,11.827750321320634,12.062469482421875,11.827750321320634,12.062469482421875,11959.0
2018-10-17,12.062469482421875,12.062469482421875,12.062469482421875,12.062469482421875,0.0
2018-10-18,12.062469482421875,12.062469482421875,12.062469482421875,12.062469482421875,0.0
2018-10-19,11.54200820337448,12.164520666439971,11.54200820337448,12.082880020141602,1087.0
2018-10-22,11.6440582463697,11.827750353267062,11.6440582463697,11.698145866394043,634.0
2018-10-23,11.698145866394043,11.698145866394043,11.698145866394043,11.698145866394043,0.0
2018-10-24,11.654265329934105,11.991034215431975,11.480777740478516,11.480777740478516,17667.0
2018-10-25,11.654264638160674,11.654264638160674,11.286879539489746,11.286879539489746,1087.0
2018-10-26,11.286879733905359,11.286879733905359,10.91949462890625,10.91949462890625,5708.0
2018-10-29,10.8786733143554,10.953170878740616,10.81744260862159,10.83785343170166,7248.0
2018-10-30,10.348006376302905,10.64803699544688,10.348006376302905,10.4602632522583,1268.0
2018-10-31,10.56231516147537,11.16135623656001,10.56231516147537,10.78682804107666,6704.0
2018-11-01,10.817442068021037,10.929698944091797,10.817442068021037,10.929698944091797,1178.0
2018-11-02,10.78682804107666,10.78682804107666,10.78682804107666,10.78682804107666,181.0
2018-11-05,10.786827906267677,11.225648248537272,10.786827906267677,10.97052001953125,4439.0
2018-11-06,10.97052001953125,10.97052001953125,10.97052001953125,10.97052001953125,91.0
2018-11-07,10.867447984917266,10.867447984917266,10.789888977782693,10.850098609924316,1359.0
2018-11-08,10.939904881303951,10.960315704345703,10.939904881303951,10.960315704345703,1268.0
2018-11-09,10.913370726371204,10.913370726371204,10.735801510847278,10.80723762512207,1812.0
2018-11-12,10.72559747780404,10.899084184209972,10.72559747780404,10.776622772216797,2627.0
2018-11-13,10.817442231465286,10.924596403640063,10.817442231465286,10.89398193359375,1721.0
2018-11-14,10.8174422526833,10.871529873961942,10.8174422526833,10.85826301574707,1993.0
2018-11-15,10.827648232970295,10.86030396072514,10.817441940307617,10.817441940307617,2718.0
2018-11-16,10.868468361868402,10.955212593078613,10.868468361868402,10.955212593078613,1540.0
2018-11-19,10.786827723623192,10.825606346130371,10.786827723623192,10.825606346130371,1450.0
2018-11-20,10.817442018924137,10.970519656667054,10.817442018924137,10.904186248779297,2084.0
2018-11-21,10.807237847157014,10.97052001953125,10.807237847157014,10.97052001953125,5436.0
2018-11-23,10.848058777467857,11.021546363830566,10.817442543033385,11.021546363830566,9241.0
2018-11-26,11.011340095281442,11.164417740784158,11.001135565533605,11.07257080078125,1721.0
2018-11-27,11.07257080078125,11.07257080078125,11.07257080078125,11.07257080078125,0.0
2018-11-28,11.164417416095585,11.225648119814654,10.851119933306641,10.85826301574707,9241.0
2018-11-29,10.85826301574707,10.85826301574707,10.85826301574707,10.85826301574707,0.0
2018-11-30,11.195032475828283,11.22564782688893,11.174622535705566,11.174622535705566,3986.0
2018-12-03,11.123597145080566,11.215444086475161,11.123597145080566,11.123597145080566,1993.0
2018-12-04,11.123596372456063,11.138903607123144,10.827648272529794,10.885817527770996,9604.0
2018-12-06,10.817442775869447,10.899084305945584,10.817442775869447,10.888879776000977,5074.0
2018-12-07,10.817442528161592,11.195033053049176,10.817442528161592,10.84091567993164,4802.0
2018-12-10,10.83785310710225,11.006237983703613,10.83785310710225,11.006237983703613,1903.0
2018-12-11,10.848058173036216,10.943986743027649,10.817441940307617,10.817441940307617,8516.0
2018-12-12,10.817441940307617,10.919494285896658,10.817441940307617,10.817441940307617,5708.0
2018-12-13,10.893982170134468,10.893982170134468,10.837853289155715,10.848058700561523,3715.0
2018-12-14,10.837853276755068,11.144007682800293,10.837853276755068,11.144007682800293,181.0
2018-12-17,11.012360971493957,11.012360971493957,10.97052001953125,10.97052001953125,1812.0
2018-12-18,10.950110246989851,11.041956305033688,10.950110246989851,11.021546363830566,2084.0
2018-12-19,11.031750893555529,11.095022857564357,11.021546363830566,11.021546363830566,815.0
2018-12-20,11.001134916780714,11.23585319519043,10.266365612360241,11.23585319519043,42673.0
2018-12-21,11.164417223666863,11.281776805233257,11.164417223666863,11.225647926330566,20476.0
2018-12-24,11.225648096468001,11.276674270629883,11.225648096468001,11.276674270629883,6614.0
2018-12-26,11.276674698761704,11.582828228343791,11.225648522662555,11.246058464050293,23918.0
2018-12-27,11.225648140614991,11.401176981237858,10.842955800785123,11.21544361114502,10147.0
2018-12-28,10.705186276285357,11.450161015251973,10.705186276285357,11.21544361114502,16942.0
2018-12-31,11.940008067744541,11.940008067744541,10.909289703686207,11.888982772827148,11325.0
2019-01-02,11.725700332668653,11.786931037902832,11.552212746669685,11.786931037902832,1993.0
2019-01-03,10.95215129852295,10.95215129852295,10.95215129852295,10.95215129852295,181.0
2019-01-04,11.0215460884243,11.623648597279576,11.0215460884243,11.21544361114502,3262.0
2019-01-07,11.409340945129003,11.669571872989001,11.286879539489746,11.286879539489746,1903.0
2019-01-08,11.035832278891924,11.32769963382322,11.035832278891924,11.266468048095703,1359.0
2019-01-09,11.031750847889061,11.225648374652241,10.868468673680423,11.08277702331543,40226.0
2019-01-10,10.878672896519705,11.174622765788072,10.878672896519705,11.041955947875977,15221.0
2019-01-11,11.021546543690045,11.16747934509255,10.94296646118164,10.94296646118164,6704.0
2019-01-14,10.868468507306986,11.097063900401036,10.868468507306986,11.031750679016113,19932.0
2019-01-15,10.98072559967113,11.076653293254312,10.932760871126344,11.021546363830566,10328.0
2019-01-16,11.021545822686395,11.123596405444637,10.868468185042728,11.113391876220703,6070.0
2019-01-17,11.031750679016113,11.205238262004931,11.031750679016113,11.031750679016113,4168.0
2019-01-18,10.990930083898604,11.184827610661785,10.827648791443158,11.08277702331543,5074.0
2019-01-22,10.909289047136072,10.942965845565178,10.868468284606934,10.868468284606934,6523.0
2019-01-23,10.837853595384425,11.123597187042158,10.837853595384425,11.015422821044922,28267.0
2019-01-24,11.031750309587114,11.22564782688893,10.98072501840375,11.174622535705566,16127.0
2019-01-25,11.133802092466379,11.215443618800924,10.91949462890625,10.91949462890625,11325.0
2019-01-28,10.837852733905612,11.141965866088867,10.837852733905612,11.141965866088867,2265.0
2019-01-29,10.990930129396093,11.123596951599366,10.953170812329464,11.021546363830566,4439.0
2019-01-30,10.874591658375465,10.960315704345703,10.828669070037922,10.960315704345703,2718.0
2019-01-31,10.84805865537298,10.96031553510968,10.837853244009684,10.909289360046387,5889.0
2019-02-01,10.827649116516113,10.90928976519489,10.827649116516113,10.827649116516113,5436.0
2019-02-04,10.827648851255075,10.86846873371783,10.725597381591797,10.725597381591797,6433.0
2019-02-05,10.552109575902218,10.613340280078253,10.552109575902218,10.562314987182617,4983.0
2019-02-06,10.56231537841176,10.615381931879702,10.56231537841176,10.60007381439209,5074.0
2019-02-07,10.54190444946289,10.582725213934278,10.54190444946289,10.54190444946289,1268.0
2019-02-08,10.54190444946289,10.54190444946289,10.54190444946289,10.54190444946289,725.0
2019-02-11,10.562315319281822,10.562315319281822,10.480673789978027,10.480673789978027,1450.0
2019-02-12,10.510269097853808,10.510269097853808,10.470468521118164,10.470468521118164,997.0
2019-02-13,10.439853412625578,10.521494056309493,10.439853412625578,10.471488952636719,3805.0
2019-02-14,10.388827138627882,10.582724657480073,10.388827138627882,10.4602632522583,1721.0
2019-02-15,10.439853269181,10.572520084878525,10.439853269181,10.521493911743164,2356.0
2019-02-19,10.399032649907038,10.582724759510718,10.399032649907038,10.471488952636719,2899.0
2019-02-20,10.460263848528681,10.480673789978027,10.460263848528681,10.480673789978027,2990.0
2019-02-21,10.49087772181059,10.521493954869188,10.4602632522583,10.4602632522583,3352.0
2019-02-22,10.531698442737532,10.531698442737532,10.460263211141067,10.481694221496582,9422.0
2019-02-25,10.4602632522583,10.513329802404192,10.4602632522583,10.4602632522583,8969.0
2019-02-26,10.429647755909766,10.501084756339374,10.429647755909766,10.470468521118164,1450.0
2019-02-27,10.460263564155612,10.511288857268404,10.460263564155612,10.501084327697754,2899.0
2019-02-28,10.460263802273316,10.54190444946289,10.460263802273316,10.54190444946289,2627.0
2019-03-01,10.485775916558794,10.514350891113281,10.460263270718093,10.514350891113281,7067.0
2019-03-04,10.53169911219162,10.715392112731934,10.489859040723982,10.715392112731934,5164.0
2019-03-05,10.807237640734511,10.907247848162434,10.684775352478027,10.684775352478027,3171.0
2019-03-06,10.67457082310486,10.81132015788631,10.67457082310486,10.684775352478027,906.0
2019-03-07,10.715391330693517,10.7694789502713,10.715391330693517,10.766417503356934,3443.0
2019-03-08,10.68477555656145,10.97052001953125,10.68477555656145,10.97052001953125,634.0
2019-03-11,10.848058245498123,10.848058245498123,10.521493911743164,10.521493911743164,2446.0
2019-03-12,10.49087763630712,10.582724571228027,10.470467696187557,10.582724571228027,1450.0
2019-03-13,10.511288909323461,10.78478670378049,10.47761210989186,10.613340377807617,5980.0
2019-03-14,10.613340377807617,10.613340377807617,10.613340377807617,10.613340377807617,181.0
2019-03-15,10.665386228170316,10.766417503356934,10.532719413699834,10.766417503356934,8154.0
2019-03-18,10.715391667653632,10.868468426951305,10.70212480943876,10.85826301574707,1450.0
2019-03-19,10.756212120109856,10.817441940307617,10.715391358224869,10.817441940307617,4168.0
2019-03-20,10.6041559389778,10.705186336342305,10.562314987182617,10.562314987182617,1450.0
2019-03-21,10.565375884658359,10.651099931303946,10.480673789978027,10.480673789978027,725.0
2019-03-22,10.480673291289412,10.532719653524973,10.460263350811205,10.5112886428833,2265.0
2019-03-25,10.461284781554733,10.664365768432617,10.461284781554733,10.664365768432617,1087.0
2019-03-26,10.470467738607804,10.684775196867491,10.470467738607804,10.521493911743164,725.0
2019-03-27,10.521493911743164,10.521493911743164,10.521493911743164,10.521493911743164,0.0
2019-03-28,10.470468164131853,10.490878105163574,10.460263634492586,10.490878105163574,544.0
2019-03-29,10.511288543849654,10.55210930617463,10.4602632522583,10.4602632522583,2990.0
2019-04-01,10.4602632522583,10.4602632522583,10.4602632522583,10.4602632522583,544.0
2019-04-02,10.51128928632656,10.51128928632656,10.460263991130978,10.470468521118164,2356.0
2019-04-03,10.47046798052732,10.598032093683356,10.47046798052732,10.522514343261719,906.0
2019-04-04,10.470467609564256,10.470467609564256,10.388826968008274,10.409236907958984,11687.0
2019-04-05,10.442914009094238,10.442914009094238,10.442914009094238,10.442914009094238,453.0
2019-04-08,10.419442675765044,10.439853498168139,10.388827323913574,10.388827323913574,2084.0
2019-04-09,10.388826968008274,10.409236907958984,10.021441876623504,10.409236907958984,16036.0
2019-04-10,10.296980161091206,10.296980161091206,10.20513498930147,10.225544929504395,725.0
2019-04-11,10.35821237486895,10.399033139509394,10.194930198060383,10.3071870803833,4168.0
2019-04-12,10.256160904144446,10.3071870803833,10.205135609658797,10.3071870803833,21653.0
2019-04-15,10.256160635468465,10.307186810370611,10.215339871897385,10.244935035705566,1812.0
2019-04-16,10.245956109042622,10.276570579538872,10.205135345458984,10.205135345458984,3715.0
2019-04-17,10.205135345458984,10.235749815955234,10.205135345458984,10.205135345458984,6704.0
2019-04-18,10.205135679844568,10.296980857849121,10.205135679844568,10.296980857849121,7339.0
2019-04-22,10.256160379729371,10.284734472640036,10.256160379729371,10.276570320129395,3715.0
2019-04-23,10.3071870803833,10.3071870803833,10.296980787031684,10.3071870803833,1087.0
2019-04-24,10.307186368406548,10.358211659367587,10.30208278120667,10.348006248474121,5798.0
2019-04-25,10.286776352662795,10.3582124710083,10.286776352662795,10.3582124710083,1631.0
2019-04-26,10.33780145551613,10.47046827804868,10.256160808747822,10.46944808959961,15221.0
2019-04-29,10.25616036492009,10.399032592773438,10.25616036492009,10.399032592773438,1812.0
2019-04-30,10.399032592773438,10.399032592773438,10.399032592773438,10.399032592773438,0.0
2019-05-01,10.358212140777074,10.43985366821289,10.286776024709031,10.43985366821289,22016.0
2019-05-02,10.307186326452292,10.409236907958984,10.307186326452292,10.409236907958984,2990.0
2019-05-03,10.409237267213202,10.49087791158685,10.349027633666992,10.349027633666992,1268.0
2019-05-06,10.256160379729371,10.562314776248686,10.256160379729371,10.276570320129395,1178.0
2019-05-07,10.276570320129395,10.276570320129395,10.276570320129395,10.276570320129395,91.0
2019-05-08,10.541903808351574,10.541903808351574,10.276570178053758,10.286775588989258,2356.0
2019-05-09,10.375560826214336,10.54190444946289,10.375560826214336,10.54190444946289,544.0
2019-05-10,10.54190444946289,10.54190444946289,10.54190444946289,10.54190444946289,0.0
2019-05-13,10.286776235879673,10.286776235879673,10.205135588521093,10.206155776977539,4892.0
2019-05-14,10.544966000298954,10.562315376465694,10.426587104797363,10.426587104797363,272.0
2019-05-15,10.286775588989258,10.286775588989258,10.286775588989258,10.286775588989258,272.0
2019-05-16,10.256160904144446,10.3071870803833,10.256160904144446,10.3071870803833,544.0
2019-05-17,10.345965795391477,10.345965795391477,10.31126880645752,10.31126880645752,453.0
2019-05-20,10.25616036492009,10.399032592773438,10.25616036492009,10.399032592773438,362.0
2019-05-21,10.205135239255029,10.36841652838396,10.18982712241303,10.27350902557373,16127.0
2019-05-22,10.27146864873067,10.399032762067955,10.205135239255029,10.27350902557373,11687.0
2019-05-23,10.256160195692365,10.348006248474121,10.256160195692365,10.348006248474121,4258.0
2019-05-24,10.252077862597469,10.276570320129395,10.245955850405938,10.276570320129395,725.0
2019-05-28,10.154108914222933,10.276570320129395,10.154108914222933,10.276570320129395,725.0
2019-05-29,10.240852355957031,10.240852355957031,10.205135180371471,10.240852355957031,1178.0
2019-05-30,10.223503670958157,10.227585306297481,10.20513498930147,10.225544929504395,6070.0
2019-05-31,10.225544929504395,10.225544929504395,10.225544929504395,10.225544929504395,634.0
2019-06-03,10.1877859698402,10.205135345458984,10.176561251827028,10.205135345458984,1178.0
2019-06-04,10.205135345458984,10.256160638623644,10.205135345458984,10.205135345458984,4983.0
2019-06-05,10.21431859048063,10.215339660644531,10.205135131277677,10.215339660644531,362.0
2019-06-06,10.225545551102414,10.3071870803833,10.205135609658797,10.3071870803833,1903.0
2019-06-07,10.256160997996533,10.275550751159024,10.184725761413574,10.184725761413574,12593.0
2019-06-10,10.031647425175734,10.184725063043286,10.031647425175734,10.103082656860352,3352.0
2019-06-11,10.10308332492072,10.143904089834859,10.10308332492072,10.123494148254395,2537.0
2019-06-12,10.154109312445012,10.194930076599121,10.154109312445012,10.194930076599121,2174.0
2019-06-13,10.205135300713454,10.276570534480127,10.205135300713454,10.266366004943848,9151.0
2019-06-14,10.215339709787417,10.2561604727107,10.215339709787417,10.240852355957031,1721.0
2019-06-17,10.16431403317017,10.296980857849121,10.16431403317017,10.296980857849121,5074.0
2019-06-18,10.296980857849121,10.296980857849121,10.296980857849121,10.296980857849121,91.0
2019-06-19,10.205135131277677,10.215339660644531,10.194929720157658,10.215339660644531,1993.0
2019-06-20,10.184725761413574,10.184725761413574,10.183704691192467,10.184725761413574,997.0
2019-06-21,10.123493818291708,10.205135345458984,10.123493818291708,10.205135345458984,1087.0
2019-06-24,10.184725359887716,10.266366004943848,10.184725359887716,10.266366004943848,544.0
2019-06-25,10.133699586031865,10.3582124710083,10.133699586031865,10.3582124710083,2265.0
2019-06-26,10.154108914222933,10.276570320129395,10.136760420795254,10.276570320129395,1540.0
2019-06-27,10.296980260529418,10.399032607789016,10.128596268284612,10.276570320129395,4258.0
2019-06-28,10.225545475561843,10.399033062687193,10.133699417114258,10.133699417114258,15402.0
2019-07-01,10.1336990605849,10.307186641606515,10.1336990605849,10.154109001159668,815.0
2019-07-02,10.13573943741516,10.154109001159668,10.1336990605849,10.154109001159668,725.0
2019-07-03,10.154108951880103,10.154108951880103,10.128596305847168,10.128596305847168,1903.0
2019-07-05,10.113289708672575,10.140842733263359,10.113289708672575,10.127575874328613,5617.0
2019-07-08,10.143904137709393,10.194930314531192,10.143904137709393,10.149006843566895,7067.0
2019-07-09,10.217381452358765,10.217381452358765,10.143904075616305,10.156149864196777,1268.0
2019-07-10,10.164313316345215,10.17451872729409,10.143903376200612,10.164313316345215,16217.0
2019-07-11,10.296980664354601,10.296980664354601,10.194930076599121,10.194930076599121,453.0
2019-07-12,10.20513496014072,10.276570191523408,10.164313316345215,10.164313316345215,5708.0
2019-07-15,10.16431412711647,10.174519538879395,10.16431412711647,10.174519538879395,725.0
2019-07-16,10.174519538879395,10.215340304177879,10.113289713561498,10.174519538879395,41948.0
2019-07-17,10.113289120010133,10.20513517522634,10.113289120010133,10.154109001159668,19751.0
2019-07-18,10.1541093584071,10.174519299699941,10.133699417114258,10.133699417114258,10781.0
2019-07-19,10.136760649787353,10.143903732299805,10.13369920274585,10.143903732299805,11687.0
2019-07-22,10.184725019996117,10.184725019996117,10.154108787149488,10.164313316345215,906.0
2019-07-23,10.154109597106762,10.174519538879395,10.154109597106762,10.174519538879395,362.0
2019-07-24,10.154109001159668,10.154109001159668,10.154109001159668,10.154109001159668,272.0
2019-07-25,10.154109001159668,10.194929764062373,10.154109001159668,10.154109001159668,4892.0
2019-07-26,10.168396047737323,10.20513517522634,10.154109001159668,10.154109001159668,4349.0
2019-07-29,10.164313700122163,10.409237399870808,10.164313700122163,10.205135345458984,2446.0
2019-07-30,10.439853269524281,10.439853269524281,10.225544929504395,10.225544929504395,725.0
2019-07-31,10.45005826275732,10.45005826275732,10.256160736083984,10.256160736083984,2809.0
2019-08-01,10.409237354230372,10.439853588098748,10.266366004943848,10.266366004943848,3262.0
2019-08-02,10.266366004943848,10.296980475305865,10.266366004943848,10.266366004943848,1087.0
2019-08-05,10.369438093876122,10.369438093876122,10.235750198364258,10.235750198364258,634.0
2019-08-06,10.225544929504395,10.276570220888281,10.225544929504395,10.225544929504395,1812.0
2019-08-07,10.234729241087424,10.234729241087424,10.11328890686028,10.164313316345215,26365.0
2019-08-08,10.299022489025974,10.378622756247955,10.154109001159668,10.154109001159668,2809.0
2019-08-09,10.154109001159668,10.168396047737323,10.154109001159668,10.154109001159668,815.0
2019-08-12,10.113289120010133,10.245955938129043,10.113289120010133,10.154109001159668,12503.0
2019-08-13,10.154109001159668,10.337801111592084,10.154109001159668,10.154109001159668,1812.0
2019-08-14,8.123287729979635,10.35821193392002,8.123287729979635,10.154109001159668,3533.0
2019-08-15,10.154109001159668,10.154109001159668,10.154109001159668,10.154109001159668,1540.0
2019-08-16,10.123493649420933,10.29698034868938,10.123493649420933,10.154109001159668,2809.0
2019-08-19,10.133698833722498,10.348006291095961,10.133698833722498,10.286775588989258,725.0
2019-08-20,10.143903759206935,10.348006695371943,10.143903759206935,10.205135345458984,10419.0
2019-08-21,10.225545383543626,10.27657067719316,10.225545383543626,10.256160736083984,21563.0
2019-08-22,10.225545668401992,10.256161021795219,10.225545668401992,10.235750198364258,3443.0
2019-08-23,10.215339660644531,10.262283317342185,10.215339660644531,10.215339660644531,1359.0
2019-08-26,10.215339830249736,10.266366004943848,10.205135300713454,10.266366004943848,2446.0
2019-08-27,10.225544979001457,10.266365741358051,10.215339567974018,10.251057624816895,4349.0
2019-08-28,10.256160280685357,10.266365691663395,10.225544929504395,10.225544929504395,13318.0
2019-08-29,10.225545434215254,10.368416786193848,10.215340022733498,10.368416786193848,14496.0
2019-08-30,10.296980599183343,10.378623008728027,10.296980599183343,10.378623008728027,725.0
2019-09-03,10.215340139504002,10.378623198065775,10.215340139504002,10.3071870803833,2809.0
2019-09-04,10.225545697795294,10.38882787694626,10.225545697795294,10.343925476074219,9966.0
2019-09-05,10.317390855551077,10.409236907958984,10.317390855551077,10.409236907958984,1812.0
2019-09-06,10.348006390647939,10.348006390647939,10.337800979614258,10.337800979614258,1812.0
2019-09-09,10.317391209009084,10.409237264563497,10.317391209009084,10.388827323913574,4530.0
2019-09-10,10.317391250392214,10.409237306315022,10.317391250392214,10.367396354675293,1903.0
2019-09-11,10.317391610228507,10.4092376693546,10.225545551102414,10.3071870803833,24462.0
2019-09-12,10.315349994583785,10.327596664428711,10.245956019726298,10.327596664428711,24915.0
2019-09-13,10.276570305290644,10.399032592773438,10.25616036492009,10.399032592773438,1450.0
2019-09-16,10.307186326452292,10.409236907958984,10.307186326452292,10.409236907958984,1178.0
2019-09-17,10.26636556479773,10.429646847909694,10.26636556479773,10.409236907958984,5436.0
2019-09-18,10.409237452784026,10.42862720536567,10.317391395568848,10.317391395568848,9694.0
2019-09-19,10.429647121892762,10.429647121892762,10.215339660644531,10.215339660644531,13499.0
2019-09-20,10.307187129389721,10.419443130493164,10.307187129389721,10.419443130493164,1631.0
2019-09-23,10.419442720376367,10.419442720376367,10.327596664428711,10.327596664428711,997.0
2019-09-24,10.429647062452688,10.429647062452688,10.399032592773438,10.399032592773438,1450.0
2019-09-25,10.46026348360416,10.46026348360416,10.327596664428711,10.327596664428711,4892.0
2019-09-26,10.3990323788602,10.409236907958984,10.3990323788602,10.409236907958984,1268.0
2019-09-27,10.372498876713875,10.41944253314399,10.327596478846765,10.399032592773438,3896.0
2019-09-30,10.399032592773438,10.399032592773438,10.399032592773438,10.399032592773438,0.0
2019-10-01,10.317390897546868,10.429646890362411,10.317390897546868,10.348006248474121,1631.0
2019-10-02,10.33780123871052,10.41944276551983,10.266366004943848,10.266366004943848,2446.0
2019-10-03,10.286775731205985,10.409237137112447,10.266365790805962,10.276570320129395,15402.0
2019-10-04,10.276570445956066,10.39903273511512,10.276570445956066,10.388827323913574,2356.0
2019-10-07,10.327596664428711,10.327596664428711,10.327596664428711,10.327596664428711,1268.0
2019-10-08,10.307186327715565,10.382704075470905,10.307186327715565,10.369437217712402,1812.0
2019-10-09,10.43985366821289,10.43985366821289,10.43985366821289,10.43985366821289,181.0
2019-10-10,10.399032592773438,10.399032592773438,10.399032592773438,10.399032592773438,997.0
2019-10-11,10.4500582433541,10.4500582433541,10.35821218590356,10.378623008728027,6342.0
2019-10-14,10.388827323913574,10.388827323913574,10.378622794465198,10.388827323913574,1812.0
2019-10-15,10.36841650151048,10.388827323913574,10.36841650151048,10.388827323913574,362.0
2019-10-16,10.32759680695493,10.405155817281505,10.317391395568848,10.317391395568848,2899.0
2019-10-17,10.317391395568848,10.317391395568848,10.317391395568848,10.317391395568848,91.0
2019-10-18,10.358211617205638,10.409236907958984,10.358211617205638,10.409236907958984,1178.0
2019-10-21,10.419442864170108,10.419442864170108,10.317391395568848,10.317391395568848,8154.0
2019-10-22,10.317391377059165,10.43985366821289,10.317391377059165,10.43985366821289,1631.0
2019-10-23,10.43985314051476,10.43985314051476,10.409236907958984,10.409236907958984,1268.0
2019-10-24,10.409236907958984,10.409236907958984,10.409236907958984,10.409236907958984,0.0
2019-10-25,10.450057841238769,10.470467781524679,10.348006376302905,10.4602632522583,11234.0
2019-10-28,10.501084356018021,10.501084356018021,10.38576602935791,10.38576602935791,4439.0
2019-10-29,10.511288587441216,10.511288587441216,10.38270428777573,10.399032592773438,1903.0
2019-10-30,10.399032949799306,10.409237479458351,10.378623008728027,10.378623008728027,3533.0
2019-10-31,10.470468357080552,10.48067376866107,10.378623179868699,10.379642486572266,2990.0
2019-11-01,10.419442887414219,10.501084415178632,10.40923747600537,10.41842269897461,4621.0
2019-11-04,10.378622707145219,10.5112886428833,10.378622707145219,10.5112886428833,8426.0
2019-11-05,10.501084475472659,10.664365768432617,10.483735099627362,10.664365768432617,4892.0
2019-11-06,10.684775831468711,10.776622772216797,10.53169906647724,10.776622772216797,15855.0
2019-11-07,10.776622772216797,10.776622772216797,10.776622772216797,10.776622772216797,91.0
2019-11-08,10.776622772216797,10.858263419627846,10.613340595641494,10.776622772216797,4802.0
2019-11-11,10.817442803545358,10.817442803545358,10.710289507456952,10.813361167907715,2446.0
2019-11-12,10.868468905761585,10.95011043548584,10.867448717297485,10.95011043548584,5798.0
2019-11-13,10.899084141328704,11.011340141296387,10.899084141328704,11.011340141296387,634.0
2019-11-14,11.059304227077336,11.062365674011783,10.996032266341388,11.052160263061523,9151.0
2019-11-15,10.90928945633334,11.236874875506517,10.90928945633334,11.223608016967773,15583.0
2019-11-18,11.133802041080415,11.327699563038596,11.133802041080415,11.276674270629883,10963.0
2019-11-19,11.21544369872063,11.409341222955396,11.123596760501485,11.25932502746582,13862.0
2019-11-20,11.174623041562166,11.327699803794932,11.174623041562166,11.31749439239502,14405.0
2019-11-21,11.315453970361835,11.378725051879883,11.315453970361835,11.378725051879883,2265.0
2019-11-22,11.317494151855586,11.37872485544731,11.240956213242516,11.276674270629883,10600.0
2019-11-25,11.164417630162252,11.327699803794932,11.164417630162252,11.31749439239502,8335.0
2019-11-26,11.184827533006995,11.299125671386719,11.184827533006995,11.299125671386719,6614.0
2019-11-27,11.266468573182358,11.327700161763644,11.266468573182358,11.29708480834961,6886.0
2019-11-29,11.266467835627939,11.327699420200725,11.266467835627939,11.286879539489746,5255.0
2019-12-02,11.174623162446933,11.4297513961792,11.174623162446933,11.4297513961792,10872.0
2019-12-03,11.12359703172664,11.409341501147818,11.12359703172664,11.368520736694336,2174.0
2019-12-04,11.235853959561549,11.429751489318367,11.235853959561549,11.307290077209473,5798.0
2019-12-05,11.368520555326668,11.715494843262817,11.368520555326668,11.613443374633789,15402.0
2019-12-06,11.5726220575266,11.715494283126937,11.5318021774292,11.5318021774292,4802.0
2019-12-09,11.572622157065497,11.5828275680542,11.524658312574273,11.5828275680542,1087.0
2019-12-10,11.480776985179793,11.5828275680542,11.480776985179793,11.5828275680542,3533.0
2019-12-11,11.511391454639591,11.5828275680542,11.511391454639591,11.5828275680542,906.0
2019-12-12,11.451182646062886,11.451182646062886,11.327700162178058,11.383828163146973,1993.0
2019-12-13,11.582828267423738,11.582828267423738,11.487920761108398,11.487920761108398,2174.0
2019-12-16,11.391992125159337,11.391992125159337,11.358315325142664,11.368520736694336,815.0
2019-12-17,11.225647926330566,11.225647926330566,11.116453378989366,11.225647926330566,2627.0
2019-12-18,11.225647926330566,11.225647926330566,11.225647926330566,11.225647926330566,0.0
2019-12-19,11.225648204970392,11.480777314739436,11.225648204970392,11.461386680603027,7248.0
2019-12-20,11.358315125778777,11.735905647277832,11.358315125778777,11.735905647277832,5255.0
2019-12-23,11.579767002861372,11.5828275680542,11.579767002861372,11.5828275680542,1540.0
2019-12-24,11.536905355387914,11.536905355387914,11.439955711364746,11.439955711364746,3443.0
2019-12-26,11.562417939417683,11.623648643493652,11.562417939417683,11.623648643493652,2084.0
2019-12-27,11.582827468427523,11.582827468427523,11.5318021774292,11.5318021774292,544.0
2019-12-30,11.633852859491403,11.633852859491403,11.5828275680542,11.5828275680542,2174.0
2019-12-31,11.654264832810536,11.684879302978516,11.58997180019826,11.684879302978516,8335.0
2020-01-02,11.72569996242093,11.929802894592285,11.679776494068767,11.929802894592285,5074.0
2020-01-03,11.837956299379826,11.837956299379826,11.552212715148926,11.552212715148926,453.0
2020-01-06,11.582828010297105,11.909392356872559,11.368520543623982,11.909392356872559,1178.0
2020-01-07,11.858367333911875,12.246162394094572,11.621607780456543,11.621607780456543,11234.0
2020-01-08,11.75631588269862,12.297188590938227,11.75631588269862,12.246162414550781,14043.0
2020-01-09,12.16452088503215,12.246162414550781,12.16452088503215,12.246162414550781,1721.0
2020-01-10,12.235957462201752,12.24616199172434,12.186971664428711,12.186971664428711,906.0
2020-01-13,12.246162397810657,12.246162397810657,11.890002879059756,12.105331420898438,3805.0
2020-01-14,12.082880237266728,12.246162414550781,11.980828766245043,12.246162414550781,2809.0
2020-01-15,12.246162397810657,12.297188574128352,12.105331420898438,12.105331420898438,5255.0
2020-01-16,12.072674714945022,12.1410493850708,12.072674714945022,12.1410493850708,634.0
2020-01-17,12.256367683410645,12.256367683410645,12.256367683410645,12.256367683410645,362.0
2020-01-21,12.235957884675859,12.246162414550781,12.235957884675859,12.246162414550781,5074.0
2020-01-22,12.246162414550781,12.246162414550781,12.246162414550781,12.246162414550781,0.0
2020-01-23,12.093084850098954,12.093084850098954,12.021649613471624,12.029813766479492,1812.0
2020-01-24,12.174725844727167,12.215546607971191,12.03695631987432,12.215546607971191,1450.0
2020-01-27,12.215546750479685,12.215546750479685,12.108392576371486,12.205341339111328,1993.0
2020-01-28,12.031853334221097,12.235957145690918,12.031853334221097,12.235957145690918,1178.0
2020-01-29,12.235957145690918,12.235957145690918,12.017566287856498,12.235957145690918,4892.0
2020-01-30,12.150233173793959,12.225750923156738,12.07471542443118,12.225750923156738,1721.0
2020-01-31,12.154314985410807,12.154314985410807,11.921638840007628,11.980828285217285,2627.0
2020-02-03,12.184931755065918,12.195136284980014,12.042060400489648,12.184931755065918,3624.0
2020-02-04,12.164520263671875,12.164520263671875,12.164520263671875,12.164520263671875,1540.0
2020-02-05,12.042059717575167,12.042059717575167,11.78693061263349,11.98388957977295,6433.0
2020-02-06,11.880818451594331,11.950213310211007,11.837956428527832,11.837956428527832,10238.0
2020-02-07,11.897146325768233,11.908371925354004,11.897146325768233,11.908371925354004,2265.0
2020-02-10,12.031853605381512,12.042059898376465,12.031853605381512,12.042059898376465,362.0
2020-02-11,11.977766990661621,11.977766990661621,11.977766990661621,11.977766990661621,181.0
2020-02-12,11.973684310913086,11.973684310913086,11.973684310913086,11.973684310913086,362.0
2020-02-13,11.940007898670755,11.980828663078565,11.837956428527832,11.837956428527832,4349.0
2020-02-14,11.837955973639366,11.837955973639366,11.726720166436513,11.807340621948242,2537.0
2020-02-18,11.633852889872944,11.633852889872944,11.34811019897461,11.34811019897461,6886.0
2020-02-19,11.327699347361875,11.5828275680542,11.327699347361875,11.5828275680542,906.0
2020-02-20,11.572622871312664,11.58282828293123,11.542008399963379,11.542008399963379,815.0
2020-02-21,11.542008399963379,11.542008399963379,11.542008399963379,11.542008399963379,0.0
2020-02-24,11.57262296718216,11.593033790588379,11.57262296718216,11.593033790588379,1721.0
2020-02-25,11.58486882660257,11.623648330255854,11.5828275680542,11.5828275680542,4983.0
2020-02-26,11.613443420216033,11.613443420216033,11.552212715148926,11.552212715148926,181.0
2020-02-27,11.58282754237042,11.58282754237042,11.439955315858011,11.441996574401855,453.0
2020-02-28,11.441996574401855,11.441996574401855,11.441996574401855,11.441996574401855,0.0
2020-03-02,10.490877895870389,11.62364855822566,10.480673366434702,10.980725288391113,5074.0
2020-03-03,11.429751128710311,11.435874022771937,11.301165944650265,11.327699661254883,1178.0
2020-03-04,10.97052034940954,11.225648586087146,10.63375146496651,10.715392112731934,2356.0
2020-03-05,11.668551336272182,11.668551336272182,10.725597411637953,10.960315704345703,25368.0
2020-03-06,11.091961263414913,11.501187324523926,11.052160688229687,11.501187324523926,7067.0
2020-03-09,10.65416120086184,10.715391905942557,10.200032736718859,10.256160736083984,7882.0
2020-03-10,10.3071870803833,10.536801787321929,10.3071870803833,10.3071870803833,3624.0
2020-03-11,10.205135669256844,10.205135669256844,8.9499035419434,9.419340133666992,13137.0
2020-03-12,8.725390022654295,9.025420638731022,8.3784148690689,8.929492950439453,11144.0
2020-03-13,9.123390435895182,9.286672601210455,8.521287947281255,8.532512664794922,9151.0
2020-03-16,8.37841510772705,8.778456822310973,8.37841510772705,8.37841510772705,725.0
2020-03-17,8.521288240400935,8.521288240400935,7.8681595566731835,7.878364086151123,11597.0
2020-03-18,7.337491989135742,7.337491989135742,7.337491989135742,7.337491989135742,181.0
2020-03-19,7.3374920948820845,7.3374920948820845,7.194620300569536,7.2456464767456055,6886.0
2020-03-20,7.2456464767456055,7.2456464767456055,7.2456464767456055,7.2456464767456055,0.0
2020-03-23,7.153799854908608,7.189517472220433,7.123184061549538,7.133389472961426,4258.0
2020-03-24,8.133492515709834,8.133492515709834,8.072261810302734,8.072261810302734,181.0
2020-03-25,8.378415397046082,8.378415397046082,7.449748516082764,7.449748516082764,725.0
2020-03-26,7.5487379546307185,8.164107294274226,7.5487379546307185,8.023276329040527,3171.0
2020-03-27,7.510979175567627,7.510979175567627,7.510979175567627,7.510979175567627,453.0
2020-03-30,6.73538896863072,7.584456443786621,6.73538896863072,7.584456443786621,1993.0
2020-03-31,7.584456443786621,7.584456443786621,7.584456443786621,7.584456443786621,0.0
2020-04-01,7.584456443786621,7.584456443786621,7.584456443786621,7.584456443786621,0.0
2020-04-02,5.469952246075342,6.63333781583277,5.469952246075342,6.378209590911865,2356.0
2020-04-03,6.327183568266012,6.63333797454834,6.077158042941683,6.63333797454834,1450.0
2020-04-06,6.725184251071946,6.725184251071946,6.3782095332501125,6.408824443817139,1450.0
2020-04-07,6.408824443817139,6.408824443817139,6.408824443817139,6.408824443817139,0.0
2020-04-08,6.459850125946382,6.679260730743408,6.408824393647618,6.679260730743408,1268.0
2020-04-09,6.780291175829563,7.439543624418202,6.740491483493137,7.3834147453308105,7973.0
2020-04-13,6.980312060554468,7.359943389892578,6.633337782230094,7.359943389892578,4530.0
2020-04-14,6.633338121507208,7.03031796462768,6.633338121507208,6.8884663581848145,1450.0
2020-04-15,6.888465957700057,7.118081092834473,6.888465957700057,7.118081092834473,2990.0
2020-04-16,6.888466205573686,7.143593995722438,6.63333797454834,6.63333797454834,4168.0
2020-04-17,6.8884663581848145,6.911937746825665,6.8884663581848145,6.8884663581848145,5617.0
2020-04-20,7.143593788146973,7.179312727016186,7.143593788146973,7.143593788146973,906.0
2020-04-21,7.2966712838329935,7.347697459684173,7.016030402787701,7.306877136230469,9060.0
2020-04-22,7.21503031383683,7.2456461061518835,7.199722638117593,7.235440254211426,1087.0
2020-04-23,7.276260975308843,7.276260975308843,7.256871223449707,7.256871223449707,362.0
2020-04-24,7.296670913696289,7.296670913696289,7.296670913696289,7.296670913696289,181.0
2020-04-27,7.306876921947598,7.352799949814994,7.194620043769629,7.317081451416016,1450.0
2020-04-28,7.249728139289195,7.345655387531229,7.051748544521588,7.296670913696289,3624.0
2020-04-29,7.072158528893249,7.195640563964844,7.041542736569271,7.195640563964844,906.0
2020-04-30,7.195640563964844,7.195640563964844,7.195640563964844,7.195640563964844,0.0
2020-05-01,7.248707207937951,7.439543724060059,7.248707207937951,7.439543724060059,634.0
2020-05-04,7.439543724060059,7.439543724060059,7.439543724060059,7.439543724060059,0.0
2020-05-05,7.439543724060059,7.439543724060059,7.439543724060059,7.439543724060059,1178.0
2020-05-06,7.500774537088907,7.500774537088907,7.194620132446289,7.194620132446289,4802.0
2020-05-07,7.194620132446289,7.194620132446289,7.194620132446289,7.194620132446289,0.0
2020-05-08,6.775189399719238,6.775189399719238,6.775189399719238,6.775189399719238,362.0
2020-05-11,6.990517030330441,7.296670986840085,6.990517030330441,7.143593788146973,2899.0
2020-05-12,7.143593788146973,7.143593788146973,7.143593788146973,7.143593788146973,0.0
2020-05-13,7.143593788146973,7.143593788146973,7.143593788146973,7.143593788146973,0.0
2020-05-14,7.25993274131475,7.296670986840085,7.143593788146973,7.143593788146973,1268.0
2020-05-15,6.993579027340198,7.000722550699584,6.9905171394348145,6.9905171394348145,1450.0
2020-05-18,7.143594042246311,7.143594042246311,6.990517278984802,7.025215148925781,5345.0
2020-05-19,6.981333097214515,7.010926937598697,6.968066239190816,7.000722408294678,2809.0
2020-05-20,7.226255416870117,7.226255416870117,7.226255416870117,7.226255416870117,1087.0
2020-05-21,7.095630383983445,7.235440283713473,7.095630383983445,7.143593788146973,1721.0
2020-05-22,7.245646091806527,7.255850621097041,7.143593744876116,7.204824447631836,7520.0
2020-05-26,7.143593802251428,7.282384395599365,7.115019709203435,7.282384395599365,3080.0
2020-05-27,7.347697396667714,7.57220983505249,7.347697396667714,7.57220983505249,3443.0
2020-05-28,7.434441080634421,7.480364549659027,7.255850791931152,7.255850791931152,1268.0
2020-05-29,7.3476972579956055,7.3476972579956055,7.3476972579956055,7.3476972579956055,453.0
2020-06-01,7.296670913696289,7.327286705829276,7.296670913696289,7.296670913696289,3262.0
2020-06-02,7.347697086959075,7.347697086959075,7.296670913696289,7.296670913696289,997.0
2020-06-03,7.296671083545055,7.3476972579956055,7.260953466832209,7.3476972579956055,1721.0
2020-06-04,7.409948350781712,8.05185053287958,7.403824575184076,8.041646003723145,19298.0
2020-06-05,7.755902678562971,7.883466791942024,7.706917762756348,7.706917762756348,2084.0
2020-06-08,7.67426211737522,8.12328787188973,7.5313890038432465,7.664055824279785,28177.0
2020-06-09,7.664055370443368,8.378414723529293,7.664055370443368,8.347800254821777,6614.0
2020-06-10,8.541698513405004,9.184621810913086,8.215134158836898,9.184621810913086,906.0
2020-06-11,9.480570793151855,9.480570793151855,9.480570793151855,9.480570793151855,544.0
2020-06-12,8.02123662842166,9.184621810913086,8.02123662842166,9.184621810913086,3624.0
2020-06-15,7.857953542510415,8.776416778564453,7.674262306104734,8.776416778564453,2265.0
2020-06-16,8.317185629858582,9.184621810913086,8.317185629858582,9.184621810913086,544.0
2020-06-17,9.059097703456162,9.796929359436035,9.031544680329288,9.796929359436035,2537.0
2020-06-18,8.817236850568454,9.950006700353565,8.817236850568454,9.582621574401855,1903.0
2020-06-19,8.970314500737713,9.582621574401855,8.735596201330976,9.582621574401855,2174.0
2020-06-22,8.939698014248355,9.327493071180704,8.633543604260772,9.307083129882812,1268.0
2020-06-23,9.643852798271528,9.643852798271528,8.929493397047947,9.429544448852539,815.0
2020-06-24,8.500876575975887,8.714164733886719,8.500876575975887,8.714164733886719,544.0
2020-06-25,8.868261337280273,8.868261337280273,8.868261337280273,8.868261337280273,181.0
2020-06-26,8.745800501668239,8.858057383393552,8.011031150817871,8.011031150817871,2718.0
2020-06-29,7.725286345197735,8.500876426696777,7.725286345197735,8.500876426696777,815.0
2020-06-30,8.500876426696777,8.500876426696777,8.500876426696777,8.500876426696777,0.0
2020-07-01,8.025318145751953,8.025318145751953,8.025318145751953,8.025318145751953,362.0
2020-07-02,7.674262046813965,7.674262046813965,7.674262046813965,7.674262046813965,634.0
2020-07-06,7.674262046813965,7.674262046813965,7.674262046813965,7.674262046813965,0.0
2020-07-07,7.914082050323486,7.914082050323486,7.914082050323486,7.914082050323486,91.0
2020-07-08,7.755902525191741,7.755902525191741,7.685486599893033,7.709979057312012,1268.0
2020-07-09,7.914082427498291,7.914082427498291,7.669158721441066,7.68446683883667,1087.0
2020-07-10,7.684466522768393,7.903876690808428,7.664055700413768,7.899795055389404,5798.0
2020-07-13,7.889589771723175,7.889589771723175,7.664055824279785,7.664055824279785,4077.0
2020-07-14,7.572209692143189,7.572209692143189,7.3476972579956055,7.3476972579956055,3624.0
2020-07-15,7.347697217040989,7.347697217040989,7.24564619133846,7.260953426361084,1087.0
2020-07-16,7.245646150001494,7.347697175121812,7.245646150001494,7.282384395599365,906.0
2020-07-17,7.2456464767456055,7.2456464767456055,7.2456464767456055,7.2456464767456055,181.0
2020-07-20,7.296670942641995,7.296670942641995,6.959902077485534,7.204824447631836,3896.0
2020-07-21,7.143593788146973,7.143593788146973,7.143593788146973,7.143593788146973,362.0
2020-07-22,7.143593788146973,7.143593788146973,7.143593788146973,7.143593788146973,0.0
2020-07-23,7.255850837024176,7.347697334767599,7.194620132446289,7.194620132446289,362.0
2020-07-24,7.143593788146973,7.143593788146973,7.143593788146973,7.143593788146973,362.0
2020-07-27,7.2456464767456055,7.2456464767456055,7.2456464767456055,7.2456464767456055,91.0
2020-07-28,7.2456464767456055,7.2456464767456055,7.2456464767456055,7.2456464767456055,0.0
2020-07-29,7.245646262400379,7.255850791931152,7.245646262400379,7.255850791931152,634.0
2020-07-30,7.255850791931152,7.255850791931152,7.255850791931152,7.255850791931152,0.0
2020-07-31,7.285446171125313,7.296671330291869,7.2456464767456055,7.2456464767456055,453.0
2020-08-03,7.270138247183215,7.279322147369385,7.143593881260498,7.279322147369385,1178.0
2020-08-04,6.888465943393192,7.174209515995824,6.721102140587687,6.984394073486328,8335.0
2020-08-05,6.929286327203829,7.143593788146973,6.898671416517104,7.143593788146973,1268.0
2020-08-06,7.082363892748806,7.153800010681152,6.898671773854096,7.153800010681152,1631.0
2020-08-07,6.898671388388211,7.240543400619945,6.898671388388211,7.235440254211426,1268.0
2020-08-10,7.2456463665967235,7.2456463665967235,6.89867163636104,6.900712013244629,1721.0
2020-08-11,7.079302067025707,7.245646123525937,6.949696255989108,7.073178291320801,5345.0
2020-08-12,6.898671773854096,7.153800010681152,6.857851449947472,7.153800010681152,2356.0
2020-08-13,7.153800010681152,7.153800010681152,7.153800010681152,7.153800010681152,815.0
2020-08-14,6.949696322366194,6.949696322366194,6.878261089324951,6.878261089324951,906.0
2020-08-17,6.949696389651773,7.225235881187902,6.837439951656985,7.021132946014404,997.0
2020-08-18,7.1231838186448275,7.235440254211426,6.786414511945033,7.235440254211426,29173.0
2020-08-19,7.225236038362618,7.225236038362618,6.9496965408325195,6.9496965408325195,1268.0
2020-08-20,6.9496965408325195,6.9496965408325195,6.9496965408325195,6.9496965408325195,0.0
2020-08-21,6.7864148627218945,6.837440157172366,6.7455945389861975,6.832338333129883,1540.0
2020-08-24,6.725184440612793,6.725184440612793,6.725184440612793,6.725184440612793,997.0
2020-08-25,6.832338173685407,6.832338173685407,6.725184440612793,6.725184440612793,2537.0
2020-08-26,6.725184337235009,6.939491800085959,6.725184337235009,6.753758430480957,1631.0
2020-08-27,6.694568491777133,6.939491745410806,6.694568491777133,6.704773902893066,7157.0
2020-08-28,6.704773902893066,6.704773902893066,6.704773902893066,6.704773902893066,0.0
2020-08-31,6.694568634033203,6.694568634033203,6.694568634033203,6.694568634033203,453.0
2020-09-01,6.694568518931697,6.760901927947998,6.694568518931697,6.760901927947998,1178.0
2020-09-02,6.760901927947998,6.760901927947998,6.760901927947998,6.760901927947998,181.0
2020-09-03,6.766004892541406,6.837440128117873,6.766004892541406,6.816009998321533,3171.0
2020-09-04,6.827235250670472,6.827235250670472,6.73538875579834,6.73538875579834,2990.0
2020-09-08,6.73538901582464,6.73538901582464,6.66395378112793,6.66395378112793,1268.0
2020-09-09,6.88846605168705,8.164107619192855,6.88846605168705,7.939594745635986,9604.0
2020-09-10,7.908979295351684,8.143697577158918,7.878363943964058,7.888569355010986,1359.0
2020-09-11,7.952861915229092,8.004908279800325,7.91918423338662,7.9804158210754395,1721.0
2020-09-14,8.011030804867817,8.062056978631505,7.755902581308855,7.827338695526123,3624.0
2020-09-15,7.912040735226233,8.062056926819663,7.796722412109375,7.796722412109375,2718.0
2020-09-16,7.847748756408692,7.847748756408692,7.847748756408692,7.847748756408691,544.0
2020-09-17,8.062057495117188,8.062057495117188,8.062057495117188,8.062057495117188,634.0
2020-09-18,7.908979868607761,8.113081932067871,7.849789538349156,8.113081932067871,11687.0
2020-09-21,7.931430816650391,7.931430816650391,7.931430816650391,7.931430816650391,725.0
2020-09-22,7.817133471762706,7.92938946957738,7.7559027671813965,7.7559027671813965,1631.0
2020-09-23,7.973271634272532,7.973271634272532,7.81713342666626,7.81713342666626,181.0
2020-09-24,7.776312876840326,7.81509326445327,6.92928664216634,7.588539123535156,6433.0
2020-09-25,7.588539123535156,7.588539123535156,7.588539123535156,7.588539123535156,0.0
2020-09-28,7.602824880472472,7.623235702514648,7.602824880472472,7.623235702514648,634.0
2020-09-29,7.255850606619027,7.333409614188602,7.245646077348874,7.327286720275879,3262.0
2020-09-30,7.298712613124135,7.298712613124135,7.296670913696289,7.296670913696289,997.0
2020-10-01,7.337491989135742,7.337491989135742,7.337491989135742,7.337491989135742,181.0
2020-10-02,7.337491989135742,7.337491989135742,7.337491989135742,7.337491989135742,0.0
2020-10-05,7.373210547609763,7.373210547609763,7.306877136230469,7.306877136230469,2084.0
2020-10-06,7.34769718849049,7.449748213796484,6.7149784508597765,6.8170294761657715,8879.0
2020-10-07,7.051748972345878,7.3885178565979,7.051748972345878,7.3885178565979,2174.0
2020-10-08,7.143594050419111,7.293610248515533,7.143594050419111,7.290548801422119,2265.0
2020-10-09,7.290548801422119,7.290548801422119,7.290548801422119,7.290548801422119,0.0
2020-10-12,7.215030566540846,7.354840470597602,7.215030566540846,7.3119797706604,906.0
2020-10-13,7.3476972579956055,7.3476972579956055,7.3476972579956055,7.3476972579956055,272.0
2020-10-14,7.288506775614514,7.327286720275879,7.255850606619027,7.327286720275879,815.0
2020-10-15,7.327286720275879,7.327286720275879,7.327286720275879,7.327286720275879,0.0
2020-10-16,7.296671215586505,7.398723125457764,7.255850892514597,7.398723125457764,4349.0
2020-10-19,7.398723125457764,7.398723125457764,7.398723125457764,7.398723125457764,91.0
2020-10-20,7.322184389482439,7.449748506789367,7.322184389482439,7.4477081298828125,4168.0
2020-10-21,7.4058668754081145,7.449748203410063,7.398722911266496,7.4089274406433105,13499.0
2020-10-22,7.514041191379217,7.643645679555044,7.470158100128174,7.470158100128174,725.0
2020-10-23,7.439543973547663,7.91918420791626,7.439543973547663,7.91918420791626,4802.0
2020-10-26,7.8579535484313965,7.8579535484313965,7.8579535484313965,7.8579535484313965,181.0
2020-10-27,7.8579535484313965,7.8579535484313965,7.8579535484313965,7.8579535484313965,0.0
2020-10-28,7.8069291032635,7.8069291032635,7.526287339429421,7.66813850402832,7248.0
2020-10-29,7.784476729186992,7.8579532207405265,7.5569024085998535,7.5569024085998535,4168.0
2020-10-30,7.5569024085998535,7.5569024085998535,7.5569024085998535,7.5569024085998535,0.0
2020-11-02,7.6538513720507595,7.8477488989942294,7.245646377026208,7.837543487548828,4530.0
2020-11-03,7.6538513720507595,7.8477488989942294,7.480364667998091,7.837543487548828,1268.0
2020-11-04,7.8171335923321745,7.8579534748471875,7.776312828063965,7.776312828063965,2174.0
2020-11-05,7.806929135686421,7.8579535484313965,7.806929135686421,7.8579535484313965,1812.0
2020-11-06,7.36096413013127,7.847748756408692,7.357901801350736,7.847748756408691,3805.0
2020-11-09,7.949800348772395,8.164107816330059,7.949800348772395,7.960005760192871,29807.0
2020-11-10,7.8885693140276185,8.161046028137207,7.8885693140276185,8.161046028137207,13771.0
2020-11-11,8.092671990628093,8.47026252746582,7.981436176460163,8.47026252746582,9332.0
2020-11-12,8.389641018623257,8.470262359336004,8.109000135827216,8.419236183166504,7792.0
2020-11-13,8.327390622488824,8.470261969327955,8.327390622488824,8.468220710754395,4077.0
2020-11-16,8.47026248007702,8.72539071930169,8.419236303180156,8.531493186950684,20294.0
2020-11-17,8.59272365007075,9.345862557706687,8.572313708942913,9.13359546661377,82808.0
2020-11-18,9.006031060399017,9.439749569852738,9.006031060399017,9.363211631774902,9060.0
2020-11-19,8.929493347748217,9.317288398742676,8.929493347748217,9.317288398742676,453.0
2020-11-20,9.31728816352567,9.388723396047684,9.138697877837728,9.363211631774902,1359.0
2020-11-23,9.388723491843232,9.875508556888596,9.297897624581111,9.796929359436035,14405.0
2020-11-24,10.001032752104784,10.001032752104784,9.847955103857313,9.95408821105957,2990.0
2020-11-25,9.837750649846308,10.184725832248585,9.837750649846308,10.001032829284668,3352.0
2020-11-27,9.980621480256202,9.980621480256202,9.970416069030762,9.970416069030762,634.0
2020-11-30,10.082673037934308,10.154109153648536,10.001032392656034,10.151047706604004,1359.0
2020-12-01,10.09287860554078,10.09287860554078,9.368313789367676,9.368313789367676,16217.0
2020-12-02,9.33769837250845,9.91633038572449,9.33769837250845,9.552006721496582,8063.0
2020-12-03,9.68467308815357,9.68467308815357,9.582620742399186,9.608134269714355,2809.0
2020-12-04,9.633647321942,9.664263556012607,9.582621146910837,9.613237380981445,4168.0
2020-12-07,9.705083078371949,9.705083078371949,9.613237024822466,9.633646965026855,5345.0
2020-12-08,9.686713514960791,10.011237471956711,9.623442435801236,9.633646965026855,4892.0
2020-12-09,9.623443150976113,9.885714473193723,9.623443150976113,9.766314506530762,5708.0
2020-12-10,9.919390579388137,9.919390579388137,9.643852417552631,9.868365287780762,6342.0
2020-12-11,9.950005937063494,9.960211348092756,9.950005937063494,9.955108642578125,2809.0
2020-12-14,9.878570514636902,10.14390326050306,9.878570514636902,9.939801216125488,4892.0
2020-12-15,10.103082656860352,10.103082656860352,10.103082656860352,10.103082656860352,362.0
2020-12-16,10.082672937699094,10.082672937699094,9.705083303753606,9.796929359436035,11144.0
2020-12-17,9.735698960770472,9.796929666477764,9.664263725280762,9.664263725280762,997.0
2020-12-18,9.875508938770698,9.875508938770698,9.654057502746582,9.654057502746582,4439.0
2020-12-21,9.69487824922981,10.052058837391414,9.69487824922981,9.950006484985352,12322.0
2020-12-22,9.96021179980653,9.96021179980653,9.898981094360352,9.898981094360352,5708.0
2020-12-23,10.011238098144531,10.11328956905595,9.963273368946707,10.011238098144531,3896.0
2020-12-24,10.062263488769531,10.062263488769531,10.062263488769531,10.062263488769531,91.0
2020-12-28,9.950005902542712,10.06328296661377,9.950005902542712,10.06328296661377,4168.0
2020-12-29,10.06328296661377,10.06328296661377,10.06328296661377,10.06328296661377,0.0
2020-12-30,10.092878084962528,10.176560867587646,10.092878084962528,10.164313316345215,6070.0
2020-12-31,9.950006671442912,10.10206413269043,9.8989813760369,10.10206413269043,3805.0
2021-01-04,9.909185409545898,9.909185409545898,9.909185409545898,9.909185409545898,272.0
2021-01-05,10.011238241047446,10.037771077176163,10.001032829284668,10.001032829284668,725.0
2021-01-06,9.898980862907441,10.203094006131844,9.898980862907441,10.031647682189941,5345.0
2021-01-07,10.194929617486876,10.307186493417069,10.18472508822279,10.243913650512695,8788.0
2021-01-08,10.090837207424798,10.307186813541488,10.090837207424798,10.205135345458984,7701.0
2021-01-11,10.123493959767728,10.307186957584621,10.123493959767728,10.194930076599121,2265.0
2021-01-12,10.235750198364258,10.245956491832954,10.235750198364258,10.235750198364258,725.0
2021-01-13,10.17451944925868,10.266366390809553,10.10818603689039,10.257181167602539,9241.0
2021-01-14,10.103082600915997,10.307186410860258,10.103082600915997,10.286775588989258,5074.0
2021-01-15,10.235750149576765,10.235750149576765,10.123494148254395,10.123494148254395,1721.0
2021-01-19,10.205135397334692,10.317391395568848,10.021442401151146,10.317391395568848,30079.0
2021-01-20,10.220442181414803,10.388827053084814,10.215339475947054,10.286775588989258,38867.0
2021-01-21,10.031749725341797,10.077978279721027,9.939290853077027,10.031749725341797,712000.0
2021-01-22,9.97627479728158,10.022504236062952,9.939291422607123,10.004012107849121,239200.0
2021-01-25,10.031750300169866,10.031750300169866,9.948537486714038,10.004012107849121,38300.0
2021-01-26,10.01325786389309,10.01325786389309,9.948537180642257,9.976274490356445,34700.0
2021-01-27,9.9485371388268,9.973500452938692,9.893061637878418,9.893061637878418,50400.0
2021-01-28,9.95778312779446,9.95778312779446,9.809848753627977,9.939291000366211,98100.0
2021-01-29,9.902307392612695,9.920798637849597,9.846831893395693,9.865324020385742,50300.0
2021-02-01,9.939290691400517,9.939290691400517,9.837586638966155,9.911553382873535,111200.0
2021-02-02,9.902308195321643,10.022504385240964,9.856078755852177,9.957783699035645,110200.0
2021-02-03,9.911553690977007,9.939291000366211,9.902307627262882,9.939291000366211,49700.0
2021-02-04,9.939291191760821,9.939291191760821,9.902307817945328,9.930045127868652,59400.0
2021-02-05,9.930044936652088,9.97627437346954,9.930044936652088,9.939291000366211,88300.0
2021-02-08,9.95778312779446,9.986444514503177,9.920798872937963,9.939291000366211,67000.0
2021-02-09,9.957782863230827,10.013257480535358,9.911553427641621,9.994766235351562,29200.0
2021-02-10,10.022504131981828,10.35535450059537,9.94853738340104,10.346108436584473,124200.0
2021-02-11,10.37384631975229,10.669713305266468,10.235158008977642,10.318370819091797,15400.0
2021-02-12,10.170437005084572,10.290633184591403,10.040994762134183,10.077978134155273,27900.0
2021-02-16,10.170437284238718,10.262896157705791,10.170437284238718,10.23515796661377,14400.0
2021-02-17,10.33686316975395,10.33686316975395,10.225913047790527,10.225913047790527,3400.0
2021-02-18,10.22591259381493,10.253649902636102,10.207420466765383,10.244403839111328,3600.0
2021-02-19,10.309124723708722,10.47555034342613,10.309124723708722,10.447813034057617,36500.0
2021-02-22,10.475550151878345,10.475550151878345,10.355353971141717,10.457058906555176,40300.0
2021-02-23,10.483871373838204,10.529175851228434,10.438566896447972,10.49404239654541,14600.0
2021-02-24,10.438567392398456,10.549517516111564,10.438567392398456,10.512534141540527,10300.0
2021-02-25,10.531025623598245,10.554139900629574,10.476475083321287,10.540270805358887,4800.0
2021-02-26,10.53287514940244,10.53287514940244,10.364600488995116,10.392337799072266,1800.0
2021-03-01,10.355354309082031,10.355354309082031,10.318370935475613,10.355354309082031,11300.0
2021-03-02,10.3553540005294,10.3784691594404,10.318370628024956,10.327616691589355,14200.0
2021-03-03,10.39233768268845,10.401583746528349,10.318370935475613,10.355354309082031,29000.0
2021-03-04,10.364600331123773,10.45705920564354,10.262896274554567,10.272141456604004,43100.0
2021-03-05,10.387714458999444,10.387714458999444,10.318370744986721,10.36460018157959,9900.0
2021-03-08,10.355353971141717,10.484796215416505,10.355353971141717,10.457058906555176,15100.0
2021-03-09,10.457059596657599,10.475550843201079,10.429321404212567,10.466304779052734,23800.0
2021-03-10,10.526403352828428,10.549517631530762,10.484796945761659,10.549517631530762,19800.0
2021-03-11,10.549516986252277,10.614237668062634,10.549516986252277,10.577254295349121,13800.0
2021-03-12,10.586500738619613,10.697450860739048,10.573556601793337,10.604992866516113,11900.0
2021-03-15,10.665090032802285,10.775116072566338,10.632729692210843,10.752925872802734,11800.0
2021-03-16,10.817647287732875,11.067285729376344,10.762172666314244,11.058039665222168,13000.0
2021-03-17,11.095023040085659,11.18748191812099,10.78990997702356,11.058039665222168,9600.0
2021-03-18,10.86387590567271,11.13200557360642,10.86387590567271,11.095022201538086,30200.0
2021-03-19,11.030301520856787,11.095022201538086,11.030301520856787,11.095022201538086,3700.0
2021-03-22,11.067284892925121,11.095022201538086,11.048792766014383,11.095022201538086,4400.0
2021-03-23,11.030302317112794,11.187481880187988,11.011810188867145,11.187481880187988,9400.0
2021-03-24,11.187481541945708,11.242956161499023,11.0210559197794,11.242956161499023,6400.0
2021-03-25,11.205972862916424,11.242956236784009,11.0210559935785,11.19672679901123,12700.0
2021-03-26,11.104268309582432,11.178235054016113,11.104268309582432,11.178235054016113,2500.0
2021-03-29,11.067285126621343,11.168989181518555,11.058039062970733,11.168989181518555,2700.0
2021-03-30,11.1597436900446,11.187481882418604,11.122760315299134,11.164366722106934,7400.0
2021-03-31,11.159743655102693,11.298431971278854,11.132006344568742,11.2706937789917,5000.0
2021-04-01,11.122760313081422,11.233710437295699,11.122760313081422,11.187481880187988,4700.0
2021-04-05,11.158819610459155,11.279939876156616,11.158819610459155,11.187481880187988,4400.0
2021-04-06,11.26144790649414,11.26144790649414,11.196726343543762,11.26144790649414,4600.0
2021-04-07,11.27254327238527,11.27254327238527,11.205972671508789,11.205972671508789,2600.0
2021-04-08,11.205972787879086,11.27531650319732,11.205972787879086,11.242956161499023,7700.0
2021-04-09,11.21521930596046,11.224465370178223,11.21521930596046,11.224465370178223,3000.0
2021-04-12,11.205972480416756,11.233709789432377,11.205972480416756,11.215218544006348,2800.0
2021-04-13,11.205972713456308,11.289185523986816,11.205972713456308,11.289185523986816,11100.0
2021-04-14,11.289185984417006,11.437119483947754,11.233710481216372,11.437119483947754,20900.0
2021-04-15,11.326169089429403,11.381644591308216,11.24295627748778,11.279939651489258,5300.0
2021-04-16,11.252202647348083,11.363152772368998,11.252202647348083,11.307677268981934,12600.0
2021-04-19,11.298431513343909,11.464856251555481,11.289185449622941,11.33541488647461,4300.0
2021-04-20,11.337263820233874,11.464856147766113,11.326168720219789,11.464856147766113,6100.0
2021-04-21,11.44174259292287,11.641452642280912,11.390890121459961,11.390890121459961,7000.0
2021-04-22,11.418627635850305,11.54806900024414,11.39088944483463,11.54806900024414,3100.0
2021-04-23,11.511085510253906,11.511085510253906,11.511085510253906,11.511085510253906,700.0
2021-04-26,11.446365356445312,11.446365356445312,11.446365356445312,11.446365356445312,1200.0
2021-04-27,11.47410289722941,11.529578400615698,11.464856833039493,11.520332336425781,5400.0
2021-04-28,11.548069116926289,11.932696904732923,11.483348434075431,11.585052490234375,1500.0
2021-04-29,11.483348695162176,11.575807571411133,11.483348695162176,11.575807571411133,700.0
2021-04-30,11.557314946390097,11.557314946390097,11.464856074117714,11.511085510253906,5000.0
2021-05-03,11.48427224115701,11.741307693615907,11.448213827775236,11.71172046661377,30900.0
2021-05-04,11.51108550939202,11.534200668334961,11.51108550939202,11.534200668334961,7200.0
2021-05-05,11.5573148727417,11.5573148727417,11.511085436900101,11.5573148727417,4600.0
2021-05-06,11.566561813775362,11.603545188903809,11.557315749554945,11.603545188903809,4700.0
2021-05-07,11.60354454335726,11.686757353205147,11.594298479651238,11.631281852722168,21500.0
2021-05-10,11.566561053646737,11.594298362731934,11.566561053646737,11.594298362731934,1200.0
2021-05-11,11.52957832415239,11.64052844843594,11.242956508438311,11.566561698913574,16100.0
2021-05-12,11.64052833209803,11.677511706489595,11.52957820892334,11.52957820892334,7300.0
2021-05-13,11.61279090493499,11.659019461144554,11.492594718933105,11.492594718933105,7400.0
2021-05-14,11.659019119047354,11.677511246391138,11.538822936572249,11.54806900024414,5300.0
2021-05-17,11.5203318818496,11.548069191571663,11.5203318818496,11.538823127746582,7900.0
2021-05-18,11.640528564032255,11.649774628252672,11.585053060462977,11.603545188903809,10800.0
2021-05-19,11.603544308583295,11.622035553868045,11.52033150041905,11.5573148727417,8100.0
2021-05-20,11.575806999779598,11.585052181545397,11.52033150041905,11.5573148727417,24400.0
2021-05-21,11.603544617765005,11.603544617765005,11.557315180691603,11.585052490234375,9000.0
2021-05-24,11.631281735429916,11.631281735429916,11.594298362731934,11.594298362731934,3500.0
2021-05-25,11.575807571411133,11.575807571411133,11.565636548336768,11.575807571411133,32100.0
2021-05-26,11.57580729578137,11.57580729578137,11.37239830192892,11.418627738952637,24200.0
2021-05-27,11.502764596830763,11.59060043877343,11.427872891410892,11.501839637756348,6500.0
2021-05-28,11.54806880922275,11.67751105322859,11.54806880922275,11.5573148727417,15300.0
2021-06-01,11.557315749554945,11.603545188903809,11.557315749554945,11.603545188903809,14100.0
2021-06-02,11.649774138302831,11.75147819519043,11.612790764729779,11.75147819519043,17100.0
2021-06-03,11.67751163832373,11.77921569686855,11.668265574341513,11.742232322692871,9400.0
2021-06-04,11.760724526746142,11.812501074576435,11.668265649832165,11.696002960205078,5700.0
2021-06-07,11.668265840835872,11.899412155151367,11.668265840835872,11.899412155151367,600.0
2021-06-08,11.890165667345977,11.890165667345977,11.834691047668457,11.834691047668457,1000.0
2021-06-09,11.788461302929669,11.806953430175781,11.788461302929669,11.806953430175781,1700.0
2021-06-10,11.788462030090315,11.899412155151367,11.788462030090315,11.899412155151367,3700.0
2021-06-11,11.880920190371901,12.181410204468191,11.834690753952511,11.97337818145752,15100.0
2021-06-14,11.825444867243583,11.89941161391999,11.788461493905379,11.797707557678223,2500.0
2021-06-15,11.797707557678223,11.797707557678223,11.797707557678223,11.797707557678223,0.0
2021-06-16,11.71449455745154,11.968755134813465,11.659019057466363,11.806953430175781,11800.0
2021-06-17,11.825444983804477,11.908657795073939,11.760724300262975,11.834691047668457,8900.0
2021-06-18,11.659019371462353,12.001115798950195,11.659019371462353,12.001115798950195,8200.0
2021-06-21,11.825444983804477,11.834691047668457,11.723740926560234,11.834691047668457,4700.0
2021-06-22,11.696002913620063,12.010362035771662,11.696002913620063,11.789386749267578,4000.0
2021-06-23,11.982624053955078,11.982624053955078,11.982624053955078,11.982624053955078,200.0
2021-06-24,12.001115455536578,12.001115455536578,11.744080883169834,11.81897258758545,4600.0
2021-06-25,11.723740926560234,11.834691047668457,11.723740926560234,11.834691047668457,7300.0
2021-06-28,11.839314230999772,11.964132567746942,11.739458327147567,11.742232322692871,2400.0
2021-06-29,11.779215812683105,11.834691315368662,11.769969748609979,11.779215812683105,6500.0
2021-06-30,11.834691317863479,12.001116062448826,11.793084911278841,11.991870880126953,36000.0
2021-07-01,12.010361425424218,13.0736349246533,11.954886807718477,12.74078369140625,30500.0
2021-07-02,12.85173431146445,12.85173431146445,12.632608063971915,12.652024269104004,1700.0
2021-07-06,12.617814454770548,12.617814454770548,11.843936744735961,12.019607543945312,8300.0
2021-07-07,12.00111559454819,12.00111559454819,11.751478046526461,11.843936920166016,10000.0
2021-07-08,11.876297274451709,12.010361671447754,11.876297274451709,12.010361671447754,12600.0
2021-07-09,12.079705238342285,12.079705238342285,12.079705238342285,12.079705238342285,400.0
2021-07-12,12.204524319990563,12.85450777142587,12.204524319990563,12.361703872680664,6700.0
2021-07-13,12.463407938560156,12.463407938560156,12.028853534101446,12.065836906433105,1600.0
2021-07-14,12.444916842374166,12.713046515429461,12.435670778742185,12.481900215148926,8100.0
2021-07-15,12.213770412400395,12.232261657714844,12.213770412400395,12.232261657714844,600.0
2021-07-16,12.04179850724524,12.241508555365591,11.862428742181422,12.028854370117188,12000.0
2021-07-19,11.714495025050136,12.167541579625883,11.714495025050136,12.121312141418457,3200.0
2021-07-20,12.241507823577036,12.241507823577036,12.019607587429858,12.10282039642334,9500.0
2021-07-21,12.223016578108018,12.250753887188125,12.10282039642334,12.10282039642334,2500.0
2021-07-22,12.028854299880015,12.241508483886719,12.028854299880015,12.241508483886719,800.0
2021-07-23,12.23041319201146,12.250754356384277,12.107443891936335,12.250754356384277,4200.0
2021-07-26,12.06583763586662,12.241508444623797,11.92714931992371,12.158295631408691,4100.0
2021-07-27,12.241508483886719,12.241508483886719,12.241508483886719,12.241508483886719,300.0
2021-07-28,12.03810036398984,12.241508483886719,12.03810036398984,12.241508483886719,1600.0
2021-07-29,11.908657353585266,12.065836906433105,11.908657353585266,12.065836906433105,1100.0
2021-07-30,12.05659088686832,12.149049758911133,12.028853577956736,12.149049758911133,6100.0
2021-08-02,12.149049758911133,12.149049758911133,12.149049758911133,12.149049758911133,1600.0
2021-08-03,12.149050449081725,12.158295631408691,12.130558320921391,12.158295631408691,1300.0
2021-08-04,12.158295631408691,12.158295631408691,12.158295631408691,12.158295631408691,0.0
2021-08-05,12.158295364882337,12.213770866394043,12.158295364882337,12.213770866394043,500.0
2021-08-06,12.250754432255636,12.306229934637257,12.14905037326806,12.204524993896484,14400.0
2021-08-09,12.250754274679224,12.518883955609624,12.084328651428223,12.084328651428223,4500.0
2021-08-10,12.260000613764051,12.454163551330566,12.250754549652978,12.454163551330566,5900.0
2021-08-11,12.250754259269707,12.332118034362793,12.167541447748874,12.332118034362793,2400.0
2021-08-12,12.343213464642902,12.343213464642902,12.260000650897615,12.324721336364746,2100.0
2021-08-13,12.278491231258988,12.287737294896425,12.25722599029541,12.25722599029541,3100.0
2021-08-16,12.63907972480972,12.64832578840873,12.421802520751953,12.421802520751953,3100.0
2021-08-17,12.481900289342665,12.491146353029604,12.435670852661133,12.435670852661133,2400.0
2021-08-18,12.472654874156778,12.472654874156778,12.195279121398926,12.195279121398926,1200.0
2021-08-19,12.625211129443242,12.625211129443242,12.250754356384277,12.250754356384277,1400.0
2021-08-20,12.25075410260235,12.657571209358881,12.25075410260235,12.472654342651367,14400.0
2021-08-23,12.481900068398081,12.666816930097793,12.306229270221642,12.574358940124512,3200.0
2021-08-24,12.574359205697302,12.574359205697302,12.51888370513916,12.51888370513916,600.0
2021-08-25,12.838789926723798,12.838789926723798,12.51888370513916,12.51888370513916,500.0
2021-08-26,12.925701056186169,12.925701056186169,12.260000327301112,12.805505752563477,4200.0
2021-08-27,12.805505627334895,12.916455747730726,12.555867195129395,12.555867195129395,1200.0
2021-08-30,12.528130121304613,12.879472616715182,12.528130121304613,12.842489242553711,1100.0
2021-08-31,12.851734267186746,12.944193142333257,12.72229290008545,12.72229290008545,6300.0
2021-09-01,12.777767181396484,12.777767181396484,12.777767181396484,12.777767181396484,400.0
2021-09-02,12.918305109112861,13.027406195842943,12.918305109112861,12.985799789428711,5800.0
2021-09-03,12.944192928921279,13.027405738830566,12.944192928921279,13.027405738830566,3500.0
2021-09-07,13.073635760951673,13.591403007507324,13.036652386197698,13.591403007507324,19200.0
2021-09-08,13.434223369111074,13.637632369995117,13.090277897650441,13.637632369995117,4500.0
2021-09-09,13.637631798701035,13.813302600001046,13.406485497028136,13.619139671325684,10300.0
2021-09-10,13.563665325214188,13.794811631531058,13.406485766378461,13.77631950378418,5500.0
2021-09-13,13.337142050834037,13.77631950378418,13.337142050834037,13.77631950378418,6600.0
2021-09-14,13.80405762037878,13.822548866271973,13.720844809476462,13.822548866271973,9600.0
2021-09-15,13.859532239811537,13.868778303634723,13.656124126220517,13.822548866271973,10200.0
2021-09-16,13.776319767258007,13.776319767258007,12.990422839802182,13.767074584960938,6000.0
2021-09-17,13.767074599124692,13.776319781431274,12.666817665100098,12.666817665100098,45100.0
2021-09-20,12.805505752563477,12.805505752563477,12.703800813224483,12.805505752563477,11600.0
2021-09-21,13.07363510131836,13.07363510131836,13.07363510131836,13.07363510131836,400.0
2021-09-22,13.082880973815918,13.082880973815918,13.082880973815918,13.082880973815918,500.0
2021-09-23,13.124486996752442,13.12911002869136,13.101372718811035,13.101372718811035,900.0
2021-09-24,13.101372718811035,13.101372718811035,13.101372718811035,13.101372718811035,200.0
2021-09-27,12.86098007671691,13.036651759670608,12.86098007671691,12.944192886352539,900.0
2021-09-28,12.944192886352539,12.944192886352539,12.944192886352539,12.944192886352539,0.0
2021-09-29,13.096749528155566,13.096749528155566,12.981176376342773,12.981176376342773,1100.0
2021-09-30,12.888717312420525,12.990422248840332,12.851733939655094,12.990422248840332,1400.0
2021-10-01,12.860980266808525,12.99781866066915,12.860980266808525,12.93494701385498,5400.0
2021-10-04,12.851734086939864,13.073635207828668,12.851734086939864,12.897963523864746,3600.0
2021-10-05,13.082880973815918,13.082880973815918,13.082880973815918,13.082880973815918,400.0
2021-10-06,12.870225951222874,12.930323600769043,12.870225951222874,12.930323600769043,1100.0
2021-10-07,12.759275876283306,13.036651611328125,12.759275876283306,13.036651611328125,3300.0
2021-10-08,13.036651611328125,13.036651611328125,13.036651611328125,13.036651611328125,0.0
2021-10-11,13.027405547750895,13.036651611328125,13.027405547750895,13.036651611328125,1500.0
2021-10-12,12.879472288255922,13.110618591308594,12.879472288255922,13.110618591308594,3900.0
2021-10-13,12.907209919706302,12.910907992594431,12.760200500488281,12.760200500488281,4000.0
2021-10-14,13.018160288283928,13.110619166260951,13.018160288283928,13.082880973815918,4700.0
2021-10-15,13.175339424170081,13.175339424170081,13.148526191711426,13.148526191711426,1300.0
2021-10-18,13.175339698791504,13.291837813149439,13.175339698791504,13.175339698791504,2300.0
2021-10-19,13.23543696725657,13.319574736781334,13.129109879132223,13.193831443786621,2300.0
2021-10-20,13.212322469645411,13.34176471504633,13.212322469645411,13.28628921508789,1700.0
2021-10-21,13.286289254733905,13.286289254733905,13.085654258728027,13.085654258728027,600.0
2021-10-22,13.22156885956087,13.314026852769175,13.22156885956087,13.302007675170898,2300.0
2021-10-25,13.302007675170898,13.302007675170898,13.302007675170898,13.302007675170898,300.0
2021-10-26,13.13835601747384,13.147602081298828,13.092126580102079,13.147602081298828,1500.0
2021-10-27,13.124486541910539,13.351009808548032,13.119863510131836,13.119863510131836,2300.0
2021-10-28,13.332519054216435,13.332519054216435,13.27889347076416,13.27889347076416,700.0
2021-10-29,13.221568691733598,13.457338026314794,13.221568691733598,13.406485557556152,5700.0
2021-11-01,13.397239556262802,13.459187125434813,13.092126505795356,13.193831443786621,4100.0
2021-11-02,12.777767576928452,13.35101031284278,12.676063519214892,13.184585571289062,4700.0
2021-11-03,13.193831790828364,13.36487956635306,13.193831790828364,13.304781913757324,2900.0
2021-11-04,13.30478123781873,13.338065655779193,12.953438758850098,12.953438758850098,3100.0
2021-11-05,12.946042350363099,13.221569061279297,12.944193313916168,13.221569061279297,21200.0
2021-11-08,13.084730590267478,13.26779842376709,13.084730590267478,13.26779842376709,1800.0
2021-11-09,13.267798768890154,13.378748893737793,13.267798768890154,13.378748893737793,3200.0
2021-11-10,13.277043342590332,13.277043342590332,13.277043342590332,13.277043342590332,200.0
2021-11-11,13.406485557556152,13.406485557556152,13.406485557556152,13.406485557556152,4400.0
2021-11-12,13.415731328966444,13.57291088192908,13.40648526543849,13.545172691345215,5600.0
2021-11-15,13.572911534451606,13.77631965132663,13.572911534451606,13.730091094970703,4400.0
2021-11-16,13.702352903053315,13.77631965132663,13.702352903053315,13.730091094970703,2100.0
2021-11-17,13.757828405134898,13.757828405134898,13.730091094970703,13.730091094970703,12000.0
2021-11-18,13.767073896073772,13.776319077908225,13.637631651106707,13.71159839630127,19300.0
2021-11-19,13.748582493635542,13.748582493635542,13.637632369995117,13.637632369995117,1600.0
2021-11-22,13.622839196527035,13.637632369995117,13.60064899544831,13.637632369995117,2200.0
2021-11-23,13.637631578053467,13.776319004112073,13.637631578053467,13.757827758789062,2700.0
2021-11-24,13.656124126220517,13.822548866271973,13.656124126220517,13.822548866271973,3200.0
2021-11-26,13.545173568626554,13.632085336963941,13.545173568626554,13.591403007507324,6300.0
2021-11-29,13.609895059523312,13.706976087051233,13.609895059523312,13.637632369995117,6200.0
2021-11-30,13.637632172994556,13.637632172994556,13.406485864977698,13.434223175048828,22300.0
2021-12-01,13.443468754227588,13.75782786287544,13.434222690619556,13.58215618133545,8500.0
2021-12-02,13.656124644084603,13.698655128479004,13.434223512679154,13.698655128479004,2600.0
2021-12-03,13.720844735400169,13.868778228759766,13.711598671626902,13.868778228759766,10300.0
2021-12-06,13.9612370281128,13.9612370281128,13.868778154382317,13.915007591247559,15200.0
2021-12-07,13.915007517116395,14.007465508601145,13.915007517116395,13.961236953735352,5200.0
2021-12-08,13.938121794549291,13.961236953735352,13.938121794549291,13.961236953735352,2700.0
2021-12-09,13.915007591247559,14.006541505904405,13.915007591247559,13.915007591247559,1300.0
2021-12-10,13.915007372028112,14.081432107666663,13.915007372028112,14.007465362548828,7400.0
2021-12-13,14.053694945220103,14.053694945220103,13.937197717233747,13.961236953735352,5000.0
2021-12-14,13.9242536678472,14.099924469993761,13.9242536678472,14.081432342529297,1000.0
2021-12-15,14.118417207076766,14.118417207076766,13.96123764385465,13.97048282623291,4900.0
2021-12-16,13.933498572829224,13.979728008818176,13.915007327485535,13.947367668151855,10200.0
2021-12-17,14.01671188110928,14.01671188110928,13.924253887587378,13.988974571228027,3500.0
2021-12-20,14.09992504119873,14.09992504119873,14.09992504119873,14.09992504119873,500.0
2021-12-21,13.915931976050366,13.942745208740234,13.915931976050366,13.942745208740234,1100.0
2021-12-22,13.915007591247559,13.915007591247559,13.915007591247559,13.915007591247559,200.0
2021-12-23,13.92425408223225,14.192383766174316,13.92425408223225,14.192383766174316,2500.0
2021-12-27,13.928876452613613,13.94736858092065,13.8872709274292,13.8872709274292,1600.0
2021-12-28,14.146153818458018,14.23861180994277,13.554418969592323,13.961236953735352,4500.0
2021-12-29,14.23861217329292,14.261727333068848,14.062941367761796,14.261727333068848,1900.0
2021-12-30,14.109170913696289,14.109170913696289,14.109170913696289,14.109170913696289,300.0
2021-12-31,14.460513300097189,14.460513300097189,14.146154181132633,14.238612174987793,1100.0
2022-01-03,14.218271393625894,14.220120429992676,14.218271393625894,14.220120429992676,600.0
2022-01-04,14.016711842600216,16.642534017562866,13.97140736417623,14.793363571166992,18900.0
2022-01-05,15.116969043404259,15.486802787111616,14.035204240868744,14.062941551208496,17100.0
2022-01-06,14.349562789296476,15.245485724998458,14.321824598314247,14.742510795593262,14900.0
2022-01-07,14.414283792790526,14.82110178540184,14.099924675341741,14.627862930297852,6000.0
2022-01-10,14.608446931491553,15.236240216165214,14.589954803496678,14.867330551147461,8700.0
2022-01-11,14.64543034424049,14.728643156929865,14.497496846905243,14.607522010803223,7600.0
2022-01-12,14.78411708169713,14.885822017642974,14.460512791945941,14.728642463684082,3200.0
2022-01-13,14.691659965054852,14.700905147438226,13.915008212646214,14.562217712402344,7600.0
2022-01-14,14.534480286475361,14.562217596911916,14.52523422241211,14.52523422241211,1100.0
2022-01-18,14.654676326412211,14.867330507205601,14.654676326412211,14.830348014831543,3500.0
2022-01-19,14.580709476880834,14.913558959960938,14.580709476880834,14.913558959960938,1500.0
2022-01-20,14.913559067270507,14.913559067270507,14.238612268841505,14.784117698669434,4100.0
2022-01-21,14.506741399526229,14.774871072246818,14.375450999479277,14.694432258605957,4600.0
2022-01-24,14.201628998697135,14.673167683704975,14.201628998697135,14.65467643737793,2500.0
2022-01-25,14.266350026439797,14.377300145471509,14.239536794437356,14.340316772460938,16000.0
2022-01-26,14.340316772460938,14.340316772460938,14.340316772460938,14.340316772460938,600.0
2022-01-27,14.289464752564411,14.289464752564411,14.099924849715054,14.109170913696289,1700.0
2022-01-28,14.297785632683143,14.409660712539095,14.17389137524308,14.201628684997559,3000.0
2022-01-31,14.118416534397518,14.340316772460938,14.09992440701565,14.340316772460938,5400.0
2022-02-01,14.238612215532,14.32182502746582,14.238612215532,14.32182502746582,1300.0
2022-02-02,14.414283810337688,14.451267184097084,13.452715210840177,13.988974571228027,11800.0
2022-02-03,13.868778729047932,14.113794137358932,13.799435011753333,14.09992504119873,5500.0
2022-02-04,14.183137439078967,14.201628684997559,14.183137439078967,14.201628684997559,500.0
2022-02-07,13.928875923156738,13.928875923156738,13.928875923156738,13.928875923156738,400.0
2022-02-08,13.924254117756538,14.312579107772663,13.924254117756538,14.062941551208496,2900.0
2022-02-09,14.062941551208496,14.062941551208496,14.062941551208496,14.062941551208496,0.0
2022-02-10,14.01671222774393,14.09992504119873,14.01671222774393,14.09992504119873,400.0
2022-02-11,14.321825327449803,14.321825327449803,13.97048282623291,13.97048282623291,8100.0
2022-02-14,14.284841756860748,14.294087820865471,13.96123745247422,13.979728698730469,2800.0
2022-02-15,14.155399704631616,14.155399704631616,13.979728024033035,14.136907577514648,600.0
2022-02-16,14.146154181132633,14.49749667398989,14.146154181132633,14.238612174987793,21700.0
2022-02-17,14.423529361965587,14.589954097095724,14.423529361965587,14.432774543762207,4900.0
2022-02-18,14.432775019492155,14.509515762329102,14.432775019492155,14.509515762329102,500.0
2022-02-22,14.515988042637327,14.562217480831876,14.423530048001421,14.488250732421875,2800.0
2022-02-23,14.423529405721483,14.562216832376185,14.423529405721483,14.515987396240234,3800.0
2022-02-24,14.423529595705693,14.506741523742676,14.423529595705693,14.506741523742676,2100.0
2022-02-25,14.423529624938965,14.423529624938965,14.423529624938965,14.423529624938965,12800.0
2022-02-28,14.423530048001421,14.95978941485053,14.423530048001421,14.488250732421875,11900.0
2022-03-01,14.700904482464079,14.700904482464079,14.423529624938965,14.423529624938965,5400.0
2022-03-02,14.484552234674997,14.617692554258445,14.423529624938965,14.423529624938965,17400.0
2022-03-03,14.515988226719529,14.53448035493313,14.09992504119873,14.09992504119873,12500.0
2022-03-04,14.100849512981965,14.331070858064297,14.09992455390197,14.247858047485352,18000.0
2022-03-07,14.238612475787928,14.386546856237132,14.09067897709193,14.09992504119873,32000.0
2022-03-08,14.103622833574157,14.331071068258847,13.753205299377441,13.753205299377441,227900.0
2022-03-09,14.00746546528634,14.00746546528634,13.86877803761149,13.878024101257324,7600.0
2022-03-10,13.915007823709233,14.046299109168707,13.905761759831089,13.988974571228027,8000.0
2022-03-11,13.878024831338477,14.220121268452512,13.716222236037096,14.183137893676758,6500.0
2022-03-14,14.03058100134136,14.294087650054745,13.683861541086236,13.693107604980469,7100.0
2022-03-15,14.220120673015701,14.220120673015701,13.785565376281738,13.785565376281738,6000.0
2022-03-16,14.197930871424026,14.297785893766083,13.80405789140672,13.979728698730469,34600.0
2022-03-17,14.312579147945359,14.312579147945359,13.962161608667593,14.146154403686523,6500.0
2022-03-18,14.049071766896754,14.280218065828274,13.814227395235289,14.007465362548828,11200.0
2022-03-21,14.220120578346027,14.331070697288851,14.076810118264024,14.12766170501709,29200.0
2022-03-22,14.13690773762081,14.335693697613777,14.13690773762081,14.25710391998291,4400.0
2022-03-23,14.28484138829588,14.497496446151782,14.183137332127597,14.377300262451172,24600.0
2022-03-24,14.247857941303014,14.423529624938965,14.192383322499257,14.423529624938965,15500.0
2022-03-25,14.571463172670768,14.682413292452138,14.571463172670768,14.67316722869873,6300.0
2022-03-28,14.654675674765022,14.673166920129804,14.64080657942657,14.645429611206055,1700.0
2022-03-29,14.68241323678055,14.68241323678055,14.405037497502267,14.423529624938965,1900.0
2022-03-30,14.408736107773457,14.52523422241211,14.408736107773457,14.52523422241211,1400.0
2022-03-31,14.52523422241211,14.52523422241211,14.52523422241211,14.52523422241211,300.0
2022-04-01,14.61769306297064,14.978281624756612,14.525234186075817,14.65467643737793,9700.0
2022-04-04,14.636184087141395,14.76562633647876,14.636184087141395,14.7471342086792,8800.0
2022-04-05,14.506742159921203,14.793363974906425,14.506742159921203,14.762852668762207,9300.0
2022-04-06,14.488250382385619,14.543725001476256,14.377300262451172,14.377300262451172,29800.0
2022-04-07,14.33107105059614,14.33107105059614,14.147078258471868,14.238612174987793,1900.0
2022-04-08,14.164645003869746,14.405037367864393,14.146153758352627,14.173891067504883,1900.0
2022-04-11,14.18313725878091,14.423529624938965,14.099924448822108,14.423529624938965,7800.0
2022-04-12,14.331070941378698,14.423529816282414,14.331070941378698,14.414283752441406,11300.0
2022-04-13,14.321824836149093,14.340316963777667,14.321824836149093,14.331070899963379,5500.0
2022-04-14,14.220120621206512,14.469758169142002,14.099924438217881,14.210874557495117,4000.0
2022-04-18,14.201628863708637,14.331071113780382,14.179439544677734,14.179439544677734,3800.0
2022-04-19,14.23861221737117,14.23861221737117,14.089754644018033,14.191458702087402,7400.0
2022-04-20,14.238612089306962,14.238612089306962,14.118416786193848,14.118416786193848,14100.0
2022-04-21,14.220121112722422,14.229367176753406,14.062941551208496,14.062941551208496,1000.0
2022-04-22,13.911308984386825,14.049072339351985,13.868778501000007,14.025958061218262,13100.0
2022-04-25,13.868778186481132,13.905761559708289,13.572911200663883,13.785565376281738,15600.0
2022-04-26,13.683861499927469,13.728241019330573,13.554419251057082,13.609894752502441,5500.0
2022-04-27,13.609894415494958,13.665369033813477,13.480452169829816,13.665369033813477,5600.0
2022-04-28,13.767074288000273,13.961237220101799,13.767074288000273,13.90576171875,1300.0
2022-04-29,13.868778436060781,14.26635036672221,13.868778436060781,14.238612174987793,6800.0
2022-05-02,13.942745208740234,14.266350392194042,13.942745208740234,13.942745208740234,8800.0
2022-05-03,13.572911776901442,13.933499460736662,13.572911776901442,13.709750175476074,4700.0
2022-05-04,13.776319428909222,13.90576167717429,13.776319428909222,13.822548866271973,800.0
2022-05-05,13.961237480917312,13.961237480917312,13.68386173248291,13.68386173248291,900.0
2022-05-06,13.868778575933385,14.025958137000886,13.82254913766297,13.979728698730469,4200.0
2022-05-09,13.831795276897159,13.933499336242676,13.619140212397912,13.933499336242676,6600.0
2022-05-10,13.572911799561327,13.674615859985352,13.572911799561327,13.674615859985352,3400.0
2022-05-11,13.619140356820205,13.674615859985352,13.619140356820205,13.674615859985352,1300.0
2022-05-12,13.563664905912143,13.748581768898552,13.563664905912143,13.71159839630127,1300.0
2022-05-13,13.767074387436171,13.79481169743582,13.563665390014648,13.563665390014648,4000.0
2022-05-16,13.471205974335325,13.471205974335325,13.461960792541504,13.461960792541504,1400.0
2022-05-17,13.452715258932656,13.504491806030273,13.452715258932656,13.504491806030273,700.0
2022-05-18,13.614517432615903,13.614517432615903,13.498944282531738,13.498944282531738,1900.0
2022-05-19,13.609894372159546,13.609894372159546,13.58215618133545,13.58215618133545,800.0
2022-05-20,13.523907596222173,13.523907596222173,13.498944282531738,13.498944282531738,700.0
2022-05-23,13.637632072695332,13.77631950378418,13.637632072695332,13.77631950378418,2800.0
2022-05-24,13.748581886291504,13.748581886291504,13.748581886291504,13.748581886291504,200.0
2022-05-25,13.730091094970703,13.730091094970703,13.730091094970703,13.730091094970703,700.0
2022-05-26,13.545172691345215,13.545172691345215,13.545172691345215,13.545172691345215,500.0
2022-05-27,13.776319762085127,13.776319762085127,13.577534675598145,13.577534675598145,4300.0
2022-05-31,13.591402740574638,13.668143484164094,13.591402740574638,13.646878242492676,1100.0
2022-06-01,13.591403007507324,13.591403007507324,13.591403007507324,13.591403007507324,2100.0
2022-06-02,13.642255286236033,13.683861692467183,13.600648880004883,13.600648880004883,2800.0
2022-06-03,13.628386000071965,13.628386000071965,13.586779594421387,13.586779594421387,5300.0
2022-06-06,13.683861563032574,13.683861563032574,13.60989481526644,13.657973289489746,23900.0
2022-06-07,13.517436027526855,13.517436027526855,13.517436027526855,13.517436027526855,1900.0
2022-06-08,13.563665095068087,13.702352523803711,13.508189594521939,13.702352523803711,2300.0
2022-06-09,13.674615668459351,13.68386173248291,13.498944860777708,13.68386173248291,900.0
2022-06-10,13.67461497985991,13.67461497985991,13.628385543823242,13.628385543823242,1800.0
2022-06-13,13.471206325738141,13.549796104431152,13.471206325738141,13.549796104431152,7800.0
2022-06-14,13.628385527621244,13.628385527621244,13.461960792541504,13.461960792541504,1600.0
2022-06-15,13.628385527621244,13.628385527621244,13.461960792541504,13.461960792541504,4900.0
2022-06-16,13.545173281877876,13.545173281877876,13.055143356323242,13.055143356323242,4800.0
2022-06-17,13.008914048567426,13.68386173248291,13.008914048567426,13.68386173248291,24900.0
2022-06-21,13.776319108338349,13.960311894424306,13.415731445156647,13.58215618133545,7100.0
2022-06-22,13.480452877456122,13.699580012050392,13.424978256225586,13.424978256225586,12200.0
2022-06-23,13.424978256225586,14.155400568617813,13.424978256225586,13.424978256225586,1300.0
2022-06-24,14.146154504494987,14.146154504494987,13.424978256225586,13.424978256225586,6200.0
2022-06-27,13.65519905090332,13.65519905090332,13.65519905090332,13.65519905090332,500.0
2022-06-28,13.461961372354533,13.646878242492676,13.461961372354533,13.646878242492676,3100.0
2022-06-29,13.480452037882298,13.480452037882298,13.461960792541504,13.461960792541504,400.0
2022-06-30,13.785565715299095,13.841041217380678,13.42960018813801,13.730091094970703,5800.0
2022-07-01,13.730091094970703,13.730091094970703,13.730091094970703,13.730091094970703,600.0
2022-07-05,13.596026039570722,13.730091324149635,13.591403007507324,13.591403007507324,1400.0
2022-07-06,13.498944972682292,14.062941656496921,13.498944972682292,13.508190155029297,1800.0
2022-07-07,13.498944442936175,13.748581991572706,13.498944442936175,13.596025466918945,1000.0
2022-07-08,13.471206053970764,13.676464080810547,13.471206053970764,13.676464080810547,1300.0
2022-07-11,13.754129671012507,13.754129671012507,13.545172691345215,13.545172691345215,400.0
2022-07-12,13.961236953735352,13.961236953735352,13.961236953735352,13.961236953735352,700.0
2022-07-13,13.93349863188496,13.93349863188496,13.472130992602384,13.71159839630127,1000.0
2022-07-14,13.71159839630127,13.71159839630127,13.71159839630127,13.71159839630127,700.0
2022-07-15,13.868778563631633,13.868778563631633,13.517436067542581,13.600648880004883,400.0
2022-07-18,13.600648880004883,13.600648880004883,13.600648880004883,13.600648880004883,0.0
2022-07-19,13.545173453468902,13.55441951751709,13.545173453468902,13.55441951751709,800.0
2022-07-20,13.535927772521973,13.535927772521973,13.535927772521973,13.535927772521973,600.0
2022-07-21,13.623763117912503,13.730091090051344,13.517436027526855,13.517436027526855,2200.0
2022-07-22,13.623763084411621,13.623763084411621,13.517435994287432,13.623763084411621,2000.0
2022-07-25,13.850286476140994,13.850286476140994,13.545173417389112,13.68386173248291,1400.0
2022-07-26,13.563665390014648,13.563665390014648,13.563665390014648,13.563665390014648,100.0
2022-07-27,13.563665390014648,13.563665390014648,13.563665390014648,13.563665390014648,0.0
2022-07-28,13.68386173248291,13.68386173248291,13.68386173248291,13.68386173248291,1300.0
2022-07-29,13.68386173248291,13.68386173248291,13.68386173248291,13.68386173248291,0.0
2022-08-01,13.81330302546329,13.831795153408216,13.730091094970703,13.730091094970703,1300.0
2022-08-02,13.696805953979492,13.696805953979492,13.696805953979492,13.696805953979492,800.0
2022-08-03,13.868778228759766,13.868778228759766,13.868778228759766,13.868778228759766,1300.0
2022-08-04,13.646878242492676,13.646878242492676,13.646878242492676,13.646878242492676,400.0
2022-08-05,13.834568850902482,13.887270356306303,13.834568850902482,13.868778228759766,6100.0
2022-08-08,13.868778228759766,13.868778228759766,13.868778228759766,13.868778228759766,900.0
2022-08-09,13.656124114990234,13.656124114990234,13.656124114990234,13.656124114990234,600.0
2022-08-10,13.656123690174374,13.656123690174374,13.545172691345215,13.545172691345215,1900.0
2022-08-11,13.674614935477134,13.674614935477134,13.545172691345215,13.545172691345215,3500.0
2022-08-12,13.526681900024414,13.526681900024414,13.526681900024414,13.526681900024414,35200.0
2022-08-15,13.67831337109504,13.868778228759766,13.67831337109504,13.868778228759766,3100.0
2022-08-16,13.868777905811397,13.868777905811397,13.563664862423797,13.628385543823242,4100.0
2022-08-17,13.628385616681832,13.64687774389662,13.57291099854378,13.605271339416504,1000.0
2022-08-18,13.563665198724994,13.609894635907889,13.563665198724994,13.572911262512207,9500.0
2022-08-19,13.850285793081504,13.859531856649072,13.779093043468169,13.84104061126709,1600.0
2022-08-22,13.619140318134503,13.619140318134503,13.591403007507324,13.591403007507324,3300.0
2022-08-23,13.600648425703499,13.822548663688721,13.591402362015822,13.619139671325684,3600.0
2022-08-24,13.591403007507324,13.591403007507324,13.591403007507324,13.591403007507324,100.0
2022-08-25,13.720845222473145,13.720845222473145,13.711599158371653,13.720845222473145,600.0
2022-08-26,13.720845222473145,13.720845222473145,13.720845222473145,13.720845222473145,300.0
2022-08-29,13.720845222473145,13.720845222473145,13.720845222473145,13.720845222473145,0.0
2022-08-30,13.387993153789054,13.734712600708008,13.387993153789054,13.734712600708008,800.0
2022-08-31,13.64687843407012,13.64687843407012,13.637632369995117,13.637632369995117,1300.0
2022-09-01,13.637632369995117,13.753205525673042,13.637632369995117,13.637632369995117,1600.0
2022-09-02,13.637632369995117,13.656124498145124,13.637632369995117,13.637632369995117,2600.0
2022-09-06,13.609894752502441,13.609894752502441,13.609894752502441,13.609894752502441,300.0
2022-09-07,13.600648880004883,13.600648880004883,13.600648880004883,13.600648880004883,1200.0
2022-09-08,13.859532356262207,13.859532356262207,13.859532356262207,13.859532356262207,1200.0
2022-09-09,13.58215694465332,13.804058074951172,13.563665698151205,13.804058074951172,1700.0
2022-09-12,13.683861692467183,13.85675938583871,13.600648880004883,13.600648880004883,15400.0
2022-09-13,13.563665251495014,13.822548866271973,13.554419187671828,13.822548866271973,1800.0
2022-09-14,13.55441951751709,13.55441951751709,13.55441951751709,13.55441951751709,2700.0
2022-09-15,13.713447506624545,13.713447506624545,13.628385661016745,13.665369033813477,1700.0
2022-09-16,13.822548643878479,13.961236953735352,13.662595974726125,13.961236953735352,30200.0
2022-09-19,13.785565717159805,13.785565717159805,13.706975936889648,13.706975936889648,800.0
2022-09-20,13.572911503314208,13.813302993774414,13.572911503314208,13.813302993774414,800.0
2022-09-21,13.729166296508549,13.729166296508549,13.696805953979492,13.696805953979492,400.0
2022-09-22,13.619140059564085,13.813302993774414,13.600648813414772,13.813302993774414,1800.0
2022-09-23,13.85028643563859,13.85028643563859,13.600648880004883,13.600648880004883,3200.0
2022-09-26,13.591402573087207,13.616366769080987,13.563665263346591,13.597874641418457,2700.0
2022-09-27,13.597874641418457,13.597874641418457,13.597874641418457,13.597874641418457,0.0
2022-09-28,13.55441951751709,13.55441951751709,13.55441951751709,13.55441951751709,700.0
2022-09-29,13.517436146122824,13.767074584960938,13.508190082072552,13.767074584960938,900.0
2022-09-30,13.7763198416629,13.7763198416629,13.508190155029297,13.508190155029297,3500.0
2022-10-03,13.526681710213037,13.66629409790039,13.508189582795984,13.66629409790039,1500.0
2022-10-04,13.526682091496005,13.526682091496005,13.508189963557705,13.517436027526855,1800.0
2022-10-05,13.52668197523183,13.52668197523183,13.480452537536621,13.480452537536621,500.0
2022-10-06,13.480452537536621,13.480452537536621,13.480452537536621,13.480452537536621,300.0
2022-10-07,13.461960792541504,13.461960792541504,13.461960792541504,13.461960792541504,500.0
2022-10-10,13.461960792541504,13.461960792541504,13.461960792541504,13.461960792541504,400.0
2022-10-11,13.424978332688289,13.424978332688289,13.166093826293945,13.166093826293945,5700.0
2022-10-12,13.166093826293945,13.166093826293945,13.166093826293945,13.166093826293945,100.0
2022-10-13,13.230814933776855,13.276119412207152,13.184585496259883,13.230814933776855,12600.0
2022-10-14,13.230814933776855,13.230814933776855,13.230814933776855,13.230814933776855,1100.0
2022-10-17,13.230815082756411,13.268722534179688,13.230815082756411,13.268722534179688,1500.0
2022-10-18,13.26779842376709,13.26779842376709,13.26779842376709,13.26779842376709,1400.0
2022-10-19,13.277043565095974,13.277043565095974,13.184585571289062,13.184585571289062,3400.0
2022-10-20,13.184585571289062,13.184585571289062,13.184585571289062,13.184585571289062,1800.0
2022-10-21,13.193831358649138,13.193831358649138,12.971930238306653,13.027405738830566,4600.0
2022-10-24,13.064389685509036,13.342689514160156,13.064389685509036,13.342689514160156,500.0
2022-10-25,13.184585878169377,13.212323188781738,13.184585878169377,13.212323188781738,3700.0
2022-10-26,13.221569061279297,13.24745733504272,12.768522506912996,13.221569061279297,3100.0
2022-10-27,13.230814566867018,13.415731430053711,13.21232243967177,13.415731430053711,5500.0
2022-10-28,13.240059895284622,13.323272705078125,13.138355839844323,13.323272705078125,5600.0
2022-10-31,13.485075143529578,13.498944238926013,13.193831194229679,13.415731430053711,9800.0
2022-11-01,13.461960866288674,13.74858178378976,13.415731430053711,13.415731430053711,2900.0
2022-11-02,13.559042392998697,13.563665424969416,13.434223175048828,13.434223175048828,2300.0
2022-11-03,13.535928007503372,13.535928007503372,13.304781701320445,13.456413269042969,2800.0
2022-11-04,13.50356674194336,13.50356674194336,13.50356674194336,13.50356674194336,200.0
2022-11-07,13.358407020568848,13.358407020568848,13.358407020568848,13.358407020568848,600.0
2022-11-08,13.45271480269105,13.47120604813314,13.406485366456087,13.415731430053711,3300.0
2022-11-09,13.415731527187097,13.464734077453613,13.415731527187097,13.464734077453613,1600.0
2022-11-10,13.41573185381524,13.480452537536621,13.41573185381524,13.480452537536621,1300.0
2022-11-11,13.480452537536621,13.480452537536621,13.480452537536621,13.480452537536621,0.0
2022-11-14,13.480452537536621,13.480452537536621,13.480452537536621,13.480452537536621,500.0
2022-11-15,13.424978256225586,13.424978256225586,13.424978256225586,13.424978256225586,1200.0
2022-11-16,13.424977843062972,13.526681900024414,13.424977843062972,13.526681900024414,600.0
2022-11-17,13.452714920043945,13.452714920043945,13.452714920043945,13.452714920043945,1300.0
2022-11-18,13.628386305920115,13.637632369995117,13.628386305920115,13.637632369995117,1900.0
2022-11-21,13.591402852053017,13.591402852053017,13.461961482771217,13.471206665039062,2500.0
2022-11-22,13.471206665039062,13.471206665039062,13.471206665039062,13.471206665039062,400.0
2022-11-23,13.471206665039062,13.471206665039062,13.471206665039062,13.471206665039062,300.0
2022-11-25,13.471206665039062,13.471206665039062,13.471206665039062,13.471206665039062,0.0
2022-11-28,13.505416205330677,13.545172691345215,13.505416205330677,13.545172691345215,2200.0
2022-11-29,13.471206665039062,13.471206665039062,13.471206665039062,13.471206665039062,800.0
2022-11-30,13.55441951751709,13.55441951751709,13.55441951751709,13.55441951751709,300.0
2022-12-01,13.471206665039062,13.471206665039062,13.471206665039062,13.471206665039062,1400.0
2022-12-02,13.314026965528457,13.517435963114526,13.314026965528457,13.492472648620605,4200.0
2022-12-05,13.48969841003418,13.48969841003418,13.48969841003418,13.48969841003418,800.0
2022-12-06,13.424978256225586,13.424978256225586,13.424978256225586,13.424978256225586,400.0
2022-12-07,13.424978256225586,13.424978256225586,13.424978256225586,13.424978256225586,2100.0
2022-12-08,13.424977759781578,13.424977759781578,13.36025619506836,13.36025619506836,5600.0
2022-12-09,13.277043342590332,13.277043342590332,13.277043342590332,13.277043342590332,300.0
2022-12-12,13.277043342590332,13.369502216600942,13.277043342590332,13.277043342590332,1500.0
2022-12-13,13.277043342590332,13.277043342590332,13.277043342590332,13.277043342590332,0.0
2022-12-14,13.286289406342027,13.304781533845418,13.277043342590332,13.277043342590332,1900.0
2022-12-15,13.277043342590332,13.277043342590332,13.277043342590332,13.277043342590332,3800.0
2022-12-16,13.498944665315978,13.498944665315978,13.277043540729617,13.480452537536621,3200.0
2022-12-19,13.480452537536621,13.480452537536621,13.480452537536621,13.480452537536621,0.0
2022-12-20,13.354709518147056,13.376899719238281,13.354709518147056,13.376899719238281,1400.0
2022-12-21,13.267797852171181,13.424052446228615,13.092126171985287,13.249305725097656,3400.0
2022-12-22,13.267798243926647,13.452715111356156,13.267798243926647,13.443469047546387,2500.0
2022-12-23,13.142054068672039,13.443469047546387,13.142054068672039,13.443469047546387,21100.0
2022-12-27,13.443469047546387,13.443469047546387,13.443469047546387,13.443469047546387,0.0
2022-12-28,13.452714893858346,13.452714893858346,13.07363510131836,13.07363510131836,1400.0
2022-12-29,13.961237224934841,13.961237224934841,13.008913810046023,13.230814933776855,14400.0
2022-12-30,13.711598525044879,13.961236953735352,13.711598525044879,13.961236953735352,6900.0
2023-01-03,13.730091363150498,13.730091363150498,13.674615859985352,13.674615859985352,1100.0
2023-01-04,13.424978256225586,13.600649065793222,13.097674993004526,13.424978256225586,6300.0
2023-01-05,13.831795189398743,13.831795189398743,13.54517337777895,13.600648880004883,1100.0
2023-01-06,13.822549089435753,13.841041217380678,13.651501314711155,13.730091094970703,2400.0
2023-01-09,13.868778228759766,13.868778228759766,13.868778228759766,13.868778228759766,600.0
2023-01-10,13.75320545672343,13.850286483764648,13.75320545672343,13.850286483764648,500.0
2023-01-11,13.728240881016246,13.868778228759766,13.728240881016246,13.868778228759766,2200.0
2023-01-12,13.868778228759766,13.868778228759766,13.868778228759766,13.868778228759766,0.0
2023-01-13,13.868778228759766,13.868778228759766,13.868778228759766,13.868778228759766,0.0
2023-01-17,13.804058074951172,13.804058074951172,13.804058074951172,13.804058074951172,300.0
2023-01-18,13.804058074951172,13.804058074951172,13.804058074951172,13.804058074951172,0.0
2023-01-19,13.508189750309077,13.822548866271973,13.508189750309077,13.822548866271973,6500.0
2023-01-20,13.822548866271973,13.822548866271973,13.822548866271973,13.822548866271973,500.0
2023-01-23,13.822548791646598,13.868778228759766,13.82069975524258,13.868778228759766,3700.0
2023-01-24,13.85028612210322,13.868778249677648,13.572911262512207,13.572911262512207,1200.0
2023-01-25,13.591403007507324,13.591403007507324,13.591403007507324,13.591403007507324,200.0
2023-01-26,13.763375282287598,13.763375282287598,13.763375282287598,13.763375282287598,300.0
2023-01-27,13.763375282287598,13.763375282287598,13.763375282287598,13.763375282287598,0.0
2023-01-30,13.785565376281738,13.785565376281738,13.785565376281738,13.785565376281738,700.0
2023-01-31,13.77631968717281,13.77631968717281,13.600648880004883,13.600648880004883,1100.0
2023-02-01,13.776319727458914,13.776319727458914,13.68386173248291,13.68386173248291,1400.0
2023-02-02,13.662596468327108,13.743959362692653,13.662596468327108,13.718996047973633,1700.0
2023-02-03,13.753205151104435,13.915007740997476,13.753205151104435,13.822548866271973,15500.0
2023-02-06,13.68386128867452,13.915007591247559,13.68386128867452,13.915007591247559,900.0
2023-02-07,13.868778228759766,13.868778228759766,13.868778228759766,13.868778228759766,400.0
2023-02-08,13.868778228759766,13.868778228759766,13.868778228759766,13.868778228759766,400.0
2023-02-09,13.961237070471817,14.191458414669723,13.859532132709075,13.998220443725586,2600.0
2023-02-10,14.238612442874306,14.51598819316473,14.008391090367644,14.418907165527344,1900.0
2023-02-13,14.331070899963379,14.331070899963379,14.331070899963379,14.331070899963379,1200.0
2023-02-14,14.21087513662962,14.608447074890137,14.21087513662962,14.608447074890137,11800.0
2023-02-15,14.73788814477942,14.7471342086792,14.73788814477942,14.7471342086792,1200.0
2023-02-16,14.414283770736347,14.793363571166992,14.414283770736347,14.793363571166992,4300.0
2023-02-17,14.969034957450667,15.255655877117775,14.826647693178803,14.978281021118164,6200.0
2023-02-21,15.02450942993164,15.02450942993164,15.02450942993164,15.02450942993164,700.0
2023-02-22,15.024509488761526,15.024509488761526,14.81185531616211,14.81185531616211,1400.0
2023-02-23,14.51598762991375,14.589954376220703,14.51598762991375,14.589954376220703,2700.0
2023-02-24,14.599200248718262,14.599200248718262,14.599200248718262,14.599200248718262,800.0
2023-02-27,14.599200248718262,14.599200248718262,14.599200248718262,14.599200248718262,300.0
2023-02-28,14.331070744714072,14.908936500549316,14.331070744714072,14.908936500549316,9000.0
2023-03-01,14.515987396240234,14.515987396240234,14.515987396240234,14.515987396240234,1000.0
2023-03-02,14.59827559748124,14.626937866210938,14.59827559748124,14.626937866210938,1100.0
2023-03-03,14.525233619812001,14.941296786112153,14.450341914811771,14.636183738708496,3100.0
2023-03-06,14.969035257356381,14.978281321209124,14.756380197509202,14.793363571166992,5500.0
2023-03-07,14.562217712402344,14.562217712402344,14.562217712402344,14.562217712402344,1400.0
2023-03-08,14.608446883420683,14.848838374290676,14.608446883420683,14.617692947387695,8000.0
2023-03-09,14.562217705566548,14.568689774108476,14.183137893676758,14.183137893676758,5200.0
2023-03-10,14.155400620931465,14.270973777634273,13.771697775948267,14.053695678710938,28700.0
2023-03-13,12.790711831942659,13.443469312683593,11.880920649895591,12.121312141418457,8200.0
2023-03-14,12.52812990509948,13.58215649138805,12.52812990509948,12.93494701385498,15400.0
2023-03-15,12.89796339618563,12.89796339618563,12.065837066787783,12.186033248901367,19800.0
2023-03-16,12.260000651886333,12.897964087729644,12.21377121294042,12.537376403808594,30600.0
2023-03-17,12.620587878255336,12.8979636201215,12.481900448198841,12.555867195129395,16000.0
2023-03-20,12.620587995036953,12.620587995036953,12.58360462122946,12.592850685119629,15600.0
2023-03-21,12.731538919167283,13.443469080979728,12.731538919167283,13.314026832580566,21800.0
2023-03-22,12.994120607044263,13.619139885036354,12.994120607044263,13.314026832580566,2500.0
2023-03-23,12.953438802639363,13.397239273308552,12.944192739062133,13.036651611328125,45000.0
2023-03-24,12.962685700077383,13.489699013336928,12.962685700077383,12.999669075012207,4800.0
2023-03-27,13.184585074078791,13.637631607381206,13.184585074078791,13.628385543823242,2100.0
2023-03-28,13.30478202911724,13.341765403747559,13.17533977703452,13.341765403747559,6800.0
2023-03-29,13.296460042379024,13.461961591734399,13.296460042379024,13.341765403747559,1300.0
2023-03-30,13.415731771234615,13.628385948869118,13.314026832580566,13.314026832580566,7700.0
2023-03-31,13.314026598455158,13.54332386330711,13.240059852600098,13.240059852600098,4200.0
2023-04-03,13.397240137766982,13.397240137766982,13.189208984375,13.189208984375,3400.0
2023-04-04,13.221569254289475,13.457338598902266,13.221569254289475,13.424978256225586,44800.0
2023-04-05,13.119863941488923,13.496170628518552,13.09212663165791,13.397239685058594,5100.0
2023-04-06,13.526681783314988,13.628385839398918,13.23081479706852,13.48969841003418,5400.0
2023-04-10,13.49894463378423,13.619139937056552,13.406485758609787,13.456413269042969,7900.0
2023-04-11,13.41573181278139,13.41573181278139,13.314026873812374,13.397239685058594,12700.0
2023-04-12,13.424977925944843,14.02133493914418,13.323272986602325,13.669992446899414,14100.0
2023-04-13,13.591402446400876,14.238611918752694,13.591402446400876,13.785565376281738,1700.0
2023-04-14,13.794811827401997,14.17296755671511,13.794811827401997,13.979728698730469,5300.0
2023-04-17,14.133210073719027,14.405037828307435,14.007465896820067,14.2857666015625,7700.0
2023-04-18,14.33107105059614,14.344940146463347,14.053695305524288,14.238612174987793,6100.0
2023-04-19,13.693107365060417,14.081432342529297,13.693107365060417,14.081432342529297,4900.0
2023-04-20,13.924253729646201,14.506741639311318,13.868778228759766,13.868778228759766,2500.0
2023-04-21,14.206252016675947,14.206252016675947,14.007466048775795,14.062941551208496,4900.0
2023-04-24,14.54372545884954,14.54372545884954,14.127662275572654,14.146154403686523,4600.0
2023-04-25,14.016712188720703,14.016712188720703,14.016712188720703,14.016712188720703,2700.0
2023-04-26,13.82717227935791,13.82717227935791,13.82717227935791,13.82717227935791,800.0
2023-04-27,13.702352523803711,13.702352523803711,13.702352523803711,13.702352523803711,800.0
2023-04-28,13.864155388212644,13.864155388212644,13.859532356262207,13.859532356262207,2700.0
2023-05-01,13.868778681350967,13.868778681350967,13.637632369995117,13.637632369995117,6400.0
2023-05-02,13.637631681230488,13.748581799267408,13.429599658815539,13.58215618133545,15000.0
2023-05-03,13.452715603970804,13.461961668119148,13.04589759897575,13.082880973815918,14800.0
2023-05-04,13.045897143716536,13.081031480851602,10.438567104089001,11.147724151611328,74800.0
2023-05-05,11.464856294223182,11.668265288075633,11.187481435587225,11.418627738952637,15900.0
2023-05-08,11.307676448248968,11.82544454251918,11.307676448248968,11.5573148727417,8700.0
2023-05-09,11.32616904842437,11.32616904842437,11.19672679901123,11.19672679901123,400.0
2023-05-10,11.353906708020128,11.52495536852074,11.353906708020128,11.520332336425781,1800.0
2023-05-11,11.427872997323345,11.557315245504135,11.242956129745915,11.349283218383789,8800.0
2023-05-12,11.289185523986816,11.538823073825167,11.289185523986816,11.289185523986816,4100.0
2023-05-15,11.238333349515743,11.271618650951048,10.910106012434419,10.937843322753906,6200.0
2023-05-16,11.279939090836677,11.279939090836677,10.919351432683031,10.965579986572266,8100.0
2023-05-17,10.974826054959594,12.389441143028955,10.974826054959594,11.474102020263672,15500.0
2023-05-18,11.566561113407724,11.566561113407724,11.156970016179216,11.381644248962402,29500.0
2023-05-19,11.381644934867326,11.446365620885235,11.095023116389191,11.224465370178223,15000.0
2023-05-22,11.067285608235288,11.174537658691406,11.067285608235288,11.174537658691406,3200.0
2023-05-23,11.033074707422891,11.270693072927129,10.993318221457658,11.048792839050293,18100.0
2023-05-24,10.919351592742848,11.270693192567482,10.900859465513573,11.085776329040527,10200.0
2023-05-25,11.058039123200183,11.279939361504441,10.956335067749023,10.956335067749023,6700.0
2023-05-26,11.026602566422753,11.168988945674755,11.026602566422753,11.095022201538086,4500.0
2023-05-30,11.279939493278242,11.279939493278242,11.145875095060699,11.159743309020996,1700.0
2023-05-31,11.25959885481112,11.279939136443618,11.048792839050293,11.048792839050293,1100.0
2023-06-01,11.048792839050293,11.048792839050293,11.048792839050293,11.048792839050293,300.0
2023-06-02,11.279939151799141,11.28456218356368,11.095022289983381,11.26144790649414,5700.0
2023-06-05,11.199501058145096,11.270693812033791,11.095023002466155,11.187481880187988,3700.0
2023-06-06,11.270693104566922,11.52957759323647,11.270693104566922,11.427872657775879,3000.0
2023-06-07,11.455611324686139,11.504613876342773,11.455611324686139,11.504613876342773,300.0
2023-06-08,11.504613876342773,11.504613876342773,11.504613876342773,11.504613876342773,200.0
2023-06-09,11.372398185301845,11.469479208478203,11.372398185301845,11.381644248962402,4600.0
2023-06-12,11.423250224976254,11.423250224976254,11.150498390197754,11.150498390197754,14500.0
2023-06-13,11.159743244321092,11.418627738952637,11.159743244321092,11.418627738952637,2200.0
2023-06-14,11.548069050504044,11.557315114216177,11.113514637071797,11.122759819030762,5000.0
2023-06-15,11.104269066588978,11.317848210008274,11.095023002466155,11.187481880187988,3500.0
2023-06-16,11.233709703603672,11.5573148727417,11.187481149515223,11.5573148727417,13900.0
2023-06-20,11.353906121315084,11.548069050504044,11.122759819030762,11.122759819030762,1200.0
2023-06-21,11.205972957511031,11.205972957511031,10.68820571899414,10.68820571899414,8600.0
2023-06-22,10.68820583440525,10.725189208984375,10.68820583440525,10.725189208984375,1900.0
2023-06-23,11.372398567938935,11.372398567938935,11.04879338295669,11.363152503967285,4200.0
2023-06-26,11.261448629664173,11.261448629664173,10.95633556763661,11.187481880187988,2500.0
2023-06-27,11.058039209398505,11.099645614624023,11.048793145625462,11.099645614624023,2300.0
2023-06-28,11.095022884152996,11.095022884152996,10.863876574066476,10.937843322753906,1600.0
2023-06-29,10.88236873847586,10.88236873847586,10.808401107788086,10.808401107788086,300.0
2023-06-30,10.808401107788086,10.808401107788086,10.808401107788086,10.808401107788086,0.0
2023-07-03,11.127383237560144,11.316923141479492,11.127383237560144,11.316923141479492,2100.0
2023-07-05,10.933219646148544,11.058038857857026,10.78066312575589,10.965579986572266,12500.0
2023-07-06,11.067285648767061,11.09502295927435,10.914729118347168,10.914729118347168,3800.0
2023-07-07,11.0025634765625,11.0025634765625,10.900859422462627,11.0025634765625,5700.0
2023-07-10,11.0025640862214,11.104269027709961,11.0025640862214,11.104269027709961,8700.0
2023-07-11,11.141251915023497,11.252202033996582,11.141251915023497,11.252202033996582,7800.0
2023-07-12,11.322470559117146,11.353905940784133,11.322470559117146,11.344660758972168,2700.0
2023-07-13,11.363152734722252,11.649774551391602,11.363152734722252,11.649774551391602,9700.0
2023-07-14,11.1320057513151,11.594298350425783,11.1320057513151,11.558239936828613,700.0
2023-07-17,11.289185831132396,11.316923141479492,11.289185831132396,11.316923141479492,600.0
2023-07-18,11.196726820414957,11.788461685180664,11.196726820414957,11.788461685180664,5700.0
2023-07-19,11.788461620411747,12.079705578356402,11.779215556539679,12.001115798950195,4700.0
2023-07-20,12.00111621578313,12.380196911925792,12.00111621578313,12.112067222595215,5300.0
2023-07-21,12.195278589701232,12.500392521659561,12.195278589701232,12.306229591369629,5200.0
2023-07-24,12.343213081359863,12.343213081359863,12.343213081359863,12.343213081359863,400.0
2023-07-25,12.55586746652473,12.944193337180398,12.55586746652473,12.71304702758789,2800.0
2023-07-26,12.657571792602539,12.657571792602539,12.657571792602539,12.657571792602539,500.0
2023-07-27,12.944193605906767,13.314027356231389,12.4911470413208,12.4911470413208,8400.0
2023-07-28,12.629834290614166,12.713047103645813,12.6113430442478,12.666817665100098,1100.0
2023-07-31,12.722293289562586,13.175339851792941,12.676063850574074,13.082880973815918,7800.0
2023-08-01,13.082880973815918,13.082880973815918,13.082880973815918,13.082880973815918,100.0
2023-08-02,12.676063462512195,12.72229290008545,12.676063462512195,12.72229290008545,400.0
2023-08-03,13.064389311417026,13.767074292766102,13.064389311417026,13.230814933776855,10300.0
2023-08-04,13.314026493986162,13.415731430053711,13.184585130632055,13.415731430053711,4700.0
2023-08-07,13.397239643569087,13.415731771234615,13.13835602852394,13.314026832580566,2600.0
2023-08-08,13.406485876740083,13.443469250785101,12.722293016030665,12.759276390075684,9000.0
2023-08-09,13.184585176297137,13.184585176297137,12.944192812445252,12.990422248840332,4500.0
2023-08-10,12.981176409165718,13.076408397285213,12.787013478359158,12.851734161376953,4400.0
2023-08-11,12.851734161376953,12.851734161376953,12.851734161376953,12.851734161376953,200.0
2023-08-14,12.953438774864319,13.184585073280514,12.953438774864319,13.119863510131836,7600.0
2023-08-15,13.018159941602608,13.179962532876896,12.851734318377263,12.971930503845215,3300.0
2023-08-16,12.481900404860463,13.193831443786621,12.481900404860463,13.193831443786621,3000.0
2023-08-17,12.953438758850098,12.953438758850098,12.953438758850098,12.953438758850098,800.0
2023-08-18,12.94419324006421,13.26779842376709,12.94419324006421,13.26779842376709,1600.0
2023-08-21,12.944193579182228,14.059243700826316,12.944193579182228,13.568288803100586,10500.0
2023-08-22,13.767073955456874,14.09067824664064,12.944192809426482,13.498944282531738,23900.0
2023-08-23,13.859531947488106,13.859531947488106,13.475829124450684,13.475829124450684,11700.0
2023-08-24,13.70235254287224,13.814227621439983,13.406485557556152,13.406485557556152,1000.0
2023-08-25,13.59140281165335,13.59140281165335,13.147602321000875,13.387993812561035,4200.0
2023-08-28,13.129110144841635,13.13835620880127,13.129110144841635,13.13835620880127,800.0
2023-08-29,13.203076700742399,13.203076700742399,12.944193085914987,13.147602081298828,2600.0
2023-08-30,13.175339442904129,13.397239685058594,13.135582073702663,13.397239685058594,5400.0
2023-08-31,13.406485538899359,13.868778143688992,13.406485538899359,13.702352523803711,10800.0
2023-09-01,13.776319474866952,13.776319474866952,13.175339432405853,13.230814933776855,19100.0
2023-09-05,13.415731430053711,13.88727009249465,13.240059748711484,13.415731430053711,16700.0
2023-09-06,13.559041888804254,13.637631665877745,13.249305812309109,13.415731430053711,2700.0
2023-09-07,13.415731430053711,13.415731430053711,13.415731430053711,13.415731430053711,300.0
2023-09-08,13.498944282531738,13.498944282531738,13.498944282531738,13.498944282531738,400.0
2023-09-11,13.277043540729617,13.4896986014263,13.277043540729617,13.480452537536621,4500.0
2023-09-12,13.277043342590332,13.277043342590332,13.277043342590332,13.277043342590332,1600.0
2023-09-13,13.489698682436957,13.705126858191722,13.489698682436957,13.646878242492676,6800.0
2023-09-14,13.646878177061236,14.053695289414618,13.62838604925949,13.859532356262207,15300.0
2023-09-15,13.868778051853642,14.044448852539062,13.73009062403637,14.044448852539062,4800.0
2023-09-18,14.044448852539062,14.044448852539062,14.044448852539062,14.044448852539062,0.0
2023-09-19,13.50819000354606,13.91685703830971,13.363955461265025,13.600648880004883,6600.0
2023-09-20,13.776319713752578,13.813303088056823,13.776319713752578,13.778169631958008,900.0
2023-09-21,14.562216862113958,14.562216862113958,13.878024027514758,13.924253463745117,2500.0
2023-09-22,13.924253687198451,14.053695052616913,13.785565376281738,13.785565376281738,5700.0
2023-09-25,13.998221012866038,14.053695634125596,13.804058074951172,13.804058074951172,2300.0
2023-09-26,14.192383077112398,14.32182443991856,13.878023970149172,14.136907577514648,3200.0
2023-09-27,14.164645020252857,14.321824575219374,13.878024101257324,13.878024101257324,6500.0
2023-09-28,13.86877803761149,14.099924338238349,13.794811291951149,13.878024101257324,2600.0
2023-09-29,13.878024862586608,13.878024862586608,13.462885752347624,13.674615859985352,8300.0
2023-10-02,13.757827758789062,13.767073822327143,13.757827758789062,13.757827758789062,1600.0
2023-10-03,13.722693676914536,14.053694998280802,13.643178939819336,13.643178939819336,14500.0
2023-10-04,13.785565214821338,13.87802408768291,13.596025319032961,13.688484191894531,25500.0
2023-10-05,13.693107384090434,13.785565376281738,13.693107384090434,13.785565376281738,2100.0
2023-10-06,13.785565376281738,13.785565376281738,13.785565376281738,13.785565376281738,0.0
2023-10-09,13.961237060425608,14.007465615644675,13.785565376281738,13.785565376281738,11800.0
2023-10-10,14.007465362548828,14.007465362548828,14.007465362548828,14.007465362548828,2300.0
2023-10-11,13.94274554884389,13.94274554884389,13.804058113553952,13.8872709274292,800.0
2023-10-12,13.785565127195326,14.007465362548828,13.785565127195326,14.007465362548828,3800.0
2023-10-13,14.053695095459261,14.053695095459261,13.868778228759766,13.868778228759766,700.0
2023-10-16,14.192383211190357,14.589954248676403,13.878024101257324,13.878024101257324,4700.0
2023-10-17,13.988974828496723,14.321825198452688,13.55441951751709,13.55441951751709,6500.0
2023-10-18,13.785565228305316,13.915007474087494,13.785565228305316,13.878024101257324,1600.0
2023-10-19,13.878024474099233,14.062941343217995,13.693107604980469,13.693107604980469,15000.0
2023-10-20,13.693107604980469,13.693107604980469,13.693107604980469,13.693107604980469,0.0
2023-10-23,13.868778641129879,13.868778641129879,13.55441951751709,13.55441951751709,2400.0
2023-10-24,13.28628921508789,13.28628921508789,13.28628921508789,13.28628921508789,300.0
2023-10-25,13.045896723626596,13.545172691345215,13.045896723626596,13.545172691345215,1700.0
2023-10-26,13.545172840321804,13.55441890395145,12.990422248840332,12.990422248840332,11800.0
2023-10-27,13.133733444878603,13.198454130410594,12.953439602751937,13.082880973815918,9900.0
2023-10-30,13.193831529767348,13.314026832580566,13.193831529767348,13.314026832580566,900.0
2023-10-31,13.184585949686328,13.42497832763929,12.990423010840198,12.999669075012207,9600.0
2023-11-01,12.860979960122375,12.999668268842164,12.860979960122375,12.907209396362305,7000.0
2023-11-02,12.925701014602682,12.944193142333257,12.72229290008545,12.72229290008545,7400.0
2023-11-03,12.953439373433884,13.156847490577215,12.951590336987591,13.00891399383545,2300.0
2023-11-06,12.990422895538593,12.990422895538593,12.962685585021973,12.962685585021973,400.0
2023-11-07,12.953439635905374,13.16609382134231,12.953439635905374,12.999669075012207,2600.0
2023-11-08,12.999669075012207,12.999669075012207,12.999669075012207,12.999669075012207,0.0
2023-11-09,13.008914257431005,13.092127071472662,12.953439635905374,12.999669075012207,10400.0
2023-11-10,13.166093554561874,13.166093554561874,13.00891399383545,13.00891399383545,1500.0
2023-11-13,13.00891399383545,13.00891399383545,13.00891399383545,13.00891399383545,400.0
2023-11-14,12.953438758850098,12.953438758850098,12.93494663175815,12.953438758850098,4200.0
2023-11-15,13.203076625805958,13.203076625805958,13.193831443786621,13.193831443786621,900.0
2023-11-16,13.032028980065185,13.397239685058594,13.032028980065185,13.397239685058594,2500.0
2023-11-17,13.397239750622829,13.397239750622829,13.184585571289062,13.184585571289062,1700.0
2023-11-20,13.387993621197195,13.397239685058594,13.387993621197195,13.397239685058594,2300.0
2023-11-21,13.055143165025227,13.0643892288208,13.055143165025227,13.0643892288208,500.0
2023-11-22,13.397239945255647,13.59140288135007,13.175339698791504,13.175339698791504,4700.0
2023-11-24,13.045897372522932,13.221569061279297,13.045897372522932,13.221569061279297,1500.0
2023-11-27,13.286289664080567,13.304781791942682,13.055143356323242,13.055143356323242,2700.0
2023-11-28,13.055143356323242,13.055143356323242,13.055143356323242,13.055143356323242,0.0
2023-11-29,13.88449641563682,13.88449641563682,13.32327286327891,13.443469047546387,1000.0
2023-11-30,13.443469047546387,13.443469047546387,13.443469047546387,13.443469047546387,700.0
2023-12-01,13.443469047546387,13.443469047546387,13.443469047546387,13.443469047546387,0.0
2023-12-04,13.175339814047522,13.323273312984385,12.962685629764083,13.212323188781738,2200.0
2023-12-05,13.212323188781738,13.212323188781738,13.212323188781738,13.212323188781738,0.0
2023-12-06,13.841041448411561,13.841041448411561,13.591403007507324,13.591403007507324,900.0
2023-12-07,13.646878242492676,13.646878242492676,13.646878242492676,13.646878242492676,100.0
2023-12-08,13.760602294133058,13.878024484063953,13.757828298612159,13.859532356262207,4400.0
2023-12-11,13.859532016823012,13.961236953735352,13.859532016823012,13.961236953735352,2900.0
2023-12-12,13.822549022936055,14.192383644276575,13.822549022936055,13.942745208740234,6500.0
2023-12-13,13.942744975439565,14.099924532572429,13.868778228759766,13.868778228759766,3800.0
2023-12-14,13.80405778255392,14.155400276184082,13.80405778255392,14.155400276184082,8200.0
2023-12-15,13.868778565007197,14.867330551147461,13.868778565007197,14.867330551147461,23400.0
2023-12-18,14.155400544086334,14.792439018539165,14.05831863447133,14.09992504119873,4800.0
2023-12-19,14.155400376655418,14.867330551147461,14.155400376655418,14.867330551147461,3300.0
2023-12-20,14.608446398465736,14.793363262901371,14.608446398465736,14.765625953674316,800.0
2023-12-21,14.360657305792984,14.793363571166992,14.34956308727351,14.793363571166992,5300.0
2023-12-22,14.331071136682638,14.617692947387695,14.331071136682638,14.617692947387695,500.0
2023-12-26,14.337543477515208,15.130837440490723,14.337543477515208,15.130837440490723,2900.0
2023-12-27,14.928352484931775,15.02450942993164,14.802609194587253,15.02450942993164,3300.0
2023-12-28,15.10772234186002,15.11696840550084,14.73326558193844,14.895068168640137,7500.0
2023-12-29,14.756379890014244,14.987525309243916,14.756379890014244,14.765625953674316,3700.0
2024-01-02,14.562217638345535,14.821102142333984,14.543725510166416,14.821102142333984,9600.0
2024-01-03,14.78411750731425,14.793363571166992,14.78411750731425,14.793363571166992,2100.0
2024-01-04,14.839591831773939,14.932050704956055,14.358807983785162,14.932050704956055,7800.0
2024-01-05,14.932050851433958,14.932050851433958,14.636183865153905,14.885822296142578,3500.0
2024-01-08,14.793363422053476,14.885822296142578,14.765626112528015,14.885822296142578,3600.0
2024-01-09,14.613069255970155,14.613069255970155,14.348637658017477,14.432774543762207,1700.0
2024-01-10,14.432774543762207,14.432774543762207,14.432774543762207,14.432774543762207,0.0
2024-01-11,14.876576190023954,15.02450968274276,14.80260944366455,14.80260944366455,6900.0
2024-01-12,14.432774661006073,14.943146615711017,14.432774661006073,14.469758033752441,800.0
2024-01-16,14.469758033752441,14.469758033752441,14.469758033752441,14.469758033752441,0.0
2024-01-17,14.997697830200195,14.997697830200195,14.997697830200195,14.997697830200195,4500.0
2024-01-18,14.793363379931334,15.190935302928002,14.571463140853124,14.80260944366455,2400.0
2024-01-19,15.200181409941722,15.255656028992647,14.885822296142578,14.885822296142578,13400.0
2024-01-22,15.070738597356621,15.126214981079102,15.061494296909256,15.126214981079102,3000.0
2024-01-23,15.440573866620866,15.440573866620866,15.006017684936523,15.006017684936523,3100.0
2024-01-24,15.325000839783929,15.325000839783929,15.033755999556888,15.255656242370605,800.0
2024-01-25,15.440573692321777,15.440573692321777,15.440573692321777,15.440573692321777,700.0
2024-01-26,15.653227806091309,15.796537384252291,15.633811601430544,15.653227806091309,6600.0
2024-01-29,15.662474404462726,15.662474404462726,15.542277336120605,15.542277336120605,800.0
2024-01-30,15.597753101086166,15.597753101086166,15.486802101135254,15.486802101135254,1800.0
2024-01-31,15.371229330975503,15.468310356140137,15.255656178111025,15.468310356140137,1500.0
2024-02-01,15.440573788496726,15.440573788496726,14.895068370827861,15.075362205505371,3900.0
2024-02-02,14.978281021118164,14.978281021118164,14.978281021118164,14.978281021118164,400.0
2024-02-05,15.27877052033959,15.27877052033959,14.89506856823661,15.255656242370605,1600.0
2024-02-06,15.283394242414046,15.486802354899698,14.895068381482277,15.264902114868164,18400.0
2024-02-07,14.913558959960938,14.913558959960938,14.913558959960938,14.913558959960938,300.0
2024-02-08,15.052248508208057,15.662474632263184,15.052248508208057,15.662474632263184,5300.0
2024-02-09,15.348114860864357,15.71794859269714,15.2741481144978,15.523786544799805,1900.0
2024-02-12,15.264902114868164,15.264902114868164,15.264902114868164,15.264902114868164,700.0
2024-02-13,15.306508520093224,15.306508520093224,15.264902114868164,15.264902114868164,800.0
2024-02-14,15.412835568445564,15.856636047363281,15.25565601172391,15.856636047363281,800.0
2024-02-15,15.264902114868164,15.348114925318283,15.255656051095224,15.264902114868164,1300.0
2024-02-16,15.264902457675024,15.717949011685185,15.16319751739502,15.16319751739502,10300.0
2024-02-20,15.68096420724254,15.717948461871154,15.274147987365723,15.274147987365723,5600.0
2024-02-21,15.264902627769933,15.301885120597962,15.189085960388184,15.189085960388184,3400.0
2024-02-22,15.189085960388184,15.189085960388184,15.189085960388184,15.189085960388184,0.0
2024-02-23,15.283394242414046,15.579261229122755,15.264902114868164,15.264902114868164,4400.0
2024-02-26,15.579261779785156,15.579261779785156,15.255656590319521,15.579261779785156,900.0
2024-02-27,15.255656242370605,15.417457951659868,15.255656242370605,15.255656242370605,1900.0
2024-02-28,15.255656242370605,15.255656242370605,15.255656242370605,15.255656242370605,0.0
2024-02-29,15.394343373778097,15.440573692321777,15.394343373778097,15.440573692321777,6100.0
2024-03-01,15.264902306259472,15.348115117752913,15.255656242370605,15.255656242370605,2900.0
2024-03-04,15.570015165349815,15.579261229122755,15.255656051095224,15.264902114868164,1700.0
2024-03-05,15.264902114868164,15.264902114868164,15.264902114868164,15.264902114868164,0.0
2024-03-06,15.264902114868164,15.264902114868164,15.264902114868164,15.264902114868164,0.0
2024-03-07,15.264902114868164,15.264902114868164,15.264902114868164,15.264902114868164,0.0
2024-03-08,15.579261779785156,15.579261779785156,15.579261779785156,15.579261779785156,500.0
2024-03-11,15.255656051095224,15.264902114868164,15.255656051095224,15.264902114868164,1100.0
2024-03-12,15.264902114868164,15.264902114868164,15.264902114868164,15.264902114868164,0.0
2024-03-13,15.48680220667344,15.69945638089669,15.31113052368164,15.31113052368164,3400.0
2024-03-14,15.671720028108194,15.671720028108194,15.441497802734375,15.441497802734375,1500.0
2024-03-15,15.395267956165378,15.625490188598633,15.26490250965991,15.625490188598633,2800.0
2024-03-18,15.301884651184082,15.301884651184082,15.301884651184082,15.301884651184082,1000.0
2024-03-19,15.44057384467726,15.653228021557483,15.301884651184082,15.301884651184082,6000.0
2024-03-20,15.264901850879976,15.459063896234888,15.264901850879976,15.297262191772461,3300.0
2024-03-21,15.283394051022876,15.283394051022876,15.274147987365723,15.274147987365723,600.0
2024-03-22,15.468310356140137,15.468310356140137,15.468310356140137,15.468310356140137,300.0
2024-03-25,15.468310227353816,15.625489784481113,15.200181431963928,15.264902114868164,6800.0
2024-03-26,15.200181431963928,15.440573799541342,15.200181431963928,15.264902114868164,3700.0
2024-03-27,15.264902198017447,15.431327819824219,15.20018151476067,15.431327819824219,7300.0
2024-03-28,15.514540591570658,15.643981957757514,15.264902159490559,15.301884651184082,12600.0
2024-04-01,15.29264088210235,15.44057438102783,14.802610064720199,15.237164497375488,17200.0
2024-04-02,15.597753483428619,15.625489911466502,15.514540672302246,15.514540672302246,1400.0
2024-04-03,15.130837000799971,15.130837000799971,13.799434664305386,14.663921356201172,17200.0
2024-04-04,15.163197154903544,15.163197154903544,14.885822296142578,14.885822296142578,10500.0
2024-04-05,14.885822104999319,14.895068168640137,14.885822104999319,14.895068168640137,700.0
2024-04-08,14.904314497105643,14.904314497105643,14.774871367340506,14.86270809173584,10100.0
2024-04-09,14.978281021118164,14.978281021118164,14.978281021118164,14.978281021118164,700.0
2024-04-10,15.144705027384456,15.200181409941722,14.885822296142578,14.885822296142578,6500.0
2024-04-11,15.153951453414438,15.264902457675024,15.116968960998499,15.16319751739502,13000.0
2024-04-12,15.033756308630512,15.44981861114502,14.904314938537963,15.44981861114502,6500.0
2024-04-15,15.431327809952021,15.431327809952021,15.227917932982164,15.241787910461426,500.0
2024-04-16,15.23716411459287,15.255656242370605,15.033755999556888,15.255656242370605,800.0
2024-04-17,15.431327819824219,15.431327819824219,15.264902198017447,15.431327819824219,5900.0
2024-04-18,15.42208141929152,15.600525333016911,15.42208141929152,15.486802101135254,3900.0
2024-04-19,15.477556333509115,15.62548982726856,15.348114967346191,15.348114967346191,6100.0
2024-04-22,15.27414837014834,15.27414837014834,15.255656242370605,15.255656242370605,1200.0
2024-04-23,15.4757080078125,15.4757080078125,15.4757080078125,15.4757080078125,300.0
2024-04-24,15.523786655370625,15.523786655370625,15.301884651184082,15.301884651184082,300.0
2024-04-25,15.440573634316165,15.6069974899292,15.311130506386478,15.6069974899292,2600.0
2024-04-26,15.30188491964934,15.533031228184866,15.30188491964934,15.505294799804688,6100.0
2024-04-29,15.4960487358425,15.505294799804688,15.477556607918126,15.505294799804688,2300.0
2024-04-30,15.477556228637695,15.477556228637695,15.468310164902086,15.477556228637695,3700.0
2024-05-01,15.477556651708566,15.542277336120605,15.422082031284873,15.542277336120605,3800.0
2024-05-02,15.625490341139956,15.625490341139956,15.445196499910507,15.533031463623047,4500.0
2024-05-03,15.634735739686224,15.634735739686224,15.366606946158225,15.440573692321777,1300.0
2024-05-06,15.348115239460274,15.505294799804688,15.348115239460274,15.505294799804688,6400.0
2024-05-07,15.486802376249768,15.64398193359375,15.486802376249768,15.64398193359375,4800.0
2024-05-08,15.625490188598633,15.625490188598633,15.625490188598633,15.625490188598633,200.0
2024-05-09,15.579261779785156,15.579261779785156,15.579261779785156,15.579261779785156,900.0
2024-05-10,15.38509781480402,15.64398231662277,15.38509781480402,15.625490188598633,5000.0
2024-05-13,15.625489806022376,15.653227997379437,15.394343501899245,15.64398193359375,1500.0
2024-05-14,15.699456973039672,15.902866854756903,15.699456973039672,15.75493335723877,3100.0
2024-05-15,15.749385326235132,15.749385326235132,15.426704217267847,15.671720504760742,2200.0
2024-05-16,15.801161725373651,15.801161725373651,15.717948913574219,15.717948913574219,2300.0
2024-05-17,15.764177469682181,15.764177469682181,15.717948913574219,15.717948913574219,6800.0
2024-05-20,15.764177277806736,15.764177277806736,15.727194786071777,15.727194786071777,5600.0
2024-05-21,15.791915893554688,15.791915893554688,15.791915893554688,15.791915893554688,600.0
2024-05-22,15.810407489555965,15.90286636352539,15.810407489555965,15.90286636352539,2400.0
2024-05-23,15.819653511047363,16.013815558708817,15.819653511047363,15.819653511047363,7700.0
2024-05-24,15.680964916994125,15.839070320129395,15.680964916994125,15.839070320129395,1900.0
2024-05-28,15.99532397354185,15.99532397354185,15.944473266601562,15.944473266601562,4800.0
2024-05-29,15.986079706157136,15.986079706157136,15.94539737701416,15.94539737701416,500.0
2024-05-30,15.939848651670324,15.949094715299951,15.595903196777236,15.676342010498047,4800.0
2024-05-31,19.323831009921133,19.342323137815892,18.90776871332735,19.055702209472656,226700.0
2024-06-03,19.092684701755793,19.092684701755793,19.046456145525276,19.055702209472656,137600.0
2024-06-04,19.05570144687814,19.101930001258626,19.018717192568705,19.04645538330078,92300.0
2024-06-05,19.027963638305664,19.051077915960136,19.009471510779548,19.027963638305664,35400.0
2024-06-06,18.963242955470605,19.027963638305664,18.963242955470605,19.027963638305664,17700.0
2024-06-07,19.027962874727816,19.0649471282959,19.000224684551757,19.0649471282959,10300.0
2024-06-10,18.97248925103453,19.101930618286133,18.97248925103453,19.101930618286133,6100.0
2024-06-11,18.98173432127399,19.101929618357705,18.98173432127399,19.0649471282959,1800.0
2024-06-12,19.046455998536356,19.185143429663977,19.046455998536356,19.101930618286133,16700.0
2024-06-13,18.972488492177327,19.138914108276367,18.972488492177327,19.138914108276367,7200.0
2024-06-14,19.027963109708242,19.138914108276367,19.027963109708242,19.138914108276367,4800.0
2024-06-17,19.138914108276367,19.138914108276367,19.092683790745358,19.138914108276367,20600.0
2024-06-18,19.101930551118517,19.416289667772485,19.101930551118517,19.360815048217773,87800.0
2024-06-20,19.37006127830725,19.675174333736376,19.14815927117118,19.647436141967773,90500.0
2024-06-21,19.41629043192022,19.64743674658594,19.37006187438965,19.37006187438965,110000.0
2024-06-24,19.30533891367321,19.76763153076172,19.30533891367321,19.76763153076172,71800.0
2024-06-25,19.647436289609647,19.647436289609647,19.416289980320123,19.601207733154297,90600.0
2024-06-26,19.517994924521997,19.58271560897462,19.517994924521997,19.554977416992188,6900.0
2024-06-27,19.517994920729556,19.62894416162495,19.517994920729556,19.601207733154297,10800.0
2024-06-28,19.517994920729556,19.601207733154297,19.517994920729556,19.601207733154297,16500.0
2024-07-01,19.517994692548733,19.610451804378535,19.3977976255598,19.48101043701172,13200.0
2024-07-02,19.45327400561851,19.62894392887091,19.45327400561851,19.527240753173828,5000.0
2024-07-03,19.51799468929112,19.564223245198303,19.499502561525695,19.527240753173828,3000.0
2024-07-05,19.48101104576065,19.58271598815918,19.47176498158747,19.58271598815918,13100.0
2024-07-08,19.58271599287409,19.58271599287409,19.52724137132809,19.53648567199707,1800.0
2024-07-09,19.573468781721107,19.573468781721107,19.370060672300916,19.545730590820312,18400.0
2024-07-10,19.47176346479236,19.628943016479695,19.39779672067516,19.56422233581543,27500.0
2024-07-11,19.46251777963163,19.610451270741404,19.342322479419803,19.591960906982422,26800.0
2024-07-12,19.554976272362495,19.56422233581543,19.41628884758103,19.56422233581543,10900.0
2024-07-15,19.541109354825235,19.60120788950167,19.333077322104035,19.4625186920166,57100.0
2024-07-16,19.444028475612868,19.508749161062518,19.286848912303824,19.416290283203125,40700.0
2024-07-17,19.50874847880107,19.610451653733858,19.50874847880107,19.573469161987305,6000.0
2024-07-18,19.481010668545423,19.619698101444808,19.481010668545423,19.554977416992188,5500.0
2024-07-19,19.559601561458223,19.628944396972656,19.499503026540587,19.628944396972656,5700.0
2024-07-22,19.628944396972656,19.628944396972656,19.605830118467846,19.628944396972656,8700.0
2024-07-23,19.52724069193349,19.69366455078125,19.52724069193349,19.69366455078125,33400.0
2024-07-24,19.573469544980476,19.64743629342724,19.430158198330822,19.554977416992188,6500.0
2024-07-25,19.56977032658845,19.56977032658845,19.56422233581543,19.56422233581543,1600.0
2024-07-26,19.638190671105587,19.638190671105587,19.564223920995275,19.630794525146484,4100.0
2024-07-29,19.638189314141975,19.684419631958008,19.633567164113526,19.684419631958008,5700.0
2024-07-30,19.76763213869981,20.317761498598017,19.693665388231114,19.86933708190918,25600.0
2024-07-31,19.786124267193593,20.01727058284657,19.786124267193593,19.86933708190918,5100.0
2024-08-01,19.832353741959583,20.054253983894704,19.67517418348391,19.73989486694336,5600.0
2024-08-02,19.702910910057344,19.823107978451475,19.416289980320123,19.601207733154297,17100.0
2024-08-05,19.52724152016711,19.72140357881125,19.35156982650829,19.490257263183594,15200.0
2024-08-06,19.49950294411459,19.610452185871253,19.49950294411459,19.50874900817871,6500.0
2024-08-07,19.53648467331152,19.638189610535488,19.41628937218838,19.499502182006836,36900.0
2024-08-08,19.49950203416223,19.601206970615074,19.46251777963163,19.591960906982422,4900.0
2024-08-09,19.490256962437382,19.628944396972656,19.490256962437382,19.628944396972656,9300.0
2024-08-12,19.517994396628687,19.61969757080078,19.508748332884615,19.61969757080078,3300.0
2024-08-13,19.628944396972656,19.628944396972656,19.61969833286945,19.628944396972656,700.0
2024-08-14,19.61969833286945,19.628944396972656,19.582715839963033,19.628944396972656,2700.0
2024-08-15,19.601207968169447,19.628944396972656,19.46251877012776,19.628944396972656,39900.0
2024-08-16,19.601207968169447,19.628944396972656,19.471764834230967,19.628944396972656,24200.0
2024-08-19,19.568846865467904,19.62894363454485,19.508748332884615,19.61969757080078,8300.0
2024-08-20,19.628944396972656,19.628944396972656,19.508749090643793,19.628944396972656,7400.0
2024-08-21,19.582715839963033,19.628944396972656,19.545731583550207,19.628944396972656,10900.0
2024-08-22,19.60120720681898,19.61969757080078,19.57346901558677,19.61969757080078,3800.0
2024-08-23,19.628944626767957,19.702911376953125,19.58456422395557,19.702911376953125,8300.0
2024-08-26,19.638189169327532,19.730648040771484,19.60120667885373,19.730648040771484,9400.0
2024-08-27,19.72140197727646,19.730648040771484,19.610450978842458,19.730648040771484,5500.0
2024-08-28,19.684419486802653,19.730648040771484,19.684419486802653,19.730648040771484,3300.0
2024-08-29,19.656681296317583,19.730648040771484,19.656681296317583,19.730648040771484,3800.0
2024-08-30,19.730648040771484,19.730648040771484,19.672399427908495,19.730648040771484,2600.0
2024-09-03,19.712155913781437,19.730648040771484,19.693663786791387,19.730648040771484,3300.0
2024-09-04,19.730648040771484,19.730648040771484,19.70290985028641,19.730648040771484,6600.0
2024-09-05,19.716780207162387,19.7907469530414,19.702910229899473,19.758386611938477,12900.0
2024-09-06,19.739895480596985,19.878582915679512,19.739895480596985,19.79537010192871,16600.0
2024-09-09,19.81386146435433,19.832353591918945,19.810163391542677,19.832353591918945,5300.0
2024-09-10,19.830503673759942,19.832353591918945,19.804615400572022,19.832353591918945,6300.0
2024-09-11,19.786123655041333,19.813861846923828,19.786123655041333,19.813861846923828,13400.0
2024-09-12,19.823107763674994,19.860090255737305,19.795369571998485,19.860090255737305,5900.0
2024-09-13,19.8600906346985,19.971041640015283,19.823108141930508,19.887828826904297,5900.0
2024-09-16,19.897075269582217,19.91556739807129,19.895225351330733,19.91556739807129,2700.0
2024-09-17,19.915567019110092,19.92481131967229,19.887828826904297,19.887828826904297,3200.0
2024-09-18,19.887828211106445,19.887828211106445,19.81386146435433,19.832353591918945,3900.0
2024-09-19,19.786123504827497,19.915566635790054,19.749141012771315,19.906320571899414,14800.0
2024-09-20,19.79536861050877,20.202186584472656,19.79536861050877,20.202186584472656,28800.0
2024-09-23,19.971040727777183,20.05425353708717,19.84159760023591,19.9248104095459,7300.0
2024-09-24,19.86933579117468,20.03576140979466,19.84159760023591,19.9248104095459,6000.0
2024-09-25,19.854543500145727,19.984908941493405,19.854543500145727,19.9248104095459,2000.0
2024-09-26,19.929435237659185,19.929435237659185,19.804616017966403,19.841598510742188,2700.0
2024-09-27,19.90632033867106,19.90632033867106,19.786123273007405,19.832353591918945,11700.0
2024-09-30,19.823108294347783,19.823108294347783,19.786124037789023,19.79537010192871,7000.0
2024-10-01,19.795369571998485,19.869336319629475,19.786123508106318,19.860090255737305,7200.0
2024-10-02,19.906320575198155,19.906320575198155,19.793521417323873,19.860090255737305,6500.0
2024-10-03,19.786123655041333,19.86009040322161,19.739895098743553,19.813861846923828,14000.0
2024-10-04,19.772254534759384,19.860089493102546,19.607678836213815,19.85084342956543,7900.0
2024-10-07,19.77410359554161,19.823107910884662,19.69366477893939,19.813861846923828,6000.0
2024-10-08,19.79536933954043,19.850843958735638,19.73064865656163,19.786123275756836,7700.0
2024-10-09,19.76763153076172,19.76763153076172,19.749141166343026,19.76763153076172,2800.0
2024-10-10,19.771331363509105,19.823107910884662,19.749141162704383,19.813861846923828,4700.0
2024-10-11,19.813861846923828,19.813861846923828,19.767631527119665,19.813861846923828,2500.0
2024-10-14,19.776877211973243,19.813861467107614,19.776877211973243,19.786123275756836,6600.0
2024-10-15,19.786123655041333,19.850844339260778,19.786123655041333,19.813861846923828,8400.0
2024-10-16,19.786123273007405,19.85084395597721,19.786123273007405,19.832353591918945,9700.0
2024-10-17,19.78612395533587,19.84159857643642,19.573469771528412,19.675174713134766,16500.0
2024-10-18,19.78612434635847,19.78612434635847,19.61045265197754,19.61045265197754,7600.0
2024-10-21,19.693664698075736,19.7676314459523,19.647436141967773,19.647436141967773,8900.0
2024-10-22,19.684419342325903,19.786122513012124,19.647435088617257,19.77687644958496,5100.0
2024-10-23,19.776876977989446,19.776876977989446,19.712156295776367,19.712156295776367,1700.0
2024-10-24,19.723251750616214,19.786122513012124,19.652057238577697,19.77687644958496,7400.0
2024-10-25,19.711232833148546,19.776877594724255,19.63819016229898,19.76763153076172,4600.0
2024-10-28,19.773178669518728,19.773178669518728,19.619697188667928,19.6381893157959,2400.0
2024-10-29,19.46251734708658,19.77687644958496,18.722849907976446,19.77687644958496,4600.0
2024-10-30,19.277602112203677,19.786123275756836,19.277602112203677,19.786123275756836,1900.0
2024-10-31,19.770405143675365,19.786123275756836,19.68534417847647,19.786123275756836,5700.0
2024-11-01,19.610451970411372,19.76763153076172,19.601207669955215,19.76763153076172,1400.0
2024-11-04,19.65298383698707,19.786123275756836,19.65298383698707,19.786123275756836,2900.0
2024-11-05,19.776876713754973,20.535036289846566,19.75098844121563,20.276153564453125,17300.0
2024-11-06,20.331628541686495,20.331628541686495,19.786123127097518,19.878582000732422,15900.0
2024-11-07,19.878582150086416,19.947926746710188,19.786123275756836,19.786123275756836,7600.0
2024-11-08,19.832352975710464,19.922961929052892,19.730648040771484,19.730648040771484,9000.0
2024-11-11,19.80461631977264,19.80461631977264,19.702911376953125,19.702911376953125,2000.0
2024-11-12,19.739894572033233,19.878582000732422,19.721402444604983,19.878582000732422,6000.0
2024-11-13,19.878581382801034,19.878581382801034,19.416288792503337,19.82310676574707,11000.0
2024-11-14,19.823107763674994,19.878582383521643,19.721402824367498,19.860090255737305,3000.0
2024-11-15,19.786124267193593,19.86933708190918,19.68442108749066,19.86933708190918,6100.0
2024-11-18,19.804615550402808,19.830503823786586,19.73989486694336,19.73989486694336,7500.0
2024-11-19,19.832353445668137,19.95254874693908,19.832353445668137,19.878582000732422,2400.0
2024-11-20,19.832353445668137,19.878582000732422,19.832353445668137,19.878582000732422,1200.0
2024-11-21,19.795369953895854,19.89707489516547,19.739895332978975,19.841598510742188,15500.0
2024-11-22,20.01726904468826,20.063499362370308,19.89707374572754,19.89707374572754,1500.0
2024-11-25,19.878582147324135,20.026515640828364,19.832353591918945,19.832353591918945,7600.0
2024-11-26,19.832352918751713,19.989532470703125,19.832352918751713,19.989532470703125,2500.0
2024-11-27,19.878582000732422,19.878582000732422,19.878582000732422,19.878582000732422,2100.0
2024-11-29,20.00802459402,20.035762786865234,20.00802459402,20.035762786865234,1500.0
2024-12-02,19.9664169607571,19.980286938081452,19.878582000732422,19.878582000732422,4400.0
2024-12-03,19.961794810653206,19.961794810653206,19.878582000732422,19.878582000732422,3400.0
2024-12-04,19.947927062548036,20.02651596069336,19.947927062548036,20.02651596069336,2100.0
2024-12-05,19.92758440499041,19.943302536838413,19.878581854820936,19.9248104095459,3200.0
2024-12-06,19.878582464826323,20.02651596069336,19.878582464826323,20.02651596069336,2200.0
2024-12-09,20.0265149071133,20.155956268310547,19.878581419028936,20.155956268310547,8300.0
2024-12-10,20.02189290140981,20.10972785949707,19.897073689281832,20.10972785949707,3900.0
2024-12-11,20.040383792058613,20.146712643469364,19.98028702292113,20.045007705688477,2000.0
2024-12-12,20.054254270332212,20.054254270332212,20.04038429260254,20.04038429260254,1100.0
2024-12-13,20.146712348511784,20.26690764853338,20.146712348511784,20.18369483947754,5300.0
2024-12-16,20.155956322616717,20.155956322616717,19.989532470703125,19.989532470703125,1600.0
2024-12-17,20.008024211335854,20.06350059596525,19.998778147230954,20.05425453186035,2600.0
2024-12-18,20.59051390988904,20.59051390988904,20.008024215698242,20.008024215698242,3400.0
2024-12-19,20.109728706878585,20.23917007446289,20.109728706878585,20.23917007446289,1500.0
2024-12-20,20.220678692093546,20.80316658040204,20.01726882355226,20.793920516967773,70800.0
2024-12-23,20.609006347119944,20.655234904841276,20.248416895569108,20.294647216796875,7500.0
2024-12-24,20.285400157474168,20.32238264913581,20.16520309168454,20.21143341064453,2800.0
2024-12-26,20.225301627385576,20.285400160288727,20.165203094482422,20.165203094482422,4100.0
2024-12-27,20.220678712415456,20.26135927535957,20.155956268310547,20.155956268310547,5900.0
2024-12-30,20.220678712415456,20.229923012352728,20.137465904929716,20.155956268310547,13500.0
2024-12-31,16.04155320696674,16.35591230888011,15.717948041643414,16.180240631103516,122500.0
2025-01-02,16.078535553689736,16.771974431694844,16.00456881057611,16.226469039916992,37300.0
2025-01-03,16.21260173513616,16.57781332125796,16.07853645463479,16.18948745727539,42000.0
2025-01-06,16.18024139342981,16.47610838246294,15.995323643530927,16.18948745727539,49500.0
2025-01-07,16.235716777063654,16.40214240710351,16.152503962043728,16.198734283447266,38700.0
2025-01-08,16.254208985464796,16.38365035901763,16.254208985464796,16.31892967224121,15200.0
2025-01-10,16.318929360081988,16.365159680828285,16.09702911101902,16.124767303466797,113100.0
2025-01-13,16.23571539369932,16.23571539369932,16.13401222229004,16.13401222229004,27500.0
2025-01-14,16.180240486785824,16.328173973013076,16.16174836013085,16.226469039916992,43200.0
2025-01-15,16.346667262480576,16.642534255981445,16.272700514105356,16.642534255981445,20400.0
2025-01-16,16.642534493972356,17.0955810546875,16.642534493972356,17.0955810546875,17300.0
2025-01-17,16.808960039599476,17.132565228115027,16.808960039599476,16.975385665893555,13600.0
2025-01-21,16.91066544344057,16.91066544344057,16.661026997171216,16.698009490966797,19300.0
2025-01-22,16.69800851641735,17.12701670584906,16.69800851641735,16.99387550354004,14300.0
2025-01-23,17.07708831410659,17.086334377892467,16.734992771560858,16.99387550354004,13600.0
2025-01-24,17.030859373966223,17.289743863603697,16.90604016093599,17.058597564697266,13400.0
2025-01-27,17.52181433090454,17.52181433090454,17.16954688986613,17.17879295349121,3100.0
2025-01-28,17.043803895282508,17.095580441678344,16.99387550354004,16.99387550354004,4900.0
2025-01-29,16.993875650549512,17.04935203374469,16.947647094726562,16.947647094726562,6500.0
2025-01-30,16.9661398316,17.058598710071852,16.9661398316,17.049352645874023,6400.0
2025-01-31,17.12331854516468,17.12331854516468,16.804335518461038,16.873680114746094,22500.0
2025-02-03,17.00312148007143,17.058597862502012,16.808959432083423,16.873680114746094,14900.0
2025-02-04,16.827452696324062,16.919909812941544,16.827452696324062,16.91066551208496,10400.0
2025-02-05,16.919908521435268,16.989253117111723,16.91066422128431,16.96613883972168,25500.0
2025-02-06,16.919908669931903,16.919908669931903,16.83207370967633,16.873680114746094,11100.0
2025-02-07,16.734992831250413,16.827451705932617,16.734992831250413,16.827451705932617,2100.0
2025-02-10,16.836696009186984,16.929154883885342,16.781221389770508,16.781221389770508,9200.0
2025-02-11,16.7812217014293,17.132565079106904,16.7812217014293,17.02161407470703,43900.0
2025-02-12,17.00312118323518,17.215777118493893,17.00312118323518,17.058597564697266,8300.0
2025-02-13,17.017915619320913,17.19266146337848,16.958741163802177,17.04010581970215,6800.0
2025-02-14,16.956892861318792,17.1418106083815,16.956892861318792,17.132564544677734,5900.0
2025-02-18,17.104827271624348,17.502399214693405,17.104827271624348,17.42843246459961,21900.0
2025-02-19,17.168622324383136,17.6688232421875,17.13256391172503,17.6688232421875,18400.0
2025-02-20,17.567120056152344,17.567120056152344,17.19728630240832,17.335973739624023,14600.0
2025-02-21,17.349840427666308,17.409938958457353,17.308234023811934,17.317480087280273,6000.0
2025-02-24,17.308235546778306,17.474661176839728,17.308235546778306,17.335973739624023,2700.0
2025-02-25,17.335972894273173,17.456168197064006,17.160301208496094,17.160301208496094,4300.0
2025-02-26,17.197286450700656,17.298989631665723,17.197286450700656,17.289745330810547,12300.0
2025-02-27,17.37295769509096,17.52089119401988,17.37295769509096,17.474660873413086,1200.0
2025-02-28,17.78901964016839,18.251312255859375,17.567119396257482,18.251312255859375,40700.0
2025-03-03,18.491705011416112,18.491705011416112,18.214330141647437,18.279050827026367,11100.0
2025-03-04,18.024789019376893,18.22357321240831,17.256457542928835,18.121870040893555,7900.0
2025-03-05,18.140362635495716,18.491704240115112,17.918460632728753,18.269804000854492,49100.0
2025-03-06,18.36226220018055,18.676621301794377,18.36226220018055,18.380752563476562,14300.0
2025-03-07,18.953997879953015,18.953997879953015,18.297543190106023,18.306787490844727,19900.0
2025-03-10,18.935504324248917,18.935504324248917,18.2420654296875,18.2420654296875,20100.0
2025-03-11,18.389998680484144,18.436228997624628,18.001672834035467,18.21432876586914,21100.0
2025-03-12,18.426983644787033,18.685866376731795,18.17734521312057,18.389999389648438,82200.0
2025-03-13,18.649999618530273,18.670000076293945,17.829999923706055,17.829999923706055,41100.0
2025-03-14,17.65999984741211,18.049999237060547,17.18000030517578,17.469999313354492,32300.0
2025-03-17,17.43000030517578,18.010000228881836,17.399999618530273,17.799999237060547,42100.0
2025-03-18,17.940000534057617,18.479999542236328,17.665000915527344,17.799999237060547,37100.0
2025-03-19,17.770000457763672,18.350000381469727,17.75,17.799999237060547,31400.0
2025-03-20,17.75,18.100000381469727,17.75,17.770000457763672,14700.0
2025-03-21,17.760000228881836,18.204999923706055,17.75,18.06999969482422,20900.0
2025-03-24,18.100000381469727,18.18000030517578,17.65999984741211,17.719999313354492,6800.0
2025-03-25,17.75,17.825000762939453,17.6200008392334,17.6200008392334,5900.0
2025-03-26,17.850000381469727,18.0,17.829999923706055,17.850000381469727,4800.0
2025-03-27,17.81999969482422,17.940000534057617,17.780000686645508,17.780000686645508,12200.0
2025-03-28,17.90999984741211,17.920000076293945,17.75,17.75,32100.0
2025-03-31,17.670000076293945,17.979999542236328,17.65999984741211,17.760000228881836,6000.0
2025-04-01,17.809999465942383,17.8700008392334,17.75,17.829999923706055,31000.0
2025-04-02,17.829999923706055,18.049999237060547,17.823999404907227,18.049999237060547,15200.0
2025-04-03,17.75,17.920000076293945,17.559999465942383,17.559999465942383,14400.0
2025-04-04,17.6200008392334,17.75,17.0,17.520000457763672,36600.0
2025-04-07,17.09000015258789,17.809999465942383,17.09000015258789,17.5,22900.0
2025-04-08,17.770000457763672,17.90999984741211,17.5,17.530000686645508,12600.0
2025-04-09,17.5,17.90999984741211,17.5,17.700000762939453,19400.0
2025-04-10,17.700000762939453,17.979999542236328,17.5,17.5,8000.0
2025-04-11,17.510000228881836,17.764999389648438,17.5,17.5,11100.0
2025-04-14,17.639999389648438,18.040000915527344,17.584999084472656,17.65999984741211,10000.0
2025-04-15,17.81999969482422,18.204999923706055,17.790000915527344,17.799999237060547,8100.0
2025-04-16,17.969999313354492,18.06999969482422,17.81999969482422,17.950000762939453,11900.0
2025-04-17,17.889999389648438,18.68000030517578,17.889999389648438,18.399999618530273,11200.0
2025-04-21,18.420000076293945,18.420000076293945,18.030000686645508,18.030000686645508,4600.0
2025-04-22,18.190000534057617,18.459999084472656,18.190000534057617,18.40999984741211,11600.0
2025-04-23,18.469999313354492,18.68000030517578,18.209999084472656,18.610000610351562,9300.0
2025-04-24,18.65999984741211,18.65999984741211,18.479999542236328,18.639999389648438,4800.0
2025-04-25,18.6299991607666,18.6299991607666,18.274999618530273,18.600000381469727,4800.0
2025-04-28,18.5,18.579999923706055,18.309999465942383,18.56999969482422,5200.0
2025-04-29,18.479999542236328,18.59000015258789,18.479999542236328,18.59000015258789,3500.0
2025-04-30,18.450000762939453,18.450000762939453,18.360000610351562,18.360000610351562,5300.0
2025-05-01,18.459999084472656,18.520000457763672,18.030000686645508,18.100000381469727,4400.0
2025-05-02,18.100000381469727,18.219999313354492,17.75,18.200000762939453,4900.0
2025-05-05,18.360000610351562,18.549999237060547,18.360000610351562,18.3700008392334,11300.0
2025-05-06,18.530000686645508,18.67799949645996,18.3700008392334,18.3700008392334,2400.0
2025-05-07,18.389999389648438,18.670000076293945,18.3700008392334,18.3700008392334,7000.0
2025-05-08,18.420000076293945,18.530000686645508,18.415000915527344,18.459999084472656,12500.0
2025-05-09,18.450000762939453,18.5049991607666,18.450000762939453,18.450000762939453,1600.0
2025-05-12,18.450000762939453,18.450000762939453,18.450000762939453,18.450000762939453,6200.0
2025-05-13,18.48699951171875,18.770000457763672,18.450000762939453,18.770000457763672,23500.0
2025-05-14,18.670000076293945,18.670000076293945,18.5,18.5,4500.0
2025-05-15,18.5,18.639999389648438,18.5,18.5,6800.0
2025-05-16,18.5,18.520000457763672,18.5,18.520000457763672,4400.0
2025-05-19,18.520000457763672,18.799999237060547,18.520000457763672,18.520000457763672,6200.0
2025-05-20,18.5,18.7549991607666,18.5,18.530000686645508,3900.0
2025-05-21,18.530000686645508,19.0,18.530000686645508,18.549999237060547,3000.0
2025-05-22,18.8700008392334,18.8700008392334,18.530000686645508,18.56999969482422,3200.0
2025-05-23,18.520000457763672,18.520000457763672,18.25,18.31999969482422,11600.0
2025-05-27,18.172000885009766,18.19499969482422,17.860000610351562,17.8700008392334,38300.0
2025-05-28,18.0,18.010000228881836,17.899999618530273,17.920000076293945,8200.0
2025-05-29,18.0,18.030000686645508,18.0,18.030000686645508,4800.0
2025-05-30,18.184999465942383,18.184999465942383,18.100000381469727,18.100000381469727,3700.0
2025-06-02,18.100000381469727,18.6299991607666,18.100000381469727,18.25,10600.0
2025-06-03,18.209999084472656,18.260000228881836,18.209999084472656,18.219999313354492,3900.0
2025-06-04,18.229999542236328,18.309999465942383,18.200000762939453,18.200000762939453,2300.0
2025-06-05,18.200000762939453,18.200000762939453,18.200000762939453,18.200000762939453,700.0
2025-06-06,18.440000534057617,18.440000534057617,17.979999542236328,18.06999969482422,19800.0
2025-06-09,18.170000076293945,18.399999618530273,18.170000076293945,18.200000762939453,5700.0
2025-06-10,18.219999313354492,18.299999237060547,18.219999313354492,18.299999237060547,1500.0
2025-06-11,18.299999237060547,18.489999771118164,18.2549991607666,18.260000228881836,10500.0
2025-06-12,18.356000900268555,18.356000900268555,18.229999542236328,18.229999542236328,1300.0
2025-06-13,18.200000762939453,18.200000762939453,18.200000762939453,18.200000762939453,600.0
2025-06-16,18.219999313354492,18.219999313354492,18.219999313354492,18.219999313354492,1700.0
2025-06-17,18.219999313354492,18.549999237060547,18.219999313354492,18.31999969482422,3500.0
2025-06-18,18.3799991607666,18.3799991607666,18.3799991607666,18.3799991607666,1100.0
2025-06-20,18.469999313354492,18.770000457763672,18.469999313354492,18.530000686645508,5000.0
2025-06-23,18.420000076293945,18.600000381469727,18.420000076293945,18.5,3700.0
2025-06-24,18.5,18.715999603271484,18.3700008392334,18.5,5600.0
2025-06-25,18.43000030517578,18.69499969482422,18.43000030517578,18.56999969482422,1400.0
2025-06-26,18.600000381469727,18.600000381469727,18.360000610351562,18.479999542236328,2000.0
2025-06-27,18.389999389648438,18.700000762939453,18.389999389648438,18.635000228881836,4200.0
2025-06-30,18.479999542236328,18.479999542236328,18.3700008392334,18.3799991607666,2800.0
2025-07-01,18.690000534057617,18.690000534057617,18.3799991607666,18.399999618530273,2900.0
2025-07-02,18.530000686645508,18.530000686645508,18.43000030517578,18.43000030517578,1600.0
2025-07-03,18.5,18.5,18.31999969482422,18.31999969482422,19100.0
2025-07-07,18.649999618530273,18.797000885009766,18.530000686645508,18.549999237060547,5100.0
2025-07-08,18.3700008392334,18.93000030517578,18.3700008392334,18.56999969482422,3900.0
2025-07-09,18.540000915527344,18.690000534057617,18.540000915527344,18.690000534057617,600.0
2025-07-10,18.78499984741211,18.790000915527344,18.66699981689453,18.790000915527344,11500.0
2025-07-11,18.68000030517578,18.690000534057617,18.670000076293945,18.670000076293945,2600.0
2025-07-14,18.799999237060547,19.0,18.760000228881836,18.760000228881836,4700.0
2025-07-15,18.979999542236328,18.979999542236328,18.709999084472656,18.709999084472656,1100.0
2025-07-16,18.56999969482422,18.871000289916992,18.56999969482422,18.700000762939453,1200.0
2025-07-17,18.600000381469727,18.899999618530273,18.600000381469727,18.649999618530273,207600.0
2025-07-18,18.799999237060547,18.8700008392334,18.649999618530273,18.650999069213867,24800.0
2025-07-21,18.81999969482422,18.950000762939453,18.790000915527344,18.950000762939453,4200.0
2025-07-22,18.780000686645508,18.895000457763672,18.700000762939453,18.780000686645508,4700.0
2025-07-23,18.774999618530273,18.979999542236328,18.68000030517578,18.950000762939453,15300.0
2025-07-24,18.850000381469727,19.0,18.790000915527344,18.850000381469727,5500.0
2025-07-25,18.850000381469727,18.854999542236328,18.850000381469727,18.850000381469727,3000.0
2025-07-28,19.8700008392334,19.8700008392334,19.010000228881836,19.3700008392334,10800.0
2025-07-29,19.34000015258789,19.34000015258789,19.166000366210938,19.277999877929688,3500.0
2025-07-30,19.049999237060547,19.049999237060547,19.010000228881836,19.010000228881836,1600.0
2025-07-31,19.0,19.010000228881836,19.0,19.0,1300.0
2025-08-01,18.809999465942383,18.959999084472656,18.809999465942383,18.93000030517578,2100.0
2025-08-04,19.0,19.350000381469727,18.75,19.18000030517578,18200.0
2025-08-05,19.159000396728516,19.15999984741211,18.760000228881836,18.760000228881836,2400.0
2025-08-06,19.094999313354492,19.149999618530273,19.049999237060547,19.149999618530273,3200.0
2025-08-07,19.094999313354492,19.094999313354492,18.799999237060547,18.799999237060547,8000.0
2025-08-08,18.760000228881836,18.940000534057617,18.760000228881836,18.940000534057617,700.0
2025-08-11,19.215999603271484,19.215999603271484,19.215999603271484,19.215999603271484,1100.0
2025-08-12,18.950000762939453,19.149999618530273,18.950000762939453,19.149999618530273,1200.0
2025-08-13,18.989999771118164,19.0,18.950000762939453,19.0,2100.0
2025-08-14,19.0,19.0,19.0,19.0,0.0
2025-08-15,19.0,19.0,19.0,19.0,500.0
2025-08-18,19.0,19.020000457763672,18.989999771118164,19.020000457763672,2200.0
2025-08-19,19.065000534057617,19.065000534057617,18.989999771118164,19.020000457763672,8900.0
2025-08-20,19.190000534057617,19.190000534057617,18.950000762939453,18.950000762939453,15400.0
2025-08-21,18.950000762939453,18.959999084472656,18.90999984741211,18.90999984741211,4500.0
2025-08-22,18.857999801635742,19.040000915527344,18.857999801635742,19.040000915527344,8700.0
2025-08-25,18.899999618530273,19.049999237060547,18.899999618530273,18.940000534057617,10300.0
2025-08-26,19.049999237060547,19.25,19.049999237060547,19.219999313354492,10700.0
2025-08-27,18.69700050354004,19.655000686645508,18.69700050354004,19.209999084472656,6400.0
2025-08-28,19.489999771118164,19.489999771118164,19.309999465942383,19.309999465942383,94200.0
2025-08-29,19.530000686645508,19.860000610351562,19.482999801635742,19.829999923706055,4400.0
2025-09-02,19.590999603271484,19.790000915527344,19.559999465942383,19.790000915527344,1800.0
2025-09-03,19.600000381469727,19.600000381469727,19.350000381469727,19.56999969482422,21800.0
2025-09-04,19.55500030517578,19.55500030517578,19.520000457763672,19.520000457763672,1000.0
2025-09-05,19.6560001373291,19.670000076293945,19.53499984741211,19.559999465942383,6900.0
2025-09-08,19.510000228881836,19.75,19.5,19.649999618530273,3900.0
2025-09-09,19.649999618530273,19.889999389648438,19.649999618530273,19.649999618530273,2500.0
2025-09-10,19.920000076293945,19.920000076293945,19.670000076293945,19.670000076293945,2200.0
2025-09-11,19.72100067138672,19.72100067138672,19.559999465942383,19.559999465942383,2300.0
2025-09-12,19.559999465942383,19.6200008392334,19.559999465942383,19.559999465942383,14800.0
2025-09-15,19.729999542236328,19.729999542236328,19.520000457763672,19.59000015258789,3300.0
2025-09-16,19.600000381469727,19.81999969482422,19.549999237060547,19.81999969482422,8100.0
2025-09-17,19.670000076293945,19.850000381469727,19.670000076293945,19.670000076293945,4500.0
2025-09-18,19.700000762939453,19.79400062561035,19.700000762939453,19.700000762939453,2100.0
2025-09-19,19.700000762939453,19.850000381469727,19.700000762939453,19.81999969482422,9000.0
2025-09-22,19.809999465942383,19.809999465942383,19.56999969482422,19.610000610351562,2100.0
2025-09-23,19.67300033569336,19.8700008392334,19.670000076293945,19.8700008392334,2600.0
2025-09-24,19.799999237060547,19.799999237060547,19.670000076293945,19.670000076293945,5700.0
2025-09-25,19.670000076293945,19.670000076293945,19.670000076293945,19.670000076293945,0.0
2025-09-26,19.670000076293945,19.670000076293945,19.670000076293945,19.670000076293945,0.0
2025-09-29,19.700000762939453,19.700000762939453,19.360000610351562,19.360000610351562,8300.0
2025-09-30,19.739999771118164,19.739999771118164,19.719999313354492,19.719999313354492,500.0
2025-10-01,19.600000381469727,19.600000381469727,19.600000381469727,19.600000381469727,700.0
2025-10-02,19.63800048828125,19.63800048828125,19.63800048828125,19.63800048828125,700.0
2025-10-03,19.6200008392334,19.709999084472656,19.6200008392334,19.709999084472656,4100.0
2025-10-06,19.825000762939453,19.825000762939453,19.825000762939453,19.825000762939453,500.0
2025-10-07,19.799999237060547,19.799999237060547,19.799999237060547,19.799999237060547,400.0
2025-10-08,19.6299991607666,19.6299991607666,19.610000610351562,19.610000610351562,1200.0
2025-10-09,19.799999237060547,19.799999237060547,19.530000686645508,19.530000686645508,11200.0
2025-10-10,19.520000457763672,19.520000457763672,19.520000457763672,19.520000457763672,500.0
2025-10-13,19.399999618530273,19.40999984741211,19.399999618530273,19.40999984741211,800.0
2025-10-14,19.450000762939453,19.450000762939453,19.450000762939453,19.450000762939453,400.0
2025-10-15,19.450000762939453,19.450000762939453,19.450000762939453,19.450000762939453,700.0
2025-10-16,19.31999969482422,19.31999969482422,18.510000228881836,18.670000076293945,10000.0
2025-10-17,18.350000381469727,18.600000381469727,18.350000381469727,18.510000228881836,1600.0
2025-10-20,18.610000610351562,18.610000610351562,18.610000610351562,18.610000610351562,300.0
2025-10-21,18.68000030517578,18.68000030517578,18.68000030517578,18.68000030517578,200.0
2025-10-22,18.760000228881836,19.31999969482422,18.760000228881836,19.270000457763672,900.0
2025-10-23,19.2549991607666,19.729999542236328,18.780000686645508,18.780000686645508,1700.0
2025-10-24,18.780000686645508,18.780000686645508,18.780000686645508,18.780000686645508,0.0
2025-10-27,18.780000686645508,18.780000686645508,18.780000686645508,18.780000686645508,0.0
2025-10-28,19.059999465942383,19.084999084472656,19.059999465942383,19.084999084472656,700.0
2025-10-29,18.920000076293945,18.920000076293945,18.81999969482422,18.81999969482422,3700.0
2025-10-30,19.709999084472656,19.75,18.75,18.75,25900.0
2025-10-31,18.881999969482422,18.989999771118164,18.81999969482422,18.905000686645508,5200.0
2025-11-03,18.950000762939453,18.969999313354492,18.760000228881836,18.760000228881836,18500.0
2025-11-04,18.760000228881836,18.760000228881836,18.760000228881836,18.760000228881836,700.0
2025-11-05,18.770000457763672,18.770000457763672,18.5,18.6200008392334,4100.0
2025-11-06,18.649999618530273,18.65999984741211,18.360000610351562,18.360000610351562,11200.0
2025-11-07,18.950000762939453,18.979999542236328,18.729999542236328,18.81999969482422,69700.0
2025-11-10,18.81999969482422,18.81999969482422,18.729999542236328,18.729999542236328,4500.0
2025-11-11,18.81999969482422,18.899999618530273,18.799999237060547,18.899999618530273,8000.0
2025-11-12,18.899999618530273,18.959999084472656,18.829999923706055,18.8700008392334,6400.0
2025-11-13,18.899999618530273,19.309999465942383,18.899999618530273,19.270000457763672,1900.0
2025-11-14,19.360000610351562,19.360000610351562,19.360000610351562,19.360000610351562,1100.0
2025-11-17,19.079999923706055,19.1200008392334,19.059999465942383,19.059999465942383,6700.0
2025-11-18,18.770000457763672,18.979999542236328,18.690000534057617,18.809999465942383,1400.0
2025-11-19,18.812000274658203,18.81999969482422,18.610000610351562,18.75,6200.0
2025-11-20,18.670000076293945,18.959999084472656,18.670000076293945,18.770000457763672,800.0
2025-11-21,18.81999969482422,18.924999237060547,18.81999969482422,18.924999237060547,3500.0
2025-11-24,19.430999755859375,19.430999755859375,19.18000030517578,19.18000030517578,800.0
2025-11-25,19.190000534057617,19.530000686645508,19.18000030517578,19.18000030517578,1700.0
2025-11-26,19.860000610351562,19.989999771118164,19.56999969482422,19.75,9400.0
2025-11-28,19.479999542236328,19.479999542236328,19.299999237060547,19.31999969482422,7500.0
2025-12-01,19.299999237060547,19.309999465942383,19.299999237060547,19.309999465942383,1300.0
2025-12-02,19.350000381469727,19.604000091552734,19.350000381469727,19.600000381469727,2000.0
2025-12-03,19.812000274658203,19.969999313354492,19.812000274658203,19.969999313354492,2100.0
2025-12-04,19.969999313354492,20.25,19.969999313354492,20.25,3600.0
2025-12-05,20.020000457763672,20.020000457763672,20.020000457763672,20.020000457763672,500.0
2025-12-08,20.125,20.149999618530273,20.0,20.0,1900.0
2025-12-09,20.052000045776367,20.25,20.0,20.0,1500.0
2025-12-10,20.049999237060547,20.110000610351562,20.049999237060547,20.110000610351562,2300.0
2025-12-11,20.274999618530273,20.43000030517578,20.1299991607666,20.43000030517578,1000.0
2025-12-12,20.100000381469727,20.100000381469727,20.100000381469727,20.100000381469727,1400.0
2025-12-15,20.100000381469727,20.5,20.100000381469727,20.5,3800.0
2025-12-16,20.5,20.799999237060547,20.5,20.799999237060547,1600.0
2025-12-17,20.700000762939453,20.700000762939453,20.700000762939453,20.700000762939453,600.0
2025-12-18,20.25,20.670000076293945,20.25,20.670000076293945,1500.0
2025-12-19,20.389999389648438,22.5,20.389999389648438,22.5,20100.0
2025-12-22,22.25,22.25,21.3700008392334,21.3700008392334,2700.0
2025-12-23,21.209999084472656,21.3799991607666,21.209999084472656,21.3799991607666,700.0
2025-12-24,20.6299991607666,21.1200008392334,20.6299991607666,21.1200008392334,600.0
2025-12-26,20.350000381469727,21.1200008392334,20.309999465942383,21.1200008392334,1700.0
2025-12-29,20.780000686645508,20.899999618530273,20.760000228881836,20.899999618530273,900.0
2025-12-30,20.469999313354492,20.469999313354492,20.469999313354492,20.469999313354492,200.0
2025-12-31,20.469999313354492,20.469999313354492,20.469999313354492,20.469999313354492,0.0
2026-01-02,20.540000915527344,20.540000915527344,20.540000915527344,20.540000915527344,500.0
2026-01-05,20.604999542236328,20.604999542236328,20.604999542236328,20.604999542236328,300.0
2026-01-06,20.40999984741211,20.420000076293945,20.049999237060547,20.049999237060547,9400.0
2026-01-07,20.1200008392334,20.334999084472656,20.1200008392334,20.334999084472656,700.0
2026-01-08,20.18000030517578,20.43000030517578,20.18000030517578,20.43000030517578,2000.0
2026-01-09,20.31999969482422,20.3799991607666,20.149999618530273,20.149999618530273,3300.0
2026-01-12,20.420000076293945,20.469999313354492,20.315000534057617,20.469999313354492,3100.0
2026-01-13,20.360000610351562,20.489999771118164,20.149999618530273,20.149999618530273,3300.0
2026-01-14,20.15999984741211,20.260000228881836,20.149999618530273,20.149999618530273,2600.0
2026-01-15,20.1200008392334,20.299999237060547,20.1200008392334,20.299999237060547,1100.0
2026-01-16,20.219999313354492,20.375,20.149999618530273,20.25,1800.0
2026-01-20,20.260000228881836,20.424999237060547,20.149999618530273,20.309999465942383,3600.0
2026-01-21,20.577999114990234,20.577999114990234,20.270000457763672,20.270000457763672,1400.0
2026-01-22,20.440000534057617,20.440000534057617,20.299999237060547,20.350000381469727,6800.0
2026-01-23,20.309999465942383,20.454999923706055,20.149999618530273,20.309999465942383,12500.0
2026-01-26,20.375,20.520000457763672,20.375,20.510000228881836,1100.0
2026-01-27,20.31999969482422,20.59000015258789,20.18000030517578,20.59000015258789,4400.0
2026-01-28,20.3799991607666,20.3799991607666,19.950000762939453,20.290000915527344,27600.0
2026-01-29,20.149999618530273,20.149999618530273,20.149999618530273,20.149999618530273,2600.0
2026-01-30,20.18000030517578,20.34000015258789,20.149999618530273,20.170000076293945,6400.0
2026-02-02,20.319000244140625,20.3799991607666,20.239999771118164,20.329999923706055,6100.0
2026-02-03,20.385000228881836,20.59000015258789,20.34000015258789,20.59000015258789,2700.0
2026-02-04,20.59000015258789,20.59000015258789,20.59000015258789,20.59000015258789,0.0
2026-02-05,20.450000762939453,20.600000381469727,20.299999237060547,20.459999084472656,4000.0
2026-02-06,20.389999389648438,20.600000381469727,20.389999389648438,20.469999313354492,3100.0
2026-02-09,20.600000381469727,20.600000381469727,20.5,20.5,1900.0
2026-02-10,20.3700008392334,20.649999618530273,20.3700008392334,20.6299991607666,2200.0
2026-02-11,20.549999237060547,20.6200008392334,20.549999237060547,20.600000381469727,1800.0
2026-02-12,20.770000457763672,20.770000457763672,20.700000762939453,20.700000762939453,1527.0
