Date,Open,High,Low,Close,Volume
2005-11-10,10.445170402526855,10.445170402526855,10.445170402526855,10.445170402526855,0.0
2005-11-11,10.445170402526855,10.445170402526855,10.445170402526855,10.445170402526855,0.0
2005-11-14,9.997520446777344,9.997520446777344,9.997520446777344,9.997520446777344,200.0
2005-11-15,9.997520446777344,9.997520446777344,9.997520446777344,9.997520446777344,0.0
2005-11-16,9.997520446777344,9.997520446777344,9.997520446777344,9.997520446777344,0.0
2005-11-17,9.997520446777344,9.997520446777344,9.997520446777344,9.997520446777344,0.0
2005-11-18,9.997520446777344,9.997520446777344,9.997520446777344,9.997520446777344,0.0
2005-11-21,9.997520446777344,9.997520446777344,9.997520446777344,9.997520446777344,0.0
2005-11-22,9.997520446777344,9.997520446777344,9.997520446777344,9.997520446777344,0.0
2005-11-23,9.997520446777344,9.997520446777344,9.997520446777344,9.997520446777344,0.0
2005-11-25,9.997520446777344,9.997520446777344,9.997520446777344,9.997520446777344,0.0
2005-11-28,9.997520446777344,9.997520446777344,9.997520446777344,9.997520446777344,0.0
2005-11-29,9.997520446777344,9.997520446777344,9.997520446777344,9.997520446777344,0.0
2005-11-30,9.997520446777344,9.997520446777344,9.997520446777344,9.997520446777344,0.0
2005-12-01,9.997520446777344,9.997520446777344,9.997520446777344,9.997520446777344,0.0
2005-12-02,9.997520446777344,9.997520446777344,9.997520446777344,9.997520446777344,0.0
2005-12-05,9.99751970191537,9.99751970191537,9.94778060913086,9.94778060913086,600.0
2005-12-06,9.94778060913086,9.94778060913086,9.94778060913086,9.94778060913086,0.0
2005-12-07,9.94778060913086,9.94778060913086,9.94778060913086,9.94778060913086,0.0
2005-12-08,9.94778060913086,9.94778060913086,9.94778060913086,9.94778060913086,0.0
2005-12-09,9.94778060913086,9.94778060913086,9.94778060913086,9.94778060913086,0.0
2005-12-12,9.94778060913086,9.94778060913086,9.94778060913086,9.94778060913086,0.0
2005-12-13,9.94778060913086,9.94778060913086,9.94778060913086,9.94778060913086,0.0
2005-12-14,9.94778060913086,9.94778060913086,9.94778060913086,9.94778060913086,0.0
2005-12-15,9.94778060913086,9.94778060913086,9.94778060913086,9.94778060913086,0.0
2005-12-16,9.94778060913086,9.94778060913086,9.94778060913086,9.94778060913086,0.0
2005-12-19,9.94778060913086,9.94778060913086,9.94778060913086,9.94778060913086,0.0
2005-12-20,9.94778060913086,9.94778060913086,9.94778060913086,9.94778060913086,0.0
2005-12-21,9.94778060913086,9.94778060913086,9.94778060913086,9.94778060913086,0.0
2005-12-22,9.45039176940918,9.45039176940918,9.45039176940918,9.45039176940918,600.0
2005-12-23,9.45039176940918,9.45039176940918,9.45039176940918,9.45039176940918,0.0
2005-12-27,9.45039176940918,9.45039176940918,9.45039176940918,9.45039176940918,0.0
2005-12-28,9.45039176940918,9.45039176940918,9.45039176940918,9.45039176940918,0.0
2005-12-29,9.45039176940918,9.45039176940918,9.45039176940918,9.45039176940918,0.0
2005-12-30,9.848302841186523,9.848302841186523,9.848302841186523,9.848302841186523,800.0
2006-01-03,9.848302841186523,9.848302841186523,9.848302841186523,9.848302841186523,0.0
2006-01-04,9.848302841186523,9.848302841186523,9.848302841186523,9.848302841186523,0.0
2006-01-05,9.848302841186523,9.848302841186523,9.848302841186523,9.848302841186523,0.0
2006-01-06,9.848302841186523,9.848302841186523,9.848302841186523,9.848302841186523,0.0
2006-01-09,9.848302841186523,9.848302841186523,9.848302841186523,9.848302841186523,0.0
2006-01-10,9.848302841186523,9.848302841186523,9.848302841186523,9.848302841186523,0.0
2006-01-11,9.848302841186523,9.848302841186523,9.848302841186523,9.848302841186523,0.0
2006-01-12,9.848302841186523,9.848302841186523,9.848302841186523,9.848302841186523,0.0
2006-01-13,9.848302841186523,9.848302841186523,9.848302841186523,9.848302841186523,0.0
2006-01-17,9.848302841186523,9.848302841186523,9.848302841186523,9.848302841186523,0.0
2006-01-18,9.848302841186523,9.848302841186523,9.848302841186523,9.848302841186523,0.0
2006-01-19,9.848302841186523,9.848302841186523,9.848302841186523,9.848302841186523,0.0
2006-01-20,9.848302841186523,9.848302841186523,9.848302841186523,9.848302841186523,0.0
2006-01-23,9.848302841186523,9.848302841186523,9.848302841186523,9.848302841186523,0.0
2006-01-24,9.848302841186523,9.848302841186523,9.848302841186523,9.848302841186523,0.0
2006-01-25,9.848302841186523,9.848302841186523,9.848302841186523,9.848302841186523,0.0
2006-01-26,9.848302841186523,9.848302841186523,9.848302841186523,9.848302841186523,0.0
2006-01-27,9.848302841186523,9.848302841186523,9.848302841186523,9.848302841186523,0.0
2006-01-30,9.848302841186523,9.848302841186523,9.848302841186523,9.848302841186523,0.0
2006-01-31,9.848302841186523,9.848302841186523,9.848302841186523,9.848302841186523,0.0
2006-02-01,9.848302841186523,9.848302841186523,9.848302841186523,9.848302841186523,0.0
2006-02-02,9.848302841186523,9.848302841186523,9.848302841186523,9.848302841186523,0.0
2006-02-03,9.848302841186523,9.848302841186523,9.848302841186523,9.848302841186523,0.0
2006-02-06,9.848302841186523,9.848302841186523,9.848302841186523,9.848302841186523,0.0
2006-02-07,9.848302841186523,9.848302841186523,9.848302841186523,9.848302841186523,0.0
2006-02-08,9.94778060913086,9.94778060913086,9.94778060913086,9.94778060913086,500.0
2006-02-09,9.94778060913086,9.94778060913086,9.94778060913086,9.94778060913086,0.0
2006-02-10,9.94778060913086,9.94778060913086,9.94778060913086,9.94778060913086,0.0
2006-02-13,9.94778060913086,9.94778060913086,9.94778060913086,9.94778060913086,0.0
2006-02-14,9.94778060913086,9.94778060913086,9.94778060913086,9.94778060913086,0.0
2006-02-15,9.94778060913086,9.94778060913086,9.94778060913086,9.94778060913086,0.0
2006-02-16,9.94778060913086,9.94778060913086,9.94778060913086,9.94778060913086,0.0
2006-02-17,9.94778060913086,9.94778060913086,9.94778060913086,9.94778060913086,0.0
2006-02-21,9.94778060913086,9.94778060913086,9.94778060913086,9.94778060913086,0.0
2006-02-22,9.94778060913086,9.94778060913086,9.94778060913086,9.94778060913086,0.0
2006-02-23,9.94778060913086,9.94778060913086,9.94778060913086,9.94778060913086,0.0
2006-02-24,9.94778060913086,9.94778060913086,9.94778060913086,9.94778060913086,0.0
2006-02-27,9.94778060913086,9.94778060913086,9.94778060913086,9.94778060913086,0.0
2006-02-28,9.94778060913086,9.94778060913086,9.94778060913086,9.94778060913086,0.0
2006-03-01,9.94778060913086,9.94778060913086,9.94778060913086,9.94778060913086,0.0
2006-03-02,9.94778060913086,9.94778060913086,9.94778060913086,9.94778060913086,0.0
2006-03-03,9.94778060913086,9.94778060913086,9.94778060913086,9.94778060913086,0.0
2006-03-06,9.94778060913086,9.94778060913086,9.94778060913086,9.94778060913086,0.0
2006-03-07,9.94778060913086,9.94778060913086,9.94778060913086,9.94778060913086,0.0
2006-03-08,9.94778060913086,9.94778060913086,9.94778060913086,9.94778060913086,0.0
2006-03-09,9.94778060913086,9.94778060913086,9.94778060913086,9.94778060913086,0.0
2006-03-10,9.94778060913086,9.94778060913086,9.94778060913086,9.94778060913086,0.0
2006-03-13,9.94778060913086,9.94778060913086,9.94778060913086,9.94778060913086,0.0
2006-03-14,9.94778060913086,9.94778060913086,9.94778060913086,9.94778060913086,0.0
2006-03-15,9.94778060913086,9.94778060913086,9.94778060913086,9.94778060913086,0.0
2006-03-16,9.94778060913086,9.94778060913086,9.94778060913086,9.94778060913086,0.0
2006-03-17,9.94778060913086,9.94778060913086,9.94778060913086,9.94778060913086,0.0
2006-03-20,9.94778060913086,9.94778060913086,9.94778060913086,9.94778060913086,0.0
2006-03-21,9.94778060913086,9.94778060913086,9.94778060913086,9.94778060913086,0.0
2006-03-22,9.94778060913086,9.94778060913086,9.94778060913086,9.94778060913086,0.0
2006-03-23,9.94778060913086,9.94778060913086,9.94778060913086,9.94778060913086,0.0
2006-03-24,9.94778060913086,9.94778060913086,9.94778060913086,9.94778060913086,0.0
2006-03-27,9.94778060913086,9.94778060913086,9.94778060913086,9.94778060913086,0.0
2006-03-28,9.94778060913086,9.94778060913086,9.94778060913086,9.94778060913086,0.0
2006-03-29,9.94778060913086,9.94778060913086,9.94778060913086,9.94778060913086,0.0
2006-03-30,9.94778060913086,9.94778060913086,9.94778060913086,9.94778060913086,0.0
2006-03-31,9.94778060913086,9.94778060913086,9.94778060913086,9.94778060913086,0.0
2006-04-03,9.94778060913086,9.94778060913086,9.94778060913086,9.94778060913086,0.0
2006-04-04,9.94778060913086,9.94778060913086,9.94778060913086,9.94778060913086,0.0
2006-04-05,9.94778060913086,9.94778060913086,9.94778060913086,9.94778060913086,0.0
2006-04-06,9.94778060913086,9.94778060913086,9.94778060913086,9.94778060913086,0.0
2006-04-07,9.94778060913086,9.94778060913086,9.94778060913086,9.94778060913086,0.0
2006-04-10,9.94778060913086,9.94778060913086,9.94778060913086,9.94778060913086,0.0
2006-04-11,9.94778060913086,9.94778060913086,9.94778060913086,9.94778060913086,0.0
2006-04-12,9.94778060913086,9.94778060913086,9.94778060913086,9.94778060913086,0.0
2006-04-13,9.94778060913086,9.94778060913086,9.94778060913086,9.94778060913086,0.0
2006-04-17,9.94778060913086,9.94778060913086,9.94778060913086,9.94778060913086,0.0
2006-04-18,9.94778060913086,9.94778060913086,9.94778060913086,9.94778060913086,0.0
2006-04-19,9.94778060913086,9.94778060913086,9.94778060913086,9.94778060913086,0.0
2006-04-20,9.94778060913086,9.94778060913086,9.94778060913086,9.94778060913086,0.0
2006-04-21,9.94778060913086,9.94778060913086,9.94778060913086,9.94778060913086,0.0
2006-04-24,9.94778060913086,9.94778060913086,9.94778060913086,9.94778060913086,0.0
2006-04-25,9.94778060913086,9.94778060913086,9.94778060913086,9.94778060913086,0.0
2006-04-26,9.94778060913086,9.94778060913086,9.94778060913086,9.94778060913086,0.0
2006-04-27,9.94778060913086,9.94778060913086,9.94778060913086,9.94778060913086,0.0
2006-04-28,9.94778060913086,9.94778060913086,9.94778060913086,9.94778060913086,0.0
2006-05-01,9.94778060913086,9.94778060913086,9.94778060913086,9.94778060913086,0.0
2006-05-02,9.94778060913086,9.94778060913086,9.94778060913086,9.94778060913086,0.0
2006-05-03,9.94778060913086,9.94778060913086,9.94778060913086,9.94778060913086,0.0
2006-05-04,9.94778060913086,9.94778060913086,9.94778060913086,9.94778060913086,0.0
2006-05-05,9.94778060913086,9.94778060913086,9.94778060913086,9.94778060913086,0.0
2006-05-08,9.94778060913086,9.94778060913086,9.94778060913086,9.94778060913086,0.0
2006-05-09,9.94778060913086,9.94778060913086,9.94778060913086,9.94778060913086,0.0
2006-05-10,9.94778060913086,9.94778060913086,9.94778060913086,9.94778060913086,0.0
2006-05-11,9.94778060913086,9.94778060913086,9.94778060913086,9.94778060913086,0.0
2006-05-12,9.94778060913086,9.94778060913086,9.94778060913086,9.94778060913086,0.0
2006-05-15,9.94778060913086,9.94778060913086,9.94778060913086,9.94778060913086,0.0
2006-05-16,9.94778060913086,9.94778060913086,9.94778060913086,9.94778060913086,0.0
2006-05-17,9.94778060913086,9.94778060913086,9.94778060913086,9.94778060913086,0.0
2006-05-18,9.94778060913086,9.94778060913086,9.94778060913086,9.94778060913086,0.0
2006-05-19,9.94778060913086,9.94778060913086,9.94778060913086,9.94778060913086,0.0
2006-05-22,9.94778060913086,9.94778060913086,9.94778060913086,9.94778060913086,0.0
2006-05-23,9.94778060913086,9.94778060913086,9.94778060913086,9.94778060913086,0.0
2006-05-24,9.94778060913086,9.94778060913086,9.94778060913086,9.94778060913086,0.0
2006-05-25,9.94778060913086,9.94778060913086,9.94778060913086,9.94778060913086,0.0
2006-05-26,9.94778060913086,9.94778060913086,9.94778060913086,9.94778060913086,0.0
2006-05-30,9.94778060913086,9.94778060913086,9.94778060913086,9.94778060913086,0.0
2006-05-31,9.94778060913086,9.94778060913086,9.94778060913086,9.94778060913086,0.0
2006-06-01,9.94778060913086,9.94778060913086,9.94778060913086,9.94778060913086,0.0
2006-06-02,9.94778060913086,9.94778060913086,9.94778060913086,9.94778060913086,0.0
2006-06-05,9.94778060913086,9.94778060913086,9.94778060913086,9.94778060913086,0.0
2006-06-06,9.94778060913086,9.94778060913086,9.94778060913086,9.94778060913086,0.0
2006-06-07,9.94778060913086,9.94778060913086,9.94778060913086,9.94778060913086,0.0
2006-06-08,9.94778060913086,9.94778060913086,9.94778060913086,9.94778060913086,0.0
2006-06-09,9.94778060913086,9.94778060913086,9.94778060913086,9.94778060913086,0.0
2006-06-12,9.94778060913086,9.94778060913086,9.94778060913086,9.94778060913086,0.0
2006-06-13,9.94778060913086,9.94778060913086,9.94778060913086,9.94778060913086,0.0
2006-06-14,9.94778060913086,9.94778060913086,9.94778060913086,9.94778060913086,0.0
2006-06-15,9.94778060913086,9.94778060913086,9.94778060913086,9.94778060913086,0.0
2006-06-16,9.94778060913086,9.94778060913086,9.94778060913086,9.94778060913086,0.0
2006-06-19,9.94778060913086,9.94778060913086,9.94778060913086,9.94778060913086,0.0
2006-06-20,9.94778060913086,9.94778060913086,9.94778060913086,9.94778060913086,0.0
2006-06-21,9.94778060913086,9.94778060913086,9.94778060913086,9.94778060913086,0.0
2006-06-22,9.94778060913086,9.94778060913086,9.94778060913086,9.94778060913086,0.0
2006-06-23,9.94778060913086,9.94778060913086,9.94778060913086,9.94778060913086,0.0
2006-06-26,9.94778060913086,9.94778060913086,9.94778060913086,9.94778060913086,0.0
2006-06-27,9.94778060913086,9.94778060913086,9.94778060913086,9.94778060913086,0.0
2006-06-28,9.94778060913086,9.94778060913086,9.94778060913086,9.94778060913086,0.0
2006-06-29,9.94778060913086,9.94778060913086,9.94778060913086,9.94778060913086,0.0
2006-06-30,9.94778060913086,9.94778060913086,9.94778060913086,9.94778060913086,0.0
2006-07-03,9.94778060913086,9.94778060913086,9.94778060913086,9.94778060913086,0.0
2006-07-05,9.94778060913086,9.94778060913086,9.94778060913086,9.94778060913086,0.0
2006-07-06,9.94778060913086,9.94778060913086,9.94778060913086,9.94778060913086,0.0
2006-07-07,9.94778060913086,9.94778060913086,9.94778060913086,9.94778060913086,0.0
2006-07-10,9.94778060913086,9.94778060913086,9.94778060913086,9.94778060913086,0.0
2006-07-11,9.94778060913086,9.94778060913086,9.94778060913086,9.94778060913086,0.0
2006-07-12,9.94778060913086,9.94778060913086,9.94778060913086,9.94778060913086,0.0
2006-07-13,9.94778060913086,9.94778060913086,9.94778060913086,9.94778060913086,0.0
2006-07-14,9.94778060913086,9.94778060913086,9.94778060913086,9.94778060913086,0.0
2006-07-17,9.94778060913086,9.94778060913086,9.94778060913086,9.94778060913086,0.0
2006-07-18,9.94778060913086,9.94778060913086,9.94778060913086,9.94778060913086,0.0
2006-07-19,9.94778060913086,9.94778060913086,9.94778060913086,9.94778060913086,0.0
2006-07-20,9.94778060913086,9.94778060913086,9.94778060913086,9.94778060913086,0.0
2006-07-21,9.94778060913086,9.94778060913086,9.94778060913086,9.94778060913086,0.0
2006-07-24,9.94778060913086,9.94778060913086,9.94778060913086,9.94778060913086,0.0
2006-07-25,9.94778060913086,9.94778060913086,9.94778060913086,9.94778060913086,0.0
2006-07-26,9.94778060913086,9.94778060913086,9.94778060913086,9.94778060913086,0.0
2006-07-27,9.94778060913086,9.94778060913086,9.94778060913086,9.94778060913086,0.0
2006-07-28,9.94778060913086,9.94778060913086,9.94778060913086,9.94778060913086,0.0
2006-07-31,9.94778060913086,9.94778060913086,9.94778060913086,9.94778060913086,0.0
2006-08-01,9.94778060913086,9.94778060913086,9.94778060913086,9.94778060913086,0.0
2006-08-02,9.94778060913086,9.94778060913086,9.94778060913086,9.94778060913086,0.0
2006-08-03,9.94778060913086,9.94778060913086,9.94778060913086,9.94778060913086,0.0
2006-08-04,9.94778060913086,9.94778060913086,9.94778060913086,9.94778060913086,0.0
2006-08-07,11.141514778137207,11.141514778137207,11.141514778137207,11.141514778137207,200.0
2006-08-08,11.141514778137207,11.141514778137207,11.141514778137207,11.141514778137207,0.0
2006-08-09,9.95772861742662,9.95772861742662,9.94778060913086,9.94778060913086,300.0
2006-08-10,9.94778060913086,9.94778060913086,9.94778060913086,9.94778060913086,0.0
2006-08-11,9.94778060913086,9.94778060913086,9.94778060913086,9.94778060913086,0.0
2006-08-14,9.94778060913086,9.94778060913086,9.94778060913086,9.94778060913086,0.0
2006-08-15,9.94778060913086,9.94778060913086,9.94778060913086,9.94778060913086,0.0
2006-08-16,9.94778060913086,9.94778060913086,9.94778060913086,9.94778060913086,0.0
2006-08-17,9.94778060913086,9.94778060913086,9.94778060913086,9.94778060913086,0.0
2006-08-18,9.94778060913086,9.94778060913086,9.94778060913086,9.94778060913086,0.0
2006-08-21,10.544648170471191,10.544648170471191,10.544648170471191,10.544648170471191,400.0
2006-08-22,10.544648170471191,10.544648170471191,10.544648170471191,10.544648170471191,0.0
2006-08-23,10.544648170471191,10.544648170471191,10.544648170471191,10.544648170471191,0.0
2006-08-24,10.544648170471191,10.544648170471191,10.544648170471191,10.544648170471191,0.0
2006-08-25,10.544648170471191,10.544648170471191,10.544648170471191,10.544648170471191,0.0
2006-08-28,10.544648170471191,10.544648170471191,10.544648170471191,10.544648170471191,0.0
2006-08-29,10.544648170471191,10.544648170471191,10.544648170471191,10.544648170471191,0.0
2006-08-30,10.544648170471191,10.544648170471191,10.544648170471191,10.544648170471191,0.0
2006-08-31,10.544648170471191,10.544648170471191,10.544648170471191,10.544648170471191,0.0
2006-09-01,10.544648170471191,10.544648170471191,10.544648170471191,10.544648170471191,0.0
2006-09-05,10.544648170471191,10.544648170471191,10.544648170471191,10.544648170471191,0.0
2006-09-06,10.544648170471191,10.544648170471191,10.544648170471191,10.544648170471191,0.0
2006-09-07,9.94778060913086,9.94778060913086,9.94778060913086,9.94778060913086,300.0
2006-09-08,9.94778060913086,9.94778060913086,9.94778060913086,9.94778060913086,0.0
2006-09-11,9.94778060913086,9.94778060913086,9.94778060913086,9.94778060913086,0.0
2006-09-12,9.94778060913086,9.94778060913086,9.94778060913086,9.94778060913086,0.0
2006-09-13,9.94778060913086,9.94778060913086,9.94778060913086,9.94778060913086,0.0
2006-09-14,9.94778060913086,9.94778060913086,9.94778060913086,9.94778060913086,400.0
2006-09-15,9.94778060913086,9.94778060913086,9.94778060913086,9.94778060913086,0.0
2006-09-18,9.94778060913086,9.94778060913086,9.94778060913086,9.94778060913086,0.0
2006-09-19,9.94778060913086,9.94778060913086,9.94778060913086,9.94778060913086,0.0
2006-09-20,9.94778060913086,9.94778060913086,9.94778060913086,9.94778060913086,0.0
2006-09-21,9.94778060913086,9.94778060913086,9.94778060913086,9.94778060913086,0.0
2006-09-22,9.94778060913086,9.94778060913086,9.94778060913086,9.94778060913086,0.0
2006-09-25,9.94778060913086,9.94778060913086,9.94778060913086,9.94778060913086,0.0
2006-09-26,9.94778060913086,9.94778060913086,9.94778060913086,9.94778060913086,0.0
2006-09-27,9.94778060913086,9.94778060913086,9.94778060913086,9.94778060913086,0.0
2006-09-28,9.94778060913086,9.94778060913086,9.94778060913086,9.94778060913086,0.0
2006-09-29,9.94778060913086,9.94778060913086,9.94778060913086,9.94778060913086,0.0
2006-10-02,9.94778060913086,9.94778060913086,9.94778060913086,9.94778060913086,0.0
2006-10-03,9.94778060913086,9.94778060913086,9.94778060913086,9.94778060913086,0.0
2006-10-04,9.94778060913086,9.94778060913086,9.94778060913086,9.94778060913086,0.0
2006-10-05,9.94778060913086,9.94778060913086,9.94778060913086,9.94778060913086,0.0
2006-10-06,9.94778060913086,9.94778060913086,9.94778060913086,9.94778060913086,0.0
2006-10-09,9.94778060913086,9.94778060913086,9.94778060913086,9.94778060913086,0.0
2006-10-10,9.94778060913086,9.94778060913086,9.94778060913086,9.94778060913086,0.0
2006-10-11,9.94778060913086,9.94778060913086,9.94778060913086,9.94778060913086,0.0
2006-10-12,9.94778060913086,9.94778060913086,9.94778060913086,9.94778060913086,0.0
2006-10-13,9.94778060913086,9.94778060913086,9.94778060913086,9.94778060913086,0.0
2006-10-16,9.94778060913086,9.94778060913086,9.94778060913086,9.94778060913086,0.0
2006-10-17,9.94778060913086,9.94778060913086,9.94778060913086,9.94778060913086,900.0
2006-10-18,9.94778060913086,9.94778060913086,9.94778060913086,9.94778060913086,0.0
2006-10-19,9.94778060913086,9.94778060913086,9.94778060913086,9.94778060913086,0.0
2006-10-20,9.94778060913086,9.94778060913086,9.94778060913086,9.94778060913086,0.0
2006-10-23,9.94778060913086,9.94778060913086,9.94778060913086,9.94778060913086,0.0
2006-10-24,9.94778060913086,9.94778060913086,9.94778060913086,9.94778060913086,0.0
2006-10-25,9.94778060913086,9.94778060913086,9.94778060913086,9.94778060913086,0.0
2006-10-26,10.445170402526855,10.445170402526855,10.445170402526855,10.445170402526855,300.0
2006-10-27,10.445170402526855,10.445170402526855,10.445170402526855,10.445170402526855,0.0
2006-10-30,10.445170402526855,10.445170402526855,10.445170402526855,10.445170402526855,0.0
2006-10-31,10.20642313265489,10.20642313265489,9.94778060913086,9.94778060913086,6000.0
2006-11-01,9.94778060913086,9.94778060913086,9.94778060913086,9.94778060913086,0.0
2006-11-02,9.94778060913086,9.94778060913086,9.94778060913086,9.94778060913086,0.0
2006-11-03,9.94778060913086,9.94778060913086,9.94778060913086,9.94778060913086,0.0
2006-11-06,9.94778060913086,9.94778060913086,9.94778060913086,9.94778060913086,0.0
2006-11-07,9.94778060913086,9.94778060913086,9.94778060913086,9.94778060913086,0.0
2006-11-08,9.94778060913086,9.94778060913086,9.94778060913086,9.94778060913086,0.0
2006-11-09,9.94778060913086,9.94778060913086,9.94778060913086,9.94778060913086,0.0
2006-11-10,9.052480697631836,9.052480697631836,9.052480697631836,9.052480697631836,600.0
2006-11-13,9.052480697631836,9.052480697631836,9.052480697631836,9.052480697631836,0.0
2006-11-14,9.052480697631836,9.052480697631836,9.052480697631836,9.052480697631836,0.0
2006-11-15,9.052480697631836,9.052480697631836,9.052480697631836,9.052480697631836,0.0
2006-11-16,9.798564910888672,9.798564910888672,9.798564910888672,9.798564910888672,100.0
2006-11-17,9.798564910888672,9.798564910888672,9.798564910888672,9.798564910888672,100.0
2006-11-20,9.798564910888672,9.798564910888672,9.798564910888672,9.798564910888672,0.0
2006-11-21,9.798564910888672,9.798564910888672,9.798564910888672,9.798564910888672,800.0
2006-11-22,9.798564910888672,9.798564910888672,9.798564910888672,9.798564910888672,0.0
2006-11-24,9.798564910888672,9.798564910888672,9.798564910888672,9.798564910888672,0.0
2006-11-27,9.798564279471611,9.94778060913086,9.798564279471611,9.94778060913086,1300.0
2006-11-28,9.94778060913086,9.94778060913086,9.94778060913086,9.94778060913086,0.0
2006-11-29,9.94778060913086,9.94778060913086,9.94778060913086,9.94778060913086,0.0
2006-11-30,9.94778060913086,9.94778060913086,9.94778060913086,9.94778060913086,0.0
2006-12-01,9.94778060913086,9.94778060913086,9.94778060913086,9.94778060913086,0.0
2006-12-04,9.94778060913086,9.94778060913086,9.94778060913086,9.94778060913086,0.0
2006-12-05,9.94778060913086,9.94778060913086,9.94778060913086,9.94778060913086,0.0
2006-12-06,9.94778060913086,9.94778060913086,9.94778060913086,9.94778060913086,0.0
2006-12-07,9.94778060913086,9.94778060913086,9.94778060913086,9.94778060913086,0.0
2006-12-08,9.94778060913086,9.94778060913086,9.94778060913086,9.94778060913086,0.0
2006-12-11,9.94778060913086,9.94778060913086,9.94778060913086,9.94778060913086,0.0
2006-12-12,9.94778060913086,9.94778060913086,9.94778060913086,9.94778060913086,500.0
2006-12-13,9.94778060913086,9.94778060913086,9.94778060913086,9.94778060913086,0.0
2006-12-14,9.94778060913086,9.94778060913086,9.94778060913086,9.94778060913086,0.0
2006-12-15,9.94778060913086,9.94778060913086,9.94778060913086,9.94778060913086,0.0
2006-12-18,9.94778060913086,9.94778060913086,9.94778060913086,9.94778060913086,300.0
2006-12-19,9.94778060913086,9.94778060913086,9.94778060913086,9.94778060913086,1000.0
2006-12-20,9.94778060913086,9.94778060913086,9.94778060913086,9.94778060913086,0.0
2006-12-21,9.94778060913086,9.94778060913086,9.94778060913086,9.94778060913086,0.0
2006-12-22,9.94778060913086,9.94778060913086,9.94778060913086,9.94778060913086,0.0
2006-12-26,9.94778060913086,9.94778060913086,9.94778060913086,9.94778060913086,0.0
2006-12-27,9.94778060913086,9.94778060913086,9.94778060913086,9.94778060913086,0.0
2006-12-28,9.94778060913086,9.94778060913086,9.94778060913086,9.94778060913086,0.0
2006-12-29,9.94778060913086,9.94778060913086,9.94778060913086,9.94778060913086,0.0
2007-01-03,9.94778060913086,9.94778060913086,9.94778060913086,9.94778060913086,0.0
2007-01-04,9.94778060913086,9.94778060913086,9.94778060913086,9.94778060913086,0.0
2007-01-05,9.94778060913086,9.94778060913086,9.94778060913086,9.94778060913086,0.0
2007-01-08,9.94778060913086,9.94778060913086,9.94778060913086,9.94778060913086,0.0
2007-01-09,9.94778060913086,9.94778060913086,9.94778060913086,9.94778060913086,0.0
2007-01-10,9.94778060913086,9.94778060913086,9.94778060913086,9.94778060913086,0.0
2007-01-11,9.94778060913086,9.94778060913086,9.94778060913086,9.94778060913086,0.0
2007-01-12,9.94778060913086,9.94778060913086,9.94778060913086,9.94778060913086,0.0
2007-01-16,9.94778060913086,9.94778060913086,9.94778060913086,9.94778060913086,800.0
2007-01-17,9.95772935932397,9.997520446777344,9.947781350287038,9.997520446777344,700.0
2007-01-18,9.997520446777344,9.997520446777344,9.997520446777344,9.997520446777344,0.0
2007-01-19,10.047259330749512,10.047259330749512,10.047259330749512,10.047259330749512,300.0
2007-01-22,10.047259330749512,10.047259330749512,10.047259330749512,10.047259330749512,0.0
2007-01-23,10.047259330749512,10.047259330749512,10.047259330749512,10.047259330749512,0.0
2007-01-24,10.047259330749512,10.047259330749512,10.047259330749512,10.047259330749512,0.0
2007-01-25,10.047259330749512,10.047259330749512,10.047259330749512,10.047259330749512,0.0
2007-01-26,10.047259330749512,10.047259330749512,10.047259330749512,10.047259330749512,0.0
2007-01-29,10.047259330749512,10.047259330749512,10.047259330749512,10.047259330749512,0.0
2007-01-30,10.047259330749512,10.047259330749512,10.047259330749512,10.047259330749512,0.0
2007-01-31,10.047259330749512,10.047259330749512,10.047259330749512,10.047259330749512,0.0
2007-02-01,10.047259330749512,10.047259330749512,10.047259330749512,10.047259330749512,0.0
2007-02-02,10.047259330749512,10.047259330749512,10.047259330749512,10.047259330749512,0.0
2007-02-05,10.047259330749512,10.047259330749512,10.047259330749512,10.047259330749512,0.0
2007-02-06,10.047259330749512,10.047259330749512,10.047259330749512,10.047259330749512,0.0
2007-02-07,10.047259330749512,10.047259330749512,10.047259330749512,10.047259330749512,0.0
2007-02-08,10.047259330749512,10.047259330749512,10.047259330749512,10.047259330749512,0.0
2007-02-09,10.047259330749512,10.047259330749512,10.047259330749512,10.047259330749512,0.0
2007-02-12,10.047259330749512,10.047259330749512,10.047259330749512,10.047259330749512,0.0
2007-02-13,10.047259330749512,10.047259330749512,10.047259330749512,10.047259330749512,0.0
2007-02-14,10.047259330749512,10.047259330749512,10.047259330749512,10.047259330749512,0.0
2007-02-15,10.047259330749512,10.047259330749512,10.047259330749512,10.047259330749512,0.0
2007-02-16,10.047259330749512,10.047259330749512,10.047259330749512,10.047259330749512,0.0
2007-02-20,10.047259330749512,10.047259330749512,10.047259330749512,10.047259330749512,0.0
2007-02-21,10.047259330749512,10.047259330749512,10.047259330749512,10.047259330749512,0.0
2007-02-22,10.047259330749512,10.047259330749512,10.047259330749512,10.047259330749512,0.0
2007-02-23,10.047259330749512,10.047259330749512,10.047259330749512,10.047259330749512,0.0
2007-02-26,10.047259330749512,10.047259330749512,10.047259330749512,10.047259330749512,0.0
2007-02-27,10.047259330749512,10.047259330749512,10.047259330749512,10.047259330749512,0.0
2007-02-28,10.047259330749512,10.047259330749512,10.047259330749512,10.047259330749512,0.0
2007-03-01,10.246214866638184,10.246214866638184,10.246214866638184,10.246214866638184,800.0
2007-03-02,10.246214866638184,10.246214866638184,10.246214866638184,10.246214866638184,0.0
2007-03-05,10.246214866638184,10.246214866638184,10.246214866638184,10.246214866638184,0.0
2007-03-06,10.246214866638184,10.246214866638184,10.246214866638184,10.246214866638184,0.0
2007-03-07,10.246214866638184,10.246214866638184,10.246214866638184,10.246214866638184,0.0
2007-03-08,10.295953750610352,10.295953750610352,10.295953750610352,10.295953750610352,600.0
2007-03-09,10.295953750610352,10.295953750610352,10.295953750610352,10.295953750610352,0.0
2007-03-12,10.295953750610352,10.295953750610352,10.295953750610352,10.295953750610352,0.0
2007-03-13,10.295953750610352,10.295953750610352,10.295953750610352,10.295953750610352,0.0
2007-03-14,10.295953750610352,10.295953750610352,10.295953750610352,10.295953750610352,0.0
2007-03-15,10.295953750610352,10.295953750610352,10.295953750610352,10.295953750610352,0.0
2007-03-16,10.295953750610352,10.295953750610352,10.295953750610352,10.295953750610352,0.0
2007-03-19,10.295953750610352,10.295953750610352,10.295953750610352,10.295953750610352,0.0
2007-03-20,10.295953750610352,10.295953750610352,10.295953750610352,10.295953750610352,0.0
2007-03-21,10.295953750610352,10.295953750610352,10.295953750610352,10.295953750610352,0.0
2007-03-22,10.295953750610352,10.295953750610352,10.295953750610352,10.295953750610352,0.0
2007-03-23,10.295953750610352,10.295953750610352,10.295953750610352,10.295953750610352,0.0
2007-03-26,10.295953750610352,10.295953750610352,10.295953750610352,10.295953750610352,0.0
2007-03-27,10.295953750610352,10.295953750610352,10.295953750610352,10.295953750610352,0.0
2007-03-28,10.295953750610352,10.295953750610352,10.295953750610352,10.295953750610352,0.0
2007-03-29,10.295953750610352,10.295953750610352,10.295953750610352,10.295953750610352,0.0
2007-03-30,10.295953750610352,10.295953750610352,10.295953750610352,10.295953750610352,0.0
2007-04-02,10.295953750610352,10.295953750610352,10.295953750610352,10.295953750610352,0.0
2007-04-03,10.295953750610352,10.295953750610352,10.295953750610352,10.295953750610352,0.0
2007-04-04,10.295953750610352,10.295953750610352,10.295953750610352,10.295953750610352,0.0
2007-04-05,10.295953750610352,10.295953750610352,10.295953750610352,10.295953750610352,0.0
2007-04-09,10.942559242248535,10.942559242248535,10.942559242248535,10.942559242248535,600.0
2007-04-10,10.942559242248535,10.942559242248535,10.942559242248535,10.942559242248535,0.0
2007-04-11,10.942559242248535,10.942559242248535,10.942559242248535,10.942559242248535,0.0
2007-04-12,10.942559242248535,10.942559242248535,10.942559242248535,10.942559242248535,0.0
2007-04-13,10.942559242248535,10.942559242248535,10.942559242248535,10.942559242248535,0.0
2007-04-16,10.942559242248535,10.942559242248535,10.942559242248535,10.942559242248535,0.0
2007-04-17,10.942559242248535,10.942559242248535,10.942559242248535,10.942559242248535,0.0
2007-04-18,11.439948081970215,11.439948081970215,11.439948081970215,11.439948081970215,200.0
2007-04-19,11.439948081970215,11.439948081970215,11.439948081970215,11.439948081970215,0.0
2007-04-20,11.439948081970215,11.439948081970215,11.439948081970215,11.439948081970215,0.0
2007-04-23,11.439948081970215,11.439948081970215,11.439948081970215,11.439948081970215,0.0
2007-04-24,11.439948081970215,11.439948081970215,11.439948081970215,11.439948081970215,0.0
2007-04-25,11.439948081970215,11.439948081970215,11.439948081970215,11.439948081970215,200.0
2007-04-26,11.439948081970215,11.439948081970215,11.439948081970215,11.439948081970215,0.0
2007-04-27,11.439948081970215,11.439948081970215,11.439948081970215,11.439948081970215,0.0
2007-04-30,11.439948081970215,11.439948081970215,11.439948081970215,11.439948081970215,0.0
2007-05-01,11.439948081970215,11.439948081970215,11.439948081970215,11.439948081970215,0.0
2007-05-02,11.439948081970215,11.439948081970215,11.439948081970215,11.439948081970215,0.0
2007-05-03,11.439948081970215,11.439948081970215,11.439948081970215,11.439948081970215,0.0
2007-05-04,11.439948081970215,11.439948081970215,11.439948081970215,11.439948081970215,0.0
2007-05-07,11.439948081970215,11.439948081970215,11.439948081970215,11.439948081970215,0.0
2007-05-08,11.439948081970215,11.439948081970215,11.439948081970215,11.439948081970215,0.0
2007-05-09,11.439948081970215,11.439948081970215,11.439948081970215,11.439948081970215,0.0
2007-05-10,11.439948081970215,11.439948081970215,11.439948081970215,11.439948081970215,0.0
2007-05-11,11.439948081970215,11.439948081970215,11.439948081970215,11.439948081970215,700.0
2007-05-14,11.439948081970215,11.439948081970215,11.439948081970215,11.439948081970215,0.0
2007-05-15,11.439948081970215,11.439948081970215,11.439948081970215,11.439948081970215,0.0
2007-05-16,11.439948081970215,11.439948081970215,11.439948081970215,11.439948081970215,0.0
2007-05-17,11.439948081970215,11.439948081970215,11.439948081970215,11.439948081970215,0.0
2007-05-18,11.439948081970215,11.439948081970215,11.439948081970215,11.439948081970215,0.0
2007-05-21,11.439948081970215,11.439948081970215,11.439948081970215,11.439948081970215,0.0
2007-05-22,11.439948081970215,11.439948081970215,11.439948081970215,11.439948081970215,0.0
2007-05-23,11.439948081970215,11.439948081970215,11.439948081970215,11.439948081970215,0.0
2007-05-24,11.439948081970215,11.439948081970215,11.439948081970215,11.439948081970215,0.0
2007-05-25,11.439948081970215,11.439948081970215,11.439948081970215,11.439948081970215,0.0
2007-05-29,11.439948081970215,11.439948081970215,11.439948081970215,11.439948081970215,0.0
2007-05-30,11.439948081970215,11.439948081970215,11.439948081970215,11.439948081970215,0.0
2007-05-31,11.439948081970215,11.439948081970215,11.439948081970215,11.439948081970215,0.0
2007-06-01,11.439948081970215,11.439948081970215,11.439948081970215,11.439948081970215,0.0
2007-06-04,11.439948081970215,11.439948081970215,11.439948081970215,11.439948081970215,0.0
2007-06-05,11.439948081970215,11.439948081970215,11.439948081970215,11.439948081970215,0.0
2007-06-06,11.439948081970215,11.439948081970215,11.439948081970215,11.439948081970215,0.0
2007-06-07,11.439948081970215,11.439948081970215,11.439948081970215,11.439948081970215,0.0
2007-06-08,11.439948081970215,11.439948081970215,11.439948081970215,11.439948081970215,0.0
2007-06-11,11.439948081970215,11.439948081970215,11.439948081970215,11.439948081970215,0.0
2007-06-12,11.439948081970215,11.439948081970215,11.439948081970215,11.439948081970215,0.0
2007-06-13,11.937336921691895,11.937336921691895,11.937336921691895,11.937336921691895,800.0
2007-06-14,11.042036942027543,12.186031341552734,10.04725887332936,12.186031341552734,3000.0
2007-06-15,12.434725761413574,12.434725761413574,12.434725761413574,12.434725761413574,200.0
2007-06-18,11.937336644276712,11.937336644276712,10.644124984741211,10.644124984741211,400.0
2007-06-19,10.644124984741211,10.644124984741211,10.644124984741211,10.644124984741211,0.0
2007-06-20,10.644124984741211,10.644124984741211,10.644124984741211,10.644124984741211,0.0
2007-06-21,10.644124984741211,10.644124984741211,10.644124984741211,10.644124984741211,0.0
2007-06-22,10.594386100769043,10.594386100769043,10.594386100769043,10.594386100769043,400.0
2007-06-25,11.340470314025879,11.340470314025879,11.340470314025879,11.340470314025879,200.0
2007-06-26,11.340470314025879,11.340470314025879,11.340470314025879,11.340470314025879,0.0
2007-06-27,11.191253662109375,11.191253662109375,11.191253662109375,11.191253662109375,200.0
2007-06-28,11.191253662109375,11.191253662109375,11.191253662109375,11.191253662109375,0.0
2007-06-29,11.191253662109375,11.191253662109375,11.191253662109375,11.191253662109375,0.0
2007-07-02,11.191253662109375,11.191253662109375,11.191253662109375,11.191253662109375,0.0
2007-07-03,11.191253662109375,11.191253662109375,11.191253662109375,11.191253662109375,0.0
2007-07-05,11.191253662109375,11.191253662109375,11.191253662109375,11.191253662109375,0.0
2007-07-06,11.191253662109375,11.191253662109375,11.191253662109375,11.191253662109375,0.0
2007-07-09,11.191253662109375,11.191253662109375,11.191253662109375,11.191253662109375,0.0
2007-07-10,11.191253662109375,11.191253662109375,11.191253662109375,11.191253662109375,0.0
2007-07-11,11.191253662109375,11.191253662109375,11.191253662109375,11.191253662109375,0.0
2007-07-12,11.191253662109375,11.191253662109375,11.191253662109375,11.191253662109375,0.0
2007-07-13,11.191253662109375,11.191253662109375,11.191253662109375,11.191253662109375,0.0
2007-07-16,11.191253662109375,11.191253662109375,11.191253662109375,11.191253662109375,0.0
2007-07-17,11.191253662109375,11.191253662109375,11.191253662109375,11.191253662109375,0.0
2007-07-18,11.191253662109375,11.191253662109375,11.191253662109375,11.191253662109375,0.0
2007-07-19,11.191253662109375,11.191253662109375,11.191253662109375,11.191253662109375,0.0
2007-07-20,10.146736355419355,10.146736355419355,10.096997261047363,10.096997261047363,400.0
2007-07-23,10.096997261047363,10.096997261047363,10.096997261047363,10.096997261047363,0.0
2007-07-24,10.096997261047363,10.096997261047363,10.096997261047363,10.096997261047363,0.0
2007-07-25,10.096997261047363,10.096997261047363,10.096997261047363,10.096997261047363,0.0
2007-07-26,10.096997261047363,10.096997261047363,10.096997261047363,10.096997261047363,0.0
2007-07-27,10.096997261047363,10.096997261047363,10.096997261047363,10.096997261047363,0.0
2007-07-30,10.096997261047363,10.096997261047363,10.096997261047363,10.096997261047363,0.0
2007-07-31,10.096997261047363,10.096997261047363,10.096997261047363,10.096997261047363,0.0
2007-08-01,10.096997261047363,10.096997261047363,10.096997261047363,10.096997261047363,0.0
2007-08-02,9.151958465576172,9.151958465576172,9.151958465576172,9.151958465576172,200.0
2007-08-03,9.151958465576172,9.151958465576172,9.151958465576172,9.151958465576172,0.0
2007-08-06,9.151958465576172,9.151958465576172,9.151958465576172,9.151958465576172,0.0
2007-08-07,10.04725875457185,10.04725875457185,9.052480697631836,9.052480697631836,200.0
2007-08-08,9.052480697631836,9.052480697631836,9.052480697631836,9.052480697631836,0.0
2007-08-09,9.052480697631836,9.052480697631836,9.052480697631836,9.052480697631836,0.0
2007-08-10,9.052480697631836,9.052480697631836,9.052480697631836,9.052480697631836,0.0
2007-08-13,9.052480697631836,9.052480697631836,9.052480697631836,9.052480697631836,0.0
2007-08-14,9.052480697631836,9.052480697631836,9.052480697631836,9.052480697631836,0.0
2007-08-15,9.052480697631836,9.052480697631836,9.052480697631836,9.052480697631836,0.0
2007-08-16,9.052480697631836,9.052480697631836,9.052480697631836,9.052480697631836,0.0
2007-08-17,9.052480697631836,9.052480697631836,9.052480697631836,9.052480697631836,0.0
2007-08-20,9.052480697631836,9.052480697631836,9.052480697631836,9.052480697631836,0.0
2007-08-21,9.052480697631836,9.052480697631836,9.052480697631836,9.052480697631836,0.0
2007-08-22,9.052480697631836,9.052480697631836,9.052480697631836,9.052480697631836,0.0
2007-08-23,9.052480697631836,9.052480697631836,9.052480697631836,9.052480697631836,0.0
2007-08-24,9.052480697631836,9.052480697631836,9.052480697631836,9.052480697631836,0.0
2007-08-27,9.052480697631836,9.052480697631836,9.052480697631836,9.052480697631836,0.0
2007-08-28,9.052480697631836,9.052480697631836,9.052480697631836,9.052480697631836,0.0
2007-08-29,9.052480697631836,9.052480697631836,9.052480697631836,9.052480697631836,0.0
2007-08-30,9.052480697631836,9.052480697631836,9.052480697631836,9.052480697631836,0.0
2007-08-31,9.052480697631836,9.052480697631836,9.052480697631836,9.052480697631836,0.0
2007-09-04,9.052480697631836,9.052480697631836,9.052480697631836,9.052480697631836,0.0
2007-09-05,9.052480697631836,9.052480697631836,9.052480697631836,9.052480697631836,0.0
2007-09-06,9.052480697631836,9.052480697631836,9.052480697631836,9.052480697631836,0.0
2007-09-07,9.052480697631836,9.052480697631836,9.052480697631836,9.052480697631836,0.0
2007-09-10,9.052480697631836,9.052480697631836,9.052480697631836,9.052480697631836,0.0
2007-09-11,9.052480697631836,9.052480697631836,9.052480697631836,9.052480697631836,0.0
2007-09-12,9.052480697631836,9.052480697631836,9.052480697631836,9.052480697631836,0.0
2007-09-13,9.052480697631836,9.052480697631836,9.052480697631836,9.052480697631836,0.0
2007-09-14,9.052480697631836,9.052480697631836,9.052480697631836,9.052480697631836,0.0
2007-09-17,9.052480697631836,9.052480697631836,9.052480697631836,9.052480697631836,0.0
2007-09-18,9.94778060913086,9.94778060913086,9.94778060913086,9.94778060913086,100.0
2007-09-19,9.94778060913086,9.94778060913086,9.94778060913086,9.94778060913086,0.0
2007-09-20,9.94778060913086,9.94778060913086,9.94778060913086,9.94778060913086,0.0
2007-09-21,9.94778060913086,9.94778060913086,9.94778060913086,9.94778060913086,0.0
2007-09-24,9.94778060913086,9.94778060913086,9.94778060913086,9.94778060913086,0.0
2007-09-25,9.94778060913086,9.94778060913086,9.94778060913086,9.94778060913086,0.0
2007-09-26,9.94778060913086,9.94778060913086,9.94778060913086,9.94778060913086,0.0
2007-09-27,9.94778060913086,9.94778060913086,9.94778060913086,9.94778060913086,0.0
2007-09-28,9.94778060913086,9.94778060913086,9.94778060913086,9.94778060913086,0.0
2007-10-01,9.94778060913086,9.94778060913086,9.94778060913086,9.94778060913086,0.0
2007-10-02,8.9530029296875,8.9530029296875,8.9530029296875,8.9530029296875,100.0
2007-10-03,8.9530029296875,8.9530029296875,8.9530029296875,8.9530029296875,0.0
2007-10-04,8.9530029296875,8.9530029296875,8.9530029296875,8.9530029296875,0.0
2007-10-05,8.9530029296875,8.9530029296875,8.9530029296875,8.9530029296875,0.0
2007-10-08,8.9530029296875,8.9530029296875,8.9530029296875,8.9530029296875,0.0
2007-10-09,8.9530029296875,8.9530029296875,8.9530029296875,8.9530029296875,0.0
2007-10-10,8.9530029296875,8.9530029296875,8.9530029296875,8.9530029296875,0.0
2007-10-11,8.9530029296875,8.9530029296875,8.9530029296875,8.9530029296875,0.0
2007-10-12,8.9530029296875,8.9530029296875,8.9530029296875,8.9530029296875,700.0
2007-10-15,8.9530029296875,8.9530029296875,8.9530029296875,8.9530029296875,0.0
2007-10-16,8.9530029296875,8.9530029296875,8.9530029296875,8.9530029296875,0.0
2007-10-17,8.9530029296875,8.9530029296875,8.9530029296875,8.9530029296875,0.0
2007-10-18,8.9530029296875,8.9530029296875,8.9530029296875,8.9530029296875,2300.0
2007-10-19,10.942559136284723,10.942559136284723,8.9530029296875,8.9530029296875,200.0
2007-10-22,8.9530029296875,8.9530029296875,8.9530029296875,8.9530029296875,0.0
2007-10-23,8.9530029296875,8.9530029296875,8.9530029296875,8.9530029296875,0.0
2007-10-24,8.9530029296875,8.9530029296875,8.9530029296875,8.9530029296875,0.0
2007-10-25,8.9530029296875,8.9530029296875,8.9530029296875,8.9530029296875,100.0
2007-10-26,8.9530029296875,8.9530029296875,8.9530029296875,8.9530029296875,0.0
2007-10-29,8.9530029296875,8.9530029296875,8.9530029296875,8.9530029296875,0.0
2007-10-30,8.9530029296875,8.9530029296875,8.9530029296875,8.9530029296875,0.0
2007-10-31,8.9530029296875,8.9530029296875,8.9530029296875,8.9530029296875,0.0
2007-11-01,9.151958360608358,9.151958360608358,8.9530029296875,8.9530029296875,200.0
2007-11-02,8.9530029296875,8.9530029296875,8.9530029296875,8.9530029296875,0.0
2007-11-05,8.9530029296875,8.9530029296875,8.9530029296875,8.9530029296875,0.0
2007-11-06,8.9530029296875,8.9530029296875,8.9530029296875,8.9530029296875,0.0
2007-11-07,8.9530029296875,8.9530029296875,8.9530029296875,8.9530029296875,0.0
2007-11-08,8.9530029296875,8.9530029296875,8.9530029296875,8.9530029296875,0.0
2007-11-09,8.9530029296875,8.9530029296875,8.9530029296875,8.9530029296875,0.0
2007-11-12,8.9530029296875,8.9530029296875,8.9530029296875,8.9530029296875,0.0
2007-11-13,8.9530029296875,8.9530029296875,8.9530029296875,8.9530029296875,0.0
2007-11-14,8.20691967010498,8.20691967010498,8.20691967010498,8.20691967010498,100.0
2007-11-15,8.20691967010498,8.20691967010498,8.20691967010498,8.20691967010498,0.0
2007-11-16,8.20691967010498,8.20691967010498,8.20691967010498,8.20691967010498,0.0
2007-11-19,8.20691967010498,8.20691967010498,8.20691967010498,8.20691967010498,0.0
2007-11-20,8.20691967010498,8.20691967010498,8.20691967010498,8.20691967010498,0.0
2007-11-21,8.20691967010498,8.20691967010498,8.20691967010498,8.20691967010498,0.0
2007-11-23,8.20691967010498,8.20691967010498,8.20691967010498,8.20691967010498,0.0
2007-11-26,8.20691967010498,8.20691967010498,8.20691967010498,8.20691967010498,0.0
2007-11-27,8.20691967010498,8.20691967010498,8.20691967010498,8.20691967010498,0.0
2007-11-28,8.20691967010498,8.20691967010498,8.20691967010498,8.20691967010498,0.0
2007-11-29,8.20691967010498,8.20691967010498,8.20691967010498,8.20691967010498,0.0
2007-11-30,8.20691967010498,8.20691967010498,8.20691967010498,8.20691967010498,0.0
2007-12-03,8.20691967010498,8.20691967010498,8.20691967010498,8.20691967010498,0.0
2007-12-04,8.20691967010498,8.20691967010498,8.20691967010498,8.20691967010498,0.0
2007-12-05,8.20691967010498,8.20691967010498,8.20691967010498,8.20691967010498,0.0
2007-12-06,8.256658623017271,8.256658623017271,7.460835933685303,7.460835933685303,1500.0
2007-12-07,7.460835933685303,7.460835933685303,7.460835933685303,7.460835933685303,0.0
2007-12-10,7.460835933685303,7.460835933685303,7.460835933685303,7.460835933685303,0.0
2007-12-11,7.460835933685303,7.460835933685303,7.460835933685303,7.460835933685303,0.0
2007-12-12,7.460835933685303,7.460835933685303,7.460835933685303,7.460835933685303,0.0
2007-12-13,7.460835933685303,7.460835933685303,7.460835933685303,7.460835933685303,0.0
2007-12-14,7.460835933685303,7.460835933685303,7.460835933685303,7.460835933685303,0.0
2007-12-17,7.460835933685303,7.460835933685303,7.460835933685303,7.460835933685303,0.0
2007-12-18,7.460835933685303,7.460835933685303,7.460835933685303,7.460835933685303,0.0
2007-12-19,7.460835933685303,7.460835933685303,7.460835933685303,7.460835933685303,0.0
2007-12-20,7.460835933685303,7.460835933685303,7.460835933685303,7.460835933685303,0.0
2007-12-21,7.460835933685303,7.460835933685303,7.460835933685303,7.460835933685303,0.0
2007-12-24,7.460835933685303,7.460835933685303,7.460835933685303,7.460835933685303,0.0
2007-12-26,7.460835933685303,7.460835933685303,7.460835933685303,7.460835933685303,0.0
2007-12-27,7.460835933685303,7.460835933685303,7.460835933685303,7.460835933685303,0.0
2007-12-28,7.460835933685303,7.460835933685303,7.460835933685303,7.460835933685303,0.0
2007-12-31,7.460835933685303,7.460835933685303,7.460835933685303,7.460835933685303,0.0
2008-01-02,7.460835933685303,7.460835933685303,7.460835933685303,7.460835933685303,0.0
2008-01-03,7.460835933685303,7.460835933685303,7.460835933685303,7.460835933685303,0.0
2008-01-04,7.460835933685303,7.460835933685303,7.460835933685303,7.460835933685303,0.0
2008-01-07,7.460835933685303,7.460835933685303,7.460835933685303,7.460835933685303,0.0
2008-01-08,7.460835933685303,7.460835933685303,7.460835933685303,7.460835933685303,0.0
2008-01-09,7.460835933685303,7.460835933685303,7.460835933685303,7.460835933685303,0.0
2008-01-10,7.460835933685303,7.460835933685303,7.460835933685303,7.460835933685303,0.0
2008-01-11,7.460835933685303,7.460835933685303,7.460835933685303,7.460835933685303,0.0
2008-01-14,7.460835933685303,7.460835933685303,7.460835933685303,7.460835933685303,0.0
2008-01-15,7.460835933685303,7.460835933685303,7.460835933685303,7.460835933685303,0.0
2008-01-16,7.460835933685303,7.460835933685303,7.460835933685303,7.460835933685303,0.0
2008-01-17,7.460835933685303,7.460835933685303,7.460835933685303,7.460835933685303,0.0
2008-01-18,7.460835933685303,7.460835933685303,7.460835933685303,7.460835933685303,0.0
2008-01-22,7.460835933685303,7.460835933685303,7.460835933685303,7.460835933685303,0.0
2008-01-23,7.460835933685303,7.460835933685303,7.460835933685303,7.460835933685303,0.0
2008-01-24,7.460835933685303,7.460835933685303,7.460835933685303,7.460835933685303,0.0
2008-01-25,7.460835933685303,7.460835933685303,7.460835933685303,7.460835933685303,0.0
2008-01-28,7.460835933685303,7.460835933685303,7.460835933685303,7.460835933685303,0.0
2008-01-29,7.460835933685303,7.460835933685303,7.460835933685303,7.460835933685303,0.0
2008-01-30,7.460835933685303,7.460835933685303,7.460835933685303,7.460835933685303,0.0
2008-01-31,7.460835933685303,7.460835933685303,7.460835933685303,7.460835933685303,0.0
2008-02-01,7.460835933685303,7.460835933685303,7.460835933685303,7.460835933685303,0.0
2008-02-04,7.460835933685303,7.460835933685303,7.460835933685303,7.460835933685303,0.0
2008-02-05,7.460835933685303,7.460835933685303,7.460835933685303,7.460835933685303,0.0
2008-02-06,7.460835933685303,7.460835933685303,7.460835933685303,7.460835933685303,0.0
2008-02-07,7.460835933685303,7.460835933685303,7.460835933685303,7.460835933685303,0.0
2008-02-08,7.460835933685303,7.460835933685303,7.460835933685303,7.460835933685303,0.0
2008-02-11,7.460835933685303,7.460835933685303,7.460835933685303,7.460835933685303,0.0
2008-02-12,9.94778070694361,9.94778070694361,9.69908618927002,9.69908618927002,1500.0
2008-02-13,9.69908618927002,9.69908618927002,9.69908618927002,9.69908618927002,0.0
2008-02-14,9.69908618927002,9.69908618927002,9.69908618927002,9.69908618927002,0.0
2008-02-15,9.69908618927002,9.69908618927002,9.69908618927002,9.69908618927002,0.0
2008-02-19,9.69908618927002,9.69908618927002,9.69908618927002,9.69908618927002,0.0
2008-02-20,9.69908618927002,9.69908618927002,9.69908618927002,9.69908618927002,0.0
2008-02-21,9.69908618927002,9.69908618927002,9.69908618927002,9.69908618927002,0.0
2008-02-22,9.69908618927002,9.69908618927002,9.69908618927002,9.69908618927002,0.0
2008-02-25,9.69908618927002,9.69908618927002,9.69908618927002,9.69908618927002,0.0
2008-02-26,9.69908618927002,9.69908618927002,9.69908618927002,9.69908618927002,0.0
2008-02-27,9.69908618927002,9.69908618927002,9.69908618927002,9.69908618927002,0.0
2008-02-28,9.69908618927002,9.69908618927002,9.69908618927002,9.69908618927002,0.0
2008-02-29,9.69908618927002,9.69908618927002,9.69908618927002,9.69908618927002,0.0
2008-03-03,9.69908618927002,9.69908618927002,9.69908618927002,9.69908618927002,0.0
2008-03-04,9.69908618927002,9.69908618927002,9.69908618927002,9.69908618927002,0.0
2008-03-05,9.69908618927002,9.69908618927002,9.69908618927002,9.69908618927002,0.0
2008-03-06,9.69908618927002,9.69908618927002,9.69908618927002,9.69908618927002,0.0
2008-03-07,9.69908618927002,9.69908618927002,9.69908618927002,9.69908618927002,0.0
2008-03-10,9.69908618927002,9.69908618927002,9.69908618927002,9.69908618927002,0.0
2008-03-11,9.69908618927002,9.69908618927002,9.69908618927002,9.69908618927002,0.0
2008-03-12,9.69908618927002,9.69908618927002,9.69908618927002,9.69908618927002,0.0
2008-03-13,9.69908618927002,9.69908618927002,9.69908618927002,9.69908618927002,0.0
2008-03-14,10.445170402526855,10.445170402526855,10.445170402526855,10.445170402526855,500.0
2008-03-17,10.445170402526855,10.445170402526855,10.445170402526855,10.445170402526855,0.0
2008-03-18,10.445170402526855,10.445170402526855,10.445170402526855,10.445170402526855,0.0
2008-03-19,10.445170402526855,10.445170402526855,10.445170402526855,10.445170402526855,0.0
2008-03-20,10.445170402526855,10.445170402526855,10.445170402526855,10.445170402526855,0.0
2008-03-24,10.445170402526855,10.445170402526855,10.445170402526855,10.445170402526855,0.0
2008-03-25,10.445170402526855,10.445170402526855,10.445170402526855,10.445170402526855,0.0
2008-03-26,10.445170402526855,10.445170402526855,10.445170402526855,10.445170402526855,0.0
2008-03-27,10.445170402526855,10.445170402526855,10.445170402526855,10.445170402526855,0.0
2008-03-28,10.445170402526855,10.445170402526855,10.445170402526855,10.445170402526855,0.0
2008-03-31,10.445170402526855,10.445170402526855,10.445170402526855,10.445170402526855,0.0
2008-04-01,10.445170402526855,10.445170402526855,10.445170402526855,10.445170402526855,0.0
2008-04-02,10.445170402526855,10.445170402526855,10.445170402526855,10.445170402526855,0.0
2008-04-03,10.445170402526855,10.445170402526855,10.445170402526855,10.445170402526855,0.0
2008-04-04,10.445170402526855,10.445170402526855,10.445170402526855,10.445170402526855,0.0
2008-04-07,10.445170402526855,10.445170402526855,10.445170402526855,10.445170402526855,0.0
2008-04-08,10.445170402526855,10.445170402526855,10.445170402526855,10.445170402526855,0.0
2008-04-09,10.445170402526855,10.445170402526855,10.445170402526855,10.445170402526855,0.0
2008-04-10,10.445170402526855,10.445170402526855,10.445170402526855,10.445170402526855,0.0
2008-04-11,10.445170402526855,10.445170402526855,10.445170402526855,10.445170402526855,0.0
2008-04-14,10.445170402526855,10.445170402526855,10.445170402526855,10.445170402526855,0.0
2008-04-15,10.445170402526855,10.445170402526855,10.445170402526855,10.445170402526855,0.0
2008-04-16,10.445170402526855,10.445170402526855,10.445170402526855,10.445170402526855,0.0
2008-04-17,10.445170402526855,10.445170402526855,10.445170402526855,10.445170402526855,0.0
2008-04-18,10.445170402526855,10.445170402526855,10.445170402526855,10.445170402526855,0.0
2008-04-21,10.445170402526855,10.445170402526855,10.445170402526855,10.445170402526855,0.0
2008-04-22,10.445170402526855,10.445170402526855,10.445170402526855,10.445170402526855,0.0
2008-04-23,10.445170402526855,10.445170402526855,10.445170402526855,10.445170402526855,0.0
2008-04-24,10.445170402526855,10.445170402526855,10.445170402526855,10.445170402526855,0.0
2008-04-25,10.445170402526855,10.445170402526855,10.445170402526855,10.445170402526855,0.0
2008-04-28,10.445170402526855,10.445170402526855,10.445170402526855,10.445170402526855,0.0
2008-04-29,10.445170402526855,10.445170402526855,10.445170402526855,10.445170402526855,0.0
2008-04-30,10.445170402526855,10.445170402526855,10.445170402526855,10.445170402526855,0.0
2008-05-01,10.445170402526855,10.445170402526855,10.445170402526855,10.445170402526855,0.0
2008-05-02,10.445170402526855,10.445170402526855,10.445170402526855,10.445170402526855,0.0
2008-05-05,10.445170402526855,10.445170402526855,10.445170402526855,10.445170402526855,0.0
2008-05-06,10.445170402526855,10.445170402526855,10.445170402526855,10.445170402526855,0.0
2008-05-07,10.445170402526855,10.445170402526855,10.445170402526855,10.445170402526855,0.0
2008-05-08,10.445170402526855,10.445170402526855,10.445170402526855,10.445170402526855,0.0
2008-05-09,10.445170402526855,10.445170402526855,10.445170402526855,10.445170402526855,0.0
2008-05-12,10.445170402526855,10.445170402526855,10.445170402526855,10.445170402526855,0.0
2008-05-13,10.445170402526855,10.445170402526855,10.445170402526855,10.445170402526855,0.0
2008-05-14,10.445170402526855,10.445170402526855,10.445170402526855,10.445170402526855,0.0
2008-05-15,10.445170402526855,10.445170402526855,10.445170402526855,10.445170402526855,0.0
2008-05-16,10.445170402526855,10.445170402526855,10.445170402526855,10.445170402526855,0.0
2008-05-19,10.445170402526855,10.445170402526855,10.445170402526855,10.445170402526855,0.0
2008-05-20,10.445170402526855,10.445170402526855,10.445170402526855,10.445170402526855,0.0
2008-05-21,10.445170402526855,10.445170402526855,10.445170402526855,10.445170402526855,0.0
2008-05-22,10.445170402526855,10.445170402526855,10.445170402526855,10.445170402526855,0.0
2008-05-23,10.445170402526855,10.445170402526855,10.445170402526855,10.445170402526855,0.0
2008-05-27,10.445170402526855,10.445170402526855,10.445170402526855,10.445170402526855,0.0
2008-05-28,10.445170402526855,10.445170402526855,10.445170402526855,10.445170402526855,0.0
2008-05-29,10.445170402526855,10.445170402526855,10.445170402526855,10.445170402526855,0.0
2008-05-30,10.445170402526855,10.445170402526855,10.445170402526855,10.445170402526855,0.0
2008-06-02,10.445170402526855,10.445170402526855,10.445170402526855,10.445170402526855,0.0
2008-06-03,10.445170402526855,10.445170402526855,10.445170402526855,10.445170402526855,0.0
2008-06-04,10.445170402526855,10.445170402526855,10.445170402526855,10.445170402526855,0.0
2008-06-05,10.445170402526855,10.445170402526855,10.445170402526855,10.445170402526855,0.0
2008-06-06,10.445170402526855,10.445170402526855,10.445170402526855,10.445170402526855,0.0
2008-06-09,10.445170402526855,10.445170402526855,10.445170402526855,10.445170402526855,0.0
2008-06-10,10.445170402526855,10.445170402526855,10.445170402526855,10.445170402526855,0.0
2008-06-11,10.445170402526855,10.445170402526855,10.445170402526855,10.445170402526855,0.0
2008-06-12,10.445170402526855,10.445170402526855,10.445170402526855,10.445170402526855,0.0
2008-06-13,10.445170402526855,10.445170402526855,10.445170402526855,10.445170402526855,0.0
2008-06-16,10.445170402526855,10.445170402526855,10.445170402526855,10.445170402526855,0.0
2008-06-17,10.445170402526855,10.445170402526855,10.445170402526855,10.445170402526855,0.0
2008-06-18,10.445170402526855,10.445170402526855,10.445170402526855,10.445170402526855,0.0
2008-06-19,10.445170402526855,10.445170402526855,10.445170402526855,10.445170402526855,0.0
2008-06-20,10.445170402526855,10.445170402526855,10.445170402526855,10.445170402526855,0.0
2008-06-23,10.445170402526855,10.445170402526855,10.445170402526855,10.445170402526855,0.0
2008-06-24,10.445170402526855,10.445170402526855,10.445170402526855,10.445170402526855,0.0
2008-06-25,10.445170402526855,10.445170402526855,10.445170402526855,10.445170402526855,0.0
2008-06-26,10.445170402526855,10.445170402526855,10.445170402526855,10.445170402526855,0.0
2008-06-27,10.445170402526855,10.445170402526855,10.445170402526855,10.445170402526855,0.0
2008-06-30,10.445170402526855,10.445170402526855,10.445170402526855,10.445170402526855,0.0
2008-07-01,10.445170402526855,10.445170402526855,10.445170402526855,10.445170402526855,0.0
2008-07-02,10.445170402526855,10.445170402526855,10.445170402526855,10.445170402526855,0.0
2008-07-03,10.445170402526855,10.445170402526855,10.445170402526855,10.445170402526855,0.0
2008-07-07,10.445170402526855,10.445170402526855,10.445170402526855,10.445170402526855,0.0
2008-07-08,10.445170402526855,10.445170402526855,10.445170402526855,10.445170402526855,0.0
2008-07-09,10.445170402526855,10.445170402526855,10.445170402526855,10.445170402526855,0.0
2008-07-10,10.445170402526855,10.445170402526855,10.445170402526855,10.445170402526855,0.0
2008-07-11,10.445170402526855,10.445170402526855,10.445170402526855,10.445170402526855,0.0
2008-07-14,10.445170402526855,10.445170402526855,10.445170402526855,10.445170402526855,0.0
2008-07-15,10.445170402526855,10.445170402526855,10.445170402526855,10.445170402526855,0.0
2008-07-16,10.445170402526855,10.445170402526855,10.445170402526855,10.445170402526855,0.0
2008-07-17,10.445170402526855,10.445170402526855,10.445170402526855,10.445170402526855,0.0
2008-07-18,10.445170402526855,10.445170402526855,10.445170402526855,10.445170402526855,0.0
2008-07-21,10.445170402526855,10.445170402526855,10.445170402526855,10.445170402526855,0.0
2008-07-22,10.445170402526855,10.445170402526855,10.445170402526855,10.445170402526855,0.0
2008-07-23,10.445170402526855,10.445170402526855,10.445170402526855,10.445170402526855,0.0
2008-07-24,10.445170402526855,10.445170402526855,10.445170402526855,10.445170402526855,0.0
2008-07-25,10.445170402526855,10.445170402526855,10.445170402526855,10.445170402526855,0.0
2008-07-28,10.445170402526855,10.445170402526855,10.445170402526855,10.445170402526855,0.0
2008-07-29,10.445170402526855,10.445170402526855,10.445170402526855,10.445170402526855,0.0
2008-07-30,10.445170402526855,10.445170402526855,10.445170402526855,10.445170402526855,0.0
2008-07-31,10.445170402526855,10.445170402526855,10.445170402526855,10.445170402526855,0.0
2008-08-01,10.445170402526855,10.445170402526855,10.445170402526855,10.445170402526855,0.0
2008-08-04,10.445170402526855,10.445170402526855,10.445170402526855,10.445170402526855,0.0
2008-08-05,10.445170402526855,10.445170402526855,10.445170402526855,10.445170402526855,0.0
2008-08-06,9.94778060913086,9.94778060913086,9.94778060913086,9.94778060913086,10000.0
2008-08-07,10.693864822387695,10.693864822387695,10.693864822387695,10.693864822387695,500.0
2008-08-08,10.693864822387695,10.693864822387695,10.693864822387695,10.693864822387695,0.0
2008-08-11,10.693864822387695,10.693864822387695,10.693864822387695,10.693864822387695,0.0
2008-08-12,10.693864822387695,10.693864822387695,10.693864822387695,10.693864822387695,0.0
2008-08-13,10.693864822387695,10.693864822387695,10.693864822387695,10.693864822387695,0.0
2008-08-14,10.693864822387695,10.693864822387695,10.693864822387695,10.693864822387695,0.0
2008-08-15,10.693864822387695,10.693864822387695,10.693864822387695,10.693864822387695,0.0
2008-08-18,10.693864822387695,10.693864822387695,10.693864822387695,10.693864822387695,0.0
2008-08-19,10.693864822387695,10.693864822387695,10.693864822387695,10.693864822387695,0.0
2008-08-20,10.693864822387695,10.693864822387695,10.693864822387695,10.693864822387695,0.0
2008-08-21,10.693864822387695,10.693864822387695,10.693864822387695,10.693864822387695,0.0
2008-08-22,10.693864822387695,10.693864822387695,10.693864822387695,10.693864822387695,0.0
2008-08-25,10.693864822387695,10.693864822387695,10.693864822387695,10.693864822387695,0.0
2008-08-26,10.693864822387695,10.693864822387695,10.693864822387695,10.693864822387695,0.0
2008-08-27,10.693864822387695,10.693864822387695,10.693864822387695,10.693864822387695,0.0
2008-08-28,10.693864822387695,10.693864822387695,10.693864822387695,10.693864822387695,0.0
2008-08-29,10.693864822387695,10.693864822387695,10.693864822387695,10.693864822387695,0.0
2008-09-02,10.693864822387695,10.693864822387695,10.693864822387695,10.693864822387695,0.0
2008-09-03,10.693864822387695,10.693864822387695,10.693864822387695,10.693864822387695,0.0
2008-09-04,10.693864822387695,10.693864822387695,10.693864822387695,10.693864822387695,0.0
2008-09-05,10.693864822387695,10.693864822387695,10.693864822387695,10.693864822387695,0.0
2008-09-08,10.693864822387695,10.693864822387695,10.693864822387695,10.693864822387695,0.0
2008-09-09,10.693864822387695,10.693864822387695,10.693864822387695,10.693864822387695,0.0
2008-09-10,10.693864822387695,10.693864822387695,10.693864822387695,10.693864822387695,0.0
2008-09-11,10.693864822387695,10.693864822387695,10.693864822387695,10.693864822387695,0.0
2008-09-12,10.693864822387695,10.693864822387695,10.693864822387695,10.693864822387695,0.0
2008-09-15,10.693864822387695,10.693864822387695,10.693864822387695,10.693864822387695,0.0
2008-09-16,10.693864822387695,10.693864822387695,10.693864822387695,10.693864822387695,0.0
2008-09-17,10.693864822387695,10.693864822387695,10.693864822387695,10.693864822387695,0.0
2008-09-18,10.693864822387695,10.693864822387695,10.693864822387695,10.693864822387695,0.0
2008-09-19,10.693864822387695,10.693864822387695,10.693864822387695,10.693864822387695,0.0
2008-09-22,10.693864822387695,10.693864822387695,10.693864822387695,10.693864822387695,0.0
2008-09-23,10.693864822387695,10.693864822387695,10.693864822387695,10.693864822387695,0.0
2008-09-24,10.693864822387695,10.693864822387695,10.693864822387695,10.693864822387695,0.0
2008-09-25,10.693864822387695,10.693864822387695,10.693864822387695,10.693864822387695,0.0
2008-09-26,8.704308403862848,8.9530029296875,8.704308403862848,8.9530029296875,200.0
2008-09-29,9.94778060913086,9.94778060913086,9.94778060913086,9.94778060913086,900.0
2008-09-30,9.94778060913086,9.94778060913086,9.94778060913086,9.94778060913086,0.0
2008-10-01,9.94778060913086,9.94778060913086,9.94778060913086,9.94778060913086,0.0
2008-10-02,9.94778060913086,9.94778060913086,9.94778060913086,9.94778060913086,0.0
2008-10-03,9.94778060913086,9.94778060913086,9.94778060913086,9.94778060913086,0.0
2008-10-06,9.94778060913086,9.94778060913086,9.94778060913086,9.94778060913086,0.0
2008-10-07,9.94778060913086,9.94778060913086,9.94778060913086,9.94778060913086,0.0
2008-10-08,9.94778060913086,9.94778060913086,9.94778060913086,9.94778060913086,0.0
2008-10-09,9.94778060913086,9.94778060913086,9.94778060913086,9.94778060913086,0.0
2008-10-10,9.94778060913086,9.94778060913086,9.94778060913086,9.94778060913086,0.0
2008-10-13,9.94778060913086,9.94778060913086,9.94778060913086,9.94778060913086,0.0
2008-10-14,9.94778060913086,9.94778060913086,9.94778060913086,9.94778060913086,0.0
2008-10-15,9.94778060913086,9.94778060913086,9.94778060913086,9.94778060913086,0.0
2008-10-16,9.94778060913086,9.94778060913086,9.94778060913086,9.94778060913086,0.0
2008-10-17,9.94778060913086,9.94778060913086,9.94778060913086,9.94778060913086,0.0
2008-10-20,9.94778060913086,9.94778060913086,9.94778060913086,9.94778060913086,0.0
2008-10-21,9.94778060913086,9.94778060913086,9.94778060913086,9.94778060913086,0.0
2008-10-22,9.94778060913086,9.94778060913086,9.94778060913086,9.94778060913086,0.0
2008-10-23,9.94778060913086,9.94778060913086,9.94778060913086,9.94778060913086,0.0
2008-10-24,9.94778060913086,9.94778060913086,9.94778060913086,9.94778060913086,0.0
2008-10-27,9.94778060913086,9.94778060913086,9.94778060913086,9.94778060913086,0.0
2008-10-28,9.94778060913086,9.94778060913086,9.94778060913086,9.94778060913086,0.0
2008-10-29,9.94778060913086,9.94778060913086,9.94778060913086,9.94778060913086,0.0
2008-10-30,9.94778060913086,9.94778060913086,9.94778060913086,9.94778060913086,0.0
2008-10-31,9.94778060913086,9.94778060913086,9.94778060913086,9.94778060913086,0.0
2008-11-03,9.94778060913086,9.94778060913086,9.94778060913086,9.94778060913086,0.0
2008-11-04,9.94778060913086,9.94778060913086,9.94778060913086,9.94778060913086,0.0
2008-11-05,9.94778060913086,9.94778060913086,9.94778060913086,9.94778060913086,0.0
2008-11-06,9.94778060913086,9.94778060913086,9.94778060913086,9.94778060913086,0.0
2008-11-07,9.94778060913086,9.94778060913086,9.94778060913086,9.94778060913086,0.0
2008-11-10,9.94778060913086,9.94778060913086,9.94778060913086,9.94778060913086,0.0
2008-11-11,9.94778060913086,9.94778060913086,9.94778060913086,9.94778060913086,0.0
2008-11-12,9.94778060913086,9.94778060913086,9.94778060913086,9.94778060913086,0.0
2008-11-13,9.94778060913086,9.94778060913086,9.94778060913086,9.94778060913086,0.0
2008-11-14,9.94778060913086,9.94778060913086,9.94778060913086,9.94778060913086,0.0
2008-11-17,9.94778060913086,9.94778060913086,9.94778060913086,9.94778060913086,0.0
2008-11-18,9.94778060913086,9.94778060913086,9.94778060913086,9.94778060913086,0.0
2008-11-19,9.94778060913086,9.94778060913086,9.94778060913086,9.94778060913086,0.0
2008-11-20,9.94778060913086,9.94778060913086,9.94778060913086,9.94778060913086,0.0
2008-11-21,9.94778060913086,9.94778060913086,9.94778060913086,9.94778060913086,0.0
2008-11-24,9.94778060913086,9.94778060913086,9.94778060913086,9.94778060913086,0.0
2008-11-25,9.94778060913086,9.94778060913086,9.94778060913086,9.94778060913086,0.0
2008-11-26,9.94778060913086,9.94778060913086,9.94778060913086,9.94778060913086,0.0
2008-11-28,9.94778060913086,9.94778060913086,9.94778060913086,9.94778060913086,0.0
2008-12-01,9.94778060913086,9.94778060913086,9.94778060913086,9.94778060913086,0.0
2008-12-02,9.94778060913086,9.94778060913086,9.94778060913086,9.94778060913086,0.0
2008-12-03,9.94778060913086,9.94778060913086,9.94778060913086,9.94778060913086,0.0
2008-12-04,9.94778060913086,9.94778060913086,9.94778060913086,9.94778060913086,0.0
2008-12-05,9.94778060913086,9.94778060913086,9.94778060913086,9.94778060913086,0.0
2008-12-08,9.94778060913086,9.94778060913086,9.94778060913086,9.94778060913086,0.0
2008-12-09,9.94778060913086,9.94778060913086,9.94778060913086,9.94778060913086,0.0
2008-12-10,9.94778060913086,9.94778060913086,9.94778060913086,9.94778060913086,0.0
2008-12-11,9.94778060913086,9.94778060913086,9.94778060913086,9.94778060913086,0.0
2008-12-12,9.94778060913086,9.94778060913086,9.94778060913086,9.94778060913086,0.0
2008-12-15,9.898041725158691,9.898041725158691,9.898041725158691,9.898041725158691,200.0
2008-12-16,9.898041725158691,9.898041725158691,9.898041725158691,9.898041725158691,0.0
2008-12-17,9.898041725158691,9.898041725158691,9.898041725158691,9.898041725158691,0.0
2008-12-18,9.898041725158691,9.898041725158691,9.898041725158691,9.898041725158691,0.0
2008-12-19,9.898041725158691,9.898041725158691,9.898041725158691,9.898041725158691,0.0
2008-12-22,9.898041725158691,9.898041725158691,9.898041725158691,9.898041725158691,0.0
2008-12-23,9.898041725158691,9.898041725158691,9.898041725158691,9.898041725158691,0.0
2008-12-24,9.898041725158691,9.898041725158691,9.898041725158691,9.898041725158691,0.0
2008-12-26,9.898041725158691,9.898041725158691,9.898041725158691,9.898041725158691,0.0
2008-12-29,9.898041725158691,9.898041725158691,9.898041725158691,9.898041725158691,0.0
2008-12-30,9.898041725158691,9.898041725158691,9.898041725158691,9.898041725158691,0.0
2008-12-31,9.898041725158691,9.898041725158691,9.898041725158691,9.898041725158691,0.0
2009-01-02,9.898041725158691,9.898041725158691,9.898041725158691,9.898041725158691,0.0
2009-01-05,9.898041725158691,9.898041725158691,9.898041725158691,9.898041725158691,0.0
2009-01-06,9.898041725158691,9.898041725158691,9.898041725158691,9.898041725158691,0.0
2009-01-07,9.898041725158691,9.898041725158691,9.898041725158691,9.898041725158691,0.0
2009-01-08,9.898041725158691,9.898041725158691,9.898041725158691,9.898041725158691,0.0
2009-01-09,9.898041725158691,9.898041725158691,9.898041725158691,9.898041725158691,0.0
2009-01-12,9.898041725158691,9.898041725158691,9.898041725158691,9.898041725158691,0.0
2009-01-13,9.898041725158691,9.898041725158691,9.898041725158691,9.898041725158691,0.0
2009-01-14,9.898041725158691,9.898041725158691,9.898041725158691,9.898041725158691,0.0
2009-01-15,9.898041725158691,9.898041725158691,9.898041725158691,9.898041725158691,0.0
2009-01-16,9.898041725158691,9.898041725158691,9.898041725158691,9.898041725158691,0.0
2009-01-20,9.898041725158691,9.898041725158691,9.898041725158691,9.898041725158691,0.0
2009-01-21,9.898041725158691,9.898041725158691,9.898041725158691,9.898041725158691,0.0
2009-01-22,9.898041725158691,9.898041725158691,9.898041725158691,9.898041725158691,0.0
2009-01-23,9.898041725158691,9.898041725158691,9.898041725158691,9.898041725158691,0.0
2009-01-26,9.898041725158691,9.898041725158691,9.898041725158691,9.898041725158691,0.0
2009-01-27,9.898041725158691,9.898041725158691,9.898041725158691,9.898041725158691,0.0
2009-01-28,9.898041725158691,9.898041725158691,9.898041725158691,9.898041725158691,0.0
2009-01-29,6.316840648651123,6.316840648651123,6.316840648651123,6.316840648651123,300.0
2009-01-30,6.316840648651123,6.316840648651123,6.316840648651123,6.316840648651123,0.0
2009-02-02,9.89804193608026,9.89804193608026,9.848302841186523,9.848302841186523,400.0
2009-02-03,9.848302841186523,9.848302841186523,9.848302841186523,9.848302841186523,0.0
2009-02-04,9.848302841186523,9.848302841186523,9.848302841186523,9.848302841186523,0.0
2009-02-05,9.848302841186523,9.848302841186523,9.848302841186523,9.848302841186523,0.0
2009-02-06,9.848302841186523,9.848302841186523,9.848302841186523,9.848302841186523,0.0
2009-02-09,9.848302841186523,9.848302841186523,9.848302841186523,9.848302841186523,0.0
2009-02-10,9.848302841186523,9.848302841186523,9.848302841186523,9.848302841186523,0.0
2009-02-11,9.848302841186523,9.848302841186523,9.848302841186523,9.848302841186523,0.0
2009-02-12,9.848302841186523,9.848302841186523,9.848302841186523,9.848302841186523,0.0
2009-02-13,9.848302841186523,9.848302841186523,9.848302841186523,9.848302841186523,0.0
2009-02-17,9.848302841186523,9.848302841186523,9.848302841186523,9.848302841186523,0.0
2009-02-18,9.848302841186523,9.848302841186523,9.848302841186523,9.848302841186523,0.0
2009-02-19,9.848302841186523,9.848302841186523,9.848302841186523,9.848302841186523,0.0
2009-02-20,9.848302841186523,9.848302841186523,9.848302841186523,9.848302841186523,0.0
2009-02-23,9.848302841186523,9.848302841186523,9.848302841186523,9.848302841186523,0.0
2009-02-24,9.848302841186523,9.848302841186523,9.848302841186523,9.848302841186523,0.0
2009-02-25,9.848302841186523,9.848302841186523,9.848302841186523,9.848302841186523,0.0
2009-02-26,9.848302841186523,9.848302841186523,9.848302841186523,9.848302841186523,0.0
2009-02-27,9.848302841186523,9.848302841186523,9.848302841186523,9.848302841186523,0.0
2009-03-02,9.848302841186523,9.848302841186523,9.848302841186523,9.848302841186523,0.0
2009-03-03,9.848302841186523,9.848302841186523,9.848302841186523,9.848302841186523,0.0
2009-03-04,9.848302841186523,9.848302841186523,9.848302841186523,9.848302841186523,0.0
2009-03-05,9.848302841186523,9.848302841186523,9.848302841186523,9.848302841186523,0.0
2009-03-06,9.848302841186523,9.848302841186523,9.848302841186523,9.848302841186523,0.0
2009-03-09,9.848302841186523,9.848302841186523,9.848302841186523,9.848302841186523,0.0
2009-03-10,9.848302841186523,9.848302841186523,9.848302841186523,9.848302841186523,0.0
2009-03-11,9.848302841186523,9.848302841186523,9.848302841186523,9.848302841186523,0.0
2009-03-12,9.848302841186523,9.848302841186523,9.848302841186523,9.848302841186523,0.0
2009-03-13,9.848302841186523,9.848302841186523,9.848302841186523,9.848302841186523,0.0
2009-03-16,9.848302841186523,9.848302841186523,9.848302841186523,9.848302841186523,0.0
2009-03-17,9.848302841186523,9.848302841186523,9.848302841186523,9.848302841186523,0.0
2009-03-18,9.848302841186523,9.848302841186523,9.848302841186523,9.848302841186523,0.0
2009-03-19,9.848302841186523,9.848302841186523,9.848302841186523,9.848302841186523,0.0
2009-03-20,9.848302841186523,9.848302841186523,9.848302841186523,9.848302841186523,0.0
2009-03-23,9.848302841186523,9.848302841186523,9.848302841186523,9.848302841186523,0.0
2009-03-24,9.848302841186523,9.848302841186523,9.848302841186523,9.848302841186523,0.0
2009-03-25,9.848302841186523,9.848302841186523,9.848302841186523,9.848302841186523,0.0
2009-03-26,9.848302841186523,9.848302841186523,9.848302841186523,9.848302841186523,0.0
2009-03-27,9.848302841186523,9.848302841186523,9.848302841186523,9.848302841186523,0.0
2009-03-30,9.848302841186523,9.848302841186523,9.848302841186523,9.848302841186523,0.0
2009-03-31,9.848302841186523,9.848302841186523,9.848302841186523,9.848302841186523,0.0
2009-04-01,9.848302841186523,9.848302841186523,9.848302841186523,9.848302841186523,0.0
2009-04-02,9.848302841186523,9.848302841186523,9.848302841186523,9.848302841186523,0.0
2009-04-03,9.848302841186523,9.848302841186523,9.848302841186523,9.848302841186523,0.0
2009-04-06,9.848302841186523,9.848302841186523,9.848302841186523,9.848302841186523,0.0
2009-04-07,9.848302841186523,9.848302841186523,9.848302841186523,9.848302841186523,0.0
2009-04-08,9.848302841186523,9.848302841186523,9.848302841186523,9.848302841186523,0.0
2009-04-09,9.848302841186523,9.848302841186523,9.848302841186523,9.848302841186523,0.0
2009-04-13,9.848302841186523,9.848302841186523,9.848302841186523,9.848302841186523,0.0
2009-04-14,9.848302841186523,9.848302841186523,9.848302841186523,9.848302841186523,0.0
2009-04-15,9.848302841186523,9.848302841186523,9.848302841186523,9.848302841186523,0.0
2009-04-16,9.848302841186523,9.848302841186523,9.848302841186523,9.848302841186523,0.0
2009-04-17,9.848302841186523,9.848302841186523,9.848302841186523,9.848302841186523,0.0
2009-04-20,9.848302841186523,9.848302841186523,9.848302841186523,9.848302841186523,0.0
2009-04-21,9.848302841186523,9.848302841186523,9.848302841186523,9.848302841186523,0.0
2009-04-22,9.848302841186523,9.848302841186523,9.848302841186523,9.848302841186523,0.0
2009-04-23,9.848302841186523,9.848302841186523,9.848302841186523,9.848302841186523,0.0
2009-04-24,9.848302841186523,9.848302841186523,9.848302841186523,9.848302841186523,0.0
2009-04-27,9.848302841186523,9.848302841186523,9.848302841186523,9.848302841186523,0.0
2009-04-28,9.848302841186523,9.848302841186523,9.848302841186523,9.848302841186523,0.0
2009-04-29,9.848302841186523,9.848302841186523,9.848302841186523,9.848302841186523,0.0
2009-04-30,9.848302841186523,9.848302841186523,9.848302841186523,9.848302841186523,0.0
2009-05-01,9.848302841186523,9.848302841186523,9.848302841186523,9.848302841186523,0.0
2009-05-04,9.848302841186523,9.848302841186523,9.848302841186523,9.848302841186523,0.0
2009-05-05,9.848302841186523,9.848302841186523,9.848302841186523,9.848302841186523,0.0
2009-05-06,9.848302841186523,9.848302841186523,9.848302841186523,9.848302841186523,0.0
2009-05-07,9.848302841186523,9.848302841186523,9.848302841186523,9.848302841186523,0.0
2009-05-08,9.848302841186523,9.848302841186523,9.848302841186523,9.848302841186523,0.0
2009-05-11,9.848302841186523,9.848302841186523,9.848302841186523,9.848302841186523,0.0
2009-05-12,9.848302841186523,9.848302841186523,9.848302841186523,9.848302841186523,0.0
2009-05-13,9.848302841186523,9.848302841186523,9.848302841186523,9.848302841186523,0.0
2009-05-14,9.848302841186523,9.848302841186523,9.848302841186523,9.848302841186523,0.0
2009-05-15,9.848302841186523,9.848302841186523,9.848302841186523,9.848302841186523,0.0
2009-05-18,9.848302841186523,9.848302841186523,9.848302841186523,9.848302841186523,0.0
2009-05-19,9.848302841186523,9.848302841186523,9.848302841186523,9.848302841186523,0.0
2009-05-20,9.848302841186523,9.848302841186523,9.848302841186523,9.848302841186523,0.0
2009-05-21,9.848302841186523,9.848302841186523,9.848302841186523,9.848302841186523,0.0
2009-05-22,9.848302841186523,9.848302841186523,9.848302841186523,9.848302841186523,0.0
2009-05-26,9.848302841186523,9.848302841186523,9.848302841186523,9.848302841186523,0.0
2009-05-27,9.848302841186523,9.848302841186523,9.848302841186523,9.848302841186523,0.0
2009-05-28,9.848302841186523,9.848302841186523,9.848302841186523,9.848302841186523,0.0
2009-05-29,9.848302841186523,9.848302841186523,9.848302841186523,9.848302841186523,0.0
2009-06-01,9.848302841186523,9.848302841186523,9.848302841186523,9.848302841186523,0.0
2009-06-02,9.848302841186523,9.848302841186523,9.848302841186523,9.848302841186523,0.0
2009-06-03,9.848302841186523,9.848302841186523,9.848302841186523,9.848302841186523,0.0
2009-06-04,9.848302841186523,9.848302841186523,9.848302841186523,9.848302841186523,0.0
2009-06-05,9.848302841186523,9.848302841186523,9.848302841186523,9.848302841186523,0.0
2009-06-08,9.848302841186523,9.848302841186523,9.848302841186523,9.848302841186523,0.0
2009-06-09,9.848302841186523,9.848302841186523,9.848302841186523,9.848302841186523,0.0
2009-06-10,9.848302841186523,9.848302841186523,9.848302841186523,9.848302841186523,0.0
2009-06-11,9.848302841186523,9.848302841186523,9.848302841186523,9.848302841186523,0.0
2009-06-12,9.848302841186523,9.848302841186523,9.848302841186523,9.848302841186523,0.0
2009-06-15,9.848302841186523,9.848302841186523,9.848302841186523,9.848302841186523,0.0
2009-06-16,9.848302841186523,9.848302841186523,9.848302841186523,9.848302841186523,0.0
2009-06-17,9.848302841186523,9.848302841186523,9.848302841186523,9.848302841186523,0.0
2009-06-18,9.848302841186523,9.848302841186523,9.848302841186523,9.848302841186523,0.0
2009-06-19,9.848302841186523,9.848302841186523,9.848302841186523,9.848302841186523,0.0
2009-06-22,9.848302841186523,9.848302841186523,9.848302841186523,9.848302841186523,0.0
2009-06-23,9.848302841186523,9.848302841186523,9.848302841186523,9.848302841186523,0.0
2009-06-24,9.848302841186523,9.848302841186523,9.848302841186523,9.848302841186523,0.0
2009-06-25,9.848302841186523,9.848302841186523,9.848302841186523,9.848302841186523,0.0
2009-06-26,9.848302841186523,9.848302841186523,9.848302841186523,9.848302841186523,0.0
2009-06-29,9.848302841186523,9.848302841186523,9.848302841186523,9.848302841186523,0.0
2009-06-30,9.848302841186523,9.848302841186523,9.848302841186523,9.848302841186523,0.0
2009-07-01,9.848302841186523,9.848302841186523,9.848302841186523,9.848302841186523,0.0
2009-07-02,9.848302841186523,9.848302841186523,9.848302841186523,9.848302841186523,0.0
2009-07-06,9.848302841186523,9.848302841186523,9.848302841186523,9.848302841186523,0.0
2009-07-07,9.848302841186523,9.848302841186523,9.848302841186523,9.848302841186523,0.0
2009-07-08,9.848302841186523,9.848302841186523,9.848302841186523,9.848302841186523,0.0
2009-07-09,9.848302841186523,9.848302841186523,9.848302841186523,9.848302841186523,0.0
2009-07-10,9.848302841186523,9.848302841186523,9.848302841186523,9.848302841186523,0.0
2009-07-13,9.848302841186523,9.848302841186523,9.848302841186523,9.848302841186523,0.0
2009-07-14,9.848302841186523,9.848302841186523,9.848302841186523,9.848302841186523,0.0
2009-07-15,4.72519588470459,4.72519588470459,4.72519588470459,4.72519588470459,200.0
2009-07-16,4.72519588470459,4.72519588470459,4.72519588470459,4.72519588470459,0.0
2009-07-17,4.72519588470459,4.72519588470459,4.72519588470459,4.72519588470459,400.0
2009-07-20,4.72519588470459,4.72519588470459,4.72519588470459,4.72519588470459,0.0
2009-07-21,4.72519588470459,4.72519588470459,4.72519588470459,4.72519588470459,0.0
2009-07-22,4.72519588470459,4.72519588470459,4.72519588470459,4.72519588470459,0.0
2009-07-23,4.72519588470459,4.72519588470459,4.72519588470459,4.72519588470459,0.0
2009-07-24,4.72519588470459,4.72519588470459,4.72519588470459,4.72519588470459,0.0
2009-07-27,4.72519588470459,4.72519588470459,4.72519588470459,4.72519588470459,0.0
2009-07-28,4.72519588470459,4.72519588470459,4.72519588470459,4.72519588470459,0.0
2009-07-29,4.72519588470459,4.72519588470459,4.72519588470459,4.72519588470459,0.0
2009-07-30,4.72519588470459,4.72519588470459,4.72519588470459,4.72519588470459,0.0
2009-07-31,4.72519588470459,4.72519588470459,4.72519588470459,4.72519588470459,0.0
2009-08-03,4.72519588470459,4.72519588470459,4.72519588470459,4.72519588470459,0.0
2009-08-04,4.72519588470459,4.72519588470459,4.72519588470459,4.72519588470459,0.0
2009-08-05,8.9530029296875,8.9530029296875,8.9530029296875,8.9530029296875,400.0
2009-08-06,8.9530029296875,8.9530029296875,8.9530029296875,8.9530029296875,0.0
2009-08-07,8.9530029296875,8.9530029296875,8.9530029296875,8.9530029296875,0.0
2009-08-10,8.9530029296875,8.9530029296875,8.9530029296875,8.9530029296875,0.0
2009-08-11,8.9530029296875,8.9530029296875,8.9530029296875,8.9530029296875,0.0
2009-08-12,8.9530029296875,8.9530029296875,8.9530029296875,8.9530029296875,0.0
2009-08-13,8.9530029296875,8.9530029296875,8.9530029296875,8.9530029296875,0.0
2009-08-14,8.9530029296875,8.9530029296875,8.9530029296875,8.9530029296875,0.0
2009-08-17,8.9530029296875,8.9530029296875,8.9530029296875,8.9530029296875,0.0
2009-08-18,8.9530029296875,8.9530029296875,8.9530029296875,8.9530029296875,0.0
2009-08-19,8.9530029296875,8.9530029296875,8.9530029296875,8.9530029296875,0.0
2009-08-20,8.9530029296875,8.9530029296875,8.9530029296875,8.9530029296875,0.0
2009-08-21,8.9530029296875,8.9530029296875,8.9530029296875,8.9530029296875,0.0
2009-08-24,8.9530029296875,8.9530029296875,8.9530029296875,8.9530029296875,0.0
2009-08-25,8.9530029296875,8.9530029296875,8.9530029296875,8.9530029296875,0.0
2009-08-26,8.9530029296875,8.9530029296875,8.9530029296875,8.9530029296875,0.0
2009-08-27,8.9530029296875,8.9530029296875,8.9530029296875,8.9530029296875,0.0
2009-08-28,8.9530029296875,8.9530029296875,8.9530029296875,8.9530029296875,0.0
2009-08-31,8.9530029296875,8.9530029296875,8.9530029296875,8.9530029296875,0.0
2009-09-01,8.9530029296875,8.9530029296875,8.9530029296875,8.9530029296875,0.0
2009-09-02,8.9530029296875,8.9530029296875,8.9530029296875,8.9530029296875,0.0
2009-09-03,8.9530029296875,8.9530029296875,8.9530029296875,8.9530029296875,0.0
2009-09-04,8.9530029296875,8.9530029296875,8.9530029296875,8.9530029296875,0.0
2009-09-08,8.9530029296875,8.9530029296875,8.9530029296875,8.9530029296875,0.0
2009-09-09,8.9530029296875,8.9530029296875,8.9530029296875,8.9530029296875,0.0
2009-09-10,8.9530029296875,8.9530029296875,8.9530029296875,8.9530029296875,0.0
2009-09-11,8.9530029296875,8.9530029296875,8.9530029296875,8.9530029296875,0.0
2009-09-14,8.9530029296875,8.9530029296875,8.9530029296875,8.9530029296875,0.0
2009-09-15,8.9530029296875,8.9530029296875,8.9530029296875,8.9530029296875,0.0
2009-09-16,8.9530029296875,8.9530029296875,8.9530029296875,8.9530029296875,0.0
2009-09-17,8.9530029296875,8.9530029296875,8.9530029296875,8.9530029296875,0.0
2009-09-18,8.9530029296875,8.9530029296875,8.9530029296875,8.9530029296875,0.0
2009-09-21,8.9530029296875,8.9530029296875,8.9530029296875,8.9530029296875,0.0
2009-09-22,8.9530029296875,8.9530029296875,8.9530029296875,8.9530029296875,0.0
2009-09-23,8.9530029296875,8.9530029296875,8.9530029296875,8.9530029296875,0.0
2009-09-24,8.9530029296875,8.9530029296875,8.9530029296875,8.9530029296875,0.0
2009-09-25,8.9530029296875,8.9530029296875,8.9530029296875,8.9530029296875,0.0
2009-09-28,8.9530029296875,8.9530029296875,8.9530029296875,8.9530029296875,0.0
2009-09-29,8.9530029296875,8.9530029296875,8.9530029296875,8.9530029296875,0.0
2009-09-30,8.9530029296875,8.9530029296875,8.9530029296875,8.9530029296875,0.0
2009-10-01,8.9530029296875,8.9530029296875,8.9530029296875,8.9530029296875,0.0
2009-10-02,8.9530029296875,8.9530029296875,8.9530029296875,8.9530029296875,0.0
2009-10-05,8.9530029296875,8.9530029296875,8.9530029296875,8.9530029296875,0.0
2009-10-06,8.9530029296875,8.9530029296875,8.9530029296875,8.9530029296875,0.0
2009-10-07,8.9530029296875,8.9530029296875,8.9530029296875,8.9530029296875,0.0
2009-10-08,8.9530029296875,8.9530029296875,8.9530029296875,8.9530029296875,0.0
2009-10-09,8.9530029296875,8.9530029296875,8.9530029296875,8.9530029296875,0.0
2009-10-12,8.9530029296875,8.9530029296875,8.9530029296875,8.9530029296875,0.0
2009-10-13,8.9530029296875,8.9530029296875,8.9530029296875,8.9530029296875,0.0
2009-10-14,8.9530029296875,8.9530029296875,8.9530029296875,8.9530029296875,0.0
2009-10-15,8.9530029296875,8.9530029296875,8.9530029296875,8.9530029296875,0.0
2009-10-16,8.9530029296875,8.9530029296875,8.9530029296875,8.9530029296875,0.0
2009-10-19,8.9530029296875,8.9530029296875,8.9530029296875,8.9530029296875,0.0
2009-10-20,8.9530029296875,8.9530029296875,8.9530029296875,8.9530029296875,0.0
2009-10-21,8.9530029296875,8.9530029296875,8.9530029296875,8.9530029296875,0.0
2009-10-22,8.9530029296875,8.9530029296875,8.9530029296875,8.9530029296875,0.0
2009-10-23,8.9530029296875,8.9530029296875,8.9530029296875,8.9530029296875,0.0
2009-10-26,8.9530029296875,8.9530029296875,8.9530029296875,8.9530029296875,0.0
2009-10-27,8.9530029296875,8.9530029296875,8.9530029296875,8.9530029296875,0.0
2009-10-28,8.9530029296875,8.9530029296875,8.9530029296875,8.9530029296875,0.0
2009-10-29,8.9530029296875,8.9530029296875,8.9530029296875,8.9530029296875,0.0
2009-10-30,8.9530029296875,8.9530029296875,8.9530029296875,8.9530029296875,0.0
2009-11-02,8.9530029296875,8.9530029296875,8.9530029296875,8.9530029296875,0.0
2009-11-03,8.9530029296875,8.9530029296875,8.9530029296875,8.9530029296875,0.0
2009-11-04,8.9530029296875,8.9530029296875,8.9530029296875,8.9530029296875,0.0
2009-11-05,8.9530029296875,8.9530029296875,8.9530029296875,8.9530029296875,0.0
2009-11-06,8.9530029296875,8.9530029296875,8.9530029296875,8.9530029296875,0.0
2009-11-09,8.9530029296875,8.9530029296875,8.9530029296875,8.9530029296875,0.0
2009-11-10,8.9530029296875,8.9530029296875,8.9530029296875,8.9530029296875,0.0
2009-11-11,8.9530029296875,8.9530029296875,8.9530029296875,8.9530029296875,0.0
2009-11-12,8.9530029296875,8.9530029296875,8.9530029296875,8.9530029296875,0.0
2009-11-13,8.9530029296875,8.9530029296875,8.9530029296875,8.9530029296875,0.0
2009-11-16,8.9530029296875,8.9530029296875,8.9530029296875,8.9530029296875,0.0
2009-11-17,8.9530029296875,8.9530029296875,8.9530029296875,8.9530029296875,0.0
2009-11-18,8.9530029296875,8.9530029296875,8.9530029296875,8.9530029296875,0.0
2009-11-19,8.9530029296875,8.9530029296875,8.9530029296875,8.9530029296875,0.0
2009-11-20,8.9530029296875,8.9530029296875,8.9530029296875,8.9530029296875,0.0
2009-11-23,8.9530029296875,8.9530029296875,8.9530029296875,8.9530029296875,0.0
2009-11-24,8.9530029296875,8.9530029296875,8.9530029296875,8.9530029296875,0.0
2009-11-25,8.9530029296875,8.9530029296875,8.9530029296875,8.9530029296875,0.0
2009-11-27,8.9530029296875,8.9530029296875,8.9530029296875,8.9530029296875,0.0
2009-11-30,8.9530029296875,8.9530029296875,8.9530029296875,8.9530029296875,0.0
2009-12-01,8.9530029296875,8.9530029296875,8.9530029296875,8.9530029296875,0.0
2009-12-02,8.9530029296875,8.9530029296875,8.9530029296875,8.9530029296875,0.0
2009-12-03,8.9530029296875,8.9530029296875,8.9530029296875,8.9530029296875,0.0
2009-12-04,8.9530029296875,8.9530029296875,8.9530029296875,8.9530029296875,0.0
2009-12-07,8.9530029296875,8.9530029296875,8.9530029296875,8.9530029296875,0.0
2009-12-08,8.9530029296875,8.9530029296875,8.9530029296875,8.9530029296875,0.0
2009-12-09,8.9530029296875,8.9530029296875,8.9530029296875,8.9530029296875,0.0
2009-12-10,8.9530029296875,8.9530029296875,8.9530029296875,8.9530029296875,0.0
2009-12-11,8.9530029296875,8.9530029296875,8.9530029296875,8.9530029296875,0.0
2009-12-14,8.9530029296875,8.9530029296875,8.9530029296875,8.9530029296875,0.0
2009-12-15,8.9530029296875,8.9530029296875,8.9530029296875,8.9530029296875,0.0
2009-12-16,8.9530029296875,8.9530029296875,8.9530029296875,8.9530029296875,0.0
2009-12-17,8.9530029296875,8.9530029296875,8.9530029296875,8.9530029296875,0.0
2009-12-18,8.9530029296875,8.9530029296875,8.9530029296875,8.9530029296875,0.0
2009-12-21,8.9530029296875,8.9530029296875,8.9530029296875,8.9530029296875,0.0
2009-12-22,8.9530029296875,8.9530029296875,8.9530029296875,8.9530029296875,0.0
2009-12-23,8.9530029296875,8.9530029296875,8.9530029296875,8.9530029296875,0.0
2009-12-24,8.9530029296875,8.9530029296875,8.9530029296875,8.9530029296875,0.0
2009-12-28,8.9530029296875,8.9530029296875,8.9530029296875,8.9530029296875,0.0
2009-12-29,8.9530029296875,8.9530029296875,8.9530029296875,8.9530029296875,0.0
2009-12-30,8.9530029296875,8.9530029296875,8.9530029296875,8.9530029296875,0.0
2009-12-31,8.9530029296875,8.9530029296875,8.9530029296875,8.9530029296875,0.0
2010-01-04,8.9530029296875,8.9530029296875,8.9530029296875,8.9530029296875,0.0
2010-01-05,8.9530029296875,8.9530029296875,8.9530029296875,8.9530029296875,0.0
2010-01-06,8.9530029296875,8.9530029296875,8.9530029296875,8.9530029296875,0.0
2010-01-07,8.9530029296875,8.9530029296875,8.9530029296875,8.9530029296875,0.0
2010-01-08,8.9530029296875,8.9530029296875,8.9530029296875,8.9530029296875,0.0
2010-01-11,8.9530029296875,8.9530029296875,8.9530029296875,8.9530029296875,0.0
2010-01-12,8.9530029296875,8.9530029296875,8.9530029296875,8.9530029296875,0.0
2010-01-13,8.9530029296875,8.9530029296875,8.9530029296875,8.9530029296875,0.0
2010-01-14,8.9530029296875,8.9530029296875,8.9530029296875,8.9530029296875,0.0
2010-01-15,8.9530029296875,8.9530029296875,8.9530029296875,8.9530029296875,0.0
2010-01-19,8.9530029296875,8.9530029296875,8.9530029296875,8.9530029296875,0.0
2010-01-20,8.9530029296875,8.9530029296875,8.9530029296875,8.9530029296875,0.0
2010-01-21,8.9530029296875,8.9530029296875,8.9530029296875,8.9530029296875,0.0
2010-01-22,8.9530029296875,8.9530029296875,8.9530029296875,8.9530029296875,0.0
2010-01-25,8.9530029296875,8.9530029296875,8.9530029296875,8.9530029296875,0.0
2010-01-26,8.9530029296875,8.9530029296875,8.9530029296875,8.9530029296875,0.0
2010-01-27,8.9530029296875,8.9530029296875,8.9530029296875,8.9530029296875,0.0
2010-01-28,8.9530029296875,8.9530029296875,8.9530029296875,8.9530029296875,0.0
2010-01-29,8.9530029296875,8.9530029296875,8.9530029296875,8.9530029296875,0.0
2010-02-01,8.9530029296875,8.9530029296875,8.9530029296875,8.9530029296875,0.0
2010-02-02,8.9530029296875,8.9530029296875,8.9530029296875,8.9530029296875,0.0
2010-02-03,8.9530029296875,8.9530029296875,8.9530029296875,8.9530029296875,0.0
2010-02-04,8.9530029296875,8.9530029296875,8.9530029296875,8.9530029296875,0.0
2010-02-05,8.9530029296875,8.9530029296875,8.9530029296875,8.9530029296875,0.0
2010-02-08,8.9530029296875,8.9530029296875,8.9530029296875,8.9530029296875,0.0
2010-02-09,8.9530029296875,8.9530029296875,8.9530029296875,8.9530029296875,0.0
2010-02-10,8.45561408996582,8.45561408996582,8.45561408996582,8.45561408996582,100.0
2010-02-11,8.45561408996582,8.45561408996582,8.45561408996582,8.45561408996582,0.0
2010-02-12,8.45561408996582,8.45561408996582,8.45561408996582,8.45561408996582,0.0
2010-02-16,8.45561408996582,8.45561408996582,8.45561408996582,8.45561408996582,0.0
2010-02-17,8.45561408996582,8.45561408996582,8.45561408996582,8.45561408996582,0.0
2010-02-18,8.45561408996582,8.45561408996582,8.45561408996582,8.45561408996582,0.0
2010-02-19,8.45561408996582,8.45561408996582,8.45561408996582,8.45561408996582,0.0
2010-02-22,8.45561408996582,8.45561408996582,8.45561408996582,8.45561408996582,0.0
2010-02-23,8.45561408996582,8.45561408996582,8.45561408996582,8.45561408996582,0.0
2010-02-24,8.45561408996582,8.45561408996582,8.45561408996582,8.45561408996582,0.0
2010-02-25,8.45561408996582,8.45561408996582,8.45561408996582,8.45561408996582,0.0
2010-02-26,8.45561408996582,8.45561408996582,8.45561408996582,8.45561408996582,0.0
2010-03-01,8.45561408996582,8.45561408996582,8.45561408996582,8.45561408996582,0.0
2010-03-02,8.45561408996582,8.45561408996582,8.45561408996582,8.45561408996582,0.0
2010-03-03,8.45561408996582,8.45561408996582,8.45561408996582,8.45561408996582,0.0
2010-03-04,8.45561408996582,8.45561408996582,8.45561408996582,8.45561408996582,0.0
2010-03-05,8.45561408996582,8.45561408996582,8.45561408996582,8.45561408996582,0.0
2010-03-08,8.45561408996582,8.45561408996582,8.45561408996582,8.45561408996582,0.0
2010-03-09,8.45561408996582,8.45561408996582,8.45561408996582,8.45561408996582,0.0
2010-03-10,8.45561408996582,8.45561408996582,8.45561408996582,8.45561408996582,0.0
2010-03-11,8.45561408996582,8.45561408996582,8.45561408996582,8.45561408996582,0.0
2010-03-12,8.45561408996582,8.45561408996582,8.45561408996582,8.45561408996582,0.0
2010-03-15,8.45561408996582,8.45561408996582,8.45561408996582,8.45561408996582,0.0
2010-03-16,8.45561408996582,8.45561408996582,8.45561408996582,8.45561408996582,0.0
2010-03-17,8.45561408996582,8.45561408996582,8.45561408996582,8.45561408996582,0.0
2010-03-18,8.45561408996582,8.45561408996582,8.45561408996582,8.45561408996582,0.0
2010-03-19,8.45561408996582,8.45561408996582,8.45561408996582,8.45561408996582,0.0
2010-03-22,8.45561408996582,8.45561408996582,8.45561408996582,8.45561408996582,0.0
2010-03-23,8.45561408996582,8.45561408996582,8.45561408996582,8.45561408996582,0.0
2010-03-24,8.45561408996582,8.45561408996582,8.45561408996582,8.45561408996582,0.0
2010-03-25,8.45561408996582,8.45561408996582,8.45561408996582,8.45561408996582,0.0
2010-03-26,8.45561408996582,8.45561408996582,8.45561408996582,8.45561408996582,0.0
2010-03-29,8.45561408996582,8.45561408996582,8.45561408996582,8.45561408996582,0.0
2010-03-30,8.45561408996582,8.45561408996582,8.45561408996582,8.45561408996582,0.0
2010-03-31,8.45561408996582,8.45561408996582,8.45561408996582,8.45561408996582,500.0
2010-04-01,8.45561408996582,8.45561408996582,8.45561408996582,8.45561408996582,0.0
2010-04-05,8.45561408996582,8.45561408996582,8.45561408996582,8.45561408996582,0.0
2010-04-06,8.45561408996582,8.45561408996582,8.45561408996582,8.45561408996582,300.0
2010-04-07,8.45561408996582,8.45561408996582,8.45561408996582,8.45561408996582,0.0
2010-04-08,8.45561408996582,8.45561408996582,8.45561408996582,8.45561408996582,0.0
2010-04-09,8.45561408996582,8.45561408996582,8.45561408996582,8.45561408996582,0.0
2010-04-12,8.45561408996582,8.45561408996582,8.45561408996582,8.45561408996582,0.0
2010-04-13,8.45561408996582,8.45561408996582,8.45561408996582,8.45561408996582,0.0
2010-04-14,8.45561408996582,8.45561408996582,8.45561408996582,8.45561408996582,300.0
2010-04-15,8.45561408996582,8.45561408996582,8.45561408996582,8.45561408996582,0.0
2010-04-16,8.45561408996582,8.45561408996582,8.45561408996582,8.45561408996582,0.0
2010-04-19,8.45561408996582,8.45561408996582,8.45561408996582,8.45561408996582,0.0
2010-04-20,8.45561408996582,8.45561408996582,8.45561408996582,8.45561408996582,0.0
2010-04-21,8.45561408996582,8.45561408996582,8.45561408996582,8.45561408996582,0.0
2010-04-22,8.45561408996582,8.45561408996582,8.45561408996582,8.45561408996582,0.0
2010-04-23,8.45561408996582,8.45561408996582,8.45561408996582,8.45561408996582,0.0
2010-04-26,8.45561408996582,8.45561408996582,8.45561408996582,8.45561408996582,0.0
2010-04-27,8.45561408996582,8.45561408996582,8.45561408996582,8.45561408996582,0.0
2010-04-28,8.45561408996582,8.45561408996582,8.45561408996582,8.45561408996582,0.0
2010-04-29,8.45561408996582,8.45561408996582,8.45561408996582,8.45561408996582,0.0
2010-04-30,8.45561408996582,8.45561408996582,8.45561408996582,8.45561408996582,0.0
2010-05-03,8.45561408996582,8.45561408996582,8.45561408996582,8.45561408996582,0.0
2010-05-04,8.45561408996582,8.45561408996582,8.45561408996582,8.45561408996582,0.0
2010-05-05,8.45561408996582,8.45561408996582,8.45561408996582,8.45561408996582,0.0
2010-05-06,8.45561408996582,8.45561408996582,8.45561408996582,8.45561408996582,0.0
2010-05-07,8.45561408996582,8.45561408996582,8.45561408996582,8.45561408996582,0.0
2010-05-10,8.45561408996582,8.45561408996582,8.45561408996582,8.45561408996582,0.0
2010-05-11,8.45561408996582,8.45561408996582,8.45561408996582,8.45561408996582,0.0
2010-05-12,8.45561408996582,8.45561408996582,8.45561408996582,8.45561408996582,0.0
2010-05-13,8.45561408996582,8.45561408996582,8.45561408996582,8.45561408996582,0.0
2010-05-14,8.45561408996582,8.45561408996582,8.45561408996582,8.45561408996582,0.0
2010-05-17,8.45561408996582,8.45561408996582,8.45561408996582,8.45561408996582,0.0
2010-05-18,8.45561408996582,8.45561408996582,8.45561408996582,8.45561408996582,0.0
2010-05-19,8.45561408996582,8.45561408996582,8.45561408996582,8.45561408996582,0.0
2010-05-20,8.45561408996582,8.45561408996582,8.45561408996582,8.45561408996582,0.0
2010-05-21,8.45561408996582,8.45561408996582,8.45561408996582,8.45561408996582,0.0
2010-05-24,8.45561408996582,8.45561408996582,8.45561408996582,8.45561408996582,0.0
2010-05-25,8.45561408996582,8.45561408996582,8.45561408996582,8.45561408996582,0.0
2010-05-26,8.45561408996582,8.45561408996582,8.45561408996582,8.45561408996582,0.0
2010-05-27,8.45561408996582,8.45561408996582,8.45561408996582,8.45561408996582,0.0
2010-05-28,8.45561408996582,8.45561408996582,8.45561408996582,8.45561408996582,0.0
2010-06-01,9.94778060913086,9.94778060913086,9.94778060913086,9.94778060913086,300.0
2010-06-02,9.94778060913086,9.94778060913086,9.94778060913086,9.94778060913086,0.0
2010-06-03,9.94778060913086,9.94778060913086,9.94778060913086,9.94778060913086,0.0
2010-06-04,9.94778060913086,9.94778060913086,9.94778060913086,9.94778060913086,0.0
2010-06-07,9.94778060913086,9.94778060913086,9.94778060913086,9.94778060913086,0.0
2010-06-08,9.94778060913086,9.94778060913086,9.94778060913086,9.94778060913086,0.0
2010-06-09,9.94778060913086,9.94778060913086,9.94778060913086,9.94778060913086,0.0
2010-06-10,9.94778060913086,9.94778060913086,9.94778060913086,9.94778060913086,0.0
2010-06-11,9.94778060913086,9.94778060913086,9.94778060913086,9.94778060913086,0.0
2010-06-14,9.94778060913086,9.94778060913086,9.94778060913086,9.94778060913086,0.0
2010-06-15,9.94778060913086,9.94778060913086,9.94778060913086,9.94778060913086,0.0
2010-06-16,9.94778060913086,9.94778060913086,9.94778060913086,9.94778060913086,0.0
2010-06-17,9.94778060913086,9.94778060913086,9.94778060913086,9.94778060913086,0.0
2010-06-18,9.94778060913086,9.94778060913086,9.94778060913086,9.94778060913086,0.0
2010-06-21,9.94778060913086,9.94778060913086,9.94778060913086,9.94778060913086,0.0
2010-06-22,9.94778060913086,9.94778060913086,9.94778060913086,9.94778060913086,0.0
2010-06-23,9.94778060913086,9.94778060913086,9.94778060913086,9.94778060913086,0.0
2010-06-24,9.94778060913086,9.94778060913086,9.94778060913086,9.94778060913086,0.0
2010-06-25,9.94778060913086,9.94778060913086,9.94778060913086,9.94778060913086,0.0
2010-06-28,9.94778060913086,9.94778060913086,9.94778060913086,9.94778060913086,0.0
2010-06-29,9.94778060913086,9.94778060913086,9.94778060913086,9.94778060913086,0.0
2010-06-30,9.94778060913086,9.94778060913086,9.94778060913086,9.94778060913086,0.0
2010-07-01,9.94778060913086,9.94778060913086,9.94778060913086,9.94778060913086,0.0
2010-07-02,9.94778060913086,9.94778060913086,9.94778060913086,9.94778060913086,800.0
2010-07-06,9.94778060913086,9.94778060913086,9.94778060913086,9.94778060913086,0.0
2010-07-07,9.94778060913086,9.94778060913086,9.94778060913086,9.94778060913086,0.0
2010-07-08,9.94778060913086,9.94778060913086,9.94778060913086,9.94778060913086,0.0
2010-07-09,9.94778060913086,9.94778060913086,9.94778060913086,9.94778060913086,0.0
2010-07-12,9.94778060913086,9.94778060913086,9.94778060913086,9.94778060913086,0.0
2010-07-13,9.94778060913086,9.94778060913086,9.94778060913086,9.94778060913086,0.0
2010-07-14,9.94778060913086,9.94778060913086,9.94778060913086,9.94778060913086,0.0
2010-07-15,9.94778060913086,9.94778060913086,9.94778060913086,9.94778060913086,0.0
2010-07-16,9.94778060913086,9.94778060913086,9.94778060913086,9.94778060913086,0.0
2010-07-19,9.94778060913086,9.94778060913086,9.94778060913086,9.94778060913086,0.0
2010-07-20,9.94778060913086,9.94778060913086,9.94778060913086,9.94778060913086,0.0
2010-07-21,9.94778060913086,9.94778060913086,9.94778060913086,9.94778060913086,0.0
2010-07-22,9.94778060913086,9.94778060913086,9.94778060913086,9.94778060913086,0.0
2010-07-23,9.94778060913086,9.94778060913086,9.94778060913086,9.94778060913086,0.0
2010-07-26,9.95772933959961,9.95772933959961,9.95772933959961,9.95772933959961,500.0
2010-07-27,9.95772933959961,9.95772933959961,9.95772933959961,9.95772933959961,0.0
2010-07-28,9.95772933959961,9.95772933959961,9.95772933959961,9.95772933959961,0.0
2010-07-29,9.95772933959961,9.95772933959961,9.95772933959961,9.95772933959961,0.0
2010-07-30,9.95772933959961,9.95772933959961,9.95772933959961,9.95772933959961,0.0
2010-08-02,9.95772933959961,9.95772933959961,9.95772933959961,9.95772933959961,0.0
2010-08-03,9.95772933959961,9.95772933959961,9.95772933959961,9.95772933959961,0.0
2010-08-04,9.95772933959961,9.95772933959961,9.95772933959961,9.95772933959961,0.0
2010-08-05,9.95772933959961,9.95772933959961,9.95772933959961,9.95772933959961,0.0
2010-08-06,9.95772933959961,9.95772933959961,9.95772933959961,9.95772933959961,0.0
2010-08-09,9.95772933959961,9.95772933959961,9.95772933959961,9.95772933959961,0.0
2010-08-10,9.95772933959961,9.95772933959961,9.95772933959961,9.95772933959961,0.0
2010-08-11,9.95772933959961,9.95772933959961,9.95772933959961,9.95772933959961,0.0
2010-08-12,9.95772933959961,9.95772933959961,9.95772933959961,9.95772933959961,0.0
2010-08-13,9.95772933959961,9.95772933959961,9.95772933959961,9.95772933959961,0.0
2010-08-16,9.94778060913086,9.94778060913086,9.94778060913086,9.94778060913086,300.0
2010-08-17,9.94778060913086,9.94778060913086,9.94778060913086,9.94778060913086,0.0
2010-08-18,9.94778060913086,9.94778060913086,9.94778060913086,9.94778060913086,0.0
2010-08-19,9.94778060913086,9.94778060913086,9.94778060913086,9.94778060913086,0.0
2010-08-20,9.94778060913086,9.94778060913086,9.94778060913086,9.94778060913086,0.0
2010-08-23,9.94778060913086,9.94778060913086,9.94778060913086,9.94778060913086,0.0
2010-08-24,9.94778060913086,9.94778060913086,9.94778060913086,9.94778060913086,0.0
2010-08-25,9.94778060913086,9.94778060913086,9.94778060913086,9.94778060913086,0.0
2010-08-26,9.94778060913086,9.94778060913086,9.94778060913086,9.94778060913086,0.0
2010-08-27,9.94778060913086,9.94778060913086,9.94778060913086,9.94778060913086,0.0
2010-08-30,9.94778060913086,9.94778060913086,9.94778060913086,9.94778060913086,0.0
2010-08-31,9.94778060913086,9.94778060913086,9.94778060913086,9.94778060913086,0.0
2010-09-01,9.94778060913086,9.94778060913086,9.94778060913086,9.94778060913086,0.0
2010-09-02,9.94778060913086,9.94778060913086,9.94778060913086,9.94778060913086,0.0
2010-09-03,9.94778060913086,9.94778060913086,9.94778060913086,9.94778060913086,0.0
2010-09-07,9.94778060913086,9.94778060913086,9.94778060913086,9.94778060913086,0.0
2010-09-08,9.94778060913086,9.94778060913086,9.94778060913086,9.94778060913086,0.0
2010-09-09,9.94778060913086,9.94778060913086,9.94778060913086,9.94778060913086,0.0
2010-09-10,9.94778060913086,9.94778060913086,9.94778060913086,9.94778060913086,0.0
2010-09-13,9.94778060913086,9.94778060913086,9.94778060913086,9.94778060913086,0.0
2010-09-14,9.94778060913086,9.94778060913086,9.94778060913086,9.94778060913086,0.0
2010-09-15,9.94778060913086,9.94778060913086,9.94778060913086,9.94778060913086,0.0
2010-09-16,9.94778060913086,9.94778060913086,9.94778060913086,9.94778060913086,0.0
2010-09-17,9.94778060913086,9.94778060913086,9.94778060913086,9.94778060913086,0.0
2010-09-20,9.94778060913086,9.94778060913086,9.94778060913086,9.94778060913086,0.0
2010-09-21,9.94778060913086,9.94778060913086,9.94778060913086,9.94778060913086,0.0
2010-09-22,9.94778060913086,9.94778060913086,9.94778060913086,9.94778060913086,0.0
2010-09-23,9.94778060913086,9.94778060913086,9.94778060913086,9.94778060913086,0.0
2010-09-24,9.94778060913086,9.94778060913086,9.94778060913086,9.94778060913086,0.0
2010-09-27,9.94778060913086,9.94778060913086,9.94778060913086,9.94778060913086,0.0
2010-09-28,9.94778060913086,9.94778060913086,9.94778060913086,9.94778060913086,0.0
2010-09-29,9.94778060913086,9.94778060913086,9.94778060913086,9.94778060913086,0.0
2010-09-30,9.94778060913086,9.94778060913086,9.94778060913086,9.94778060913086,0.0
2010-10-01,9.94778060913086,9.94778060913086,9.94778060913086,9.94778060913086,0.0
2010-10-04,9.94778060913086,9.94778060913086,9.94778060913086,9.94778060913086,0.0
2010-10-05,9.94778060913086,9.94778060913086,9.94778060913086,9.94778060913086,0.0
2010-10-06,9.94778060913086,9.94778060913086,9.94778060913086,9.94778060913086,0.0
2010-10-07,9.94778060913086,9.94778060913086,9.94778060913086,9.94778060913086,0.0
2010-10-08,9.94778060913086,9.94778060913086,9.94778060913086,9.94778060913086,0.0
2010-10-11,9.94778060913086,9.94778060913086,9.94778060913086,9.94778060913086,0.0
2010-10-12,9.94778060913086,9.94778060913086,9.94778060913086,9.94778060913086,0.0
2010-10-13,9.94778060913086,9.94778060913086,9.94778060913086,9.94778060913086,0.0
2010-10-14,9.94778060913086,9.94778060913086,9.94778060913086,9.94778060913086,0.0
2010-10-15,9.94778060913086,9.94778060913086,9.94778060913086,9.94778060913086,0.0
2010-10-18,9.94778060913086,9.94778060913086,9.94778060913086,9.94778060913086,0.0
2010-10-19,9.94778060913086,9.94778060913086,9.94778060913086,9.94778060913086,0.0
2010-10-20,9.94778060913086,9.94778060913086,9.94778060913086,9.94778060913086,0.0
2010-10-21,9.94778060913086,9.94778060913086,9.94778060913086,9.94778060913086,0.0
2010-10-22,9.94778060913086,9.94778060913086,9.94778060913086,9.94778060913086,0.0
2010-10-25,9.94778060913086,9.94778060913086,9.94778060913086,9.94778060913086,0.0
2010-10-26,9.94778060913086,9.94778060913086,9.94778060913086,9.94778060913086,0.0
2010-10-27,9.94778060913086,9.94778060913086,9.94778060913086,9.94778060913086,0.0
2010-10-28,9.94778060913086,9.94778060913086,9.94778060913086,9.94778060913086,0.0
2010-10-29,9.94778060913086,9.94778060913086,9.94778060913086,9.94778060913086,0.0
2010-11-01,9.94778060913086,9.94778060913086,9.94778060913086,9.94778060913086,0.0
2010-11-02,9.94778060913086,9.94778060913086,9.94778060913086,9.94778060913086,0.0
2010-11-03,9.94778060913086,9.94778060913086,9.94778060913086,9.94778060913086,0.0
2010-11-04,9.94778060913086,9.94778060913086,9.94778060913086,9.94778060913086,0.0
2010-11-05,9.94778060913086,9.94778060913086,9.94778060913086,9.94778060913086,0.0
2010-11-08,9.94778060913086,9.94778060913086,9.94778060913086,9.94778060913086,0.0
2010-11-09,9.94778060913086,9.94778060913086,9.94778060913086,9.94778060913086,0.0
2010-11-10,9.94778060913086,9.94778060913086,9.94778060913086,9.94778060913086,0.0
2010-11-11,9.94778060913086,9.94778060913086,9.94778060913086,9.94778060913086,0.0
2010-11-12,9.94778060913086,9.94778060913086,9.94778060913086,9.94778060913086,0.0
2010-11-15,9.94778060913086,9.94778060913086,9.94778060913086,9.94778060913086,0.0
2010-11-16,9.94778060913086,9.94778060913086,9.94778060913086,9.94778060913086,0.0
2010-11-17,9.94778060913086,9.94778060913086,9.94778060913086,9.94778060913086,0.0
2010-11-18,9.94778060913086,9.94778060913086,9.94778060913086,9.94778060913086,0.0
2010-11-19,9.94778060913086,9.94778060913086,9.94778060913086,9.94778060913086,0.0
2010-11-22,9.94778060913086,9.94778060913086,9.94778060913086,9.94778060913086,0.0
2010-11-23,9.94778060913086,9.94778060913086,9.94778060913086,9.94778060913086,0.0
2010-11-24,9.94778060913086,9.94778060913086,9.94778060913086,9.94778060913086,0.0
2010-11-26,9.94778060913086,9.94778060913086,9.94778060913086,9.94778060913086,0.0
2010-11-29,9.94778060913086,9.94778060913086,9.94778060913086,9.94778060913086,0.0
2010-11-30,9.94778060913086,9.94778060913086,9.94778060913086,9.94778060913086,0.0
2010-12-01,9.94778060913086,9.94778060913086,9.94778060913086,9.94778060913086,0.0
2010-12-02,9.94778060913086,9.94778060913086,9.94778060913086,9.94778060913086,0.0
2010-12-03,9.94778060913086,9.94778060913086,9.94778060913086,9.94778060913086,0.0
2010-12-06,9.94778060913086,9.94778060913086,9.94778060913086,9.94778060913086,0.0
2010-12-07,9.94778060913086,9.94778060913086,9.94778060913086,9.94778060913086,0.0
2010-12-08,9.94778060913086,9.94778060913086,9.94778060913086,9.94778060913086,0.0
2010-12-09,9.94778060913086,9.94778060913086,9.94778060913086,9.94778060913086,0.0
2010-12-10,9.94778060913086,9.94778060913086,9.94778060913086,9.94778060913086,0.0
2010-12-13,9.94778060913086,9.94778060913086,9.94778060913086,9.94778060913086,0.0
2010-12-14,9.94778060913086,9.94778060913086,9.94778060913086,9.94778060913086,0.0
2010-12-15,9.94778060913086,9.94778060913086,9.94778060913086,9.94778060913086,0.0
2010-12-16,9.94778060913086,9.94778060913086,9.94778060913086,9.94778060913086,0.0
2010-12-17,5.182794094085693,5.182794094085693,5.182794094085693,5.182794094085693,0.0
2010-12-20,5.182794094085693,5.182794094085693,5.182794094085693,5.182794094085693,0.0
2010-12-21,5.182794094085693,5.182794094085693,5.182794094085693,5.182794094085693,0.0
2010-12-22,5.182794094085693,5.182794094085693,5.182794094085693,5.182794094085693,0.0
2010-12-23,5.182794094085693,5.182794094085693,5.182794094085693,5.182794094085693,0.0
2010-12-27,5.182794094085693,5.182794094085693,5.182794094085693,5.182794094085693,0.0
2010-12-28,5.182794094085693,5.182794094085693,5.182794094085693,5.182794094085693,0.0
2010-12-29,5.182794094085693,5.182794094085693,5.182794094085693,5.182794094085693,0.0
2010-12-30,5.182794094085693,5.182794094085693,5.182794094085693,5.182794094085693,0.0
2010-12-31,5.182794094085693,5.182794094085693,5.182794094085693,5.182794094085693,0.0
2011-01-03,5.182794094085693,5.182794094085693,5.182794094085693,5.182794094085693,0.0
2011-01-04,5.182794094085693,5.182794094085693,5.182794094085693,5.182794094085693,0.0
2011-01-05,5.182794094085693,5.182794094085693,5.182794094085693,5.182794094085693,0.0
2011-01-06,5.182794094085693,5.182794094085693,5.182794094085693,5.182794094085693,0.0
2011-01-07,5.182794094085693,5.182794094085693,5.182794094085693,5.182794094085693,0.0
2011-01-10,5.182794094085693,5.182794094085693,5.182794094085693,5.182794094085693,0.0
2011-01-11,5.182794094085693,5.182794094085693,5.182794094085693,5.182794094085693,0.0
2011-01-12,5.182794094085693,5.182794094085693,5.182794094085693,5.182794094085693,0.0
2011-01-13,5.182794094085693,5.182794094085693,5.182794094085693,5.182794094085693,0.0
2011-01-14,5.182794094085693,5.182794094085693,5.182794094085693,5.182794094085693,0.0
2011-01-18,5.182794094085693,5.182794094085693,5.182794094085693,5.182794094085693,0.0
2011-01-19,5.182794094085693,5.182794094085693,5.182794094085693,5.182794094085693,0.0
2011-01-20,5.182794094085693,5.182794094085693,5.182794094085693,5.182794094085693,0.0
2011-01-21,5.182794094085693,5.182794094085693,5.182794094085693,5.182794094085693,0.0
2011-01-24,5.182794094085693,5.182794094085693,5.182794094085693,5.182794094085693,0.0
2011-01-25,5.182794094085693,5.182794094085693,5.182794094085693,5.182794094085693,0.0
2011-01-26,5.182794094085693,5.182794094085693,5.182794094085693,5.182794094085693,0.0
2011-01-27,5.182794094085693,5.182794094085693,5.182794094085693,5.182794094085693,0.0
2011-01-28,5.182794094085693,5.182794094085693,5.182794094085693,5.182794094085693,0.0
2011-01-31,5.182794094085693,5.182794094085693,5.182794094085693,5.182794094085693,0.0
2011-02-01,5.182794094085693,5.182794094085693,5.182794094085693,5.182794094085693,0.0
2011-02-02,5.182794094085693,5.182794094085693,5.182794094085693,5.182794094085693,0.0
2011-02-03,5.182794094085693,5.182794094085693,5.182794094085693,5.182794094085693,0.0
2011-02-04,5.182794094085693,5.182794094085693,5.182794094085693,5.182794094085693,0.0
2011-02-07,5.182794094085693,5.182794094085693,5.182794094085693,5.182794094085693,0.0
2011-02-08,5.182794094085693,5.182794094085693,5.182794094085693,5.182794094085693,0.0
2011-02-09,5.182794094085693,5.182794094085693,5.182794094085693,5.182794094085693,0.0
2011-02-10,5.182794094085693,5.182794094085693,5.182794094085693,5.182794094085693,0.0
2011-02-11,5.182794094085693,5.182794094085693,5.182794094085693,5.182794094085693,0.0
2011-02-14,5.182794094085693,5.182794094085693,5.182794094085693,5.182794094085693,0.0
2011-02-15,5.182794094085693,5.182794094085693,5.182794094085693,5.182794094085693,0.0
2011-02-16,5.182794094085693,5.182794094085693,5.182794094085693,5.182794094085693,0.0
2011-02-17,5.182794094085693,5.182794094085693,5.182794094085693,5.182794094085693,0.0
2011-02-18,5.182794094085693,5.182794094085693,5.182794094085693,5.182794094085693,0.0
2011-02-22,5.182794094085693,5.182794094085693,5.182794094085693,5.182794094085693,0.0
2011-02-23,5.182794094085693,5.182794094085693,5.182794094085693,5.182794094085693,0.0
2011-02-24,5.182794094085693,5.182794094085693,5.182794094085693,5.182794094085693,0.0
2011-02-25,5.182794094085693,5.182794094085693,5.182794094085693,5.182794094085693,0.0
2011-02-28,5.182794094085693,5.182794094085693,5.182794094085693,5.182794094085693,0.0
2011-03-01,5.182794094085693,5.182794094085693,5.182794094085693,5.182794094085693,0.0
2011-03-02,5.182794094085693,5.182794094085693,5.182794094085693,5.182794094085693,0.0
2011-03-03,5.182794094085693,5.182794094085693,5.182794094085693,5.182794094085693,0.0
2011-03-04,5.182794094085693,5.182794094085693,5.182794094085693,5.182794094085693,0.0
2011-03-07,5.182794094085693,5.182794094085693,5.182794094085693,5.182794094085693,0.0
2011-03-08,5.182794094085693,5.182794094085693,5.182794094085693,5.182794094085693,0.0
2011-03-09,5.182794094085693,5.182794094085693,5.182794094085693,5.182794094085693,0.0
2011-03-10,5.182794094085693,5.182794094085693,5.182794094085693,5.182794094085693,0.0
2011-03-11,5.182794094085693,5.182794094085693,5.182794094085693,5.182794094085693,0.0
2011-03-14,5.182794094085693,5.182794094085693,5.182794094085693,5.182794094085693,0.0
2011-03-15,5.182794094085693,5.182794094085693,5.182794094085693,5.182794094085693,0.0
2011-03-16,5.182794094085693,5.182794094085693,5.182794094085693,5.182794094085693,0.0
2011-03-17,5.182794094085693,5.182794094085693,5.182794094085693,5.182794094085693,0.0
2011-03-18,5.182794094085693,5.182794094085693,5.182794094085693,5.182794094085693,0.0
2011-03-21,5.182794094085693,5.182794094085693,5.182794094085693,5.182794094085693,0.0
2011-03-22,5.182794094085693,5.182794094085693,5.182794094085693,5.182794094085693,0.0
2011-03-23,5.182794094085693,5.182794094085693,5.182794094085693,5.182794094085693,0.0
2011-03-24,5.182794094085693,5.182794094085693,5.182794094085693,5.182794094085693,0.0
2011-03-25,5.182794094085693,5.182794094085693,5.182794094085693,5.182794094085693,0.0
2011-03-28,5.182794094085693,5.182794094085693,5.182794094085693,5.182794094085693,0.0
2011-03-29,5.182794094085693,5.182794094085693,5.182794094085693,5.182794094085693,0.0
2011-03-30,5.182794094085693,5.182794094085693,5.182794094085693,5.182794094085693,0.0
2011-03-31,5.182794094085693,5.182794094085693,5.182794094085693,5.182794094085693,0.0
2011-04-01,5.182794094085693,5.182794094085693,5.182794094085693,5.182794094085693,0.0
2011-04-04,5.182794094085693,5.182794094085693,5.182794094085693,5.182794094085693,0.0
2011-04-05,5.182794094085693,5.182794094085693,5.182794094085693,5.182794094085693,0.0
2011-04-06,5.182794094085693,5.182794094085693,5.182794094085693,5.182794094085693,0.0
2011-04-07,5.182794094085693,5.182794094085693,5.182794094085693,5.182794094085693,0.0
2011-04-08,5.182794094085693,5.182794094085693,5.182794094085693,5.182794094085693,0.0
2011-04-11,5.182794094085693,5.182794094085693,5.182794094085693,5.182794094085693,0.0
2011-04-12,5.182794094085693,5.182794094085693,5.182794094085693,5.182794094085693,0.0
2011-04-13,5.182794094085693,5.182794094085693,5.182794094085693,5.182794094085693,0.0
2011-04-14,5.182794094085693,5.182794094085693,5.182794094085693,5.182794094085693,0.0
2011-04-15,5.182794094085693,5.182794094085693,5.182794094085693,5.182794094085693,0.0
2011-04-18,5.182794094085693,5.182794094085693,5.182794094085693,5.182794094085693,0.0
2011-04-19,5.182794094085693,5.182794094085693,5.182794094085693,5.182794094085693,0.0
2011-04-20,5.182794094085693,5.182794094085693,5.182794094085693,5.182794094085693,0.0
2011-04-21,5.182794094085693,5.182794094085693,5.182794094085693,5.182794094085693,0.0
2011-04-25,5.182794094085693,5.182794094085693,5.182794094085693,5.182794094085693,0.0
2011-04-26,5.182794094085693,5.182794094085693,5.182794094085693,5.182794094085693,0.0
2011-04-27,5.182794094085693,5.182794094085693,5.182794094085693,5.182794094085693,0.0
2011-04-28,5.182794094085693,5.182794094085693,5.182794094085693,5.182794094085693,0.0
2011-04-29,5.182794094085693,5.182794094085693,5.182794094085693,5.182794094085693,0.0
2011-05-02,5.182794094085693,5.182794094085693,5.182794094085693,5.182794094085693,0.0
2011-05-03,5.182794094085693,5.182794094085693,5.182794094085693,5.182794094085693,0.0
2011-05-04,5.182794094085693,5.182794094085693,5.182794094085693,5.182794094085693,0.0
2011-05-05,5.182794094085693,5.182794094085693,5.182794094085693,5.182794094085693,0.0
2011-05-06,5.182794094085693,5.182794094085693,5.182794094085693,5.182794094085693,0.0
2011-05-09,5.182794094085693,5.182794094085693,5.182794094085693,5.182794094085693,0.0
2011-05-10,5.182794094085693,5.182794094085693,5.182794094085693,5.182794094085693,0.0
2011-05-11,5.182794094085693,5.182794094085693,5.182794094085693,5.182794094085693,0.0
2011-05-12,5.182794094085693,5.182794094085693,5.182794094085693,5.182794094085693,0.0
2011-05-13,5.182794094085693,5.182794094085693,5.182794094085693,5.182794094085693,0.0
2011-05-16,5.182794094085693,5.182794094085693,5.182794094085693,5.182794094085693,0.0
2011-05-17,5.182794094085693,5.182794094085693,5.182794094085693,5.182794094085693,0.0
2011-05-18,5.182794094085693,5.182794094085693,5.182794094085693,5.182794094085693,0.0
2011-05-19,5.182794094085693,5.182794094085693,5.182794094085693,5.182794094085693,0.0
2011-05-20,5.182794094085693,5.182794094085693,5.182794094085693,5.182794094085693,0.0
2011-05-23,5.182794094085693,5.182794094085693,5.182794094085693,5.182794094085693,0.0
2011-05-24,5.182794094085693,5.182794094085693,5.182794094085693,5.182794094085693,0.0
2011-05-25,5.182794094085693,5.182794094085693,5.182794094085693,5.182794094085693,0.0
2011-05-26,5.182794094085693,5.182794094085693,5.182794094085693,5.182794094085693,0.0
2011-05-27,5.182794094085693,5.182794094085693,5.182794094085693,5.182794094085693,0.0
2011-05-31,5.182794094085693,5.182794094085693,5.182794094085693,5.182794094085693,0.0
2011-06-01,5.182794094085693,5.182794094085693,5.182794094085693,5.182794094085693,0.0
2011-06-02,5.182794094085693,5.182794094085693,5.182794094085693,5.182794094085693,0.0
2011-06-03,5.182794094085693,5.182794094085693,5.182794094085693,5.182794094085693,0.0
2011-06-06,5.182794094085693,5.182794094085693,5.182794094085693,5.182794094085693,0.0
2011-06-07,5.182794094085693,5.182794094085693,5.182794094085693,5.182794094085693,0.0
2011-06-08,5.182794094085693,5.182794094085693,5.182794094085693,5.182794094085693,0.0
2011-06-09,5.182794094085693,5.182794094085693,5.182794094085693,5.182794094085693,0.0
2011-06-10,5.182794094085693,5.182794094085693,5.182794094085693,5.182794094085693,0.0
2011-06-13,5.182794094085693,5.182794094085693,5.182794094085693,5.182794094085693,0.0
2011-06-14,5.182794094085693,5.182794094085693,5.182794094085693,5.182794094085693,0.0
2011-06-15,5.182794094085693,5.182794094085693,5.182794094085693,5.182794094085693,0.0
2011-06-16,5.182794094085693,5.182794094085693,5.182794094085693,5.182794094085693,0.0
2011-06-17,5.182794094085693,5.182794094085693,5.182794094085693,5.182794094085693,0.0
2011-06-20,5.182794094085693,5.182794094085693,5.182794094085693,5.182794094085693,0.0
2011-06-21,5.182794094085693,5.182794094085693,5.182794094085693,5.182794094085693,0.0
2011-06-22,5.182794094085693,5.182794094085693,5.182794094085693,5.182794094085693,0.0
2011-06-23,5.182794094085693,5.182794094085693,5.182794094085693,5.182794094085693,0.0
2011-06-24,5.182794094085693,5.182794094085693,5.182794094085693,5.182794094085693,0.0
2011-06-27,5.182794094085693,5.182794094085693,5.182794094085693,5.182794094085693,0.0
2011-06-28,5.182794094085693,5.182794094085693,5.182794094085693,5.182794094085693,0.0
2011-06-29,5.182794094085693,5.182794094085693,5.182794094085693,5.182794094085693,0.0
2011-06-30,5.182794094085693,5.182794094085693,5.182794094085693,5.182794094085693,0.0
2011-07-01,5.182794094085693,5.182794094085693,5.182794094085693,5.182794094085693,0.0
2011-07-05,5.182794094085693,5.182794094085693,5.182794094085693,5.182794094085693,0.0
2011-07-06,5.182794094085693,5.182794094085693,5.182794094085693,5.182794094085693,0.0
2011-07-07,5.182794094085693,5.182794094085693,5.182794094085693,5.182794094085693,0.0
2011-07-08,5.182794094085693,5.182794094085693,5.182794094085693,5.182794094085693,0.0
2011-07-11,5.182794094085693,5.182794094085693,5.182794094085693,5.182794094085693,0.0
2011-07-12,5.182794094085693,5.182794094085693,5.182794094085693,5.182794094085693,0.0
2011-07-13,5.182794094085693,5.182794094085693,5.182794094085693,5.182794094085693,0.0
2011-07-14,5.182794094085693,5.182794094085693,5.182794094085693,5.182794094085693,0.0
2011-07-15,5.182794094085693,5.182794094085693,5.182794094085693,5.182794094085693,0.0
2011-07-18,5.182794094085693,5.182794094085693,5.182794094085693,5.182794094085693,0.0
2011-07-19,5.182794094085693,5.182794094085693,5.182794094085693,5.182794094085693,0.0
2011-07-20,5.968668460845947,5.968668460845947,5.968668460845947,5.968668460845947,200.0
2011-07-21,5.968668460845947,5.968668460845947,5.968668460845947,5.968668460845947,0.0
2011-07-22,5.968668460845947,5.968668460845947,5.968668460845947,5.968668460845947,0.0
2011-07-25,5.968668460845947,5.968668460845947,5.968668460845947,5.968668460845947,0.0
2011-07-26,5.968668460845947,5.968668460845947,5.968668460845947,5.968668460845947,0.0
2011-07-27,5.968668460845947,5.968668460845947,5.968668460845947,5.968668460845947,0.0
2011-07-28,5.968668460845947,5.968668460845947,5.968668460845947,5.968668460845947,0.0
2011-07-29,5.968668460845947,5.968668460845947,5.968668460845947,5.968668460845947,0.0
2011-08-01,5.968668460845947,5.968668460845947,5.968668460845947,5.968668460845947,0.0
2011-08-02,5.968668460845947,5.968668460845947,5.968668460845947,5.968668460845947,0.0
2011-08-03,5.968668460845947,5.968668460845947,5.968668460845947,5.968668460845947,0.0
2011-08-04,5.968668460845947,5.968668460845947,5.968668460845947,5.968668460845947,0.0
2011-08-05,5.968668460845947,5.968668460845947,5.968668460845947,5.968668460845947,0.0
2011-08-08,5.968668460845947,5.968668460845947,5.968668460845947,5.968668460845947,0.0
2011-08-09,5.968668460845947,5.968668460845947,5.968668460845947,5.968668460845947,0.0
2011-08-10,5.968668460845947,5.968668460845947,5.968668460845947,5.968668460845947,0.0
2011-08-11,5.968668460845947,5.968668460845947,5.968668460845947,5.968668460845947,0.0
2011-08-12,5.968668460845947,5.968668460845947,5.968668460845947,5.968668460845947,0.0
2011-08-15,5.968668460845947,5.968668460845947,5.968668460845947,5.968668460845947,0.0
2011-08-16,5.968668460845947,5.968668460845947,5.968668460845947,5.968668460845947,0.0
2011-08-17,5.968668460845947,5.968668460845947,5.968668460845947,5.968668460845947,0.0
2011-08-18,5.968668460845947,5.968668460845947,5.968668460845947,5.968668460845947,0.0
2011-08-19,5.968668460845947,5.968668460845947,5.968668460845947,5.968668460845947,0.0
2011-08-22,5.968668460845947,5.968668460845947,5.968668460845947,5.968668460845947,0.0
2011-08-23,5.968668460845947,5.968668460845947,5.968668460845947,5.968668460845947,0.0
2011-08-24,5.968668460845947,5.968668460845947,5.968668460845947,5.968668460845947,0.0
2011-08-25,5.968668460845947,5.968668460845947,5.968668460845947,5.968668460845947,0.0
2011-08-26,5.968668460845947,5.968668460845947,5.968668460845947,5.968668460845947,0.0
2011-08-29,5.968668460845947,5.968668460845947,5.968668460845947,5.968668460845947,0.0
2011-08-30,5.968668460845947,5.968668460845947,5.968668460845947,5.968668460845947,0.0
2011-08-31,5.968668460845947,5.968668460845947,5.968668460845947,5.968668460845947,0.0
2011-09-01,5.968668460845947,5.968668460845947,5.968668460845947,5.968668460845947,0.0
2011-09-02,5.968668460845947,5.968668460845947,5.968668460845947,5.968668460845947,0.0
2011-09-06,5.968668460845947,5.968668460845947,5.968668460845947,5.968668460845947,0.0
2011-09-07,5.968668460845947,5.968668460845947,5.968668460845947,5.968668460845947,0.0
2011-09-08,5.968668460845947,5.968668460845947,5.968668460845947,5.968668460845947,0.0
2011-09-09,5.968668460845947,5.968668460845947,5.968668460845947,5.968668460845947,0.0
2011-09-12,5.968668460845947,5.968668460845947,5.968668460845947,5.968668460845947,0.0
2011-09-13,5.968668460845947,5.968668460845947,5.968668460845947,5.968668460845947,0.0
2011-09-14,5.968668460845947,5.968668460845947,5.968668460845947,5.968668460845947,0.0
2011-09-15,5.968668460845947,5.968668460845947,5.968668460845947,5.968668460845947,0.0
2011-09-16,5.968668460845947,5.968668460845947,5.968668460845947,5.968668460845947,0.0
2011-09-19,5.968668460845947,5.968668460845947,5.968668460845947,5.968668460845947,0.0
2011-09-20,5.968668460845947,5.968668460845947,5.968668460845947,5.968668460845947,0.0
2011-09-21,5.968668460845947,5.968668460845947,5.968668460845947,5.968668460845947,0.0
2011-09-22,5.968668460845947,5.968668460845947,5.968668460845947,5.968668460845947,0.0
2011-09-23,5.968668460845947,5.968668460845947,5.968668460845947,5.968668460845947,0.0
2011-09-26,5.968668460845947,5.968668460845947,5.968668460845947,5.968668460845947,0.0
2011-09-27,5.968668460845947,5.968668460845947,5.968668460845947,5.968668460845947,0.0
2011-09-28,5.968668460845947,5.968668460845947,5.968668460845947,5.968668460845947,0.0
2011-09-29,5.968668460845947,5.968668460845947,5.968668460845947,5.968668460845947,0.0
2011-09-30,5.968668460845947,5.968668460845947,5.968668460845947,5.968668460845947,0.0
2011-10-03,5.968668460845947,5.968668460845947,5.968668460845947,5.968668460845947,0.0
2011-10-04,5.968668460845947,5.968668460845947,5.968668460845947,5.968668460845947,0.0
2011-10-05,5.968668460845947,5.968668460845947,5.968668460845947,5.968668460845947,0.0
2011-10-06,5.968668460845947,5.968668460845947,5.968668460845947,5.968668460845947,0.0
2011-10-07,5.968668460845947,5.968668460845947,5.968668460845947,5.968668460845947,0.0
2011-10-10,5.968668460845947,5.968668460845947,5.968668460845947,5.968668460845947,0.0
2011-10-11,5.968668460845947,5.968668460845947,5.968668460845947,5.968668460845947,0.0
2011-10-12,5.968668460845947,5.968668460845947,5.968668460845947,5.968668460845947,0.0
2011-10-13,5.968668460845947,5.968668460845947,5.968668460845947,5.968668460845947,0.0
2011-10-14,5.968668460845947,5.968668460845947,5.968668460845947,5.968668460845947,0.0
2011-10-17,5.968668460845947,5.968668460845947,5.968668460845947,5.968668460845947,0.0
2011-10-18,5.968668460845947,5.968668460845947,5.968668460845947,5.968668460845947,0.0
2011-10-19,5.968668460845947,5.968668460845947,5.968668460845947,5.968668460845947,0.0
2011-10-20,5.968668460845947,5.968668460845947,5.968668460845947,5.968668460845947,0.0
2011-10-21,5.968668460845947,5.968668460845947,5.968668460845947,5.968668460845947,0.0
2011-10-24,5.968668460845947,5.968668460845947,5.968668460845947,5.968668460845947,0.0
2011-10-25,5.968668460845947,5.968668460845947,5.968668460845947,5.968668460845947,0.0
2011-10-26,5.968668460845947,5.968668460845947,5.968668460845947,5.968668460845947,0.0
2011-10-27,5.968668460845947,5.968668460845947,5.968668460845947,5.968668460845947,0.0
2011-10-28,5.968668460845947,5.968668460845947,5.968668460845947,5.968668460845947,0.0
2011-10-31,5.968668460845947,5.968668460845947,5.968668460845947,5.968668460845947,0.0
2011-11-01,5.968668460845947,5.968668460845947,5.968668460845947,5.968668460845947,0.0
2011-11-02,5.968668460845947,5.968668460845947,5.968668460845947,5.968668460845947,0.0
2011-11-03,5.968668460845947,5.968668460845947,5.968668460845947,5.968668460845947,0.0
2011-11-04,5.968668460845947,5.968668460845947,5.968668460845947,5.968668460845947,0.0
2011-11-07,5.968668460845947,5.968668460845947,5.968668460845947,5.968668460845947,0.0
2011-11-08,5.968668460845947,5.968668460845947,5.968668460845947,5.968668460845947,0.0
2011-11-09,5.968668460845947,5.968668460845947,5.968668460845947,5.968668460845947,0.0
2011-11-10,5.968668460845947,5.968668460845947,5.968668460845947,5.968668460845947,0.0
2011-11-11,5.968668460845947,5.968668460845947,5.968668460845947,5.968668460845947,0.0
2011-11-14,5.968668460845947,5.968668460845947,5.968668460845947,5.968668460845947,0.0
2011-11-15,5.968668460845947,5.968668460845947,5.968668460845947,5.968668460845947,0.0
2011-11-16,5.968668460845947,5.968668460845947,5.968668460845947,5.968668460845947,0.0
2011-11-17,5.968668460845947,5.968668460845947,5.968668460845947,5.968668460845947,0.0
2011-11-18,5.968668460845947,5.968668460845947,5.968668460845947,5.968668460845947,0.0
2011-11-21,5.968668460845947,5.968668460845947,5.968668460845947,5.968668460845947,0.0
2011-11-22,5.968668460845947,5.968668460845947,5.968668460845947,5.968668460845947,0.0
2011-11-23,5.968668460845947,5.968668460845947,5.968668460845947,5.968668460845947,0.0
2011-11-25,5.968668460845947,5.968668460845947,5.968668460845947,5.968668460845947,0.0
2011-11-28,5.968668460845947,5.968668460845947,5.968668460845947,5.968668460845947,0.0
2011-11-29,5.968668460845947,5.968668460845947,5.968668460845947,5.968668460845947,0.0
2011-11-30,5.968668460845947,5.968668460845947,5.968668460845947,5.968668460845947,0.0
2011-12-01,5.968668460845947,5.968668460845947,5.968668460845947,5.968668460845947,0.0
2011-12-02,5.968668460845947,5.968668460845947,5.968668460845947,5.968668460845947,0.0
2011-12-05,5.968668460845947,5.968668460845947,5.968668460845947,5.968668460845947,0.0
2011-12-06,5.968668460845947,5.968668460845947,5.968668460845947,5.968668460845947,0.0
2011-12-07,5.968668460845947,5.968668460845947,5.968668460845947,5.968668460845947,0.0
2011-12-08,5.968668460845947,5.968668460845947,5.968668460845947,5.968668460845947,0.0
2011-12-09,5.968668460845947,5.968668460845947,5.968668460845947,5.968668460845947,0.0
2011-12-12,5.968668460845947,5.968668460845947,5.968668460845947,5.968668460845947,0.0
2011-12-13,5.968668460845947,5.968668460845947,5.968668460845947,5.968668460845947,0.0
2011-12-14,5.968668460845947,5.968668460845947,5.968668460845947,5.968668460845947,0.0
2011-12-15,5.968668460845947,5.968668460845947,5.968668460845947,5.968668460845947,0.0
2011-12-16,5.968668460845947,5.968668460845947,5.968668460845947,5.968668460845947,0.0
2011-12-19,5.968668460845947,5.968668460845947,5.968668460845947,5.968668460845947,0.0
2011-12-20,5.968668460845947,5.968668460845947,5.968668460845947,5.968668460845947,0.0
2011-12-21,5.968668460845947,5.968668460845947,5.968668460845947,5.968668460845947,0.0
2011-12-22,5.968668460845947,5.968668460845947,5.968668460845947,5.968668460845947,0.0
2011-12-23,5.968668460845947,5.968668460845947,5.968668460845947,5.968668460845947,0.0
2011-12-27,5.968668460845947,5.968668460845947,5.968668460845947,5.968668460845947,0.0
2011-12-28,5.968668460845947,5.968668460845947,5.968668460845947,5.968668460845947,0.0
2011-12-29,5.968668460845947,5.968668460845947,5.968668460845947,5.968668460845947,0.0
2011-12-30,5.968668460845947,5.968668460845947,5.968668460845947,5.968668460845947,0.0
2012-01-03,5.968668460845947,5.968668460845947,5.968668460845947,5.968668460845947,0.0
2012-01-04,5.968668460845947,5.968668460845947,5.968668460845947,5.968668460845947,0.0
2012-01-05,5.968668460845947,5.968668460845947,5.968668460845947,5.968668460845947,0.0
2012-01-06,5.968668460845947,5.968668460845947,5.968668460845947,5.968668460845947,0.0
2012-01-09,5.968668460845947,5.968668460845947,5.968668460845947,5.968668460845947,0.0
2012-01-10,5.968668460845947,5.968668460845947,5.968668460845947,5.968668460845947,0.0
2012-01-11,5.968668460845947,5.968668460845947,5.968668460845947,5.968668460845947,0.0
2012-01-12,5.968668460845947,5.968668460845947,5.968668460845947,5.968668460845947,0.0
2012-01-13,5.968668460845947,5.968668460845947,5.968668460845947,5.968668460845947,0.0
2012-01-17,5.968668460845947,5.968668460845947,5.968668460845947,5.968668460845947,0.0
2012-01-18,5.968668460845947,5.968668460845947,5.968668460845947,5.968668460845947,0.0
2012-01-19,5.968668460845947,5.968668460845947,5.968668460845947,5.968668460845947,0.0
2012-01-20,5.968668460845947,5.968668460845947,5.968668460845947,5.968668460845947,0.0
2012-01-23,5.968668460845947,5.968668460845947,5.968668460845947,5.968668460845947,0.0
2012-01-24,5.968668460845947,5.968668460845947,5.968668460845947,5.968668460845947,0.0
2012-01-25,5.968668460845947,5.968668460845947,5.968668460845947,5.968668460845947,0.0
2012-01-26,5.968668460845947,5.968668460845947,5.968668460845947,5.968668460845947,0.0
2012-01-27,5.968668460845947,5.968668460845947,5.968668460845947,5.968668460845947,0.0
2012-01-30,5.968668460845947,5.968668460845947,5.968668460845947,5.968668460845947,0.0
2012-01-31,5.968668460845947,5.968668460845947,5.968668460845947,5.968668460845947,0.0
2012-02-01,5.968668460845947,5.968668460845947,5.968668460845947,5.968668460845947,0.0
2012-02-02,5.968668460845947,5.968668460845947,5.968668460845947,5.968668460845947,0.0
2012-02-03,5.968668460845947,5.968668460845947,5.968668460845947,5.968668460845947,0.0
2012-02-06,5.968668460845947,5.968668460845947,5.968668460845947,5.968668460845947,0.0
2012-02-07,5.968668460845947,5.968668460845947,5.968668460845947,5.968668460845947,0.0
2012-02-08,5.968668460845947,5.968668460845947,5.968668460845947,5.968668460845947,0.0
2012-02-09,5.968668460845947,5.968668460845947,5.968668460845947,5.968668460845947,0.0
2012-02-10,5.968668460845947,5.968668460845947,5.968668460845947,5.968668460845947,0.0
2012-02-13,5.968668460845947,5.968668460845947,5.968668460845947,5.968668460845947,0.0
2012-02-14,5.968668460845947,5.968668460845947,5.968668460845947,5.968668460845947,0.0
2012-02-15,5.968668460845947,5.968668460845947,5.968668460845947,5.968668460845947,0.0
2012-02-16,5.968668460845947,5.968668460845947,5.968668460845947,5.968668460845947,0.0
2012-02-17,5.968668460845947,5.968668460845947,5.968668460845947,5.968668460845947,0.0
2012-02-21,5.968668460845947,5.968668460845947,5.968668460845947,5.968668460845947,0.0
2012-02-22,5.968668460845947,5.968668460845947,5.968668460845947,5.968668460845947,0.0
2012-02-23,5.968668460845947,5.968668460845947,5.968668460845947,5.968668460845947,0.0
2012-02-24,5.968668460845947,5.968668460845947,5.968668460845947,5.968668460845947,0.0
2012-02-27,5.968668460845947,5.968668460845947,5.968668460845947,5.968668460845947,0.0
2012-02-28,5.968668460845947,5.968668460845947,5.968668460845947,5.968668460845947,0.0
2012-02-29,5.968668460845947,5.968668460845947,5.968668460845947,5.968668460845947,0.0
2012-03-01,5.968668460845947,5.968668460845947,5.968668460845947,5.968668460845947,0.0
2012-03-02,5.968668460845947,5.968668460845947,5.968668460845947,5.968668460845947,0.0
2012-03-05,5.968668460845947,5.968668460845947,5.968668460845947,5.968668460845947,0.0
2012-03-06,5.968668460845947,5.968668460845947,5.968668460845947,5.968668460845947,0.0
2012-03-07,5.968668460845947,5.968668460845947,5.968668460845947,5.968668460845947,0.0
2012-03-08,5.968668460845947,5.968668460845947,5.968668460845947,5.968668460845947,0.0
2012-03-09,5.968668460845947,5.968668460845947,5.968668460845947,5.968668460845947,0.0
2012-03-12,5.968668460845947,5.968668460845947,5.968668460845947,5.968668460845947,0.0
2012-03-13,5.968668460845947,5.968668460845947,5.968668460845947,5.968668460845947,0.0
2012-03-14,5.968668460845947,5.968668460845947,5.968668460845947,5.968668460845947,0.0
2012-03-15,5.968668460845947,5.968668460845947,5.968668460845947,5.968668460845947,0.0
2012-03-16,5.968668460845947,5.968668460845947,5.968668460845947,5.968668460845947,0.0
2012-03-19,5.968668460845947,5.968668460845947,5.968668460845947,5.968668460845947,0.0
2012-03-20,5.968668460845947,5.968668460845947,5.968668460845947,5.968668460845947,0.0
2012-03-21,5.968668460845947,5.968668460845947,5.968668460845947,5.968668460845947,0.0
2012-03-22,5.968668460845947,5.968668460845947,5.968668460845947,5.968668460845947,0.0
2012-03-23,5.968668460845947,5.968668460845947,5.968668460845947,5.968668460845947,0.0
2012-03-26,5.968668460845947,5.968668460845947,5.968668460845947,5.968668460845947,0.0
2012-03-27,5.968668460845947,5.968668460845947,5.968668460845947,5.968668460845947,0.0
2012-03-28,5.968668460845947,5.968668460845947,5.968668460845947,5.968668460845947,0.0
2012-03-29,5.968668460845947,5.968668460845947,5.968668460845947,5.968668460845947,0.0
2012-03-30,5.968668460845947,5.968668460845947,5.968668460845947,5.968668460845947,0.0
2012-04-02,5.968668460845947,5.968668460845947,5.968668460845947,5.968668460845947,0.0
2012-04-03,5.968668460845947,5.968668460845947,5.968668460845947,5.968668460845947,0.0
2012-04-04,5.968668460845947,5.968668460845947,5.968668460845947,5.968668460845947,0.0
2012-04-05,5.968668460845947,5.968668460845947,5.968668460845947,5.968668460845947,0.0
2012-04-09,5.968668460845947,5.968668460845947,5.968668460845947,5.968668460845947,0.0
2012-04-10,5.968668460845947,5.968668460845947,5.968668460845947,5.968668460845947,0.0
2012-04-11,5.968668460845947,5.968668460845947,5.968668460845947,5.968668460845947,0.0
2012-04-12,5.968668460845947,5.968668460845947,5.968668460845947,5.968668460845947,0.0
2012-04-13,5.968668460845947,5.968668460845947,5.968668460845947,5.968668460845947,0.0
2012-04-16,5.968668460845947,5.968668460845947,5.968668460845947,5.968668460845947,0.0
2012-04-17,5.968668460845947,5.968668460845947,5.968668460845947,5.968668460845947,0.0
2012-04-18,5.968668460845947,5.968668460845947,5.968668460845947,5.968668460845947,0.0
2012-04-19,5.968668460845947,5.968668460845947,5.968668460845947,5.968668460845947,0.0
2012-04-20,5.968668460845947,5.968668460845947,5.968668460845947,5.968668460845947,0.0
2012-04-23,5.968668460845947,5.968668460845947,5.968668460845947,5.968668460845947,0.0
2012-04-24,5.968668460845947,5.968668460845947,5.968668460845947,5.968668460845947,0.0
2012-04-25,5.968668460845947,5.968668460845947,5.968668460845947,5.968668460845947,0.0
2012-04-26,5.968668460845947,5.968668460845947,5.968668460845947,5.968668460845947,0.0
2012-04-27,5.968668460845947,5.968668460845947,5.968668460845947,5.968668460845947,0.0
2012-04-30,5.968668460845947,5.968668460845947,5.968668460845947,5.968668460845947,0.0
2012-05-01,5.968668460845947,5.968668460845947,5.968668460845947,5.968668460845947,0.0
2012-05-02,5.968668460845947,5.968668460845947,5.968668460845947,5.968668460845947,0.0
2012-05-03,5.968668460845947,5.968668460845947,5.968668460845947,5.968668460845947,0.0
2012-05-04,5.968668460845947,5.968668460845947,5.968668460845947,5.968668460845947,0.0
2012-05-07,5.968668460845947,5.968668460845947,5.968668460845947,5.968668460845947,0.0
2012-05-08,5.968668460845947,5.968668460845947,5.968668460845947,5.968668460845947,0.0
2012-05-09,5.968668460845947,5.968668460845947,5.968668460845947,5.968668460845947,0.0
2012-05-10,5.968668460845947,5.968668460845947,5.968668460845947,5.968668460845947,0.0
2012-05-11,5.6204962730407715,5.6204962730407715,5.6204962730407715,5.6204962730407715,600.0
2012-05-14,5.6204962730407715,5.6204962730407715,5.6204962730407715,5.6204962730407715,0.0
2012-05-15,5.6204962730407715,5.6204962730407715,5.6204962730407715,5.6204962730407715,0.0
2012-05-16,5.6204962730407715,5.6204962730407715,5.6204962730407715,5.6204962730407715,0.0
2012-05-17,5.6204962730407715,5.6204962730407715,5.6204962730407715,5.6204962730407715,0.0
2012-05-18,5.6204962730407715,5.6204962730407715,5.6204962730407715,5.6204962730407715,0.0
2012-05-21,5.6204962730407715,5.6204962730407715,5.6204962730407715,5.6204962730407715,0.0
2012-05-22,5.6204962730407715,5.6204962730407715,5.6204962730407715,5.6204962730407715,0.0
2012-05-23,5.6204962730407715,5.6204962730407715,5.6204962730407715,5.6204962730407715,0.0
2012-05-24,5.6204962730407715,5.6204962730407715,5.6204962730407715,5.6204962730407715,0.0
2012-05-25,5.6204962730407715,5.6204962730407715,5.6204962730407715,5.6204962730407715,0.0
2012-05-29,5.6204962730407715,5.6204962730407715,5.6204962730407715,5.6204962730407715,0.0
2012-05-30,5.6204962730407715,5.6204962730407715,5.6204962730407715,5.6204962730407715,0.0
2012-05-31,5.6204962730407715,5.6204962730407715,5.6204962730407715,5.6204962730407715,0.0
2012-06-01,5.6204962730407715,5.6204962730407715,5.6204962730407715,5.6204962730407715,0.0
2012-06-04,5.6204962730407715,5.6204962730407715,5.6204962730407715,5.6204962730407715,0.0
2012-06-05,5.6204962730407715,5.6204962730407715,5.6204962730407715,5.6204962730407715,0.0
2012-06-06,5.6204962730407715,5.6204962730407715,5.6204962730407715,5.6204962730407715,0.0
2012-06-07,5.6204962730407715,5.6204962730407715,5.6204962730407715,5.6204962730407715,0.0
2012-06-08,5.6204962730407715,5.6204962730407715,5.6204962730407715,5.6204962730407715,0.0
2012-06-11,5.6204962730407715,5.6204962730407715,5.6204962730407715,5.6204962730407715,0.0
2012-06-12,5.6204962730407715,5.6204962730407715,5.6204962730407715,5.6204962730407715,0.0
2012-06-13,5.6204962730407715,5.6204962730407715,5.6204962730407715,5.6204962730407715,0.0
2012-06-14,5.6204962730407715,5.6204962730407715,5.6204962730407715,5.6204962730407715,0.0
2012-06-15,5.6204962730407715,5.6204962730407715,5.6204962730407715,5.6204962730407715,0.0
2012-06-18,5.6204962730407715,5.6204962730407715,5.6204962730407715,5.6204962730407715,0.0
2012-06-19,5.6204962730407715,5.6204962730407715,5.6204962730407715,5.6204962730407715,0.0
2012-06-20,5.6204962730407715,5.6204962730407715,5.6204962730407715,5.6204962730407715,0.0
2012-06-21,5.6204962730407715,5.6204962730407715,5.6204962730407715,5.6204962730407715,0.0
2012-06-22,5.6204962730407715,5.6204962730407715,5.6204962730407715,5.6204962730407715,0.0
2012-06-25,5.6204962730407715,5.6204962730407715,5.6204962730407715,5.6204962730407715,0.0
2012-06-26,5.6204962730407715,5.6204962730407715,5.6204962730407715,5.6204962730407715,0.0
2012-06-27,5.6204962730407715,5.6204962730407715,5.6204962730407715,5.6204962730407715,0.0
2012-06-28,5.6204962730407715,5.6204962730407715,5.6204962730407715,5.6204962730407715,0.0
2012-06-29,5.6204962730407715,5.6204962730407715,5.6204962730407715,5.6204962730407715,0.0
2012-07-02,5.6204962730407715,5.6204962730407715,5.6204962730407715,5.6204962730407715,0.0
2012-07-03,5.6204962730407715,5.6204962730407715,5.6204962730407715,5.6204962730407715,0.0
2012-07-05,5.6204962730407715,5.6204962730407715,5.6204962730407715,5.6204962730407715,0.0
2012-07-06,5.6204962730407715,5.6204962730407715,5.6204962730407715,5.6204962730407715,0.0
2012-07-09,5.6204962730407715,5.6204962730407715,5.6204962730407715,5.6204962730407715,0.0
2012-07-10,5.6204962730407715,5.6204962730407715,5.6204962730407715,5.6204962730407715,0.0
2012-07-11,5.6204962730407715,5.6204962730407715,5.6204962730407715,5.6204962730407715,0.0
2012-07-12,5.6204962730407715,5.6204962730407715,5.6204962730407715,5.6204962730407715,0.0
2012-07-13,5.6204962730407715,5.6204962730407715,5.6204962730407715,5.6204962730407715,0.0
2012-07-16,5.6204962730407715,5.6204962730407715,5.6204962730407715,5.6204962730407715,0.0
2012-07-17,5.6204962730407715,5.6204962730407715,5.6204962730407715,5.6204962730407715,0.0
2012-07-18,5.6204962730407715,5.6204962730407715,5.6204962730407715,5.6204962730407715,0.0
2012-07-19,5.6204962730407715,5.6204962730407715,5.6204962730407715,5.6204962730407715,0.0
2012-07-20,5.6204962730407715,5.6204962730407715,5.6204962730407715,5.6204962730407715,0.0
2012-07-23,5.6204962730407715,5.6204962730407715,5.6204962730407715,5.6204962730407715,0.0
2012-07-24,5.6204962730407715,5.6204962730407715,5.6204962730407715,5.6204962730407715,0.0
2012-07-25,5.6204962730407715,5.6204962730407715,5.6204962730407715,5.6204962730407715,0.0
2012-07-26,5.6204962730407715,5.6204962730407715,5.6204962730407715,5.6204962730407715,0.0
2012-07-27,5.6204962730407715,5.6204962730407715,5.6204962730407715,5.6204962730407715,0.0
2012-07-30,5.6204962730407715,5.6204962730407715,5.6204962730407715,5.6204962730407715,0.0
2012-07-31,5.6204962730407715,5.6204962730407715,5.6204962730407715,5.6204962730407715,0.0
2012-08-01,5.6204962730407715,5.6204962730407715,5.6204962730407715,5.6204962730407715,0.0
2012-08-02,5.6204962730407715,5.6204962730407715,5.6204962730407715,5.6204962730407715,0.0
2012-08-03,5.6204962730407715,5.6204962730407715,5.6204962730407715,5.6204962730407715,0.0
2012-08-06,5.6204962730407715,5.6204962730407715,5.6204962730407715,5.6204962730407715,0.0
2012-08-07,5.6204962730407715,5.6204962730407715,5.6204962730407715,5.6204962730407715,0.0
2012-08-08,5.6204962730407715,5.6204962730407715,5.6204962730407715,5.6204962730407715,0.0
2012-08-09,5.6204962730407715,5.6204962730407715,5.6204962730407715,5.6204962730407715,0.0
2012-08-10,5.6204962730407715,5.6204962730407715,5.6204962730407715,5.6204962730407715,0.0
2012-08-13,5.6204962730407715,5.6204962730407715,5.6204962730407715,5.6204962730407715,0.0
2012-08-14,5.6204962730407715,5.6204962730407715,5.6204962730407715,5.6204962730407715,0.0
2012-08-15,5.6204962730407715,5.6204962730407715,5.6204962730407715,5.6204962730407715,0.0
2012-08-16,5.6204962730407715,5.6204962730407715,5.6204962730407715,5.6204962730407715,0.0
2012-08-17,5.6204962730407715,5.6204962730407715,5.6204962730407715,5.6204962730407715,0.0
2012-08-20,5.6204962730407715,5.6204962730407715,5.6204962730407715,5.6204962730407715,0.0
2012-08-21,5.6204962730407715,5.6204962730407715,5.6204962730407715,5.6204962730407715,0.0
2012-08-22,5.6204962730407715,5.6204962730407715,5.6204962730407715,5.6204962730407715,0.0
2012-08-23,5.6204962730407715,5.6204962730407715,5.6204962730407715,5.6204962730407715,0.0
2012-08-24,5.6204962730407715,5.6204962730407715,5.6204962730407715,5.6204962730407715,0.0
2012-08-27,5.6204962730407715,5.6204962730407715,5.6204962730407715,5.6204962730407715,0.0
2012-08-28,5.6204962730407715,5.6204962730407715,5.6204962730407715,5.6204962730407715,0.0
2012-08-29,5.6204962730407715,5.6204962730407715,5.6204962730407715,5.6204962730407715,0.0
2012-08-30,5.6204962730407715,5.6204962730407715,5.6204962730407715,5.6204962730407715,0.0
2012-08-31,5.6204962730407715,5.6204962730407715,5.6204962730407715,5.6204962730407715,0.0
2012-09-04,5.6204962730407715,5.6204962730407715,5.6204962730407715,5.6204962730407715,0.0
2012-09-05,5.6204962730407715,5.6204962730407715,5.6204962730407715,5.6204962730407715,0.0
2012-09-06,5.6204962730407715,5.6204962730407715,5.6204962730407715,5.6204962730407715,0.0
2012-09-07,5.6204962730407715,5.6204962730407715,5.6204962730407715,5.6204962730407715,0.0
2012-09-10,5.6204962730407715,5.6204962730407715,5.6204962730407715,5.6204962730407715,0.0
2012-09-11,5.6204962730407715,5.6204962730407715,5.6204962730407715,5.6204962730407715,0.0
2012-09-12,5.6204962730407715,5.6204962730407715,5.6204962730407715,5.6204962730407715,0.0
2012-09-13,5.6204962730407715,5.6204962730407715,5.6204962730407715,5.6204962730407715,0.0
2012-09-14,5.6204962730407715,5.6204962730407715,5.6204962730407715,5.6204962730407715,0.0
2012-09-17,5.6204962730407715,5.6204962730407715,5.6204962730407715,5.6204962730407715,0.0
2012-09-18,5.6204962730407715,5.6204962730407715,5.6204962730407715,5.6204962730407715,0.0
2012-09-19,5.6204962730407715,5.6204962730407715,5.6204962730407715,5.6204962730407715,0.0
2012-09-20,5.6204962730407715,5.6204962730407715,5.6204962730407715,5.6204962730407715,0.0
2012-09-21,5.6204962730407715,5.6204962730407715,5.6204962730407715,5.6204962730407715,0.0
2012-09-24,5.6204962730407715,5.6204962730407715,5.6204962730407715,5.6204962730407715,0.0
2012-09-25,5.6204962730407715,5.6204962730407715,5.6204962730407715,5.6204962730407715,0.0
2012-09-26,5.6204962730407715,5.6204962730407715,5.6204962730407715,5.6204962730407715,0.0
2012-09-27,5.6204962730407715,5.6204962730407715,5.6204962730407715,5.6204962730407715,0.0
2012-09-28,5.6204962730407715,5.6204962730407715,5.6204962730407715,5.6204962730407715,0.0
2012-10-01,5.6204962730407715,5.6204962730407715,5.6204962730407715,5.6204962730407715,0.0
2012-10-02,5.6204962730407715,5.6204962730407715,5.6204962730407715,5.6204962730407715,0.0
2012-10-03,5.6204962730407715,5.6204962730407715,5.6204962730407715,5.6204962730407715,0.0
2012-10-04,5.6204962730407715,5.6204962730407715,5.6204962730407715,5.6204962730407715,0.0
2012-10-05,5.6204962730407715,5.6204962730407715,5.6204962730407715,5.6204962730407715,0.0
2012-10-08,5.6204962730407715,5.6204962730407715,5.6204962730407715,5.6204962730407715,0.0
2012-10-09,5.6204962730407715,5.6204962730407715,5.6204962730407715,5.6204962730407715,0.0
2012-10-10,5.6204962730407715,5.6204962730407715,5.6204962730407715,5.6204962730407715,0.0
2012-10-11,5.6204962730407715,5.6204962730407715,5.6204962730407715,5.6204962730407715,0.0
2012-10-12,5.6204962730407715,5.6204962730407715,5.6204962730407715,5.6204962730407715,0.0
2012-10-15,5.6204962730407715,5.6204962730407715,5.6204962730407715,5.6204962730407715,0.0
2012-10-16,5.6204962730407715,5.6204962730407715,5.6204962730407715,5.6204962730407715,0.0
2012-10-17,5.6204962730407715,5.6204962730407715,5.6204962730407715,5.6204962730407715,0.0
2012-10-18,5.6204962730407715,5.6204962730407715,5.6204962730407715,5.6204962730407715,0.0
2012-10-19,5.6204962730407715,5.6204962730407715,5.6204962730407715,5.6204962730407715,0.0
2012-10-22,5.6204962730407715,5.6204962730407715,5.6204962730407715,5.6204962730407715,0.0
2012-10-23,5.6204962730407715,5.6204962730407715,5.6204962730407715,5.6204962730407715,0.0
2012-10-24,5.6204962730407715,5.6204962730407715,5.6204962730407715,5.6204962730407715,0.0
2012-10-25,5.6204962730407715,5.6204962730407715,5.6204962730407715,5.6204962730407715,0.0
2012-10-26,5.6204962730407715,5.6204962730407715,5.6204962730407715,5.6204962730407715,0.0
2012-10-31,5.6204962730407715,5.6204962730407715,5.6204962730407715,5.6204962730407715,0.0
2012-11-01,5.6204962730407715,5.6204962730407715,5.6204962730407715,5.6204962730407715,0.0
2012-11-02,5.6204962730407715,5.6204962730407715,5.6204962730407715,5.6204962730407715,0.0
2012-11-05,5.6204962730407715,5.6204962730407715,5.6204962730407715,5.6204962730407715,0.0
2012-11-06,5.6204962730407715,5.6204962730407715,5.6204962730407715,5.6204962730407715,0.0
2012-11-07,5.6204962730407715,5.6204962730407715,5.6204962730407715,5.6204962730407715,0.0
2012-11-08,5.6204962730407715,5.6204962730407715,5.6204962730407715,5.6204962730407715,0.0
2012-11-09,5.6204962730407715,5.6204962730407715,5.6204962730407715,5.6204962730407715,0.0
2012-11-12,5.6204962730407715,5.6204962730407715,5.6204962730407715,5.6204962730407715,0.0
2012-11-13,5.6204962730407715,5.6204962730407715,5.6204962730407715,5.6204962730407715,0.0
2012-11-14,5.6204962730407715,5.6204962730407715,5.6204962730407715,5.6204962730407715,0.0
2012-11-15,5.6204962730407715,5.6204962730407715,5.6204962730407715,5.6204962730407715,0.0
2012-11-16,5.6204962730407715,5.6204962730407715,5.6204962730407715,5.6204962730407715,0.0
2012-11-19,5.6204962730407715,5.6204962730407715,5.6204962730407715,5.6204962730407715,0.0
2012-11-20,5.6204962730407715,5.6204962730407715,5.6204962730407715,5.6204962730407715,0.0
2012-11-21,5.6204962730407715,5.6204962730407715,5.6204962730407715,5.6204962730407715,0.0
2012-11-23,5.6204962730407715,5.6204962730407715,5.6204962730407715,5.6204962730407715,0.0
2012-11-26,5.6204962730407715,5.6204962730407715,5.6204962730407715,5.6204962730407715,0.0
2012-11-27,5.6204962730407715,5.6204962730407715,5.6204962730407715,5.6204962730407715,0.0
2012-11-28,5.6204962730407715,5.6204962730407715,5.6204962730407715,5.6204962730407715,0.0
2012-11-29,5.6204962730407715,5.6204962730407715,5.6204962730407715,5.6204962730407715,0.0
2012-11-30,5.6204962730407715,5.6204962730407715,5.6204962730407715,5.6204962730407715,0.0
2012-12-03,5.6204962730407715,5.6204962730407715,5.6204962730407715,5.6204962730407715,0.0
2012-12-04,5.6204962730407715,5.6204962730407715,5.6204962730407715,5.6204962730407715,0.0
2012-12-05,5.6204962730407715,5.6204962730407715,5.6204962730407715,5.6204962730407715,0.0
2012-12-06,5.6204962730407715,5.6204962730407715,5.6204962730407715,5.6204962730407715,0.0
2012-12-07,5.6204962730407715,5.6204962730407715,5.6204962730407715,5.6204962730407715,0.0
2012-12-10,5.6204962730407715,5.6204962730407715,5.6204962730407715,5.6204962730407715,0.0
2012-12-11,5.6204962730407715,5.6204962730407715,5.6204962730407715,5.6204962730407715,0.0
2012-12-12,5.6204962730407715,5.6204962730407715,5.6204962730407715,5.6204962730407715,0.0
2012-12-13,5.6204962730407715,5.6204962730407715,5.6204962730407715,5.6204962730407715,0.0
2012-12-14,5.6204962730407715,5.6204962730407715,5.6204962730407715,5.6204962730407715,0.0
2012-12-17,5.6204962730407715,5.6204962730407715,5.6204962730407715,5.6204962730407715,0.0
2012-12-18,5.6204962730407715,5.6204962730407715,5.6204962730407715,5.6204962730407715,0.0
2012-12-19,5.6204962730407715,5.6204962730407715,5.6204962730407715,5.6204962730407715,0.0
2012-12-20,5.6204962730407715,5.6204962730407715,5.6204962730407715,5.6204962730407715,0.0
2012-12-21,5.6204962730407715,5.6204962730407715,5.6204962730407715,5.6204962730407715,0.0
2012-12-24,5.6204962730407715,5.6204962730407715,5.6204962730407715,5.6204962730407715,0.0
2012-12-26,5.6204962730407715,5.6204962730407715,5.6204962730407715,5.6204962730407715,0.0
2012-12-27,5.6204962730407715,5.6204962730407715,5.6204962730407715,5.6204962730407715,0.0
2012-12-28,5.6204962730407715,5.6204962730407715,5.6204962730407715,5.6204962730407715,0.0
2012-12-31,5.6204962730407715,5.6204962730407715,5.6204962730407715,5.6204962730407715,0.0
2013-01-02,5.6204962730407715,5.6204962730407715,5.6204962730407715,5.6204962730407715,0.0
2013-01-03,5.6204962730407715,5.6204962730407715,5.6204962730407715,5.6204962730407715,0.0
2013-01-04,5.6204962730407715,5.6204962730407715,5.6204962730407715,5.6204962730407715,0.0
2013-01-07,5.6204962730407715,5.6204962730407715,5.6204962730407715,5.6204962730407715,0.0
2013-01-08,5.6204962730407715,5.6204962730407715,5.6204962730407715,5.6204962730407715,0.0
2013-01-09,5.6204962730407715,5.6204962730407715,5.6204962730407715,5.6204962730407715,0.0
2013-01-10,5.6204962730407715,5.6204962730407715,5.6204962730407715,5.6204962730407715,0.0
2013-01-11,5.6204962730407715,5.6204962730407715,5.6204962730407715,5.6204962730407715,0.0
2013-01-14,5.6204962730407715,5.6204962730407715,5.6204962730407715,5.6204962730407715,0.0
2013-01-15,5.6204962730407715,5.6204962730407715,5.6204962730407715,5.6204962730407715,0.0
2013-01-16,5.6204962730407715,5.6204962730407715,5.6204962730407715,5.6204962730407715,0.0
2013-01-17,5.6204962730407715,5.6204962730407715,5.6204962730407715,5.6204962730407715,0.0
2013-01-18,5.6204962730407715,5.6204962730407715,5.6204962730407715,5.6204962730407715,0.0
2013-01-22,5.6204962730407715,5.6204962730407715,5.6204962730407715,5.6204962730407715,0.0
2013-01-23,5.6204962730407715,5.6204962730407715,5.6204962730407715,5.6204962730407715,0.0
2013-01-24,5.6204962730407715,5.6204962730407715,5.6204962730407715,5.6204962730407715,0.0
2013-01-25,5.6204962730407715,5.6204962730407715,5.6204962730407715,5.6204962730407715,0.0
2013-01-28,5.6204962730407715,5.6204962730407715,5.6204962730407715,5.6204962730407715,0.0
2013-01-29,5.6204962730407715,5.6204962730407715,5.6204962730407715,5.6204962730407715,0.0
2013-01-30,5.6204962730407715,5.6204962730407715,5.6204962730407715,5.6204962730407715,0.0
2013-01-31,5.6204962730407715,5.6204962730407715,5.6204962730407715,5.6204962730407715,0.0
2013-02-01,5.6204962730407715,5.6204962730407715,5.6204962730407715,5.6204962730407715,0.0
2013-02-04,5.6204962730407715,5.6204962730407715,5.6204962730407715,5.6204962730407715,0.0
2013-02-05,5.6204962730407715,5.6204962730407715,5.6204962730407715,5.6204962730407715,0.0
2013-02-06,5.6204962730407715,5.6204962730407715,5.6204962730407715,5.6204962730407715,0.0
2013-02-07,5.6204962730407715,5.6204962730407715,5.6204962730407715,5.6204962730407715,0.0
2013-02-08,5.6204962730407715,5.6204962730407715,5.6204962730407715,5.6204962730407715,0.0
2013-02-11,5.6204962730407715,5.6204962730407715,5.6204962730407715,5.6204962730407715,0.0
2013-02-12,5.6204962730407715,5.6204962730407715,5.6204962730407715,5.6204962730407715,0.0
2013-02-13,5.6204962730407715,5.6204962730407715,5.6204962730407715,5.6204962730407715,0.0
2013-02-14,5.6204962730407715,5.6204962730407715,5.6204962730407715,5.6204962730407715,0.0
2013-02-15,5.6204962730407715,5.6204962730407715,5.6204962730407715,5.6204962730407715,0.0
2013-02-19,5.6204962730407715,5.6204962730407715,5.6204962730407715,5.6204962730407715,0.0
2013-02-20,5.6204962730407715,5.6204962730407715,5.6204962730407715,5.6204962730407715,0.0
2013-02-21,5.6204962730407715,5.6204962730407715,5.6204962730407715,5.6204962730407715,0.0
2013-02-22,5.6204962730407715,5.6204962730407715,5.6204962730407715,5.6204962730407715,0.0
2013-02-25,5.6204962730407715,5.6204962730407715,5.6204962730407715,5.6204962730407715,0.0
2013-02-26,5.6204962730407715,5.6204962730407715,5.6204962730407715,5.6204962730407715,0.0
2013-02-27,5.6204962730407715,5.6204962730407715,5.6204962730407715,5.6204962730407715,0.0
2013-02-28,5.6204962730407715,5.6204962730407715,5.6204962730407715,5.6204962730407715,0.0
2013-03-01,5.6204962730407715,5.6204962730407715,5.6204962730407715,5.6204962730407715,0.0
2013-03-04,5.6204962730407715,5.6204962730407715,5.6204962730407715,5.6204962730407715,0.0
2013-03-05,5.6204962730407715,5.6204962730407715,5.6204962730407715,5.6204962730407715,0.0
2013-03-06,5.6204962730407715,5.6204962730407715,5.6204962730407715,5.6204962730407715,0.0
2013-03-07,5.6204962730407715,5.6204962730407715,5.6204962730407715,5.6204962730407715,0.0
2013-03-08,5.6204962730407715,5.6204962730407715,5.6204962730407715,5.6204962730407715,0.0
2013-03-11,5.6204962730407715,5.6204962730407715,5.6204962730407715,5.6204962730407715,0.0
2013-03-12,5.6204962730407715,5.6204962730407715,5.6204962730407715,5.6204962730407715,0.0
2013-03-13,5.6204962730407715,5.6204962730407715,5.6204962730407715,5.6204962730407715,0.0
2013-03-14,5.6204962730407715,5.6204962730407715,5.6204962730407715,5.6204962730407715,0.0
2013-03-15,5.6204962730407715,5.6204962730407715,5.6204962730407715,5.6204962730407715,0.0
2013-03-18,5.6204962730407715,5.6204962730407715,5.6204962730407715,5.6204962730407715,0.0
2013-03-19,5.6204962730407715,5.6204962730407715,5.6204962730407715,5.6204962730407715,0.0
2013-03-20,5.6204962730407715,5.6204962730407715,5.6204962730407715,5.6204962730407715,0.0
2013-03-21,5.6204962730407715,5.6204962730407715,5.6204962730407715,5.6204962730407715,0.0
2013-03-22,5.6204962730407715,5.6204962730407715,5.6204962730407715,5.6204962730407715,0.0
2013-03-25,5.6204962730407715,5.6204962730407715,5.6204962730407715,5.6204962730407715,0.0
2013-03-26,5.6204962730407715,5.6204962730407715,5.6204962730407715,5.6204962730407715,0.0
2013-03-27,5.6204962730407715,5.6204962730407715,5.6204962730407715,5.6204962730407715,0.0
2013-03-28,5.6204962730407715,5.6204962730407715,5.6204962730407715,5.6204962730407715,0.0
2013-04-01,5.6204962730407715,5.6204962730407715,5.6204962730407715,5.6204962730407715,0.0
2013-04-02,5.6204962730407715,5.6204962730407715,5.6204962730407715,5.6204962730407715,0.0
2013-04-03,5.6204962730407715,5.6204962730407715,5.6204962730407715,5.6204962730407715,0.0
2013-04-04,5.6204962730407715,5.6204962730407715,5.6204962730407715,5.6204962730407715,0.0
2013-04-05,5.6204962730407715,5.6204962730407715,5.6204962730407715,5.6204962730407715,0.0
2013-04-08,5.6204962730407715,5.6204962730407715,5.6204962730407715,5.6204962730407715,0.0
2013-04-09,5.6204962730407715,5.6204962730407715,5.6204962730407715,5.6204962730407715,0.0
2013-04-10,5.6204962730407715,5.6204962730407715,5.6204962730407715,5.6204962730407715,0.0
2013-04-11,5.6204962730407715,5.6204962730407715,5.6204962730407715,5.6204962730407715,0.0
2013-04-12,5.6204962730407715,5.6204962730407715,5.6204962730407715,5.6204962730407715,0.0
2013-04-15,5.6204962730407715,5.6204962730407715,5.6204962730407715,5.6204962730407715,0.0
2013-04-16,5.6204962730407715,5.6204962730407715,5.6204962730407715,5.6204962730407715,0.0
2013-04-17,5.6204962730407715,5.6204962730407715,5.6204962730407715,5.6204962730407715,0.0
2013-04-18,5.6204962730407715,5.6204962730407715,5.6204962730407715,5.6204962730407715,0.0
2013-04-19,5.6204962730407715,5.6204962730407715,5.6204962730407715,5.6204962730407715,0.0
2013-04-22,5.6204962730407715,5.6204962730407715,5.6204962730407715,5.6204962730407715,0.0
2013-04-23,5.6204962730407715,5.6204962730407715,5.6204962730407715,5.6204962730407715,0.0
2013-04-24,5.6204962730407715,5.6204962730407715,5.6204962730407715,5.6204962730407715,0.0
2013-04-25,5.6204962730407715,5.6204962730407715,5.6204962730407715,5.6204962730407715,0.0
2013-04-26,5.6204962730407715,5.6204962730407715,5.6204962730407715,5.6204962730407715,0.0
2013-04-29,5.6204962730407715,5.6204962730407715,5.6204962730407715,5.6204962730407715,0.0
2013-04-30,5.6204962730407715,5.6204962730407715,5.6204962730407715,5.6204962730407715,0.0
2013-05-01,5.6204962730407715,5.6204962730407715,5.6204962730407715,5.6204962730407715,0.0
2013-05-02,5.6204962730407715,5.6204962730407715,5.6204962730407715,5.6204962730407715,0.0
2013-05-03,5.6204962730407715,5.6204962730407715,5.6204962730407715,5.6204962730407715,0.0
2013-05-06,5.6204962730407715,5.6204962730407715,5.6204962730407715,5.6204962730407715,0.0
2013-05-07,5.6204962730407715,5.6204962730407715,5.6204962730407715,5.6204962730407715,0.0
2013-05-08,5.6204962730407715,5.6204962730407715,5.6204962730407715,5.6204962730407715,0.0
2013-05-09,5.6204962730407715,5.6204962730407715,5.6204962730407715,5.6204962730407715,0.0
2013-05-10,5.6204962730407715,5.6204962730407715,5.6204962730407715,5.6204962730407715,0.0
2013-05-13,5.6204962730407715,5.6204962730407715,5.6204962730407715,5.6204962730407715,0.0
2013-05-14,5.6204962730407715,5.6204962730407715,5.6204962730407715,5.6204962730407715,0.0
2013-05-15,5.6204962730407715,5.6204962730407715,5.6204962730407715,5.6204962730407715,0.0
2013-05-16,5.6204962730407715,5.6204962730407715,5.6204962730407715,5.6204962730407715,0.0
2013-05-17,5.6204962730407715,5.6204962730407715,5.6204962730407715,5.6204962730407715,0.0
2013-05-20,5.6204962730407715,5.6204962730407715,5.6204962730407715,5.6204962730407715,0.0
2013-05-21,5.6204962730407715,5.6204962730407715,5.6204962730407715,5.6204962730407715,0.0
2013-05-22,5.6204962730407715,5.6204962730407715,5.6204962730407715,5.6204962730407715,0.0
2013-05-23,5.6204962730407715,5.6204962730407715,5.6204962730407715,5.6204962730407715,0.0
2013-05-24,5.6204962730407715,5.6204962730407715,5.6204962730407715,5.6204962730407715,0.0
2013-05-28,5.6204962730407715,5.6204962730407715,5.6204962730407715,5.6204962730407715,0.0
2013-05-29,5.6204962730407715,5.6204962730407715,5.6204962730407715,5.6204962730407715,0.0
2013-05-30,5.6204962730407715,5.6204962730407715,5.6204962730407715,5.6204962730407715,0.0
2013-05-31,5.6204962730407715,5.6204962730407715,5.6204962730407715,5.6204962730407715,0.0
2013-06-03,5.6204962730407715,5.6204962730407715,5.6204962730407715,5.6204962730407715,0.0
2013-06-04,5.6204962730407715,5.6204962730407715,5.6204962730407715,5.6204962730407715,0.0
2013-06-05,5.6204962730407715,5.6204962730407715,5.6204962730407715,5.6204962730407715,0.0
2013-06-06,5.869190692901611,5.869190692901611,5.869190692901611,5.869190692901611,500.0
2013-06-07,6.6053266525268555,6.6053266525268555,6.6053266525268555,6.6053266525268555,100.0
2013-06-10,6.6053266525268555,6.6053266525268555,6.6053266525268555,6.6053266525268555,0.0
2013-06-11,7.5603132247924805,7.5603132247924805,7.5603132247924805,7.5603132247924805,100.0
2013-06-12,7.5603132247924805,7.5603132247924805,7.5603132247924805,7.5603132247924805,0.0
2013-06-13,7.5603132247924805,7.5603132247924805,7.5603132247924805,7.5603132247924805,100.0
2013-06-14,7.5603132247924805,7.5603132247924805,7.5603132247924805,7.5603132247924805,0.0
2013-06-17,7.5603132247924805,7.5603132247924805,7.5603132247924805,7.5603132247924805,0.0
2013-06-18,7.5603132247924805,7.5603132247924805,7.5603132247924805,7.5603132247924805,0.0
2013-06-19,7.5603132247924805,7.5603132247924805,7.5603132247924805,7.5603132247924805,0.0
2013-06-20,7.5603132247924805,7.5603132247924805,7.5603132247924805,7.5603132247924805,0.0
2013-06-21,7.5603132247924805,7.5603132247924805,7.5603132247924805,7.5603132247924805,0.0
2013-06-24,7.5603132247924805,7.5603132247924805,7.5603132247924805,7.5603132247924805,0.0
2013-06-25,7.5603132247924805,7.5603132247924805,7.5603132247924805,7.5603132247924805,0.0
2013-06-26,7.5603132247924805,7.5603132247924805,7.5603132247924805,7.5603132247924805,0.0
2013-06-27,7.5603132247924805,7.5603132247924805,7.5603132247924805,7.5603132247924805,0.0
2013-06-28,7.5603132247924805,7.5603132247924805,7.5603132247924805,7.5603132247924805,0.0
2013-07-01,7.5603132247924805,7.5603132247924805,7.5603132247924805,7.5603132247924805,0.0
2013-07-02,7.5603132247924805,7.5603132247924805,7.5603132247924805,7.5603132247924805,0.0
2013-07-03,7.5603132247924805,7.5603132247924805,7.5603132247924805,7.5603132247924805,0.0
2013-07-05,7.5603132247924805,7.5603132247924805,7.5603132247924805,7.5603132247924805,0.0
2013-07-08,7.5603132247924805,7.5603132247924805,7.5603132247924805,7.5603132247924805,0.0
2013-07-09,7.5603132247924805,7.5603132247924805,7.5603132247924805,7.5603132247924805,0.0
2013-07-10,7.5603132247924805,7.5603132247924805,7.5603132247924805,7.5603132247924805,0.0
2013-07-11,7.5603132247924805,7.5603132247924805,7.5603132247924805,7.5603132247924805,0.0
2013-07-12,7.5603132247924805,7.5603132247924805,7.5603132247924805,7.5603132247924805,0.0
2013-07-15,7.5603132247924805,7.5603132247924805,7.5603132247924805,7.5603132247924805,0.0
2013-07-16,7.5603132247924805,7.5603132247924805,7.5603132247924805,7.5603132247924805,0.0
2013-07-17,7.5603132247924805,7.5603132247924805,7.5603132247924805,7.5603132247924805,0.0
2013-07-18,7.5603132247924805,7.5603132247924805,7.5603132247924805,7.5603132247924805,0.0
2013-07-19,7.5603132247924805,7.5603132247924805,7.5603132247924805,7.5603132247924805,0.0
2013-07-22,7.5603132247924805,7.5603132247924805,7.5603132247924805,7.5603132247924805,0.0
2013-07-23,7.5603132247924805,7.5603132247924805,7.5603132247924805,7.5603132247924805,0.0
2013-07-24,7.5603132247924805,7.5603132247924805,7.5603132247924805,7.5603132247924805,0.0
2013-07-25,7.5603132247924805,7.5603132247924805,7.5603132247924805,7.5603132247924805,0.0
2013-07-26,7.5603132247924805,7.5603132247924805,7.5603132247924805,7.5603132247924805,0.0
2013-07-29,7.5603132247924805,7.5603132247924805,7.5603132247924805,7.5603132247924805,0.0
2013-07-30,7.5603132247924805,7.5603132247924805,7.5603132247924805,7.5603132247924805,0.0
2013-07-31,7.5603132247924805,7.5603132247924805,7.5603132247924805,7.5603132247924805,0.0
2013-08-01,7.5603132247924805,7.5603132247924805,7.5603132247924805,7.5603132247924805,0.0
2013-08-02,7.5603132247924805,7.5603132247924805,7.5603132247924805,7.5603132247924805,0.0
2013-08-05,7.5603132247924805,7.5603132247924805,7.5603132247924805,7.5603132247924805,0.0
2013-08-06,7.5603132247924805,7.5603132247924805,7.5603132247924805,7.5603132247924805,0.0
2013-08-07,7.5603132247924805,7.5603132247924805,7.5603132247924805,7.5603132247924805,0.0
2013-08-08,7.5603132247924805,7.5603132247924805,7.5603132247924805,7.5603132247924805,0.0
2013-08-09,7.5603132247924805,7.5603132247924805,7.5603132247924805,7.5603132247924805,0.0
2013-08-12,7.5603132247924805,7.5603132247924805,7.5603132247924805,7.5603132247924805,0.0
2013-08-13,7.5603132247924805,7.5603132247924805,7.5603132247924805,7.5603132247924805,0.0
2013-08-14,7.5603132247924805,7.5603132247924805,7.5603132247924805,7.5603132247924805,0.0
2013-08-15,7.5603132247924805,7.5603132247924805,7.5603132247924805,7.5603132247924805,0.0
2013-08-16,7.5603132247924805,7.5603132247924805,7.5603132247924805,7.5603132247924805,0.0
2013-08-19,7.5603132247924805,7.5603132247924805,7.5603132247924805,7.5603132247924805,0.0
2013-08-20,7.5603132247924805,7.5603132247924805,7.5603132247924805,7.5603132247924805,0.0
2013-08-21,7.5603132247924805,7.5603132247924805,7.5603132247924805,7.5603132247924805,0.0
2013-08-22,7.5603132247924805,7.5603132247924805,7.5603132247924805,7.5603132247924805,0.0
2013-08-23,7.5603132247924805,7.5603132247924805,7.5603132247924805,7.5603132247924805,0.0
2013-08-26,7.5603132247924805,7.5603132247924805,7.5603132247924805,7.5603132247924805,0.0
2013-08-27,7.5603132247924805,7.5603132247924805,7.5603132247924805,7.5603132247924805,0.0
2013-08-28,7.5603132247924805,7.5603132247924805,7.5603132247924805,7.5603132247924805,0.0
2013-08-29,7.5603132247924805,7.5603132247924805,7.5603132247924805,7.5603132247924805,0.0
2013-08-30,7.5603132247924805,7.5603132247924805,7.5603132247924805,7.5603132247924805,0.0
2013-09-03,7.5603132247924805,7.5603132247924805,7.5603132247924805,7.5603132247924805,0.0
2013-09-04,7.5603132247924805,7.5603132247924805,7.5603132247924805,7.5603132247924805,0.0
2013-09-05,7.5603132247924805,7.5603132247924805,7.5603132247924805,7.5603132247924805,0.0
2013-09-06,7.5603132247924805,7.5603132247924805,7.5603132247924805,7.5603132247924805,0.0
2013-09-09,7.5603132247924805,7.5603132247924805,7.5603132247924805,7.5603132247924805,0.0
2013-09-10,7.5603132247924805,7.5603132247924805,7.5603132247924805,7.5603132247924805,0.0
2013-09-11,7.5603132247924805,7.5603132247924805,7.5603132247924805,7.5603132247924805,0.0
2013-09-12,7.5603132247924805,7.5603132247924805,7.5603132247924805,7.5603132247924805,0.0
2013-09-13,7.5603132247924805,7.5603132247924805,7.5603132247924805,7.5603132247924805,0.0
2013-09-16,7.5603132247924805,7.5603132247924805,7.5603132247924805,7.5603132247924805,0.0
2013-09-17,7.5603132247924805,7.5603132247924805,7.5603132247924805,7.5603132247924805,0.0
2013-09-18,7.5603132247924805,7.5603132247924805,7.5603132247924805,7.5603132247924805,0.0
2013-09-19,7.5603132247924805,7.5603132247924805,7.5603132247924805,7.5603132247924805,0.0
2013-09-20,7.5603132247924805,7.5603132247924805,7.5603132247924805,7.5603132247924805,0.0
2013-09-23,7.5603132247924805,7.5603132247924805,7.5603132247924805,7.5603132247924805,0.0
2013-09-24,7.5603132247924805,7.5603132247924805,7.5603132247924805,7.5603132247924805,0.0
2013-09-25,7.5603132247924805,7.5603132247924805,7.5603132247924805,7.5603132247924805,0.0
2013-09-26,7.5603132247924805,7.5603132247924805,7.5603132247924805,7.5603132247924805,0.0
2013-09-27,7.5603132247924805,7.5603132247924805,7.5603132247924805,7.5603132247924805,0.0
2013-09-30,7.5603132247924805,7.5603132247924805,7.5603132247924805,7.5603132247924805,0.0
2013-10-01,7.5603132247924805,7.5603132247924805,7.5603132247924805,7.5603132247924805,0.0
2013-10-02,6.515796661376953,6.515796661376953,6.515796661376953,6.515796661376953,100.0
2013-10-03,6.515796661376953,6.515796661376953,6.515796661376953,6.515796661376953,0.0
2013-10-04,6.515796661376953,6.515796661376953,6.515796661376953,6.515796661376953,0.0
2013-10-07,6.515796661376953,6.515796661376953,6.515796661376953,6.515796661376953,100.0
2013-10-08,6.515796661376953,6.515796661376953,6.515796661376953,6.515796661376953,0.0
2013-10-09,6.515796661376953,6.515796661376953,6.515796661376953,6.515796661376953,0.0
2013-10-10,6.515796661376953,6.515796661376953,6.515796661376953,6.515796661376953,0.0
2013-10-11,6.515796661376953,6.515796661376953,6.515796661376953,6.515796661376953,0.0
2013-10-14,6.515796661376953,6.515796661376953,6.515796661376953,6.515796661376953,0.0
2013-10-15,6.515796661376953,6.515796661376953,6.515796661376953,6.515796661376953,0.0
2013-10-16,6.515796661376953,6.515796661376953,6.515796661376953,6.515796661376953,0.0
2013-10-17,6.515796661376953,6.515796661376953,6.515796661376953,6.515796661376953,0.0
2013-10-18,6.515796661376953,6.515796661376953,6.515796661376953,6.515796661376953,0.0
2013-10-21,6.515796661376953,6.515796661376953,6.515796661376953,6.515796661376953,200.0
2013-10-22,6.515796661376953,6.515796661376953,6.515796661376953,6.515796661376953,0.0
2013-10-23,6.515796661376953,6.515796661376953,6.515796661376953,6.515796661376953,0.0
2013-10-24,6.515796661376953,6.515796661376953,6.515796661376953,6.515796661376953,0.0
2013-10-25,6.515796661376953,6.515796661376953,6.515796661376953,6.515796661376953,0.0
2013-10-28,6.515796661376953,6.515796661376953,6.515796661376953,6.515796661376953,0.0
2013-10-29,6.515796661376953,6.515796661376953,6.515796661376953,6.515796661376953,0.0
2013-10-30,6.515796661376953,6.515796661376953,6.515796661376953,6.515796661376953,0.0
2013-10-31,6.515796661376953,6.515796661376953,6.515796661376953,6.515796661376953,0.0
2013-11-01,6.515796661376953,6.515796661376953,6.515796661376953,6.515796661376953,0.0
2013-11-04,6.515796661376953,6.515796661376953,6.515796661376953,6.515796661376953,0.0
2013-11-05,6.515796661376953,6.515796661376953,6.515796661376953,6.515796661376953,0.0
2013-11-06,6.515796661376953,6.515796661376953,6.515796661376953,6.515796661376953,0.0
2013-11-07,6.515796661376953,6.515796661376953,6.515796661376953,6.515796661376953,0.0
2013-11-08,6.515796661376953,6.515796661376953,6.515796661376953,6.515796661376953,0.0
2013-11-11,6.515796661376953,6.515796661376953,6.515796661376953,6.515796661376953,0.0
2013-11-12,6.515796661376953,6.515796661376953,6.515796661376953,6.515796661376953,0.0
2013-11-13,6.515796661376953,6.515796661376953,6.515796661376953,6.515796661376953,0.0
2013-11-14,6.515796661376953,6.515796661376953,6.515796661376953,6.515796661376953,0.0
2013-11-15,6.515796661376953,6.515796661376953,6.515796661376953,6.515796661376953,0.0
2013-11-18,6.515796661376953,6.515796661376953,6.515796661376953,6.515796661376953,0.0
2013-11-19,6.515796661376953,6.515796661376953,6.515796661376953,6.515796661376953,0.0
2013-11-20,6.515796661376953,6.515796661376953,6.515796661376953,6.515796661376953,0.0
2013-11-21,6.515796661376953,6.515796661376953,6.515796661376953,6.515796661376953,0.0
2013-11-22,6.515796661376953,6.515796661376953,6.515796661376953,6.515796661376953,0.0
2013-11-25,6.515796661376953,6.515796661376953,6.515796661376953,6.515796661376953,0.0
2013-11-26,6.515796661376953,6.515796661376953,6.515796661376953,6.515796661376953,0.0
2013-11-27,6.515796661376953,6.515796661376953,6.515796661376953,6.515796661376953,0.0
2013-11-29,6.515796661376953,6.515796661376953,6.515796661376953,6.515796661376953,0.0
2013-12-02,6.515796661376953,6.515796661376953,6.515796661376953,6.515796661376953,0.0
2013-12-03,6.515796661376953,6.515796661376953,6.515796661376953,6.515796661376953,0.0
2013-12-04,6.515796661376953,6.515796661376953,6.515796661376953,6.515796661376953,0.0
2013-12-05,6.515796661376953,6.515796661376953,6.515796661376953,6.515796661376953,0.0
2013-12-06,6.515796661376953,6.515796661376953,6.515796661376953,6.515796661376953,0.0
2013-12-09,7.958224773406982,7.958224773406982,7.958224773406982,7.958224773406982,100.0
2013-12-10,7.958224773406982,7.958224773406982,7.958224773406982,7.958224773406982,0.0
2013-12-11,7.958224773406982,7.958224773406982,7.958224773406982,7.958224773406982,0.0
2013-12-12,7.958224773406982,7.958224773406982,7.958224773406982,7.958224773406982,0.0
2013-12-13,7.958224773406982,7.958224773406982,7.958224773406982,7.958224773406982,0.0
2013-12-16,7.958224773406982,7.958224773406982,7.958224773406982,7.958224773406982,0.0
2013-12-17,7.958224773406982,7.958224773406982,7.958224773406982,7.958224773406982,0.0
2013-12-18,6.963446617126465,6.963446617126465,6.963446617126465,6.963446617126465,100.0
2013-12-19,6.963446617126465,6.963446617126465,6.963446617126465,6.963446617126465,0.0
2013-12-20,6.963446617126465,6.963446617126465,6.963446617126465,6.963446617126465,0.0
2013-12-23,6.963446617126465,6.963446617126465,6.963446617126465,6.963446617126465,0.0
2013-12-24,6.963446617126465,6.963446617126465,6.963446617126465,6.963446617126465,0.0
2013-12-26,6.963446617126465,6.963446617126465,6.963446617126465,6.963446617126465,0.0
2013-12-27,6.963446617126465,6.963446617126465,6.963446617126465,6.963446617126465,0.0
2013-12-30,6.963446617126465,6.963446617126465,6.963446617126465,6.963446617126465,0.0
2013-12-31,6.963446617126465,6.963446617126465,6.963446617126465,6.963446617126465,0.0
2014-01-02,6.963446617126465,6.963446617126465,6.963446617126465,6.963446617126465,0.0
2014-01-03,6.963446617126465,6.963446617126465,6.963446617126465,6.963446617126465,0.0
2014-01-06,6.963446617126465,6.963446617126465,6.963446617126465,6.963446617126465,0.0
2014-01-07,6.963446617126465,6.963446617126465,6.963446617126465,6.963446617126465,0.0
2014-01-08,6.963446617126465,6.963446617126465,6.963446617126465,6.963446617126465,0.0
2014-01-09,6.963446617126465,6.963446617126465,6.963446617126465,6.963446617126465,0.0
2014-01-10,6.963446617126465,6.963446617126465,6.963446617126465,6.963446617126465,0.0
2014-01-13,6.963446617126465,6.963446617126465,6.963446617126465,6.963446617126465,0.0
2014-01-14,6.963446617126465,6.963446617126465,6.963446617126465,6.963446617126465,0.0
2014-01-15,6.963446617126465,6.963446617126465,6.963446617126465,6.963446617126465,0.0
2014-01-16,6.963446617126465,6.963446617126465,6.963446617126465,6.963446617126465,0.0
2014-01-17,6.963446617126465,6.963446617126465,6.963446617126465,6.963446617126465,0.0
2014-01-21,6.963446617126465,6.963446617126465,6.963446617126465,6.963446617126465,0.0
2014-01-22,6.963446617126465,6.963446617126465,6.963446617126465,6.963446617126465,0.0
2014-01-23,6.963446617126465,6.963446617126465,6.963446617126465,6.963446617126465,0.0
2014-01-24,6.963446617126465,6.963446617126465,6.963446617126465,6.963446617126465,0.0
2014-01-27,6.963446617126465,6.963446617126465,6.963446617126465,6.963446617126465,0.0
2014-01-28,6.963446617126465,6.963446617126465,6.963446617126465,6.963446617126465,0.0
2014-01-29,7.709530353546143,7.709530353546143,7.709530353546143,7.709530353546143,200.0
2014-01-30,7.709530353546143,7.709530353546143,7.709530353546143,7.709530353546143,0.0
2014-01-31,7.709530353546143,7.709530353546143,7.709530353546143,7.709530353546143,0.0
2014-02-03,7.709530353546143,7.709530353546143,7.709530353546143,7.709530353546143,0.0
2014-02-04,7.709530353546143,7.709530353546143,7.709530353546143,7.709530353546143,0.0
2014-02-05,7.709530353546143,7.709530353546143,7.709530353546143,7.709530353546143,0.0
2014-02-06,7.709530353546143,7.709530353546143,7.709530353546143,7.709530353546143,0.0
2014-02-07,7.709530353546143,7.709530353546143,7.709530353546143,7.709530353546143,0.0
2014-02-10,7.709530353546143,7.709530353546143,7.709530353546143,7.709530353546143,0.0
2014-02-11,7.709530353546143,7.709530353546143,7.709530353546143,7.709530353546143,0.0
2014-02-12,7.709530353546143,7.709530353546143,7.709530353546143,7.709530353546143,0.0
2014-02-13,7.709530353546143,7.709530353546143,7.709530353546143,7.709530353546143,0.0
2014-02-14,7.709530353546143,7.709530353546143,7.709530353546143,7.709530353546143,0.0
2014-02-18,7.709530353546143,7.709530353546143,7.709530353546143,7.709530353546143,0.0
2014-02-19,7.709530353546143,7.709530353546143,7.709530353546143,7.709530353546143,0.0
2014-02-20,7.709530353546143,7.709530353546143,7.709530353546143,7.709530353546143,0.0
2014-02-21,7.709530353546143,7.709530353546143,7.709530353546143,7.709530353546143,0.0
2014-02-24,7.709530353546143,7.709530353546143,7.709530353546143,7.709530353546143,0.0
2014-02-25,7.709530353546143,7.709530353546143,7.709530353546143,7.709530353546143,0.0
2014-02-26,7.709530353546143,7.709530353546143,7.709530353546143,7.709530353546143,0.0
2014-02-27,7.709530353546143,7.709530353546143,7.709530353546143,7.709530353546143,0.0
2014-02-28,7.709530353546143,7.709530353546143,7.709530353546143,7.709530353546143,0.0
2014-03-03,7.709530353546143,7.709530353546143,7.709530353546143,7.709530353546143,0.0
2014-03-04,7.709530353546143,7.709530353546143,7.709530353546143,7.709530353546143,0.0
2014-03-05,7.709530353546143,7.709530353546143,7.709530353546143,7.709530353546143,0.0
2014-03-06,7.709530353546143,7.709530353546143,7.709530353546143,7.709530353546143,0.0
2014-03-07,7.709530353546143,7.709530353546143,7.709530353546143,7.709530353546143,0.0
2014-03-10,7.709530353546143,7.709530353546143,7.709530353546143,7.709530353546143,0.0
2014-03-11,7.709530353546143,7.709530353546143,7.709530353546143,7.709530353546143,0.0
2014-03-12,7.709530353546143,7.709530353546143,7.709530353546143,7.709530353546143,0.0
2014-03-13,7.709530353546143,7.709530353546143,7.709530353546143,7.709530353546143,0.0
2014-03-14,7.709530353546143,7.709530353546143,7.709530353546143,7.709530353546143,0.0
2014-03-17,7.709530353546143,7.709530353546143,7.709530353546143,7.709530353546143,0.0
2014-03-18,7.709530353546143,7.709530353546143,7.709530353546143,7.709530353546143,0.0
2014-03-19,7.709530353546143,7.709530353546143,7.709530353546143,7.709530353546143,0.0
2014-03-20,7.709530353546143,7.709530353546143,7.709530353546143,7.709530353546143,0.0
2014-03-21,7.709530353546143,7.709530353546143,7.709530353546143,7.709530353546143,0.0
2014-03-24,7.709530353546143,7.709530353546143,7.709530353546143,7.709530353546143,0.0
2014-03-25,7.709530353546143,7.709530353546143,7.709530353546143,7.709530353546143,0.0
2014-03-26,7.709530353546143,7.709530353546143,7.709530353546143,7.709530353546143,0.0
2014-03-27,6.963446617126465,6.963446617126465,6.963446617126465,6.963446617126465,400.0
2014-03-28,6.963446617126465,6.963446617126465,6.963446617126465,6.963446617126465,0.0
2014-03-31,6.963446617126465,6.963446617126465,6.963446617126465,6.963446617126465,0.0
2014-04-01,6.963446617126465,6.963446617126465,6.963446617126465,6.963446617126465,0.0
2014-04-02,6.963446617126465,6.963446617126465,6.963446617126465,6.963446617126465,0.0
2014-04-03,6.963446617126465,6.963446617126465,6.963446617126465,6.963446617126465,0.0
2014-04-04,6.963446617126465,6.963446617126465,6.963446617126465,6.963446617126465,0.0
2014-04-07,6.963446617126465,6.963446617126465,6.963446617126465,6.963446617126465,0.0
2014-04-08,6.963446617126465,6.963446617126465,6.963446617126465,6.963446617126465,0.0
2014-04-09,6.963446617126465,6.963446617126465,6.963446617126465,6.963446617126465,0.0
2014-04-10,6.515796661376953,6.515796661376953,6.515796661376953,6.515796661376953,300.0
2014-04-11,6.515796661376953,6.515796661376953,6.515796661376953,6.515796661376953,0.0
2014-04-14,6.515796661376953,6.515796661376953,6.515796661376953,6.515796661376953,0.0
2014-04-15,6.515796661376953,6.515796661376953,6.515796661376953,6.515796661376953,0.0
2014-04-16,6.515796661376953,6.515796661376953,6.515796661376953,6.515796661376953,0.0
2014-04-17,6.515796661376953,6.515796661376953,6.515796661376953,6.515796661376953,0.0
2014-04-21,6.515796661376953,6.515796661376953,6.515796661376953,6.515796661376953,0.0
2014-04-22,6.5058488845825195,6.5058488845825195,6.5058488845825195,6.5058488845825195,200.0
2014-04-23,6.078094482421875,6.078094482421875,6.078094482421875,6.078094482421875,500.0
2014-04-24,6.078094482421875,6.078094482421875,6.078094482421875,6.078094482421875,0.0
2014-04-25,6.078094482421875,6.078094482421875,6.078094482421875,6.078094482421875,0.0
2014-04-28,6.078094482421875,6.078094482421875,6.078094482421875,6.078094482421875,0.0
2014-04-29,6.078094482421875,6.078094482421875,6.078094482421875,6.078094482421875,0.0
2014-04-30,6.078094482421875,6.078094482421875,6.078094482421875,6.078094482421875,0.0
2014-05-01,6.078094482421875,6.078094482421875,6.078094482421875,6.078094482421875,0.0
2014-05-02,6.078094482421875,6.078094482421875,6.078094482421875,6.078094482421875,0.0
2014-05-05,6.078094482421875,6.078094482421875,6.078094482421875,6.078094482421875,0.0
2014-05-06,6.078094482421875,6.078094482421875,6.078094482421875,6.078094482421875,0.0
2014-05-07,6.078094482421875,6.078094482421875,6.078094482421875,6.078094482421875,0.0
2014-05-08,6.078094482421875,6.078094482421875,6.078094482421875,6.078094482421875,0.0
2014-05-09,6.078094482421875,6.078094482421875,6.078094482421875,6.078094482421875,0.0
2014-05-12,6.078094482421875,6.078094482421875,6.078094482421875,6.078094482421875,0.0
2014-05-13,6.078094482421875,6.078094482421875,6.078094482421875,6.078094482421875,0.0
2014-05-14,6.078094482421875,6.078094482421875,6.078094482421875,6.078094482421875,0.0
2014-05-15,6.078094482421875,6.078094482421875,6.078094482421875,6.078094482421875,0.0
2014-05-16,6.078094482421875,6.078094482421875,6.078094482421875,6.078094482421875,0.0
2014-05-19,6.078094482421875,6.078094482421875,6.078094482421875,6.078094482421875,0.0
2014-05-20,6.078094482421875,6.078094482421875,6.078094482421875,6.078094482421875,0.0
2014-05-21,6.078094482421875,6.078094482421875,6.078094482421875,6.078094482421875,0.0
2014-05-22,6.078094482421875,6.078094482421875,6.078094482421875,6.078094482421875,0.0
2014-05-23,6.078094482421875,6.078094482421875,6.078094482421875,6.078094482421875,0.0
2014-05-27,6.078094482421875,6.078094482421875,6.078094482421875,6.078094482421875,0.0
2014-05-28,6.078094482421875,6.078094482421875,6.078094482421875,6.078094482421875,0.0
2014-05-29,6.078094482421875,6.078094482421875,6.078094482421875,6.078094482421875,0.0
2014-05-30,6.078094482421875,6.078094482421875,6.078094482421875,6.078094482421875,0.0
2014-06-02,6.078094482421875,6.078094482421875,6.078094482421875,6.078094482421875,0.0
2014-06-03,6.078094482421875,6.078094482421875,6.078094482421875,6.078094482421875,0.0
2014-06-04,6.078094482421875,6.078094482421875,6.078094482421875,6.078094482421875,0.0
2014-06-05,6.078094482421875,6.078094482421875,6.078094482421875,6.078094482421875,0.0
2014-06-06,6.078094482421875,6.078094482421875,6.078094482421875,6.078094482421875,0.0
2014-06-09,6.466057777404785,6.466057777404785,6.466057777404785,6.466057777404785,500.0
2014-06-10,6.466057777404785,6.466057777404785,6.466057777404785,6.466057777404785,0.0
2014-06-11,6.466057777404785,6.466057777404785,6.466057777404785,6.466057777404785,0.0
2014-06-12,6.466057777404785,6.466057777404785,6.466057777404785,6.466057777404785,0.0
2014-06-13,6.466057777404785,6.466057777404785,6.466057777404785,6.466057777404785,0.0
2014-06-16,6.466057777404785,6.466057777404785,6.466057777404785,6.466057777404785,0.0
2014-06-17,6.466057777404785,6.466057777404785,6.466057777404785,6.466057777404785,0.0
2014-06-18,6.466057777404785,6.466057777404785,6.466057777404785,6.466057777404785,0.0
2014-06-19,6.466057777404785,6.466057777404785,6.466057777404785,6.466057777404785,100.0
2014-06-20,6.466057777404785,6.466057777404785,6.466057777404785,6.466057777404785,0.0
2014-06-23,6.466057777404785,6.466057777404785,6.466057777404785,6.466057777404785,0.0
2014-06-24,6.466057777404785,6.466057777404785,6.466057777404785,6.466057777404785,0.0
2014-06-25,6.466057777404785,6.466057777404785,6.466057777404785,6.466057777404785,0.0
2014-06-26,6.466057777404785,6.466057777404785,6.466057777404785,6.466057777404785,0.0
2014-06-27,6.466057777404785,6.466057777404785,6.466057777404785,6.466057777404785,0.0
2014-06-30,6.466057777404785,6.466057777404785,6.466057777404785,6.466057777404785,0.0
2014-07-01,6.466057777404785,6.466057777404785,6.466057777404785,6.466057777404785,0.0
2014-07-02,6.466057777404785,6.466057777404785,6.466057777404785,6.466057777404785,0.0
2014-07-03,6.466057777404785,6.466057777404785,6.466057777404785,6.466057777404785,0.0
2014-07-07,6.466057777404785,6.466057777404785,6.466057777404785,6.466057777404785,0.0
2014-07-08,6.466057777404785,6.466057777404785,6.466057777404785,6.466057777404785,0.0
2014-07-09,6.466057777404785,6.466057777404785,6.466057777404785,6.466057777404785,0.0
2014-07-10,6.466057777404785,6.466057777404785,6.466057777404785,6.466057777404785,0.0
2014-07-11,6.466057777404785,6.466057777404785,6.466057777404785,6.466057777404785,0.0
2014-07-14,6.466057777404785,6.466057777404785,6.466057777404785,6.466057777404785,0.0
2014-07-15,6.466057777404785,6.466057777404785,6.466057777404785,6.466057777404785,0.0
2014-07-16,6.466057777404785,6.466057777404785,6.466057777404785,6.466057777404785,0.0
2014-07-17,6.466057777404785,6.466057777404785,6.466057777404785,6.466057777404785,0.0
2014-07-18,6.466057777404785,6.466057777404785,6.466057777404785,6.466057777404785,0.0
2014-07-21,6.466057777404785,6.466057777404785,6.466057777404785,6.466057777404785,0.0
2014-07-22,6.466057777404785,6.466057777404785,6.466057777404785,6.466057777404785,0.0
2014-07-23,6.466057777404785,6.466057777404785,6.466057777404785,6.466057777404785,0.0
2014-07-24,6.466057777404785,6.466057777404785,6.466057777404785,6.466057777404785,0.0
2014-07-25,6.466057777404785,6.466057777404785,6.466057777404785,6.466057777404785,0.0
2014-07-28,6.466057777404785,6.466057777404785,6.466057777404785,6.466057777404785,0.0
2014-07-29,6.466057777404785,6.466057777404785,6.466057777404785,6.466057777404785,0.0
2014-07-30,6.903759956359863,6.903759956359863,6.903759956359863,6.903759956359863,300.0
2014-07-31,6.903759956359863,6.903759956359863,6.903759956359863,6.903759956359863,0.0
2014-08-01,6.903759956359863,6.903759956359863,6.903759956359863,6.903759956359863,0.0
2014-08-04,6.903759956359863,6.903759956359863,6.903759956359863,6.903759956359863,0.0
2014-08-05,6.903759956359863,6.903759956359863,6.903759956359863,6.903759956359863,0.0
2014-08-06,6.903759956359863,6.903759956359863,6.903759956359863,6.903759956359863,0.0
2014-08-07,6.903759956359863,6.903759956359863,6.903759956359863,6.903759956359863,0.0
2014-08-08,6.903759956359863,6.903759956359863,6.903759956359863,6.903759956359863,0.0
2014-08-11,6.903759956359863,6.903759956359863,6.903759956359863,6.903759956359863,0.0
2014-08-12,6.903759956359863,6.903759956359863,6.903759956359863,6.903759956359863,0.0
2014-08-13,6.903759956359863,6.903759956359863,6.903759956359863,6.903759956359863,0.0
2014-08-14,6.903759956359863,6.903759956359863,6.903759956359863,6.903759956359863,0.0
2014-08-15,6.903759956359863,6.903759956359863,6.903759956359863,6.903759956359863,0.0
2014-08-18,6.903759956359863,6.903759956359863,6.903759956359863,6.903759956359863,0.0
2014-08-19,6.903759956359863,6.903759956359863,6.903759956359863,6.903759956359863,0.0
2014-08-20,6.903759956359863,6.903759956359863,6.903759956359863,6.903759956359863,0.0
2014-08-21,6.903759956359863,6.903759956359863,6.903759956359863,6.903759956359863,0.0
2014-08-22,6.903759956359863,6.903759956359863,6.903759956359863,6.903759956359863,0.0
2014-08-25,6.903759956359863,6.903759956359863,6.903759956359863,6.903759956359863,0.0
2014-08-26,6.903759956359863,6.903759956359863,6.903759956359863,6.903759956359863,0.0
2014-08-27,6.903759956359863,6.903759956359863,6.903759956359863,6.903759956359863,0.0
2014-08-28,6.903759956359863,6.903759956359863,6.903759956359863,6.903759956359863,0.0
2014-08-29,6.903759956359863,6.903759956359863,6.903759956359863,6.903759956359863,0.0
2014-09-02,6.903759956359863,6.903759956359863,6.903759956359863,6.903759956359863,0.0
2014-09-03,6.903759956359863,6.903759956359863,6.903759956359863,6.903759956359863,0.0
2014-09-04,6.903759956359863,6.903759956359863,6.903759956359863,6.903759956359863,0.0
2014-09-05,6.903759956359863,6.903759956359863,6.903759956359863,6.903759956359863,0.0
2014-09-08,6.903759956359863,6.903759956359863,6.903759956359863,6.903759956359863,0.0
2014-09-09,6.903759956359863,6.903759956359863,6.903759956359863,6.903759956359863,0.0
2014-09-10,6.903759956359863,6.903759956359863,6.903759956359863,6.903759956359863,0.0
2014-09-11,6.903759956359863,6.903759956359863,6.903759956359863,6.903759956359863,0.0
2014-09-12,6.903759956359863,6.903759956359863,6.903759956359863,6.903759956359863,0.0
2014-09-15,6.903759956359863,6.903759956359863,6.903759956359863,6.903759956359863,0.0
2014-09-16,6.903759956359863,6.903759956359863,6.903759956359863,6.903759956359863,0.0
2014-09-17,6.903759956359863,6.903759956359863,6.903759956359863,6.903759956359863,0.0
2014-09-18,6.903759956359863,6.903759956359863,6.903759956359863,6.903759956359863,0.0
2014-09-19,6.903759956359863,6.903759956359863,6.903759956359863,6.903759956359863,0.0
2014-09-22,6.903759956359863,6.903759956359863,6.903759956359863,6.903759956359863,0.0
2014-09-23,6.903759956359863,6.903759956359863,6.903759956359863,6.903759956359863,0.0
2014-09-24,6.903759956359863,6.903759956359863,6.903759956359863,6.903759956359863,0.0
2014-09-25,6.903759956359863,6.903759956359863,6.903759956359863,6.903759956359863,0.0
2014-09-26,6.903759956359863,6.903759956359863,6.903759956359863,6.903759956359863,0.0
2014-09-29,6.903759956359863,6.903759956359863,6.903759956359863,6.903759956359863,0.0
2014-09-30,6.903759956359863,6.903759956359863,6.903759956359863,6.903759956359863,0.0
2014-10-01,6.903759956359863,6.903759956359863,6.903759956359863,6.903759956359863,0.0
2014-10-02,6.903759956359863,6.903759956359863,6.903759956359863,6.903759956359863,0.0
2014-10-03,6.903759956359863,6.903759956359863,6.903759956359863,6.903759956359863,0.0
2014-10-06,6.903759956359863,6.903759956359863,6.903759956359863,6.903759956359863,0.0
2014-10-07,6.903759956359863,6.903759956359863,6.903759956359863,6.903759956359863,0.0
2014-10-08,6.903759956359863,6.903759956359863,6.903759956359863,6.903759956359863,0.0
2014-10-09,6.903759956359863,6.903759956359863,6.903759956359863,6.903759956359863,0.0
2014-10-10,6.903759956359863,6.903759956359863,6.903759956359863,6.903759956359863,0.0
2014-10-13,6.903759956359863,6.903759956359863,6.903759956359863,6.903759956359863,0.0
2014-10-14,6.903759956359863,6.903759956359863,6.903759956359863,6.903759956359863,0.0
2014-10-15,6.903759956359863,6.903759956359863,6.903759956359863,6.903759956359863,0.0
2014-10-16,6.903759956359863,6.903759956359863,6.903759956359863,6.903759956359863,0.0
2014-10-17,6.903759956359863,6.903759956359863,6.903759956359863,6.903759956359863,0.0
2014-10-20,6.903759956359863,6.903759956359863,6.903759956359863,6.903759956359863,0.0
2014-10-21,6.903759956359863,6.903759956359863,6.903759956359863,6.903759956359863,0.0
2014-10-22,6.903759956359863,6.903759956359863,6.903759956359863,6.903759956359863,0.0
2014-10-23,6.903759956359863,6.903759956359863,6.903759956359863,6.903759956359863,0.0
2014-10-24,6.903759956359863,6.903759956359863,6.903759956359863,6.903759956359863,0.0
2014-10-27,6.903759956359863,6.903759956359863,6.903759956359863,6.903759956359863,0.0
2014-10-28,6.903759956359863,6.903759956359863,6.903759956359863,6.903759956359863,0.0
2014-10-29,6.903759956359863,6.903759956359863,6.903759956359863,6.903759956359863,0.0
2014-10-30,6.903759956359863,6.903759956359863,6.903759956359863,6.903759956359863,0.0
2014-10-31,6.903759956359863,6.903759956359863,6.903759956359863,6.903759956359863,0.0
2014-11-03,6.903759956359863,6.903759956359863,6.903759956359863,6.903759956359863,0.0
2014-11-04,6.903759956359863,6.903759956359863,6.903759956359863,6.903759956359863,0.0
2014-11-05,6.903759956359863,6.903759956359863,6.903759956359863,6.903759956359863,0.0
2014-11-06,6.903759956359863,6.903759956359863,6.903759956359863,6.903759956359863,0.0
2014-11-07,6.903759956359863,6.903759956359863,6.903759956359863,6.903759956359863,0.0
2014-11-10,6.903759956359863,6.903759956359863,6.903759956359863,6.903759956359863,0.0
2014-11-11,6.903759956359863,6.903759956359863,6.903759956359863,6.903759956359863,0.0
2014-11-12,6.903759956359863,6.903759956359863,6.903759956359863,6.903759956359863,0.0
2014-11-13,6.903759956359863,6.903759956359863,6.903759956359863,6.903759956359863,0.0
2014-11-14,6.903759956359863,6.903759956359863,6.903759956359863,6.903759956359863,500.0
2014-11-17,6.903759956359863,6.903759956359863,6.903759956359863,6.903759956359863,0.0
2014-11-18,6.913707733154297,6.913707733154297,6.913707733154297,6.913707733154297,1000.0
2014-11-19,6.913707733154297,6.913707733154297,6.913707733154297,6.913707733154297,0.0
2014-11-20,6.913707733154297,6.913707733154297,6.913707733154297,6.913707733154297,0.0
2014-11-21,7.062924385070801,7.062924385070801,7.062924385070801,7.062924385070801,500.0
2014-11-24,7.062924385070801,7.062924385070801,7.062924385070801,7.062924385070801,0.0
2014-11-25,7.062924385070801,7.062924385070801,7.062924385070801,7.062924385070801,0.0
2014-11-26,7.062924385070801,7.062924385070801,7.062924385070801,7.062924385070801,0.0
2014-11-28,7.062924385070801,7.062924385070801,7.062924385070801,7.062924385070801,0.0
2014-12-01,7.062924385070801,7.062924385070801,7.062924385070801,7.062924385070801,0.0
2014-12-02,7.062924385070801,7.062924385070801,7.062924385070801,7.062924385070801,0.0
2014-12-03,6.913707733154297,6.913707733154297,6.913707733154297,6.913707733154297,100.0
2014-12-04,6.913707733154297,6.913707733154297,6.913707733154297,6.913707733154297,0.0
2014-12-05,6.913707733154297,6.913707733154297,6.913707733154297,6.913707733154297,0.0
2014-12-08,6.913707733154297,6.913707733154297,6.913707733154297,6.913707733154297,0.0
2014-12-09,6.913707733154297,6.913707733154297,6.913707733154297,6.913707733154297,0.0
2014-12-10,6.466057777404785,6.466057777404785,6.466057777404785,6.466057777404785,100.0
2014-12-11,6.466057777404785,6.466057777404785,6.466057777404785,6.466057777404785,0.0
2014-12-12,6.466057777404785,6.466057777404785,6.466057777404785,6.466057777404785,0.0
2014-12-15,6.466057777404785,6.466057777404785,6.466057777404785,6.466057777404785,0.0
2014-12-16,6.466057777404785,6.466057777404785,6.466057777404785,6.466057777404785,0.0
2014-12-17,6.466057777404785,6.466057777404785,6.466057777404785,6.466057777404785,0.0
2014-12-18,6.466057777404785,6.466057777404785,6.466057777404785,6.466057777404785,0.0
2014-12-19,6.466057777404785,6.466057777404785,6.466057777404785,6.466057777404785,0.0
2014-12-22,6.466057777404785,6.466057777404785,6.466057777404785,6.466057777404785,0.0
2014-12-23,6.466057777404785,6.466057777404785,6.466057777404785,6.466057777404785,0.0
2014-12-24,6.466057777404785,6.466057777404785,6.466057777404785,6.466057777404785,0.0
2014-12-26,6.466057777404785,6.466057777404785,6.466057777404785,6.466057777404785,0.0
2014-12-29,6.466057777404785,6.466057777404785,6.466057777404785,6.466057777404785,0.0
2014-12-30,6.466057777404785,6.466057777404785,6.466057777404785,6.466057777404785,0.0
2014-12-31,6.466057777404785,6.466057777404785,6.466057777404785,6.466057777404785,0.0
2015-01-02,6.466057777404785,6.466057777404785,6.466057777404785,6.466057777404785,0.0
2015-01-05,6.466057777404785,6.466057777404785,6.466057777404785,6.466057777404785,0.0
2015-01-06,6.466057777404785,6.466057777404785,6.466057777404785,6.466057777404785,0.0
2015-01-07,6.466057777404785,6.466057777404785,6.466057777404785,6.466057777404785,0.0
2015-01-08,6.466057777404785,6.466057777404785,6.466057777404785,6.466057777404785,0.0
2015-01-09,6.466057777404785,6.466057777404785,6.466057777404785,6.466057777404785,0.0
2015-01-12,6.466057777404785,6.466057777404785,6.466057777404785,6.466057777404785,0.0
2015-01-13,6.466057777404785,6.466057777404785,6.466057777404785,6.466057777404785,0.0
2015-01-14,6.466057777404785,6.466057777404785,6.466057777404785,6.466057777404785,0.0
2015-01-15,6.466057777404785,6.466057777404785,6.466057777404785,6.466057777404785,0.0
2015-01-16,6.466057777404785,6.466057777404785,6.466057777404785,6.466057777404785,0.0
2015-01-20,6.466057777404785,6.466057777404785,6.466057777404785,6.466057777404785,0.0
2015-01-21,6.466057777404785,6.466057777404785,6.466057777404785,6.466057777404785,0.0
2015-01-22,6.466057777404785,6.466057777404785,6.466057777404785,6.466057777404785,0.0
2015-01-23,6.466057777404785,6.466057777404785,6.466057777404785,6.466057777404785,0.0
2015-01-26,6.96344667036361,7.062924385070801,6.96344667036361,7.062924385070801,200.0
2015-01-27,7.062924385070801,7.062924385070801,7.062924385070801,7.062924385070801,0.0
2015-01-28,7.062924385070801,7.062924385070801,7.062924385070801,7.062924385070801,0.0
2015-01-29,7.062924385070801,7.062924385070801,7.062924385070801,7.062924385070801,0.0
2015-01-30,7.062924385070801,7.062924385070801,7.062924385070801,7.062924385070801,0.0
2015-02-02,7.062924385070801,7.062924385070801,7.062924385070801,7.062924385070801,0.0
2015-02-03,7.062924385070801,7.062924385070801,7.062924385070801,7.062924385070801,0.0
2015-02-04,7.062924385070801,7.062924385070801,7.062924385070801,7.062924385070801,0.0
2015-02-05,7.062924385070801,7.062924385070801,7.062924385070801,7.062924385070801,0.0
2015-02-06,7.062924385070801,7.062924385070801,7.062924385070801,7.062924385070801,0.0
2015-02-09,7.062924385070801,7.062924385070801,7.062924385070801,7.062924385070801,0.0
2015-02-10,7.062924385070801,7.062924385070801,7.062924385070801,7.062924385070801,0.0
2015-02-11,7.062924385070801,7.062924385070801,7.062924385070801,7.062924385070801,0.0
2015-02-12,7.062924385070801,7.062924385070801,7.062924385070801,7.062924385070801,0.0
2015-02-13,7.062924385070801,7.062924385070801,7.062924385070801,7.062924385070801,0.0
2015-02-17,7.062924385070801,7.062924385070801,7.062924385070801,7.062924385070801,0.0
2015-02-18,7.062924385070801,7.062924385070801,7.062924385070801,7.062924385070801,0.0
2015-02-19,7.062924385070801,7.062924385070801,7.062924385070801,7.062924385070801,0.0
2015-02-20,7.062924385070801,7.062924385070801,7.062924385070801,7.062924385070801,0.0
2015-02-23,7.062924385070801,7.062924385070801,7.062924385070801,7.062924385070801,0.0
2015-02-24,7.062924385070801,7.062924385070801,7.062924385070801,7.062924385070801,0.0
2015-02-25,7.062924385070801,7.062924385070801,7.062924385070801,7.062924385070801,0.0
2015-02-26,7.062924385070801,7.062924385070801,7.062924385070801,7.062924385070801,0.0
2015-02-27,7.062924385070801,7.062924385070801,7.062924385070801,7.062924385070801,0.0
2015-03-02,7.062924385070801,7.062924385070801,7.062924385070801,7.062924385070801,0.0
2015-03-03,7.062924385070801,7.062924385070801,7.062924385070801,7.062924385070801,0.0
2015-03-04,7.062924385070801,7.062924385070801,7.062924385070801,7.062924385070801,0.0
2015-03-05,7.062924385070801,7.062924385070801,7.062924385070801,7.062924385070801,0.0
2015-03-06,7.062924385070801,7.062924385070801,7.062924385070801,7.062924385070801,0.0
2015-03-09,7.062924385070801,7.062924385070801,7.062924385070801,7.062924385070801,0.0
2015-03-10,7.062924385070801,7.062924385070801,7.062924385070801,7.062924385070801,0.0
2015-03-11,7.062924385070801,7.062924385070801,7.062924385070801,7.062924385070801,0.0
2015-03-12,7.062924385070801,7.062924385070801,7.062924385070801,7.062924385070801,0.0
2015-03-13,7.062924385070801,7.062924385070801,7.062924385070801,7.062924385070801,0.0
2015-03-16,7.062924385070801,7.062924385070801,7.062924385070801,7.062924385070801,0.0
2015-03-17,7.062924385070801,7.062924385070801,7.062924385070801,7.062924385070801,0.0
2015-03-18,7.062924385070801,7.062924385070801,7.062924385070801,7.062924385070801,0.0
2015-03-19,7.062924385070801,7.062924385070801,7.062924385070801,7.062924385070801,0.0
2015-03-20,7.062924385070801,7.062924385070801,7.062924385070801,7.062924385070801,0.0
2015-03-23,7.062924385070801,7.062924385070801,7.062924385070801,7.062924385070801,0.0
2015-03-24,7.062924385070801,7.062924385070801,7.062924385070801,7.062924385070801,0.0
2015-03-25,7.062924385070801,7.062924385070801,7.062924385070801,7.062924385070801,0.0
2015-03-26,7.062924385070801,7.062924385070801,7.062924385070801,7.062924385070801,0.0
2015-03-27,7.062924385070801,7.062924385070801,7.062924385070801,7.062924385070801,0.0
2015-03-30,7.062924385070801,7.062924385070801,7.062924385070801,7.062924385070801,0.0
2015-03-31,7.062924385070801,7.062924385070801,7.062924385070801,7.062924385070801,0.0
2015-04-01,7.062924385070801,7.062924385070801,7.062924385070801,7.062924385070801,0.0
2015-04-02,7.062924385070801,7.062924385070801,7.062924385070801,7.062924385070801,0.0
2015-04-06,7.062924385070801,7.062924385070801,7.062924385070801,7.062924385070801,100.0
2015-04-07,7.062924385070801,7.062924385070801,7.062924385070801,7.062924385070801,0.0
2015-04-08,7.062924385070801,7.062924385070801,7.062924385070801,7.062924385070801,0.0
2015-04-09,7.062924385070801,7.062924385070801,7.062924385070801,7.062924385070801,0.0
2015-04-10,7.062924385070801,7.062924385070801,7.062924385070801,7.062924385070801,0.0
2015-04-13,7.062924385070801,7.062924385070801,7.062924385070801,7.062924385070801,0.0
2015-04-14,7.062924385070801,7.062924385070801,7.062924385070801,7.062924385070801,0.0
2015-04-15,7.062924385070801,7.062924385070801,7.062924385070801,7.062924385070801,0.0
2015-04-16,7.062924385070801,7.062924385070801,7.062924385070801,7.062924385070801,0.0
2015-04-17,7.062924385070801,7.062924385070801,7.062924385070801,7.062924385070801,0.0
2015-04-20,7.062924385070801,7.062924385070801,7.062924385070801,7.062924385070801,0.0
2015-04-21,7.062924385070801,7.062924385070801,7.062924385070801,7.062924385070801,0.0
2015-04-22,7.062924385070801,7.062924385070801,7.062924385070801,7.062924385070801,0.0
2015-04-23,7.062924385070801,7.062924385070801,7.062924385070801,7.062924385070801,0.0
2015-04-24,7.062924385070801,7.062924385070801,7.062924385070801,7.062924385070801,0.0
2015-04-27,7.062924385070801,7.062924385070801,7.062924385070801,7.062924385070801,0.0
2015-04-28,7.062924385070801,7.062924385070801,7.062924385070801,7.062924385070801,0.0
2015-04-29,7.062924385070801,7.062924385070801,7.062924385070801,7.062924385070801,0.0
2015-04-30,7.062924385070801,7.062924385070801,7.062924385070801,7.062924385070801,0.0
2015-05-01,7.062924385070801,7.062924385070801,7.062924385070801,7.062924385070801,0.0
2015-05-04,7.062924385070801,7.062924385070801,7.062924385070801,7.062924385070801,0.0
2015-05-05,7.062924385070801,7.062924385070801,7.062924385070801,7.062924385070801,0.0
2015-05-06,7.062924385070801,7.062924385070801,7.062924385070801,7.062924385070801,0.0
2015-05-07,7.062924385070801,7.062924385070801,7.062924385070801,7.062924385070801,0.0
2015-05-08,7.062924385070801,7.062924385070801,7.062924385070801,7.062924385070801,0.0
2015-05-11,7.062924385070801,7.062924385070801,7.062924385070801,7.062924385070801,0.0
2015-05-12,7.062924385070801,7.062924385070801,7.062924385070801,7.062924385070801,0.0
2015-05-13,7.062924385070801,7.062924385070801,7.062924385070801,7.062924385070801,0.0
2015-05-14,7.062924385070801,7.062924385070801,7.062924385070801,7.062924385070801,0.0
2015-05-15,7.062924385070801,7.062924385070801,7.062924385070801,7.062924385070801,0.0
2015-05-18,7.062924385070801,7.062924385070801,7.062924385070801,7.062924385070801,0.0
2015-05-19,7.062924385070801,7.062924385070801,7.062924385070801,7.062924385070801,0.0
2015-05-20,7.062924385070801,7.062924385070801,7.062924385070801,7.062924385070801,0.0
2015-05-21,7.062924385070801,7.062924385070801,7.062924385070801,7.062924385070801,0.0
2015-05-22,7.062924385070801,7.062924385070801,7.062924385070801,7.062924385070801,0.0
2015-05-26,7.062924385070801,7.062924385070801,7.062924385070801,7.062924385070801,0.0
2015-05-27,7.062924385070801,7.062924385070801,7.062924385070801,7.062924385070801,0.0
2015-05-28,7.062924385070801,7.062924385070801,7.062924385070801,7.062924385070801,0.0
2015-05-29,7.062924385070801,7.062924385070801,7.062924385070801,7.062924385070801,0.0
2015-06-01,7.062924385070801,7.062924385070801,7.062924385070801,7.062924385070801,0.0
2015-06-02,7.062924385070801,7.062924385070801,7.062924385070801,7.062924385070801,0.0
2015-06-03,7.062924385070801,7.062924385070801,7.062924385070801,7.062924385070801,0.0
2015-06-04,7.062924385070801,7.062924385070801,7.062924385070801,7.062924385070801,0.0
2015-06-05,7.062924385070801,7.062924385070801,7.062924385070801,7.062924385070801,0.0
2015-06-08,7.062924385070801,7.062924385070801,7.062924385070801,7.062924385070801,0.0
2015-06-09,7.062924385070801,7.062924385070801,7.062924385070801,7.062924385070801,0.0
2015-06-10,7.062924385070801,7.062924385070801,7.062924385070801,7.062924385070801,0.0
2015-06-11,7.062924385070801,7.062924385070801,7.062924385070801,7.062924385070801,0.0
2015-06-12,7.062924385070801,7.062924385070801,7.062924385070801,7.062924385070801,0.0
2015-06-15,7.062924385070801,7.062924385070801,7.062924385070801,7.062924385070801,0.0
2015-06-16,7.062924385070801,7.062924385070801,7.062924385070801,7.062924385070801,0.0
2015-06-17,7.062924385070801,7.062924385070801,7.062924385070801,7.062924385070801,0.0
2015-06-18,7.062924385070801,7.062924385070801,7.062924385070801,7.062924385070801,0.0
2015-06-19,7.062924385070801,7.062924385070801,7.062924385070801,7.062924385070801,0.0
2015-06-22,7.062924385070801,7.062924385070801,7.062924385070801,7.062924385070801,0.0
2015-06-23,7.062924385070801,7.062924385070801,7.062924385070801,7.062924385070801,0.0
2015-06-24,7.062924385070801,7.062924385070801,7.062924385070801,7.062924385070801,0.0
2015-06-25,7.062924385070801,7.062924385070801,7.062924385070801,7.062924385070801,0.0
2015-06-26,7.062924385070801,7.062924385070801,7.062924385070801,7.062924385070801,0.0
2015-06-29,7.062924385070801,7.062924385070801,7.062924385070801,7.062924385070801,0.0
2015-06-30,7.062924385070801,7.062924385070801,7.062924385070801,7.062924385070801,0.0
2015-07-01,7.062924385070801,7.062924385070801,7.062924385070801,7.062924385070801,0.0
2015-07-02,7.062924385070801,7.062924385070801,7.062924385070801,7.062924385070801,0.0
2015-07-06,7.062924385070801,7.062924385070801,7.062924385070801,7.062924385070801,0.0
2015-07-07,7.062924385070801,7.062924385070801,7.062924385070801,7.062924385070801,0.0
2015-07-08,7.062924385070801,7.062924385070801,7.062924385070801,7.062924385070801,0.0
2015-07-09,7.062924385070801,7.062924385070801,7.062924385070801,7.062924385070801,0.0
2015-07-10,7.062924385070801,7.062924385070801,7.062924385070801,7.062924385070801,0.0
2015-07-13,7.062924385070801,7.062924385070801,7.062924385070801,7.062924385070801,0.0
2015-07-14,7.062924385070801,7.062924385070801,7.062924385070801,7.062924385070801,0.0
2015-07-15,7.062924385070801,7.062924385070801,7.062924385070801,7.062924385070801,0.0
2015-07-16,7.062924385070801,7.062924385070801,7.062924385070801,7.062924385070801,0.0
2015-07-17,7.062924385070801,7.062924385070801,7.062924385070801,7.062924385070801,0.0
2015-07-20,7.062924385070801,7.062924385070801,7.062924385070801,7.062924385070801,0.0
2015-07-21,7.062924385070801,7.062924385070801,7.062924385070801,7.062924385070801,0.0
2015-07-22,7.062924385070801,7.062924385070801,7.062924385070801,7.062924385070801,0.0
2015-07-23,7.062924385070801,7.062924385070801,7.062924385070801,7.062924385070801,0.0
2015-07-24,7.062924385070801,7.062924385070801,7.062924385070801,7.062924385070801,0.0
2015-07-27,7.062924385070801,7.062924385070801,7.062924385070801,7.062924385070801,0.0
2015-07-28,7.062924385070801,7.062924385070801,7.062924385070801,7.062924385070801,0.0
2015-07-29,7.062924385070801,7.062924385070801,7.062924385070801,7.062924385070801,0.0
2015-07-30,7.062924385070801,7.062924385070801,7.062924385070801,7.062924385070801,0.0
2015-07-31,7.062924385070801,7.062924385070801,7.062924385070801,7.062924385070801,0.0
2015-08-03,7.062924385070801,7.062924385070801,7.062924385070801,7.062924385070801,0.0
2015-08-04,7.062924385070801,7.062924385070801,7.062924385070801,7.062924385070801,0.0
2015-08-05,7.062924385070801,7.062924385070801,7.062924385070801,7.062924385070801,0.0
2015-08-06,7.062924385070801,7.062924385070801,7.062924385070801,7.062924385070801,0.0
2015-08-07,7.062924385070801,7.062924385070801,7.062924385070801,7.062924385070801,0.0
2015-08-10,7.062924385070801,7.062924385070801,7.062924385070801,7.062924385070801,0.0
2015-08-11,7.062924385070801,7.062924385070801,7.062924385070801,7.062924385070801,0.0
2015-08-12,7.062924385070801,7.062924385070801,7.062924385070801,7.062924385070801,0.0
2015-08-13,7.062924385070801,7.062924385070801,7.062924385070801,7.062924385070801,0.0
2015-08-14,7.062924385070801,7.062924385070801,7.062924385070801,7.062924385070801,0.0
2015-08-17,7.062924385070801,7.062924385070801,7.062924385070801,7.062924385070801,0.0
2015-08-18,7.062924385070801,7.062924385070801,7.062924385070801,7.062924385070801,0.0
2015-08-19,7.062924385070801,7.062924385070801,7.062924385070801,7.062924385070801,0.0
2015-08-20,7.062924385070801,7.062924385070801,7.062924385070801,7.062924385070801,0.0
2015-08-21,7.062924385070801,7.062924385070801,7.062924385070801,7.062924385070801,0.0
2015-08-24,7.062924385070801,7.062924385070801,7.062924385070801,7.062924385070801,0.0
2015-08-25,7.062924385070801,7.062924385070801,7.062924385070801,7.062924385070801,0.0
2015-08-26,7.062924385070801,7.062924385070801,7.062924385070801,7.062924385070801,0.0
2015-08-27,7.062924385070801,7.062924385070801,7.062924385070801,7.062924385070801,0.0
2015-08-28,7.062924385070801,7.062924385070801,7.062924385070801,7.062924385070801,0.0
2015-08-31,7.062924385070801,7.062924385070801,7.062924385070801,7.062924385070801,0.0
2015-09-01,7.062924385070801,7.062924385070801,7.062924385070801,7.062924385070801,0.0
2015-09-02,7.062924385070801,7.062924385070801,7.062924385070801,7.062924385070801,0.0
2015-09-03,7.062924385070801,7.062924385070801,7.062924385070801,7.062924385070801,0.0
2015-09-04,7.062924385070801,7.062924385070801,7.062924385070801,7.062924385070801,0.0
2015-09-08,7.062924385070801,7.062924385070801,7.062924385070801,7.062924385070801,0.0
2015-09-09,7.062924385070801,7.062924385070801,7.062924385070801,7.062924385070801,0.0
2015-09-10,7.062924385070801,7.062924385070801,7.062924385070801,7.062924385070801,0.0
2015-09-11,7.062924385070801,7.062924385070801,7.062924385070801,7.062924385070801,0.0
2015-09-14,7.062924385070801,7.062924385070801,7.062924385070801,7.062924385070801,0.0
2015-09-15,7.361358165740967,7.361358165740967,7.361358165740967,7.361358165740967,2000.0
2015-09-16,7.709530599189527,8.20691967010498,7.709530599189527,8.20691967010498,200.0
2015-09-17,8.20691967010498,8.20691967010498,8.20691967010498,8.20691967010498,0.0
2015-09-18,8.20691967010498,8.20691967010498,8.20691967010498,8.20691967010498,0.0
2015-09-21,8.20691967010498,8.20691967010498,8.20691967010498,8.20691967010498,0.0
2015-09-22,7.8090081214904785,7.8090081214904785,7.8090081214904785,7.8090081214904785,1900.0
2015-09-23,7.8090081214904785,7.8090081214904785,7.8090081214904785,7.8090081214904785,0.0
2015-09-24,7.8090081214904785,7.8090081214904785,7.8090081214904785,7.8090081214904785,0.0
2015-09-25,7.8090081214904785,7.8090081214904785,7.8090081214904785,7.8090081214904785,0.0
2015-09-28,7.8090081214904785,7.8090081214904785,7.8090081214904785,7.8090081214904785,0.0
2015-09-29,7.8090081214904785,7.8090081214904785,7.8090081214904785,7.8090081214904785,0.0
2015-09-30,7.8090081214904785,7.8090081214904785,7.8090081214904785,7.8090081214904785,0.0
2015-10-01,7.8090081214904785,7.8090081214904785,7.8090081214904785,7.8090081214904785,0.0
2015-10-02,7.8090081214904785,7.8090081214904785,7.8090081214904785,7.8090081214904785,0.0
2015-10-05,7.8090081214904785,7.8090081214904785,7.8090081214904785,7.8090081214904785,0.0
2015-10-06,7.8090081214904785,7.8090081214904785,7.8090081214904785,7.8090081214904785,0.0
2015-10-07,7.8090081214904785,7.8090081214904785,7.8090081214904785,7.8090081214904785,0.0
2015-10-08,7.8090081214904785,7.8090081214904785,7.8090081214904785,7.8090081214904785,0.0
2015-10-09,7.8090081214904785,7.8090081214904785,7.8090081214904785,7.8090081214904785,0.0
2015-10-12,8.45561408996582,8.45561408996582,8.45561408996582,8.45561408996582,300.0
2015-10-13,8.45561408996582,8.45561408996582,8.45561408996582,8.45561408996582,0.0
2015-10-14,8.45561408996582,8.45561408996582,8.45561408996582,8.45561408996582,0.0
2015-10-15,8.45561408996582,8.45561408996582,8.45561408996582,8.45561408996582,0.0
2015-10-16,8.45561408996582,8.45561408996582,8.45561408996582,8.45561408996582,0.0
2015-10-19,7.8587470054626465,7.8587470054626465,7.8587470054626465,7.8587470054626465,100.0
2015-10-20,7.8587470054626465,7.8587470054626465,7.8587470054626465,7.8587470054626465,0.0
2015-10-21,7.8587470054626465,7.8587470054626465,7.8587470054626465,7.8587470054626465,0.0
2015-10-22,7.8587470054626465,7.8587470054626465,7.8587470054626465,7.8587470054626465,0.0
2015-10-23,7.8587470054626465,7.8587470054626465,7.8587470054626465,7.8587470054626465,0.0
2015-10-26,7.8587470054626465,7.8587470054626465,7.8587470054626465,7.8587470054626465,0.0
2015-10-27,7.8587470054626465,7.8587470054626465,7.8587470054626465,7.8587470054626465,0.0
2015-10-28,7.8587470054626465,7.8587470054626465,7.8587470054626465,7.8587470054626465,0.0
2015-10-29,7.8587470054626465,7.8587470054626465,7.8587470054626465,7.8587470054626465,0.0
2015-10-30,7.8587470054626465,7.8587470054626465,7.8587470054626465,7.8587470054626465,0.0
2015-11-02,7.8587470054626465,7.8587470054626465,7.8587470054626465,7.8587470054626465,0.0
2015-11-03,7.8587470054626465,7.8587470054626465,7.8587470054626465,7.8587470054626465,0.0
2015-11-04,7.8587470054626465,7.8587470054626465,7.8587470054626465,7.8587470054626465,0.0
2015-11-05,7.8587470054626465,7.8587470054626465,7.8587470054626465,7.8587470054626465,0.0
2015-11-06,7.8587470054626465,7.8587470054626465,7.8587470054626465,7.8587470054626465,0.0
2015-11-09,7.8587470054626465,7.8587470054626465,7.8587470054626465,7.8587470054626465,0.0
2015-11-10,7.8587470054626465,7.8587470054626465,7.8587470054626465,7.8587470054626465,0.0
2015-11-11,7.8587470054626465,7.8587470054626465,7.8587470054626465,7.8587470054626465,0.0
2015-11-12,7.8587470054626465,7.8587470054626465,7.8587470054626465,7.8587470054626465,0.0
2015-11-13,7.8587470054626465,7.8587470054626465,7.8587470054626465,7.8587470054626465,0.0
2015-11-16,7.8587470054626465,7.8587470054626465,7.8587470054626465,7.8587470054626465,0.0
2015-11-17,7.8587470054626465,7.8587470054626465,7.8587470054626465,7.8587470054626465,0.0
2015-11-18,7.8587470054626465,7.8587470054626465,7.8587470054626465,7.8587470054626465,0.0
2015-11-19,7.8587470054626465,7.8587470054626465,7.8587470054626465,7.8587470054626465,0.0
2015-11-20,7.8587470054626465,7.8587470054626465,7.8587470054626465,7.8587470054626465,0.0
2015-11-23,7.8587470054626465,7.8587470054626465,7.8587470054626465,7.8587470054626465,0.0
2015-11-24,7.8587470054626465,7.8587470054626465,7.8587470054626465,7.8587470054626465,0.0
2015-11-25,7.8587470054626465,7.8587470054626465,7.8587470054626465,7.8587470054626465,0.0
2015-11-27,7.8587470054626465,7.8587470054626465,7.8587470054626465,7.8587470054626465,0.0
2015-11-30,7.8587470054626465,7.8587470054626465,7.8587470054626465,7.8587470054626465,0.0
2015-12-01,7.8587470054626465,7.8587470054626465,7.8587470054626465,7.8587470054626465,0.0
2015-12-02,7.8587470054626465,7.8587470054626465,7.8587470054626465,7.8587470054626465,0.0
2015-12-03,7.8587470054626465,7.8587470054626465,7.8587470054626465,7.8587470054626465,0.0
2015-12-04,7.8587470054626465,7.8587470054626465,7.8587470054626465,7.8587470054626465,0.0
2015-12-07,7.8587470054626465,7.8587470054626465,7.8587470054626465,7.8587470054626465,0.0
2015-12-08,7.8587470054626465,7.8587470054626465,7.8587470054626465,7.8587470054626465,0.0
2015-12-09,7.8587470054626465,7.8587470054626465,7.8587470054626465,7.8587470054626465,0.0
2015-12-10,7.8587470054626465,7.8587470054626465,7.8587470054626465,7.8587470054626465,0.0
2015-12-11,7.8587470054626465,7.8587470054626465,7.8587470054626465,7.8587470054626465,0.0
2015-12-14,7.8587470054626465,7.8587470054626465,7.8587470054626465,7.8587470054626465,0.0
2015-12-15,7.8587470054626465,7.8587470054626465,7.8587470054626465,7.8587470054626465,0.0
2015-12-16,7.8587470054626465,7.8587470054626465,7.8587470054626465,7.8587470054626465,0.0
2015-12-17,7.8587470054626465,7.8587470054626465,7.8587470054626465,7.8587470054626465,0.0
2015-12-18,7.8587470054626465,7.8587470054626465,7.8587470054626465,7.8587470054626465,0.0
2015-12-21,7.8587470054626465,7.8587470054626465,7.8587470054626465,7.8587470054626465,0.0
2015-12-22,7.9084858894348145,7.9084858894348145,7.9084858894348145,7.9084858894348145,2500.0
2015-12-23,7.9084858894348145,7.9084858894348145,7.9084858894348145,7.9084858894348145,0.0
2015-12-24,8.256658554077148,8.256658554077148,8.256658554077148,8.256658554077148,2600.0
2015-12-28,8.256658554077148,8.256658554077148,8.256658554077148,8.256658554077148,0.0
2015-12-29,8.256658554077148,8.256658554077148,8.256658554077148,8.256658554077148,0.0
2015-12-30,8.256658554077148,8.256658554077148,8.256658554077148,8.256658554077148,0.0
2015-12-31,8.256658554077148,8.256658554077148,8.256658554077148,8.256658554077148,0.0
2016-01-04,8.256658554077148,8.256658554077148,8.256658554077148,8.256658554077148,0.0
2016-01-05,8.256658554077148,8.256658554077148,8.256658554077148,8.256658554077148,0.0
2016-01-06,8.256658554077148,8.256658554077148,8.256658554077148,8.256658554077148,0.0
2016-01-07,8.256658554077148,8.256658554077148,8.256658554077148,8.256658554077148,0.0
2016-01-08,8.256658554077148,8.256658554077148,8.256658554077148,8.256658554077148,0.0
2016-01-11,8.256658554077148,8.256658554077148,8.256658554077148,8.256658554077148,0.0
2016-01-12,8.256658554077148,8.256658554077148,8.256658554077148,8.256658554077148,0.0
2016-01-13,8.256658554077148,8.256658554077148,8.256658554077148,8.256658554077148,0.0
2016-01-14,8.256658554077148,8.256658554077148,8.256658554077148,8.256658554077148,0.0
2016-01-15,8.256658554077148,8.256658554077148,8.256658554077148,8.256658554077148,0.0
2016-01-19,8.256658554077148,8.256658554077148,8.256658554077148,8.256658554077148,0.0
2016-01-20,8.256658554077148,8.256658554077148,8.256658554077148,8.256658554077148,0.0
2016-01-21,8.256658554077148,8.256658554077148,8.256658554077148,8.256658554077148,0.0
2016-01-22,8.256658554077148,8.256658554077148,8.256658554077148,8.256658554077148,0.0
2016-01-25,8.256658554077148,8.256658554077148,8.256658554077148,8.256658554077148,0.0
2016-01-26,8.256658554077148,8.256658554077148,8.256658554077148,8.256658554077148,0.0
2016-01-27,8.256658554077148,8.256658554077148,8.256658554077148,8.256658554077148,0.0
2016-01-28,8.256658554077148,8.256658554077148,8.256658554077148,8.256658554077148,0.0
2016-01-29,8.256658554077148,8.256658554077148,8.256658554077148,8.256658554077148,0.0
2016-02-01,8.256658554077148,8.256658554077148,8.256658554077148,8.256658554077148,0.0
2016-02-02,8.256658554077148,8.256658554077148,8.256658554077148,8.256658554077148,0.0
2016-02-03,8.256658554077148,8.256658554077148,8.256658554077148,8.256658554077148,0.0
2016-02-04,8.20691967010498,8.20691967010498,8.20691967010498,8.20691967010498,500.0
2016-02-05,8.20691967010498,8.20691967010498,8.20691967010498,8.20691967010498,0.0
2016-02-08,8.20691967010498,8.20691967010498,8.20691967010498,8.20691967010498,0.0
2016-02-09,8.20691967010498,8.20691967010498,8.20691967010498,8.20691967010498,0.0
2016-02-10,8.20691967010498,8.20691967010498,8.20691967010498,8.20691967010498,0.0
2016-02-11,8.20691967010498,8.20691967010498,8.20691967010498,8.20691967010498,0.0
2016-02-12,8.20691967010498,8.20691967010498,8.20691967010498,8.20691967010498,0.0
2016-02-16,8.20691967010498,8.20691967010498,8.20691967010498,8.20691967010498,0.0
2016-02-17,8.20691967010498,8.20691967010498,8.20691967010498,8.20691967010498,0.0
2016-02-18,8.20691967010498,8.20691967010498,8.20691967010498,8.20691967010498,0.0
2016-02-19,8.20691967010498,8.20691967010498,8.20691967010498,8.20691967010498,0.0
2016-02-22,8.20691967010498,8.20691967010498,8.20691967010498,8.20691967010498,0.0
2016-02-23,8.20691967010498,8.20691967010498,8.20691967010498,8.20691967010498,0.0
2016-02-24,8.20691967010498,8.20691967010498,8.20691967010498,8.20691967010498,0.0
2016-02-25,8.20691967010498,8.20691967010498,8.20691967010498,8.20691967010498,0.0
2016-02-26,8.20691967010498,8.20691967010498,8.20691967010498,8.20691967010498,0.0
2016-02-29,8.20691967010498,8.20691967010498,8.20691967010498,8.20691967010498,0.0
2016-03-01,8.20691967010498,8.20691967010498,8.20691967010498,8.20691967010498,0.0
2016-03-02,8.20691967010498,8.20691967010498,8.20691967010498,8.20691967010498,0.0
2016-03-03,8.20691967010498,8.20691967010498,8.20691967010498,8.20691967010498,0.0
2016-03-04,8.20691967010498,8.20691967010498,8.20691967010498,8.20691967010498,0.0
2016-03-07,8.20691967010498,8.20691967010498,8.20691967010498,8.20691967010498,2000.0
2016-03-08,8.20691967010498,8.20691967010498,8.20691967010498,8.20691967010498,0.0
2016-03-09,8.20691967010498,8.20691967010498,8.20691967010498,8.20691967010498,0.0
2016-03-10,7.818956327608138,8.20691967010498,7.818956327608138,8.20691967010498,3000.0
2016-03-11,8.20691967010498,8.20691967010498,8.20691967010498,8.20691967010498,0.0
2016-03-14,8.20691967010498,8.20691967010498,8.20691967010498,8.20691967010498,0.0
2016-03-15,8.20691967010498,8.20691967010498,8.20691967010498,8.20691967010498,0.0
2016-03-16,8.20691967010498,8.20691967010498,8.20691967010498,8.20691967010498,0.0
2016-03-17,8.20691967010498,8.20691967010498,8.20691967010498,8.20691967010498,0.0
2016-03-18,8.20691967010498,8.20691967010498,8.20691967010498,8.20691967010498,0.0
2016-03-21,8.20691967010498,8.20691967010498,8.20691967010498,8.20691967010498,0.0
2016-03-22,8.20691967010498,8.20691967010498,8.20691967010498,8.20691967010498,0.0
2016-03-23,8.20691967010498,8.20691967010498,8.20691967010498,8.20691967010498,0.0
2016-03-24,8.20691967010498,8.20691967010498,8.20691967010498,8.20691967010498,0.0
2016-03-28,8.20691967010498,8.20691967010498,8.20691967010498,8.20691967010498,0.0
2016-03-29,7.818955898284912,7.818955898284912,7.818955898284912,7.818955898284912,700.0
2016-03-30,8.20691967010498,8.20691967010498,8.20691967010498,8.20691967010498,700.0
2016-03-31,8.20691967010498,8.20691967010498,8.20691967010498,8.20691967010498,0.0
2016-04-01,8.20691967010498,8.20691967010498,8.20691967010498,8.20691967010498,0.0
2016-04-04,8.20691967010498,8.20691967010498,8.20691967010498,8.20691967010498,0.0
2016-04-05,8.20691967010498,8.20691967010498,8.20691967010498,8.20691967010498,0.0
2016-04-06,8.20691967010498,8.20691967010498,8.20691967010498,8.20691967010498,0.0
2016-04-07,8.20691967010498,8.20691967010498,8.20691967010498,8.20691967010498,0.0
2016-04-08,8.20691967010498,8.20691967010498,8.20691967010498,8.20691967010498,0.0
2016-04-11,8.20691967010498,8.20691967010498,8.20691967010498,8.20691967010498,0.0
2016-04-12,8.20691967010498,8.20691967010498,8.20691967010498,8.20691967010498,0.0
2016-04-13,8.20691967010498,8.20691967010498,8.20691967010498,8.20691967010498,0.0
2016-04-14,8.20691967010498,8.20691967010498,8.20691967010498,8.20691967010498,0.0
2016-04-15,8.20691967010498,8.20691967010498,8.20691967010498,8.20691967010498,0.0
2016-04-18,8.20691967010498,8.20691967010498,8.20691967010498,8.20691967010498,0.0
2016-04-19,8.20691967010498,8.20691967010498,8.20691967010498,8.20691967010498,0.0
2016-04-20,8.20691967010498,8.20691967010498,8.20691967010498,8.20691967010498,0.0
2016-04-21,8.20691967010498,8.20691967010498,8.20691967010498,8.20691967010498,0.0
2016-04-22,8.20691967010498,8.20691967010498,8.20691967010498,8.20691967010498,0.0
2016-04-25,8.20691967010498,8.20691967010498,8.20691967010498,8.20691967010498,0.0
2016-04-26,8.20691967010498,8.20691967010498,8.20691967010498,8.20691967010498,0.0
2016-04-27,8.20691967010498,8.20691967010498,8.20691967010498,8.20691967010498,0.0
2016-04-28,8.20691967010498,8.20691967010498,8.20691967010498,8.20691967010498,0.0
2016-04-29,8.20691967010498,8.20691967010498,8.20691967010498,8.20691967010498,0.0
2016-05-02,8.20691967010498,8.20691967010498,8.20691967010498,8.20691967010498,0.0
2016-05-03,8.20691967010498,8.20691967010498,8.20691967010498,8.20691967010498,0.0
2016-05-04,8.20691967010498,8.20691967010498,8.20691967010498,8.20691967010498,0.0
2016-05-05,8.20691967010498,8.20691967010498,8.20691967010498,8.20691967010498,0.0
2016-05-06,8.20691967010498,8.20691967010498,8.20691967010498,8.20691967010498,0.0
2016-05-09,8.20691967010498,8.20691967010498,8.20691967010498,8.20691967010498,0.0
2016-05-10,8.20691967010498,8.20691967010498,8.20691967010498,8.20691967010498,2200.0
2016-05-11,8.20691967010498,8.20691967010498,8.20691967010498,8.20691967010498,0.0
2016-05-12,8.20691967010498,8.20691967010498,8.20691967010498,8.20691967010498,0.0
2016-05-13,8.20691967010498,8.20691967010498,8.20691967010498,8.20691967010498,0.0
2016-05-16,8.20691967010498,8.20691967010498,8.20691967010498,8.20691967010498,0.0
2016-05-17,8.20691967010498,8.20691967010498,8.20691967010498,8.20691967010498,0.0
2016-05-18,8.20691967010498,8.20691967010498,8.20691967010498,8.20691967010498,0.0
2016-05-19,8.20691967010498,8.20691967010498,8.20691967010498,8.20691967010498,0.0
2016-05-20,8.20691967010498,8.20691967010498,8.20691967010498,8.20691967010498,0.0
2016-05-23,8.20691967010498,8.20691967010498,8.20691967010498,8.20691967010498,0.0
2016-05-24,8.20691967010498,8.20691967010498,8.20691967010498,8.20691967010498,0.0
2016-05-25,8.20691967010498,8.20691967010498,8.20691967010498,8.20691967010498,0.0
2016-05-26,8.20691967010498,8.20691967010498,8.20691967010498,8.20691967010498,0.0
2016-05-27,8.20691967010498,8.20691967010498,8.20691967010498,8.20691967010498,0.0
2016-05-31,8.20691967010498,8.20691967010498,8.20691967010498,8.20691967010498,0.0
2016-06-01,8.20691967010498,8.20691967010498,8.20691967010498,8.20691967010498,0.0
2016-06-02,8.20691967010498,8.20691967010498,8.20691967010498,8.20691967010498,0.0
2016-06-03,8.20691967010498,8.20691967010498,8.20691967010498,8.20691967010498,0.0
2016-06-06,8.20691967010498,8.20691967010498,8.20691967010498,8.20691967010498,0.0
2016-06-07,8.20691967010498,8.20691967010498,8.20691967010498,8.20691967010498,0.0
2016-06-08,8.20691967010498,8.20691967010498,8.20691967010498,8.20691967010498,0.0
2016-06-09,8.20691967010498,8.20691967010498,8.20691967010498,8.20691967010498,0.0
2016-06-10,8.20691967010498,8.20691967010498,8.20691967010498,8.20691967010498,0.0
2016-06-13,8.20691967010498,8.20691967010498,8.20691967010498,8.20691967010498,0.0
2016-06-14,8.20691967010498,8.20691967010498,8.20691967010498,8.20691967010498,0.0
2016-06-15,8.20691967010498,8.20691967010498,8.20691967010498,8.20691967010498,0.0
2016-06-16,8.20691967010498,8.20691967010498,8.20691967010498,8.20691967010498,0.0
2016-06-17,8.20691967010498,8.20691967010498,8.20691967010498,8.20691967010498,0.0
2016-06-20,8.20691967010498,8.20691967010498,8.20691967010498,8.20691967010498,0.0
2016-06-21,8.20691967010498,8.20691967010498,8.20691967010498,8.20691967010498,0.0
2016-06-22,8.20691967010498,8.20691967010498,8.20691967010498,8.20691967010498,0.0
2016-06-23,8.20691967010498,8.20691967010498,8.20691967010498,8.20691967010498,0.0
2016-06-24,8.20691967010498,8.20691967010498,8.20691967010498,8.20691967010498,0.0
2016-06-27,8.20691967010498,8.20691967010498,8.20691967010498,8.20691967010498,0.0
2016-06-28,8.20691967010498,8.20691967010498,8.20691967010498,8.20691967010498,0.0
2016-06-29,8.20691967010498,8.20691967010498,8.20691967010498,8.20691967010498,0.0
2016-06-30,8.20691967010498,8.20691967010498,8.20691967010498,8.20691967010498,0.0
2016-07-01,8.20691967010498,8.20691967010498,8.20691967010498,8.20691967010498,0.0
2016-07-05,8.20691967010498,8.20691967010498,8.20691967010498,8.20691967010498,0.0
2016-07-06,8.20691967010498,8.20691967010498,8.20691967010498,8.20691967010498,0.0
2016-07-07,8.20691967010498,8.20691967010498,8.20691967010498,8.20691967010498,0.0
2016-07-08,8.20691967010498,8.20691967010498,8.20691967010498,8.20691967010498,0.0
2016-07-11,8.20691967010498,8.20691967010498,8.20691967010498,8.20691967010498,0.0
2016-07-12,8.20691967010498,8.20691967010498,8.20691967010498,8.20691967010498,0.0
2016-07-13,8.20691967010498,8.20691967010498,8.20691967010498,8.20691967010498,0.0
2016-07-14,8.20691967010498,8.20691967010498,8.20691967010498,8.20691967010498,0.0
2016-07-15,8.20691967010498,8.20691967010498,8.20691967010498,8.20691967010498,0.0
2016-07-18,8.20691967010498,8.20691967010498,8.20691967010498,8.20691967010498,0.0
2016-07-19,8.20691967010498,8.20691967010498,8.20691967010498,8.20691967010498,0.0
2016-07-20,8.20691967010498,8.20691967010498,8.20691967010498,8.20691967010498,0.0
2016-07-21,8.20691967010498,8.20691967010498,8.20691967010498,8.20691967010498,0.0
2016-07-22,8.20691967010498,8.20691967010498,8.20691967010498,8.20691967010498,0.0
2016-07-25,8.20691967010498,8.20691967010498,8.20691967010498,8.20691967010498,0.0
2016-07-26,8.20691967010498,8.20691967010498,8.20691967010498,8.20691967010498,0.0
2016-07-27,8.20691967010498,8.20691967010498,8.20691967010498,8.20691967010498,0.0
2016-07-28,8.20691967010498,8.20691967010498,8.20691967010498,8.20691967010498,0.0
2016-07-29,8.20691967010498,8.20691967010498,8.20691967010498,8.20691967010498,0.0
2016-08-01,8.20691967010498,8.20691967010498,8.20691967010498,8.20691967010498,0.0
2016-08-02,8.20691967010498,8.20691967010498,8.20691967010498,8.20691967010498,0.0
2016-08-03,8.20691967010498,8.20691967010498,8.20691967010498,8.20691967010498,0.0
2016-08-04,8.20691967010498,8.20691967010498,8.20691967010498,8.20691967010498,0.0
2016-08-05,8.20691967010498,8.20691967010498,8.20691967010498,8.20691967010498,0.0
2016-08-08,8.20691967010498,8.20691967010498,8.20691967010498,8.20691967010498,0.0
2016-08-09,8.20691967010498,8.20691967010498,8.20691967010498,8.20691967010498,0.0
2016-08-10,8.20691967010498,8.20691967010498,8.20691967010498,8.20691967010498,0.0
2016-08-11,8.20691967010498,8.20691967010498,8.20691967010498,8.20691967010498,700.0
2016-08-12,8.20691967010498,8.20691967010498,8.20691967010498,8.20691967010498,0.0
2016-08-15,8.20691967010498,8.20691967010498,8.20691967010498,8.20691967010498,0.0
2016-08-16,8.20691967010498,8.20691967010498,8.20691967010498,8.20691967010498,0.0
2016-08-17,8.20691967010498,8.20691967010498,8.20691967010498,8.20691967010498,0.0
2016-08-18,8.20691967010498,8.20691967010498,8.20691967010498,8.20691967010498,0.0
2016-08-19,8.20691967010498,8.20691967010498,8.20691967010498,8.20691967010498,0.0
2016-08-22,8.20691967010498,8.20691967010498,8.20691967010498,8.20691967010498,0.0
2016-08-23,8.45561408996582,8.45561408996582,8.45561408996582,8.45561408996582,700.0
2016-08-24,8.45561408996582,8.45561408996582,8.45561408996582,8.45561408996582,0.0
2016-08-25,8.45561408996582,8.45561408996582,8.45561408996582,8.45561408996582,0.0
2016-08-26,8.45561408996582,8.45561408996582,8.45561408996582,8.45561408996582,0.0
2016-08-29,8.45561408996582,8.45561408996582,8.45561408996582,8.45561408996582,0.0
2016-08-30,8.45561408996582,8.45561408996582,8.45561408996582,8.45561408996582,0.0
2016-08-31,8.9530029296875,8.9530029296875,8.9530029296875,8.9530029296875,500.0
2016-09-01,8.9530029296875,8.9530029296875,8.9530029296875,8.9530029296875,0.0
2016-09-02,8.9530029296875,8.9530029296875,8.9530029296875,8.9530029296875,0.0
2016-09-06,8.9530029296875,8.9530029296875,8.9530029296875,8.9530029296875,0.0
2016-09-07,8.9530029296875,8.9530029296875,8.9530029296875,8.9530029296875,0.0
2016-09-08,8.9530029296875,8.9530029296875,8.9530029296875,8.9530029296875,0.0
2016-09-09,8.9530029296875,8.9530029296875,8.9530029296875,8.9530029296875,0.0
2016-09-12,8.9530029296875,8.9530029296875,8.9530029296875,8.9530029296875,0.0
2016-09-13,8.9530029296875,8.9530029296875,8.9530029296875,8.9530029296875,0.0
2016-09-14,8.9530029296875,8.9530029296875,8.9530029296875,8.9530029296875,0.0
2016-09-15,8.9530029296875,8.9530029296875,8.9530029296875,8.9530029296875,0.0
2016-09-16,8.9530029296875,8.9530029296875,8.9530029296875,8.9530029296875,0.0
2016-09-19,8.9530029296875,8.9530029296875,8.9530029296875,8.9530029296875,0.0
2016-09-20,8.9530029296875,8.9530029296875,8.9530029296875,8.9530029296875,0.0
2016-09-21,8.9530029296875,8.9530029296875,8.9530029296875,8.9530029296875,0.0
2016-09-22,8.9530029296875,8.9530029296875,8.9530029296875,8.9530029296875,0.0
2016-09-23,9.072376188240014,9.072376188240014,8.9530029296875,8.9530029296875,500.0
2016-09-26,8.9530029296875,8.9530029296875,8.9530029296875,8.9530029296875,0.0
2016-09-27,8.9530029296875,8.9530029296875,8.9530029296875,8.9530029296875,0.0
2016-09-28,8.9530029296875,8.9530029296875,8.9530029296875,8.9530029296875,0.0
2016-09-29,8.9530029296875,8.9530029296875,8.9530029296875,8.9530029296875,0.0
2016-09-30,8.9530029296875,8.9530029296875,8.9530029296875,8.9530029296875,0.0
2016-10-03,8.9530029296875,8.9530029296875,8.9530029296875,8.9530029296875,0.0
2016-10-04,8.9530029296875,8.9530029296875,8.9530029296875,8.9530029296875,0.0
2016-10-05,8.9530029296875,8.9530029296875,8.9530029296875,8.9530029296875,0.0
2016-10-06,8.9530029296875,8.9530029296875,8.9530029296875,8.9530029296875,0.0
2016-10-07,8.9530029296875,8.9530029296875,8.9530029296875,8.9530029296875,0.0
2016-10-10,8.9530029296875,8.9530029296875,8.9530029296875,8.9530029296875,0.0
2016-10-11,8.9530029296875,8.9530029296875,8.9530029296875,8.9530029296875,0.0
2016-10-12,8.9530029296875,8.9530029296875,8.9530029296875,8.9530029296875,0.0
2016-10-13,8.9530029296875,8.9530029296875,8.9530029296875,8.9530029296875,0.0
2016-10-14,8.9530029296875,8.9530029296875,8.9530029296875,8.9530029296875,0.0
2016-10-17,8.9530029296875,8.9530029296875,8.9530029296875,8.9530029296875,0.0
2016-10-18,8.9530029296875,8.9530029296875,8.9530029296875,8.9530029296875,0.0
2016-10-19,8.9530029296875,8.9530029296875,8.9530029296875,8.9530029296875,0.0
2016-10-20,8.9530029296875,8.9530029296875,8.9530029296875,8.9530029296875,0.0
2016-10-21,8.9530029296875,8.9530029296875,8.9530029296875,8.9530029296875,0.0
2016-10-24,8.9530029296875,8.9530029296875,8.9530029296875,8.9530029296875,0.0
2016-10-25,8.9530029296875,8.9530029296875,8.9530029296875,8.9530029296875,0.0
2016-10-26,8.9530029296875,8.9530029296875,8.9530029296875,8.9530029296875,0.0
2016-10-27,8.9530029296875,8.9530029296875,8.9530029296875,8.9530029296875,0.0
2016-10-28,8.9530029296875,8.9530029296875,8.9530029296875,8.9530029296875,0.0
2016-10-31,8.9530029296875,8.9530029296875,8.9530029296875,8.9530029296875,0.0
2016-11-01,8.9530029296875,8.9530029296875,8.9530029296875,8.9530029296875,0.0
2016-11-02,8.9530029296875,8.9530029296875,8.9530029296875,8.9530029296875,200.0
2016-11-03,8.9530029296875,8.9530029296875,8.9530029296875,8.9530029296875,0.0
2016-11-04,8.9530029296875,8.9530029296875,8.9530029296875,8.9530029296875,0.0
2016-11-07,8.9530029296875,8.9530029296875,8.9530029296875,8.9530029296875,0.0
2016-11-08,8.9530029296875,8.9530029296875,8.9530029296875,8.9530029296875,0.0
2016-11-09,8.9530029296875,8.9530029296875,8.9530029296875,8.9530029296875,0.0
2016-11-10,8.9530029296875,8.9530029296875,8.9530029296875,8.9530029296875,0.0
2016-11-11,8.9530029296875,8.9530029296875,8.9530029296875,8.9530029296875,0.0
2016-11-14,8.9530029296875,8.9530029296875,8.9530029296875,8.9530029296875,0.0
2016-11-15,8.9530029296875,8.9530029296875,8.9530029296875,8.9530029296875,0.0
2016-11-16,8.9530029296875,8.9530029296875,8.9530029296875,8.9530029296875,0.0
2016-11-17,8.9530029296875,8.9530029296875,8.9530029296875,8.9530029296875,0.0
2016-11-18,11.439948081970215,11.439948081970215,11.439948081970215,11.439948081970215,100.0
2016-11-21,11.439948081970215,11.439948081970215,11.439948081970215,11.439948081970215,0.0
2016-11-22,11.439948081970215,11.439948081970215,11.439948081970215,11.439948081970215,100.0
2016-11-23,11.439948081970215,11.439948081970215,11.439948081970215,11.439948081970215,0.0
2016-11-25,11.439948081970215,11.439948081970215,11.439948081970215,11.439948081970215,0.0
2016-11-28,11.439948081970215,11.439948081970215,11.439948081970215,11.439948081970215,0.0
2016-11-29,11.439948081970215,11.439948081970215,11.439948081970215,11.439948081970215,0.0
2016-11-30,11.439948081970215,11.439948081970215,11.439948081970215,11.439948081970215,0.0
2016-12-01,11.439948081970215,11.439948081970215,11.439948081970215,11.439948081970215,0.0
2016-12-02,11.439948081970215,11.439948081970215,11.439948081970215,11.439948081970215,0.0
2016-12-05,11.439948081970215,11.439948081970215,11.439948081970215,11.439948081970215,0.0
2016-12-06,11.439948081970215,11.439948081970215,11.439948081970215,11.439948081970215,0.0
2016-12-07,11.439948081970215,11.439948081970215,11.439948081970215,11.439948081970215,0.0
2016-12-08,11.439948081970215,11.439948081970215,11.439948081970215,11.439948081970215,0.0
2016-12-09,11.439948081970215,11.439948081970215,11.439948081970215,11.439948081970215,0.0
2016-12-12,11.439948081970215,11.439948081970215,11.439948081970215,11.439948081970215,0.0
2016-12-13,11.439948081970215,11.439948081970215,11.439948081970215,11.439948081970215,0.0
2016-12-14,11.439948081970215,11.439948081970215,11.439948081970215,11.439948081970215,0.0
2016-12-15,11.439948081970215,11.439948081970215,11.439948081970215,11.439948081970215,0.0
2016-12-16,11.439948081970215,11.439948081970215,11.439948081970215,11.439948081970215,0.0
2016-12-19,11.439948081970215,11.439948081970215,11.439948081970215,11.439948081970215,0.0
2016-12-20,11.439948081970215,11.439948081970215,11.439948081970215,11.439948081970215,0.0
2016-12-21,11.439948081970215,11.439948081970215,11.439948081970215,11.439948081970215,0.0
2016-12-22,11.439948081970215,11.439948081970215,11.439948081970215,11.439948081970215,0.0
2016-12-23,11.439948081970215,11.439948081970215,11.439948081970215,11.439948081970215,0.0
2016-12-27,11.439948081970215,11.439948081970215,11.439948081970215,11.439948081970215,0.0
2016-12-28,11.439948081970215,11.439948081970215,11.439948081970215,11.439948081970215,0.0
2016-12-29,11.439948081970215,11.439948081970215,11.439948081970215,11.439948081970215,0.0
2016-12-30,11.439948081970215,11.439948081970215,11.439948081970215,11.439948081970215,0.0
2017-01-03,11.439948081970215,11.439948081970215,11.439948081970215,11.439948081970215,0.0
2017-01-04,11.439948081970215,11.439948081970215,11.439948081970215,11.439948081970215,0.0
2017-01-05,11.439948081970215,11.439948081970215,11.439948081970215,11.439948081970215,0.0
2017-01-06,11.439948081970215,11.439948081970215,11.439948081970215,11.439948081970215,0.0
2017-01-09,11.439948081970215,11.439948081970215,11.439948081970215,11.439948081970215,0.0
2017-01-10,11.439948081970215,11.439948081970215,11.439948081970215,11.439948081970215,0.0
2017-01-11,11.439948081970215,11.439948081970215,11.439948081970215,11.439948081970215,0.0
2017-01-12,11.439948081970215,11.439948081970215,11.439948081970215,11.439948081970215,0.0
2017-01-13,11.439948081970215,11.439948081970215,11.439948081970215,11.439948081970215,0.0
2017-01-17,11.439948081970215,11.439948081970215,11.439948081970215,11.439948081970215,0.0
2017-01-18,11.439948081970215,11.439948081970215,11.439948081970215,11.439948081970215,0.0
2017-01-19,11.439948081970215,11.439948081970215,11.439948081970215,11.439948081970215,0.0
2017-01-20,11.439948081970215,11.439948081970215,11.439948081970215,11.439948081970215,0.0
2017-01-23,11.439948081970215,11.439948081970215,11.439948081970215,11.439948081970215,0.0
2017-01-24,11.439948081970215,11.439948081970215,11.439948081970215,11.439948081970215,0.0
2017-01-25,11.439948081970215,11.439948081970215,11.439948081970215,11.439948081970215,0.0
2017-01-26,11.439948081970215,11.439948081970215,11.439948081970215,11.439948081970215,0.0
2017-01-27,11.439948081970215,11.439948081970215,11.439948081970215,11.439948081970215,0.0
2017-01-30,11.439948081970215,11.439948081970215,11.439948081970215,11.439948081970215,0.0
2017-01-31,11.439948081970215,11.439948081970215,11.439948081970215,11.439948081970215,0.0
2017-02-01,11.439948081970215,11.439948081970215,11.439948081970215,11.439948081970215,0.0
2017-02-02,11.439948081970215,11.439948081970215,11.439948081970215,11.439948081970215,0.0
2017-02-03,11.439948081970215,11.439948081970215,11.439948081970215,11.439948081970215,0.0
2017-02-06,11.439948081970215,11.439948081970215,11.439948081970215,11.439948081970215,0.0
2017-02-07,11.439948081970215,11.439948081970215,11.439948081970215,11.439948081970215,0.0
2017-02-08,11.439948081970215,11.439948081970215,11.439948081970215,11.439948081970215,0.0
2017-02-09,11.439948081970215,11.439948081970215,11.439948081970215,11.439948081970215,0.0
2017-02-10,11.937336921691895,11.937336921691895,11.937336921691895,11.937336921691895,100.0
2017-02-13,11.937336921691895,11.937336921691895,11.937336921691895,11.937336921691895,0.0
2017-02-14,11.937336921691895,11.937336921691895,11.937336921691895,11.937336921691895,0.0
2017-02-15,11.937336921691895,11.937336921691895,11.937336921691895,11.937336921691895,0.0
2017-02-16,11.937336921691895,11.937336921691895,11.937336921691895,11.937336921691895,0.0
2017-02-17,11.937336921691895,11.937336921691895,11.937336921691895,11.937336921691895,0.0
2017-02-21,11.937336921691895,11.937336921691895,11.937336921691895,11.937336921691895,0.0
2017-02-22,11.937336921691895,11.937336921691895,11.937336921691895,11.937336921691895,0.0
2017-02-23,11.937336921691895,11.937336921691895,11.937336921691895,11.937336921691895,0.0
2017-02-24,11.937336921691895,11.937336921691895,11.937336921691895,11.937336921691895,0.0
2017-02-27,11.937336921691895,11.937336921691895,11.937336921691895,11.937336921691895,0.0
2017-02-28,11.937336921691895,11.937336921691895,11.937336921691895,11.937336921691895,0.0
2017-03-01,11.937336921691895,11.937336921691895,11.937336921691895,11.937336921691895,200.0
2017-03-02,11.937336921691895,11.937336921691895,11.937336921691895,11.937336921691895,0.0
2017-03-03,11.937336921691895,11.937336921691895,11.937336921691895,11.937336921691895,0.0
2017-03-06,11.937336921691895,11.937336921691895,11.937336921691895,11.937336921691895,0.0
2017-03-07,11.937336921691895,11.937336921691895,11.937336921691895,11.937336921691895,0.0
2017-03-08,11.937336921691895,11.937336921691895,11.937336921691895,11.937336921691895,0.0
2017-03-09,11.937336921691895,11.937336921691895,11.937336921691895,11.937336921691895,0.0
2017-03-10,11.937336921691895,11.937336921691895,11.937336921691895,11.937336921691895,0.0
2017-03-13,12.93211555480957,12.93211555480957,12.93211555480957,12.93211555480957,100.0
2017-03-14,12.93211555480957,12.93211555480957,12.93211555480957,12.93211555480957,0.0
2017-03-15,13.42950439453125,13.42950439453125,13.42950439453125,13.42950439453125,100.0
2017-03-16,13.42950439453125,13.42950439453125,13.42950439453125,13.42950439453125,0.0
2017-03-17,13.42950439453125,13.42950439453125,13.42950439453125,13.42950439453125,0.0
2017-03-20,13.42950439453125,13.42950439453125,13.42950439453125,13.42950439453125,0.0
2017-03-21,13.42950439453125,13.42950439453125,13.42950439453125,13.42950439453125,0.0
2017-03-22,13.42950439453125,13.42950439453125,13.42950439453125,13.42950439453125,0.0
2017-03-23,13.42950439453125,13.42950439453125,13.42950439453125,13.42950439453125,0.0
2017-03-24,12.186031341552734,12.186031341552734,12.186031341552734,12.186031341552734,600.0
2017-03-27,12.186031341552734,12.186031341552734,12.186031341552734,12.186031341552734,0.0
2017-03-28,12.186031341552734,12.186031341552734,12.186031341552734,12.186031341552734,0.0
2017-03-29,12.186031341552734,12.186031341552734,12.186031341552734,12.186031341552734,0.0
2017-03-30,12.186031341552734,12.186031341552734,12.186031341552734,12.186031341552734,0.0
2017-03-31,12.186031341552734,12.186031341552734,12.186031341552734,12.186031341552734,0.0
2017-04-03,12.186031341552734,12.186031341552734,12.186031341552734,12.186031341552734,0.0
2017-04-04,12.186031341552734,12.186031341552734,12.186031341552734,12.186031341552734,0.0
2017-04-05,12.186031341552734,12.186031341552734,12.186031341552734,12.186031341552734,0.0
2017-04-06,12.186031341552734,12.186031341552734,12.186031341552734,12.186031341552734,0.0
2017-04-07,12.186031341552734,12.186031341552734,12.186031341552734,12.186031341552734,0.0
2017-04-10,12.186031341552734,12.186031341552734,12.186031341552734,12.186031341552734,0.0
2017-04-11,12.186031341552734,12.186031341552734,12.186031341552734,12.186031341552734,0.0
2017-04-12,12.186031341552734,12.186031341552734,12.186031341552734,12.186031341552734,0.0
2017-04-13,12.186031341552734,12.186031341552734,12.186031341552734,12.186031341552734,0.0
2017-04-17,12.186031341552734,12.186031341552734,12.186031341552734,12.186031341552734,0.0
2017-04-18,12.186031341552734,12.186031341552734,12.186031341552734,12.186031341552734,0.0
2017-04-19,12.186031341552734,12.186031341552734,12.186031341552734,12.186031341552734,0.0
2017-04-20,12.186031341552734,12.186031341552734,12.186031341552734,12.186031341552734,0.0
2017-04-21,12.186031341552734,12.186031341552734,12.186031341552734,12.186031341552734,0.0
2017-04-24,12.186031341552734,12.186031341552734,12.186031341552734,12.186031341552734,0.0
2017-04-25,12.186031341552734,12.186031341552734,12.186031341552734,12.186031341552734,0.0
2017-04-26,12.186031341552734,12.186031341552734,12.186031341552734,12.186031341552734,0.0
2017-04-27,12.186031341552734,12.186031341552734,12.186031341552734,12.186031341552734,0.0
2017-04-28,12.186031341552734,12.186031341552734,12.186031341552734,12.186031341552734,0.0
2017-05-01,12.186031341552734,12.186031341552734,12.186031341552734,12.186031341552734,0.0
2017-05-02,12.186031341552734,12.186031341552734,12.186031341552734,12.186031341552734,0.0
2017-05-03,15.419060707092285,15.419060707092285,15.419060707092285,15.419060707092285,100.0
2017-05-04,15.419060707092285,15.419060707092285,15.419060707092285,15.419060707092285,0.0
2017-05-05,15.419060707092285,15.419060707092285,15.419060707092285,15.419060707092285,0.0
2017-05-08,15.419060707092285,15.419060707092285,15.419060707092285,15.419060707092285,0.0
2017-05-09,15.419060707092285,15.419060707092285,15.419060707092285,15.419060707092285,0.0
2017-05-10,15.419060707092285,15.419060707092285,15.419060707092285,15.419060707092285,0.0
2017-05-11,15.419060707092285,15.419060707092285,15.419060707092285,15.419060707092285,0.0
2017-05-12,15.419060707092285,15.419060707092285,15.419060707092285,15.419060707092285,0.0
2017-05-15,15.419060707092285,15.419060707092285,15.419060707092285,15.419060707092285,0.0
2017-05-16,15.419060707092285,15.419060707092285,15.419060707092285,15.419060707092285,0.0
2017-05-17,14.921671867370605,14.921671867370605,14.921671867370605,14.921671867370605,100.0
2017-05-18,14.921671867370605,14.921671867370605,14.921671867370605,14.921671867370605,0.0
2017-05-19,14.921671867370605,14.921671867370605,14.921671867370605,14.921671867370605,0.0
2017-05-22,14.921671867370605,14.921671867370605,14.921671867370605,14.921671867370605,0.0
2017-05-23,14.921671867370605,14.921671867370605,14.921671867370605,14.921671867370605,0.0
2017-05-24,14.921671867370605,14.921671867370605,14.921671867370605,14.921671867370605,0.0
2017-05-25,14.921671867370605,14.921671867370605,14.921671867370605,14.921671867370605,0.0
2017-05-26,12.186031341552734,12.186031341552734,12.186031341552734,12.186031341552734,200.0
2017-05-30,12.186031341552734,12.186031341552734,12.186031341552734,12.186031341552734,0.0
2017-05-31,12.186031341552734,12.186031341552734,12.186031341552734,12.186031341552734,0.0
2017-06-01,12.186031341552734,12.186031341552734,12.186031341552734,12.186031341552734,0.0
2017-06-02,12.186031341552734,12.186031341552734,12.186031341552734,12.186031341552734,0.0
2017-06-05,12.186031341552734,12.186031341552734,12.186031341552734,12.186031341552734,0.0
2017-06-06,12.186031341552734,12.186031341552734,12.186031341552734,12.186031341552734,0.0
2017-06-07,12.186031341552734,12.186031341552734,12.186031341552734,12.186031341552734,0.0
2017-06-08,12.186031341552734,12.186031341552734,12.186031341552734,12.186031341552734,0.0
2017-06-09,12.186031341552734,12.186031341552734,12.186031341552734,12.186031341552734,0.0
2017-06-12,12.235771179199219,12.235771179199219,12.235771179199219,12.235771179199219,1200.0
2017-06-13,12.235771179199219,12.235771179199219,12.235771179199219,12.235771179199219,0.0
2017-06-14,12.782898902893066,12.782898902893066,12.782898902893066,12.782898902893066,1200.0
2017-06-15,12.782898902893066,12.782898902893066,12.782898902893066,12.782898902893066,0.0
2017-06-16,12.782898902893066,12.782898902893066,12.782898902893066,12.782898902893066,0.0
2017-06-19,12.782898902893066,12.782898902893066,12.782898902893066,12.782898902893066,0.0
2017-06-20,12.782898902893066,12.782898902893066,12.782898902893066,12.782898902893066,0.0
2017-06-21,12.782898902893066,12.782898902893066,12.782898902893066,12.782898902893066,0.0
2017-06-22,12.782898902893066,12.782898902893066,12.782898902893066,12.782898902893066,0.0
2017-06-23,12.782898902893066,12.782898902893066,12.782898902893066,12.782898902893066,0.0
2017-06-26,12.782898902893066,12.782898902893066,12.782898902893066,12.782898902893066,0.0
2017-06-27,12.782898902893066,12.782898902893066,12.782898902893066,12.782898902893066,0.0
2017-06-28,12.782898902893066,12.782898902893066,12.782898902893066,12.782898902893066,0.0
2017-06-29,12.782898902893066,12.782898902893066,12.782898902893066,12.782898902893066,0.0
2017-06-30,12.782898902893066,12.782898902893066,12.782898902893066,12.782898902893066,0.0
2017-07-03,12.782898902893066,12.782898902893066,12.782898902893066,12.782898902893066,0.0
2017-07-05,12.782898902893066,12.782898902893066,12.782898902893066,12.782898902893066,0.0
2017-07-06,12.782898902893066,12.782898902893066,12.782898902893066,12.782898902893066,0.0
2017-07-07,12.782898902893066,12.782898902893066,12.782898902893066,12.782898902893066,0.0
2017-07-10,12.782898902893066,12.782898902893066,12.782898902893066,12.782898902893066,0.0
2017-07-11,12.782898902893066,12.782898902893066,12.782898902893066,12.782898902893066,0.0
2017-07-12,12.782898902893066,12.782898902893066,12.782898902893066,12.782898902893066,0.0
2017-07-13,12.782898902893066,12.782898902893066,12.782898902893066,12.782898902893066,0.0
2017-07-14,12.782898902893066,12.782898902893066,12.782898902893066,12.782898902893066,0.0
2017-07-17,12.782898902893066,12.782898902893066,12.782898902893066,12.782898902893066,0.0
2017-07-18,12.782898902893066,12.782898902893066,12.782898902893066,12.782898902893066,0.0
2017-07-19,12.782898902893066,12.782898902893066,12.782898902893066,12.782898902893066,0.0
2017-07-20,12.782898902893066,12.782898902893066,12.782898902893066,12.782898902893066,0.0
2017-07-21,12.782898902893066,12.782898902893066,12.782898902893066,12.782898902893066,0.0
2017-07-24,12.782898902893066,12.782898902893066,12.782898902893066,12.782898902893066,0.0
2017-07-25,12.782898902893066,12.782898902893066,12.782898902893066,12.782898902893066,0.0
2017-07-26,12.782898902893066,12.782898902893066,12.782898902893066,12.782898902893066,0.0
2017-07-27,12.782898902893066,12.782898902893066,12.782898902893066,12.782898902893066,0.0
2017-07-28,12.782898902893066,12.782898902893066,12.782898902893066,12.782898902893066,0.0
2017-07-31,12.782898902893066,12.782898902893066,12.782898902893066,12.782898902893066,0.0
2017-08-01,12.782898902893066,12.782898902893066,12.782898902893066,12.782898902893066,0.0
2017-08-02,12.782898902893066,12.782898902893066,12.782898902893066,12.782898902893066,0.0
2017-08-03,12.782898902893066,12.782898902893066,12.782898902893066,12.782898902893066,0.0
2017-08-04,13.42950439453125,13.42950439453125,13.42950439453125,13.42950439453125,1000.0
2017-08-07,13.42950439453125,13.42950439453125,13.42950439453125,13.42950439453125,0.0
2017-08-08,13.42950439453125,13.42950439453125,13.42950439453125,13.42950439453125,0.0
2017-08-09,13.42950439453125,13.42950439453125,13.42950439453125,13.42950439453125,0.0
2017-08-10,13.42950439453125,13.42950439453125,13.42950439453125,13.42950439453125,0.0
2017-08-11,13.42950439453125,13.42950439453125,13.42950439453125,13.42950439453125,0.0
2017-08-14,13.42950439453125,13.42950439453125,13.42950439453125,13.42950439453125,0.0
2017-08-15,13.42950439453125,13.42950439453125,13.42950439453125,13.42950439453125,300.0
2017-08-16,13.42950439453125,13.42950439453125,13.42950439453125,13.42950439453125,0.0
2017-08-17,13.42950439453125,13.42950439453125,13.42950439453125,13.42950439453125,0.0
2017-08-18,13.42950439453125,13.42950439453125,13.42950439453125,13.42950439453125,300.0
2017-08-21,13.42950439453125,13.42950439453125,13.42950439453125,13.42950439453125,0.0
2017-08-22,12.93211523769645,12.93211523769645,12.782898902893066,12.782898902893066,300.0
2017-08-23,12.782898902893066,12.782898902893066,12.782898902893066,12.782898902893066,0.0
2017-08-24,13.031593322753906,13.031593322753906,13.031593322753906,13.031593322753906,1000.0
2017-08-25,13.031593322753906,13.031593322753906,13.031593322753906,13.031593322753906,0.0
2017-08-28,13.031593322753906,13.031593322753906,13.031593322753906,13.031593322753906,0.0
2017-08-29,13.031593322753906,13.031593322753906,13.031593322753906,13.031593322753906,0.0
2017-08-30,13.031593322753906,13.031593322753906,13.031593322753906,13.031593322753906,0.0
2017-08-31,13.031593322753906,13.031593322753906,13.031593322753906,13.031593322753906,0.0
2017-09-01,13.031593322753906,13.031593322753906,13.031593322753906,13.031593322753906,0.0
2017-09-05,13.031593322753906,13.031593322753906,13.031593322753906,13.031593322753906,0.0
2017-09-06,13.031593322753906,13.031593322753906,13.031593322753906,13.031593322753906,0.0
2017-09-07,13.031593322753906,13.031593322753906,13.031593322753906,13.031593322753906,0.0
2017-09-08,13.031593322753906,13.031593322753906,13.031593322753906,13.031593322753906,0.0
2017-09-11,13.031593322753906,13.031593322753906,13.031593322753906,13.031593322753906,0.0
2017-09-12,13.031593322753906,13.031593322753906,13.031593322753906,13.031593322753906,0.0
2017-09-13,13.031593322753906,13.031593322753906,13.031593322753906,13.031593322753906,0.0
2017-09-14,13.031593322753906,13.031593322753906,13.031593322753906,13.031593322753906,0.0
2017-09-15,13.031593322753906,13.031593322753906,13.031593322753906,13.031593322753906,0.0
2017-09-18,13.031593322753906,13.031593322753906,13.031593322753906,13.031593322753906,0.0
2017-09-19,13.031593322753906,13.031593322753906,13.031593322753906,13.031593322753906,0.0
2017-09-20,12.733160018920898,12.733160018920898,12.733160018920898,12.733160018920898,1800.0
2017-09-21,12.733160018920898,12.733160018920898,12.733160018920898,12.733160018920898,0.0
2017-09-22,12.733160018920898,12.733160018920898,12.733160018920898,12.733160018920898,0.0
2017-09-25,12.733160018920898,12.733160018920898,12.733160018920898,12.733160018920898,0.0
2017-09-26,12.733160018920898,12.733160018920898,12.733160018920898,12.733160018920898,0.0
2017-09-27,12.733160018920898,12.733160018920898,12.733160018920898,12.733160018920898,0.0
2017-09-28,12.733160018920898,12.733160018920898,12.733160018920898,12.733160018920898,0.0
2017-09-29,12.93211555480957,12.93211555480957,12.93211555480957,12.93211555480957,500.0
2017-10-02,12.93211555480957,12.93211555480957,12.93211555480957,12.93211555480957,0.0
2017-10-03,12.93211555480957,12.93211555480957,12.93211555480957,12.93211555480957,0.0
2017-10-04,12.93211555480957,12.93211555480957,12.93211555480957,12.93211555480957,0.0
2017-10-05,12.932115342881945,13.42950439453125,12.932115342881945,13.42950439453125,2600.0
2017-10-06,13.42950439453125,13.42950439453125,13.42950439453125,13.42950439453125,0.0
2017-10-09,13.42950439453125,13.42950439453125,13.42950439453125,13.42950439453125,0.0
2017-10-10,13.42950439453125,13.42950439453125,13.42950439453125,13.42950439453125,0.0
2017-10-11,13.42950439453125,13.42950439453125,13.42950439453125,13.42950439453125,0.0
2017-10-12,13.18080997467041,13.18080997467041,13.18080997467041,13.18080997467041,20600.0
2017-10-13,13.18080997467041,13.18080997467041,13.18080997467041,13.18080997467041,0.0
2017-10-16,13.18080997467041,13.18080997467041,13.18080997467041,13.18080997467041,0.0
2017-10-17,13.18080997467041,13.18080997467041,13.18080997467041,13.18080997467041,0.0
2017-10-18,13.18080997467041,13.18080997467041,13.18080997467041,13.18080997467041,0.0
2017-10-19,13.18080997467041,13.18080997467041,13.18080997467041,13.18080997467041,0.0
2017-10-20,13.18080997467041,13.18080997467041,13.18080997467041,13.18080997467041,0.0
2017-10-23,13.18080997467041,13.18080997467041,13.18080997467041,13.18080997467041,0.0
2017-10-24,13.180810076501698,13.379765510559082,13.180810076501698,13.379765510559082,300.0
2017-10-25,13.379765510559082,13.379765510559082,13.379765510559082,13.379765510559082,0.0
2017-10-26,13.379765510559082,13.379765510559082,13.379765510559082,13.379765510559082,0.0
2017-10-27,13.379765510559082,13.379765510559082,13.379765510559082,13.379765510559082,700.0
2017-10-30,13.379765510559082,13.379765510559082,13.379765510559082,13.379765510559082,1500.0
2017-10-31,13.379765510559082,13.379765510559082,13.379765510559082,13.379765510559082,0.0
2017-11-01,13.42950439453125,13.42950439453125,13.42950439453125,13.42950439453125,2000.0
2017-11-02,13.42950439453125,13.42950439453125,13.42950439453125,13.42950439453125,0.0
2017-11-03,13.42950439453125,13.42950439453125,13.42950439453125,13.42950439453125,0.0
2017-11-06,13.42950439453125,13.42950439453125,13.42950439453125,13.42950439453125,0.0
2017-11-07,13.42950439453125,13.42950439453125,13.42950439453125,13.42950439453125,0.0
2017-11-08,13.42950439453125,13.42950439453125,13.42950439453125,13.42950439453125,0.0
2017-11-09,13.42950439453125,13.42950439453125,13.42950439453125,13.42950439453125,0.0
2017-11-10,13.42950439453125,13.42950439453125,13.42950439453125,13.42950439453125,0.0
2017-11-13,13.42950439453125,13.42950439453125,13.42950439453125,13.42950439453125,0.0
2017-11-14,13.42950439453125,13.42950439453125,13.42950439453125,13.42950439453125,0.0
2017-11-15,13.42950439453125,13.42950439453125,13.42950439453125,13.42950439453125,0.0
2017-11-16,13.42950439453125,13.42950439453125,13.42950439453125,13.42950439453125,0.0
2017-11-17,13.42950439453125,13.42950439453125,13.42950439453125,13.42950439453125,0.0
2017-11-20,13.42950439453125,13.42950439453125,13.42950439453125,13.42950439453125,0.0
2017-11-21,13.42950439453125,13.42950439453125,13.42950439453125,13.42950439453125,0.0
2017-11-22,13.42950439453125,13.42950439453125,13.42950439453125,13.42950439453125,0.0
2017-11-24,13.42950439453125,13.42950439453125,13.42950439453125,13.42950439453125,0.0
2017-11-27,13.42950439453125,13.42950439453125,13.42950439453125,13.42950439453125,0.0
2017-11-28,13.916944934941025,14.67297649383545,13.87715385019365,14.67297649383545,300.0
2017-11-29,14.67297649383545,14.67297649383545,14.67297649383545,14.67297649383545,0.0
2017-11-30,14.67297649383545,14.67297649383545,14.67297649383545,14.67297649383545,0.0
2017-12-01,14.67297649383545,14.67297649383545,14.67297649383545,14.67297649383545,0.0
2017-12-04,14.67297649383545,14.67297649383545,14.67297649383545,14.67297649383545,0.0
2017-12-05,14.67297649383545,14.67297649383545,14.67297649383545,14.67297649383545,0.0
2017-12-06,14.67297649383545,14.67297649383545,14.67297649383545,14.67297649383545,0.0
2017-12-07,14.67297649383545,14.67297649383545,14.67297649383545,14.67297649383545,0.0
2017-12-08,14.67297649383545,14.67297649383545,14.67297649383545,14.67297649383545,0.0
2017-12-11,14.67297649383545,14.67297649383545,14.67297649383545,14.67297649383545,0.0
2017-12-12,14.67297649383545,14.67297649383545,14.67297649383545,14.67297649383545,0.0
2017-12-13,14.67297649383545,14.67297649383545,14.67297649383545,14.67297649383545,0.0
2017-12-14,14.67297649383545,14.67297649383545,14.67297649383545,14.67297649383545,0.0
2017-12-15,14.67297649383545,14.67297649383545,14.67297649383545,14.67297649383545,0.0
2017-12-18,14.67297649383545,14.67297649383545,14.67297649383545,14.67297649383545,0.0
2017-12-19,14.67297649383545,14.67297649383545,14.67297649383545,14.67297649383545,0.0
2017-12-20,14.67297649383545,14.67297649383545,14.67297649383545,14.67297649383545,0.0
2017-12-21,14.67297649383545,14.67297649383545,14.67297649383545,14.67297649383545,0.0
2017-12-22,14.67297649383545,14.67297649383545,14.67297649383545,14.67297649383545,0.0
2017-12-26,14.67297649383545,14.67297649383545,14.67297649383545,14.67297649383545,0.0
2017-12-27,14.67297649383545,14.67297649383545,14.67297649383545,14.67297649383545,0.0
2017-12-28,14.67297649383545,14.67297649383545,14.67297649383545,14.67297649383545,0.0
2017-12-29,14.67297649383545,14.67297649383545,14.67297649383545,14.67297649383545,20400.0
2018-01-02,14.67297649383545,14.67297649383545,14.67297649383545,14.67297649383545,7500.0
2018-01-03,14.67297649383545,14.67297649383545,14.67297649383545,14.67297649383545,0.0
2018-01-04,14.67297649383545,14.67297649383545,14.67297649383545,14.67297649383545,0.0
2018-01-05,14.67297649383545,14.67297649383545,14.67297649383545,14.67297649383545,0.0
2018-01-08,14.67297649383545,14.67297649383545,14.67297649383545,14.67297649383545,0.0
2018-01-09,14.67297649383545,14.67297649383545,14.67297649383545,14.67297649383545,0.0
2018-01-10,14.67297649383545,14.67297649383545,14.67297649383545,14.67297649383545,0.0
2018-01-11,14.67297649383545,14.67297649383545,14.67297649383545,14.67297649383545,0.0
2018-01-12,14.67297649383545,14.67297649383545,14.67297649383545,14.67297649383545,0.0
2018-01-16,14.67297649383545,14.67297649383545,14.67297649383545,14.67297649383545,0.0
2018-01-17,14.67297649383545,14.67297649383545,14.67297649383545,14.67297649383545,0.0
2018-01-18,14.67297649383545,14.67297649383545,14.67297649383545,14.67297649383545,0.0
2018-01-19,14.881880760192871,14.881880760192871,14.881880760192871,14.881880760192871,100.0
2018-01-22,14.921671744465824,16.06566619873047,14.921671744465824,16.06566619873047,600.0
2018-01-23,16.06566619873047,16.06566619873047,16.06566619873047,16.06566619873047,0.0
2018-01-24,16.06566619873047,16.06566619873047,16.06566619873047,16.06566619873047,0.0
2018-01-25,16.06566619873047,16.06566619873047,16.06566619873047,16.06566619873047,0.0
2018-01-26,16.06566619873047,16.06566619873047,16.06566619873047,16.06566619873047,0.0
2018-01-29,16.06566619873047,16.06566619873047,16.06566619873047,16.06566619873047,0.0
2018-01-30,16.06566619873047,16.06566619873047,16.06566619873047,16.06566619873047,0.0
2018-01-31,16.06566619873047,16.06566619873047,16.06566619873047,16.06566619873047,0.0
2018-02-01,16.06566619873047,16.06566619873047,16.06566619873047,16.06566619873047,0.0
2018-02-02,16.06566619873047,16.06566619873047,16.06566619873047,16.06566619873047,0.0
2018-02-05,16.06566619873047,16.06566619873047,16.06566619873047,16.06566619873047,0.0
2018-02-06,16.06566619873047,16.06566619873047,16.06566619873047,16.06566619873047,0.0
2018-02-07,16.06566619873047,16.06566619873047,16.06566619873047,16.06566619873047,0.0
2018-02-08,16.41383934020996,16.41383934020996,16.41383934020996,16.41383934020996,300.0
2018-02-09,17.418565253016233,17.418565253016233,16.91122817993164,16.91122817993164,700.0
2018-02-12,16.91122817993164,16.91122817993164,16.91122817993164,16.91122817993164,0.0
2018-02-13,16.91122817993164,16.91122817993164,16.91122817993164,16.91122817993164,0.0
2018-02-14,15.916449652777779,15.916449652777779,15.667755126953125,15.667755126953125,2500.0
2018-02-15,15.667755126953125,15.667755126953125,15.667755126953125,15.667755126953125,0.0
2018-02-16,15.667755126953125,15.667755126953125,15.667755126953125,15.667755126953125,0.0
2018-02-20,15.916449546813965,15.916449546813965,15.916449546813965,15.916449546813965,400.0
2018-02-21,15.916449652777779,15.916449652777779,15.667755126953125,15.667755126953125,500.0
2018-02-22,15.667755018505703,15.667755018505703,15.021149635314941,15.021149635314941,1300.0
2018-02-23,15.021149635314941,15.021149635314941,15.021149635314941,15.021149635314941,0.0
2018-02-26,14.94156788523372,14.94156788523372,14.921671867370605,14.921671867370605,1200.0
2018-02-27,14.921671867370605,14.921671867370605,14.921671867370605,14.921671867370605,0.0
2018-02-28,14.921671867370605,14.921671867370605,14.921671867370605,14.921671867370605,0.0
2018-03-01,14.921671867370605,14.921671867370605,14.921671867370605,14.921671867370605,0.0
2018-03-02,14.722715586943242,14.722715586943242,14.67297649383545,14.67297649383545,500.0
2018-03-05,14.67297649383545,14.67297649383545,14.67297649383545,14.67297649383545,0.0
2018-03-06,14.67297649383545,14.67297649383545,14.67297649383545,14.67297649383545,0.0
2018-03-07,14.802298606274963,14.921671867370605,14.802298606274963,14.921671867370605,1300.0
2018-03-08,14.921671867370605,14.921671867370605,14.921671867370605,14.921671867370605,0.0
2018-03-09,14.881880780338724,14.921671867370605,14.881880780338724,14.921671867370605,1500.0
2018-03-12,14.42428207397461,14.42428207397461,14.42428207397461,14.42428207397461,900.0
2018-03-13,14.67297681188844,14.822193145751953,14.67297681188844,14.822193145751953,1100.0
2018-03-14,14.822193145751953,14.822193145751953,14.822193145751953,14.822193145751953,0.0
2018-03-15,14.822193145751953,14.822193145751953,14.822193145751953,14.822193145751953,0.0
2018-03-16,14.822193145751953,14.822193145751953,14.822193145751953,14.822193145751953,0.0
2018-03-19,14.822193145751953,14.822193145751953,14.822193145751953,14.822193145751953,0.0
2018-03-20,14.822193145751953,14.822193145751953,14.822193145751953,14.822193145751953,0.0
2018-03-21,14.822193145751953,14.822193145751953,14.822193145751953,14.822193145751953,0.0
2018-03-22,14.812246085870216,14.822193145751953,14.812246085870216,14.822193145751953,900.0
2018-03-23,14.822193145751953,14.822193145751953,14.822193145751953,14.822193145751953,0.0
2018-03-26,14.822193145751953,14.822193145751953,14.822193145751953,14.822193145751953,0.0
2018-03-27,14.822193145751953,14.822193145751953,14.822193145751953,14.822193145751953,0.0
2018-03-28,14.822193145751953,14.822193145751953,14.822193145751953,14.822193145751953,0.0
2018-03-29,14.772455215454102,14.772455215454102,14.772455215454102,14.772455215454102,200.0
2018-04-02,14.523760260859051,14.523760260859051,14.42428207397461,14.42428207397461,500.0
2018-04-03,14.42428207397461,14.42428207397461,14.42428207397461,14.42428207397461,0.0
2018-04-04,14.42428207397461,14.42428207397461,14.42428207397461,14.42428207397461,0.0
2018-04-05,14.324804306030273,14.324804306030273,14.324804306030273,14.324804306030273,400.0
2018-04-06,14.324804306030273,14.324804306030273,14.324804306030273,14.324804306030273,0.0
2018-04-09,14.523760795593262,14.523760795593262,14.523760795593262,14.523760795593262,200.0
2018-04-10,14.324803752807743,14.324803752807743,14.185535430908203,14.185535430908203,1000.0
2018-04-11,14.185535430908203,14.185535430908203,14.185535430908203,14.185535430908203,0.0
2018-04-12,14.185535430908203,14.185535430908203,14.185535430908203,14.185535430908203,0.0
2018-04-13,14.185535430908203,14.185535430908203,14.185535430908203,14.185535430908203,0.0
2018-04-16,14.185535430908203,14.185535430908203,14.185535430908203,14.185535430908203,0.0
2018-04-17,14.185535430908203,14.185535430908203,14.185535430908203,14.185535430908203,0.0
2018-04-18,14.185535430908203,14.185535430908203,14.185535430908203,14.185535430908203,0.0
2018-04-19,14.185535430908203,14.185535430908203,14.185535430908203,14.185535430908203,0.0
2018-04-20,14.185535430908203,14.185535430908203,14.185535430908203,14.185535430908203,0.0
2018-04-23,14.324804306030273,14.324804306030273,14.324804306030273,14.324804306030273,200.0
2018-04-24,14.324804306030273,14.324804306030273,14.324804306030273,14.324804306030273,0.0
2018-04-25,14.324804306030273,14.324804306030273,14.324804306030273,14.324804306030273,0.0
2018-04-26,14.076109886169434,14.076109886169434,14.076109886169434,14.076109886169434,100.0
2018-04-27,14.215378761291504,14.215378761291504,14.175587675938397,14.215378761291504,400.0
2018-04-30,14.275066375732422,14.275066375732422,14.275066375732422,14.275066375732422,100.0
2018-05-01,14.314857462512885,14.314857462512885,14.275066375732422,14.275066375732422,200.0
2018-05-02,14.414334297180176,14.414334297180176,14.414334297180176,14.414334297180176,100.0
2018-05-03,14.314857482910156,14.314857482910156,14.314857482910156,14.314857482910156,200.0
2018-05-04,14.314857482910156,14.314857482910156,14.314857482910156,14.314857482910156,0.0
2018-05-07,14.314857482910156,14.314857482910156,14.314857482910156,14.314857482910156,0.0
2018-05-08,14.314857482910156,14.314857482910156,14.314857482910156,14.314857482910156,0.0
2018-05-09,14.314857482910156,14.314857482910156,14.314857482910156,14.314857482910156,0.0
2018-05-10,14.314857482910156,14.314857482910156,14.314857482910156,14.314857482910156,0.0
2018-05-11,14.314857482910156,14.314857482910156,14.314857482910156,14.314857482910156,0.0
2018-05-14,14.314857482910156,14.314857482910156,14.314857482910156,14.314857482910156,0.0
2018-05-15,14.314857482910156,14.314857482910156,14.314857482910156,14.314857482910156,0.0
2018-05-16,14.314857482910156,14.314857482910156,14.314857482910156,14.314857482910156,0.0
2018-05-17,14.314857482910156,14.314857482910156,14.314857482910156,14.314857482910156,0.0
2018-05-18,14.314857482910156,14.314857482910156,14.314857482910156,14.314857482910156,0.0
2018-05-21,14.314857482910156,14.314857482910156,14.314857482910156,14.314857482910156,0.0
2018-05-22,14.314857482910156,14.314857482910156,14.314857482910156,14.314857482910156,0.0
2018-05-23,14.314857482910156,14.314857482910156,14.314857482910156,14.314857482910156,0.0
2018-05-24,14.314857482910156,14.314857482910156,14.314857482910156,14.314857482910156,0.0
2018-05-25,14.314857482910156,14.314857482910156,14.314857482910156,14.314857482910156,0.0
2018-05-29,14.314857482910156,14.314857482910156,14.314857482910156,14.314857482910156,0.0
2018-05-30,14.314857482910156,14.314857482910156,14.314857482910156,14.314857482910156,0.0
2018-05-31,14.314857482910156,14.314857482910156,14.314857482910156,14.314857482910156,0.0
2018-06-01,14.43423080444336,14.43423080444336,14.43423080444336,14.43423080444336,100.0
2018-06-04,14.43423080444336,14.43423080444336,14.43423080444336,14.43423080444336,0.0
2018-06-05,14.43423080444336,14.43423080444336,14.43423080444336,14.43423080444336,0.0
2018-06-06,14.43423080444336,14.43423080444336,14.43423080444336,14.43423080444336,0.0
2018-06-07,14.633185507476496,14.672976592491413,14.42428207397461,14.42428207397461,1000.0
2018-06-08,14.42428207397461,14.42428207397461,14.42428207397461,14.42428207397461,0.0
2018-06-11,14.42428207397461,14.42428207397461,14.42428207397461,14.42428207397461,0.0
2018-06-12,14.464073181152344,14.464073181152344,14.464073181152344,14.464073181152344,100.0
2018-06-13,14.464073181152344,14.464073181152344,14.464073181152344,14.464073181152344,0.0
2018-06-14,14.464073181152344,14.464073181152344,14.464073181152344,14.464073181152344,0.0
2018-06-15,14.464073181152344,14.464073181152344,14.464073181152344,14.464073181152344,0.0
2018-06-18,14.464073181152344,14.464073181152344,14.464073181152344,14.464073181152344,0.0
2018-06-19,14.42428207397461,14.42428207397461,14.42428207397461,14.42428207397461,500.0
2018-06-20,14.42428207397461,14.42428207397461,14.42428207397461,14.42428207397461,0.0
2018-06-21,14.42428207397461,14.42428207397461,14.42428207397461,14.42428207397461,0.0
2018-06-22,14.42428207397461,14.42428207397461,14.42428207397461,14.42428207397461,1000.0
2018-06-25,14.56355147794873,14.663028717041016,14.56355147794873,14.663028717041016,1300.0
2018-06-26,14.663028717041016,14.663028717041016,14.663028717041016,14.663028717041016,0.0
2018-06-27,14.42428207397461,14.42428207397461,14.42428207397461,14.42428207397461,200.0
2018-06-28,14.42428207397461,14.42428207397461,14.42428207397461,14.42428207397461,0.0
2018-06-29,14.67297649383545,14.67297649383545,14.67297649383545,14.67297649383545,200.0
2018-07-02,14.67297649383545,14.67297649383545,14.67297649383545,14.67297649383545,200.0
2018-07-03,14.67297649383545,14.67297649383545,14.67297649383545,14.67297649383545,0.0
2018-07-05,15.269844163452376,15.916449546813965,15.25989615479898,15.916449546813965,500.0
2018-07-06,15.916449546813965,15.916449546813965,15.916449546813965,15.916449546813965,0.0
2018-07-09,15.916449546813965,15.916449546813965,15.916449546813965,15.916449546813965,0.0
2018-07-10,15.59812068939209,15.59812068939209,15.59812068939209,15.59812068939209,200.0
2018-07-11,15.59812068939209,15.59812068939209,15.59812068939209,15.59812068939209,0.0
2018-07-12,14.67297649383545,14.67297649383545,14.67297649383545,14.67297649383545,200.0
2018-07-13,14.67297649383545,14.67297649383545,14.67297649383545,14.67297649383545,0.0
2018-07-16,14.67297649383545,14.67297649383545,14.67297649383545,14.67297649383545,0.0
2018-07-17,14.67297649383545,14.67297649383545,14.67297649383545,14.67297649383545,0.0
2018-07-18,15.667755126953125,15.667755126953125,15.667755126953125,15.667755126953125,200.0
2018-07-19,15.667755126953125,15.667755126953125,15.667755126953125,15.667755126953125,200.0
2018-07-20,15.667755126953125,15.667755126953125,15.667755126953125,15.667755126953125,0.0
2018-07-23,14.921671867370605,14.921671867370605,14.921671867370605,14.921671867370605,700.0
2018-07-24,14.921671867370605,14.921671867370605,14.921671867370605,14.921671867370605,1100.0
2018-07-25,14.921671867370605,15.090784224429687,14.921671867370605,14.921671867370605,4600.0
2018-07-26,14.921671446195907,15.021149635314941,14.921671446195907,15.021149635314941,1100.0
2018-07-27,14.921671867370605,14.921671867370605,14.921671867370605,14.921671867370605,800.0
2018-07-30,14.971410751342773,14.971410751342773,14.971410751342773,14.971410751342773,3400.0
2018-07-31,14.971410751342773,14.971410751342773,14.971410751342773,14.971410751342773,1200.0
2018-08-01,14.971410963334044,15.011202050365926,14.921671867370605,14.921671867370605,5700.0
2018-08-02,14.871932771407167,15.86671089589854,14.871932771407167,14.921671867370605,3400.0
2018-08-03,14.921671867370605,14.921671867370605,14.921671867370605,14.921671867370605,0.0
2018-08-06,15.170366287231445,15.170366287231445,15.170366287231445,15.170366287231445,200.0
2018-08-07,14.921671549479168,15.667755126953125,14.921671549479168,15.667755126953125,1500.0
2018-08-08,15.667755126953125,15.667755126953125,15.667755126953125,15.667755126953125,900.0
2018-08-09,15.667755126953125,15.667755126953125,15.667755126953125,15.667755126953125,200.0
2018-08-10,15.667755126953125,15.667755126953125,15.667755126953125,15.667755126953125,100.0
2018-08-13,15.170365766491871,15.518538475036621,15.170365766491871,15.518538475036621,1200.0
2018-08-14,15.518538475036621,15.518538475036621,15.518538475036621,15.518538475036621,300.0
2018-08-15,15.518539007727608,15.518539007727608,15.170366287231445,15.170366287231445,4200.0
2018-08-16,15.170366287231445,15.170366287231445,15.170366287231445,15.170366287231445,0.0
2018-08-17,15.170366287231445,15.170366287231445,15.170366287231445,15.170366287231445,0.0
2018-08-20,15.170366287231445,15.170366287231445,15.170366287231445,15.170366287231445,0.0
2018-08-21,15.170366287231445,15.170366287231445,15.170366287231445,15.170366287231445,0.0
2018-08-22,15.568276405334473,15.568276405334473,15.568276405334473,15.568276405334473,200.0
2018-08-23,15.568276405334473,15.568276405334473,15.568276405334473,15.568276405334473,0.0
2018-08-24,15.568276405334473,15.568276405334473,15.568276405334473,15.568276405334473,0.0
2018-08-27,15.319581985473633,15.319581985473633,15.319581985473633,15.319581985473633,2400.0
2018-08-28,15.319581985473633,15.319581985473633,15.319581985473633,15.319581985473633,0.0
2018-08-29,15.319581985473633,15.319581985473633,15.319581985473633,15.319581985473633,6600.0
2018-08-30,15.220105171203613,15.220105171203613,15.220105171203613,15.220105171203613,15500.0
2018-08-31,15.220105171203613,15.220105171203613,15.220105171203613,15.220105171203613,0.0
2018-09-04,15.220105171203613,15.220105171203613,15.220105171203613,15.220105171203613,0.0
2018-09-05,15.269844055175781,15.269844055175781,15.269844055175781,15.269844055175781,3600.0
2018-09-06,15.269844055175781,15.269844055175781,15.269844055175781,15.269844055175781,0.0
2018-09-07,15.419060707092285,15.419060707092285,15.419060707092285,15.419060707092285,100.0
2018-09-10,15.419060707092285,15.419060707092285,15.419060707092285,15.419060707092285,200.0
2018-09-11,15.319581985473633,15.319581985473633,15.319581985473633,15.319581985473633,200.0
2018-09-12,15.419060707092285,15.419060707092285,15.419060707092285,15.419060707092285,500.0
2018-09-13,15.667754707751476,15.767232894897461,15.667754707751476,15.767232894897461,1000.0
2018-09-14,15.91644933190506,16.165143852716078,15.91644933190506,15.966187477111816,2200.0
2018-09-17,15.966187477111816,15.966187477111816,15.966187477111816,15.966187477111816,1600.0
2018-09-18,15.916449652777779,15.916449652777779,15.667755126953125,15.667755126953125,6900.0
2018-09-19,15.667755126953125,15.667755126953125,15.667755126953125,15.667755126953125,0.0
2018-09-20,15.70754663078499,16.015928268432617,15.667755543542812,16.015928268432617,1700.0
2018-09-21,15.707545997183974,15.767233099986793,15.269844055175781,15.269844055175781,16600.0
2018-09-24,15.568276831502688,15.568276831502688,15.468799591064453,15.468799591064453,600.0
2018-09-25,15.518538475036621,15.518538475036621,15.518538475036621,15.518538475036621,200.0
2018-09-26,15.518538260824055,15.568276405334473,15.478747175999144,15.568276405334473,60500.0
2018-09-27,15.568276405334473,15.568276405334473,15.568276405334473,15.568276405334473,0.0
2018-09-28,15.568276749485772,15.757285118103027,15.568276749485772,15.757285118103027,800.0
2018-10-01,15.757285118103027,15.757285118103027,15.757285118103027,15.757285118103027,0.0
2018-10-02,15.618016242980957,15.618016242980957,15.618016242980957,15.618016242980957,3500.0
2018-10-03,15.518538475036621,15.518538475036621,15.518538475036621,15.518538475036621,10000.0
2018-10-04,15.518538897583518,15.618016139380416,15.36932161184667,15.419060707092285,23600.0
2018-10-05,15.419060707092285,15.419060707092285,15.419060707092285,15.419060707092285,0.0
2018-10-08,15.419060707092285,15.419060707092285,15.419060707092285,15.419060707092285,600.0
2018-10-09,15.419060172515973,15.419060172515973,15.319581985473633,15.319581985473633,8000.0
2018-10-10,15.41906091904947,15.41906091904947,15.369321823120117,15.369321823120117,5100.0
2018-10-11,15.369321078994803,15.409112164072878,15.319581985473633,15.319581985473633,3300.0
2018-10-12,15.269843729058023,15.269843729058023,15.120626449584961,15.120626449584961,1800.0
2018-10-15,15.120626449584961,15.120626449584961,15.120626449584961,15.120626449584961,0.0
2018-10-16,15.170366183685022,15.170366183685022,14.961462742552078,14.971410751342773,2800.0
2018-10-17,15.021149635314941,15.021149635314941,15.011201626664175,15.021149635314941,2300.0
2018-10-18,14.971410216689888,14.971410216689888,14.871932029724121,14.871932029724121,800.0
2018-10-19,14.871932452507291,14.871932452507291,14.324804306030273,14.324804306030273,12200.0
2018-10-22,14.275066375732422,14.275066375732422,14.275066375732422,14.275066375732422,200.0
2018-10-23,14.275066056067686,14.573498725891113,14.275066056067686,14.573498725891113,4300.0
2018-10-24,14.573498725891113,14.573498725891113,14.573498725891113,14.573498725891113,100.0
2018-10-25,14.573498725891113,14.573498725891113,14.573498725891113,14.573498725891113,0.0
2018-10-26,14.573498725891113,14.573498725891113,14.573498725891113,14.573498725891113,100.0
2018-10-29,14.573498725891113,14.573498725891113,14.573498725891113,14.573498725891113,0.0
2018-10-30,14.573498725891113,14.573498725891113,14.573498725891113,14.573498725891113,0.0
2018-10-31,14.573498725891113,14.573498725891113,14.573498725891113,14.573498725891113,0.0
2018-11-01,14.573498725891113,14.573498725891113,14.573498725891113,14.573498725891113,0.0
2018-11-02,14.573498725891113,14.573498725891113,14.573498725891113,14.573498725891113,0.0
2018-11-05,14.474021911621094,14.474021911621094,14.474021911621094,14.474021911621094,100.0
2018-11-06,14.474021911621094,14.474021911621094,14.474021911621094,14.474021911621094,0.0
2018-11-07,14.424282284169475,14.424282284169475,14.374543190002441,14.374543190002441,1300.0
2018-11-08,14.374543400927152,14.374543400927152,14.324804306030273,14.324804306030273,200.0
2018-11-09,14.324804306030273,14.324804306030273,14.324804306030273,14.324804306030273,100.0
2018-11-12,14.324804306030273,14.324804306030273,14.324804306030273,14.324804306030273,0.0
2018-11-13,14.324804306030273,14.324804306030273,14.324804306030273,14.324804306030273,0.0
2018-11-14,14.324804306030273,14.324804306030273,14.324804306030273,14.324804306030273,1700.0
2018-11-15,14.324804306030273,14.324804306030273,14.324804306030273,14.324804306030273,0.0
2018-11-16,14.324804306030273,14.324804306030273,14.324804306030273,14.324804306030273,0.0
2018-11-19,14.354648332184997,14.354648332184997,14.324804306030273,14.324804306030273,800.0
2018-11-20,14.275065608526074,14.275065608526074,14.175587422574152,14.185535430908203,2500.0
2018-11-21,14.17558765411377,14.17558765411377,14.17558765411377,14.17558765411377,1500.0
2018-11-23,14.17558765411377,14.17558765411377,14.17558765411377,14.17558765411377,0.0
2018-11-26,14.165640088691294,14.165640088691294,14.115900993347168,14.115900993347168,3300.0
2018-11-27,14.076109886169434,14.076109886169434,14.02637173959258,14.076109886169434,2600.0
2018-11-28,14.076109886169434,14.076109886169434,14.076109886169434,14.076109886169434,1000.0
2018-11-29,14.076109886169434,14.076109886169434,14.076109886169434,14.076109886169434,0.0
2018-11-30,14.076109886169434,14.076109886169434,14.076109886169434,14.076109886169434,0.0
2018-12-03,14.046266555786133,14.046266555786133,14.046266555786133,14.046266555786133,500.0
2018-12-04,14.046266555786133,14.046266555786133,14.046266555786133,14.046266555786133,500.0
2018-12-06,14.046266555786133,14.046266555786133,14.046266555786133,14.046266555786133,0.0
2018-12-07,14.046266555786133,14.046266555786133,14.046266555786133,14.046266555786133,0.0
2018-12-10,14.02637121162405,14.02637121162405,13.976632118225098,13.976632118225098,900.0
2018-12-11,13.976632005635238,13.976632005635238,13.777676582336426,13.777676582336426,2400.0
2018-12-12,13.70804209907357,14.076109886169434,13.70804209907357,14.076109886169434,2400.0
2018-12-13,14.076109886169434,14.076109886169434,14.076109886169434,14.076109886169434,0.0
2018-12-14,14.125848770141602,14.125848770141602,14.125848770141602,14.125848770141602,100.0
2018-12-17,14.125848770141602,14.125848770141602,14.125848770141602,14.125848770141602,0.0
2018-12-18,14.125848770141602,14.125848770141602,14.125848770141602,14.125848770141602,0.0
2018-12-19,13.777677216280598,13.777677216280598,13.628459930419922,13.628459930419922,4000.0
2018-12-20,13.628460060987697,13.628460060987697,13.419556617736816,13.419556617736816,12700.0
2018-12-21,13.419556617736816,13.419556617736816,13.419556617736816,13.419556617736816,0.0
2018-12-24,13.031593746247381,13.031593746247381,12.93211555480957,12.93211555480957,700.0
2018-12-26,12.932115100703397,12.932115100703397,12.544151306152344,12.544151306152344,400.0
2018-12-27,12.554099824600652,12.603838920593262,12.554099824600652,12.603838920593262,14700.0
2018-12-28,12.92216754592692,12.93211555480957,12.92216754592692,12.93211555480957,6400.0
2018-12-31,12.822690402502268,13.131071090698242,12.782899315357808,13.131071090698242,1400.0
2019-01-02,13.42950439453125,13.42950439453125,13.42950439453125,13.42950439453125,200.0
2019-01-03,13.42950439453125,13.42950439453125,13.42950439453125,13.42950439453125,0.0
2019-01-04,13.250444138878935,13.42950450249438,13.18080997467041,13.18080997467041,8900.0
2019-01-07,13.18080997467041,13.18080997467041,13.18080997467041,13.18080997467041,0.0
2019-01-08,13.18080997467041,13.18080997467041,13.18080997467041,13.18080997467041,0.0
2019-01-09,13.18080997467041,13.18080997467041,13.18080997467041,13.18080997467041,300.0
2019-01-10,13.18080997467041,13.18080997467041,13.18080997467041,13.18080997467041,0.0
2019-01-11,13.18080997467041,13.18080997467041,13.18080997467041,13.18080997467041,100.0
2019-01-14,13.389713287353516,13.389713287353516,13.389713287353516,13.389713287353516,100.0
2019-01-15,13.270339965820312,13.270339965820312,13.270339965820312,13.270339965820312,100.0
2019-01-16,13.270339965820312,13.270339965820312,13.270339965820312,13.270339965820312,0.0
2019-01-17,13.250444412231445,13.250444412231445,13.250444412231445,13.250444412231445,3900.0
2019-01-18,13.230548858642578,13.230548858642578,13.230548858642578,13.230548858642578,1500.0
2019-01-22,13.180809753350589,13.180809753350589,12.335247993469238,12.335247993469238,8400.0
2019-01-23,12.583942413330078,12.583942413330078,12.583942413330078,12.583942413330078,2400.0
2019-01-24,12.832636833190918,12.832636833190918,12.832636833190918,12.832636833190918,100.0
2019-01-25,12.832636833190918,12.832636833190918,12.832636833190918,12.832636833190918,0.0
2019-01-28,12.832636833190918,12.832636833190918,12.832636833190918,12.832636833190918,2800.0
2019-01-29,12.832636833190918,12.832636833190918,12.832636833190918,12.832636833190918,100.0
2019-01-30,12.93211555480957,12.93211555480957,12.93211555480957,12.93211555480957,1200.0
2019-01-31,12.971906661987305,12.971906661987305,12.932115575088652,12.971906661987305,300.0
2019-02-01,12.97190643006135,12.981854438781738,12.97190643006135,12.981854438781738,600.0
2019-02-04,12.981854438781738,12.981854438781738,12.981854438781738,12.981854438781738,100.0
2019-02-05,12.942063331604004,12.942063331604004,12.942063331604004,12.942063331604004,100.0
2019-02-06,12.942063331604004,12.942063331604004,12.942063331604004,12.942063331604004,100.0
2019-02-07,12.942063331604004,12.942063331604004,12.942063331604004,12.942063331604004,0.0
2019-02-08,12.981854438781738,12.981854438781738,12.981854438781738,12.981854438781738,800.0
2019-02-11,12.95201157257487,12.95201157257487,12.93211555480957,12.93211555480957,2900.0
2019-02-12,12.93211555480957,12.93211555480957,12.93211555480957,12.93211555480957,0.0
2019-02-13,12.892324447631836,12.892324447631836,12.892324447631836,12.892324447631836,100.0
2019-02-14,12.892324447631836,12.892324447631836,12.892324447631836,12.892324447631836,900.0
2019-02-15,12.912219047546387,12.912219047546387,12.912219047546387,12.912219047546387,100.0
2019-02-19,12.892324447631836,12.892324447631836,12.892324447631836,12.892324447631836,2600.0
2019-02-20,12.892324447631836,12.892324447631836,12.892324447631836,12.892324447631836,1500.0
2019-02-21,12.912219516671403,12.912219516671403,12.892324447631836,12.892324447631836,1000.0
2019-02-22,12.932114921892259,13.081331253051758,12.932114921892259,13.081331253051758,9500.0
2019-02-25,13.081331253051758,13.091279261447538,13.081331253051758,13.081331253051758,12000.0
2019-02-26,13.081331994594079,13.180810186802404,13.081331994594079,13.131071090698242,50600.0
2019-02-27,13.160913957071212,13.18080997467041,13.13107087936675,13.18080997467041,7200.0
2019-02-28,13.131070390813104,13.160913467407227,13.131070390813104,13.160913467407227,4400.0
2019-03-01,13.18080997467041,13.18080997467041,13.18080997467041,13.18080997467041,4000.0
2019-03-04,13.180809764133398,13.230548858642578,13.180809764133398,13.230548858642578,23100.0
2019-03-05,13.230548837269042,13.260391914448611,13.190757751464844,13.190757751464844,20100.0
2019-03-06,13.210652841361178,13.260391935870357,13.210652841361178,13.230548858642578,74900.0
2019-03-07,13.230548858642578,13.230548858642578,13.230548858642578,13.230548858642578,0.0
2019-03-08,13.230548858642578,13.230548858642578,13.230548858642578,13.230548858642578,0.0
2019-03-11,13.230548858642578,13.230548858642578,13.230548858642578,13.230548858642578,0.0
2019-03-12,13.330026098966615,13.330026098966615,13.230548858642578,13.230548858642578,3300.0
2019-03-13,13.230548858642578,13.230548858642578,13.230548858642578,13.230548858642578,4400.0
2019-03-14,13.230548858642578,13.230548858642578,13.230548858642578,13.230548858642578,9200.0
2019-03-15,13.230548858642578,13.230548858642578,13.230548858642578,13.230548858642578,0.0
2019-03-18,13.230548858642578,13.230548858642578,13.230548858642578,13.230548858642578,6200.0
2019-03-19,13.230548858642578,13.230548858642578,13.230548858642578,13.230548858642578,11000.0
2019-03-20,13.230548858642578,13.230548858642578,13.230548858642578,13.230548858642578,0.0
2019-03-21,13.330025887641089,13.330025887641089,13.280287742614746,13.280287742614746,300.0
2019-03-22,13.190757983470009,13.190757983470009,13.18080997467041,13.18080997467041,800.0
2019-03-25,13.18080997467041,13.18080997467041,13.18080997467041,13.18080997467041,0.0
2019-03-26,13.18080997467041,13.18080997467041,13.18080997467041,13.18080997467041,0.0
2019-03-27,13.18080997467041,13.18080997467041,13.18080997467041,13.18080997467041,0.0
2019-03-28,13.18080997467041,13.18080997467041,13.18080997467041,13.18080997467041,1200.0
2019-03-29,13.18080997467041,13.18080997467041,13.18080997467041,13.18080997467041,3200.0
2019-04-01,13.18080997467041,13.18080997467041,13.18080997467041,13.18080997467041,0.0
2019-04-02,13.18080997467041,13.18080997467041,13.18080997467041,13.18080997467041,500.0
2019-04-03,13.18080997467041,13.18080997467041,13.18080997467041,13.18080997467041,10000.0
2019-04-04,13.18080997467041,13.18080997467041,13.18080997467041,13.18080997467041,11100.0
2019-04-05,13.18080997467041,13.18080997467041,13.18080997467041,13.18080997467041,0.0
2019-04-08,13.18080997467041,13.18080997467041,13.18080997467041,13.18080997467041,0.0
2019-04-09,13.18080997467041,13.18080997467041,13.18080997467041,13.18080997467041,0.0
2019-04-10,13.18080997467041,13.18080997467041,13.18080997467041,13.18080997467041,0.0
2019-04-11,13.18080997467041,13.18080997467041,13.18080997467041,13.18080997467041,0.0
2019-04-12,13.18080997467041,13.18080997467041,13.18080997467041,13.18080997467041,0.0
2019-04-15,13.160913467407227,13.160913467407227,13.160913467407227,13.160913467407227,100.0
2019-04-16,13.160913467407227,13.160913467407227,13.160913467407227,13.160913467407227,600.0
2019-04-17,13.429504002837236,13.429504002837236,13.160913467407227,13.160913467407227,4500.0
2019-04-18,13.160913467407227,13.160913467407227,13.160913467407227,13.160913467407227,0.0
2019-04-22,13.160913467407227,13.160913467407227,13.160913467407227,13.160913467407227,0.0
2019-04-23,13.160913467407227,13.160913467407227,13.160913467407227,13.160913467407227,0.0
2019-04-24,13.160913467407227,13.160913467407227,13.160913467407227,13.160913467407227,100.0
2019-04-25,13.160913467407227,13.160913467407227,13.160913467407227,13.160913467407227,0.0
2019-04-26,13.160913467407227,13.160913467407227,13.160913467407227,13.160913467407227,0.0
2019-04-29,13.15096664428711,13.15096664428711,13.15096664428711,13.15096664428711,500.0
2019-04-30,13.15096664428711,13.15096664428711,13.15096664428711,13.15096664428711,0.0
2019-05-01,13.15096664428711,13.15096664428711,13.15096664428711,13.15096664428711,0.0
2019-05-02,13.15096664428711,13.15096664428711,13.15096664428711,13.15096664428711,0.0
2019-05-03,13.15096664428711,13.15096664428711,13.15096664428711,13.15096664428711,0.0
2019-05-06,13.150966876276625,13.150966876276625,13.141018867492676,13.141018867492676,4800.0
2019-05-07,13.131071090698242,13.131071090698242,13.131071090698242,13.131071090698242,900.0
2019-05-08,13.131071090698242,13.131071090698242,13.131071090698242,13.131071090698242,600.0
2019-05-09,13.131071090698242,13.131071090698242,13.131071090698242,13.131071090698242,100.0
2019-05-10,13.131071090698242,13.131071090698242,13.131071090698242,13.131071090698242,0.0
2019-05-13,13.131071090698242,13.131071090698242,13.131071090698242,13.131071090698242,1200.0
2019-05-14,13.131071090698242,13.131071090698242,13.131071090698242,13.131071090698242,0.0
2019-05-15,13.131071090698242,13.131071090698242,13.131071090698242,13.131071090698242,0.0
2019-05-16,13.131070988990848,13.131070988990848,12.93211555480957,12.93211555480957,3100.0
2019-05-17,12.93211555480957,12.93211555480957,12.93211555480957,12.93211555480957,200.0
2019-05-20,12.93211555480957,12.93211555480957,12.93211555480957,12.93211555480957,0.0
2019-05-21,13.031593301053057,13.031593301053057,12.991802215576172,12.991802215576172,2800.0
2019-05-22,12.991802215576172,12.991802215576172,12.991802215576172,12.991802215576172,100.0
2019-05-23,12.991802215576172,12.991802215576172,12.991802215576172,12.991802215576172,0.0
2019-05-24,12.991802215576172,12.991802215576172,12.991802215576172,12.991802215576172,0.0
2019-05-28,12.991802215576172,12.991802215576172,12.991802215576172,12.991802215576172,0.0
2019-05-29,12.991802215576172,12.991802215576172,12.991802215576172,12.991802215576172,0.0
2019-05-30,12.991802215576172,12.991802215576172,12.991802215576172,12.991802215576172,0.0
2019-05-31,12.991802215576172,12.991802215576172,12.991802215576172,12.991802215576172,0.0
2019-06-03,12.991802215576172,12.991802215576172,12.991802215576172,12.991802215576172,0.0
2019-06-04,12.991802215576172,12.991802215576172,12.991802215576172,12.991802215576172,0.0
2019-06-05,12.991802215576172,12.991802215576172,12.991802215576172,12.991802215576172,0.0
2019-06-06,12.991802215576172,12.991802215576172,12.991802215576172,12.991802215576172,0.0
2019-06-07,13.01169728396746,13.01169728396746,12.991802215576172,12.991802215576172,1200.0
2019-06-10,12.991802215576172,12.991802215576172,12.991802215576172,12.991802215576172,500.0
2019-06-11,12.991802659411125,12.991802659411125,12.93211555480957,12.93211555480957,7800.0
2019-06-12,12.991802659411125,12.991802659411125,12.93211555480957,12.93211555480957,5200.0
2019-06-13,12.892324447631836,12.892324447631836,12.892324447631836,12.892324447631836,3800.0
2019-06-14,12.892324447631836,12.892324447631836,12.892324447631836,12.892324447631836,0.0
2019-06-17,12.892324447631836,12.892324447631836,12.892324447631836,12.892324447631836,0.0
2019-06-18,12.892324447631836,12.892324447631836,12.892324447631836,12.892324447631836,0.0
2019-06-19,12.84258516277929,12.981854438781738,12.84258516277929,12.981854438781738,23500.0
2019-06-20,12.981854438781738,12.981854438781738,12.981854438781738,12.981854438781738,0.0
2019-06-21,13.131070710523769,13.131070710523769,12.862481117248535,12.862481117248535,600.0
2019-06-24,12.862481117248535,12.862481117248535,12.862481117248535,12.862481117248535,0.0
2019-06-25,12.862481117248535,12.862481117248535,12.862481117248535,12.862481117248535,0.0
2019-06-26,12.862481117248535,12.862481117248535,12.862481117248535,12.862481117248535,0.0
2019-06-27,12.7928455172187,12.842584609985352,12.7928455172187,12.842584609985352,1400.0
2019-06-28,12.842584609985352,12.842584609985352,12.842584609985352,12.842584609985352,0.0
2019-07-01,12.842584609985352,12.842584609985352,12.842584609985352,12.842584609985352,0.0
2019-07-02,12.733160039515854,12.772951126098633,12.733160039515854,12.772951126098633,115000.0
2019-07-03,12.772951126098633,12.772951126098633,12.772951126098633,12.772951126098633,0.0
2019-07-05,12.772951126098633,12.772951126098633,12.772951126098633,12.772951126098633,0.0
2019-07-08,12.703316688537598,12.723211757053928,12.703316688537598,12.703316688537598,9700.0
2019-07-09,12.693369123842768,12.693369123842768,12.643630027770996,12.643630027770996,1200.0
2019-07-10,12.643630027770996,12.643630027770996,12.643630027770996,12.643630027770996,0.0
2019-07-11,12.643630027770996,12.643630027770996,12.643630027770996,12.643630027770996,0.0
2019-07-12,12.643630027770996,12.643630027770996,12.643630027770996,12.643630027770996,0.0
2019-07-15,12.68342113494873,12.68342113494873,12.68342113494873,12.68342113494873,6000.0
2019-07-16,12.683421114889542,12.683421114889542,12.643630027770996,12.643630027770996,5400.0
2019-07-17,12.64362928326746,12.64362928326746,12.593890190124512,12.593890190124512,5600.0
2019-07-18,12.593890190124512,12.593890190124512,12.593890190124512,12.593890190124512,0.0
2019-07-19,12.593890190124512,12.593890190124512,12.593890190124512,12.593890190124512,100.0
2019-07-22,12.593890190124512,12.593890190124512,12.593890190124512,12.593890190124512,0.0
2019-07-23,12.593890190124512,12.593890190124512,12.593890190124512,12.593890190124512,0.0
2019-07-24,12.534204267966128,12.583942413330078,12.534204267966128,12.583942413330078,14400.0
2019-07-25,12.583942413330078,12.583942413330078,12.583942413330078,12.583942413330078,300.0
2019-07-26,12.583942413330078,12.583942413330078,12.583942413330078,12.583942413330078,0.0
2019-07-29,12.583942413330078,12.583942413330078,12.534204267966128,12.583942413330078,100.0
2019-07-30,12.583942413330078,12.583942413330078,12.534204267966128,12.583942413330078,100.0
2019-07-31,12.583942413330078,12.583942413330078,12.583942413330078,12.583942413330078,100.0
2019-08-01,12.583942413330078,12.583942413330078,12.534204267966128,12.583942413330078,100.0
2019-08-02,12.583942413330078,12.583942413330078,12.534204267966128,12.583942413330078,100.0
2019-08-05,12.583942413330078,12.583942413330078,12.534204267966128,12.583942413330078,100.0
2019-08-06,12.583942413330078,12.583942413330078,12.534204267966128,12.583942413330078,100.0
2019-08-07,12.583942413330078,12.583942413330078,12.583942413330078,12.583942413330078,0.0
2019-08-08,12.50436019897461,12.50436019897461,12.50436019897461,12.50436019897461,1300.0
2019-08-09,12.50436019897461,12.50436019897461,12.50436019897461,12.50436019897461,500.0
2019-08-12,12.434725761413574,12.434725761413574,12.434725761413574,12.434725761413574,500.0
2019-08-13,12.384986668629063,12.434725761413574,12.384986668629063,12.434725761413574,5200.0
2019-08-14,12.434725761413574,12.434725761413574,12.434725761413574,12.434725761413574,7500.0
2019-08-15,12.434725761413574,12.434725761413574,12.434725761413574,12.434725761413574,7500.0
2019-08-16,12.434725761413574,12.434725761413574,12.434725761413574,12.434725761413574,200.0
2019-08-19,12.434725761413574,12.434725761413574,12.434725761413574,12.434725761413574,0.0
2019-08-20,12.434725761413574,12.434725761413574,12.434725761413574,12.434725761413574,0.0
2019-08-21,12.434725761413574,12.434725761413574,12.434725761413574,12.434725761413574,24100.0
2019-08-22,12.434725761413574,12.434725761413574,12.434725761413574,12.434725761413574,100.0
2019-08-23,12.434725761413574,12.434725761413574,12.434725761413574,12.434725761413574,0.0
2019-08-26,12.434725761413574,12.434725761413574,12.434725761413574,12.434725761413574,0.0
2019-08-27,12.434725761413574,12.434725761413574,12.434725761413574,12.434725761413574,0.0
2019-08-28,12.434725761413574,12.434725761413574,12.434725761413574,12.434725761413574,0.0
2019-08-29,12.434725761413574,12.434725761413574,12.434725761413574,12.434725761413574,0.0
2019-08-30,12.434725761413574,12.434725761413574,12.434725761413574,12.434725761413574,0.0
2019-09-03,12.434725761413574,12.434725761413574,12.434725761413574,12.434725761413574,0.0
2019-09-04,12.434725761413574,12.434725761413574,12.434725761413574,12.434725761413574,0.0
2019-09-05,12.434725761413574,12.434725761413574,12.434725761413574,12.434725761413574,0.0
2019-09-06,12.434725761413574,12.434725761413574,12.434725761413574,12.434725761413574,0.0
2019-09-09,12.434725761413574,12.434725761413574,12.434725761413574,12.434725761413574,100.0
2019-09-10,12.434725761413574,12.434725761413574,12.434725761413574,12.434725761413574,100.0
2019-09-11,12.434725761413574,12.434725761413574,12.434725761413574,12.434725761413574,0.0
2019-09-12,12.434725761413574,12.434725761413574,12.434725761413574,12.434725761413574,0.0
2019-09-13,12.434725761413574,12.434725761413574,12.434725761413574,12.434725761413574,200.0
2019-09-16,12.434725761413574,12.434725761413574,12.434725761413574,12.434725761413574,0.0
2019-09-17,12.434725761413574,12.434725761413574,12.434725761413574,12.434725761413574,100.0
2019-09-18,12.434725761413574,12.434725761413574,12.434725761413574,12.434725761413574,0.0
2019-09-19,12.434725761413574,12.434725761413574,12.434725761413574,12.434725761413574,0.0
2019-09-20,12.434725761413574,12.434725761413574,12.434725761413574,12.434725761413574,0.0
2019-09-23,12.434725761413574,12.434725761413574,12.434725761413574,12.434725761413574,0.0
2019-09-24,12.434725761413574,12.434725761413574,12.434725761413574,12.434725761413574,0.0
2019-09-25,12.434725761413574,12.434725761413574,12.434725761413574,12.434725761413574,0.0
2019-09-26,12.434725761413574,12.434725761413574,12.434725761413574,12.434725761413574,0.0
2019-09-27,12.355144500732422,12.355144500732422,12.355144500732422,12.355144500732422,1500.0
2019-09-30,12.355144500732422,12.355144500732422,12.355144500732422,12.355144500732422,100.0
2019-10-01,12.355144500732422,12.355144500732422,12.355144500732422,12.355144500732422,0.0
2019-10-02,12.355144500732422,12.355144500732422,12.355144500732422,12.355144500732422,0.0
2019-10-03,12.235771179199219,12.235771179199219,12.235771179199219,12.235771179199219,100.0
2019-10-04,12.235771179199219,12.235771179199219,12.235771179199219,12.235771179199219,0.0
2019-10-07,12.235771179199219,12.235771179199219,12.235771179199219,12.235771179199219,0.0
2019-10-08,12.235771179199219,12.235771179199219,12.235771179199219,12.235771179199219,0.0
2019-10-09,12.235771179199219,12.235771179199219,12.235771179199219,12.235771179199219,0.0
2019-10-10,12.235771179199219,12.235771179199219,12.235771179199219,12.235771179199219,0.0
2019-10-11,12.186031341552734,12.186031341552734,12.186031341552734,12.186031341552734,100.0
2019-10-14,12.186031341552734,12.186031341552734,12.186031341552734,12.186031341552734,100.0
2019-10-15,11.987076015271137,11.987076015271137,11.937336921691895,11.937336921691895,5700.0
2019-10-16,11.788121223449707,11.788121223449707,11.788121223449707,11.788121223449707,2000.0
2019-10-17,11.788121223449707,11.788121223449707,11.788121223449707,11.788121223449707,0.0
2019-10-18,11.748329394164484,11.748329394164484,11.738381385803223,11.738381385803223,1100.0
2019-10-21,11.688642605491307,11.738381699934388,11.439948081970215,11.439948081970215,4700.0
2019-10-22,11.489687176413296,11.489687176413296,11.439948081970215,11.439948081970215,10000.0
2019-10-23,11.439948081970215,11.439948081970215,11.439948081970215,11.439948081970215,5700.0
2019-10-24,11.439948081970215,11.439948081970215,11.439948081970215,11.439948081970215,0.0
2019-10-25,11.638903721079279,11.837859153747559,11.638903721079279,11.837859153747559,2600.0
2019-10-28,11.837859153747559,11.837859153747559,11.837859153747559,11.837859153747559,0.0
2019-10-29,11.788121223449707,11.788121223449707,11.788121223449707,11.788121223449707,5700.0
2019-10-30,11.788121223449707,11.788121223449707,11.788121223449707,11.788121223449707,12500.0
2019-10-31,11.788121223449707,11.788121223449707,11.788121223449707,11.788121223449707,0.0
2019-11-01,11.738381385803223,11.738381385803223,11.738381385803223,11.738381385803223,700.0
2019-11-04,11.788121223449707,11.788121223449707,11.788121223449707,11.788121223449707,10900.0
2019-11-05,11.788121223449707,11.788121223449707,11.788121223449707,11.788121223449707,0.0
2019-11-06,11.788121223449707,11.788121223449707,11.788121223449707,11.788121223449707,0.0
2019-11-07,11.837858943263463,11.887598037719727,11.837858943263463,11.887598037719727,2200.0
2019-11-08,11.937336921691895,11.937336921691895,11.937336921691895,11.937336921691895,600.0
2019-11-11,11.937336921691895,11.937336921691895,11.937336921691895,11.937336921691895,1800.0
2019-11-12,11.937336921691895,11.937336921691895,11.937336921691895,11.937336921691895,0.0
2019-11-13,11.937336921691895,11.937336921691895,11.937336921691895,11.937336921691895,0.0
2019-11-14,11.987075805664062,11.987075805664062,11.987075805664062,11.987075805664062,1000.0
2019-11-15,11.987075805664062,11.987075805664062,11.987075805664062,11.987075805664062,0.0
2019-11-18,12.096501350402832,12.096501350402832,12.096501350402832,12.096501350402832,900.0
2019-11-19,12.096501350402832,12.096501350402832,12.096501350402832,12.096501350402832,0.0
2019-11-20,12.136292457580566,12.136292457580566,12.136292457580566,12.136292457580566,13000.0
2019-11-21,12.136292457580566,12.136292457580566,12.136292457580566,12.136292457580566,1000.0
2019-11-22,12.136292457580566,12.136292457580566,12.136292457580566,12.136292457580566,0.0
2019-11-25,12.136292457580566,12.136292457580566,12.136292457580566,12.136292457580566,0.0
2019-11-26,12.136292457580566,12.136292457580566,12.136292457580566,12.136292457580566,0.0
2019-11-27,12.136292457580566,12.136292457580566,12.136292457580566,12.136292457580566,0.0
2019-11-29,12.136292457580566,12.136292457580566,12.136292457580566,12.136292457580566,0.0
2019-12-02,12.136292457580566,12.136292457580566,12.136292457580566,12.136292457580566,0.0
2019-12-03,12.15618896484375,12.15618896484375,12.15618896484375,12.15618896484375,6900.0
2019-12-04,12.15618896484375,12.15618896484375,12.15618896484375,12.15618896484375,0.0
2019-12-05,12.15618896484375,12.15618896484375,12.15618896484375,12.15618896484375,0.0
2019-12-06,12.15618896484375,12.15618896484375,12.15618896484375,12.15618896484375,0.0
2019-12-09,12.15618896484375,12.15618896484375,12.15618896484375,12.15618896484375,0.0
2019-12-10,12.15618896484375,12.15618896484375,12.15618896484375,12.15618896484375,0.0
2019-12-11,12.235771179199219,12.235771179199219,12.235771179199219,12.235771179199219,100.0
2019-12-12,12.235771179199219,12.235771179199219,12.235771179199219,12.235771179199219,0.0
2019-12-13,12.285510063171387,12.285510063171387,12.285510063171387,12.285510063171387,3300.0
2019-12-16,12.335247993469238,12.335247993469238,12.335247993469238,12.335247993469238,100.0
2019-12-17,12.285509847695069,12.335247993469238,12.285509847695069,12.335247993469238,5000.0
2019-12-18,12.335247993469238,12.335247993469238,12.335247993469238,12.335247993469238,0.0
2019-12-19,12.335247993469238,12.335247993469238,12.335247993469238,12.335247993469238,0.0
2019-12-20,12.335247993469238,12.335247993469238,12.335247993469238,12.335247993469238,0.0
2019-12-23,12.68342113494873,12.68342113494873,12.68342113494873,12.68342113494873,100.0
2019-12-24,12.68342113494873,12.68342113494873,12.68342113494873,12.68342113494873,0.0
2019-12-26,12.68342113494873,12.68342113494873,12.68342113494873,12.68342113494873,0.0
2019-12-27,12.68342113494873,12.68342113494873,12.68342113494873,12.68342113494873,0.0
2019-12-30,12.68342113494873,12.68342113494873,12.68342113494873,12.68342113494873,0.0
2019-12-31,12.68342113494873,12.68342113494873,12.68342113494873,12.68342113494873,200.0
2020-01-02,12.68342113494873,12.68342113494873,12.68342113494873,12.68342113494873,0.0
2020-01-03,12.534204483032227,12.534204483032227,12.534204483032227,12.534204483032227,500.0
2020-01-06,12.534204483032227,12.534204483032227,12.534204483032227,12.534204483032227,0.0
2020-01-07,12.534204483032227,12.534204483032227,12.534204483032227,12.534204483032227,0.0
2020-01-08,12.534204483032227,12.534204483032227,12.534204483032227,12.534204483032227,0.0
2020-01-09,12.534204483032227,12.534204483032227,12.534204483032227,12.534204483032227,0.0
2020-01-10,12.57399503147135,12.583942091072823,11.88759763817252,12.434725761413574,2900.0
2020-01-13,12.434725761413574,12.434725761413574,12.434725761413574,12.434725761413574,0.0
2020-01-14,12.474516868591309,12.474516868591309,12.474516868591309,12.474516868591309,100.0
2020-01-15,12.474516868591309,12.474516868591309,12.474516868591309,12.474516868591309,0.0
2020-01-16,12.474516868591309,12.474516868591309,12.474516868591309,12.474516868591309,0.0
2020-01-17,12.474516868591309,12.474516868591309,12.474516868591309,12.474516868591309,0.0
2020-01-21,12.474516868591309,12.474516868591309,12.474516868591309,12.474516868591309,0.0
2020-01-22,12.434725761413574,12.434725761413574,12.434725761413574,12.434725761413574,100.0
2020-01-23,12.434725761413574,12.434725761413574,12.434725761413574,12.434725761413574,100.0
2020-01-24,12.434725761413574,12.434725761413574,12.434725761413574,12.434725761413574,0.0
2020-01-27,12.434725761413574,12.434725761413574,12.434725761413574,12.434725761413574,0.0
2020-01-28,12.434725761413574,12.434725761413574,12.434725761413574,12.434725761413574,0.0
2020-01-29,12.434725761413574,12.434725761413574,12.434725761413574,12.434725761413574,0.0
2020-01-30,12.434725761413574,12.434725761413574,12.434725761413574,12.434725761413574,0.0
2020-01-31,12.384986877441406,12.384986877441406,12.384986877441406,12.384986877441406,400.0
2020-02-03,12.384986877441406,12.384986877441406,12.384986877441406,12.384986877441406,0.0
2020-02-04,12.384986877441406,12.384986877441406,12.384986877441406,12.384986877441406,0.0
2020-02-05,12.384986877441406,12.384986877441406,12.384986877441406,12.384986877441406,0.0
2020-02-06,12.384986877441406,12.384986877441406,12.384986877441406,12.384986877441406,0.0
2020-02-07,12.384986877441406,12.384986877441406,12.384986877441406,12.384986877441406,0.0
2020-02-10,12.384986877441406,12.384986877441406,12.384986877441406,12.384986877441406,0.0
2020-02-11,12.285510063171387,12.285510063171387,12.285510063171387,12.285510063171387,100.0
2020-02-12,12.285510063171387,12.285510063171387,12.285510063171387,12.285510063171387,0.0
2020-02-13,12.285510063171387,12.285510063171387,12.285510063171387,12.285510063171387,0.0
2020-02-14,12.186031227807781,12.186031227807781,11.937336712954561,11.987075805664062,1100.0
2020-02-18,11.987075805664062,11.987075805664062,11.987075805664062,11.987075805664062,0.0
2020-02-19,12.036815643310547,12.036815643310547,12.036815643310547,12.036815643310547,1500.0
2020-02-20,12.036815643310547,12.036815643310547,12.036815643310547,12.036815643310547,1000.0
2020-02-21,12.036815643310547,12.036815643310547,12.036815643310547,12.036815643310547,0.0
2020-02-24,12.036815643310547,12.036815643310547,12.036815643310547,12.036815643310547,0.0
2020-02-25,12.036815643310547,12.036815643310547,12.036815643310547,12.036815643310547,1000.0
2020-02-26,12.036815643310547,12.036815643310547,12.036815643310547,12.036815643310547,0.0
2020-02-27,12.036815643310547,12.036815643310547,12.036815643310547,12.036815643310547,0.0
2020-02-28,12.076606406914665,12.076606406914665,11.887598037719727,11.887598037719727,1900.0
2020-03-02,11.987075805664062,11.987075805664062,11.987075805664062,11.987075805664062,100.0
2020-03-03,11.90749373316749,11.937336809556982,11.738381385803223,11.738381385803223,5600.0
2020-03-04,11.698590943956523,11.698590943956523,11.141514778137207,11.141514778137207,19200.0
2020-03-05,11.589164733886719,11.589164733886719,11.589164733886719,11.589164733886719,100.0
2020-03-06,11.19125344443419,11.19125344443419,10.793342590332031,10.793342590332031,241900.0
2020-03-09,10.793342590332031,10.793342590332031,10.793342590332031,10.793342590332031,0.0
2020-03-10,10.44516986865887,10.44516986865887,10.345691680908203,10.345691680908203,400.0
2020-03-11,10.345691680908203,10.385482766269607,10.345691680908203,10.345691680908203,3500.0
2020-03-12,10.345691454018379,10.345691454018379,9.94778060913086,9.94778060913086,2600.0
2020-03-13,9.99751981369198,10.146736145019531,9.99751981369198,10.146736145019531,400.0
2020-03-16,9.9875721181121,9.9875721181121,9.400652885437012,9.400652885437012,400.0
2020-03-17,9.400652885437012,9.400652885437012,9.400652885437012,9.400652885437012,0.0
2020-03-18,8.953002623014498,9.251436233520508,8.157179977896574,9.251436233520508,2100.0
2020-03-19,9.251436233520508,9.251436233520508,9.251436233520508,9.251436233520508,0.0
2020-03-20,8.982846240109161,8.982846240109161,8.943055152893066,8.943055152893066,200.0
2020-03-23,8.70430850982666,8.744099596495237,8.70430850982666,8.70430850982666,1300.0
2020-03-24,8.70430850982666,8.70430850982666,8.70430850982666,8.70430850982666,0.0
2020-03-25,8.70430850982666,8.70430850982666,8.70430850982666,8.70430850982666,0.0
2020-03-26,8.70430850982666,8.70430850982666,8.70430850982666,8.70430850982666,0.0
2020-03-27,8.70430850982666,8.70430850982666,8.70430850982666,8.70430850982666,0.0
2020-03-30,8.714256286621094,8.714256286621094,8.714256286621094,8.714256286621094,1900.0
2020-03-31,8.714256286621094,8.714256286621094,8.714256286621094,8.714256286621094,200.0
2020-04-01,8.714256286621094,8.714256286621094,8.714256286621094,8.714256286621094,0.0
2020-04-02,8.803786134374098,8.803786134374098,8.565038681030273,8.565038681030273,6900.0
2020-04-03,8.306397438049316,8.306397438049316,8.306397438049316,8.306397438049316,1100.0
2020-04-06,8.306397438049316,8.306397438049316,8.306397438049316,8.306397438049316,0.0
2020-04-07,8.306397649625282,8.306397649625282,8.256658554077148,8.256658554077148,500.0
2020-04-08,8.256658554077148,8.256658554077148,8.256658554077148,8.256658554077148,0.0
2020-04-09,8.256658554077148,8.256658554077148,8.256658554077148,8.256658554077148,0.0
2020-04-13,8.306397438049316,8.306397438049316,8.306397438049316,8.306397438049316,200.0
2020-04-14,8.306397438049316,8.306397438049316,8.306397438049316,8.306397438049316,0.0
2020-04-15,8.256658449158518,8.256658449158518,8.057703018188477,8.057703018188477,25900.0
2020-04-16,8.167127840659997,8.196970916570224,8.157179832458496,8.157179832458496,700.0
2020-04-17,8.157179832458496,8.157179832458496,8.157179832458496,8.157179832458496,0.0
2020-04-20,8.9530029296875,8.9530029296875,8.9530029296875,8.9530029296875,1300.0
2020-04-21,8.9530029296875,8.9530029296875,8.9530029296875,8.9530029296875,0.0
2020-04-22,8.25665832230234,8.266606330871582,8.25665832230234,8.266606330871582,2100.0
2020-04-23,8.266606330871582,8.266606330871582,8.266606330871582,8.266606330871582,0.0
2020-04-24,8.455613670543686,8.555091857910156,8.455613670543686,8.555091857910156,500.0
2020-04-27,8.953002623014498,9.301175326720559,8.903263529814447,9.251436233520508,1400.0
2020-04-28,9.251436233520508,9.251436233520508,9.251436233520508,9.251436233520508,0.0
2020-04-29,8.903263728026669,8.953002822334055,8.754047393798828,8.754047393798828,50400.0
2020-04-30,8.953003161870678,8.953003161870678,8.943055152893066,8.943055152893066,500.0
2020-05-01,8.943055152893066,8.943055152893066,8.943055152893066,8.943055152893066,0.0
2020-05-04,8.943055152893066,8.943055152893066,8.943055152893066,8.943055152893066,0.0
2020-05-05,8.754047393798828,8.754047393798828,8.754047393798828,8.754047393798828,30500.0
2020-05-06,8.754047393798828,8.754047393798828,8.754047393798828,8.754047393798828,3800.0
2020-05-07,8.754047393798828,8.754047393798828,8.754047393798828,8.754047393798828,11000.0
2020-05-08,8.933106422424316,8.933106422424316,8.933106422424316,8.933106422424316,600.0
2020-05-11,8.803786488106214,8.803786488106214,8.754047393798828,8.754047393798828,65700.0
2020-05-12,8.754047393798828,8.754047393798828,8.754047393798828,8.754047393798828,5000.0
2020-05-13,8.754047393798828,8.754047393798828,8.754047393798828,8.754047393798828,0.0
2020-05-14,8.704308622023639,8.704308622023639,8.45561408996582,8.45561408996582,700.0
2020-05-15,8.754047393798828,8.754047393798828,8.754047393798828,8.754047393798828,2100.0
2020-05-18,8.754047393798828,8.754047393798828,8.754047393798828,8.754047393798828,2000.0
2020-05-19,8.754047393798828,8.754047393798828,8.754047393798828,8.754047393798828,0.0
2020-05-20,8.853524208068848,8.903263299984928,8.853524208068848,8.853524208068848,18200.0
2020-05-21,8.70430850982666,8.70430850982666,8.70430850982666,8.70430850982666,2000.0
2020-05-22,8.70430850982666,8.70430850982666,8.70430850982666,8.70430850982666,0.0
2020-05-26,8.704308091532903,8.853524422195749,8.704308091532903,8.803786277770996,24500.0
2020-05-27,8.803786277770996,8.803786277770996,8.803786277770996,8.803786277770996,500.0
2020-05-28,8.803786277770996,8.803786277770996,8.803786277770996,8.803786277770996,500.0
2020-05-29,8.70430850982666,8.70430850982666,8.70430850982666,8.70430850982666,100.0
2020-06-01,8.754047393798828,8.754047393798828,8.754047393798828,8.754047393798828,2800.0
2020-06-02,8.70430850982666,8.70430850982666,8.70430850982666,8.70430850982666,100.0
2020-06-03,8.70430850982666,8.70430850982666,8.70430850982666,8.70430850982666,5000.0
2020-06-04,8.853524208068848,8.853524208068848,8.853524208068848,8.853524208068848,400.0
2020-06-05,8.853524738941879,9.400652885437012,8.853524738941879,9.400652885437012,20700.0
2020-06-08,9.400652885437012,9.400652885437012,9.400652885437012,9.400652885437012,0.0
2020-06-09,9.400652885437012,9.400652885437012,9.400652885437012,9.400652885437012,0.0
2020-06-10,9.599608421325684,9.599608421325684,9.599608421325684,9.599608421325684,10000.0
2020-06-11,9.599608421325684,9.599608421325684,9.599608421325684,9.599608421325684,0.0
2020-06-12,9.599608421325684,9.599608421325684,9.599608421325684,9.599608421325684,0.0
2020-06-15,9.649347305297852,9.649347305297852,9.649347305297852,9.649347305297852,500.0
2020-06-16,9.649347305297852,9.649347305297852,9.649347305297852,9.649347305297852,0.0
2020-06-17,9.649347305297852,9.649347305297852,9.649347305297852,9.649347305297852,100.0
2020-06-18,9.649347305297852,9.649347305297852,9.649347305297852,9.649347305297852,0.0
2020-06-19,9.649347305297852,9.649347305297852,9.649347305297852,9.649347305297852,0.0
2020-06-22,9.649347305297852,9.649347305297852,9.649347305297852,9.649347305297852,0.0
2020-06-23,9.69908618927002,9.69908618927002,9.69908618927002,9.69908618927002,3000.0
2020-06-24,9.69908618927002,9.69908618927002,9.69908618927002,9.69908618927002,0.0
2020-06-25,9.69908618927002,9.69908618927002,9.69908618927002,9.69908618927002,0.0
2020-06-26,9.599608421325684,9.599608421325684,9.599608421325684,9.599608421325684,300.0
2020-06-29,9.599608421325684,9.599608421325684,9.599608421325684,9.599608421325684,0.0
2020-06-30,9.599608421325684,9.599608421325684,9.599608421325684,9.599608421325684,0.0
2020-07-01,9.45039176940918,9.45039176940918,9.45039176940918,9.45039176940918,100.0
2020-07-02,9.45039176940918,9.45039176940918,9.45039176940918,9.45039176940918,0.0
2020-07-06,9.45039176940918,9.45039176940918,9.45039176940918,9.45039176940918,0.0
2020-07-07,9.45039176940918,9.45039176940918,9.45039176940918,9.45039176940918,0.0
2020-07-08,9.400652885437012,9.400652885437012,9.400652885437012,9.400652885437012,500.0
2020-07-09,9.400652885437012,9.400652885437012,9.400652885437012,9.400652885437012,0.0
2020-07-10,9.400652885437012,9.400652885437012,9.400652885437012,9.400652885437012,0.0
2020-07-13,9.400652885437012,9.400652885437012,9.400652885437012,9.400652885437012,0.0
2020-07-14,9.301175117492676,9.301175117492676,9.301175117492676,9.301175117492676,400.0
2020-07-15,9.301175117492676,9.301175117492676,9.301175117492676,9.301175117492676,0.0
2020-07-16,9.301175844637479,9.301175844637479,8.863472938537598,8.863472938537598,2200.0
2020-07-17,9.002742024591296,9.002742024591296,8.9530029296875,8.9530029296875,400.0
2020-07-20,8.9530029296875,8.9530029296875,8.9530029296875,8.9530029296875,100.0
2020-07-21,9.15195823378883,9.161906242370605,9.15195823378883,9.161906242370605,200.0
2020-07-22,9.20169734954834,9.20169734954834,9.20169734954834,9.20169734954834,100.0
2020-07-23,9.549869629204306,9.549869629204306,9.301175117492676,9.301175117492676,200.0
2020-07-24,9.301175117492676,9.301175117492676,9.301175117492676,9.301175117492676,0.0
2020-07-27,9.400653056724146,9.400653056724146,9.271331787109375,9.271331787109375,1800.0
2020-07-28,9.271331787109375,9.271331787109375,9.271331787109375,9.271331787109375,0.0
2020-07-29,9.251436718004058,9.271331787109375,9.251436718004058,9.271331787109375,800.0
2020-07-30,9.271331512395173,9.271331512395173,9.20169734954834,9.20169734954834,600.0
2020-07-31,9.052480907398092,9.052480907398092,9.002741813659668,9.002741813659668,400.0
2020-08-03,8.953002608433843,8.953002608433843,8.803786277770996,8.803786277770996,1800.0
2020-08-04,8.903264045715332,8.903264045715332,8.903264045715332,8.903264045715332,1500.0
2020-08-05,8.903264045715332,8.903264045715332,8.903264045715332,8.903264045715332,0.0
2020-08-06,8.903263792655366,8.903263792655366,8.873420715332031,8.873420715332031,500.0
2020-08-07,8.873420224312989,8.873420224312989,8.853524208068848,8.853524208068848,1300.0
2020-08-10,8.903264045715332,8.903264045715332,8.903264045715332,8.903264045715332,300.0
2020-08-11,8.9530029296875,8.9530029296875,8.9530029296875,8.9530029296875,3200.0
2020-08-12,8.9530029296875,8.9530029296875,8.9530029296875,8.9530029296875,0.0
2020-08-13,8.9530029296875,8.9530029296875,8.9530029296875,8.9530029296875,3400.0
2020-08-14,8.9530029296875,8.9530029296875,8.9530029296875,8.9530029296875,0.0
2020-08-17,8.9530029296875,8.9530029296875,8.9530029296875,8.9530029296875,0.0
2020-08-18,8.9530029296875,8.9530029296875,8.9530029296875,8.9530029296875,400.0
2020-08-19,8.903264045715332,8.943055132842215,8.903264045715332,8.903264045715332,2600.0
2020-08-20,8.903264045715332,8.903264045715332,8.903264045715332,8.903264045715332,0.0
2020-08-21,8.903264045715332,8.903264045715332,8.903264045715332,8.903264045715332,0.0
2020-08-24,8.913211822509766,8.913211822509766,8.913211822509766,8.913211822509766,200.0
2020-08-25,8.913211822509766,8.913211822509766,8.913211822509766,8.913211822509766,0.0
2020-08-26,8.913211822509766,8.913211822509766,8.913211822509766,8.913211822509766,0.0
2020-08-27,8.853524208068848,8.853524208068848,8.853524208068848,8.853524208068848,1200.0
2020-08-28,8.853524208068848,8.853524208068848,8.853524208068848,8.853524208068848,300.0
2020-08-31,8.853524208068848,8.853524208068848,8.853524208068848,8.853524208068848,100.0
2020-09-01,8.853524208068848,8.853524208068848,8.853524208068848,8.853524208068848,0.0
2020-09-02,8.853524208068848,8.853524208068848,8.853524208068848,8.853524208068848,0.0
2020-09-03,8.853524208068848,8.853524208068848,8.853524208068848,8.853524208068848,0.0
2020-09-04,8.853524208068848,8.853524208068848,8.853524208068848,8.853524208068848,0.0
2020-09-08,8.853524208068848,8.853524208068848,8.853524208068848,8.853524208068848,0.0
2020-09-09,8.853524208068848,8.853524208068848,8.853524208068848,8.853524208068848,0.0
2020-09-10,8.853524208068848,8.853524208068848,8.853524208068848,8.853524208068848,0.0
2020-09-11,8.853524208068848,8.853524208068848,8.853524208068848,8.853524208068848,0.0
2020-09-14,8.853524208068848,8.853524208068848,8.853524208068848,8.853524208068848,100.0
2020-09-15,8.853524208068848,8.853524208068848,8.853524208068848,8.853524208068848,0.0
2020-09-16,8.853524422195749,8.853524422195749,8.803786277770996,8.803786277770996,4900.0
2020-09-17,8.803786277770996,8.803786277770996,8.803786277770996,8.803786277770996,0.0
2020-09-18,8.763995170593262,8.763995170593262,8.763995170593262,8.763995170593262,800.0
2020-09-21,8.763995170593262,8.763995170593262,8.763995170593262,8.763995170593262,0.0
2020-09-22,8.70430850982666,8.70430850982666,8.70430850982666,8.70430850982666,2100.0
2020-09-23,8.505353186116254,8.505353186116254,8.45561408996582,8.45561408996582,2600.0
2020-09-24,8.455613815538804,8.455613815538804,8.385979652404785,8.385979652404785,1200.0
2020-09-25,8.326292108150508,8.44566535949707,8.326292108150508,8.44566535949707,1400.0
2020-09-28,8.38597988453181,8.38597988453181,8.356135857767434,8.376031875610352,3300.0
2020-09-29,8.376031875610352,8.376031875610352,8.376031875610352,8.376031875610352,0.0
2020-09-30,8.356135368347168,8.356135368347168,8.356135368347168,8.356135368347168,3100.0
2020-10-01,8.356135368347168,8.356135368347168,8.356135368347168,8.356135368347168,0.0
2020-10-02,8.35613558363621,8.35613558363621,8.306397438049316,8.306397438049316,13100.0
2020-10-05,8.356135368347168,8.356135368347168,8.356135368347168,8.356135368347168,13900.0
2020-10-06,8.356135368347168,8.356135368347168,8.356135368347168,8.356135368347168,0.0
2020-10-07,8.356135368347168,8.356135368347168,8.356135368347168,8.356135368347168,0.0
2020-10-08,8.356135368347168,8.356135368347168,8.356135368347168,8.356135368347168,0.0
2020-10-09,8.356135368347168,8.356135368347168,8.356135368347168,8.356135368347168,0.0
2020-10-12,8.803786277770996,8.803786277770996,8.803786277770996,8.803786277770996,100.0
2020-10-13,8.803786277770996,8.803786277770996,8.803786277770996,8.803786277770996,0.0
2020-10-14,8.803786277770996,8.803786277770996,8.803786277770996,8.803786277770996,0.0
2020-10-15,8.45561408996582,8.45561408996582,8.45561408996582,8.45561408996582,7600.0
2020-10-16,8.45561408996582,8.45561408996582,8.45561408996582,8.45561408996582,0.0
2020-10-19,8.45561408996582,8.45561408996582,8.45561408996582,8.45561408996582,0.0
2020-10-20,8.45561408996582,8.45561408996582,8.45561408996582,8.45561408996582,0.0
2020-10-21,8.45561408996582,8.45561408996582,8.45561408996582,8.45561408996582,0.0
2020-10-22,8.45561408996582,8.45561408996582,8.45561408996582,8.45561408996582,0.0
2020-10-23,8.45561408996582,8.45561408996582,8.45561408996582,8.45561408996582,0.0
2020-10-26,8.45561408996582,8.45561408996582,8.45561408996582,8.45561408996582,0.0
2020-10-27,8.853524208068848,8.853524208068848,8.853524208068848,8.853524208068848,700.0
2020-10-28,8.853524208068848,8.853524208068848,8.853524208068848,8.853524208068848,0.0
2020-10-29,8.853524208068848,8.853524208068848,8.853524208068848,8.853524208068848,0.0
2020-10-30,8.853524208068848,8.853524208068848,8.853524208068848,8.853524208068848,0.0
2020-11-02,8.853524208068848,8.853524208068848,8.853524208068848,8.853524208068848,2000.0
2020-11-03,8.903263813813572,8.913211822509766,8.903263813813572,8.913211822509766,3200.0
2020-11-04,8.903264045715332,8.903264045715332,8.853524949633142,8.903264045715332,56400.0
2020-11-05,9.132063095417308,9.898041725158691,9.132063095417308,9.898041725158691,28900.0
2020-11-06,10.843081051477633,10.942559242248535,10.83313399135601,10.942559242248535,11500.0
2020-11-09,11.439947700500488,12.932114791870118,11.439947700500488,12.434725761413574,11000.0
2020-11-10,12.384986765553512,12.384986765553512,12.186031341552734,12.186031341552734,3700.0
2020-11-11,12.086553681807922,12.285510063171387,12.086553681807922,12.285510063171387,1600.0
2020-11-12,12.086553573608398,12.086553573608398,12.086553573608398,12.086553573608398,1100.0
2020-11-13,12.086553573608398,12.086553573608398,12.086553573608398,12.086553573608398,0.0
2020-11-16,12.086553573608398,12.086553573608398,12.086553573608398,12.086553573608398,0.0
2020-11-17,12.1760835647583,12.1760835647583,12.1760835647583,12.1760835647583,2500.0
2020-11-18,12.17608344317975,12.434725971064525,12.17608344317975,12.384986877441406,6100.0
2020-11-19,12.43472585872728,12.43472585872728,11.987075917551957,12.186031341552734,1300.0
2020-11-20,12.38498710929669,12.38498710929669,12.375039100646973,12.375039100646973,5400.0
2020-11-23,12.375038868977922,12.384986877441406,12.375038868977922,12.384986877441406,2100.0
2020-11-24,12.384986877441406,12.384986877441406,12.384986877441406,12.384986877441406,2100.0
2020-11-25,12.285509431754326,12.434725761413574,12.285509431754326,12.434725761413574,4700.0
2020-11-27,12.434725761413574,12.434725761413574,12.434725761413574,12.434725761413574,0.0
2020-11-30,12.882375717163086,12.882375717163086,12.882375717163086,12.882375717163086,100.0
2020-12-01,12.882375717163086,12.882375717163086,12.882375717163086,12.882375717163086,0.0
2020-12-02,12.335247640534822,12.384986733580183,11.20120125231092,11.290731430053711,3200.0
2020-12-03,12.186031573321117,12.225822658878066,12.1760835647583,12.1760835647583,4900.0
2020-12-04,12.225823109810042,12.225823109810042,12.106449848736283,12.116397857666016,2200.0
2020-12-07,11.987075917551957,12.186031341552734,11.987075917551957,12.186031341552734,10400.0
2020-12-08,12.186031341552734,12.186031341552734,12.186031341552734,12.186031341552734,0.0
2020-12-09,12.235770434726502,12.365091697500581,12.186031341552734,12.186031341552734,4900.0
2020-12-10,12.186031551611721,12.186031551611721,12.136292457580566,12.136292457580566,4800.0
2020-12-11,12.136292457580566,12.136292457580566,12.136292457580566,12.136292457580566,0.0
2020-12-14,12.136292347314566,12.16613542398439,11.937336921691895,11.937336921691895,2900.0
2020-12-15,12.186031551611721,12.186031551611721,12.036815218212567,12.136292457580566,900.0
2020-12-16,12.086553790403967,12.20592799977234,11.937337451735017,12.036815643310547,3100.0
2020-12-17,12.086553155205198,12.186031341552734,12.086553155205198,12.186031341552734,4600.0
2020-12-18,12.186031341552734,12.186031341552734,12.186031341552734,12.186031341552734,500.0
2020-12-21,12.086553573608398,12.205927780835566,12.086553573608398,12.086553573608398,2100.0
2020-12-22,12.315353393554688,12.315353393554688,12.315353393554688,12.315353393554688,500.0
2020-12-23,12.315353393554688,12.315353393554688,12.315353393554688,12.315353393554688,0.0
2020-12-24,12.1860318929003,12.325301170349121,12.1860318929003,12.325301170349121,3100.0
2020-12-28,12.325301170349121,12.325301170349121,12.325301170349121,12.325301170349121,0.0
2020-12-29,12.872428126601413,12.872428126601413,12.335247993469238,12.335247993469238,1600.0
2020-12-30,12.335247993469238,12.335247993469238,12.335247993469238,12.335247993469238,0.0
2020-12-31,12.68342113494873,12.68342113494873,12.335248410590044,12.68342113494873,800.0
2021-01-04,12.68342113494873,12.68342113494873,12.68342113494873,12.68342113494873,0.0
2021-01-05,12.68342092359929,12.733160018920898,12.68342092359929,12.733160018920898,300.0
2021-01-06,12.782898902893066,12.782898902893066,12.782898902893066,12.782898902893066,500.0
2021-01-07,12.772951318280642,12.772951318280642,12.68342113494873,12.68342113494873,18000.0
2021-01-08,12.68342113494873,12.68342113494873,12.68342113494873,12.68342113494873,0.0
2021-01-11,12.68342113494873,12.68342113494873,12.68342113494873,12.68342113494873,10000.0
2021-01-12,12.68342113494873,12.68342113494873,12.68342113494873,12.68342113494873,0.0
2021-01-13,12.733160231099165,12.733160231099165,12.68342113494873,12.68342113494873,16100.0
2021-01-14,12.69336850936507,12.832636833190918,12.69336850936507,12.832636833190918,700.0
2021-01-15,12.83263736337176,12.93211555480957,12.83263736337176,12.93211555480957,2100.0
2021-01-19,13.131071090698242,13.131071090698242,13.131071090698242,13.131071090698242,600.0
2021-01-20,13.180809887646392,13.926893466192414,13.180809887646392,13.916945457458496,2400.0
2021-01-21,13.916945457458496,13.916945457458496,13.916945457458496,13.916945457458496,0.0
2021-01-22,13.916945457458496,13.916945457458496,13.916945457458496,13.916945457458496,100.0
2021-01-25,13.916945457458496,13.916945457458496,13.916945457458496,13.916945457458496,0.0
2021-01-26,13.777676792119877,13.777676792119877,13.727937698364258,13.727937698364258,3600.0
2021-01-27,13.190757877426222,13.678198920355904,13.190757877426222,13.42950439453125,10800.0
2021-01-28,13.628459930419922,13.628459930419922,13.628459930419922,13.628459930419922,500.0
2021-01-29,13.628459930419922,13.628459930419922,13.628459930419922,13.628459930419922,0.0
2021-02-01,13.330025672912598,13.330025672912598,13.330025672912598,13.330025672912598,600.0
2021-02-02,13.230548837269042,13.230548837269042,13.190757751464844,13.190757751464844,300.0
2021-02-03,13.081331893271942,13.081331893271942,12.93211555480957,12.93211555480957,1400.0
2021-02-04,13.131070774810247,13.131070774810247,12.932115343874127,12.981854438781738,3400.0
2021-02-05,12.882376459090665,13.051488815318336,12.882376459090665,12.93211555480957,2000.0
2021-02-08,12.93211555480957,12.93211555480957,12.882376459090665,12.93211555480957,2100.0
2021-02-09,13.061436824200987,13.061436824200987,12.93211555480957,12.93211555480957,400.0
2021-02-10,12.93211555480957,12.93211555480957,12.93211555480957,12.93211555480957,500.0
2021-02-11,12.93211555480957,12.93211555480957,12.93211555480957,12.93211555480957,0.0
2021-02-12,12.73315980839383,12.782898902893066,12.494413293230688,12.782898902893066,39100.0
2021-02-16,12.782899114242507,12.782899114242507,12.733160018920898,12.733160018920898,19700.0
2021-02-17,12.733160018920898,12.733160018920898,12.733160018920898,12.733160018920898,0.0
2021-02-18,12.733160018920898,12.733160018920898,12.733160018920898,12.733160018920898,0.0
2021-02-19,12.733160018920898,12.733160018920898,12.733160018920898,12.733160018920898,0.0
2021-02-22,12.733160018920898,12.733160018920898,12.733160018920898,12.733160018920898,0.0
2021-02-23,12.733160018920898,12.733160018920898,12.733160018920898,12.733160018920898,0.0
2021-02-24,12.922167012047137,12.932115020518784,12.832636833190918,12.832636833190918,22500.0
2021-02-25,12.832636833190918,12.832636833190918,12.832636833190918,12.832636833190918,0.0
2021-02-26,12.832636833190918,12.832636833190918,12.832636833190918,12.832636833190918,500.0
2021-03-01,12.93211555480957,12.93211555480957,12.93211555480957,12.93211555480957,400.0
2021-03-02,12.93211555480957,12.93211555480957,12.93211555480957,12.93211555480957,0.0
2021-03-03,12.93211555480957,12.93211555480957,12.93211555480957,12.93211555480957,13700.0
2021-03-04,12.83263736337176,12.93211555480957,12.782899216347197,12.93211555480957,1100.0
2021-03-05,12.93211555480957,12.93211555480957,12.93211555480957,12.93211555480957,0.0
2021-03-08,12.93211555480957,12.93211555480957,12.93211555480957,12.93211555480957,0.0
2021-03-09,12.93211555480957,12.93211555480957,12.93211555480957,12.93211555480957,0.0
2021-03-10,12.93211555480957,12.93211555480957,12.93211555480957,12.93211555480957,0.0
2021-03-11,13.031593847184268,13.131071090698242,13.031593847184268,13.131071090698242,8600.0
2021-03-12,13.131071090698242,13.131071090698242,13.131071090698242,13.131071090698242,0.0
2021-03-15,13.131071090698242,13.131071090698242,13.131071090698242,13.131071090698242,0.0
2021-03-16,13.180809342848631,13.330025672912598,13.180809342848631,13.330025672912598,10100.0
2021-03-17,13.429504290494052,13.67819881439209,13.429504290494052,13.67819881439209,200.0
2021-03-18,13.737885527924984,14.67297649383545,13.737885527924984,14.67297649383545,3200.0
2021-03-19,14.225326538085938,14.225326538085938,14.225326538085938,14.225326538085938,400.0
2021-03-22,14.225327171983,14.225327171983,14.076109886169434,14.076109886169434,1800.0
2021-03-23,14.175588184434096,14.474021809634735,14.175588184434096,14.275066375732422,54400.0
2021-03-24,14.275066159827722,14.324804306030273,14.275066159827722,14.324804306030273,3500.0
2021-03-25,14.275066375732422,14.275066375732422,14.275066375732422,14.275066375732422,12000.0
2021-03-26,14.275066375732422,14.275066375732422,14.275066375732422,14.275066375732422,0.0
2021-03-29,14.275066375732422,14.275066375732422,14.275066375732422,14.275066375732422,0.0
2021-03-30,14.275066375732422,14.275066375732422,14.275066375732422,14.275066375732422,0.0
2021-03-31,14.324804306030273,14.324804306030273,14.324804306030273,14.324804306030273,1100.0
2021-04-01,14.324804306030273,14.324804306030273,14.324804306030273,14.324804306030273,0.0
2021-04-05,14.324804306030273,14.324804306030273,14.324804306030273,14.324804306030273,2800.0
2021-04-06,14.623237609863281,14.623237609863281,14.623237609863281,14.623237609863281,500.0
2021-04-07,14.663028717041016,14.663028717041016,14.663028717041016,14.663028717041016,800.0
2021-04-08,14.663029234668345,14.663029234668345,14.275066375732422,14.275066375732422,800.0
2021-04-09,14.623237609863281,14.623237609863281,14.623237609863281,14.623237609863281,300.0
2021-04-12,14.57349851604414,14.623237609863281,14.57349851604414,14.623237609863281,3300.0
2021-04-13,14.623237609863281,14.623237609863281,14.623237609863281,14.623237609863281,0.0
2021-04-14,14.623237609863281,14.623237609863281,14.623237609863281,14.623237609863281,0.0
2021-04-15,14.424281961610676,14.424281961610676,14.185535453380991,14.225326538085938,5900.0
2021-04-16,14.225326538085938,14.225326538085938,14.225326538085938,14.225326538085938,200.0
2021-04-19,14.225326515550114,14.225326515550114,14.185535430908203,14.185535430908203,3300.0
2021-04-20,14.185535430908203,14.185535430908203,14.185535430908203,14.185535430908203,0.0
2021-04-21,14.125848981440623,14.125848981440623,14.02637173959258,14.076109886169434,700.0
2021-04-22,14.076109886169434,14.076109886169434,14.076109886169434,14.076109886169434,1800.0
2021-04-23,14.076109886169434,14.076109886169434,14.076109886169434,14.076109886169434,300.0
2021-04-26,14.076109886169434,14.076109886169434,14.076109886169434,14.076109886169434,300.0
2021-04-27,13.9766324328086,13.9766324328086,13.67819881439209,13.67819881439209,2600.0
2021-04-28,13.528982162475586,13.528982162475586,13.42950397576994,13.528982162475586,2500.0
2021-04-29,13.528982899081162,13.916945761228936,13.528982899081162,13.578721046447754,1500.0
2021-04-30,13.578721046447754,13.578721046447754,13.578721046447754,13.578721046447754,0.0
2021-05-03,13.668251037597656,13.668251037597656,13.668251037597656,13.668251037597656,200.0
2021-05-04,13.57872051806,13.57872051806,13.230548756570492,13.479243278503418,3200.0
2021-05-05,13.42950439453125,13.42950439453125,13.42950439453125,13.42950439453125,1500.0
2021-05-06,13.429504565118446,13.429504565118446,13.18081003613477,13.300183296203613,6300.0
2021-05-07,13.42950439453125,13.42950439453125,13.42950439453125,13.42950439453125,900.0
2021-05-10,13.42950439453125,13.42950439453125,13.42950439453125,13.42950439453125,0.0
2021-05-11,13.42950439453125,13.42950439453125,13.42950439453125,13.42950439453125,0.0
2021-05-12,13.419556385811626,13.4494004119705,13.409608377092,13.42950439453125,64200.0
2021-05-13,13.45934772491455,13.45934772491455,13.45934772491455,13.45934772491455,400.0
2021-05-14,13.45934772491455,13.45934772491455,13.45934772491455,13.45934772491455,0.0
2021-05-17,13.42950439453125,13.42950439453125,13.42950439453125,13.42950439453125,100.0
2021-05-18,13.439452171325684,13.439452171325684,13.439452171325684,13.439452171325684,67400.0
2021-05-19,13.459347282896315,13.519034385681152,13.429504205851055,13.519034385681152,6800.0
2021-05-20,13.519034575619218,13.519034575619218,13.42950439453125,13.42950439453125,60700.0
2021-05-21,13.42950397576994,13.528982162475586,13.42950397576994,13.528982162475586,30400.0
2021-05-24,13.479243278503418,13.479243278503418,13.479243278503418,13.479243278503418,3000.0
2021-05-25,13.479243278503418,13.479243278503418,13.479243278503418,13.479243278503418,0.0
2021-05-26,13.479242951670855,13.479242951670855,13.330025672912598,13.330025672912598,6000.0
2021-05-27,13.42950439453125,13.42950439453125,13.42950439453125,13.42950439453125,55000.0
2021-05-28,13.479243278503418,13.479243278503418,13.479243278503418,13.479243278503418,400.0
2021-06-01,13.519034385681152,13.519034385681152,13.519034385681152,13.519034385681152,4500.0
2021-06-02,13.519034385681152,13.519034385681152,13.519034385681152,13.519034385681152,0.0
2021-06-03,13.429504205851055,13.519034385681152,13.429504205851055,13.519034385681152,2100.0
2021-06-04,13.519034470888437,13.67819881439209,13.509086462245879,13.67819881439209,17200.0
2021-06-07,13.628459930419922,13.628459930419922,13.628459930419922,13.628459930419922,55700.0
2021-06-08,13.628459930419922,13.628459930419922,13.628459930419922,13.628459930419922,2000.0
2021-06-09,13.608564376831055,13.628459445020615,13.578720351505261,13.608564376831055,12900.0
2021-06-10,13.67819881439209,13.67819881439209,13.67819881439209,13.67819881439209,6300.0
2021-06-11,13.877154350280762,13.877154350280762,13.877154350280762,13.877154350280762,700.0
2021-06-14,13.92689323425293,13.92689323425293,13.92689323425293,13.92689323425293,1000.0
2021-06-15,14.026371449223898,15.17036587330703,14.026371449223898,14.414334297180176,2800.0
2021-06-16,14.414334297180176,14.414334297180176,14.414334297180176,14.414334297180176,0.0
2021-06-17,14.414334297180176,14.414334297180176,14.414334297180176,14.414334297180176,0.0
2021-06-18,13.688146948744327,14.364595414847242,13.678198940010407,13.916945457458496,4300.0
2021-06-21,14.17558765411377,14.17558765411377,14.17558765411377,14.17558765411377,2900.0
2021-06-22,14.17558765411377,14.17558765411377,14.17558765411377,14.17558765411377,0.0
2021-06-23,14.17558765411377,14.17558765411377,14.17558765411377,14.17558765411377,0.0
2021-06-24,14.076109567999342,14.076109567999342,13.92689323425293,13.92689323425293,37300.0
2021-06-25,14.17558765411377,14.17558765411377,14.17558765411377,14.17558765411377,200.0
2021-06-28,14.175587990756757,14.364595413208008,14.056214732046335,14.364595413208008,2000.0
2021-06-29,14.364595413208008,14.364595413208008,14.275066180695939,14.364595413208008,500.0
2021-06-30,14.364594972105085,14.42428207397461,14.364594972105085,14.42428207397461,3700.0
2021-07-01,13.92689323425293,14.374543184186482,13.92689323425293,13.92689323425293,5400.0
2021-07-02,14.354648444742137,14.354648444742137,13.628459930419922,13.628459930419922,3900.0
2021-07-06,14.374543618336407,14.374543618336407,13.827415463584293,14.275066375732422,1600.0
2021-07-07,14.275066375732422,14.275066375732422,14.275066375732422,14.275066375732422,0.0
2021-07-08,14.275066375732422,14.275066375732422,14.275066375732422,14.275066375732422,0.0
2021-07-09,14.275066375732422,14.275066375732422,14.275066375732422,14.275066375732422,200.0
2021-07-12,13.479243187159323,14.374543080572996,13.479243187159323,14.17558765411377,4700.0
2021-07-13,14.17558765411377,14.17558765411377,14.17558765411377,14.17558765411377,0.0
2021-07-14,14.17558765411377,14.17558765411377,14.17558765411377,14.17558765411377,1000.0
2021-07-15,13.926892928451686,14.225326538085938,13.678198411872192,14.225326538085938,600.0
2021-07-16,14.225326538085938,14.225326538085938,14.225326538085938,14.225326538085938,0.0
2021-07-19,14.225326538085938,14.225326538085938,14.225326538085938,14.225326538085938,0.0
2021-07-20,14.225326538085938,14.225326538085938,14.225326538085938,14.225326538085938,100.0
2021-07-21,13.92689334072722,14.125848770141602,13.92689334072722,14.125848770141602,200.0
2021-07-22,13.92689323425293,13.92689323425293,13.92689323425293,13.92689323425293,100.0
2021-07-23,13.92689323425293,13.92689323425293,13.92689323425293,13.92689323425293,100.0
2021-07-26,13.92689323425293,13.92689323425293,13.92689323425293,13.92689323425293,0.0
2021-07-27,13.92689365762652,13.92689365762652,13.678199128026048,13.827415466308594,1300.0
2021-07-28,13.678198604608639,14.225326738531844,13.678198604608639,13.727937698364258,35100.0
2021-07-29,13.926892928451686,14.225326538085938,13.827414742342171,14.225326538085938,3400.0
2021-07-30,14.17558765411377,14.17558765411377,14.17558765411377,14.17558765411377,1600.0
2021-08-02,13.92689323425293,14.026371422546747,13.92689323425293,13.92689323425293,1400.0
2021-08-03,13.678198712212698,13.92689323425293,13.678198712212698,13.92689323425293,1600.0
2021-08-04,13.92689323425293,13.92689323425293,13.92689323425293,13.92689323425293,0.0
2021-08-05,14.076109886169434,14.076109886169434,14.076109886169434,14.076109886169434,1000.0
2021-08-06,14.17558765411377,14.185535662610308,14.17558765411377,14.17558765411377,9800.0
2021-08-09,14.17558765411377,14.17558765411377,14.17558765411377,14.17558765411377,500.0
2021-08-10,14.17558765411377,14.17558765411377,14.17558765411377,14.17558765411377,1500.0
2021-08-11,14.17558765411377,14.17558765411377,14.17558765411377,14.17558765411377,200.0
2021-08-12,14.17558765411377,14.17558765411377,14.17558765411377,14.17558765411377,0.0
2021-08-13,14.17558765411377,14.17558765411377,14.17558765411377,14.17558765411377,4200.0
2021-08-16,13.926892928451686,14.225326538085938,13.926892928451686,14.225326538085938,900.0
2021-08-17,14.225326538085938,14.225326538085938,14.225326538085938,14.225326538085938,0.0
2021-08-18,14.225326538085938,14.225326538085938,14.225326538085938,14.225326538085938,0.0
2021-08-19,14.17558765411377,14.17558765411377,14.17558765411377,14.17558765411377,5100.0
2021-08-20,14.17558765411377,14.17558765411377,14.17558765411377,14.17558765411377,1300.0
2021-08-23,14.17558765411377,14.17558765411377,14.17558765411377,14.17558765411377,0.0
2021-08-24,14.17558765411377,14.17558765411377,14.17558765411377,14.17558765411377,3800.0
2021-08-25,14.17558765411377,14.17558765411377,14.17558765411377,14.17558765411377,2700.0
2021-08-26,14.03631858973155,14.175587864668778,13.92689334072722,14.125848770141602,1400.0
2021-08-27,14.125848560325386,14.17558765411377,14.026371321442927,14.17558765411377,1800.0
2021-08-30,14.17558765411377,14.17558765411377,13.926893133866159,14.17558765411377,600.0
2021-08-31,14.17558765411377,14.17558765411377,14.17558765411377,14.17558765411377,0.0
2021-09-01,14.026371571834444,14.20543098449707,13.926893382481843,14.20543098449707,14200.0
2021-09-02,14.324803775501161,14.324803775501161,14.225326538085938,14.225326538085938,66900.0
2021-09-03,14.374542980532388,14.42428207397461,14.374542980532388,14.42428207397461,200.0
2021-09-07,14.424282183281024,14.623237609863281,14.424282183281024,14.623237609863281,2000.0
2021-09-08,14.672977132719454,14.672977132719454,14.523760795593262,14.523760795593262,400.0
2021-09-09,14.672977132719454,14.822193469845647,14.523760795593262,14.523760795593262,3800.0
2021-09-10,14.523760795593262,14.523760795593262,14.523760795593262,14.523760795593262,0.0
2021-09-13,14.523760795593262,14.523760795593262,14.523760795593262,14.523760795593262,0.0
2021-09-14,14.523760795593262,14.523760795593262,14.523760795593262,14.523760795593262,0.0
2021-09-15,14.722716331481934,14.722716331481934,14.722716331481934,14.722716331481934,100.0
2021-09-16,14.722716331481934,14.722716331481934,14.722716331481934,14.722716331481934,1200.0
2021-09-17,14.822193574033864,14.921671765280134,14.722716331481934,14.722716331481934,19500.0
2021-09-20,14.722716331481934,14.722716331481934,14.722716331481934,14.722716331481934,0.0
2021-09-21,15.419060723229872,15.906501770019531,15.419060723229872,15.906501770019531,2300.0
2021-09-22,15.767233421070431,15.916449758074647,15.767233421070431,15.866710662841797,9300.0
2021-09-23,15.866710662841797,15.866710662841797,15.866710662841797,15.866710662841797,0.0
2021-09-24,15.657807350158691,15.657807350158691,15.657807350158691,15.657807350158691,1000.0
2021-09-27,15.657807350158691,15.657807350158691,15.657807350158691,15.657807350158691,0.0
2021-09-28,15.657807350158691,15.657807350158691,15.657807350158691,15.657807350158691,0.0
2021-09-29,15.657807350158691,15.657807350158691,15.48869499419747,15.657807350158691,2000.0
2021-09-30,15.657807350158691,15.657807350158691,15.657807350158691,15.657807350158691,0.0
2021-10-01,15.657807350158691,15.657807350158691,15.657807350158691,15.657807350158691,0.0
2021-10-04,15.657807350158691,15.657807350158691,15.657807350158691,15.657807350158691,0.0
2021-10-05,15.657807350158691,15.657807350158691,15.657807350158691,15.657807350158691,0.0
2021-10-06,15.657807350158691,15.657807350158691,15.657807350158691,15.657807350158691,0.0
2021-10-07,15.429008104890817,15.608067512512207,15.429008104890817,15.608067512512207,2600.0
2021-10-08,15.429008082794432,15.568276405334473,15.419060074414631,15.568276405334473,3000.0
2021-10-11,15.419060829517322,15.657807350158691,15.419060829517322,15.657807350158691,800.0
2021-10-12,15.657807350158691,15.657807350158691,15.657807350158691,15.657807350158691,0.0
2021-10-13,15.419060707092285,15.419060707092285,15.319582516601054,15.419060707092285,1800.0
2021-10-14,15.419060707092285,15.419060707092285,15.419060707092285,15.419060707092285,400.0
2021-10-15,15.419060707092285,15.667755234626032,15.319582516601054,15.419060707092285,2700.0
2021-10-18,15.419060707092285,15.419060707092285,15.419060707092285,15.419060707092285,0.0
2021-10-19,15.419060707092285,15.419060707092285,15.419060707092285,15.419060707092285,0.0
2021-10-20,15.17036597236111,15.468799591064453,14.97141054279032,15.468799591064453,3100.0
2021-10-21,15.468799591064453,15.468799591064453,15.070887783228553,15.468799591064453,2800.0
2021-10-22,15.31958228625285,15.429008483886719,15.31958228625285,15.429008483886719,600.0
2021-10-25,15.170366013033297,15.170366013033297,15.070887823634036,15.10073184967041,2100.0
2021-10-26,15.021149635314941,15.120626875739655,14.921671446195907,15.021149635314941,7800.0
2021-10-27,15.021149635314941,15.021149635314941,15.021149635314941,15.021149635314941,0.0
2021-10-28,15.02114942045903,15.070887565612793,14.931619241271363,15.070887565612793,108500.0
2021-10-29,15.07088788648246,15.409112593417213,15.07088788648246,15.220105171203613,3100.0
2021-11-01,15.220105171203613,15.220105171203613,15.220105171203613,15.220105171203613,0.0
2021-11-02,15.39916490119999,15.39916490119999,15.070888196238355,15.369321823120117,4400.0
2021-11-03,15.36932161184667,15.419060707092285,15.36932161184667,15.419060707092285,15800.0
2021-11-04,15.31958202944453,15.399164199829102,15.170365697147036,15.399164199829102,2000.0
2021-11-05,15.399164199829102,15.399164199829102,15.399164199829102,15.399164199829102,0.0
2021-11-08,15.319582516601054,15.419060707092285,15.319582516601054,15.419060707092285,1000.0
2021-11-09,15.419060707092285,15.419060707092285,15.419060707092285,15.419060707092285,35500.0
2021-11-10,15.419060308862422,15.558329582214355,15.419060308862422,15.558329582214355,2300.0
2021-11-11,15.558329582214355,15.558329582214355,15.558329582214355,15.558329582214355,0.0
2021-11-12,15.558329582214355,15.558329582214355,15.558329582214355,15.558329582214355,0.0
2021-11-15,15.498642880007537,15.498642880007537,15.419060707092285,15.419060707092285,10400.0
2021-11-16,15.419060496498176,15.468799591064453,15.419060496498176,15.468799591064453,45000.0
2021-11-17,15.419060727759058,15.468799823071343,15.419060727759058,15.45885181427002,26600.0
2021-11-18,15.45885181427002,15.45885181427002,15.45885181427002,15.45885181427002,0.0
2021-11-19,15.369321338058487,15.419060432418053,15.269844098033671,15.34942626953125,4500.0
2021-11-22,15.419060707092285,15.419060707092285,15.419060707092285,15.419060707092285,700.0
2021-11-23,15.419060707092285,15.419060707092285,15.419060707092285,15.419060707092285,0.0
2021-11-24,15.269844370049771,15.419060707092285,15.070887989067307,15.419060707092285,1000.0
2021-11-26,15.070887466562086,15.319581985473633,15.021149321735217,15.319581985473633,600.0
2021-11-29,15.319582727190765,15.369321823120117,15.021150049003351,15.369321823120117,8200.0
2021-11-30,15.02114921196388,15.33947789026221,15.02114921196388,15.120626449584961,13500.0
2021-12-01,15.220104747125594,15.319581985473633,15.220104747125594,15.319581985473633,500.0
2021-12-02,15.021149300009638,15.279790878295898,15.021149300009638,15.279790878295898,800.0
2021-12-03,14.921671025648507,15.120626449584961,14.921671025648507,15.120626449584961,14600.0
2021-12-06,14.971410118806194,15.120626449584961,14.971410118806194,15.120626449584961,1000.0
2021-12-07,15.021149300009638,15.279790878295898,15.021149300009638,15.279790878295898,94800.0
2021-12-08,15.279790878295898,15.279790878295898,15.279790878295898,15.279790878295898,0.0
2021-12-09,15.220105382830088,15.220105382830088,15.130575200491398,15.170366287231445,300.0
2021-12-10,15.070887356427274,15.120626449584961,14.921671025648507,15.120626449584961,8600.0
2021-12-13,15.070887565612793,15.070887565612793,15.070887565612793,15.070887565612793,700.0
2021-12-14,15.120626560083256,15.319581985473633,15.120626560083256,15.319581985473633,500.0
2021-12-15,15.190261840820312,15.190261840820312,15.190261840820312,15.190261840820312,300.0
2021-12-16,14.921671446195907,15.110678867088888,14.87193235163639,15.021149635314941,2300.0
2021-12-17,14.871932029724121,14.871932029724121,14.822192936241239,14.871932029724121,6000.0
2021-12-20,14.772455000260324,14.871932239937895,14.772455000260324,14.822193145751953,3600.0
2021-12-21,14.87193245658078,14.87193245658078,14.772455215454102,14.772455215454102,3600.0
2021-12-22,14.822192839333132,15.120626449584961,14.822192839333132,15.120626449584961,200.0
2021-12-23,14.682924612922324,14.921671123207005,14.682924612922324,14.871932029724121,1700.0
2021-12-27,14.871932771407167,14.921671867370605,14.871932771407167,14.921671867370605,700.0
2021-12-28,14.921671123207005,14.921671123207005,14.772454791452654,14.871932029724121,1100.0
2021-12-29,14.822192936241239,14.871932029724121,14.822192936241239,14.871932029724121,600.0
2021-12-30,14.871932029724121,14.871932029724121,14.871932029724121,14.871932029724121,500.0
2021-12-31,14.871932051795355,14.911723136901855,14.871932051795355,14.911723136901855,1400.0
2022-01-03,14.911723368712268,14.911723368712268,14.772455043021672,14.901775360107422,7700.0
2022-01-04,14.901775215745936,15.070887565612793,14.901775215745936,15.070887565612793,131600.0
2022-01-05,14.92167125432787,15.110678672790527,14.92167125432787,15.110678672790527,51300.0
2022-01-06,14.971410304859534,15.170365731268456,14.971410304859534,15.031096458435059,5200.0
2022-01-07,15.031097009294111,15.170366287231445,15.021149949129855,15.170366287231445,5200.0
2022-01-10,15.170366287231445,15.170366287231445,15.170366287231445,15.170366287231445,16200.0
2022-01-11,15.120627191632801,15.170366287231445,15.120627191632801,15.170366287231445,3500.0
2022-01-12,15.170366287231445,15.170366287231445,15.170366287231445,15.170366287231445,3700.0
2022-01-13,15.170366287231445,15.170366287231445,15.170366287231445,15.170366287231445,0.0
2022-01-14,15.170366287231445,15.170366287231445,15.170366287231445,15.170366287231445,800.0
2022-01-18,15.070888096034158,15.170366287231445,15.070888096034158,15.170366287231445,26000.0
2022-01-19,15.021149949129855,15.170366287231445,15.021149949129855,15.170366287231445,10900.0
2022-01-20,15.220104960955817,15.269844055175781,15.220104960955817,15.269844055175781,8200.0
2022-01-21,15.369321549403432,15.369321549403432,14.971410686443823,15.299687385559082,1200.0
2022-01-24,15.120627292167706,15.369321823120117,14.971410953073999,15.369321823120117,1600.0
2022-01-25,15.269844055175781,15.269844055175781,15.269844055175781,15.269844055175781,1400.0
2022-01-26,15.319582727190765,15.369321823120117,15.22010548402641,15.369321823120117,5300.0
2022-01-27,15.369321823120117,15.369321823120117,15.369321823120117,15.369321823120117,0.0
2022-01-28,15.369321823120117,15.369321823120117,15.369321823120117,15.369321823120117,0.0
2022-01-31,15.319581985473633,15.319581985473633,15.319581985473633,15.319581985473633,1000.0
2022-02-01,15.319582727190765,15.369321823120117,15.26984457995576,15.369321823120117,2100.0
2022-02-02,15.319581985473633,15.319581985473633,15.319581985473633,15.319581985473633,2300.0
2022-02-03,15.319581985473633,15.339478002359822,15.319581985473633,15.319581985473633,20600.0
2022-02-04,15.319582727190765,15.369321823120117,15.319582727190765,15.369321823120117,1100.0
2022-02-07,15.369321823120117,15.369321823120117,15.369321823120117,15.369321823120117,0.0
2022-02-08,15.319582727190765,15.369321823120117,15.319582727190765,15.369321823120117,10500.0
2022-02-09,15.349426010802915,15.369321078994803,15.319581985473633,15.319581985473633,17000.0
2022-02-10,15.319581985473633,15.319581985473633,15.319581985473633,15.319581985473633,4700.0
2022-02-11,15.369321078994803,15.369321078994803,15.319581985473633,15.319581985473633,37500.0
2022-02-14,15.319581985473633,15.319581985473633,15.269843840646764,15.319581985473633,47300.0
2022-02-15,15.369321823120117,15.369321823120117,15.369321823120117,15.369321823120117,100.0
2022-02-16,15.369321823120117,15.41906091904947,15.26984457995576,15.369321823120117,5700.0
2022-02-17,15.369321823120117,15.369321823120117,15.369321823120117,15.369321823120117,0.0
2022-02-18,15.419060707092285,15.419060707092285,15.419060707092285,15.419060707092285,100.0
2022-02-22,15.399164155629785,15.409112164072878,15.319581985473633,15.319581985473633,1100.0
2022-02-23,15.289739123647179,15.319582200701431,15.269844055175781,15.269844055175781,41300.0
2022-02-24,15.26984457995576,15.40911291012473,15.021150049003351,15.369321823120117,3900.0
2022-02-25,15.41906091904947,15.41906091904947,15.339478745040244,15.369321823120117,5200.0
2022-02-28,15.419060707092285,15.419060707092285,15.419060707092285,15.419060707092285,400.0
2022-03-01,15.369321823120117,15.369321823120117,15.329530736115505,15.369321823120117,300.0
2022-03-02,15.369321823120117,15.369321823120117,15.369321823120117,15.369321823120117,400.0
2022-03-03,15.369321823120117,15.369321823120117,15.369321823120117,15.369321823120117,0.0
2022-03-04,15.319581985473633,15.319581985473633,15.319581985473633,15.319581985473633,400.0
2022-03-07,15.319582200701431,15.319582200701431,15.269844055175781,15.269844055175781,3300.0
2022-03-08,15.319582200701431,15.319582200701431,15.170365866735853,15.269844055175781,6200.0
2022-03-09,15.220104747125594,15.319581985473633,15.170365653604424,15.319581985473633,19900.0
2022-03-10,15.269843840646764,15.319581985473633,15.269843840646764,15.319581985473633,5100.0
2022-03-11,15.319581985473633,15.319581985473633,15.319581985473633,15.319581985473633,13400.0
2022-03-14,15.269843840646764,15.319581985473633,15.269843840646764,15.319581985473633,1100.0
2022-03-15,15.349426010802915,15.349426010802915,15.319581985473633,15.319581985473633,300.0
2022-03-16,15.26984457995576,15.369321823120117,15.26984457995576,15.369321823120117,5600.0
2022-03-17,15.369321823120117,15.369321823120117,15.369321823120117,15.369321823120117,0.0
2022-03-18,15.349426753964984,15.369321823120117,15.319582727190765,15.369321823120117,600.0
2022-03-21,15.319581985473633,15.319581985473633,15.319581985473633,15.319581985473633,3300.0
2022-03-22,15.369321078994803,15.369321078994803,15.319581985473633,15.319581985473633,1600.0
2022-03-23,15.319581985473633,15.319581985473633,15.319581985473633,15.319581985473633,35100.0
2022-03-24,15.319581985473633,15.319581985473633,15.319581985473633,15.319581985473633,0.0
2022-03-25,15.369321823120117,15.369321823120117,15.369321823120117,15.369321823120117,2900.0
2022-03-28,15.369321823120117,15.369321823120117,15.319582727190765,15.369321823120117,9000.0
2022-03-29,15.369321823120117,15.369321823120117,15.369321823120117,15.369321823120117,100.0
2022-03-30,15.269844055175781,15.269844055175781,15.269844055175781,15.269844055175781,200.0
2022-03-31,15.269843840646764,15.369321078994803,15.269843840646764,15.319581985473633,500.0
2022-04-01,15.239999815317482,15.319581985473633,15.220104747125594,15.319581985473633,900.0
2022-04-04,15.15047005885601,15.220105171203613,15.120626981389512,15.220105171203613,300.0
2022-04-05,15.319582200701431,15.319582200701431,15.269844055175781,15.269844055175781,900.0
2022-04-06,15.269844055175781,15.269844055175781,15.269844055175781,15.269844055175781,0.0
2022-04-07,15.170365866735853,15.269844055175781,15.160417858152998,15.269844055175781,5500.0
2022-04-08,15.269844055175781,15.269844055175781,15.269844055175781,15.269844055175781,0.0
2022-04-11,15.269844055175781,15.269844055175781,15.269844055175781,15.269844055175781,0.0
2022-04-12,15.269844055175781,15.269844055175781,15.269844055175781,15.269844055175781,0.0
2022-04-13,15.130574990109787,15.220105171203613,15.120626981389512,15.220105171203613,400.0
2022-04-14,15.12062677251589,15.269844055175781,14.921671344330347,15.269844055175781,600.0
2022-04-18,14.921671025648507,15.120626449584961,14.871931932490819,15.120626449584961,3300.0
2022-04-19,15.120626449584961,15.120626449584961,15.120626449584961,15.120626449584961,0.0
2022-04-20,14.921671232762888,15.120626659460864,14.83214105357522,15.070887565612793,90400.0
2022-04-21,14.91172343754514,15.021149635314941,14.87193235163639,15.021149635314941,400.0
2022-04-22,14.921671446195907,15.021149635314941,14.921671446195907,15.021149635314941,19200.0
2022-04-25,15.021149635314941,15.021149635314941,15.021149635314941,15.021149635314941,0.0
2022-04-26,14.87193235163639,15.120626875739655,14.87193235163639,15.021149635314941,800.0
2022-04-27,14.911723647292932,14.971410751342773,14.871932560824481,14.971410751342773,1800.0
2022-04-28,14.921671446195907,15.021149635314941,14.921671446195907,15.021149635314941,1100.0
2022-04-29,14.822193655378676,14.921671847170886,14.474021881494629,14.881880760192871,20900.0
2022-05-02,14.563552024620915,14.802298545837402,14.523760937751499,14.802298545837402,900.0
2022-05-03,14.563552024620915,14.802298545837402,14.563552024620915,14.802298545837402,200.0
2022-05-04,14.523760456834447,14.782402038574219,14.523760456834447,14.782402038574219,1100.0
2022-05-05,14.782402038574219,14.782402038574219,14.782402038574219,14.782402038574219,0.0
2022-05-06,14.523760456834447,14.782402038574219,14.523760456834447,14.782402038574219,11700.0
2022-05-09,14.474021506600184,14.782402185518787,14.225326982255488,14.613289833068848,8200.0
2022-05-10,14.225326777907478,14.672976725558538,14.225326777907478,14.663028717041016,3600.0
2022-05-11,14.225327172646542,14.523760795593262,14.225327172646542,14.523760795593262,3600.0
2022-05-12,14.324804643477115,14.573499175125637,14.026371964454368,14.513813018798828,8700.0
2022-05-13,14.533707430727688,14.623237609863281,14.026371330116513,14.623237609863281,2300.0
2022-05-16,14.464073061738155,14.67297649383545,14.026371129517027,14.67297649383545,3200.0
2022-05-17,14.076109273930527,14.67297649383545,14.076109273930527,14.67297649383545,300.0
2022-05-18,14.67297649383545,14.67297649383545,14.67297649383545,14.67297649383545,0.0
2022-05-19,14.205430536533068,14.67297649383545,14.03631818918315,14.67297649383545,900.0
2022-05-20,14.275065850517908,14.623237609863281,14.125848569060487,14.623237609863281,12600.0
2022-05-23,14.3745431954671,14.911723325547786,14.3745431954671,14.822193145751953,12100.0
2022-05-24,14.822193145751953,14.822193145751953,14.822193145751953,14.822193145751953,0.0
2022-05-25,14.43423071530096,14.722716331481934,14.43423071530096,14.722716331481934,1500.0
2022-05-26,14.474021802060598,14.722716331481934,14.424282706437463,14.722716331481934,10900.0
2022-05-27,14.513812264297101,14.921671123207005,14.513812264297101,14.871932029724121,18100.0
2022-05-31,14.672976833181993,14.861984252929688,14.672976833181993,14.861984252929688,1200.0
2022-06-01,14.861984252929688,14.861984252929688,14.861984252929688,14.861984252929688,0.0
2022-06-02,14.70282006131296,15.140522956848145,14.225327028395657,15.140522956848145,8100.0
2022-06-03,14.672976712216839,15.070887565612793,14.672976712216839,15.070887565612793,200.0
2022-06-06,15.070887781180138,15.070887781180138,14.722716016652159,15.021149635314941,44700.0
2022-06-07,15.021149635314941,15.021149635314941,15.021149635314941,15.021149635314941,0.0
2022-06-08,14.712767797556435,15.070887565612793,14.672976712216839,15.070887565612793,1300.0
2022-06-09,15.070887565612793,15.070887565612793,15.070887565612793,15.070887565612793,0.0
2022-06-10,15.070887565612793,15.070887565612793,15.070887565612793,15.070887565612793,0.0
2022-06-13,15.070887565612793,15.070887565612793,15.070887565612793,15.070887565612793,0.0
2022-06-14,14.37454330342986,15.070887781180138,14.225326968445628,15.021149635314941,11100.0
2022-06-15,15.001253403442078,15.070887565612793,15.001253403442078,15.070887565612793,300.0
2022-06-16,15.070887565612793,15.070887565612793,15.070887565612793,15.070887565612793,0.0
2022-06-17,14.772455111211677,15.021149635314941,14.474021492548895,15.021149635314941,700.0
2022-06-21,15.021149635314941,15.021149635314941,15.021149635314941,15.021149635314941,0.0
2022-06-22,14.792350179818891,15.021149635314941,14.792350179818891,15.021149635314941,1100.0
2022-06-23,14.72271580606491,15.070887565612793,14.72271580606491,15.070887565612793,12800.0
2022-06-24,15.070887565612793,15.070887565612793,15.070887565612793,15.070887565612793,0.0
2022-06-27,15.070887565612793,15.070887565612793,15.070887565612793,15.070887565612793,0.0
2022-06-28,14.772455339380437,15.011201858520508,14.772455339380437,15.011201858520508,800.0
2022-06-29,14.722716244052673,15.011201858520508,14.722716244052673,15.011201858520508,1300.0
2022-06-30,14.722716244052673,15.011201858520508,14.672977148724907,15.011201858520508,8600.0
2022-07-01,15.011201858520508,15.011201858520508,15.011201858520508,15.011201858520508,0.0
2022-07-05,15.011201858520508,15.011201858520508,15.011201858520508,15.011201858520508,700.0
2022-07-06,14.871932581341632,15.011201858520508,14.871932581341632,15.011201858520508,18100.0
2022-07-07,15.011201858520508,15.011201858520508,15.011201858520508,15.011201858520508,0.0
2022-07-08,15.011201858520508,15.011201858520508,15.011201858520508,15.011201858520508,0.0
2022-07-11,14.891828598950474,15.011201858520508,14.672977148724907,15.011201858520508,1800.0
2022-07-12,15.011201858520508,15.011201858520508,15.011201858520508,15.011201858520508,0.0
2022-07-13,15.011201858520508,15.011201858520508,15.011201858520508,15.011201858520508,0.0
2022-07-14,15.011201858520508,15.011201858520508,15.011201858520508,15.011201858520508,0.0
2022-07-15,15.011201858520508,15.011201858520508,15.011201858520508,15.011201858520508,0.0
2022-07-18,15.011201858520508,15.011201858520508,15.011201858520508,15.011201858520508,0.0
2022-07-19,14.732664232532075,15.021149846601919,14.732664232532075,14.971410751342773,288700.0
2022-07-20,14.971410751342773,14.971410751342773,14.971410751342773,14.971410751342773,0.0
2022-07-21,14.921671656083628,14.971410751342773,14.921671656083628,14.971410751342773,1500.0
2022-07-22,14.971410751342773,14.971410751342773,14.971410751342773,14.971410751342773,0.0
2022-07-25,14.971410751342773,14.971410751342773,14.971410751342773,14.971410751342773,100.0
2022-07-26,14.971410751342773,14.971410751342773,14.971410751342773,14.971410751342773,0.0
2022-07-27,14.891828578405875,14.971410751342773,14.891828578405875,14.971410751342773,133700.0
2022-07-28,14.87193235163639,15.021149635314941,14.87193235163639,15.021149635314941,1300.0
2022-07-29,14.921670981223023,15.041044235229492,14.921670981223023,15.041044235229492,2000.0
2022-08-01,15.041044389927103,15.319581985473633,15.041044389927103,15.319581985473633,1500.0
2022-08-02,15.021150049003351,15.369321823120117,15.021150049003351,15.369321823120117,15200.0
2022-08-03,15.369321823120117,15.369321823120117,15.369321823120117,15.369321823120117,0.0
2022-08-04,15.269844055175781,15.269844055175781,15.269844055175781,15.269844055175781,2300.0
2022-08-05,15.120626560083256,15.319581985473633,15.120626560083256,15.319581985473633,3300.0
2022-08-08,15.319581985473633,15.319581985473633,15.319581985473633,15.319581985473633,100.0
2022-08-09,15.319581985473633,15.319581985473633,15.319581985473633,15.319581985473633,0.0
2022-08-10,15.220104747125594,15.319581985473633,15.220104747125594,15.319581985473633,5200.0
2022-08-11,15.319581985473633,15.319581985473633,15.319581985473633,15.319581985473633,0.0
2022-08-12,15.220104747125594,15.319581985473633,15.220104747125594,15.319581985473633,9800.0
2022-08-15,15.319581985473633,15.319581985473633,15.319581985473633,15.319581985473633,0.0
2022-08-16,15.220104747125594,15.319581985473633,15.220104747125594,15.319581985473633,2200.0
2022-08-17,15.200208730239407,15.319581985473633,14.971410228214047,15.319581985473633,47300.0
2022-08-18,15.299686917281747,15.319581985473633,15.299686917281747,15.319581985473633,1300.0
2022-08-19,15.30963492572484,15.319581985473633,15.30963492572484,15.319581985473633,2000.0
2022-08-22,15.269843840646764,15.319581985473633,15.070887466562086,15.319581985473633,400.0
2022-08-23,15.319581985473633,15.319581985473633,15.319581985473633,15.319581985473633,0.0
2022-08-24,15.319581985473633,15.319581985473633,15.319581985473633,15.319581985473633,0.0
2022-08-25,15.220104747125594,15.319581985473633,15.220104747125594,15.319581985473633,15000.0
2022-08-26,15.319582727190765,15.369321823120117,15.319582727190765,15.369321823120117,14200.0
2022-08-29,15.120627292167706,15.369321823120117,15.120627292167706,15.369321823120117,600.0
2022-08-30,15.369321823120117,15.369321823120117,15.369321823120117,15.369321823120117,0.0
2022-08-31,15.319581985473633,15.319581985473633,15.319581985473633,15.319581985473633,200.0
2022-09-01,15.319581985473633,15.319581985473633,15.319581985473633,15.319581985473633,0.0
2022-09-02,15.170365866735853,15.269844055175781,15.170365866735853,15.269844055175781,3700.0
2022-09-06,15.269844055175781,15.269844055175781,15.269844055175781,15.269844055175781,0.0
2022-09-07,15.319581985473633,15.319581985473633,15.319581985473633,15.319581985473633,1000.0
2022-09-08,15.269844599946557,15.409112930297852,15.269844599946557,15.409112930297852,68400.0
2022-09-09,15.319582747246677,15.409112930297852,15.319582747246677,15.409112930297852,26500.0
2022-09-12,15.409112930297852,15.409112930297852,15.409112930297852,15.409112930297852,0.0
2022-09-13,15.180314416895385,15.409112930297852,15.170366407957621,15.409112930297852,25400.0
2022-09-14,15.269844599946557,15.409112930297852,15.269844599946557,15.409112930297852,3400.0
2022-09-15,15.409112930297852,15.409112930297852,15.409112930297852,15.409112930297852,0.0
2022-09-16,15.409112592408848,15.667755126953125,15.409112592408848,15.667755126953125,1900.0
2022-09-19,15.637912152942754,15.866710662841797,15.319582512669115,15.866710662841797,700.0
2022-09-20,15.866710662841797,15.866710662841797,15.866710662841797,15.866710662841797,0.0
2022-09-21,15.667755439872392,15.856762865848514,15.468800004977961,15.816971778869629,2900.0
2022-09-22,15.468799509571605,15.816971272312665,15.419060415267362,15.757285118103027,27100.0
2022-09-23,15.319581909944878,15.618015520906257,15.269843765363229,15.608067512512207,40400.0
2022-09-26,15.608067512512207,15.608067512512207,15.608067512512207,15.608067512512207,0.0
2022-09-27,15.269843743494787,15.608067490159383,15.269843743494787,15.568276405334473,63900.0
2022-09-28,15.419060074414631,15.568276405334473,15.269843743494787,15.568276405334473,127700.0
2022-09-29,15.319582638236248,15.657807350158691,15.319582638236248,15.657807350158691,9800.0
2022-09-30,16.115406036376953,16.115406036376953,16.115406036376953,16.115406036376953,100.0
2022-10-03,15.319582048553922,16.294464111328125,15.319582048553922,16.294464111328125,25600.0
2022-10-04,16.25467397478051,16.294464111328125,16.25467397478051,16.294464111328125,300.0
2022-10-05,16.294464111328125,16.294464111328125,16.294464111328125,16.294464111328125,0.0
2022-10-06,15.51853842345783,16.294464111328125,15.468799329731853,16.294464111328125,500.0
2022-10-07,15.757284934909352,16.294464111328125,15.757284934909352,16.294464111328125,9000.0
2022-10-10,15.419060398982122,16.165143966674805,15.419060398982122,16.165143966674805,900.0
2022-10-11,16.165143966674805,16.165143966674805,16.165143966674805,16.165143966674805,0.0
2022-10-12,16.165143966674805,16.165143966674805,16.165143966674805,16.165143966674805,0.0
2022-10-13,16.165143966674805,16.165143966674805,16.165143966674805,16.165143966674805,0.0
2022-10-14,16.165143966674805,16.165143966674805,16.165143966674805,16.165143966674805,0.0
2022-10-17,16.165143966674805,16.165143966674805,16.165143966674805,16.165143966674805,0.0
2022-10-18,16.165143966674805,16.165143966674805,16.165143966674805,16.165143966674805,0.0
2022-10-19,16.165143966674805,16.165143966674805,16.165143966674805,16.165143966674805,0.0
2022-10-20,16.165143966674805,16.165143966674805,16.165143966674805,16.165143966674805,0.0
2022-10-21,15.966187589667971,16.165143966674805,15.966187589667971,16.165143966674805,1600.0
2022-10-24,15.568276940994265,16.115406036376953,15.568276940994265,16.115406036376953,400.0
2022-10-25,15.906501647990499,16.115406036376953,15.906501647990499,16.115406036376953,2700.0
2022-10-26,15.9164489434361,16.105457305908203,15.9164489434361,16.105457305908203,4100.0
2022-10-27,16.105457305908203,16.105457305908203,16.105457305908203,16.105457305908203,0.0
2022-10-28,16.06566619873047,16.06566619873047,16.06566619873047,16.06566619873047,400.0
2022-10-31,15.91645007598,16.015928268432617,15.91645007598,16.015928268432617,1800.0
2022-11-01,15.916449546813965,15.916449546813965,15.916449546813965,15.916449546813965,1600.0
2022-11-02,15.916449546813965,15.916449546813965,15.916449546813965,15.916449546813965,0.0
2022-11-03,15.916449546813965,15.916449546813965,15.916449546813965,15.916449546813965,0.0
2022-11-04,15.916449546813965,15.916449546813965,15.916449546813965,15.916449546813965,0.0
2022-11-07,15.916449546813965,15.916449546813965,15.916449546813965,15.916449546813965,0.0
2022-11-08,15.916449546813965,15.916449546813965,15.916449546813965,15.916449546813965,0.0
2022-11-09,15.906501538160569,15.916449546813965,15.856762443587911,15.916449546813965,9400.0
2022-11-10,15.876658460894703,15.916449546813965,15.816971357668649,15.916449546813965,2900.0
2022-11-11,15.816971357668649,15.916449546813965,15.816971357668649,15.916449546813965,600.0
2022-11-14,15.916449546813965,15.916449546813965,15.916449546813965,15.916449546813965,0.0
2022-11-15,16.065665881837617,16.065665881837617,15.916449546813965,15.916449546813965,10600.0
2022-11-16,15.876658671627233,15.876658671627233,15.866710662841797,15.866710662841797,200.0
2022-11-17,15.816972127148604,16.095510690828384,15.816972127148604,16.0457706451416,208500.0
2022-11-18,16.045770301924147,16.304412841796875,16.045770301924147,16.304412841796875,1600.0
2022-11-21,16.553106386692125,16.553106386692125,16.26462173461914,16.26462173461914,6500.0
2022-11-22,16.41383934020996,16.41383934020996,16.41383934020996,16.41383934020996,1000.0
2022-11-23,16.4138376925998,16.443681716918945,16.4138376925998,16.443681716918945,3400.0
2022-11-25,16.612794876098633,16.612794876098633,16.21488212184897,16.612794876098633,700.0
2022-11-28,16.165143976262076,16.612794876098633,16.165143976262076,16.612794876098633,1500.0
2022-11-29,16.612794876098633,16.612794876098633,16.612794876098633,16.612794876098633,0.0
2022-11-30,16.06566578769966,16.612794876098633,16.06566578769966,16.612794876098633,2100.0
2022-12-01,16.612794876098633,16.612794876098633,16.612794876098633,16.612794876098633,0.0
2022-12-02,16.413838498973803,16.612794876098633,16.413838498973803,16.612794876098633,1200.0
2022-12-05,16.21488212184897,16.612794876098633,16.21488212184897,16.612794876098633,24400.0
2022-12-06,16.612794876098633,16.612794876098633,16.612794876098633,16.612794876098633,0.0
2022-12-07,16.612794876098633,16.612794876098633,16.612794876098633,16.612794876098633,0.0
2022-12-08,16.36410035338691,16.612794876098633,16.36410035338691,16.612794876098633,200.0
2022-12-09,16.612794876098633,16.612794876098633,16.612794876098633,16.612794876098633,0.0
2022-12-12,16.612794876098633,16.612794876098633,16.612794876098633,16.612794876098633,0.0
2022-12-13,16.612794876098633,16.612794876098633,16.612794876098633,16.612794876098633,0.0
2022-12-14,16.612794876098633,16.612794876098633,16.612794876098633,16.612794876098633,0.0
2022-12-15,16.573002841718214,16.612794876098633,16.573002841718214,16.612794876098633,1000.0
2022-12-16,16.612794876098633,16.612794876098633,16.612794876098633,16.612794876098633,0.0
2022-12-19,16.612794876098633,16.612794876098633,16.612794876098633,16.612794876098633,20300.0
2022-12-20,16.56305483312311,16.612794876098633,16.413838498973803,16.612794876098633,900.0
2022-12-21,16.612794876098633,16.612794876098633,16.612794876098633,16.612794876098633,0.0
2022-12-22,16.612794876098633,16.612794876098633,16.612794876098633,16.612794876098633,0.0
2022-12-23,16.573002841718214,16.612794876098633,16.573002841718214,16.612794876098633,2400.0
2022-12-27,16.612794876098633,16.612794876098633,16.612794876098633,16.612794876098633,4100.0
2022-12-28,16.612794876098633,16.612794876098633,16.573002841718214,16.612794876098633,57400.0
2022-12-29,16.58295085031332,16.612794876098633,16.58295085031332,16.612794876098633,300.0
2022-12-30,16.63268882472062,16.742115020751953,16.63268882472062,16.742115020751953,2700.0
2023-01-03,16.612794661452238,16.712270951340734,16.463576431842277,16.662532806396484,16300.0
2023-01-04,16.662532806396484,16.662532806396484,16.662532806396484,16.662532806396484,3300.0
2023-01-05,16.662532806396484,16.662532806396484,16.662532806396484,16.662532806396484,0.0
2023-01-06,16.56305503845215,16.56305503845215,16.56305503845215,16.56305503845215,7100.0
2023-01-09,16.56305503845215,16.56305503845215,16.56305503845215,16.56305503845215,0.0
2023-01-10,16.5033690993058,16.513317108154297,16.473525072760317,16.513317108154297,6400.0
2023-01-11,16.423786925906523,16.513317108154297,16.423786925906523,16.513317108154297,17600.0
2023-01-12,16.513317108154297,16.513317108154297,16.513317108154297,16.513317108154297,800.0
2023-01-13,16.513317108154297,16.513317108154297,16.513317108154297,16.513317108154297,0.0
2023-01-17,16.46357583574317,16.533211892487845,16.264621365781146,16.443681716918945,61100.0
2023-01-18,16.443681716918945,16.443681716918945,16.443681716918945,16.443681716918945,0.0
2023-01-19,16.443681716918945,16.443681716918945,16.443681716918945,16.443681716918945,0.0
2023-01-20,16.403891331105005,16.41383934020996,16.403891331105005,16.41383934020996,12500.0
2023-01-23,16.41383934020996,16.41383934020996,16.41383934020996,16.41383934020996,500.0
2023-01-24,16.41383934020996,16.41383934020996,16.41383934020996,16.41383934020996,200.0
2023-01-25,16.463576220390024,16.712270736694336,16.463576220390024,16.712270736694336,11800.0
2023-01-26,16.712270736694336,16.712270736694336,16.712270736694336,16.712270736694336,0.0
2023-01-27,16.662532592388906,16.762010778388348,16.563054406389465,16.712270736694336,8600.0
2023-01-30,16.563053994518608,16.911226688164405,16.563053994518608,16.811748504638672,12800.0
2023-01-31,16.891332161993727,16.91122817993164,16.712271795329904,16.91122817993164,6200.0
2023-02-01,16.91122817993164,16.91122817993164,16.91122817993164,16.91122817993164,2600.0
2023-02-02,16.76201112462013,16.911227458007176,16.76201112462013,16.90127944946289,5200.0
2023-02-03,16.90127944946289,16.90127944946289,16.90127944946289,16.90127944946289,0.0
2023-02-06,16.811750204148403,16.86149024963379,16.811750204148403,16.86149024963379,15000.0
2023-02-07,16.811750204148403,16.86149024963379,16.811750204148403,16.86149024963379,2300.0
2023-02-08,16.86148931267437,16.911227458007176,16.86148931267437,16.90127944946289,1000.0
2023-02-09,16.861490032475558,16.91122817993164,16.861490032475558,16.91122817993164,600.0
2023-02-10,16.891331440918606,16.90127944946289,16.86148931267437,16.90127944946289,2400.0
2023-02-13,16.86148931267437,16.90127944946289,16.86148931267437,16.90127944946289,2400.0
2023-02-14,16.821697278497226,16.90127944946289,16.821697278497226,16.90127944946289,1100.0
2023-02-15,16.90127944946289,16.911227458007176,16.86148931267437,16.90127944946289,10200.0
2023-02-16,16.861490032475558,16.91122817993164,16.861490032475558,16.91122817993164,4700.0
2023-02-17,16.91122817993164,16.960966327387723,16.91122817993164,16.91122817993164,3100.0
2023-02-21,16.841594231439636,16.960966545827105,16.811750204148403,16.86149024963379,5400.0
2023-02-22,16.911228397730447,16.911228397730447,16.76201205605175,16.86149024963379,3200.0
2023-02-23,16.86149024963379,16.86149024963379,16.86149024963379,16.86149024963379,5000.0
2023-02-24,16.86149024963379,16.911228397730447,16.86149024963379,16.86149024963379,15200.0
2023-02-27,16.86149024963379,16.86149024963379,16.851542240536713,16.86149024963379,11900.0
2023-02-28,16.861490032475558,16.91122817993164,16.76201184017469,16.91122817993164,10800.0
2023-03-01,16.91122817993164,16.91122817993164,16.91122817993164,16.91122817993164,0.0
2023-03-02,16.821697278497226,16.911227458007176,16.77195913316442,16.90127944946289,18100.0
2023-03-03,16.811749987630773,16.91122817993164,16.811749987630773,16.91122817993164,155200.0
2023-03-06,16.91122817993164,16.91122817993164,16.91122817993164,16.91122817993164,2500.0
2023-03-07,16.86148931267437,16.911227458007176,16.86148931267437,16.90127944946289,5200.0
2023-03-08,16.90127944946289,16.90127944946289,16.90127944946289,16.90127944946289,0.0
2023-03-09,16.76201112462013,16.90127944946289,16.76201112462013,16.90127944946289,12800.0
2023-03-10,16.762010993673588,16.90127931742837,14.9216711699073,16.662532806396484,184900.0
2023-03-13,15.070887683242175,16.413838484150386,14.921671349227625,15.717494010925293,13000.0
2023-03-14,15.070888469260492,16.662533875667688,15.070888469260492,16.41383934020996,12600.0
2023-03-15,16.41383934020996,16.41383934020996,16.41383934020996,16.41383934020996,200.0
2023-03-16,15.966186967418661,16.314359664916992,15.966186967418661,16.314359664916992,2500.0
2023-03-17,16.015926916957522,16.155195236206055,16.015926916957522,16.155195236206055,3200.0
2023-03-20,15.916449970664017,16.314360840452878,15.419060909080766,15.816971778869629,21500.0
2023-03-21,15.518539000524187,15.797076607575221,15.17036628018964,15.618016242980957,24500.0
2023-03-22,14.722715916144805,15.518538577581287,14.722715916144805,15.269844055175781,25700.0
2023-03-23,15.070887356427274,15.269843729058023,15.070887356427274,15.120626449584961,9400.0
2023-03-24,15.021149332465457,15.021149332465457,14.523760294287055,14.911723136901855,20900.0
2023-03-27,14.57349841752112,14.871932029724121,14.57349841752112,14.871932029724121,6300.0
2023-03-28,14.871932029724121,14.871932029724121,14.871932029724121,14.871932029724121,0.0
2023-03-29,14.772455000260324,14.822193145751953,14.772455000260324,14.822193145751953,1100.0
2023-03-30,14.722715586943242,14.762506671690616,14.67297649383545,14.67297649383545,5100.0
2023-03-31,14.47402137833651,14.672976806310329,14.076109573694556,14.374543190002441,29500.0
2023-04-03,14.374543211525832,14.414334297180176,14.22532687749562,14.414334297180176,1300.0
2023-04-04,14.275065928869584,14.474021356543847,14.275065928869584,14.334752082824707,18500.0
2023-04-05,14.22532728008326,14.324804522687245,14.22532728008326,14.275066375732422,1200.0
2023-04-06,14.17558744503118,14.225326538085938,14.0263711145612,14.225326538085938,1600.0
2023-04-10,14.324804406466068,15.419060707092285,14.324804406466068,15.419060707092285,69900.0
2023-04-11,15.319582727190765,15.41906091904947,15.22010548402641,15.369321823120117,5000.0
2023-04-12,15.319582516601054,15.419060707092285,15.240000343685802,15.419060707092285,2400.0
2023-04-13,15.419060707092285,15.419060707092285,15.419060707092285,15.419060707092285,0.0
2023-04-14,15.419060707092285,15.419060707092285,15.269844370049771,15.419060707092285,12000.0
2023-04-17,15.36932161184667,15.419060707092285,15.319582516601054,15.419060707092285,4900.0
2023-04-18,15.359373561564714,15.419060665437074,15.269844328797673,15.339478492736816,17900.0
2023-04-19,15.36932161184667,15.419060707092285,15.17036617955854,15.419060707092285,16200.0
2023-04-20,15.379269620634659,15.419060707092285,15.379269620634659,15.419060707092285,2000.0
2023-04-21,15.349426542965023,15.419060707092285,15.269844370049771,15.419060707092285,500.0
2023-04-24,15.26984457995576,15.369321823120117,15.22010548402641,15.369321823120117,13300.0
2023-04-25,15.220105494456888,15.269844590420325,14.921671867370605,14.921671867370605,40100.0
2023-04-26,14.7227164322112,14.921671867370605,14.7227164322112,14.921671867370605,13900.0
2023-04-27,14.67297681188844,14.911723325547786,14.523760478024927,14.822193145751953,17100.0
2023-04-28,14.533707640001701,14.722716009497148,14.22532696153234,14.573498725891113,31600.0
2023-05-01,14.434230292741745,14.553603549526036,14.235274864767925,14.374543190002441,3400.0
2023-05-02,14.275065900054411,14.275065900054411,12.99180220827787,13.847311019897461,6500.0
2023-05-03,13.131070470685431,13.827414937181192,13.031593231868497,13.727937698364258,25500.0
2023-05-04,12.94206356369222,12.94206356369222,12.096501782553856,12.93211555480957,14500.0
2023-05-05,13.429504395561592,13.429504395561592,12.832637154058903,12.981854438781738,15500.0
2023-05-08,13.170861860997471,13.170861860997471,12.832637154058903,12.981854438781738,4500.0
2023-05-09,12.981854438781738,12.981854438781738,12.981854438781738,12.981854438781738,0.0
2023-05-10,12.832636946343857,13.131070562264616,12.683420612730634,13.031593322753906,1900.0
2023-05-11,13.180809868706598,13.42950439453125,12.94206335160157,13.42950439453125,6400.0
2023-05-12,13.916945457458496,13.916945457458496,13.916945457458496,13.916945457458496,500.0
2023-05-15,14.165639534707962,14.165639534707962,13.509086158185816,13.976632118225098,1700.0
2023-05-16,13.608564756707185,13.926893446180557,13.42950439453125,13.42950439453125,10000.0
2023-05-17,13.877153842253929,13.887101850608653,13.678198418630883,13.81746768951416,1800.0
2023-05-18,13.737885497676663,13.85725875165595,13.678198396339873,13.777676582336426,6300.0
2023-05-19,13.847310976199921,13.847310976199921,13.767728805541992,13.767728805541992,700.0
2023-05-22,13.827414959188285,13.827414959188285,13.628459532543463,13.767728805541992,2300.0
2023-05-23,13.727937720213028,13.837362967694103,13.628459532543463,13.767728805541992,2600.0
2023-05-24,13.8672064493638,13.8672064493638,13.42950449796669,13.628459930419922,17800.0
2023-05-25,13.548877757438628,13.76772920748435,13.548877757438628,13.628459930419922,1500.0
2023-05-26,13.429504127149245,13.847310998111656,13.429504127149245,13.807519912719727,4500.0
2023-05-30,13.727937698364258,13.827414937181192,13.727937698364258,13.727937698364258,4100.0
2023-05-31,13.47924382288285,13.74783342409676,13.180810194771789,13.618512153625488,26500.0
2023-06-01,13.777677216280598,13.777677216280598,13.42950449796669,13.628459930419922,7000.0
2023-06-02,13.44940030777917,13.857259175180861,13.429504290494052,13.67819881439209,50000.0
2023-06-05,13.50908686115543,13.83736356649897,13.379765591066406,13.53892993927002,7000.0
2023-06-06,13.429504248420228,13.67819877153912,13.429504248420228,13.598616600036621,13600.0
2023-06-07,13.43945229913661,13.817468089304947,13.429504290494052,13.67819881439209,20700.0
2023-06-08,13.807519868895527,13.807519868895527,13.429504084524845,13.727937698364258,8800.0
2023-06-09,13.727937698364258,13.727937698364258,13.727937698364258,13.727937698364258,600.0
2023-06-12,13.48919185161004,13.757781453217428,13.33002655400844,13.658303260803223,20200.0
2023-06-13,13.698094435340334,13.827414749174594,13.379764808849169,13.81746768951416,10800.0
2023-06-14,13.698094435340334,13.827414749174594,13.39966082555862,13.81746768951416,8400.0
2023-06-15,13.877153835396928,15.249947680759053,13.54887714940754,14.225326538085938,29500.0
2023-06-16,14.42428207397461,14.42428207397461,14.42428207397461,14.42428207397461,1100.0
2023-06-20,14.374543190002441,14.374543190002441,14.374543190002441,14.374543190002441,1100.0
2023-06-21,14.613290028652377,14.613290028652377,14.255170250332913,14.523760795593262,5400.0
2023-06-22,14.275065841690536,14.523760361938146,14.17558765411377,14.17558765411377,60400.0
2023-06-23,14.17558765411377,14.17558765411377,14.145744577318462,14.17558765411377,20300.0
2023-06-26,14.17558765411377,14.17558765411377,14.17558765411377,14.17558765411377,100.0
2023-06-27,14.17558765411377,14.17558765411377,14.17558765411377,14.17558765411377,600.0
2023-06-28,13.92689334072722,14.175587864668778,13.777677005840014,14.125848770141602,66100.0
2023-06-29,14.434230286901634,14.434230286901634,13.82741504595911,13.92689323425293,16400.0
2023-06-30,13.926893079973862,14.215378684396976,13.598616390412879,13.648355484008789,50200.0
2023-07-03,13.767728938624792,14.54365558438708,13.767728938624792,14.45412540435791,400.0
2023-07-05,14.056214462799323,14.324804052579353,13.976632291850107,14.294960975646973,8800.0
2023-07-06,14.066162826070665,14.076109886169434,13.97663264432139,14.076109886169434,8000.0
2023-07-07,13.966684109806447,14.066162296604354,13.538929234747469,13.976632118225098,7900.0
2023-07-10,14.0363187789917,14.0363187789917,14.0363187789917,14.0363187789917,800.0
2023-07-11,14.076110123315669,14.454125925573232,13.926893783682525,14.066163063049316,4100.0
2023-07-12,14.404386267024936,14.404386267024936,14.205430839051116,14.374543190002441,700.0
2023-07-13,14.424282855497744,14.901775901547827,14.424282855497744,14.553604125976562,1600.0
2023-07-14,14.861984300674221,14.941567420959473,14.861984300674221,14.941567420959473,200.0
2023-07-17,14.633185747514357,14.901775338597323,14.434230319176176,14.861984252929688,4200.0
2023-07-18,14.444178102637645,14.871932029724121,14.424282085766771,14.871932029724121,1200.0
2023-07-19,14.802298545837402,14.802298545837402,14.802298545837402,14.802298545837402,400.0
2023-07-20,14.762507458967987,14.802298545837402,14.762507458967987,14.802298545837402,700.0
2023-07-21,14.772455215454102,14.772455215454102,14.772455215454102,14.772455215454102,2900.0
2023-07-24,14.772455194409218,14.772455194409218,14.732664108276367,14.732664108276367,1500.0
2023-07-25,14.732664108276367,14.732664108276367,14.732664108276367,14.732664108276367,400.0
2023-07-26,14.7724547166872,15.160417556762695,14.324803826301173,15.160417556762695,6300.0
2023-07-27,14.921671488229473,15.120626918333667,14.891828410887424,15.10073184967041,5300.0
2023-07-28,14.573498545582497,15.110678672790527,14.573498545582497,15.110678672790527,2800.0
2023-07-31,14.722715916144805,15.369321294921395,14.722715916144805,15.269844055175781,19000.0
2023-08-01,15.021149822278401,15.419060686318566,15.021149822278401,15.37926959991455,4100.0
2023-08-02,15.170365675432132,15.538433450107497,15.170365675432132,15.359373092651367,5000.0
2023-08-03,15.021149595846577,15.419060453888553,14.941567424238182,15.389217376708984,3100.0
2023-08-04,15.319581985473633,15.319581985473633,15.319581985473633,15.319581985473633,900.0
2023-08-07,15.200208730239407,15.409112164072878,14.971410228214047,15.319581985473633,23900.0
2023-08-08,15.319581985473633,15.319581985473633,15.319581985473633,15.319581985473633,400.0
2023-08-09,15.409112930297852,15.409112930297852,15.409112930297852,15.409112930297852,100.0
2023-08-10,15.389217417144456,15.389217417144456,15.021149635314941,15.021149635314941,2700.0
2023-08-11,15.150470380630335,15.359373824721297,14.911723858439048,14.921671867370605,16200.0
2023-08-14,14.861984292105065,15.19026193559628,13.349922084054862,14.493916511535645,20700.0
2023-08-15,14.493916452296773,14.871932239937895,14.493916452296773,14.822193145751953,4300.0
2023-08-16,14.70281982421875,14.70281982421875,14.70281982421875,14.70281982421875,1200.0
2023-08-17,14.672976579727546,14.792349834668453,13.926893024826144,13.976632118225098,54600.0
2023-08-18,14.275065720348026,14.384490966796875,14.046266270344052,14.384490966796875,1500.0
2023-08-21,14.205431155059404,14.663029123925886,14.205431155059404,14.523760795593262,1700.0
2023-08-22,14.563551323435263,14.573498383152941,14.384490966796875,14.384490966796875,8600.0
2023-08-23,14.474021268149762,14.474021268149762,13.727937707406932,14.17558765411377,10600.0
2023-08-24,14.195484222398674,14.424282734538762,14.175588204632922,14.314857482910156,2200.0
2023-08-25,14.195483583917529,14.871932029724121,14.056214311904315,14.871932029724121,12400.0
2023-08-28,14.394439697265625,14.394439697265625,14.394439697265625,14.394439697265625,700.0
2023-08-29,14.175587762028622,14.414334275597206,13.92689323988777,14.374543190002441,2100.0
2023-08-30,14.165639645617231,14.404386157368304,14.165639645617231,14.17558765411377,2200.0
2023-08-31,14.056215034016725,14.742611523521123,14.026371955871582,14.026371955871582,62100.0
2023-09-01,14.255169629640863,14.772454680051034,14.215378544893486,14.67297649383545,6200.0
2023-09-05,14.404385899143692,14.802297693623165,13.926892884201472,14.145744323730469,41100.0
2023-09-06,13.936841703358496,14.364595650290518,13.926893694461524,14.35464859008789,22500.0
2023-09-07,14.215379076993564,14.364595413208008,14.145744913252733,14.364595413208008,19500.0
2023-09-08,14.195483583917529,14.871932029724121,14.175587567046655,14.871932029724121,15400.0
2023-09-11,14.50386491996962,14.971410902206,14.215379302992778,14.802298545837402,29100.0
2023-09-12,14.7426112546349,14.891828540027786,14.444178581237793,14.444178581237793,23200.0
2023-09-13,14.25517041859479,14.58344712310272,14.175588244695557,14.394439697265625,21500.0
2023-09-14,14.523760118559705,14.772454634639876,14.45412500894514,14.59339427947998,66600.0
2023-09-15,14.822192936241239,15.150469625056248,14.424282085766771,14.871932029724121,704400.0
2023-09-18,14.722716331481934,15.339478650603526,14.533707957852888,14.722716331481934,27900.0
2023-09-19,14.722715841283295,14.772454935250346,14.414334217643017,14.70281982421875,13000.0
2023-09-20,14.58344636032675,14.921671056055086,14.58344636032675,14.752558708190918,18500.0
2023-09-21,14.543655669834516,14.72271603094488,14.205430964934637,14.613289833068848,83300.0
2023-09-22,14.483969729698012,14.812246430797652,14.384491539009614,14.563551902770996,45900.0
2023-09-25,14.434230292741745,14.633185720715565,14.344700112979947,14.374543190002441,14400.0
2023-09-26,14.304909027385184,14.513812463931274,14.235274864767925,14.374543190002441,7300.0
2023-09-27,14.464073023401573,14.464073023401573,14.155691405906051,14.185535430908203,13700.0
2023-09-28,14.374543751276308,14.424282847385472,14.006475957979449,14.066163063049316,4200.0
2023-09-29,14.215378605465851,14.613289454635119,13.936841011047363,13.936841011047363,12500.0
2023-10-02,14.4143343581749,14.4143343581749,14.016423499947685,14.086057662963867,18600.0
2023-10-03,13.936841368574349,14.245222047417961,13.717989921569824,13.717989921569824,8800.0
2023-10-04,13.837363608207083,14.623238291351946,13.837363608207083,14.553604125976562,5300.0
2023-10-05,14.633185618365971,14.643133626868659,14.374543089461884,14.623237609863281,16700.0
2023-10-06,14.474021527571107,14.653080940246582,14.37454333821137,14.653080940246582,14600.0
2023-10-09,14.483969166074294,14.832140922546387,14.483969166074294,14.832140922546387,6700.0
2023-10-10,15.61801556258162,15.61801556258162,14.732663684423345,14.832140922546387,5800.0
2023-10-11,14.722715753240688,14.822192991885604,14.523760327256552,14.543655395507812,5500.0
2023-10-12,14.424282605046244,14.653081115132316,14.364595500979165,14.523760795593262,10900.0
2023-10-13,14.434230082401912,14.513812252431746,14.394438997386997,14.42428207397461,6200.0
2023-10-16,14.294960854189757,14.772454824522336,14.294960854189757,14.503864288330078,32300.0
2023-10-17,14.573498559382136,14.762506926718075,14.374543132208236,14.70281982421875,16400.0
2023-10-18,14.772455280930076,14.772455280930076,14.33475238221081,14.444178581237793,17500.0
2023-10-19,14.32480420190871,14.623237820426459,14.22532696153234,14.573498725891113,6500.0
2023-10-20,14.464073391421685,14.762507008176424,14.294961040217144,14.414334297180176,27800.0
2023-10-23,14.175587667337455,14.474021281651842,13.737885728718846,13.767728805541992,16300.0
2023-10-24,13.926893068606192,13.926893068606192,13.051488247593344,13.200705528259277,22600.0
2023-10-25,13.369817124318393,13.708041827016695,13.150966627379516,13.558825492858887,4700.0
2023-10-26,13.827414749174594,13.827414749174594,13.79757167280471,13.81746768951416,1800.0
2023-10-27,13.459347174006524,13.817467890429619,12.932115056565564,13.32007884979248,10000.0
2023-10-30,13.528982350868624,13.528982350868624,13.190757649792763,13.439452171325684,2700.0
2023-10-31,13.439452615123468,13.439452615123468,13.081331885125834,13.379765510559082,3300.0
2023-11-01,13.290235034439338,13.379765214960761,13.190757793955562,13.270339965820312,4500.0
2023-11-02,13.210653047920967,13.71799011219746,13.210653047920967,13.628459930419922,17600.0
2023-11-03,13.827415378784435,14.265118279379548,13.827415378784435,14.115900993347168,4900.0
2023-11-06,14.483969708437716,14.483969708437716,13.97663264432139,14.076109886169434,11300.0
2023-11-07,13.966684232186815,14.394439110993913,13.767728805541992,13.767728805541992,7900.0
2023-11-08,13.936840936801497,14.374542868555919,13.8572587673916,14.225326538085938,15200.0
2023-11-09,14.10595323915195,14.39443883951978,13.787623613829513,14.145744323730469,9500.0
2023-11-10,14.175587992374423,14.175587992374423,13.916945457458496,13.916945457458496,7400.0
2023-11-13,14.324804090039573,14.324804090039573,13.90699721711644,13.92689323425293,2300.0
2023-11-14,14.05621495551512,14.931619815336585,13.926893686015935,14.802298545837402,13400.0
2023-11-15,14.802297823774325,14.802297823774325,14.424282042607501,14.792349815368652,6100.0
2023-11-16,14.722716372098573,14.842089632706816,14.553604015729974,14.802298545837402,5400.0
2023-11-17,14.901775106336132,14.921671123207005,14.623237511004005,14.871932029724121,16000.0
2023-11-20,14.921671056055086,14.921671056055086,14.6630285300635,14.752558708190918,2400.0
2023-11-21,14.871931962796044,14.871931962796044,14.593394368717417,14.752558708190918,1400.0
2023-11-22,14.871932710685291,14.871932710685291,14.523760937751499,14.802298545837402,19400.0
2023-11-24,14.742610995926778,14.871932261520175,14.742610995926778,14.861984252929688,3500.0
2023-11-27,14.871932669657,14.871932669657,14.623238140235664,14.722716331481934,9900.0
2023-11-28,14.852037387833175,14.87193245658078,14.523760689595914,14.772455215454102,5600.0
2023-11-29,14.871931962796044,14.871931962796044,14.623237445195125,14.752558708190918,10000.0
2023-11-30,14.852037254056718,15.160417932074376,14.533707618713379,14.533707618713379,26000.0
2023-12-01,14.523760545759918,14.941567420959473,14.424282356924094,14.941567420959473,20000.0
2023-12-04,14.991305373153274,15.279790978619786,14.87193211730792,15.031096458435059,31500.0
2023-12-05,15.100731912643287,15.458851688324264,15.060940826456513,15.220105171203613,22100.0
2023-12-06,15.170365766491871,15.906501320261237,15.170365766491871,15.518538475036621,30200.0
2023-12-07,15.598120645784968,15.60806770560778,15.518538475036621,15.518538475036621,20200.0
2023-12-08,15.568276810047177,15.618015904544906,15.34942631216808,15.429008483886719,25500.0
2023-12-11,15.568277147405402,15.618016242980957,15.438956827081034,15.618016242980957,21000.0
2023-12-12,15.65780677744329,15.747336956582643,15.478747367858887,15.478747367858887,21400.0
2023-12-13,15.637911450849543,16.712270736694336,15.608067425833136,16.712270736694336,189800.0
2023-12-14,15.956241033629055,16.911227062905432,15.936345017005321,16.632688522338867,181500.0
2023-12-15,16.622741030109054,16.911227587944055,16.523264738679114,16.6923770904541,330300.0
2023-12-18,16.612795206617097,16.92117588964618,16.602847197824072,16.801801681518555,166900.0
2023-12-19,16.84159355264403,17.000757897004735,16.71227133698305,16.931123733520508,165700.0
2023-12-20,16.90127995456864,17.010706154437436,16.762011625563755,16.960966110229492,15600.0
2023-12-21,16.951020255706325,16.99081039428711,16.871436183767347,16.99081039428711,12400.0
2023-12-22,16.911227758056736,17.06044409409127,16.861489611841442,17.010705947875977,12400.0
2023-12-26,17.06044455984501,17.06044455984501,16.99081039428711,16.99081039428711,3000.0
2023-12-27,17.040547139531363,17.050495147705078,16.98086098787763,17.050495147705078,15700.0
2023-12-28,17.050496550852635,17.06044455984501,16.980862385294735,16.99081039428711,9400.0
2023-12-29,17.90600476210526,17.90600476210526,17.2593994140625,17.2593994140625,13900.0
2024-01-02,17.159921860809245,17.239504031224698,16.951019374989404,17.110183715820312,26400.0
2024-01-03,17.07039146834733,17.19971367952235,16.911227129507754,17.159921646118164,5300.0
2024-01-04,17.199714361040254,17.199714361040254,17.050496127250547,17.090288162231445,19900.0
2024-01-05,17.120130935982328,17.120130935982328,16.831646261058438,16.941072463989258,36800.0
2024-01-08,16.92117644574934,17.140026954222247,16.92117644574934,16.941072463989258,3300.0
2024-01-09,17.010706707603173,17.100236892700195,16.41383943941927,17.100236892700195,11000.0
2024-01-10,16.92117622872921,17.08034057782975,16.92117622872921,16.99081039428711,5500.0
2024-01-11,16.931123981093403,17.04054828357352,16.821697781224607,16.960966110229492,9100.0
2024-01-12,16.951020215807468,17.040548501750678,16.82169799659973,16.91122817993164,21700.0
2024-01-16,16.742116037857592,16.990810573118335,16.702325898858014,16.86149024963379,23100.0
2024-01-17,16.722219175867522,16.851541390215253,16.612794876098633,16.612794876098633,19500.0
2024-01-18,16.51331608063784,16.692376433991623,16.39394187927246,16.39394187927246,11500.0
2024-01-19,16.354152344791803,16.612794876098633,16.354152344791803,16.612794876098633,6600.0
2024-01-22,16.781907477828398,16.781907477828398,16.553107071504492,16.642637252807617,12500.0
2024-01-23,16.682429665811735,16.91122817993164,16.652585638904867,16.91122817993164,6000.0
2024-01-24,16.732166968273877,17.06044365811629,16.662532806396484,16.662532806396484,26200.0
2024-01-25,16.76201121024794,16.76201121024794,16.612794876098633,16.612794876098633,5100.0
2024-01-26,16.433734934755016,16.891331957453705,16.433734934755016,16.513317108154297,20700.0
2024-01-29,16.622740264566485,16.64263628089164,16.364099641893702,16.602846145629883,13300.0
2024-01-30,17.408616805632004,17.408616805632004,16.51331689224866,16.56305503845215,88300.0
2024-01-31,16.423785653642195,16.43373366172007,16.29446344601835,16.364099502563477,22500.0
2024-02-01,16.413838638779364,16.413838638779364,15.876658503094356,15.996031761169434,54200.0
2024-02-02,16.135299827158853,16.135299827158853,15.826919152622004,15.966187477111816,54700.0
2024-02-05,15.976135236469954,15.976135236469954,15.687650583470411,15.936345100402832,24200.0
2024-02-06,15.976135335326612,16.075613522192846,15.389217068637588,15.687650680541992,81500.0
2024-02-07,15.866710557873983,15.906501644058153,15.438956618567723,15.667755126953125,74000.0
2024-02-08,15.737388730360385,15.737388730360385,15.150469518517077,15.528485298156738,46400.0
2024-02-09,15.598120835962407,15.598120835962407,15.379269389388988,15.429008483886719,28300.0
2024-02-12,15.468799802337902,15.508590888795528,15.299687447719407,15.419060707092285,44600.0
2024-02-13,15.528486181780378,15.528486181780378,14.871932771407167,14.921671867370605,33100.0
2024-02-14,14.921671377317116,15.001253548767263,14.79235011153705,14.901775360107422,25700.0
2024-02-15,14.802298250851226,15.15047001684651,14.802298250851226,15.140522956848145,16700.0
2024-02-16,14.543656066220562,15.220105494456888,14.543656066220562,14.921671867370605,40300.0
2024-02-20,14.832141197262123,15.021149565976957,14.772455043021672,14.901775360107422,17500.0
2024-02-21,14.772455319000525,15.07088799316673,14.772455319000525,14.971410751342773,12300.0
2024-02-22,14.901775829334706,15.309635656727295,14.762507499258826,14.881880760192871,25600.0
2024-02-23,15.080836235804721,15.140523340780087,14.891828809322373,14.96146297454834,17100.0
2024-02-26,15.080835789830905,15.200209047557154,14.971410540755425,15.021149635314941,29200.0
2024-02-27,15.080836104892756,15.309635565168778,15.021149949129855,15.170366287231445,26900.0
2024-02-28,15.02114942045903,15.259895932496603,15.02114942045903,15.070887565612793,31600.0
2024-02-29,15.150469548377608,15.419060082609223,15.150469548377608,15.160417556762695,25000.0
2024-03-01,15.249948419405044,15.249948419405044,14.931619726346907,15.090784072875977,34600.0
2024-03-04,15.230053179923889,15.240000239949836,15.120626981389512,15.220105171203613,13200.0
2024-03-05,15.220105355779292,15.578225135803223,15.120627164758808,15.578225135803223,48600.0
2024-03-06,15.946293894301887,15.966188014621164,15.498642982816229,15.618016242980957,18100.0
2024-03-07,15.91644986773995,15.936345885447908,15.608068234126979,15.618016242980957,16900.0
2024-03-08,15.61801628368586,15.936345926982465,15.61801628368586,15.697598457336426,13600.0
2024-03-11,15.757284842131776,15.79707592713941,15.618015570257908,15.687650680541992,19500.0
2024-03-12,15.69759841642411,15.717494434132067,15.618016242980957,15.618016242980957,9900.0
2024-03-13,15.707545776505597,15.757284870026766,15.25989583220367,15.319581985473633,141800.0
2024-03-14,15.42900887555144,15.43895688444238,14.802298545837402,14.802298545837402,84200.0
2024-03-15,14.921671312352798,15.0708876459986,14.38449118305587,14.782402038574219,150600.0
2024-03-18,15.041045076175125,15.041045076175125,14.165640215822794,14.35464859008789,128000.0
2024-03-19,14.623237600820605,14.712767779900835,13.996527295953312,14.17558765411377,176000.0
2024-03-20,14.513812868637311,14.852037579971087,14.513812868637311,14.6829252243042,39000.0
2024-03-21,14.881880465301746,14.891828474022713,14.653081008191162,14.772455215454102,26200.0
2024-03-22,15.031096493940524,15.031096493940524,14.573498537771943,14.663028717041016,54800.0
2024-03-25,14.802297779004846,14.802297779004846,14.672976516205145,14.712767601013184,36300.0
2024-03-26,14.623237400727657,14.702819570222406,14.56355124795374,14.67297649383545,36000.0
2024-03-27,14.702819614931874,14.842088886318336,14.682924546844836,14.752558708190918,64700.0
2024-03-28,14.722715676002752,15.160417610871592,14.623237489185412,14.832140922546387,75600.0
2024-04-01,14.822193249873516,15.07088777385592,14.573498725891113,14.573498725891113,41500.0
2024-04-02,14.653080854625738,15.16041790974615,14.424282348607308,14.493916511535645,30200.0
2024-04-03,14.533708047609638,14.643134248395194,14.334752612582735,14.43423080444336,30300.0
2024-04-04,14.553604065459501,14.563552074384432,14.3546486304326,14.43423080444336,19700.0
2024-04-05,14.434230572472735,14.513812745204541,14.374543468576714,14.444178581237793,16400.0
2024-04-08,14.523760537385776,14.55360361454159,14.344700177062263,14.493916511535645,39800.0
2024-04-09,14.434230824560256,14.812246625985383,14.33475263256099,14.474021911621094,56600.0
2024-04-10,14.47402137833651,14.563551558098306,14.24522192464588,14.374543190002441,24700.0
2024-04-11,14.553603247002584,14.553603247002584,14.076109281096695,14.265117645263672,48600.0
2024-04-12,14.314857224963392,14.474021569443972,14.145744871779195,14.285013198852539,25500.0
2024-04-15,14.464073281922001,14.464073281922001,14.006475326014113,14.215378761291504,36900.0
2024-04-16,14.056214858385932,14.324804455724925,14.036318840741535,14.155692100524902,24200.0
2024-04-17,14.096005903755643,14.28501332735296,14.03631879969135,14.076109886169434,16400.0
2024-04-18,14.225327411643164,14.304909585940088,13.97663287979169,14.066163063049316,23600.0
2024-04-19,14.155691782815019,14.245221962816716,13.936841285804553,14.006475448608398,36000.0
2024-04-22,13.946789272957721,14.165639769631664,13.867206152983005,13.966684341430664,40400.0
2024-04-23,13.926893002644556,14.12584842722919,13.88710191772763,13.936841011047363,30400.0
2024-04-24,13.807519769885237,14.056214288185704,13.807519769885237,13.976632118225098,18700.0
2024-04-25,13.926893763795304,14.086058112161869,13.926893763795304,14.026371955871582,11500.0
2024-04-26,14.026371975900854,14.31485759490079,13.986580888752393,14.066163063049316,12700.0
2024-04-29,14.175588013639107,14.175588013639107,13.787624210683235,13.95673656463623,25900.0
2024-04-30,14.066162742384298,14.066162742384298,13.727938034985675,13.916945457458496,30600.0
2024-05-01,14.066162699819163,14.066162699819163,13.837363243103027,13.837363243103027,19100.0
2024-05-02,13.837363475179256,13.976632753285484,13.797572388390954,13.827415466308594,23500.0
2024-05-03,13.92689356947269,14.245222261764162,13.92689356947269,14.115900993347168,21600.0
2024-05-06,14.235275333498075,14.344700585313184,13.887102611558745,13.906997680664062,76200.0
2024-05-07,14.02637163498144,14.135796884806476,13.857259281537267,13.877154350280762,21800.0
2024-05-08,13.837363264099446,14.006475617543618,13.78762416919922,13.877154350280762,45100.0
2024-05-09,14.016423413978503,14.016423413978503,13.82741504595911,13.92689323425293,16500.0
2024-05-10,14.046266234895509,14.046266234895509,13.847310810629569,13.897049903869629,26900.0
2024-05-13,14.056214691115347,14.056214691115347,13.757781070861151,13.837363243103027,48300.0
2024-05-14,13.906996895959935,13.936840920975476,13.747832557320885,13.777676582336426,29100.0
2024-05-15,13.807519977516936,13.986580336968082,13.807519977516936,13.92689323425293,23000.0
2024-05-16,14.026371422546747,14.026371422546747,13.82741504595911,13.92689323425293,16000.0
2024-05-17,14.00647572200637,14.424282604373422,13.936841557843305,14.076109886169434,34500.0
2024-05-20,14.056214146255229,14.235274501205707,14.036318129618826,14.145744323730469,16100.0
2024-05-21,14.384490831201578,14.384490831201578,14.036318129618826,14.145744323730469,28700.0
2024-05-22,14.205430708915378,14.225326725877649,14.026371299726456,14.135796546936035,122900.0
2024-05-23,14.275066032142535,14.275066032142535,13.936841328302242,14.086057662963867,25200.0
2024-05-24,14.086057641548358,14.10595365877663,13.926893298499456,14.046266555786133,16300.0
2024-05-28,14.215378841871825,14.4740213724803,13.87715414010602,13.92689323425293,92300.0
2024-05-29,13.827415466308594,14.016423840073786,13.638408041237746,13.827415466308594,40800.0
2024-05-30,14.115900609541974,14.165639703533715,13.797571925905718,13.847311019897461,23900.0
2024-05-31,13.986580293335477,13.986580293335477,13.717989754996655,13.847311019897461,34600.0
2024-06-03,13.837362967694103,13.92689314685785,13.548877361885534,13.767728805541992,52000.0
2024-06-04,13.727937654284524,14.185535607717151,13.588668381954836,13.648355484008789,35100.0
2024-06-05,13.558825166528871,13.69809443743343,13.369816802537377,13.409607887268066,27700.0
2024-06-06,13.330025887641089,13.52898226252368,13.190757563656442,13.280287742614746,154900.0
2024-06-07,13.330025887641089,13.439452083565374,13.210652631928118,13.280287742614746,26300.0
2024-06-10,13.320078952161506,13.320078952161506,12.981854250137799,13.07138442993164,38000.0
2024-06-11,12.971906661987305,13.51903481836454,12.832637383494848,12.971906661987305,101300.0
2024-06-12,13.101227506964817,13.379765106227858,13.031593344322635,13.07138442993164,26300.0
2024-06-13,13.170862096480569,13.170862096480569,12.832637383494848,12.971906661987305,43100.0
2024-06-14,12.852533480687024,13.131071090698242,12.723212210293942,13.131071090698242,42500.0
2024-06-17,13.270339592119717,13.528982117743787,13.131070320931148,13.449399948120117,19300.0
2024-06-18,13.528982117743787,13.73788555017949,13.320078685308083,13.449399948120117,34800.0
2024-06-20,13.618512031427942,13.906997647984733,13.21065315443672,13.379765510559082,42600.0
2024-06-21,13.330025989980353,13.509086349271671,12.703316629849363,13.031593322753906,113600.0
2024-06-24,13.250443724688148,13.250443724688148,12.753054684587912,12.872427940368652,208000.0
2024-06-25,12.961958074963341,12.991802100326995,12.733159572674483,12.792845726013184,53100.0
2024-06-26,12.733159572674483,13.001749160087243,12.23577053427856,12.792845726013184,111100.0
2024-06-27,13.08133127527308,13.121122360229492,12.713263502252685,13.121122360229492,74900.0
2024-06-28,13.280287807848607,13.906997166246578,13.031593286718067,13.39966106414795,1505400.0
2024-07-01,13.3300260174411,13.598616556931391,13.081331495110524,13.519034385681152,83800.0
2024-07-02,13.419556717782898,13.727938354859676,13.419556717782898,13.618512153625488,39200.0
2024-07-03,13.568773986191045,13.648356160410811,13.48919181197128,13.578721046447754,19500.0
2024-07-05,13.44940004734153,13.648355472868472,13.190757519809354,13.200705528259277,60600.0
2024-07-08,13.28028805851419,13.509086566899594,13.220600954890768,13.42950439453125,34000.0
2024-07-09,13.399660854931751,13.578720262237859,13.399660854931751,13.449399948120117,32600.0
2024-07-10,13.419556218602434,13.658302732732654,13.419556218602434,13.558825492858887,35200.0
2024-07-11,13.668250910655273,14.265118152069332,13.628459824473957,13.877154350280762,209300.0
2024-07-12,13.996527331157813,14.006475339679373,13.717989733414308,13.807519912719727,63300.0
2024-07-15,13.906997116873084,14.314856926982381,13.897050057070851,14.17558765411377,132600.0
2024-07-16,14.344699991144733,14.762506860688312,14.344699991144733,14.583446502685547,128900.0
2024-07-17,14.483969750170527,14.901775685047074,14.424282645934255,14.60334300994873,145100.0
2024-07-18,14.722715966248392,15.28973917568043,14.464073434379833,14.493916511535645,45200.0
2024-07-19,14.613289833068848,14.921671460681774,14.424282411992381,14.613289833068848,78200.0
2024-07-22,14.69287321261089,14.742611359400975,14.424282666211598,14.643134117126465,75500.0
2024-07-23,14.61328939236724,14.901774993959283,14.573498307619863,14.67297649383545,131800.0
2024-07-24,14.672977194939383,14.852037559205579,14.553603934993367,14.643134117126465,79700.0
2024-07-25,14.682925177678621,15.210157312010043,14.623238073464528,15.050992965698242,53900.0
2024-07-26,15.160418067576286,15.30963535229744,14.951514627922133,15.220105171203613,39300.0
2024-07-29,14.871932811351531,15.23005354429468,14.672977375657753,15.001254081726074,71600.0
2024-07-30,14.921671018276761,15.528485298156738,14.921671018276761,15.528485298156738,61400.0
2024-07-31,15.419060621736465,15.916449674050545,15.419060621736465,15.70754623413086,289300.0
2024-08-01,15.71749420074309,15.737389269461286,15.160418046218702,15.62796401977539,147000.0
2024-08-02,15.140522998830063,15.807024403979293,14.155691955492301,15.220105171203613,120500.0
2024-08-05,12.404882954683655,14.722715811064354,12.404882954683655,14.215378761291504,273000.0
2024-08-06,13.936841045368306,14.672976592491413,13.936841045368306,14.42428207397461,104400.0
2024-08-07,14.672976592491413,14.672976592491413,14.275065742342246,14.42428207397461,109200.0
2024-08-08,14.434230357224019,14.573498683080691,14.374543254218075,14.493916511535645,87100.0
2024-08-09,14.42428247462021,14.563551750387878,14.215379035315868,14.285013198852539,102500.0
2024-08-12,14.185535551545263,14.374542968028125,13.956736101387797,13.976632118225098,89400.0
2024-08-13,14.066162784465396,14.195484052310244,13.658302963403491,13.996527671813965,66400.0
2024-08-14,14.12584874878659,14.195483860497092,13.807520062204818,14.086057662963867,50900.0
2024-08-15,14.314856805301634,14.593394399976896,14.135796448663246,14.384490966796875,81400.0
2024-08-16,14.344700323466755,14.563551771796428,14.245222133672996,14.324804306030273,64900.0
2024-08-19,14.294960997289854,14.424282262451705,14.225326834777439,14.334752082824707,80100.0
2024-08-20,14.384491133238406,14.384491133238406,14.105953535340213,14.255169868469238,75100.0
2024-08-21,14.35464809993929,14.384491176916852,14.185535749242586,14.334752082824707,56500.0
2024-08-22,14.275066355278135,14.394439615448475,14.1656401552679,14.235275268554688,49900.0
2024-08-23,14.364595661234466,15.021150018519682,14.235275340252679,14.842089653015137,114800.0
2024-08-26,14.871932282987196,15.210156985997475,14.752559025811976,14.901775360107422,47700.0
2024-08-27,14.89182851611157,14.951514671217403,14.75255923970741,14.85203742980957,56100.0
2024-08-28,14.861984447859813,14.991305715149391,14.732664129264565,14.772455215454102,64800.0
2024-08-29,14.881880507362487,14.98135869746465,14.782402317260326,14.85203742980957,36700.0
2024-08-30,14.812246128746745,14.921671377317116,14.812246128746745,14.901775360107422,52700.0
2024-09-03,14.921671785918369,14.921671785918369,14.752559429782414,14.762507438659668,37000.0
2024-09-04,14.82219359453451,14.82219359453451,14.643134178215641,14.762507438659668,54500.0
2024-09-05,14.682924755848514,14.852037106119907,14.573498559382136,14.70281982421875,68800.0
2024-09-06,14.792349702605259,14.812245719264931,14.573498262820307,14.59339427947998,46500.0
2024-09-09,14.563551579904702,14.663028819693405,14.265117963149963,14.414334297180176,127900.0
2024-09-10,14.334752592494025,14.464073862253867,14.175588244695557,14.394439697265625,73200.0
2024-09-11,14.25517033756924,14.374543597739581,14.056214903952005,14.235275268554688,58500.0
2024-09-12,14.275065631140695,14.921670994769665,14.066162199266149,14.225326538085938,47400.0
2024-09-13,14.314857035957454,14.45412536119197,14.215378847623386,14.374543190002441,41600.0
2024-09-16,14.44417862263338,14.682925141513023,14.344700432086363,14.523760795593262,28800.0
2024-09-17,14.613289768853216,14.772455060637625,14.44417836584073,14.493916511535645,69700.0
2024-09-18,14.464073434379833,14.832141214949253,14.404386331373889,14.493916511535645,82100.0
2024-09-19,14.66302905835433,14.89182851611157,14.653081049605246,14.85203742980957,66400.0
2024-09-20,14.712767832751021,14.871932174490142,14.63318566188146,14.70281982421875,258300.0
2024-09-23,14.702819780496183,14.742610865812635,14.474021277100166,14.623237609863281,67700.0
2024-09-24,14.583446992305195,14.752559347497902,14.493916810297957,14.60334300994873,43800.0
2024-09-25,14.54365590571246,14.653081156668897,14.384491559341521,14.60334300994873,56700.0
2024-09-26,14.66302892767665,14.861984357413544,14.543655669834516,14.613289833068848,45700.0
2024-09-27,14.672976936337077,14.752559108231834,14.533707661174091,14.613289833068848,39200.0
2024-09-30,14.682924524580729,14.74261067744564,14.593394346589069,14.712767601013184,32200.0
2024-10-01,14.762507529985749,14.832141695168627,14.474021911621094,14.474021911621094,66900.0
2024-10-02,14.513812207583548,14.653080530358261,14.34469985961914,14.34469985961914,72900.0
2024-10-03,14.294961336146065,14.374543509102233,14.056214817277558,14.076109886169434,71500.0
2024-10-04,14.245221984597261,14.38449125911221,14.02637148725218,14.046266555786133,56800.0
2024-10-07,14.016423135848227,14.215378559793644,13.598616271215707,13.857258796691895,50400.0
2024-10-08,13.93684162515768,13.93684162515768,13.64835600962461,13.747833251953125,60800.0
2024-10-09,13.757781260794278,13.9666847029868,13.638408000783457,13.747833251953125,52900.0
2024-10-10,13.727938182965158,13.827415425293673,13.578720896430877,13.747833251953125,55800.0
2024-10-11,13.678199168134014,14.006475872273684,13.678199168134014,13.906997680664062,31600.0
2024-10-14,14.076109567999342,14.076109567999342,13.837363054527355,13.92689323425293,34200.0
2024-10-15,13.956736438946615,14.374543315692057,13.926893361663176,14.165639877319336,39900.0
2024-10-16,14.285013219851635,14.434230504542272,14.235275073649083,14.324804306030273,51700.0
2024-10-17,14.265118407403827,14.464073841871553,14.225327320510283,14.35464859008789,57500.0
2024-10-18,14.38449089956657,14.38449089956657,14.25516963689819,14.265117645263672,40100.0
2024-10-21,14.364595307032802,14.364595307032802,14.165639877319336,14.165639877319336,38300.0
2024-10-22,14.185535453380991,14.255169614441076,14.036318174216719,14.225326538085938,28000.0
2024-10-23,14.18553595789934,14.304909216259775,14.066162699538905,14.285013198852539,49600.0
2024-10-24,14.17558748957043,14.354647845652442,14.155691472808298,14.304908752441406,42200.0
2024-10-25,14.354647899885125,14.354647899885125,13.926893024826144,13.976632118225098,61700.0
2024-10-28,14.11590103935039,14.195484161376953,13.926893614859942,14.195484161376953,48900.0
2024-10-29,14.09600531991049,14.444178023693448,14.09600531991049,14.304908752441406,96400.0
2024-10-30,14.275066456421838,14.54365605653457,14.275066456421838,14.43423080444336,110400.0
2024-10-31,14.38449103292051,14.543655373466601,13.608564398411156,14.503864288330078,185100.0
2024-11-01,14.63318557437425,14.722715753240688,14.444178156862897,14.543655395507812,150000.0
2024-11-04,14.434230104519004,14.573498427937459,14.424282096076457,14.464073181152344,134300.0
2024-11-05,14.523760648316133,15.170366034231893,14.483969562239691,15.140522956848145,94800.0
2024-11-06,15.916449043475971,17.1002354723533,15.916449043475971,16.712270736694336,222800.0
2024-11-07,16.722219852038293,16.851542071615228,16.493421337265204,16.54315948486328,104800.0
2024-11-08,16.632689038729776,16.771959262031235,16.47352469557551,16.6923770904541,84200.0
2024-11-11,16.771959302211705,17.32903450458621,16.771959302211705,17.219608306884766,98000.0
2024-11-12,17.110183334370053,17.358877848547593,17.050495284847678,17.289241790771484,75100.0
2024-11-13,17.408617155767164,17.46830331188953,17.17981864280751,17.19971466064453,57200.0
2024-11-14,17.319087221516682,17.319087221516682,17.020654539231945,17.229557037353516,72000.0
2024-11-15,17.329034722120504,17.378772868579002,17.080340195050685,17.169870376586914,66200.0
2024-11-18,17.20966072155499,17.42851312234111,17.12013053894043,17.12013053894043,35000.0
2024-11-19,16.990809511502825,17.259400048175713,16.92117534956288,17.110183715820312,52900.0
2024-11-20,17.050495451645236,17.179817662820255,16.97091328222545,17.159921646118164,43600.0
2024-11-21,17.299190401767774,17.57772895041141,17.13007805033925,17.508094787597656,49400.0
2024-11-22,17.597625053156342,17.816475551261796,17.55783301856155,17.667259216308594,68900.0
2024-11-25,17.806527884877585,18.393447124711678,17.667259555896166,17.85626792907715,63100.0
2024-11-26,17.736892700195312,18.0751173917436,17.707048675392144,17.736892700195312,67200.0
2024-11-27,17.69710350036621,17.906005992869797,17.62746743880968,17.69710350036621,51900.0
2024-11-29,17.746841472838632,17.84631966241192,17.637415274569147,17.82642364501953,34400.0
2024-12-02,17.806527369513905,18.2342822503065,17.707049181382597,17.796579360961914,53500.0
2024-12-03,17.85626831498828,17.985588637924668,17.667259937722434,17.677207946777344,41200.0
2024-12-04,17.657310744733792,17.766736939611985,17.577728575019268,17.68715476989746,54300.0
2024-12-05,17.65731163096022,17.746841813556184,17.478251265768293,17.567781448364258,50000.0
2024-12-06,17.597625940527056,17.63741607973965,17.508095755562795,17.54788589477539,43100.0
2024-12-09,17.567780941811066,17.667259130425837,17.458354744595955,17.508094787597656,46200.0
2024-12-10,17.40861672535185,17.906005774647618,17.40861672535185,17.746841430664062,91500.0
2024-12-11,17.786631610234757,18.015432015469912,17.76673749023102,17.82642364501953,66300.0
2024-12-12,17.82642402832408,17.866214166575773,17.647363662719727,17.647363662719727,36700.0
2024-12-13,17.607573701770118,17.687155876463564,17.46830347301506,17.518043518066406,56200.0
2024-12-16,17.478250804470843,17.925901705635965,17.37877261561319,17.587677001953125,47900.0
2024-12-17,17.508095429050222,17.62746774185054,17.32903506246104,17.35887908935547,65300.0
2024-12-18,17.498145959804106,17.50809396793872,16.453629771720657,16.523263931274414,65400.0
2024-12-19,16.632689073722336,17.080339975653388,16.29446436946079,16.324308395385742,54200.0
2024-12-20,16.175092927224203,16.990810705660504,16.04577070534211,16.652585983276367,247400.0
2024-12-23,16.582950175471193,16.722218495357883,16.41383783101369,16.68242835998535,47300.0
2024-12-24,16.851540796941165,16.861488805186042,16.73216659539122,16.84159278869629,16600.0
2024-12-26,16.76201138046368,17.040548034400583,16.72221934567918,16.931123733520508,42500.0
2024-12-27,16.811749138617838,17.080339675049434,16.48347244877542,16.662532806396484,71200.0
2024-12-30,16.563055759769234,16.811750296394568,16.513317611399664,16.5730037689209,54500.0
2024-12-31,16.6525849260844,16.891331438953625,16.443682438844565,16.453630447387695,41200.0
2025-01-02,16.57300235718705,16.57300235718705,16.06566531800109,16.185039520263672,91200.0
2025-01-03,16.28451766010403,16.294463770991737,15.9164489434361,16.105457305908203,37200.0
2025-01-06,16.0756143594323,16.22483069880874,15.886606932975857,15.896553993225098,55500.0
2025-01-07,15.906501100693365,15.956241142592372,15.478747175999144,15.568276405334473,64600.0
2025-01-08,15.488694891979655,16.69237739349844,15.45885181427002,15.45885181427002,37000.0
2025-01-10,15.239999780847745,15.419060137641239,14.623237489185412,14.832140922546387,230400.0
2025-01-13,14.742610953022384,14.921671312352798,14.712767876032085,14.782402038574219,46500.0
2025-01-14,14.871932372638458,15.130574905757744,14.871932372638458,15.060940742492676,41700.0
2025-01-15,15.359373732711267,15.707546453675267,15.160418298743702,15.21015739440918,36800.0
2025-01-16,15.240000604558608,15.349426805710948,14.991306072767797,15.001254081726074,45400.0
2025-01-17,15.130575159508243,15.299687514868962,14.971410812979174,15.090784072875977,40900.0
2025-01-21,15.438956076577583,15.568276390615559,15.120626449584961,15.120626449584961,36100.0
2025-01-22,15.021150018519682,15.369321791929876,14.792350557186726,14.842089653015137,43200.0
2025-01-23,14.772455000260324,14.98135843688583,14.732663914650434,14.822193145751953,36000.0
2025-01-24,14.732664441142758,15.090784224429687,14.7227164322112,14.921671867370605,32100.0
2025-01-27,15.00125332643341,15.63791163729297,15.00125332643341,15.359373092651367,42900.0
2025-01-28,15.24000007220134,16.04576979578792,15.24000007220134,15.34942626953125,44100.0
2025-01-29,15.429007965636863,16.413838019095994,15.399163940724074,16.185039520263672,160200.0
2025-01-30,16.145247735161277,17.199713862954923,15.816971045630055,16.214881896972656,165900.0
2025-01-31,16.175092396860187,16.970914130852982,16.065666196915423,16.513317108154297,103000.0
2025-02-03,16.155196276759128,16.47352496833843,15.816971567608947,15.866710662841797,58500.0
2025-02-04,15.81697179901779,16.035824200721965,15.767233651751583,15.856762886047363,46500.0
2025-02-05,15.90650174928921,16.10545813022061,15.61801613537188,15.866710662841797,80100.0
2025-02-06,15.896554058011736,16.13530058146479,15.777180796285208,16.015928268432617,41700.0
2025-02-07,15.936345606479057,16.105457959258995,15.777180313684632,15.996031761169434,256100.0
2025-02-10,16.71227175271241,17.20966081555967,15.85676290614509,15.896553993225098,38400.0
2025-02-11,15.737388875361535,16.28451795617264,15.737388875361535,16.214881896972656,38100.0
2025-02-12,16.115406201700115,16.125352313135576,15.966187966726723,15.986083984375,33700.0
2025-02-13,16.09550922194186,16.41383789573145,15.896552852129084,16.39394187927246,119400.0
2025-02-14,16.413838064821622,16.662532580955283,16.244725717955188,16.26462173461914,100300.0
2025-02-18,16.244725922344077,16.50336845006392,16.155195743618417,16.214881896972656,40600.0
2025-02-19,16.00597962402479,16.374046454882215,15.797076187123066,16.165143966674805,40200.0
2025-02-20,16.03582379588878,16.364100492768824,15.966187735129921,15.996031761169434,33200.0
2025-02-21,16.00597964092992,16.175091992347753,15.757285118103027,15.757285118103027,63000.0
2025-02-24,15.866710366616907,16.09550982093869,15.757285118103027,15.757285118103027,38000.0
2025-02-25,16.135300023417958,16.254674229710226,15.75728518203828,15.87665843963623,425000.0
2025-02-26,15.946293296675853,16.304412115054326,15.816971083809468,15.84681510925293,43700.0
2025-02-27,15.76723363166678,16.115406354252794,15.76723363166678,15.816971778869629,49300.0
2025-02-28,15.836867605819391,16.34420467020585,15.787128510521717,15.906501770019531,60500.0
2025-03-03,16.463576959552995,16.463576959552995,15.816971567608947,15.866710662841797,136400.0
2025-03-04,15.84681490206384,16.085561410324203,15.488694190979004,15.488694190979004,70900.0
2025-03-05,15.48869437868532,16.11540563067885,15.289738952723892,15.399164199829102,90600.0
2025-03-06,15.309635268398612,15.88660648929214,15.259896173764139,15.508590698242188,146400.0
2025-03-07,15.399164270219792,15.568276620233608,15.299687031131514,15.518538475036621,164400.0
2025-03-10,15.419060516177156,15.508590696771858,14.991305630533285,15.060940742492676,80000.0
2025-03-11,15.08083593887248,15.249948292829558,14.80229833475849,14.85203742980957,149500.0
2025-03-12,14.861984613219686,15.419060774765764,14.66302918005835,15.090784072875977,107800.0
2025-03-13,15.190262180198408,16.314360608546632,14.901775617834343,14.931619644165039,131700.0
2025-03-14,14.97141092269127,15.289739618082153,14.772455488071968,14.842089653015137,101800.0
2025-03-17,14.842089713291958,15.170366418920596,14.742611521231133,14.96146297454834,399200.0
2025-03-18,14.931619623345084,15.170366141491757,14.72271618279316,14.891828536987305,107900.0
2025-03-19,14.881880548974879,15.419060689901078,14.82219344500782,14.931619644165039,61000.0
2025-03-20,14.921671334123838,15.04104459095351,14.722715906074383,14.822193145751953,110900.0
2025-03-21,14.722715819451835,15.259895946371968,14.62323763166524,14.663028717041016,155700.0
2025-03-24,14.86198399911387,15.090783449316033,14.74261074414964,14.832140922546387,59700.0
2025-03-25,14.83214111093036,14.991305452904221,14.732663871543851,14.742610931396484,100900.0
2025-03-26,15.190261806662694,16.15519586562969,14.62323765334919,14.70281982421875,76900.0
2025-03-27,14.6829252243042,15.797076600719121,14.663029206604875,14.6829252243042,91800.0
2025-03-28,14.63318543946223,15.021149228075156,14.265117667611436,14.304908752441406,246700.0
2025-03-31,14.105953535340213,14.46407330406646,14.105953535340213,14.255169868469238,225900.0
2025-04-01,14.175587821686946,14.334752164735848,13.966684384261681,14.046266555786133,142200.0
2025-04-02,13.946789587088075,14.593394980478715,13.946789587088075,14.115900993347168,101100.0
2025-04-03,13.688146885587637,14.215379013026448,12.88237620705023,12.90227222442627,170800.0
2025-04-04,12.494413073151128,12.613786328630031,12.166135434716265,12.384986877441406,126300.0
2025-04-07,12.136292564289603,12.693368714686901,11.957233152375089,12.335247993469238,105500.0
2025-04-08,12.593890943582402,12.862481493406783,12.006971696509286,12.195980072021484,109000.0
2025-04-09,12.036815787475847,13.220601348192293,11.808016323589529,12.802794456481934,117700.0
2025-04-10,12.524256274902344,13.131070566819401,11.927389042853788,12.1760835647583,99800.0
2025-04-11,12.106449358930085,12.991802195275216,11.88759791480204,12.096501350402832,91900.0
2025-04-14,12.882376562637653,13.330026530317273,11.917441513234492,12.195980072021484,113500.0
2025-04-15,12.683420345409958,12.832636675878241,12.046762041443749,12.554099082946777,92000.0
2025-04-16,12.464569349741005,12.922167314510222,12.305405005246378,12.494413375854492,56500.0
2025-04-17,12.494413417696139,12.693368848980692,12.48446540895833,12.573995590209961,76800.0
2025-04-21,12.44467430193003,12.792846068923282,12.305405025916134,12.534204483032227,144800.0
2025-04-22,13.101227911037242,13.170862075827104,12.683421024909386,12.93211555480957,97300.0
2025-04-23,13.180809634417798,13.688146685768817,12.942063121556489,12.991802215576172,148400.0
2025-04-24,13.320078658144736,13.429503903980558,13.230548480327112,13.409607887268066,143000.0
2025-04-25,13.230549290906024,13.727938354859676,13.14101910760327,13.618512153625488,141100.0
2025-04-28,13.737885475158691,13.807519636025564,13.528982043863781,13.737885475158691,66400.0
2025-04-29,13.668250972167172,14.016423689341325,13.578720790682713,13.996527671813965,66500.0
2025-04-30,13.906996963562204,14.145744421375626,13.827414793855827,13.897049903869629,150000.0
2025-05-01,13.887102358999671,14.394439419332189,13.80752018663704,13.877154350280762,59700.0
2025-05-02,14.493916683970156,14.911723563899468,14.275066183964766,14.812246322631836,105400.0
2025-05-05,14.663028507829562,15.011201211420623,14.663028507829562,14.712767601013184,75200.0
2025-05-06,15.0907839718573,15.120627049458145,14.424282563707676,14.444178581237793,96800.0
2025-05-07,14.523760260859051,14.921671111008216,14.275065742342246,14.42428207397461,139300.0
2025-05-08,14.434230441566077,14.852037318966058,14.424282432891237,14.653080940246582,48900.0
2025-05-09,14.623237777469926,14.792350129176729,14.434230357224019,14.493916511535645,42500.0
2025-05-12,15.279791347154937,15.41906062334739,15.031096820971916,15.259896278381348,83600.0
2025-05-13,15.369321720931678,15.498642990010413,15.150470269514251,15.170366287231445,52300.0
2025-05-14,15.110678584740546,15.498642376622355,14.901775150449465,14.95151424407959,63400.0
2025-05-15,14.92167152982232,15.528485830505137,14.92167152982232,15.180314064025879,46200.0
2025-05-16,15.17036639849345,15.369321833652855,14.891828789270281,14.921671867370605,112100.0
2025-05-19,14.78240225401402,15.200209132744591,14.722716099163554,15.180314064025879,252800.0
2025-05-20,15.170366307615666,15.47874794178615,14.951514855904172,15.21015739440918,35900.0
2025-05-21,15.011201188535285,15.220104620632577,14.67297649383545,14.67297649383545,51000.0
2025-05-22,14.623237717702498,14.871932239937895,14.573498623516555,14.822193145751953,111900.0
2025-05-23,14.454125053377737,14.901774993959283,14.454125053377737,14.67297649383545,74500.0
2025-05-27,14.852037722236911,15.041045148719261,14.672977356005166,14.96146297454834,52700.0
2025-05-28,14.931619232586508,15.190261761490595,14.58344652454683,14.623237609863281,60700.0
2025-05-29,14.62323773892387,15.011201535704059,14.424282310585689,14.861984252929688,68600.0
2025-05-30,14.80229809877539,15.00125352711357,14.722715927440118,14.861984252929688,46700.0
2025-06-02,14.81224574209358,15.00125315718032,14.583446293626166,14.633185386657715,44700.0
2025-06-03,14.643133484060778,14.89182800203677,14.643133484060778,14.792349815368652,37600.0
2025-06-04,14.891828841275881,14.971411015617562,14.553604125976562,14.553604125976562,34200.0
2025-06-05,14.563551601591037,14.772455038760999,14.394439250134674,14.45412540435791,44900.0
2025-06-06,14.692873001098633,15.011201689705487,14.593394811561827,14.692873001098633,406300.0
2025-06-09,14.7227164322112,15.279791650657534,14.623238240284325,14.921671867370605,175500.0
2025-06-10,14.941567905352786,15.120627322890183,14.702820434145673,14.96146297454834,91700.0
2025-06-11,15.031096369913907,15.110678540008802,14.861984021288684,14.871932029724121,92400.0
2025-06-12,14.71276764551188,14.951514155082199,14.623237467249435,14.792349815368652,37800.0
2025-06-13,14.603342857975067,14.961462633582808,14.294961228569877,14.324804306030273,68500.0
2025-06-16,14.434230271008996,14.553603527613554,14.275065928869584,14.334752082824707,46400.0
2025-06-17,14.18553564064741,14.424282152028841,14.086057453224662,14.135796546936035,60000.0
2025-06-18,14.12584885437196,14.49391663815688,13.996527587307908,14.285013198852539,43200.0
2025-06-20,14.404386310042335,14.55360359298906,14.22532689867831,14.45412540435791,82400.0
2025-06-23,14.80229833475849,14.98135869746465,14.374543445491256,14.85203742980957,50400.0
2025-06-24,14.871931998039866,16.3541520474616,14.871931998039866,15.239999771118164,200000.0
2025-06-25,15.259896278381348,15.458851709588899,15.050992838439836,15.259896278381348,266500.0
2025-06-26,15.349425891049536,15.608067467692004,15.259895713148788,15.528485298156738,211200.0
2025-06-27,15.618016201859103,15.707546383920505,15.488694933180895,15.538434028625488,447400.0
2025-06-30,15.737389057793695,15.737389057793695,15.53843362981605,15.677702903747559,137100.0
2025-07-01,15.578224699958852,16.264622111668757,15.56827669139626,16.085561752319336,158300.0
2025-07-02,16.055717556435617,16.2745699477155,15.717493807141556,16.214881896972656,136900.0
2025-07-03,16.234777341462,16.54315800320569,16.214881325249234,16.443681716918945,101500.0
2025-07-07,16.32430793225577,16.662532626921685,16.27456978784726,16.34420394897461,105700.0
2025-07-08,16.334256404027393,16.563054910619424,16.274570249566132,16.324308395385742,70100.0
2025-07-09,16.413838532717453,16.513316721484376,16.204936043956685,16.244726181030273,76700.0
2025-07-10,16.17509134487308,16.453629882349457,16.05571714384362,16.314359664916992,101400.0
2025-07-11,16.244726354986735,16.364100562263086,16.075614001488617,16.115406036376953,102500.0
2025-07-14,16.145247576563392,16.4337341268208,16.095509432154884,16.34420394897461,174500.0
2025-07-15,16.393942472060623,16.652585003214057,16.115405821117413,16.165143966674805,102200.0
2025-07-16,16.264621475081224,16.582950147070502,15.966186922049866,16.234777450561523,279100.0
2025-07-17,16.324307673118494,16.51331603416991,16.194987361276084,16.314359664916992,158000.0
2025-07-18,16.393942775591242,16.612795173828495,16.165144265969264,16.27457046508789,105600.0
2025-07-21,16.294465307382154,16.453631557421645,16.26462317712811,16.28451919555664,118300.0
2025-07-22,16.3442043361967,16.71227116727242,16.21488212184897,16.612794876098633,575700.0
2025-07-23,16.752063628352136,16.771959646049126,16.423786925906523,16.513317108154297,109000.0
2025-07-24,16.553106027080553,16.612794075775703,16.065665013734726,16.075613021850586,167700.0
2025-07-25,16.08556192559553,16.08556192559553,15.8169713836781,15.956241607666016,80000.0
2025-07-28,15.956241855291262,16.075614166403565,15.767233482409996,15.986083984375,98700.0
2025-07-29,16.04576997240562,16.4536307403823,15.100731912643287,15.220105171203613,193000.0
2025-07-30,15.230053329646186,15.816971619497366,15.021149887938364,15.050992965698242,182800.0
2025-07-31,14.981358247358957,15.269843851554658,14.842088975139056,14.911723136901855,169400.0
2025-08-01,14.792350392159276,14.832141478639215,14.483969709113321,14.523760795593262,152500.0
2025-08-04,14.832140966688854,15.021149332465457,14.692872643163255,14.911723136901855,111800.0
2025-08-05,14.881880082213996,15.070887499575306,14.6829246563878,14.95151424407959,110500.0
2025-08-06,14.931619766791165,15.220105382830088,14.931619766791165,15.170366287231445,112700.0
2025-08-07,15.269844202432555,15.269844202432555,14.971410582929101,15.10073184967041,105200.0
2025-08-08,15.140522956848145,15.667755084534578,15.100731870771702,15.140522956848145,65500.0
2025-08-11,15.190262093737113,15.478747705764816,15.120626981389512,15.220105171203613,49700.0
2025-08-12,15.359373436074701,16.025875787208946,15.230053118014112,15.996031761169434,77400.0
2025-08-13,16.165144182598716,16.354152553541002,16.005979837822682,16.115406036376953,149300.0
2025-08-14,15.976136232496088,16.304412939417627,15.84681591047978,16.015928268432617,83400.0
2025-08-15,16.10545817712477,16.204936367880183,15.777180527109648,15.946293830871582,133300.0
2025-08-18,16.05571787318422,16.05571787318422,15.886606469548099,15.916449546813965,78500.0
2025-08-19,15.98608289252346,16.26462142840907,15.98608289252346,16.155195236206055,52700.0
2025-08-20,16.204936981201172,16.314361287523784,16.09551077748981,16.204936981201172,59500.0
2025-08-21,16.09550934291388,16.344203858354728,16.09550934291388,16.185039520263672,35400.0
2025-08-22,16.314360394032438,16.970913785565536,16.25467423954451,16.77195930480957,166400.0
2025-08-25,16.78190812712346,16.84159428450526,16.49342155456543,16.49342155456543,64500.0
2025-08-26,16.50336967825607,16.84159440141535,16.50336967825607,16.732168197631836,49200.0
2025-08-27,16.712271295156494,16.91122767380376,16.612795003221507,16.85154151916504,72400.0
2025-08-28,16.861490170955946,16.901280309769863,16.622741748517583,16.70232582092285,63100.0
2025-08-29,16.762011760142162,16.881384072422282,16.64263755047335,16.752063751220703,71600.0
2025-09-02,16.54315981765724,16.801802364625438,16.52326569665103,16.732168197631836,97500.0
2025-09-03,16.632689757568244,16.811750125702655,16.592899618754327,16.70232582092285,85300.0
2025-09-04,16.742114693813036,17.010705225705685,16.742114693813036,17.000757217407227,136700.0
2025-09-05,17.130078257748142,17.289242602503467,16.841593594399864,17.010705947875977,71600.0
2025-09-08,16.990809511502825,17.368824346629083,16.831645170671916,17.110183715820312,818700.0
2025-09-09,17.14997410114913,17.28924242704956,16.980861749389195,17.140026092529297,72700.0
2025-09-10,17.140026049544296,17.259400255294313,16.99080971539825,17.060443878173828,55500.0
2025-09-11,17.060444433174084,17.319086972889266,16.980862259214696,17.19971466064453,52800.0
2025-09-12,17.199713894711277,17.28924217621363,16.980861503027317,17.110183715820312,82700.0
2025-09-15,17.189766352295027,17.209660472396816,17.050496127250547,17.090288162231445,43300.0
2025-09-16,17.010705732588022,17.22955622950965,16.80180134687265,17.060443878173828,90200.0
2025-09-17,17.149973378461812,17.488198067729144,17.03060107483132,17.130077362060547,140300.0
2025-09-18,17.140027006555417,17.567781913076058,17.110184876493154,17.54788589477539,102200.0
2025-09-19,17.577728131538034,17.577728131538034,17.179817293004593,17.33898162841797,162900.0
2025-09-22,17.199714444363966,17.319086755107634,17.060444218644793,17.249452590942383,149200.0
2025-09-23,17.20966025547951,17.51804283052851,17.07039192957908,17.140026092529297,75000.0
2025-09-24,17.249452976145406,17.289243114818973,17.000758442922304,17.070392608642578,98200.0
2025-09-25,16.980861414992578,17.229555933425132,16.77195893025576,16.951019287109375,73700.0
2025-09-26,17.010705134082052,17.040547261428113,16.81174876396166,16.84159278869629,67600.0
2025-09-29,16.901280259644953,16.901280259644953,16.55310753345938,16.62274169921875,95500.0
2025-09-30,16.54315927814452,16.8117498255508,16.45363099306444,16.592899322509766,80300.0
2025-10-01,16.493420584171588,16.543158729498607,16.324308233715644,16.453630447387695,111900.0
2025-10-02,16.44368336752483,16.493421515660884,16.274571007518027,16.41383934020996,150000.0
2025-10-03,16.61279417239295,17.229555500054836,16.543158115176947,17.050495147705078,358000.0
2025-10-06,17.100236170976668,17.348930697441297,16.702325308110996,17.090288162231445,134100.0
2025-10-07,17.060444911593635,17.199715142969588,16.702326067428146,16.732168197631836,80400.0
2025-10-08,16.88138278462782,16.960964952539882,16.145247257094123,16.602846145629883,63500.0
2025-10-09,16.56305568200685,16.65258586656273,16.374047303790135,16.41383934020996,53100.0
2025-10-10,16.413839221773614,16.85154213228975,16.085562513233693,16.175092697143555,135200.0
2025-10-13,16.393942685016178,16.582951055889005,16.194988202813576,16.56305503845215,74300.0
2025-10-14,16.423786715069973,17.14997427518972,16.423786715069973,17.010705947875977,113400.0
2025-10-15,17.070391666582864,17.4583545098361,16.573002627585954,16.662532806396484,90300.0
2025-10-16,16.602846481677265,16.911227151404663,15.767232752993243,15.936345100402832,103700.0
2025-10-17,16.035823987010083,16.14524828901516,15.89655376122113,15.906501770019531,131000.0
2025-10-20,16.005979341341533,16.682428734351568,16.005979341341533,16.503368377685547,169900.0
2025-10-21,16.463576475121567,16.851541216783286,16.443682355524732,16.742115020751953,42600.0
2025-10-22,16.732167475931483,17.01070602928057,16.67248132070977,16.722219467163086,126600.0
2025-10-23,16.702325099074823,17.0604439224776,16.523264738679114,16.6923770904541,67500.0
2025-10-24,16.831644552274486,17.2593994140625,16.771958401002927,17.2593994140625,94500.0
2025-10-27,17.25940076600124,17.3290349308373,16.97091420037906,17.12013053894043,103600.0
2025-10-28,17.24945184404029,18.18454375885663,17.169869674527533,17.607572555541992,194000.0
2025-10-29,17.776685124294616,18.83114935781653,17.61751888589849,18.005483627319336,604500.0
2025-10-30,17.93585046919506,18.542663841729603,17.86621440589162,18.12485694885254,210800.0
2025-10-31,18.00548313519937,18.47302813695657,18.00548313519937,18.39344596862793,297600.0
2025-11-03,18.930628512976373,18.990314669558035,18.274075098411988,18.41334342956543,264400.0
2025-11-04,18.154701178817206,19.288747658987145,18.154701178817206,18.522769927978516,267400.0
2025-11-05,18.512821817890007,18.970418852169413,18.492925799689495,18.811254501342773,130600.0
2025-11-06,18.791357040405273,18.940575268063913,18.602350574177873,18.791357040405273,138600.0
2025-11-07,18.801305263419238,18.97041761229322,18.16464790172359,18.741619110107422,200300.0
2025-11-10,18.91073226928711,19.05994860765472,18.751567922043165,18.91073226928711,91200.0
2025-11-11,18.870940736031464,19.000262957477005,18.860992726890366,18.97041893005371,91800.0
2025-11-12,18.96047037526686,19.050000557571497,18.8013060283672,18.83115005493164,114200.0
2025-11-13,18.77146414554969,19.020158678017875,18.751568127578942,18.860992431640625,201500.0
2025-11-14,18.7515681769029,18.98036669200217,18.502873643780553,18.940576553344727,123500.0
2025-11-17,18.9107308676277,18.950521002795107,18.114907293005572,18.154699325561523,97300.0
2025-11-18,18.1049614407595,18.482976268495648,18.05522139935437,18.18454360961914,146100.0
2025-11-19,18.11490759677608,18.353656001338294,18.055221444329817,18.26412582397461,75700.0
2025-11-20,18.512820215941144,18.791356857091102,18.443186055653655,18.4730281829834,93900.0
2025-11-21,18.52276815895621,19.02015718484518,18.473028117934177,18.76151466369629,178700.0
2025-11-24,18.860991088275643,19.020157323316354,18.681932631458416,19.000261306762695,144400.0
2025-11-25,19.049999674319295,19.806031235733638,19.04005166592572,19.39817237854004,119300.0
2025-11-26,19.348435118946973,19.53744159490416,19.20916489245538,19.278799057006836,102400.0
2025-11-28,19.268853202528103,19.41806954246965,19.199217139659257,19.308643341064453,55500.0
2025-12-01,19.18927010695945,19.477754764013678,19.15942608144821,19.348434448242188,121100.0
2025-12-02,19.44791120478312,19.49765124849442,19.3086428771688,19.32853889465332,103000.0
2025-12-03,19.35838140207137,19.626971951199067,19.298695245839223,19.597129821777344,136500.0
2025-12-04,19.55733757002148,19.716501916475046,19.537441552367618,19.646867752075195,109700.0
2025-12-05,19.736397632381586,19.736397632381586,19.507599125026243,19.53744125366211,90500.0
2025-12-08,19.617022513161956,20.363106052572018,19.57723237770214,20.02488136291504,233900.0
2025-12-09,20.044779210955177,20.22383958035762,19.825928702457045,19.865718841552734,152600.0
2025-12-10,19.865717612468153,20.03482996228657,19.746345305177865,19.796083450317383,399600.0
2025-12-11,19.865718554461626,20.064674939231047,19.74634624151094,19.75629425048828,441600.0
2025-12-12,19.895562541024145,19.895562541024145,19.537441808121326,19.676712036132812,412100.0
2025-12-15,19.746344658818643,19.885612978561497,19.457858113764388,19.497650146484375,208200.0
2025-12-16,19.497650350257718,19.69660482377131,19.398172164806635,19.44791030883789,180300.0
2025-12-17,19.437965600428587,19.65681610630059,19.3484354168017,19.388225555419922,131900.0
2025-12-18,19.497651669681403,19.885614532066988,19.497651669681403,19.676712036132812,1012000.0
2025-12-19,19.78613521894649,19.89556141388722,19.34843423396076,19.39817237854004,312900.0
2025-12-22,19.398173836177254,19.597130224221743,18.771464439397956,18.97041893005371,226200.0
2025-12-23,18.870938884863396,19.31858976535627,18.851044765921475,19.049999237060547,129900.0
2025-12-24,19.059999465942383,19.170000076293945,19.0,19.040000915527344,52600.0
2025-12-26,19.049999237060547,19.209999084472656,18.850000381469727,18.8799991607666,106200.0
2025-12-29,18.8799991607666,18.979999542236328,18.719999313354492,18.719999313354492,123300.0
2025-12-30,18.719999313354492,19.0,18.649999618530273,18.889999389648438,197000.0
2025-12-31,18.889999389648438,19.139999389648438,18.649999618530273,18.670000076293945,141000.0
2026-01-02,18.700000762939453,18.889999389648438,18.5,18.549999237060547,147100.0
2026-01-05,18.530000686645508,19.139999389648438,18.530000686645508,18.950000762939453,313400.0
2026-01-06,18.8700008392334,19.06999969482422,18.6299991607666,18.790000915527344,174600.0
2026-01-07,18.670000076293945,18.729999542236328,18.209999084472656,18.420000076293945,339200.0
2026-01-08,18.389999389648438,18.68000030517578,18.389999389648438,18.5,182400.0
2026-01-09,18.510000228881836,18.530000686645508,18.1200008392334,18.25,176700.0
2026-01-12,17.969999313354492,18.280000686645508,17.90999984741211,18.200000762939453,170800.0
2026-01-13,18.290000915527344,18.360000610351562,18.100000381469727,18.350000381469727,128400.0
2026-01-14,18.290000915527344,18.489999771118164,18.239999771118164,18.489999771118164,165000.0
2026-01-15,18.520000457763672,18.989999771118164,18.450000762939453,18.829999923706055,297400.0
2026-01-16,18.809999465942383,18.860000610351562,18.520000457763672,18.559999465942383,221000.0
2026-01-20,18.3700008392334,18.639999389648438,18.309999465942383,18.549999237060547,148100.0
2026-01-21,18.790000915527344,19.149999618530273,18.690000534057617,18.760000228881836,209700.0
2026-01-22,18.809999465942383,19.040000915527344,18.799999237060547,18.899999618530273,309200.0
2026-01-23,18.959999084472656,18.959999084472656,18.190000534057617,18.389999389648438,175800.0
2026-01-26,18.3700008392334,18.700000762939453,18.1299991607666,18.459999084472656,270500.0
2026-01-27,18.399999618530273,18.780000686645508,18.290000915527344,18.43000030517578,158900.0
2026-01-28,18.56999969482422,18.84000015258789,18.219999313354492,18.3700008392334,1586500.0
2026-01-29,18.329999923706055,18.459999084472656,17.709999084472656,18.079999923706055,372600.0
2026-01-30,18.09000015258789,18.229999542236328,17.84000015258789,17.989999771118164,279300.0
2026-02-02,18.030000686645508,18.5,18.020000457763672,18.31999969482422,230100.0
2026-02-03,18.329999923706055,18.790000915527344,18.329999923706055,18.770000457763672,383600.0
2026-02-04,18.829999923706055,19.389999389648438,18.75,19.010000228881836,324500.0
2026-02-05,18.979999542236328,19.209999084472656,18.709999084472656,18.850000381469727,266000.0
2026-02-06,19.079999923706055,19.329999923706055,18.989999771118164,19.15999984741211,284500.0
2026-02-09,19.09000015258789,19.239999771118164,18.950000762939453,19.170000076293945,210900.0
2026-02-10,19.1200008392334,19.229999542236328,18.860000610351562,18.90999984741211,219700.0
2026-02-11,19.0,19.200000762939453,18.739999771118164,18.889999389648438,140700.0
2026-02-12,19.040000915527344,19.09000015258789,18.6200008392334,18.90999984741211,135937.0
