Date,Open,High,Low,Close,Volume
2010-04-05,13.622249603271484,13.622249603271484,13.622249603271484,13.622249603271484,0.0
2010-04-06,13.622249603271484,13.622249603271484,13.622249603271484,13.622249603271484,0.0
2010-04-07,13.622249603271484,13.622249603271484,13.622249603271484,13.622249603271484,0.0
2010-04-08,13.622249603271484,13.622249603271484,13.622249603271484,13.622249603271484,0.0
2010-04-09,13.622249603271484,13.622249603271484,13.622249603271484,13.622249603271484,0.0
2010-04-12,13.622249603271484,13.622249603271484,13.622249603271484,13.622249603271484,0.0
2010-04-13,13.622249603271484,13.622249603271484,13.622249603271484,13.622249603271484,0.0
2010-04-14,13.622249603271484,13.622249603271484,13.622249603271484,13.622249603271484,0.0
2010-04-15,13.622249603271484,13.622249603271484,13.622249603271484,13.622249603271484,0.0
2010-04-16,13.622249603271484,13.622249603271484,13.622249603271484,13.622249603271484,0.0
2010-04-19,13.622249603271484,13.622249603271484,13.622249603271484,13.622249603271484,0.0
2010-04-20,13.622249603271484,13.622249603271484,13.622249603271484,13.622249603271484,0.0
2010-04-21,13.622249603271484,13.622249603271484,13.622249603271484,13.622249603271484,0.0
2010-04-22,13.622249603271484,13.622249603271484,13.622249603271484,13.622249603271484,0.0
2010-04-23,13.622249603271484,13.622249603271484,13.622249603271484,13.622249603271484,0.0
2010-04-26,13.622249603271484,13.622249603271484,13.622249603271484,13.622249603271484,0.0
2010-04-27,13.622249603271484,13.622249603271484,13.622249603271484,13.622249603271484,0.0
2010-04-28,15.224867820739748,15.224867820739748,15.224867820739748,15.224867820739746,200.0
2010-04-29,15.224867820739748,15.224867820739748,15.224867820739748,15.224867820739746,0.0
2010-04-30,15.224867820739748,15.224867820739748,15.224867820739748,15.224867820739746,0.0
2010-05-03,15.224867820739748,15.224867820739748,15.224867820739748,15.224867820739746,0.0
2010-05-04,15.224867820739748,15.224867820739748,15.224867820739748,15.224867820739746,0.0
2010-05-05,15.224867820739748,15.224867820739748,15.224867820739748,15.224867820739746,0.0
2010-05-06,15.224867820739748,15.224867820739748,15.224867820739748,15.224867820739746,0.0
2010-05-07,15.224867820739748,15.224867820739748,15.224867820739748,15.224867820739746,0.0
2010-05-10,15.224867820739748,15.224867820739748,15.224867820739748,15.224867820739746,0.0
2010-05-11,15.224867820739748,15.224867820739748,15.224867820739748,15.224867820739746,0.0
2010-05-12,15.224867820739748,15.224867820739748,15.224867820739748,15.224867820739746,0.0
2010-05-13,15.224867820739748,15.224867820739748,15.224867820739748,15.224867820739746,0.0
2010-05-14,15.224867820739748,15.224867820739748,15.224867820739748,15.224867820739746,0.0
2010-05-17,15.224867820739748,15.224867820739748,15.224867820739748,15.224867820739746,0.0
2010-05-18,17.628799941157556,17.628799941157556,17.620786666870117,17.620786666870117,400.0
2010-05-19,17.628795623779297,17.628795623779297,17.628795623779297,17.628795623779297,200.0
2010-05-20,17.628795623779297,17.628795623779297,17.628795623779297,17.628795623779297,0.0
2010-05-21,17.628795623779297,17.628795623779297,17.628795623779297,17.628795623779297,200.0
2010-05-24,17.628795623779297,17.628795623779297,17.628795623779297,17.628795623779297,0.0
2010-05-25,17.628795623779297,17.628795623779297,17.628795623779297,17.628795623779297,200.0
2010-05-26,17.628795623779297,17.628795623779297,17.628795623779297,17.628795623779297,200.0
2010-05-27,17.628795623779297,17.628795623779297,17.628795623779297,17.628795623779297,400.0
2010-05-28,12.82094217936198,12.82094217936198,12.011620020884706,12.019633293151855,800.0
2010-06-01,12.019633293151855,12.019633293151855,12.019633293151855,12.019633293151855,0.0
2010-06-02,12.019633293151855,12.019633293151855,12.019633293151855,12.019633293151855,0.0
2010-06-03,12.019633293151855,12.019633293151855,12.019633293151855,12.019633293151855,0.0
2010-06-04,12.019633293151855,12.019633293151855,12.019633293151855,12.019633293151855,0.0
2010-06-07,12.019633293151855,12.019633293151855,12.019633293151855,12.019633293151855,0.0
2010-06-08,12.019633293151855,12.019633293151855,12.019633293151855,12.019633293151855,0.0
2010-06-09,12.019633293151855,12.019633293151855,12.019633293151855,12.019633293151855,0.0
2010-06-10,12.019633293151855,12.019633293151855,12.019633293151855,12.019633293151855,0.0
2010-06-11,12.019633293151855,12.019633293151855,12.019633293151855,12.019633293151855,0.0
2010-06-14,12.019633293151855,12.019633293151855,12.019633293151855,12.019633293151855,600.0
2010-06-15,12.019633293151855,12.019633293151855,12.019633293151855,12.019633293151855,300.0
2010-06-16,11.979567527770996,11.979567527770996,11.979567527770996,11.979567527770996,400.0
2010-06-17,11.979567527770996,11.979567527770996,11.979567527770996,11.979567527770996,0.0
2010-06-18,11.979567527770996,11.979567527770996,11.979567527770996,11.979567527770996,0.0
2010-06-21,11.979567527770996,11.979567527770996,11.979567527770996,11.979567527770996,0.0
2010-06-22,11.979567527770996,11.979567527770996,11.979567527770996,11.979567527770996,0.0
2010-06-23,11.979567527770996,11.979567527770996,11.979567527770996,11.979567527770996,0.0
2010-06-24,11.979567527770996,11.979567527770996,11.979567527770996,11.979567527770996,0.0
2010-06-25,11.979567527770996,11.979567527770996,11.979567527770996,11.979567527770996,0.0
2010-06-28,11.979567527770996,11.979567527770996,11.979567527770996,11.979567527770996,0.0
2010-06-29,11.979567527770996,11.979567527770996,11.979567527770996,11.979567527770996,0.0
2010-06-30,11.979567527770996,11.979567527770996,11.979567527770996,11.979567527770996,0.0
2010-07-01,11.979567527770996,11.979567527770996,11.979567527770996,11.979567527770996,0.0
2010-07-02,11.979567527770996,11.979567527770996,11.979567527770996,11.979567527770996,0.0
2010-07-06,11.979567527770996,11.979567527770996,11.979567527770996,11.979567527770996,0.0
2010-07-07,11.979567527770996,11.979567527770996,11.979567527770996,11.979567527770996,0.0
2010-07-08,11.979567527770996,11.979567527770996,11.979567527770996,11.979567527770996,0.0
2010-07-09,11.979567527770996,11.979567527770996,11.979567527770996,11.979567527770996,0.0
2010-07-12,11.979567527770996,11.979567527770996,11.979567527770996,11.979567527770996,0.0
2010-07-13,11.979567527770996,11.979567527770996,11.979567527770996,11.979567527770996,0.0
2010-07-14,11.979567527770996,11.979567527770996,11.979567527770996,11.979567527770996,0.0
2010-07-15,11.979567527770996,11.979567527770996,11.979567527770996,11.979567527770996,0.0
2010-07-16,11.979567527770996,11.979567527770996,11.979567527770996,11.979567527770996,0.0
2010-07-19,11.979567527770996,11.979567527770996,11.979567527770996,11.979567527770996,0.0
2010-07-20,11.979567527770996,11.979567527770996,11.979567527770996,11.979567527770996,0.0
2010-07-21,11.979567527770996,11.979567527770996,11.979567527770996,11.979567527770996,0.0
2010-07-22,11.979567527770996,11.979567527770996,11.979567527770996,11.979567527770996,0.0
2010-07-23,11.979567527770996,11.979567527770996,11.979567527770996,11.979567527770996,0.0
2010-07-26,12.019633293151855,12.019633293151855,12.019633293151855,12.019633293151855,1000.0
2010-07-27,12.019633293151855,12.019633293151855,12.019633293151855,12.019633293151855,0.0
2010-07-28,12.019633293151855,12.019633293151855,12.019633293151855,12.019633293151855,0.0
2010-07-29,12.019633293151855,12.019633293151855,12.019633293151855,12.019633293151855,0.0
2010-07-30,12.019633293151855,12.019633293151855,12.019633293151855,12.019633293151855,0.0
2010-08-02,12.019633293151855,12.019633293151855,12.019633293151855,12.019633293151855,0.0
2010-08-03,12.019633293151855,12.019633293151855,12.019633293151855,12.019633293151855,0.0
2010-08-04,12.019633293151855,12.019633293151855,12.019633293151855,12.019633293151855,0.0
2010-08-05,12.019633293151855,12.019633293151855,12.019633293151855,12.019633293151855,0.0
2010-08-06,12.019633293151855,12.019633293151855,12.019633293151855,12.019633293151855,0.0
2010-08-09,12.019633293151855,12.019633293151855,12.019633293151855,12.019633293151855,0.0
2010-08-10,12.019633293151855,12.019633293151855,12.019633293151855,12.019633293151855,0.0
2010-08-11,12.019633293151855,12.019633293151855,12.019633293151855,12.019633293151855,0.0
2010-08-12,12.019633293151855,12.019633293151855,12.019633293151855,12.019633293151855,0.0
2010-08-13,12.019633293151855,12.019633293151855,12.019633293151855,12.019633293151855,0.0
2010-08-16,12.019633293151855,12.019633293151855,12.019633293151855,12.019633293151855,0.0
2010-08-17,12.019633293151855,12.019633293151855,12.019633293151855,12.019633293151855,0.0
2010-08-18,12.019633293151855,12.019633293151855,12.019633293151855,12.019633293151855,0.0
2010-08-19,12.019633293151855,12.019633293151855,12.019633293151855,12.019633293151855,0.0
2010-08-20,12.019633293151855,12.019633293151855,12.019633293151855,12.019633293151855,0.0
2010-08-23,12.019633293151855,12.019633293151855,12.019633293151855,12.019633293151855,0.0
2010-08-24,12.019633293151855,12.019633293151855,12.019633293151855,12.019633293151855,0.0
2010-08-25,12.019633293151855,12.019633293151855,12.019633293151855,12.019633293151855,0.0
2010-08-26,12.019633293151855,12.019633293151855,12.019633293151855,12.019633293151855,0.0
2010-08-27,12.019633293151855,12.019633293151855,12.019633293151855,12.019633293151855,0.0
2010-08-30,12.019633293151855,12.019633293151855,12.019633293151855,12.019633293151855,0.0
2010-08-31,12.019633293151855,12.019633293151855,12.019633293151855,12.019633293151855,0.0
2010-09-01,12.019633293151855,12.019633293151855,12.019633293151855,12.019633293151855,0.0
2010-09-02,12.019633293151855,12.019633293151855,12.019633293151855,12.019633293151855,0.0
2010-09-03,12.019633293151855,12.019633293151855,12.019633293151855,12.019633293151855,0.0
2010-09-07,12.019633293151855,12.019633293151855,12.019633293151855,12.019633293151855,0.0
2010-09-08,12.019633293151855,12.019633293151855,12.019633293151855,12.019633293151855,0.0
2010-09-09,12.019633293151855,12.019633293151855,12.019633293151855,12.019633293151855,0.0
2010-09-10,12.019633293151855,12.019633293151855,12.019633293151855,12.019633293151855,0.0
2010-09-13,12.019633293151855,12.019633293151855,12.019633293151855,12.019633293151855,0.0
2010-09-14,12.019633293151855,12.019633293151855,12.019633293151855,12.019633293151855,0.0
2010-09-15,12.019633293151855,12.019633293151855,12.019633293151855,12.019633293151855,0.0
2010-09-16,12.019633293151855,12.019633293151855,12.019633293151855,12.019633293151855,0.0
2010-09-17,12.019633293151855,12.019633293151855,12.019633293151855,12.019633293151855,0.0
2010-09-20,12.019633293151855,12.019633293151855,12.019633293151855,12.019633293151855,0.0
2010-09-21,12.019633293151855,12.019633293151855,12.019633293151855,12.019633293151855,0.0
2010-09-22,12.019633293151855,12.019633293151855,12.019633293151855,12.019633293151855,0.0
2010-09-23,12.019633293151855,12.019633293151855,12.019633293151855,12.019633293151855,0.0
2010-09-24,12.019633293151855,12.019633293151855,12.019633293151855,12.019633293151855,0.0
2010-09-27,12.019633293151855,12.019633293151855,12.019633293151855,12.019633293151855,0.0
2010-09-28,12.019633293151855,12.019633293151855,12.019633293151855,12.019633293151855,0.0
2010-09-29,12.019633293151855,12.019633293151855,12.019633293151855,12.019633293151855,0.0
2010-09-30,12.019633293151855,12.019633293151855,12.019633293151855,12.019633293151855,0.0
2010-10-01,12.019633293151855,12.019633293151855,12.019633293151855,12.019633293151855,0.0
2010-10-04,12.019633293151855,12.019633293151855,12.019633293151855,12.019633293151855,0.0
2010-10-05,12.019633293151855,12.019633293151855,12.019633293151855,12.019633293151855,0.0
2010-10-06,12.019633293151855,12.019633293151855,12.019633293151855,12.019633293151855,0.0
2010-10-07,12.019633293151855,12.019633293151855,12.019633293151855,12.019633293151855,0.0
2010-10-08,12.019633293151855,12.019633293151855,12.019633293151855,12.019633293151855,0.0
2010-10-11,12.019633293151855,12.019633293151855,12.019633293151855,12.019633293151855,0.0
2010-10-12,12.019633293151855,12.019633293151855,12.019633293151855,12.019633293151855,0.0
2010-10-13,12.019633293151855,12.019633293151855,12.019633293151855,12.019633293151855,0.0
2010-10-14,12.019633293151855,12.019633293151855,12.019633293151855,12.019633293151855,0.0
2010-10-15,12.019633293151855,12.019633293151855,12.019633293151855,12.019633293151855,0.0
2010-10-18,12.019633293151855,12.019633293151855,12.019633293151855,12.019633293151855,0.0
2010-10-19,12.019633293151855,12.019633293151855,12.019633293151855,12.019633293151855,0.0
2010-10-20,12.019633293151855,12.019633293151855,12.019633293151855,12.019633293151855,0.0
2010-10-21,12.019633293151855,12.019633293151855,12.019633293151855,12.019633293151855,0.0
2010-10-22,12.019633293151855,12.019633293151855,12.019633293151855,12.019633293151855,0.0
2010-10-25,12.019633293151855,12.019633293151855,12.019633293151855,12.019633293151855,0.0
2010-10-26,12.019633293151855,12.019633293151855,12.019633293151855,12.019633293151855,0.0
2010-10-27,12.019633293151855,12.019633293151855,12.019633293151855,12.019633293151855,0.0
2010-10-28,12.019633293151855,12.019633293151855,12.019633293151855,12.019633293151855,0.0
2010-10-29,12.019633293151855,12.019633293151855,12.019633293151855,12.019633293151855,0.0
2010-11-01,12.019633293151855,12.019633293151855,12.019633293151855,12.019633293151855,0.0
2010-11-02,12.019633293151855,12.019633293151855,12.019633293151855,12.019633293151855,0.0
2010-11-03,12.019633293151855,12.019633293151855,12.019633293151855,12.019633293151855,0.0
2010-11-04,12.019633293151855,12.019633293151855,12.019633293151855,12.019633293151855,0.0
2010-11-05,12.019633293151855,12.019633293151855,12.019633293151855,12.019633293151855,0.0
2010-11-08,12.019633293151855,12.019633293151855,12.019633293151855,12.019633293151855,0.0
2010-11-09,12.019633293151855,12.019633293151855,12.019633293151855,12.019633293151855,0.0
2010-11-10,12.019633293151855,12.019633293151855,12.019633293151855,12.019633293151855,0.0
2010-11-11,12.019633293151855,12.019633293151855,12.019633293151855,12.019633293151855,0.0
2010-11-12,12.019633293151855,12.019633293151855,12.019633293151855,12.019633293151855,0.0
2010-11-15,12.019633293151855,12.019633293151855,12.019633293151855,12.019633293151855,0.0
2010-11-16,12.019633293151855,12.019633293151855,12.019633293151855,12.019633293151855,0.0
2010-11-17,12.019633293151855,12.019633293151855,12.019633293151855,12.019633293151855,0.0
2010-11-18,12.019633293151855,12.019633293151855,12.019633293151855,12.019633293151855,0.0
2010-11-19,12.019633293151855,12.019633293151855,12.019633293151855,12.019633293151855,0.0
2010-11-22,12.019633293151855,12.019633293151855,12.019633293151855,12.019633293151855,0.0
2010-11-23,12.019633293151855,12.019633293151855,12.019633293151855,12.019633293151855,0.0
2010-11-24,12.019633293151855,12.019633293151855,12.019633293151855,12.019633293151855,0.0
2010-11-26,12.019633293151855,12.019633293151855,12.019633293151855,12.019633293151855,0.0
2010-11-29,12.019633293151855,12.019633293151855,12.019633293151855,12.019633293151855,0.0
2010-11-30,12.019633293151855,12.019633293151855,12.019633293151855,12.019633293151855,0.0
2010-12-01,12.019633293151855,12.019633293151855,12.019633293151855,12.019633293151855,0.0
2010-12-02,12.019633293151855,12.019633293151855,12.019633293151855,12.019633293151855,0.0
2010-12-03,12.019633293151855,12.019633293151855,12.019633293151855,12.019633293151855,0.0
2010-12-06,12.019633293151855,12.019633293151855,12.019633293151855,12.019633293151855,0.0
2010-12-07,12.019633293151855,12.019633293151855,12.019633293151855,12.019633293151855,0.0
2010-12-08,12.019633293151855,12.019633293151855,12.019633293151855,12.019633293151855,0.0
2010-12-09,12.019633293151855,12.019633293151855,12.019633293151855,12.019633293151855,0.0
2010-12-10,12.019633293151855,12.019633293151855,12.019633293151855,12.019633293151855,0.0
2010-12-13,12.019633293151855,12.019633293151855,12.019633293151855,12.019633293151855,0.0
2010-12-14,12.019633293151855,12.019633293151855,12.019633293151855,12.019633293151855,0.0
2010-12-15,12.019633293151855,12.019633293151855,12.019633293151855,12.019633293151855,0.0
2010-12-16,12.019633293151855,12.019633293151855,12.019633293151855,12.019633293151855,0.0
2010-12-17,12.019633293151855,12.019633293151855,12.019633293151855,12.019633293151855,0.0
2010-12-20,12.019633293151855,12.019633293151855,12.019633293151855,12.019633293151855,0.0
2010-12-21,12.019633293151855,12.019633293151855,12.019633293151855,12.019633293151855,0.0
2010-12-22,12.019633293151855,12.019633293151855,12.019633293151855,12.019633293151855,0.0
2010-12-23,12.019633293151855,12.019633293151855,12.019633293151855,12.019633293151855,0.0
2010-12-27,12.019633293151855,12.019633293151855,12.019633293151855,12.019633293151855,0.0
2010-12-28,12.019633293151855,12.019633293151855,12.019633293151855,12.019633293151855,0.0
2010-12-29,12.019633293151855,12.019633293151855,12.019633293151855,12.019633293151855,0.0
2010-12-30,12.019633293151855,12.019633293151855,12.019633293151855,12.019633293151855,0.0
2010-12-31,12.019633293151855,12.019633293151855,12.019633293151855,12.019633293151855,0.0
2011-01-03,12.019633293151855,12.019633293151855,12.019633293151855,12.019633293151855,0.0
2011-01-04,12.019633293151855,12.019633293151855,12.019633293151855,12.019633293151855,0.0
2011-01-05,12.019633293151855,12.019633293151855,12.019633293151855,12.019633293151855,0.0
2011-01-06,12.019633293151855,12.019633293151855,12.019633293151855,12.019633293151855,0.0
2011-01-07,12.019633293151855,12.019633293151855,12.019633293151855,12.019633293151855,0.0
2011-01-10,12.019633293151855,12.019633293151855,12.019633293151855,12.019633293151855,0.0
2011-01-11,12.019633293151855,12.019633293151855,12.019633293151855,12.019633293151855,0.0
2011-01-12,12.019633293151855,12.019633293151855,12.019633293151855,12.019633293151855,0.0
2011-01-13,12.019633293151855,12.019633293151855,12.019633293151855,12.019633293151855,0.0
2011-01-14,12.019633293151855,12.019633293151855,12.019633293151855,12.019633293151855,0.0
2011-01-18,12.019633293151855,12.019633293151855,12.019633293151855,12.019633293151855,0.0
2011-01-19,12.019633293151855,12.019633293151855,12.019633293151855,12.019633293151855,0.0
2011-01-20,12.019633293151855,12.019633293151855,12.019633293151855,12.019633293151855,0.0
2011-01-21,12.019633293151855,12.019633293151855,12.019633293151855,12.019633293151855,0.0
2011-01-24,12.019633293151855,12.019633293151855,12.019633293151855,12.019633293151855,0.0
2011-01-25,12.019633293151855,12.019633293151855,12.019633293151855,12.019633293151855,0.0
2011-01-26,12.019633293151855,12.019633293151855,12.019633293151855,12.019633293151855,0.0
2011-01-27,12.019633293151855,12.019633293151855,12.019633293151855,12.019633293151855,0.0
2011-01-28,12.019633293151855,12.019633293151855,12.019633293151855,12.019633293151855,0.0
2011-01-31,12.019633293151855,12.019633293151855,12.019633293151855,12.019633293151855,0.0
2011-02-01,12.019633293151855,12.019633293151855,12.019633293151855,12.019633293151855,0.0
2011-02-02,12.019633293151855,12.019633293151855,12.019633293151855,12.019633293151855,200.0
2011-02-03,12.019633293151855,12.019633293151855,12.019633293151855,12.019633293151855,0.0
2011-02-04,12.019633293151855,12.019633293151855,12.019633293151855,12.019633293151855,0.0
2011-02-07,12.019633293151855,12.019633293151855,12.019633293151855,12.019633293151855,0.0
2011-02-08,12.019633293151855,12.019633293151855,12.019633293151855,12.019633293151855,0.0
2011-02-09,12.019633293151855,12.019633293151855,12.019633293151855,12.019633293151855,0.0
2011-02-10,12.019633293151855,12.019633293151855,12.019633293151855,12.019633293151855,0.0
2011-02-11,12.019633293151855,12.019633293151855,12.019633293151855,12.019633293151855,0.0
2011-02-14,12.019633293151855,12.019633293151855,12.019633293151855,12.019633293151855,0.0
2011-02-15,12.019633293151855,12.019633293151855,12.019633293151855,12.019633293151855,0.0
2011-02-16,12.019633293151855,12.019633293151855,12.019633293151855,12.019633293151855,0.0
2011-02-17,12.019633293151855,12.019633293151855,12.019633293151855,12.019633293151855,0.0
2011-02-18,12.019633293151855,12.82094217936198,12.019633293151855,12.019633293151855,800.0
2011-02-22,12.019633293151855,12.019633293151855,12.019633293151855,12.019633293151855,0.0
2011-02-23,12.019633293151855,12.019633293151855,12.019633293151855,12.019633293151855,0.0
2011-02-24,12.019633293151855,12.019633293151855,12.019633293151855,12.019633293151855,0.0
2011-02-25,12.019633293151855,12.019633293151855,12.019633293151855,12.019633293151855,0.0
2011-02-28,12.019633293151855,12.019633293151855,12.019633293151855,12.019633293151855,0.0
2011-03-01,12.019633293151855,12.019633293151855,12.019633293151855,12.019633293151855,0.0
2011-03-02,12.019633293151855,12.019633293151855,12.019633293151855,12.019633293151855,0.0
2011-03-03,12.019633293151855,12.019633293151855,12.019633293151855,12.019633293151855,0.0
2011-03-04,12.019633293151855,12.019633293151855,12.019633293151855,12.019633293151855,0.0
2011-03-07,11.258390426635742,11.258390426635742,11.258390426635742,11.258390426635742,300.0
2011-03-08,11.258390426635742,11.258390426635742,11.258390426635742,11.258390426635742,0.0
2011-03-09,11.258390426635742,11.258390426635742,11.258390426635742,11.258390426635742,0.0
2011-03-10,11.258390426635742,11.258390426635742,11.258390426635742,11.258390426635742,0.0
2011-03-11,11.258390426635742,11.258390426635742,11.258390426635742,11.258390426635742,0.0
2011-03-14,11.258390426635742,11.258390426635742,11.258390426635742,11.258390426635742,0.0
2011-03-15,11.258390426635742,11.258390426635742,11.258390426635742,11.258390426635742,0.0
2011-03-16,11.258390426635742,11.258390426635742,11.258390426635742,11.258390426635742,0.0
2011-03-17,11.258390426635742,11.258390426635742,11.258390426635742,11.258390426635742,0.0
2011-03-18,11.258390426635742,11.258390426635742,11.258390426635742,11.258390426635742,0.0
2011-03-21,11.258390426635742,11.258390426635742,11.258390426635742,11.258390426635742,0.0
2011-03-22,11.258390426635742,11.258390426635742,11.258390426635742,11.258390426635742,0.0
2011-03-23,11.258390426635742,11.258390426635742,11.258390426635742,11.258390426635742,0.0
2011-03-24,11.258390426635742,11.258390426635742,11.258390426635742,11.258390426635742,0.0
2011-03-25,11.258390426635742,11.258390426635742,11.258390426635742,11.258390426635742,0.0
2011-03-28,11.258390426635742,11.258390426635742,11.258390426635742,11.258390426635742,0.0
2011-03-29,11.258390426635742,11.258390426635742,11.258390426635742,11.258390426635742,0.0
2011-03-30,11.258390426635742,11.258390426635742,11.258390426635742,11.258390426635742,0.0
2011-03-31,11.258390426635742,11.258390426635742,11.258390426635742,11.258390426635742,0.0
2011-04-01,11.258390426635742,11.258390426635742,11.258390426635742,11.258390426635742,0.0
2011-04-04,11.258390426635742,11.258390426635742,11.258390426635742,11.258390426635742,0.0
2011-04-05,11.258390426635742,11.258390426635742,11.258390426635742,11.258390426635742,0.0
2011-04-06,11.258390426635742,11.258390426635742,11.258390426635742,11.258390426635742,0.0
2011-04-07,11.258390426635742,11.258390426635742,11.258390426635742,11.258390426635742,0.0
2011-04-08,11.258390426635742,11.258390426635742,11.258390426635742,11.258390426635742,0.0
2011-04-11,11.258390426635742,11.258390426635742,11.258390426635742,11.258390426635742,0.0
2011-04-12,11.258390426635742,11.258390426635742,11.258390426635742,11.258390426635742,0.0
2011-04-13,11.258390426635742,11.258390426635742,11.258390426635742,11.258390426635742,0.0
2011-04-14,11.258390426635742,11.258390426635742,11.258390426635742,11.258390426635742,0.0
2011-04-15,11.258390426635742,11.258390426635742,11.258390426635742,11.258390426635742,0.0
2011-04-18,11.258390426635742,11.258390426635742,11.258390426635742,11.258390426635742,0.0
2011-04-19,11.298456025287518,11.298456025287518,11.258390426635742,11.258390426635742,1000.0
2011-04-20,11.258390426635742,11.258390426635742,11.258390426635742,11.258390426635742,0.0
2011-04-21,11.258390426635742,11.258390426635742,11.258390426635742,11.258390426635742,0.0
2011-04-25,11.258390426635742,11.258390426635742,11.258390426635742,11.258390426635742,0.0
2011-04-26,11.258390426635742,11.258390426635742,11.258390426635742,11.258390426635742,0.0
2011-04-27,11.258390426635742,11.258390426635742,11.258390426635742,11.258390426635742,0.0
2011-04-28,11.258390426635742,11.258390426635742,11.258390426635742,11.258390426635742,0.0
2011-04-29,11.258390426635742,11.258390426635742,11.258390426635742,11.258390426635742,0.0
2011-05-02,11.258390426635742,11.258390426635742,11.258390426635742,11.258390426635742,0.0
2011-05-03,11.258390426635742,11.258390426635742,11.258390426635742,11.258390426635742,0.0
2011-05-04,11.258390426635742,11.258390426635742,11.258390426635742,11.258390426635742,0.0
2011-05-05,11.258390426635742,11.258390426635742,11.258390426635742,11.258390426635742,0.0
2011-05-06,11.258390426635742,11.258390426635742,11.258390426635742,11.258390426635742,0.0
2011-05-09,11.258390426635742,11.258390426635742,11.258390426635742,11.258390426635742,0.0
2011-05-10,11.258390426635742,11.258390426635742,11.258390426635742,11.258390426635742,0.0
2011-05-11,11.258390426635742,11.258390426635742,11.258390426635742,11.258390426635742,0.0
2011-05-12,11.258390426635742,11.258390426635742,11.258390426635742,11.258390426635742,0.0
2011-05-13,11.258390426635742,11.258390426635742,11.258390426635742,11.258390426635742,0.0
2011-05-16,11.258390426635742,11.258390426635742,11.258390426635742,11.258390426635742,0.0
2011-05-17,11.258390426635742,11.258390426635742,11.258390426635742,11.258390426635742,0.0
2011-05-18,11.258390426635742,11.258390426635742,11.258390426635742,11.258390426635742,0.0
2011-05-19,11.258390426635742,11.258390426635742,11.258390426635742,11.258390426635742,0.0
2011-05-20,11.258390426635742,11.258390426635742,11.258390426635742,11.258390426635742,0.0
2011-05-23,11.258390426635742,11.258390426635742,11.258390426635742,11.258390426635742,0.0
2011-05-24,11.258390426635742,11.258390426635742,11.258390426635742,11.258390426635742,0.0
2011-05-25,11.258390426635742,11.258390426635742,11.258390426635742,11.258390426635742,0.0
2011-05-26,11.258390426635742,11.258390426635742,11.258390426635742,11.258390426635742,0.0
2011-05-27,11.258390426635742,11.258390426635742,11.258390426635742,11.258390426635742,0.0
2011-05-31,11.258390426635742,11.258390426635742,11.258390426635742,11.258390426635742,0.0
2011-06-01,11.258390426635742,11.258390426635742,11.258390426635742,11.258390426635742,0.0
2011-06-02,11.258390426635742,11.258390426635742,11.258390426635742,11.258390426635742,0.0
2011-06-03,11.258390426635742,11.258390426635742,11.258390426635742,11.258390426635742,0.0
2011-06-06,11.258390426635742,11.258390426635742,11.258390426635742,11.258390426635742,0.0
2011-06-07,11.258390426635742,11.258390426635742,11.258390426635742,11.258390426635742,0.0
2011-06-08,11.258390426635742,11.258390426635742,11.258390426635742,11.258390426635742,0.0
2011-06-09,11.258390426635742,11.258390426635742,11.258390426635742,11.258390426635742,0.0
2011-06-10,11.258390426635742,11.258390426635742,11.258390426635742,11.258390426635742,0.0
2011-06-13,11.218323206993832,11.218323206993832,10.817668806744052,11.058061599731445,17700.0
2011-06-14,11.058061599731445,11.058061599731445,11.058061599731445,11.058061599731445,0.0
2011-06-15,11.058061599731445,11.058061599731445,11.058061599731445,11.058061599731445,0.0
2011-06-16,11.058061599731445,11.058061599731445,11.058061599731445,11.058061599731445,0.0
2011-06-17,11.058061599731445,11.058061599731445,11.058061599731445,11.058061599731445,0.0
2011-06-20,11.058061599731445,11.058061599731445,11.058061599731445,11.058061599731445,0.0
2011-06-21,11.058061599731445,11.058061599731445,11.058061599731445,11.058061599731445,0.0
2011-06-22,11.058061599731445,11.058061599731445,11.058061599731445,11.058061599731445,0.0
2011-06-23,11.058061599731445,11.058061599731445,11.058061599731445,11.058061599731445,0.0
2011-06-24,11.058061599731445,11.058061599731445,11.058061599731445,11.058061599731445,0.0
2011-06-27,11.058061599731445,11.058061599731445,11.058061599731445,11.058061599731445,0.0
2011-06-28,11.058061599731445,11.058061599731445,11.058061599731445,11.058061599731445,0.0
2011-06-29,11.058061599731445,11.058061599731445,11.058061599731445,11.058061599731445,0.0
2011-06-30,11.058061599731445,11.058061599731445,11.058061599731445,11.058061599731445,0.0
2011-07-01,11.058061599731445,11.058061599731445,11.058061599731445,11.058061599731445,0.0
2011-07-05,11.058061599731445,11.058061599731445,11.058061599731445,11.058061599731445,0.0
2011-07-06,11.058061599731445,11.058061599731445,11.058061599731445,11.058061599731445,0.0
2011-07-07,11.058061599731445,11.058061599731445,11.058061599731445,11.058061599731445,0.0
2011-07-08,11.058061599731445,11.058061599731445,11.058061599731445,11.058061599731445,0.0
2011-07-11,11.058061599731445,11.058061599731445,11.058061599731445,11.058061599731445,0.0
2011-07-12,11.058061599731445,11.058061599731445,11.058061599731445,11.058061599731445,0.0
2011-07-13,11.058061599731445,11.058061599731445,11.058061599731445,11.058061599731445,0.0
2011-07-14,11.058061599731445,11.058061599731445,11.058061599731445,11.058061599731445,0.0
2011-07-15,11.058061599731445,11.058061599731445,11.058061599731445,11.058061599731445,0.0
2011-07-18,11.058061599731445,11.058061599731445,11.058061599731445,11.058061599731445,0.0
2011-07-19,11.058061599731445,11.058061599731445,11.058061599731445,11.058061599731445,0.0
2011-07-20,10.104501724243164,10.104501724243164,10.104501724243164,10.104501724243164,100.0
2011-07-21,10.104501724243164,10.104501724243164,10.104501724243164,10.104501724243164,0.0
2011-07-22,10.096490859985352,10.096490859985352,10.096490859985352,10.096490859985352,500.0
2011-07-25,10.096494015463737,10.216690063476562,10.096494015463737,10.216690063476562,500.0
2011-07-26,10.216690063476562,10.216690063476562,10.216690063476562,10.216690063476562,400.0
2011-07-27,10.417016983032227,10.417016983032227,10.417016983032227,10.417016983032227,400.0
2011-07-28,10.417016983032227,10.417016983032227,10.417016983032227,10.417016983032227,0.0
2011-07-29,10.417016983032227,10.417016983032227,10.417016983032227,10.417016983032227,0.0
2011-08-01,10.417016983032227,10.417016983032227,10.417016983032227,10.417016983032227,0.0
2011-08-02,10.817671775817871,10.817671775817871,10.817671775817871,10.817671775817871,100.0
2011-08-03,10.817671775817871,10.817671775817871,10.817671775817871,10.817671775817871,0.0
2011-08-04,10.817671775817871,10.817671775817871,10.817671775817871,10.817671775817871,500.0
2011-08-05,10.817671775817871,10.817671775817871,10.817671775817871,10.817671775817871,0.0
2011-08-08,10.817671775817871,10.817671775817871,10.817671775817871,10.817671775817871,0.0
2011-08-09,10.817671775817871,10.817671775817871,10.817671775817871,10.817671775817871,0.0
2011-08-10,10.817671775817871,10.817671775817871,10.817671775817871,10.817671775817871,0.0
2011-08-11,10.817671775817871,10.817671775817871,10.817671775817871,10.817671775817871,0.0
2011-08-12,10.817671775817871,10.817671775817871,10.817671775817871,10.817671775817871,0.0
2011-08-15,10.817671775817871,10.817671775817871,10.817671775817871,10.817671775817871,0.0
2011-08-16,10.817671775817871,10.817671775817871,10.817671775817871,10.817671775817871,0.0
2011-08-17,10.417016983032227,10.417016983032227,10.417016983032227,10.417016983032227,700.0
2011-08-18,10.417016983032227,10.417016983032227,10.417016983032227,10.417016983032227,0.0
2011-08-19,10.417016983032227,10.417016983032227,10.417016983032227,10.417016983032227,0.0
2011-08-22,10.417016983032227,10.417016983032227,10.417016983032227,10.417016983032227,0.0
2011-08-23,10.417016983032227,10.417016983032227,10.417016983032227,10.417016983032227,0.0
2011-08-24,10.417016983032227,10.417016983032227,10.417016983032227,10.417016983032227,0.0
2011-08-25,10.417016983032227,10.417016983032227,10.417016983032227,10.417016983032227,0.0
2011-08-26,10.417016983032227,10.417016983032227,10.417016983032227,10.417016983032227,0.0
2011-08-29,10.417016983032227,10.417016983032227,10.417016983032227,10.417016983032227,0.0
2011-08-30,10.417016983032227,10.417016983032227,10.417016983032227,10.417016983032227,0.0
2011-08-31,10.417016983032227,10.417016983032227,10.417016983032227,10.417016983032227,0.0
2011-09-01,10.417016983032227,10.417016983032227,10.417016983032227,10.417016983032227,0.0
2011-09-02,10.417016983032227,10.417016983032227,10.417016983032227,10.417016983032227,0.0
2011-09-06,10.417016983032227,10.417016983032227,10.417016983032227,10.417016983032227,0.0
2011-09-07,10.417016983032227,10.417016983032227,10.417016983032227,10.417016983032227,0.0
2011-09-08,10.417016983032227,10.417016983032227,10.417016983032227,10.417016983032227,0.0
2011-09-09,10.417016983032227,10.417016983032227,10.417016983032227,10.417016983032227,0.0
2011-09-12,10.417016983032227,10.417016983032227,10.417016983032227,10.417016983032227,0.0
2011-09-13,10.417016983032227,10.417016983032227,10.417016983032227,10.417016983032227,0.0
2011-09-14,10.417016983032227,10.417016983032227,10.417016983032227,10.417016983032227,0.0
2011-09-15,10.417016983032227,10.417016983032227,10.417016983032227,10.417016983032227,0.0
2011-09-16,10.417016983032227,10.417016983032227,10.417016983032227,10.417016983032227,0.0
2011-09-19,10.417016983032227,10.417016983032227,10.417016983032227,10.417016983032227,0.0
2011-09-20,10.417016983032227,10.417016983032227,10.417016983032227,10.417016983032227,0.0
2011-09-21,10.417016983032227,10.417016983032227,10.417016983032227,10.417016983032227,0.0
2011-09-22,10.417016983032227,10.417016983032227,10.417016983032227,10.417016983032227,0.0
2011-09-23,10.417016983032227,10.417016983032227,10.417016983032227,10.417016983032227,0.0
2011-09-26,10.417016983032227,10.417016983032227,10.417016983032227,10.417016983032227,0.0
2011-09-27,10.417016983032227,10.417016983032227,10.417016983032227,10.417016983032227,0.0
2011-09-28,10.417016983032227,10.417016983032227,10.417016983032227,10.417016983032227,0.0
2011-09-29,10.417016983032227,10.417016983032227,10.417016983032227,10.417016983032227,0.0
2011-09-30,10.417016983032227,10.417016983032227,10.417016983032227,10.417016983032227,0.0
2011-10-03,10.417016983032227,10.417016983032227,10.417016983032227,10.417016983032227,0.0
2011-10-04,10.417016983032227,10.417016983032227,10.417016983032227,10.417016983032227,0.0
2011-10-05,10.417016983032227,10.417016983032227,10.417016983032227,10.417016983032227,0.0
2011-10-06,10.417016983032227,10.417016983032227,10.417016983032227,10.417016983032227,0.0
2011-10-07,10.417016983032227,10.417016983032227,10.417016983032227,10.417016983032227,0.0
2011-10-10,10.417016983032227,10.417016983032227,10.417016983032227,10.417016983032227,0.0
2011-10-11,10.417016983032227,10.417016983032227,10.417016983032227,10.417016983032227,0.0
2011-10-12,10.417016983032227,10.417016983032227,10.417016983032227,10.417016983032227,0.0
2011-10-13,10.417016983032227,10.417016983032227,10.417016983032227,10.417016983032227,0.0
2011-10-14,10.417016983032227,10.417016983032227,10.417016983032227,10.417016983032227,0.0
2011-10-17,10.417016983032227,10.417016983032227,10.417016983032227,10.417016983032227,0.0
2011-10-18,10.417016983032227,10.417016983032227,10.417016983032227,10.417016983032227,0.0
2011-10-19,10.417016983032227,10.417016983032227,10.417016983032227,10.417016983032227,0.0
2011-10-20,10.417016983032227,10.417016983032227,10.417016983032227,10.417016983032227,0.0
2011-10-21,10.417016983032227,10.417016983032227,10.417016983032227,10.417016983032227,0.0
2011-10-24,10.417016983032227,10.417016983032227,10.417016983032227,10.417016983032227,0.0
2011-10-25,10.417016983032227,10.417016983032227,10.417016983032227,10.417016983032227,0.0
2011-10-26,10.417016983032227,10.417016983032227,10.417016983032227,10.417016983032227,0.0
2011-10-27,10.417016983032227,10.417016983032227,10.417016983032227,10.417016983032227,0.0
2011-10-28,10.417016983032227,10.417016983032227,10.417016983032227,10.417016983032227,0.0
2011-10-31,10.417016983032227,10.417016983032227,10.417016983032227,10.417016983032227,0.0
2011-11-01,10.417016983032227,10.417016983032227,10.417016983032227,10.417016983032227,0.0
2011-11-02,10.417016983032227,10.417016983032227,10.417016983032227,10.417016983032227,0.0
2011-11-03,10.417016983032227,10.417016983032227,10.417016983032227,10.417016983032227,0.0
2011-11-04,10.417016983032227,10.417016983032227,10.417016983032227,10.417016983032227,0.0
2011-11-07,10.417016983032227,10.417016983032227,10.417016983032227,10.417016983032227,0.0
2011-11-08,10.417016983032227,10.417016983032227,10.417016983032227,10.417016983032227,0.0
2011-11-09,10.417016983032227,10.417016983032227,10.417016983032227,10.417016983032227,0.0
2011-11-10,10.417016983032227,10.417016983032227,10.417016983032227,10.417016983032227,0.0
2011-11-11,10.417016983032227,10.417016983032227,10.417016983032227,10.417016983032227,0.0
2011-11-14,10.417016983032227,10.417016983032227,10.417016983032227,10.417016983032227,0.0
2011-11-15,10.417016983032227,10.417016983032227,10.417016983032227,10.417016983032227,0.0
2011-11-16,10.417016983032227,10.417016983032227,10.417016983032227,10.417016983032227,0.0
2011-11-17,10.417016983032227,10.417016983032227,10.417016983032227,10.417016983032227,0.0
2011-11-18,10.417016983032227,10.417016983032227,10.417016983032227,10.417016983032227,0.0
2011-11-21,10.417016983032227,10.417016983032227,10.417016983032227,10.417016983032227,0.0
2011-11-22,10.417016983032227,10.417016983032227,10.417016983032227,10.417016983032227,0.0
2011-11-23,10.417016983032227,10.417016983032227,10.417016983032227,10.417016983032227,0.0
2011-11-25,10.417016983032227,10.417016983032227,10.417016983032227,10.417016983032227,0.0
2011-11-28,10.817671775817871,10.817671775817871,10.817671775817871,10.817671775817871,200.0
2011-11-29,10.817671775817871,10.817671775817871,10.817671775817871,10.817671775817871,0.0
2011-11-30,10.817671775817871,10.817671775817871,10.817671775817871,10.817671775817871,0.0
2011-12-01,10.817671775817871,10.817671775817871,10.817671775817871,10.817671775817871,0.0
2011-12-02,10.417016983032227,10.417016983032227,10.417016983032227,10.417016983032227,12400.0
2011-12-05,10.417016983032227,10.417016983032227,10.417016983032227,10.417016983032227,0.0
2011-12-06,10.417016983032227,10.417016983032227,10.417016983032227,10.417016983032227,0.0
2011-12-07,10.417016983032227,10.417016983032227,10.417016983032227,10.417016983032227,0.0
2011-12-08,10.417016983032227,10.417016983032227,10.417016983032227,10.417016983032227,0.0
2011-12-09,10.417016983032227,10.417016983032227,10.417016983032227,10.417016983032227,0.0
2011-12-12,10.417016983032227,10.417016983032227,10.417016983032227,10.417016983032227,0.0
2011-12-13,10.417016983032227,10.417016983032227,10.417016983032227,10.417016983032227,0.0
2011-12-14,10.417016983032227,10.417016983032227,10.417016983032227,10.417016983032227,0.0
2011-12-15,10.417016983032227,10.417016983032227,10.417016983032227,10.417016983032227,0.0
2011-12-16,10.417016983032227,10.417016983032227,10.417016983032227,10.417016983032227,0.0
2011-12-19,10.417016983032227,10.417016983032227,10.417016983032227,10.417016983032227,0.0
2011-12-20,10.417016983032227,10.417016983032227,10.417016983032227,10.417016983032227,0.0
2011-12-21,10.417016983032227,10.417016983032227,10.417016983032227,10.417016983032227,0.0
2011-12-22,10.417016983032227,10.417016983032227,10.417016983032227,10.417016983032227,0.0
2011-12-23,10.417016983032227,10.417016983032227,10.417016983032227,10.417016983032227,0.0
2011-12-27,10.417016983032227,10.417016983032227,10.417016983032227,10.417016983032227,0.0
2011-12-28,10.417016983032227,10.417016983032227,10.417016983032227,10.417016983032227,0.0
2011-12-29,10.417016983032227,10.417016983032227,10.417016983032227,10.417016983032227,0.0
2011-12-30,10.417016983032227,10.417016983032227,10.417016983032227,10.417016983032227,0.0
2012-01-03,10.417016983032227,10.417016983032227,10.417016983032227,10.417016983032227,0.0
2012-01-04,10.417016983032227,10.417016983032227,10.417016983032227,10.417016983032227,0.0
2012-01-05,10.417016983032227,10.417016983032227,10.417016983032227,10.417016983032227,0.0
2012-01-06,10.417016983032227,10.417016983032227,10.417016983032227,10.417016983032227,0.0
2012-01-09,10.417016983032227,10.417016983032227,10.417016983032227,10.417016983032227,0.0
2012-01-10,10.417016983032227,10.417016983032227,10.417016983032227,10.417016983032227,0.0
2012-01-11,10.417016983032227,10.417016983032227,10.417016983032227,10.417016983032227,0.0
2012-01-12,10.417016983032227,10.417016983032227,10.417016983032227,10.417016983032227,0.0
2012-01-13,10.417016983032227,10.417016983032227,10.417016983032227,10.417016983032227,0.0
2012-01-17,10.417016983032227,10.417016983032227,10.417016983032227,10.417016983032227,0.0
2012-01-18,10.417016983032227,10.417016983032227,10.417016983032227,10.417016983032227,0.0
2012-01-19,10.417016983032227,10.417016983032227,10.417016983032227,10.417016983032227,0.0
2012-01-20,10.417016983032227,10.417016983032227,10.417016983032227,10.417016983032227,300.0
2012-01-23,10.417016983032227,10.417016983032227,10.417016983032227,10.417016983032227,0.0
2012-01-24,10.417016983032227,10.417016983032227,10.417016983032227,10.417016983032227,0.0
2012-01-25,10.417016983032227,10.417016983032227,10.417016983032227,10.417016983032227,0.0
2012-01-26,10.417016983032227,10.417016983032227,10.417016983032227,10.417016983032227,0.0
2012-01-27,10.417016983032227,10.417016983032227,10.417016983032227,10.417016983032227,0.0
2012-01-30,10.417016983032227,10.417016983032227,10.417016983032227,10.417016983032227,0.0
2012-01-31,10.417016983032227,10.417016983032227,10.417016983032227,10.417016983032227,0.0
2012-02-01,10.417016983032227,10.417016983032227,10.417016983032227,10.417016983032227,0.0
2012-02-02,10.417016983032227,10.417016983032227,10.417016983032227,10.417016983032227,0.0
2012-02-03,10.417016983032227,10.417016983032227,10.417016983032227,10.417016983032227,0.0
2012-02-06,10.417016983032227,10.417016983032227,10.417016983032227,10.417016983032227,0.0
2012-02-07,10.817671775817871,10.817671775817871,10.817671775817871,10.817671775817871,200.0
2012-02-08,10.817671775817871,10.817671775817871,10.817671775817871,10.817671775817871,0.0
2012-02-09,10.817671775817871,10.817671775817871,10.817671775817871,10.817671775817871,0.0
2012-02-10,10.817671775817871,10.817671775817871,10.817671775817871,10.817671775817871,0.0
2012-02-13,10.817671775817871,10.817671775817871,10.817671775817871,10.817671775817871,0.0
2012-02-14,10.817671775817871,10.817671775817871,10.817671775817871,10.817671775817871,0.0
2012-02-15,11.618979177167338,12.4202880859375,11.618979177167338,12.4202880859375,500.0
2012-02-16,12.4202880859375,12.4202880859375,12.4202880859375,12.4202880859375,0.0
2012-02-17,12.4202880859375,12.4202880859375,12.4202880859375,12.4202880859375,0.0
2012-02-21,12.4202880859375,12.4202880859375,12.4202880859375,12.4202880859375,0.0
2012-02-22,12.4202880859375,12.4202880859375,12.4202880859375,12.4202880859375,0.0
2012-02-23,12.4202880859375,12.4202880859375,12.4202880859375,12.4202880859375,0.0
2012-02-24,12.4202880859375,12.4202880859375,12.4202880859375,12.4202880859375,0.0
2012-02-27,12.4202880859375,12.4202880859375,12.4202880859375,12.4202880859375,0.0
2012-02-28,12.4202880859375,12.4202880859375,12.4202880859375,12.4202880859375,0.0
2012-02-29,12.4202880859375,12.4202880859375,12.4202880859375,12.4202880859375,0.0
2012-03-01,12.4202880859375,12.4202880859375,12.4202880859375,12.4202880859375,0.0
2012-03-02,12.4202880859375,12.4202880859375,12.4202880859375,12.4202880859375,0.0
2012-03-05,12.4202880859375,12.4202880859375,12.4202880859375,12.4202880859375,0.0
2012-03-06,12.4202880859375,12.4202880859375,12.4202880859375,12.4202880859375,0.0
2012-03-07,12.4202880859375,12.4202880859375,12.4202880859375,12.4202880859375,0.0
2012-03-08,12.4202880859375,12.4202880859375,12.4202880859375,12.4202880859375,0.0
2012-03-09,12.420288017817905,12.420288017817905,11.218324661254883,11.218324661254883,400.0
2012-03-12,11.218324661254883,11.218324661254883,11.218324661254883,11.218324661254883,0.0
2012-03-13,11.218324661254883,11.218324661254883,11.218324661254883,11.218324661254883,0.0
2012-03-14,11.218324661254883,11.218324661254883,11.218324661254883,11.218324661254883,0.0
2012-03-15,11.218324661254883,11.218324661254883,11.218324661254883,11.218324661254883,0.0
2012-03-16,11.218324661254883,11.218324661254883,11.218324661254883,11.218324661254883,0.0
2012-03-19,11.218324661254883,11.218324661254883,11.218324661254883,11.218324661254883,0.0
2012-03-20,11.218324661254883,11.218324661254883,11.218324661254883,11.218324661254883,0.0
2012-03-21,11.218324661254883,11.218324661254883,11.218324661254883,11.218324661254883,0.0
2012-03-22,11.218324661254883,11.218324661254883,11.218324661254883,11.218324661254883,0.0
2012-03-23,11.218324661254883,11.218324661254883,11.218324661254883,11.218324661254883,0.0
2012-03-26,11.218324661254883,11.218324661254883,11.218324661254883,11.218324661254883,0.0
2012-03-27,11.218324661254883,11.218324661254883,11.218324661254883,11.218324661254883,0.0
2012-03-28,11.218324661254883,11.218324661254883,11.218324661254883,11.218324661254883,0.0
2012-03-29,11.218324661254883,11.218324661254883,11.218324661254883,11.218324661254883,0.0
2012-03-30,11.218324661254883,11.218324661254883,11.218324661254883,11.218324661254883,0.0
2012-04-02,11.218324661254883,11.218324661254883,11.218324661254883,11.218324661254883,0.0
2012-04-03,11.218324661254883,11.218324661254883,11.218324661254883,11.218324661254883,0.0
2012-04-04,11.218324661254883,11.218324661254883,11.218324661254883,11.218324661254883,0.0
2012-04-05,11.218324661254883,11.218324661254883,11.218324661254883,11.218324661254883,0.0
2012-04-09,11.218324661254883,11.218324661254883,11.218324661254883,11.218324661254883,0.0
2012-04-10,11.218324661254883,11.218324661254883,11.218324661254883,11.218324661254883,0.0
2012-04-11,11.218324661254883,11.218324661254883,11.218324661254883,11.218324661254883,0.0
2012-04-12,11.218324661254883,11.218324661254883,11.218324661254883,11.218324661254883,0.0
2012-04-13,11.218324661254883,11.218324661254883,11.218324661254883,11.218324661254883,0.0
2012-04-16,11.218324661254883,11.218324661254883,11.218324661254883,11.218324661254883,0.0
2012-04-17,11.819305419921875,11.819305419921875,11.819305419921875,11.819305419921875,1000.0
2012-04-18,11.819305419921875,11.819305419921875,11.819305419921875,11.819305419921875,0.0
2012-04-19,11.819306071599325,12.019633293151855,11.819306071599325,12.019633293151855,900.0
2012-04-20,11.939502716064453,11.939502716064453,11.939502716064453,11.939502716064453,500.0
2012-04-23,11.939502716064453,11.939502716064453,11.939502716064453,11.939502716064453,0.0
2012-04-24,11.939502716064453,11.939502716064453,11.939502716064453,11.939502716064453,0.0
2012-04-25,11.939502716064453,11.939502716064453,11.939502716064453,11.939502716064453,0.0
2012-04-26,11.939502716064453,11.939502716064453,11.939502716064453,11.939502716064453,0.0
2012-04-27,11.9395014405511,11.9395014405511,11.819305419921875,11.819305419921875,200.0
2012-04-30,11.819305419921875,11.819305419921875,11.819305419921875,11.819305419921875,0.0
2012-05-01,11.819305419921875,11.819305419921875,11.819305419921875,11.819305419921875,0.0
2012-05-02,11.819305419921875,11.819305419921875,11.819305419921875,11.819305419921875,0.0
2012-05-03,11.819305419921875,11.819305419921875,11.819305419921875,11.819305419921875,0.0
2012-05-04,11.819305419921875,11.819305419921875,11.819305419921875,11.819305419921875,0.0
2012-05-07,11.41865323140071,11.41865323140071,10.417016983032227,10.417016983032227,4500.0
2012-05-08,10.417016983032227,10.417016983032227,10.417016983032227,10.417016983032227,0.0
2012-05-09,10.016362190246582,10.016362190246582,10.016362190246582,10.016362190246582,700.0
2012-05-10,10.016362190246582,10.016362190246582,10.016362190246582,10.016362190246582,0.0
2012-05-11,10.016362190246582,10.016362190246582,10.016362190246582,10.016362190246582,0.0
2012-05-14,10.016362190246582,10.016362190246582,10.016362190246582,10.016362190246582,0.0
2012-05-15,10.016362190246582,10.016362190246582,10.016362190246582,10.016362190246582,0.0
2012-05-16,10.016362190246582,10.016362190246582,10.016362190246582,10.016362190246582,0.0
2012-05-17,10.016362190246582,10.016362190246582,10.016362190246582,10.016362190246582,0.0
2012-05-18,10.016362190246582,10.016362190246582,10.016362190246582,10.016362190246582,0.0
2012-05-21,10.016362190246582,10.016362190246582,10.016362190246582,10.016362190246582,0.0
2012-05-22,10.016362190246582,10.016362190246582,10.016362190246582,10.016362190246582,0.0
2012-05-23,10.016362190246582,10.016362190246582,10.016362190246582,10.016362190246582,0.0
2012-05-24,10.016362190246582,10.016362190246582,10.016362190246582,10.016362190246582,0.0
2012-05-25,10.016362190246582,10.016362190246582,10.016362190246582,10.016362190246582,0.0
2012-05-29,10.016362190246582,10.016362190246582,10.016362190246582,10.016362190246582,0.0
2012-05-30,10.016362190246582,10.016362190246582,10.016362190246582,10.016362190246582,0.0
2012-05-31,10.016362190246582,10.016362190246582,10.016362190246582,10.016362190246582,0.0
2012-06-01,10.016362190246582,10.016362190246582,10.016362190246582,10.016362190246582,0.0
2012-06-04,10.016362190246582,10.016362190246582,10.016362190246582,10.016362190246582,0.0
2012-06-05,10.016362190246582,10.016362190246582,10.016362190246582,10.016362190246582,0.0
2012-06-06,10.016362190246582,10.016362190246582,10.016362190246582,10.016362190246582,0.0
2012-06-07,10.016362190246582,10.016362190246582,10.016362190246582,10.016362190246582,0.0
2012-06-08,10.016362190246582,10.016362190246582,10.016362190246582,10.016362190246582,0.0
2012-06-11,10.016362190246582,10.016362190246582,10.016362190246582,10.016362190246582,0.0
2012-06-12,10.016362190246582,10.016362190246582,10.016362190246582,10.016362190246582,0.0
2012-06-13,10.016362190246582,10.016362190246582,10.016362190246582,10.016362190246582,0.0
2012-06-14,10.016362190246582,10.016362190246582,10.016362190246582,10.016362190246582,0.0
2012-06-15,10.016362190246582,10.016362190246582,10.016362190246582,10.016362190246582,0.0
2012-06-18,10.417016983032227,10.417016983032227,10.417016983032227,10.417016983032227,500.0
2012-06-19,10.417016983032227,10.417016983032227,10.417016983032227,10.417016983032227,0.0
2012-06-20,10.417016983032227,10.417016983032227,10.417016983032227,10.417016983032227,0.0
2012-06-21,10.417016983032227,10.417016983032227,10.417016983032227,10.417016983032227,0.0
2012-06-22,10.417016983032227,10.417016983032227,10.417016983032227,10.417016983032227,0.0
2012-06-25,10.417016983032227,10.417016983032227,10.417016983032227,10.417016983032227,0.0
2012-06-26,10.417016983032227,10.417016983032227,10.417016983032227,10.417016983032227,0.0
2012-06-27,10.417016983032227,10.417016983032227,10.417016983032227,10.417016983032227,100.0
2012-06-28,10.417016983032227,10.417016983032227,10.417016983032227,10.417016983032227,0.0
2012-06-29,10.417016983032227,10.417016983032227,10.417016983032227,10.417016983032227,0.0
2012-07-02,10.417016983032227,10.417016983032227,10.417016983032227,10.417016983032227,0.0
2012-07-03,10.417016983032227,10.417016983032227,10.417016983032227,10.417016983032227,0.0
2012-07-05,10.417016983032227,10.417016983032227,10.417016983032227,10.417016983032227,0.0
2012-07-06,10.417016983032227,10.417016983032227,10.417016983032227,10.417016983032227,0.0
2012-07-09,10.417016983032227,10.417016983032227,10.417016983032227,10.417016983032227,0.0
2012-07-10,10.417016983032227,10.417016983032227,10.417016983032227,10.417016983032227,0.0
2012-07-11,10.417016983032227,10.417016983032227,10.417016983032227,10.417016983032227,0.0
2012-07-12,10.417016983032227,10.417016983032227,10.417016983032227,10.417016983032227,0.0
2012-07-13,10.417016983032227,10.417016983032227,10.417016983032227,10.417016983032227,0.0
2012-07-16,10.49714818857683,10.617344232705923,10.417016983032227,10.417016983032227,4700.0
2012-07-17,10.417016983032227,10.417016983032227,10.417016983032227,10.417016983032227,0.0
2012-07-18,10.417016983032227,10.417016983032227,10.417016983032227,10.417016983032227,600.0
2012-07-19,10.417016983032227,10.417016983032227,10.417016983032227,10.417016983032227,0.0
2012-07-20,10.417016983032227,10.417016983032227,10.417016983032227,10.417016983032227,0.0
2012-07-23,10.417016983032227,10.417016983032227,10.417016983032227,10.417016983032227,0.0
2012-07-24,10.417016983032227,10.417016983032227,10.417016983032227,10.417016983032227,0.0
2012-07-25,10.417016983032227,10.417016983032227,10.417016983032227,10.417016983032227,0.0
2012-07-26,10.417016983032227,10.417016983032227,10.417016983032227,10.417016983032227,0.0
2012-07-27,10.417016983032227,10.417016983032227,10.417016983032227,10.417016983032227,0.0
2012-07-30,10.417016983032227,10.417016983032227,10.417016983032227,10.417016983032227,0.0
2012-07-31,10.417016983032227,10.417016983032227,10.417016983032227,10.417016983032227,0.0
2012-08-01,10.417016983032227,10.417016983032227,10.417016983032227,10.417016983032227,0.0
2012-08-02,10.417016983032227,10.417016983032227,10.417016983032227,10.417016983032227,0.0
2012-08-03,10.417016983032227,10.417016983032227,10.417016983032227,10.417016983032227,0.0
2012-08-06,10.417016983032227,10.417016983032227,10.417016983032227,10.417016983032227,0.0
2012-08-07,10.417016983032227,10.417016983032227,10.417016983032227,10.417016983032227,0.0
2012-08-08,10.417016983032227,10.417016983032227,10.417016983032227,10.417016983032227,0.0
2012-08-09,10.417016983032227,10.417016983032227,10.417016983032227,10.417016983032227,0.0
2012-08-10,10.417016983032227,10.417016983032227,10.417016983032227,10.417016983032227,0.0
2012-08-13,10.417016983032227,10.417016983032227,10.417016983032227,10.417016983032227,0.0
2012-08-14,10.417016983032227,10.417016983032227,10.417016983032227,10.417016983032227,0.0
2012-08-15,10.417016983032227,10.417016983032227,10.417016983032227,10.417016983032227,0.0
2012-08-16,10.417016983032227,10.417016983032227,10.417016983032227,10.417016983032227,0.0
2012-08-17,10.417016983032227,10.417016983032227,10.417016983032227,10.417016983032227,0.0
2012-08-20,10.817671775817871,10.817671775817871,10.817671775817871,10.817671775817871,1100.0
2012-08-21,10.817671775817871,10.817671775817871,10.817671775817871,10.817671775817871,0.0
2012-08-22,10.817671775817871,10.817671775817871,10.817671775817871,10.817671775817871,0.0
2012-08-23,10.817671775817871,10.817671775817871,10.817671775817871,10.817671775817871,0.0
2012-08-24,10.817671775817871,10.817671775817871,10.817671775817871,10.817671775817871,0.0
2012-08-27,10.817671775817871,10.817671775817871,10.817671775817871,10.817671775817871,200.0
2012-08-28,10.817671775817871,10.817671775817871,10.817671775817871,10.817671775817871,0.0
2012-08-29,10.016362755386918,10.817671775817871,10.016362755386918,10.817671775817871,3300.0
2012-08-30,10.817671775817871,10.817671775817871,10.817671775817871,10.817671775817871,200.0
2012-08-31,10.817671775817871,10.817671775817871,10.817671775817871,10.817671775817871,0.0
2012-09-04,10.817671775817871,10.817671775817871,10.817671775817871,10.817671775817871,0.0
2012-09-05,10.817671775817871,10.817671775817871,10.817671775817871,10.817671775817871,0.0
2012-09-06,10.817671775817871,10.817671775817871,10.817671775817871,10.817671775817871,0.0
2012-09-07,10.817671775817871,10.817671775817871,10.817671775817871,10.817671775817871,0.0
2012-09-10,10.817671775817871,10.817671775817871,10.817671775817871,10.817671775817871,0.0
2012-09-11,10.817671775817871,10.817671775817871,10.817671775817871,10.817671775817871,0.0
2012-09-12,10.817671775817871,10.817671775817871,10.817671775817871,10.817671775817871,0.0
2012-09-13,10.817671775817871,10.817671775817871,10.817671775817871,10.817671775817871,0.0
2012-09-14,10.817671775817871,10.817671775817871,10.817671775817871,10.817671775817871,0.0
2012-09-17,10.977932929992676,10.977932929992676,10.977932929992676,10.977932929992676,400.0
2012-09-18,10.977933427066496,10.977933427066496,10.817671775817871,10.817671775817871,1500.0
2012-09-19,10.817671775817871,10.817671775817871,10.817671775817871,10.817671775817871,0.0
2012-09-20,11.058061599731445,11.058061599731445,11.058061599731445,11.058061599731445,300.0
2012-09-21,11.058061599731445,11.058061599731445,11.058061599731445,11.058061599731445,0.0
2012-09-24,11.058061599731445,11.058061599731445,11.058061599731445,11.058061599731445,0.0
2012-09-25,11.058061599731445,11.058061599731445,11.058061599731445,11.058061599731445,0.0
2012-09-26,11.058061599731445,11.058061599731445,11.058061599731445,11.058061599731445,0.0
2012-09-27,11.058061599731445,11.058061599731445,11.058061599731445,11.058061599731445,0.0
2012-09-28,11.058061599731445,11.058061599731445,11.058061599731445,11.058061599731445,0.0
2012-10-01,11.058061599731445,11.058061599731445,11.058061599731445,11.058061599731445,0.0
2012-10-02,11.058061599731445,11.058061599731445,11.058061599731445,11.058061599731445,0.0
2012-10-03,11.058061599731445,11.058061599731445,11.058061599731445,11.058061599731445,200.0
2012-10-04,11.058061599731445,11.058061599731445,11.058061599731445,11.058061599731445,0.0
2012-10-05,11.058061599731445,11.058061599731445,11.058061599731445,11.058061599731445,0.0
2012-10-08,11.058061599731445,11.058061599731445,11.058061599731445,11.058061599731445,0.0
2012-10-09,11.058061599731445,11.058061599731445,11.058061599731445,11.058061599731445,0.0
2012-10-10,11.058061599731445,11.058061599731445,11.058061599731445,11.058061599731445,0.0
2012-10-11,11.058061599731445,11.058061599731445,11.058061599731445,11.058061599731445,0.0
2012-10-12,11.058061599731445,11.058061599731445,11.058061599731445,11.058061599731445,0.0
2012-10-15,11.058061599731445,11.058061599731445,11.058061599731445,11.058061599731445,0.0
2012-10-16,11.058061599731445,11.058061599731445,11.058061599731445,11.058061599731445,0.0
2012-10-17,11.058061599731445,11.058061599731445,11.058061599731445,11.058061599731445,0.0
2012-10-18,11.058061599731445,11.058061599731445,11.058061599731445,11.058061599731445,0.0
2012-10-19,11.058061599731445,11.058061599731445,11.058061599731445,11.058061599731445,400.0
2012-10-22,11.058061599731445,11.058061599731445,11.058061599731445,11.058061599731445,0.0
2012-10-23,11.058061599731445,11.058061599731445,11.058061599731445,11.058061599731445,0.0
2012-10-24,11.058061599731445,11.058061599731445,11.058061599731445,11.058061599731445,0.0
2012-10-25,11.058061599731445,11.058061599731445,11.058061599731445,11.058061599731445,0.0
2012-10-26,11.058061599731445,11.058061599731445,11.058061599731445,11.058061599731445,0.0
2012-10-31,11.058061599731445,11.058061599731445,11.058061599731445,11.058061599731445,0.0
2012-11-01,11.058061599731445,11.058061599731445,11.058061599731445,11.058061599731445,0.0
2012-11-02,11.058061599731445,11.058061599731445,11.058061599731445,11.058061599731445,0.0
2012-11-05,11.058061599731445,11.058061599731445,11.058061599731445,11.058061599731445,0.0
2012-11-06,11.058061599731445,11.058061599731445,11.058061599731445,11.058061599731445,0.0
2012-11-07,11.058061599731445,11.058061599731445,11.058061599731445,11.058061599731445,0.0
2012-11-08,11.058061599731445,11.058061599731445,11.058061599731445,11.058061599731445,0.0
2012-11-09,11.218324661254883,11.218324661254883,11.218324661254883,11.218324661254883,200.0
2012-11-12,11.218324661254883,11.218324661254883,11.218324661254883,11.218324661254883,0.0
2012-11-13,11.218324661254883,11.218324661254883,11.218324661254883,11.218324661254883,0.0
2012-11-14,11.218324661254883,11.218324661254883,11.218324661254883,11.218324661254883,0.0
2012-11-15,10.817671775817871,10.817671775817871,10.817671775817871,10.817671775817871,700.0
2012-11-16,10.817671775817871,10.817671775817871,10.817671775817871,10.817671775817871,0.0
2012-11-19,10.817671775817871,10.817671775817871,10.817671775817871,10.817671775817871,0.0
2012-11-20,10.817671775817871,10.817671775817871,10.817671775817871,10.817671775817871,0.0
2012-11-21,10.817671775817871,10.817671775817871,10.817671775817871,10.817671775817871,0.0
2012-11-23,10.817671775817871,10.817671775817871,10.817671775817871,10.817671775817871,0.0
2012-11-26,10.617341995239258,10.617341995239258,10.617341995239258,10.617341995239258,300.0
2012-11-27,10.617341995239258,10.617341995239258,10.617341995239258,10.617341995239258,0.0
2012-11-28,10.617341995239258,10.617341995239258,10.617341995239258,10.617341995239258,0.0
2012-11-29,10.617341995239258,10.617341995239258,10.617341995239258,10.617341995239258,0.0
2012-11-30,10.617341995239258,10.617341995239258,10.617341995239258,10.617341995239258,0.0
2012-12-03,10.617341995239258,10.617341995239258,10.617341995239258,10.617341995239258,0.0
2012-12-04,10.617341995239258,10.617341995239258,10.617341995239258,10.617341995239258,0.0
2012-12-05,10.617341995239258,10.617341995239258,10.617341995239258,10.617341995239258,0.0
2012-12-06,10.617341995239258,10.617341995239258,10.617341995239258,10.617341995239258,0.0
2012-12-07,10.617341995239258,10.617341995239258,10.617341995239258,10.617341995239258,0.0
2012-12-10,10.617341995239258,10.617341995239258,10.617341995239258,10.617341995239258,0.0
2012-12-11,10.817671775817871,10.817671775817871,10.817671775817871,10.817671775817871,400.0
2012-12-12,10.817671775817871,10.817671775817871,10.817671775817871,10.817671775817871,0.0
2012-12-13,10.817671775817871,10.817671775817871,10.817671775817871,10.817671775817871,0.0
2012-12-14,10.817671775817871,10.817671775817871,10.817671775817871,10.817671775817871,0.0
2012-12-17,10.817671775817871,10.817671775817871,10.817671775817871,10.817671775817871,0.0
2012-12-18,10.817671775817871,10.817671775817871,10.817671775817871,10.817671775817871,0.0
2012-12-19,10.817671775817871,10.817671775817871,10.817671775817871,10.817671775817871,0.0
2012-12-20,10.817671775817871,10.817671775817871,10.817671775817871,10.817671775817871,0.0
2012-12-21,10.817671775817871,10.817671775817871,10.817671775817871,10.817671775817871,0.0
2012-12-24,10.817671775817871,10.817671775817871,10.817671775817871,10.817671775817871,0.0
2012-12-26,10.817671775817871,10.817671775817871,10.817671775817871,10.817671775817871,0.0
2012-12-27,10.817671775817871,10.817671775817871,10.817671775817871,10.817671775817871,100.0
2012-12-28,10.817671775817871,10.817671775817871,10.817671775817871,10.817671775817871,0.0
2012-12-31,10.817671775817871,10.817671775817871,10.817671775817871,10.817671775817871,0.0
2013-01-02,10.817671775817871,10.817671775817871,10.817671775817871,10.817671775817871,0.0
2013-01-03,10.817671775817871,10.817671775817871,10.817671775817871,10.817671775817871,0.0
2013-01-04,10.817671775817871,10.817671775817871,10.817671775817871,10.817671775817871,0.0
2013-01-07,10.817671775817871,10.817671775817871,10.817671775817871,10.817671775817871,0.0
2013-01-08,10.817671775817871,10.817671775817871,10.817671775817871,10.817671775817871,0.0
2013-01-09,10.817671775817871,10.817671775817871,10.817671775817871,10.817671775817871,0.0
2013-01-10,10.817671775817871,10.817671775817871,10.817671775817871,10.817671775817871,0.0
2013-01-11,10.817671775817871,10.817671775817871,10.817671775817871,10.817671775817871,0.0
2013-01-14,10.817671775817871,10.817671775817871,10.817671775817871,10.817671775817871,0.0
2013-01-15,10.817671775817871,10.817671775817871,10.817671775817871,10.817671775817871,0.0
2013-01-16,10.817671775817871,10.817671775817871,10.817671775817871,10.817671775817871,0.0
2013-01-17,10.817671775817871,10.817671775817871,10.817671775817871,10.817671775817871,0.0
2013-01-18,10.817671775817871,10.817671775817871,10.817671775817871,10.817671775817871,0.0
2013-01-22,10.881776104913893,11.017998695373535,10.881776104913893,11.017998695373535,500.0
2013-01-23,11.017998695373535,11.017998695373535,11.017998695373535,11.017998695373535,0.0
2013-01-24,11.218324661254883,11.218324661254883,11.218324661254883,11.218324661254883,500.0
2013-01-25,11.218324661254883,11.218324661254883,11.218324661254883,11.218324661254883,0.0
2013-01-28,11.218324661254883,11.218324661254883,11.218324661254883,11.218324661254883,0.0
2013-01-29,11.218324661254883,11.218324661254883,11.218324661254883,11.218324661254883,0.0
2013-01-30,11.017998695373535,11.017998695373535,11.017998695373535,11.017998695373535,600.0
2013-01-31,11.017998695373535,11.017998695373535,11.017998695373535,11.017998695373535,0.0
2013-02-01,11.017998695373535,11.017998695373535,11.017998695373535,11.017998695373535,0.0
2013-02-04,11.017998695373535,11.017998695373535,11.017998695373535,11.017998695373535,0.0
2013-02-05,11.017998695373535,11.017998695373535,11.017998695373535,11.017998695373535,0.0
2013-02-06,11.466732025146484,11.466732025146484,11.466732025146484,11.466732025146484,600.0
2013-02-07,11.466732025146484,11.466732025146484,11.466732025146484,11.466732025146484,0.0
2013-02-08,11.466732025146484,11.466732025146484,11.466732025146484,11.466732025146484,0.0
2013-02-11,11.466732025146484,11.466732025146484,11.466732025146484,11.466732025146484,0.0
2013-02-12,11.466732025146484,11.466732025146484,11.466732025146484,11.466732025146484,0.0
2013-02-13,11.466732025146484,11.466732025146484,11.466732025146484,11.466732025146484,0.0
2013-02-14,11.466732025146484,11.466732025146484,11.466732025146484,11.466732025146484,0.0
2013-02-15,11.618979454040527,11.618979454040527,11.618979454040527,11.618979454040527,200.0
2013-02-19,11.618979454040527,11.618979454040527,11.618979454040527,11.618979454040527,0.0
2013-02-20,11.618979454040527,11.618979454040527,11.618979454040527,11.618979454040527,0.0
2013-02-21,11.618979454040527,11.618979454040527,11.618979454040527,11.618979454040527,0.0
2013-02-22,11.618979454040527,11.618979454040527,11.618979454040527,11.618979454040527,0.0
2013-02-25,12.019635736942291,12.820944786071777,12.019635736942291,12.820944786071777,1100.0
2013-02-26,12.820944786071777,12.820944786071777,12.820944786071777,12.820944786071777,0.0
2013-02-27,12.820944786071777,12.820944786071777,12.820944786071777,12.820944786071777,0.0
2013-02-28,12.820944786071777,12.820944786071777,12.820944786071777,12.820944786071777,0.0
2013-03-01,12.820944786071777,12.820944786071777,12.820944786071777,12.820944786071777,400.0
2013-03-04,12.820944786071777,12.820944786071777,12.820944786071777,12.820944786071777,0.0
2013-03-05,12.820944786071777,12.820944786071777,12.820944786071777,12.820944786071777,300.0
2013-03-06,14.42356014251709,14.42356014251709,14.42356014251709,14.42356014251709,300.0
2013-03-07,14.423560055819424,17.628795623779297,14.423560055819424,17.628795623779297,500.0
2013-03-08,17.628795623779297,17.628795623779297,17.628795623779297,17.628795623779297,0.0
2013-03-11,15.42519760131836,15.42519760131836,15.42519760131836,15.42519760131836,100.0
2013-03-12,16.226497650146484,16.226497650146484,16.226497650146484,16.226497650146484,100.0
2013-03-13,16.226497650146484,16.226497650146484,16.226497650146484,16.226497650146484,0.0
2013-03-14,16.226497650146484,16.226497650146484,16.226497650146484,16.226497650146484,0.0
2013-03-15,16.226497650146484,16.226497650146484,16.226497650146484,16.226497650146484,0.0
2013-03-18,16.226497650146484,16.226497650146484,16.226497650146484,16.226497650146484,0.0
2013-03-19,17.628795623779297,17.628795623779297,17.628795623779297,17.628795623779297,100.0
2013-03-20,17.628795623779297,17.628795623779297,17.628795623779297,17.628795623779297,0.0
2013-03-21,17.628795623779297,17.628795623779297,17.628795623779297,17.628795623779297,0.0
2013-03-22,17.628795623779297,17.628795623779297,17.628795623779297,17.628795623779297,0.0
2013-03-25,17.628795623779297,17.628795623779297,17.628795623779297,17.628795623779297,0.0
2013-03-26,17.628795623779297,17.628795623779297,17.628795623779297,17.628795623779297,0.0
2013-03-27,17.628795623779297,17.628795623779297,17.628795623779297,17.628795623779297,0.0
2013-03-28,17.628795623779297,17.628795623779297,17.628795623779297,17.628795623779297,0.0
2013-04-01,17.628795623779297,17.628795623779297,17.628795623779297,17.628795623779297,0.0
2013-04-02,17.628795623779297,17.628795623779297,17.628795623779297,17.628795623779297,0.0
2013-04-03,17.628795623779297,17.628795623779297,17.628795623779297,17.628795623779297,0.0
2013-04-04,17.628795623779297,17.628795623779297,17.628795623779297,17.628795623779297,0.0
2013-04-05,17.628795623779297,17.628795623779297,17.628795623779297,17.628795623779297,0.0
2013-04-08,17.228139877319336,17.228139877319336,17.228139877319336,17.228139877319336,100.0
2013-04-09,17.228139877319336,17.228139877319336,17.228139877319336,17.228139877319336,0.0
2013-04-10,17.228139877319336,17.228139877319336,17.228139877319336,17.228139877319336,0.0
2013-04-11,17.228139877319336,17.228139877319336,17.228139877319336,17.228139877319336,0.0
2013-04-12,17.228139877319336,17.228139877319336,17.228139877319336,17.228139877319336,0.0
2013-04-15,17.228139877319336,17.228139877319336,17.228139877319336,17.228139877319336,0.0
2013-04-16,17.228139877319336,17.228139877319336,17.228139877319336,17.228139877319336,0.0
2013-04-17,17.228139877319336,17.228139877319336,17.228139877319336,17.228139877319336,0.0
2013-04-18,17.228139877319336,17.228139877319336,17.228139877319336,17.228139877319336,0.0
2013-04-19,17.228139877319336,17.228139877319336,17.228139877319336,17.228139877319336,0.0
2013-04-22,17.228139877319336,17.228139877319336,17.228139877319336,17.228139877319336,0.0
2013-04-23,17.228139877319336,17.228139877319336,17.228139877319336,17.228139877319336,0.0
2013-04-24,17.228139877319336,17.228139877319336,17.228139877319336,17.228139877319336,0.0
2013-04-25,17.628795623779297,17.628795623779297,17.628795623779297,17.628795623779297,200.0
2013-04-26,17.628795623779297,17.628795623779297,17.628795623779297,17.628795623779297,200.0
2013-04-29,17.628795623779297,17.628795623779297,17.628795623779297,17.628795623779297,0.0
2013-04-30,17.628795623779297,17.628795623779297,17.628795623779297,17.628795623779297,0.0
2013-05-01,17.628795623779297,17.628795623779297,17.628795623779297,17.628795623779297,0.0
2013-05-02,17.628795623779297,17.628795623779297,17.628795623779297,17.628795623779297,0.0
2013-05-03,17.628795623779297,17.628795623779297,17.628795623779297,17.628795623779297,0.0
2013-05-06,17.628795623779297,17.628795623779297,17.628795623779297,17.628795623779297,0.0
2013-05-07,17.628795623779297,17.628795623779297,17.628795623779297,17.628795623779297,0.0
2013-05-08,17.628795623779297,17.628795623779297,17.628795623779297,17.628795623779297,0.0
2013-05-09,17.628795623779297,17.628795623779297,17.628795623779297,17.628795623779297,0.0
2013-05-10,17.628795623779297,17.628795623779297,17.628795623779297,17.628795623779297,0.0
2013-05-13,17.628795623779297,17.628795623779297,17.628795623779297,17.628795623779297,0.0
2013-05-14,17.628795623779297,17.628795623779297,17.628795623779297,17.628795623779297,0.0
2013-05-15,18.43010902404785,18.43010902404785,18.43010902404785,18.43010902404785,100.0
2013-05-16,18.43010902404785,18.43010902404785,18.43010902404785,18.43010902404785,0.0
2013-05-17,18.43010902404785,18.43010902404785,18.43010902404785,18.43010902404785,0.0
2013-05-20,18.43010902404785,18.43010902404785,18.43010902404785,18.43010902404785,0.0
2013-05-21,16.226501727104186,16.226501727104186,16.026174545288086,16.026174545288086,300.0
2013-05-22,16.026174545288086,16.026174545288086,16.026174545288086,16.026174545288086,0.0
2013-05-23,16.026174545288086,16.026174545288086,16.026174545288086,16.026174545288086,0.0
2013-05-24,16.026174545288086,16.026174545288086,16.026174545288086,16.026174545288086,0.0
2013-05-28,17.620786666870117,17.620786666870117,17.620786666870117,17.620786666870117,100.0
2013-05-29,17.620786666870117,17.620786666870117,17.620786666870117,17.620786666870117,0.0
2013-05-30,17.620786666870117,17.620786666870117,17.620786666870117,17.620786666870117,0.0
2013-05-31,17.620786666870117,17.620786666870117,17.620786666870117,17.620786666870117,0.0
2013-06-03,17.620786666870117,17.620786666870117,17.620786666870117,17.620786666870117,0.0
2013-06-04,17.620786666870117,17.620786666870117,17.620786666870117,17.620786666870117,0.0
2013-06-05,17.620786666870117,17.620786666870117,17.620786666870117,17.620786666870117,0.0
2013-06-06,17.620786666870117,17.620786666870117,17.620786666870117,17.620786666870117,0.0
2013-06-07,17.620786666870117,17.620786666870117,17.620786666870117,17.620786666870117,0.0
2013-06-10,17.620786666870117,17.620786666870117,17.620786666870117,17.620786666870117,0.0
2013-06-11,17.620786666870117,17.620786666870117,17.620786666870117,17.620786666870117,0.0
2013-06-12,17.027814865112305,17.027814865112305,17.027814865112305,17.027814865112305,500.0
2013-06-13,17.027814865112305,17.027814865112305,17.027814865112305,17.027814865112305,0.0
2013-06-14,16.827484130859375,16.827484130859375,16.827484130859375,16.827484130859375,500.0
2013-06-17,16.466899871826172,16.466899871826172,16.466899871826172,16.466899871826172,600.0
2013-06-18,16.827484130859375,16.827484130859375,16.827484130859375,16.827484130859375,100.0
2013-06-19,16.827484130859375,16.827484130859375,16.827484130859375,16.827484130859375,0.0
2013-06-20,16.827484130859375,16.827484130859375,16.827484130859375,16.827484130859375,0.0
2013-06-21,16.026174545288086,16.026174545288086,16.026174545288086,16.026174545288086,100.0
2013-06-24,16.026174545288086,16.026174545288086,16.026174545288086,16.026174545288086,0.0
2013-06-25,16.026174545288086,16.026174545288086,16.026174545288086,16.026174545288086,0.0
2013-06-26,16.026174545288086,16.026174545288086,16.026174545288086,16.026174545288086,0.0
2013-06-27,16.026174545288086,16.026174545288086,16.026174545288086,16.026174545288086,0.0
2013-06-28,16.026174545288086,16.026174545288086,16.026174545288086,16.026174545288086,0.0
2013-07-01,16.026174545288086,16.026174545288086,16.026174545288086,16.026174545288086,0.0
2013-07-02,15.23287868499756,15.23287868499756,15.23287868499756,15.232878684997559,600.0
2013-07-03,15.23287868499756,15.23287868499756,15.23287868499756,15.232878684997559,1000.0
2013-07-05,15.593467098945256,16.026174545288086,15.593467098945256,16.026174545288086,500.0
2013-07-08,17.420452117919922,17.420452117919922,17.420452117919922,17.420452117919922,100.0
2013-07-09,15.513341903686523,15.513341903686523,15.513341903686523,15.513341903686523,100.0
2013-07-10,15.224867820739748,15.224867820739748,15.224867820739748,15.224867820739746,100.0
2013-07-11,15.224867820739748,15.224867820739748,15.224867820739748,15.224867820739746,0.0
2013-07-12,15.224867820739748,15.224867820739748,15.224867820739748,15.224867820739746,0.0
2013-07-15,15.224867820739748,15.224867820739748,15.224867820739748,15.224867820739746,0.0
2013-07-16,15.4412260055542,15.4412260055542,15.4412260055542,15.4412260055542,500.0
2013-07-17,15.4412260055542,15.4412260055542,15.4412260055542,15.4412260055542,0.0
2013-07-18,15.4412260055542,15.4412260055542,15.4412260055542,15.4412260055542,0.0
2013-07-19,15.4412260055542,15.4412260055542,15.4412260055542,15.4412260055542,0.0
2013-07-22,15.4412260055542,15.4412260055542,15.4412260055542,15.4412260055542,0.0
2013-07-23,17.412444766981764,17.412444766981764,16.466899871826172,16.466899871826172,400.0
2013-07-24,16.466899871826172,16.466899871826172,16.466899871826172,16.466899871826172,0.0
2013-07-25,16.466899871826172,16.466899871826172,16.466899871826172,16.466899871826172,200.0
2013-07-26,16.466899871826172,16.466899871826172,16.466899871826172,16.466899871826172,0.0
2013-07-29,16.466899871826172,16.466899871826172,16.466899871826172,16.466899871826172,500.0
2013-07-30,16.46690038340607,17.62879911847396,16.46690038340607,17.548667907714844,900.0
2013-07-31,17.548667907714844,17.548667907714844,17.548667907714844,17.548667907714844,0.0
2013-08-01,17.548667907714844,17.548667907714844,17.548667907714844,17.548667907714844,0.0
2013-08-02,16.827484130859375,16.827484130859375,16.827484130859375,16.827484130859375,100.0
2013-08-05,16.827484130859375,16.827484130859375,16.827484130859375,16.827484130859375,0.0
2013-08-06,17.468536376953125,17.468536376953125,17.468536376953125,17.468536376953125,200.0
2013-08-07,17.468536376953125,17.468536376953125,17.468536376953125,17.468536376953125,0.0
2013-08-08,17.468536376953125,17.468536376953125,17.468536376953125,17.468536376953125,0.0
2013-08-09,17.468536376953125,17.468536376953125,17.468536376953125,17.468536376953125,0.0
2013-08-12,17.628795623779297,17.628795623779297,17.628795623779297,17.628795623779297,1900.0
2013-08-13,17.628795623779297,17.628795623779297,17.628795623779297,17.628795623779297,0.0
2013-08-14,17.628795623779297,17.628795623779297,17.628795623779297,17.628795623779297,0.0
2013-08-15,18.430104515769266,18.430104515769266,17.628795623779297,17.628795623779297,200.0
2013-08-16,17.628795623779297,17.628795623779297,17.628795623779297,17.628795623779297,0.0
2013-08-19,17.628795623779297,17.628795623779297,17.628795623779297,17.628795623779297,0.0
2013-08-20,17.628795623779297,17.628795623779297,17.628795623779297,17.628795623779297,400.0
2013-08-21,17.628795623779297,17.628795623779297,17.628795623779297,17.628795623779297,0.0
2013-08-22,17.628795623779297,17.628795623779297,17.628795623779297,17.628795623779297,0.0
2013-08-23,17.628795623779297,17.628795623779297,17.628795623779297,17.628795623779297,0.0
2013-08-26,17.628795623779297,17.628795623779297,17.628795623779297,17.628795623779297,0.0
2013-08-27,17.628795623779297,17.628795623779297,17.628795623779297,17.628795623779297,0.0
2013-08-28,17.628795623779297,17.628795623779297,17.628795623779297,17.628795623779297,0.0
2013-08-29,17.628795623779297,17.628795623779297,17.628795623779297,17.628795623779297,0.0
2013-08-30,17.628795623779297,17.628795623779297,17.628795623779297,17.628795623779297,0.0
2013-09-03,17.628795623779297,17.628795623779297,17.628795623779297,17.628795623779297,0.0
2013-09-04,17.628795623779297,17.628795623779297,17.628795623779297,17.628795623779297,0.0
2013-09-05,17.628795623779297,17.628795623779297,17.628795623779297,17.628795623779297,0.0
2013-09-06,17.628795623779297,17.628795623779297,17.628795623779297,17.628795623779297,0.0
2013-09-09,17.628795623779297,17.628795623779297,17.628795623779297,17.628795623779297,0.0
2013-09-10,17.628795623779297,17.628795623779297,17.628795623779297,17.628795623779297,0.0
2013-09-11,17.628795623779297,17.628795623779297,17.628795623779297,17.628795623779297,0.0
2013-09-12,17.628795623779297,17.628795623779297,17.628795623779297,17.628795623779297,500.0
2013-09-13,17.628795623779297,17.628795623779297,17.628795623779297,17.628795623779297,0.0
2013-09-16,17.628795623779297,17.628795623779297,17.628795623779297,17.628795623779297,0.0
2013-09-17,17.30827522277832,17.30827522277832,17.30827522277832,17.30827522277832,1000.0
2013-09-18,17.30827522277832,17.30827522277832,17.30827522277832,17.30827522277832,0.0
2013-09-19,17.30827522277832,17.30827522277832,17.30827522277832,17.30827522277832,0.0
2013-09-20,17.30827522277832,17.30827522277832,17.30827522277832,17.30827522277832,0.0
2013-09-23,17.30827522277832,17.30827522277832,17.30827522277832,17.30827522277832,0.0
2013-09-24,17.30827522277832,17.30827522277832,17.30827522277832,17.30827522277832,0.0
2013-09-25,17.30827522277832,17.30827522277832,17.30827522277832,17.30827522277832,0.0
2013-09-26,17.628795623779297,17.628795623779297,17.628795623779297,17.628795623779297,100.0
2013-09-27,16.827484130859375,16.827484130859375,16.827484130859375,16.827484130859375,500.0
2013-09-30,16.827484130859375,16.827484130859375,16.827484130859375,16.827484130859375,0.0
2013-10-01,16.827484130859375,16.827484130859375,16.827484130859375,16.827484130859375,0.0
2013-10-02,16.827484130859375,16.827484130859375,16.827484130859375,16.827484130859375,0.0
2013-10-03,17.628795623779297,17.628795623779297,17.628795623779297,17.628795623779297,200.0
2013-10-04,17.628795623779297,17.628795623779297,17.628795623779297,17.628795623779297,0.0
2013-10-07,17.628795623779297,17.628795623779297,17.628795623779297,17.628795623779297,0.0
2013-10-08,17.628795623779297,17.628795623779297,17.628795623779297,17.628795623779297,200.0
2013-10-09,17.628795623779297,17.628795623779297,17.628795623779297,17.628795623779297,0.0
2013-10-10,17.628795623779297,17.628795623779297,17.628795623779297,17.628795623779297,0.0
2013-10-11,17.628795623779297,17.628795623779297,17.628795623779297,17.628795623779297,0.0
2013-10-14,17.628795623779297,17.628795623779297,17.628795623779297,17.628795623779297,0.0
2013-10-15,17.628795623779297,17.628795623779297,17.628795623779297,17.628795623779297,0.0
2013-10-16,17.628795623779297,17.628795623779297,17.628795623779297,17.628795623779297,0.0
2013-10-17,17.628795623779297,17.628795623779297,17.628795623779297,17.628795623779297,0.0
2013-10-18,17.628795623779297,17.628795623779297,17.628795623779297,17.628795623779297,0.0
2013-10-21,17.628795623779297,17.628795623779297,17.628795623779297,17.628795623779297,0.0
2013-10-22,17.628795623779297,17.628795623779297,17.628795623779297,17.628795623779297,0.0
2013-10-23,17.628795623779297,17.628795623779297,17.628795623779297,17.628795623779297,0.0
2013-10-24,17.628795623779297,17.628795623779297,17.628795623779297,17.628795623779297,100.0
2013-10-25,17.628795623779297,17.628795623779297,17.628795623779297,17.628795623779297,0.0
2013-10-28,17.628795623779297,17.628795623779297,17.628795623779297,17.628795623779297,0.0
2013-10-29,17.628795623779297,17.628795623779297,17.628795623779297,17.628795623779297,0.0
2013-10-30,17.628795623779297,17.628795623779297,17.628795623779297,17.628795623779297,0.0
2013-10-31,17.628795623779297,17.628795623779297,17.628795623779297,17.628795623779297,0.0
2013-11-01,17.628795623779297,17.628795623779297,17.628795623779297,17.628795623779297,0.0
2013-11-04,17.628795623779297,17.628795623779297,17.628795623779297,17.628795623779297,0.0
2013-11-05,17.628795623779297,17.628795623779297,17.628795623779297,17.628795623779297,0.0
2013-11-06,17.628795623779297,17.628795623779297,17.628795623779297,17.628795623779297,0.0
2013-11-07,16.11432647705078,16.11432647705078,16.11432647705078,16.11432647705078,200.0
2013-11-08,16.11432647705078,16.11432647705078,16.11432647705078,16.11432647705078,0.0
2013-11-11,16.026174545288086,16.026174545288086,16.026174545288086,16.026174545288086,400.0
2013-11-12,16.026174545288086,16.026174545288086,16.026174545288086,16.026174545288086,100.0
2013-11-13,16.026174545288086,16.026174545288086,16.026174545288086,16.026174545288086,0.0
2013-11-14,16.026174545288086,16.026174545288086,16.026174545288086,16.026174545288086,0.0
2013-11-15,16.026174545288086,16.026174545288086,16.026174545288086,16.026174545288086,0.0
2013-11-18,16.026174545288086,16.026174545288086,16.026174545288086,16.026174545288086,0.0
2013-11-19,16.026174545288086,16.026174545288086,16.026174545288086,16.026174545288086,0.0
2013-11-20,16.026174545288086,16.026174545288086,16.026174545288086,16.026174545288086,0.0
2013-11-21,16.026174545288086,16.026174545288086,16.026174545288086,16.026174545288086,0.0
2013-11-22,15.625528335571289,15.625528335571289,15.625528335571289,15.625528335571289,200.0
2013-11-25,15.625528335571289,15.625528335571289,15.625528335571289,15.625528335571289,400.0
2013-11-26,15.625522237075003,15.625522237075003,15.224867820739748,15.224867820739746,900.0
2013-11-27,15.224867820739748,15.224867820739748,15.224867820739748,15.224867820739746,0.0
2013-11-29,15.224867820739748,15.224867820739748,15.224867820739748,15.224867820739746,0.0
2013-12-02,15.224867820739748,15.224867820739748,15.224867820739748,15.224867820739746,0.0
2013-12-03,15.224867820739748,15.224867820739748,15.224867820739748,15.224867820739746,0.0
2013-12-04,15.224867820739748,15.224867820739748,15.224867820739748,15.224867820739746,0.0
2013-12-05,15.224867820739748,15.224867820739748,15.224867820739748,15.224867820739746,0.0
2013-12-06,15.224867820739748,15.224867820739748,15.224867820739748,15.224867820739746,0.0
2013-12-09,15.224867820739748,15.224867820739748,15.224867820739748,15.224867820739746,0.0
2013-12-10,15.224867820739748,15.224867820739748,15.224867820739748,15.224867820739746,0.0
2013-12-11,15.224867820739748,15.224867820739748,15.224867820739748,15.224867820739746,0.0
2013-12-12,15.224867820739748,15.224867820739748,15.224867820739748,15.224867820739746,0.0
2013-12-13,15.224867820739748,15.224867820739748,15.224867820739748,15.224867820739746,0.0
2013-12-16,15.224867820739748,15.224867820739748,15.224867820739748,15.224867820739746,0.0
2013-12-17,15.224867820739748,15.224867820739748,15.224867820739748,15.224867820739746,0.0
2013-12-18,15.224867820739748,15.224867820739748,15.224867820739748,15.224867820739746,0.0
2013-12-19,15.224867820739748,15.224867820739748,15.224867820739748,15.224867820739746,0.0
2013-12-20,15.625528335571289,15.625528335571289,15.625528335571289,15.625528335571289,500.0
2013-12-23,15.625528335571289,15.625528335571289,15.625528335571289,15.625528335571289,0.0
2013-12-24,16.026174545288086,16.026174545288086,16.026174545288086,16.026174545288086,100.0
2013-12-26,16.026174545288086,16.026174545288086,16.026174545288086,16.026174545288086,0.0
2013-12-27,15.986109720274907,16.026174545288086,15.986109720274907,16.026174545288086,500.0
2013-12-30,16.026174545288086,16.026174545288086,16.026174545288086,16.026174545288086,0.0
2013-12-31,16.747356414794922,16.747356414794922,16.747356414794922,16.747356414794922,100.0
2014-01-02,16.731333095168306,16.811464309692383,16.731333095168306,16.811464309692383,500.0
2014-01-03,16.811464309692383,16.811464309692383,16.811464309692383,16.811464309692383,0.0
2014-01-06,16.811464309692383,16.811464309692383,16.811464309692383,16.811464309692383,0.0
2014-01-07,16.122329711914062,16.122329711914062,16.122329711914062,16.122329711914062,200.0
2014-01-08,16.122329711914062,16.122329711914062,16.122329711914062,16.122329711914062,0.0
2014-01-09,16.026174545288086,16.026174545288086,16.026174545288086,16.026174545288086,1000.0
2014-01-10,16.02617637620541,16.755367279052734,16.02617637620541,16.755367279052734,1200.0
2014-01-13,16.755367279052734,16.755367279052734,16.755367279052734,16.755367279052734,0.0
2014-01-14,16.07425880432129,16.07425880432129,16.07425880432129,16.07425880432129,100.0
2014-01-15,16.819477081298828,16.819477081298828,16.819477081298828,16.819477081298828,100.0
2014-01-16,16.07425264097892,16.07425264097892,16.026174545288086,16.026174545288086,400.0
2014-01-17,16.026174545288086,16.026174545288086,16.026174545288086,16.026174545288086,0.0
2014-01-21,16.026174545288086,16.026174545288086,16.026174545288086,16.026174545288086,0.0
2014-01-22,16.026174545288086,16.026174545288086,16.026174545288086,16.026174545288086,0.0
2014-01-23,16.026174545288086,16.026174545288086,16.026174545288086,16.026174545288086,0.0
2014-01-24,16.026174545288086,16.026174545288086,16.026174545288086,16.026174545288086,0.0
2014-01-27,16.026174545288086,16.026174545288086,16.026174545288086,16.026174545288086,0.0
2014-01-28,16.026174545288086,16.026174545288086,16.026174545288086,16.026174545288086,800.0
2014-01-29,16.026174545288086,16.026174545288086,16.026174545288086,16.026174545288086,0.0
2014-01-30,16.026174545288086,16.026174545288086,16.026174545288086,16.026174545288086,0.0
2014-01-31,16.026174545288086,16.026174545288086,16.026174545288086,16.026174545288086,0.0
2014-02-03,16.026174545288086,16.026174545288086,16.026174545288086,16.026174545288086,500.0
2014-02-04,16.026174545288086,16.026174545288086,16.026174545288086,16.026174545288086,0.0
2014-02-05,16.026174545288086,16.026174545288086,16.026174545288086,16.026174545288086,0.0
2014-02-06,16.026174545288086,16.026174545288086,16.026174545288086,16.026174545288086,0.0
2014-02-07,16.026174545288086,16.026174545288086,16.026174545288086,16.026174545288086,0.0
2014-02-10,16.026174545288086,16.026174545288086,16.026174545288086,16.026174545288086,0.0
2014-02-11,16.026174545288086,16.026174545288086,16.026174545288086,16.026174545288086,0.0
2014-02-12,16.026174545288086,16.026174545288086,16.026174545288086,16.026174545288086,100.0
2014-02-13,16.026174545288086,16.026174545288086,16.026174545288086,16.026174545288086,0.0
2014-02-14,16.026174545288086,16.026174545288086,16.026174545288086,16.026174545288086,0.0
2014-02-18,16.026174545288086,16.026174545288086,16.026174545288086,16.026174545288086,0.0
2014-02-19,15.625528335571289,15.625528335571289,15.625528335571289,15.625528335571289,100.0
2014-02-20,15.064605712890625,15.064605712890625,15.064605712890625,15.064605712890625,100.0
2014-02-21,15.064605712890625,15.064605712890625,15.064605712890625,15.064605712890625,0.0
2014-02-24,15.064605712890625,15.064605712890625,15.064605712890625,15.064605712890625,0.0
2014-02-25,15.064605712890625,15.064605712890625,15.064605712890625,15.064605712890625,0.0
2014-02-26,15.064605712890625,15.064605712890625,15.064605712890625,15.064605712890625,0.0
2014-02-27,16.026174545288086,16.026174545288086,16.026174545288086,16.026174545288086,1700.0
2014-02-28,16.026174545288086,16.026174545288086,16.026174545288086,16.026174545288086,0.0
2014-03-03,16.226502554757253,16.827484130859375,16.226502554757253,16.827484130859375,2400.0
2014-03-04,17.228139877319336,17.228139877319336,17.228139877319336,17.228139877319336,100.0
2014-03-05,17.228139877319336,17.228139877319336,17.228139877319336,17.228139877319336,0.0
2014-03-06,17.228139877319336,17.228139877319336,17.228139877319336,17.228139877319336,0.0
2014-03-07,17.228139877319336,17.228139877319336,17.228139877319336,17.228139877319336,200.0
2014-03-10,17.228139877319336,17.228139877319336,17.228139877319336,17.228139877319336,0.0
2014-03-11,17.228139877319336,17.228139877319336,17.228139877319336,17.228139877319336,0.0
2014-03-12,17.228139877319336,17.228139877319336,17.228139877319336,17.228139877319336,0.0
2014-03-13,17.228139877319336,17.228139877319336,17.228139877319336,17.228139877319336,0.0
2014-03-14,17.228139877319336,17.228139877319336,17.228139877319336,17.228139877319336,0.0
2014-03-17,17.228139877319336,17.228139877319336,17.228139877319336,17.228139877319336,200.0
2014-03-18,17.228139877319336,17.228139877319336,17.228139877319336,17.228139877319336,0.0
2014-03-19,17.228139877319336,17.228139877319336,17.228139877319336,17.228139877319336,0.0
2014-03-20,17.26820945739746,17.26820945739746,17.26820945739746,17.26820945739746,100.0
2014-03-21,17.26820945739746,17.26820945739746,17.26820945739746,17.26820945739746,0.0
2014-03-24,17.26820945739746,17.26820945739746,17.26820945739746,17.26820945739746,0.0
2014-03-25,17.628795623779297,17.628795623779297,17.628795623779297,17.628795623779297,100.0
2014-03-26,17.628795623779297,17.628795623779297,17.628795623779297,17.628795623779297,0.0
2014-03-27,17.628795623779297,17.628795623779297,17.628795623779297,17.628795623779297,0.0
2014-03-28,17.628795623779297,17.628795623779297,17.628795623779297,17.628795623779297,0.0
2014-03-31,17.628795623779297,17.628795623779297,17.628795623779297,17.628795623779297,0.0
2014-04-01,17.628795623779297,17.628795623779297,17.628795623779297,17.628795623779297,0.0
2014-04-02,17.628795623779297,17.628795623779297,17.628795623779297,17.628795623779297,1200.0
2014-04-03,17.628795623779297,17.628795623779297,17.628795623779297,17.628795623779297,300.0
2014-04-04,17.628795623779297,17.628795623779297,17.628795623779297,17.628795623779297,0.0
2014-04-07,17.628795623779297,17.628795623779297,17.628795623779297,17.628795623779297,0.0
2014-04-08,17.628795623779297,17.628795623779297,17.628795623779297,17.628795623779297,0.0
2014-04-09,17.628795623779297,17.628795623779297,17.628795623779297,17.628795623779297,0.0
2014-04-10,17.628795623779297,17.628795623779297,17.628795623779297,17.628795623779297,0.0
2014-04-11,17.628795623779297,17.628795623779297,17.628795623779297,17.628795623779297,0.0
2014-04-14,17.628795623779297,17.628795623779297,17.628795623779297,17.628795623779297,0.0
2014-04-15,17.628795623779297,17.628795623779297,17.628795623779297,17.628795623779297,0.0
2014-04-16,17.428468704223633,17.428468704223633,17.428468704223633,17.428468704223633,100.0
2014-04-17,17.428468704223633,17.428468704223633,17.428468704223633,17.428468704223633,0.0
2014-04-21,17.428468704223633,17.428468704223633,17.428468704223633,17.428468704223633,0.0
2014-04-22,17.428468704223633,17.428468704223633,17.428468704223633,17.428468704223633,0.0
2014-04-23,17.628795623779297,17.628795623779297,17.628795623779297,17.628795623779297,300.0
2014-04-24,17.628795623779297,17.628795623779297,17.628795623779297,17.628795623779297,0.0
2014-04-25,17.628795623779297,17.628795623779297,17.628795623779297,17.628795623779297,0.0
2014-04-28,17.628795623779297,17.628795623779297,17.628795623779297,17.628795623779297,0.0
2014-04-29,17.628795623779297,17.628795623779297,17.628795623779297,17.628795623779297,0.0
2014-04-30,17.628795623779297,17.628795623779297,17.628795623779297,17.628795623779297,0.0
2014-05-01,17.628795623779297,17.628795623779297,17.628795623779297,17.628795623779297,0.0
2014-05-02,17.628795623779297,17.628795623779297,17.628795623779297,17.628795623779297,0.0
2014-05-05,17.628795623779297,17.628795623779297,17.628795623779297,17.628795623779297,0.0
2014-05-06,17.628795623779297,17.628795623779297,17.628795623779297,17.628795623779297,0.0
2014-05-07,17.628795623779297,17.628795623779297,17.628795623779297,17.628795623779297,200.0
2014-05-08,17.628795623779297,17.628795623779297,17.628795623779297,17.628795623779297,0.0
2014-05-09,17.628795623779297,17.628795623779297,17.628795623779297,17.628795623779297,0.0
2014-05-12,17.628802721267817,17.628802721267817,16.827493506664734,17.388410568237305,800.0
2014-05-13,17.588730757634558,17.588730757634558,17.2281411455633,17.348337173461914,3500.0
2014-05-14,17.348334808769554,17.348334808769554,16.62715721130371,16.62715721130371,2600.0
2014-05-15,14.599847549599366,14.631900639091832,14.343428947161353,14.42356014251709,486900.0
2014-05-16,14.463624976007242,14.463624976007242,14.263297751805617,14.42356014251709,9800.0
2014-05-19,14.47163824838036,14.47163824838036,14.343428947161353,14.42356014251709,8900.0
2014-05-20,14.311377386044317,14.463624976007242,14.18316808482531,14.42356014251709,28100.0
2014-05-21,14.423563641245828,14.50369485603902,14.343432426452637,14.343432426452637,216700.0
2014-05-22,14.423563641245828,14.423563641245828,14.343432426452637,14.343432426452637,12900.0
2014-05-23,14.383496587424276,14.503692626953125,14.327403675826954,14.503692626953125,10900.0
2014-05-27,14.503697053925677,14.503697053925677,14.423565826989417,14.463630676269531,5800.0
2014-05-28,14.35144221953447,14.455613232009556,14.343428947161353,14.42356014251709,13300.0
2014-05-29,14.40753709261203,14.40753709261203,14.343432426452637,14.343432426452637,12600.0
2014-05-30,14.38349774028034,14.39150948563226,14.359457919097522,14.375484466552734,1800.0
2014-06-02,14.551769443736095,14.551769443736095,14.343428947161353,14.42356014251709,15100.0
2014-06-03,14.503684837269752,14.503684837269752,14.231239812196334,14.263291358947754,13600.0
2014-06-04,14.439585501870386,14.535741705703149,14.263296580884816,14.271309852600098,14600.0
2014-06-05,14.816203822941265,14.824217096668871,14.303366531379966,14.375484466552734,8200.0
2014-06-06,14.343432426452637,14.383498798037131,14.327405877818837,14.343432426452637,9900.0
2014-06-09,14.455609608121618,14.455609608121618,14.239255893411638,14.27932071685791,27700.0
2014-06-10,14.263298511065384,14.263298511065384,14.183168839819638,14.231246948242188,8400.0
2014-06-11,14.15912563350039,14.343426278667945,14.15912563350039,14.25528335571289,3800.0
2014-06-12,14.303361497711007,14.303361497711007,14.18316549084792,14.239256858825684,9000.0
2014-06-13,14.263301211659444,14.375485523720233,14.215223094133847,14.343432426452637,29200.0
2014-06-16,14.143105514623732,14.407537460327148,14.143105514623732,14.407537460327148,27100.0
2014-06-17,14.423559208030627,14.423559208030627,14.127074262935963,14.38349437713623,24600.0
2014-06-18,14.127077644185144,14.39952283892644,14.103039351245187,14.319393157958984,18100.0
2014-06-19,14.127077903483276,14.303366872949077,14.111052884021069,14.17515754699707,14200.0
2014-06-20,14.423562288414638,14.423562288414638,12.748826322656443,12.869022369384766,69700.0
2014-06-23,13.061334280959686,13.36583251470745,13.061334280959686,13.23762321472168,42900.0
2014-06-24,13.38987054881499,13.526093118508593,13.38987054881499,13.421923637390137,6500.0
2014-06-25,13.46199197805594,13.46199197805594,13.173521747578482,13.341795921325684,11100.0
2014-06-26,13.421925495152697,13.421925495152697,13.061335840649104,13.157493591308594,11600.0
2014-06-27,13.357816652939208,13.357816652939208,13.061331748962402,13.061331748962402,10900.0
2014-06-30,13.942772817673411,13.942772817673411,13.261660031834788,13.622249603271484,24700.0
2014-07-01,13.654302473059856,13.942772597273997,13.654302473059856,13.766485214233398,35500.0
2014-07-02,13.9427732344837,13.9427732344837,13.622250010499936,13.646289825439453,29900.0
2014-07-03,13.638277772691877,13.94277448059653,13.622251227966519,13.782513618469238,7100.0
2014-07-07,13.662313299283527,13.85462874035639,13.061331748962402,13.061331748962402,1400.0
2014-07-08,13.48602759933986,13.62225016209583,13.2616605758667,13.2616605758667,10500.0
2014-07-09,13.622252993011607,13.63026626641257,13.357821084282287,13.574174880981445,7300.0
2014-07-10,13.870657969886567,13.870657969886567,13.453978463232918,13.510069847106934,5900.0
2014-07-11,13.301726388869557,13.934759546266458,13.301726388869557,13.622249603271484,9500.0
2014-07-14,13.662316439650525,13.902710032059984,13.662316439650525,13.84661865234375,2000.0
2014-07-15,13.84661865234375,13.84661865234375,13.84661865234375,13.84661865234375,0.0
2014-07-16,13.870656314359222,13.870656314359222,13.670329093933105,13.670329093933105,400.0
2014-07-17,13.822576676753135,13.822576676753135,13.734432220458984,13.734432220458984,3700.0
2014-07-18,13.734432220458984,13.734432220458984,13.734432220458984,13.734432220458984,0.0
2014-07-21,13.742446737498081,13.830591201782227,13.742446737498081,13.830591201782227,8300.0
2014-07-22,13.830591201782227,13.830591201782227,13.830591201782227,13.830591201782227,0.0
2014-07-23,13.822577795984065,13.942773818969727,13.822577795984065,13.942773818969727,3100.0
2014-07-24,13.838604927062988,13.838604927062988,13.838604927062988,13.838604927062988,200.0
2014-07-25,13.734436012599506,13.742449286145588,13.622253239705667,13.710397720336914,8400.0
2014-07-28,13.718410993882994,13.718410993882994,13.710397720336914,13.710397720336914,2000.0
2014-07-29,13.670326100766427,13.718405723571777,13.670326100766427,13.718405723571777,1900.0
2014-07-30,13.662317628646637,13.734435559808164,13.662317628646637,13.702383995056152,6300.0
2014-07-31,13.622252790612723,13.766488652935777,13.622252790612723,13.702383995056152,7000.0
2014-08-01,13.70238384428261,13.830593158631112,13.70238384428261,13.814566612243652,7000.0
2014-08-04,13.814568017190048,13.82258129119873,13.814568017190048,13.82258129119873,6100.0
2014-08-05,13.950790456217067,13.98284355187874,13.710398352257412,13.93476390838623,5100.0
2014-08-06,13.726420060570325,13.942773818969727,13.726420060570325,13.942773818969727,1700.0
2014-08-07,13.99886703491211,13.99886703491211,13.99886703491211,13.99886703491211,200.0
2014-08-08,13.718409215062469,14.816201566142475,13.662316307513278,14.599847793579102,74800.0
2014-08-11,14.543758470845109,14.623889678870215,14.43157569663536,14.487667083740234,8000.0
2014-08-12,14.423565826989417,14.471643951800761,14.34343460005316,14.463630676269531,24300.0
2014-08-13,14.463626360038802,14.575810655621975,14.463626360038802,14.471639633178711,12200.0
2014-08-14,14.423561424475372,14.535744190918887,14.423561424475372,14.503692626953125,2100.0
2014-08-15,14.50368594434831,14.543750762939453,14.399514970611564,14.543750762939453,4900.0
2014-08-18,14.567797312548837,15.13672594737115,14.487666109909979,14.808189392089844,8500.0
2014-08-19,15.024536001558243,15.112680435180664,14.808182316325842,15.112680435180664,1000.0
2014-08-20,15.072625522164948,15.072625522164948,14.82422009978943,14.848259925842285,3300.0
2014-08-21,14.8242147468102,15.024541973118447,14.744083550611814,14.952424049377441,9300.0
2014-08-22,14.904346466064453,14.904346466064453,14.527730289227629,14.904346466064453,46200.0
2014-08-25,14.82421153408307,15.377114986812822,14.800171721920867,15.264930725097656,26900.0
2014-08-26,15.256922721862791,15.625524095101358,15.144738432653911,15.256922721862793,14800.0
2014-08-27,15.072624597290437,15.625528335571289,15.072624597290437,15.625528335571289,17200.0
2014-08-28,15.625528335571289,15.625528335571289,15.625528335571289,15.625528335571289,5100.0
2014-08-29,15.144742542647762,15.625528335571289,15.144742542647762,15.625528335571289,7900.0
2014-09-02,15.625528335571289,15.625528335571289,15.625528335571289,15.625528335571289,300.0
2014-09-03,15.240897103415586,15.465262638727848,15.232883830243637,15.296988487243652,3100.0
2014-09-04,15.120699016866881,15.42519571432687,15.064606112252196,15.385130882263184,1400.0
2014-09-05,15.192817170657536,15.465262339734249,15.192817170657536,15.457250595092773,11000.0
2014-09-08,15.425201049217812,15.625528335571289,15.024546476510855,15.625528335571289,9500.0
2014-09-09,15.705651360057345,16.026174545288086,15.46525782485296,16.026174545288086,6000.0
2014-09-10,15.913987906991288,16.02617061219675,15.024534948934454,15.72968578338623,9700.0
2014-09-11,15.361088362793634,17.22813763618469,15.361088362793634,16.026174545288086,13000.0
2014-09-12,16.026177453687605,16.026177453687605,15.31301304607863,16.010150909423828,3100.0
2014-09-15,15.529368334094135,16.026180605345136,15.34506762394283,15.82585334777832,7600.0
2014-09-16,15.825853103397824,16.026180357871212,14.912361312079375,15.10467529296875,13200.0
2014-09-17,15.000500586314557,15.120698132224158,14.944409213356895,15.032553672790527,5800.0
2014-09-18,15.032556391235323,15.42519760131836,14.952425188929986,15.42519760131836,10000.0
2014-09-19,15.345064959664354,15.345064959664354,13.934761127852127,14.199193000793457,37300.0
2014-09-22,14.56779506661429,15.401155471801758,14.2632968492066,15.401155471801758,23800.0
2014-09-23,15.024540901184082,15.321025847452596,14.92037142342102,15.024540901184082,1800.0
2014-09-24,15.064605732237105,15.22486811319987,14.984476070131059,15.024540901184082,3300.0
2014-09-25,15.024544085504262,15.15275340609718,14.824216831030872,15.10467529296875,37100.0
2014-09-26,15.160767448432326,15.57744852567562,15.096662784885337,15.49731731414795,3400.0
2014-09-29,15.224871339977653,15.224871339977653,15.048583906256306,15.10467529296875,1200.0
2014-09-30,15.144736226326627,15.21685414160618,15.024540210319127,15.200827598571777,3000.0
2014-10-01,15.224867820739748,15.224867820739748,15.02454061257212,15.224867820739746,19100.0
2014-10-02,15.040565315851259,15.208839416503904,15.024538774348592,15.208839416503906,8000.0
2014-10-03,15.224875156235145,15.978106249804702,15.20884860504991,15.881948471069336,1800.0
2014-10-06,15.56943198187444,15.793797492980957,14.984476858810423,15.793797492980957,3400.0
2014-10-07,15.545393548773873,15.986114394662449,14.768124406266622,15.801812171936035,2900.0
2014-10-08,15.048580024870734,15.200827598571776,15.024540210319127,15.200827598571777,1300.0
2014-10-09,15.176789283752441,15.176789283752441,15.176789283752441,15.176789283752441,100.0
2014-10-10,13.71039467496165,15.168776512145996,13.71039467496165,15.168776512145996,3500.0
2014-10-13,14.12707105418459,14.784145441585602,14.022901600494482,14.752092361450195,800.0
2014-10-14,15.208840870088979,15.208840870088979,14.864277836725618,15.200827598571777,3000.0
2014-10-15,15.024542750988456,15.962074279785158,15.024542750988456,15.962074279785156,1100.0
2014-10-16,15.024540583178478,15.601482391357422,15.024540583178478,15.601482391357422,1800.0
2014-10-17,15.12870823736569,15.216852687255239,15.072616870481474,15.208839416503906,1800.0
2014-10-20,15.224867820739748,15.24089436420323,15.224867820739748,15.224867820739746,1300.0
2014-10-21,15.26493265102315,15.26493265102315,15.224867820739748,15.224867820739746,700.0
2014-10-22,15.224867820739748,15.224867820739748,15.224867820739748,15.224867820739746,0.0
2014-10-23,15.072619004122778,15.072619004122778,15.024540901184082,15.024540901184082,1100.0
2014-10-24,15.032554173069753,15.032554173069753,15.024540901184082,15.024540901184082,600.0
2014-10-27,15.024540901184082,15.024540901184082,15.024540901184082,15.024540901184082,1100.0
2014-10-28,15.176789312395435,15.200827598571776,15.176789312395435,15.200827598571777,800.0
2014-10-29,15.024540901184082,15.024540901184082,15.024540901184082,15.024540901184082,700.0
2014-10-30,15.064605712890625,15.064605712890625,15.064605712890625,15.064605712890625,900.0
2014-10-31,15.224867820739748,15.224867820739748,15.02454061257212,15.224867820739746,8700.0
2014-11-03,15.04056694440952,15.04056694440952,15.032553672790527,15.032553672790527,500.0
2014-11-04,15.032553672790527,15.032553672790527,15.032553672790527,15.032553672790527,0.0
2014-11-05,15.232881892572646,15.232881892572646,15.016528129577637,15.016528129577637,5100.0
2014-11-06,15.024540901184082,15.024540901184082,15.024540901184082,15.024540901184082,100.0
2014-11-07,15.08063265642782,15.545391738893304,15.08063265642782,15.385130882263184,14600.0
2014-11-10,15.216853895053832,15.321024894714355,15.016526695495397,15.321024894714355,5000.0
2014-11-11,15.224870334877068,15.465262413024902,15.224870334877068,15.465262413024902,700.0
2014-11-12,15.337053125944932,15.42519760131836,15.256923452015156,15.42519760131836,3200.0
2014-11-13,15.280961742843864,15.42519760131836,15.280961742843864,15.42519760131836,1700.0
2014-11-14,15.42520074107378,15.54539680480957,15.42520074107378,15.54539680480957,500.0
2014-11-17,15.224873458722174,15.625528023425389,15.224873458722174,15.54539680480957,5300.0
2014-11-18,15.272947311401367,15.272947311401367,15.272947311401367,15.272947311401367,400.0
2014-11-19,15.38513542020103,15.38513542020103,15.248912811279297,15.248912811279297,1200.0
2014-11-20,15.248912811279297,15.248912811279297,15.248912811279297,15.248912811279297,400.0
2014-11-21,15.224869087654872,15.345065116882322,15.024541862817307,15.345065116882324,1700.0
2014-11-24,15.224869488826597,15.377118611659995,15.056595349149267,15.369105339050293,1700.0
2014-11-25,15.369105339050293,15.369105339050293,15.369105339050293,15.369105339050293,0.0
2014-11-26,14.832224331983552,15.457245672900427,14.832224331983552,15.232878684997559,4700.0
2014-11-28,14.840237602448841,15.23287868499756,14.840237602448841,15.232878684997559,4500.0
2014-12-01,15.184802990456344,15.224867820739748,15.184802990456344,15.224867820739746,600.0
2014-12-02,15.224867820739748,15.224867820739748,15.224867820739748,15.224867820739746,300.0
2014-12-03,15.216854549008005,15.224867820739748,15.216854549008005,15.224867820739746,1800.0
2014-12-04,15.24089436420323,15.24089436420323,15.224867820739748,15.224867820739746,2400.0
2014-12-05,15.056596331806023,15.353079795837402,15.024543239275294,15.353079795837402,1700.0
2014-12-08,14.99248960962,15.377119064331055,14.832228737834619,15.377119064331055,1000.0
2014-12-09,14.832229952326625,15.21685791015625,14.832229952326625,15.21685791015625,2400.0
2014-12-10,15.25692683773228,15.25692683773228,14.543760660166733,14.872297286987305,2400.0
2014-12-11,14.904346665069472,15.545393208962032,14.904346665069472,15.377119064331055,5700.0
2014-12-12,15.305003606669983,15.865919040989883,15.024545125322149,15.85790729522705,28000.0
2014-12-15,15.625526491374647,17.548667907714844,15.625526491374647,17.548667907714844,9000.0
2014-12-16,17.300260859792992,17.300260859792992,15.248910315618712,16.539016723632812,1600.0
2014-12-17,16.426841304088857,16.426841304088857,15.128719513914332,15.922017097473145,2200.0
2014-12-18,15.905977681900877,16.026173678817,15.096655727715616,15.994120597839355,3100.0
2014-12-19,16.026182908278244,16.026182908278244,15.529370565636222,15.625528335571289,12600.0
2014-12-22,15.11268449928024,16.026176044750965,15.11268449928024,16.00213623046875,3600.0
2014-12-23,15.994121462577459,16.026174545288086,15.665585006669062,16.026174545288086,1200.0
2014-12-24,16.026179288495197,16.06624412536621,16.010152742396567,16.06624412536621,9900.0
2014-12-26,16.146374714299586,16.747356414794922,16.02617867987562,16.747356414794922,700.0
2014-12-29,16.65119794242437,16.65119794242437,16.026176508382353,16.3066349029541,1300.0
2014-12-30,16.579084973286996,16.819477081298828,16.338691336899412,16.819477081298828,1200.0
2014-12-31,16.827484130859375,16.827484130859375,16.50696092927995,16.827484130859375,700.0
2015-01-02,16.274593390578495,16.827497301280232,16.026187905981175,16.691274642944336,4800.0
2015-01-05,16.15439365706881,16.426838912522186,16.15439365706881,16.38677406311035,800.0
2015-01-06,16.795437454141634,16.827490550715748,16.226508745333042,16.426836013793945,2100.0
2015-01-07,16.827487325346304,16.92364506826206,16.042204950306925,16.587095260620117,8200.0
2015-01-08,16.82748563344233,16.82748563344233,16.042203337358433,16.106307983398438,1900.0
2015-01-09,16.667225144060392,16.907618740250264,16.03419188368227,16.803447723388672,7700.0
2015-01-12,16.827490059742775,16.867554900915685,16.13035051335383,16.154390335083008,2300.0
2015-01-13,16.723314663486754,16.827484130859375,16.723314663486754,16.827484130859375,1100.0
2015-01-14,16.74735209415103,16.827483272552488,16.026174545288086,16.026174545288086,11300.0
2015-01-15,16.22651160871094,16.595113114103135,16.22651160871094,16.38677406311035,2900.0
2015-01-16,16.54703030236112,16.691266164792086,15.825852518581874,16.03419303894043,7600.0
2015-01-20,16.242530822753906,16.242530822753906,16.242530822753906,16.242530822753906,200.0
2015-01-21,16.194448973047553,16.194448973047553,15.641547040444467,15.769756317138672,500.0
2015-01-22,16.098297119140625,16.098297119140625,16.098297119140625,16.098297119140625,100.0
2015-01-23,16.03419303894043,16.03419303894043,16.03419303894043,16.03419303894043,300.0
2015-01-26,16.026174545288086,16.026174545288086,15.994121462577459,16.026174545288086,600.0
2015-01-27,16.026174545288086,16.026174545288086,16.026174545288086,16.026174545288086,0.0
2015-01-28,16.026174545288086,16.026174545288086,16.026174545288086,16.026174545288086,0.0
2015-01-29,16.026174545288086,16.026174545288086,16.026174545288086,16.026174545288086,0.0
2015-01-30,15.96207577652029,16.0261804371338,15.345067462880479,15.633539199829102,5100.0
2015-02-02,15.633539199829102,15.633539199829102,15.633539199829102,15.633539199829102,0.0
2015-02-03,15.385130882263184,15.385130882263184,15.385130882263184,15.385130882263184,900.0
2015-02-04,15.60148272157443,15.60148272157443,14.904344879649678,15.024540901184082,6000.0
2015-02-05,15.13672047234001,15.240891456604004,15.024537746248027,15.240891456604004,15800.0
2015-02-06,15.080637872149685,16.18644534871139,15.080637872149685,15.625528335571289,24500.0
2015-02-09,15.705656553356656,15.705656553356656,15.689630006701936,15.697643280029297,500.0
2015-02-10,15.353077386903001,15.353077386903001,15.064605712890625,15.064605712890625,1800.0
2015-02-11,14.928382880166522,15.313012281413602,14.623886196236862,15.224867820739746,19900.0
2015-02-12,15.248912811279297,15.280964380708975,15.22487298792517,15.248912811279297,2600.0
2015-02-13,15.248912811279297,15.248912811279297,15.248912811279297,15.248912811279297,0.0
2015-02-17,15.224870705279095,15.56943381314919,15.224870705279095,15.529367446899414,3400.0
2015-02-18,15.176793504673933,15.545394926032232,15.160766957212523,15.505330085754395,8100.0
2015-02-19,15.088643397066805,16.282593227082966,15.032552030238046,15.561415672302246,50300.0
2015-02-20,15.216867284239813,15.561430615198569,14.864290674842879,15.080644607543945,2300.0
2015-02-23,15.104676844818101,15.585462610625136,15.032558903528255,15.305004119873047,2800.0
2015-02-24,15.264937747836568,15.305004119873047,14.848258177287901,15.305004119873047,19500.0
2015-02-25,15.032553453465551,15.224867384389652,15.024540181963472,15.176789283752441,14000.0
2015-02-26,15.032552211959421,16.218488785568393,15.032552211959421,15.769756317138672,80900.0
2015-02-27,15.737710812462009,15.825855305776996,15.385135895953809,15.54539680480957,26600.0
2015-03-02,15.537379140276434,15.601483791382186,15.280960535853424,15.288973808288574,1400.0
2015-03-03,15.481284640753847,15.481284640753847,15.288970726204901,15.473271369934082,3400.0
2015-03-04,15.144740144384913,15.144740144384913,14.655942682382129,14.824216842651367,2400.0
2015-03-05,15.417182922363281,15.417182922363281,15.417182922363281,15.417182922363281,100.0
2015-03-06,15.417182922363281,15.417182922363281,15.417182922363281,15.417182922363281,0.0
2015-03-09,14.75209703330985,14.784150123596191,14.75209703330985,14.784150123596191,400.0
2015-03-10,14.784150123596191,14.808188412935479,14.784150123596191,14.784150123596191,2200.0
2015-03-11,15.2569244462734,15.2569244462734,14.744085635124065,14.824216842651367,11500.0
2015-03-12,14.824213670130533,15.096658800392149,14.824213670130533,15.064605712890625,13100.0
2015-03-13,14.583820736753674,15.10467114984304,14.583820736753674,14.984475135803223,6800.0
2015-03-16,14.78414462881772,15.12069430986255,14.623882293701172,14.623882293701172,5200.0
2015-03-17,14.447600521224278,15.681615475518054,14.447600521224278,15.256922721862793,68100.0
2015-03-18,15.248905225928135,15.369101226157325,15.23287868499756,15.232878684997559,21000.0
2015-03-19,15.425195305406096,15.49731322390919,15.024540881889054,15.064605712890625,2600.0
2015-03-20,15.224871424176705,15.93803596496582,15.224871424176705,15.93803596496582,35100.0
2015-03-23,15.425197503024666,15.625524743323687,15.152752333947952,15.457250595092773,13700.0
2015-03-24,15.617515060712043,15.625528335571289,15.601488510993548,15.625528335571289,1200.0
2015-03-25,15.633541610430537,15.633541610430537,15.609501785852794,15.625528335571289,1000.0
2015-03-26,15.625528335571289,15.625528335571289,15.625528335571289,15.625528335571289,0.0
2015-03-27,15.625528335571289,15.625528335571289,15.625528335571289,15.625528335571289,0.0
2015-03-30,15.625528335571289,15.625528335571289,15.625528335571289,15.625528335571289,0.0
2015-03-31,15.625525300741637,15.625525300741637,15.433211326599121,15.433211326599121,400.0
2015-04-01,15.433211326599121,15.433211326599121,15.433211326599121,15.433211326599121,0.0
2015-04-02,15.625525748184689,15.889957661249712,15.433211768535186,15.721683502197266,15000.0
2015-04-06,15.641554089141742,15.641554089141742,14.671969277786868,15.248912811279297,9500.0
2015-04-07,15.288972466218375,15.393141941980408,14.968449238825231,15.224867820739746,14300.0
2015-04-08,15.569430863328117,15.577444135059858,15.224867820739748,15.224867820739746,13200.0
2015-04-09,15.280957711711968,15.62552072086596,15.280957711711968,15.585455894470215,8100.0
2015-04-10,15.641549110412598,15.641549110412598,15.641549110412598,15.641549110412598,100.0
2015-04-13,15.657577514648438,15.657577514648438,15.657577514648438,15.657577514648438,300.0
2015-04-14,14.784146708854513,15.264930725097656,14.784146708854513,15.264930725097656,8900.0
2015-04-15,14.896337888737744,15.21686125743517,14.896337888737744,15.184809684753418,15400.0
2015-04-16,14.904345255622077,15.385130882263184,14.904345255622077,15.385130882263184,13600.0
2015-04-17,15.224873762864334,15.833868896784015,15.224873762864334,15.625528335571289,32800.0
2015-04-20,15.809825743243776,15.809825743243776,15.296988487243652,15.296988487243652,600.0
2015-04-21,15.120698315395954,15.601482391357422,15.120698315395954,15.601482391357422,400.0
2015-04-22,15.505327633081592,15.593470573425293,15.305000406629311,15.593470573425293,1800.0
2015-04-23,15.425195095161884,15.697640221710092,15.080632051093541,15.168776512145996,4300.0
2015-04-24,15.42519571432687,15.42519571432687,15.104672472691258,15.385130882263184,3600.0
2015-04-27,15.537374496459961,15.537374496459961,15.537374496459961,15.537374496459961,200.0
2015-04-28,15.625521195274498,15.625521195274498,15.112684065637861,15.28095817565918,16100.0
2015-04-29,15.361092567443848,15.617511185815545,15.353079294572792,15.361092567443848,2800.0
2015-04-30,15.208844631241236,15.345067223971032,14.631902694702148,14.631902694702148,5900.0
2015-05-01,14.728055954915568,15.144736922718488,14.728055954915568,15.024540901184082,11400.0
2015-05-04,14.784152716317111,15.024544822120749,14.575812178045283,14.687994956970215,21200.0
2015-05-05,14.663951026520266,15.224867820739748,14.463623818352637,15.224867820739746,18800.0
2015-05-06,14.84024338983196,14.84024338983196,14.679980974777356,14.824216842651367,18700.0
2015-05-07,14.840241812531133,14.904346466064453,14.511705272125923,14.904346466064453,20800.0
2015-05-08,14.591834068298338,14.591834068298338,14.591834068298338,14.59183406829834,200.0
2015-05-11,14.840243220546284,14.984479086774968,14.599849600706598,14.631902694702148,25000.0
2015-05-12,14.888318390000274,16.130346497663037,14.864278574255868,15.665587425231934,71200.0
2015-05-13,15.737705594414367,15.737705594414367,15.192815322543542,15.481287002563477,43900.0
2015-05-14,15.409168743667784,15.60148268332643,15.393142199935731,15.401155471801758,13700.0
2015-05-15,15.385131361389252,15.457249284050095,15.385131361389252,15.417182922363281,1200.0
2015-05-18,15.43320785831791,15.58545696010688,15.160762740748284,15.176789283752441,17400.0
2015-05-19,15.248911069437893,15.248911069437893,14.856269836425781,14.856269836425781,4000.0
2015-05-20,14.872296077908555,14.872296077908555,14.335418933857467,14.712035179138184,46100.0
2015-05-21,14.760113295931717,15.064610073458468,14.471641538418961,14.712035179138184,54200.0
2015-05-22,14.687993850013093,14.808189893856365,14.687993850013093,14.800176620483398,300.0
2015-05-26,14.840237750101148,14.840237750101148,14.720041748676074,14.792158126831055,2700.0
2015-05-27,14.535744941091144,14.816203400049623,14.27131302913044,14.631902694702148,3400.0
2015-05-28,14.816203117370605,14.816203117370605,14.816203117370605,14.816203117370605,500.0
2015-05-29,14.535744667053223,14.535744667053223,14.535744667053223,14.535744667053223,200.0
2015-06-01,14.55978231837199,14.75209626494696,14.55978231837199,14.655940055847168,4200.0
2015-06-02,14.607864142980453,14.744086747541948,14.607864142980453,14.712035179138184,1000.0
2015-06-03,14.712035179138184,14.712035179138184,14.712035179138184,14.712035179138184,100.0
2015-06-04,14.471639633178713,14.471639633178713,14.471639633178713,14.471639633178711,100.0
2015-06-05,14.712034537774334,14.712034537774334,14.551772117614748,14.551772117614746,300.0
2015-06-08,14.744085939691,14.744085939691,14.359457969665527,14.359457969665527,12900.0
2015-06-09,14.744082440311798,14.744082440311798,14.359454561574394,14.38349437713623,17300.0
2015-06-10,14.575808316504931,14.696004337563455,14.287336643264213,14.38349437713623,24000.0
2015-06-11,14.47163731077897,14.744082440311798,14.095022703895511,14.38349437713623,26600.0
2015-06-12,14.263296827702376,14.423559208030627,14.263296827702376,14.38349437713623,5600.0
2015-06-15,14.615873147399329,14.615873147399329,14.375481105282285,14.38349437713623,7600.0
2015-06-16,14.696007773778547,14.696007773778547,14.231248596207198,14.375484466552734,9300.0
2015-06-17,14.495677126340807,14.495677126340807,14.359454561574394,14.38349437713623,15100.0
2015-06-18,14.42356014251709,14.439586687263322,14.319390658417433,14.42356014251709,20500.0
2015-06-19,14.447599023592463,14.696004337563455,14.383494377136229,14.38349437713623,7900.0
2015-06-22,14.399522764623468,14.687994505419988,14.399522764623468,14.679981231689453,2900.0
2015-06-23,14.43958568572998,14.43958568572998,14.43958568572998,14.43958568572998,200.0
2015-06-24,14.679973978640202,14.679973978640202,14.383490638974669,14.391502380371094,5100.0
2015-06-25,14.42356014251709,14.42356014251709,14.42356014251709,14.42356014251709,300.0
2015-06-26,14.687993953324444,14.704020500183105,14.39150894994173,14.704020500183105,22500.0
2015-06-29,14.671971254953391,14.671971254953391,14.463630676269531,14.463630676269531,700.0
2015-06-30,14.65594311842659,14.65594311842659,14.28734016418457,14.28734016418457,1600.0
2015-07-01,14.28734016418457,14.28734016418457,14.28734016418457,14.28734016418457,0.0
2015-07-02,14.367470041253613,14.639915212652637,14.367470041253613,14.503692626953125,700.0
2015-07-06,14.583826443046652,14.696009229594816,14.351446067053066,14.407537460327148,2500.0
2015-07-07,14.407537460327148,14.407537460327148,14.407537460327148,14.407537460327148,0.0
2015-07-08,14.511704680587727,14.511704680587727,14.36746883392334,14.36746883392334,600.0
2015-07-09,14.41555118560791,14.41555118560791,14.41555118560791,14.41555118560791,100.0
2015-07-10,14.319390267247128,14.65594005584717,14.319390267247128,14.655940055847168,300.0
2015-07-13,14.41554666374017,14.591834068298338,14.359455286306908,14.59183406829834,1300.0
2015-07-14,14.35945632022234,14.50369217450772,14.35945632022234,14.495678901672363,2300.0
2015-07-15,14.367469593057697,14.495678901672363,14.367469593057697,14.495678901672363,2000.0
2015-07-16,14.45561330207945,14.45561330207945,14.36746883392334,14.36746883392334,1000.0
2015-07-17,14.311379432678223,14.311379432678223,14.311379432678223,14.311379432678223,100.0
2015-07-20,14.583828926086428,14.583828926086428,14.583828926086428,14.583828926086426,200.0
2015-07-21,14.367474426646847,14.463630676269531,14.34343460005316,14.463630676269531,700.0
2015-07-22,14.399519533558959,14.399519533558959,14.327401614542149,14.33541488647461,700.0
2015-07-23,14.311379432678223,14.311379432678223,14.311379432678223,14.311379432678223,1000.0
2015-07-24,14.42356263133644,14.42356263133644,14.359457969665527,14.359457969665527,500.0
2015-07-27,14.359457969665527,14.359457969665527,14.359457969665527,14.359457969665527,0.0
2015-07-28,14.303364113671199,14.623887366718716,14.303364113671199,14.42356014251709,8600.0
2015-07-29,14.42356014251709,14.42356014251709,14.42356014251709,14.42356014251709,0.0
2015-07-30,14.311379202393557,14.535744743814778,14.311379202393557,14.479653358459473,2000.0
2015-07-31,14.399521953352794,14.399521953352794,14.327404022216797,14.327404022216797,1200.0
2015-08-03,14.383494377136229,14.383494377136229,14.383494377136229,14.38349437713623,200.0
2015-08-04,14.559777988819718,14.559777988819718,14.391502380371094,14.391502380371094,600.0
2015-08-05,14.447598957547294,14.455612229364608,14.303363121586289,14.43958568572998,1400.0
2015-08-06,14.423560974529675,14.495678901672363,14.423560974529675,14.495678901672363,1300.0
2015-08-07,14.567797036792994,14.647928237915037,14.567797036792994,14.647928237915039,900.0
2015-08-10,14.647928237915037,14.647928237915037,14.647928237915037,14.647928237915039,0.0
2015-08-11,14.447601318359375,14.447601318359375,14.447601318359375,14.447601318359375,200.0
2015-08-12,14.343431450898944,14.367471272214598,14.319393157958984,14.319393157958984,1100.0
2015-08-13,14.463619958584625,14.623882293701172,14.463619958584625,14.623882293701172,400.0
2015-08-14,14.583823582692512,14.647928237915037,14.54375721794372,14.647928237915039,700.0
2015-08-17,14.43958122798834,14.61586856842041,14.43958122798834,14.61586856842041,1200.0
2015-08-18,14.61586856842041,14.61586856842041,14.61586856842041,14.61586856842041,0.0
2015-08-19,14.61586856842041,14.61586856842041,14.61586856842041,14.61586856842041,0.0
2015-08-20,14.623882293701172,14.623882293701172,14.615869024107855,14.623882293701172,2200.0
2015-08-21,14.487666155617422,14.59984892264041,14.447601318359375,14.447601318359375,6800.0
2015-08-24,14.30336619919978,14.599849678357266,13.886685145295349,14.575811386108398,1700.0
2015-08-25,14.623887366718716,14.623887366718716,14.327402402415121,14.42356014251709,4000.0
2015-08-26,14.503691337872826,14.511704610245943,14.343428947161353,14.42356014251709,20900.0
2015-08-27,14.423559142095352,14.43958568572998,14.415545870278038,14.43958568572998,8300.0
2015-08-28,14.423559349356342,14.591833474812,14.33541488647461,14.33541488647461,86700.0
2015-08-31,14.30336481929701,14.583823252690188,14.30336481929701,14.56779670715332,1000.0
2015-09-01,14.30336250099658,14.583820888932836,14.30336250099658,14.559781074523926,1300.0
2015-09-02,14.591835649513687,14.615875468893858,14.439588045232652,14.447601318359375,3700.0
2015-09-03,14.447606292780772,14.583828926086428,14.3514485105278,14.583828926086426,13800.0
2015-09-04,14.367468888133894,14.824214718710861,14.367468888133894,14.671965599060059,6500.0
2015-09-08,14.72004641513039,14.72004641513039,14.303365384946522,14.503692626953125,11400.0
2015-09-09,14.239260525864477,14.415547946104653,14.223233979922039,14.35144329071045,6900.0
2015-09-10,14.423565346768045,15.184809684753418,14.423565346768045,15.184809684753418,9700.0
2015-09-11,15.02454562912096,15.305004119873047,14.840244902880606,15.305004119873047,10300.0
2015-09-14,15.401158674405778,15.857906095495952,15.024543988639124,15.721683502197266,10500.0
2015-09-15,15.401158235198075,15.697643233937395,14.840242859310363,15.152752876281738,10700.0
2015-09-16,15.184802555254521,15.649561603748246,15.12870965473997,15.176789283752441,7200.0
2015-09-17,14.679978791556628,15.617510264931445,14.679978791556628,15.345065116882324,13000.0
2015-09-18,15.136730537132454,15.529371867906487,14.463630676269531,14.463630676269531,24800.0
2015-09-21,15.144737243652344,15.425195652092741,14.776135899352383,15.144737243652344,7500.0
2015-09-22,15.569435703669305,15.569435703669305,14.687995408028009,14.696008682250977,5700.0
2015-09-23,14.784153571566693,14.784153571566693,14.62389113950941,14.720048904418945,1100.0
2015-09-24,14.623887967229935,14.7200457112805,14.447600552908643,14.639914512634277,3200.0
2015-09-25,14.511705974997593,14.623888742020583,14.439588045232652,14.447601318359375,2600.0
2015-09-28,14.487663592625227,14.623886154929446,14.415545675618565,14.60785961151123,17300.0
2015-09-29,14.607863040840352,15.200831531141327,14.607863040840352,14.824216842651367,2100.0
2015-09-30,14.736071183611301,14.736071183611301,14.647928237915037,14.647928237915039,500.0
2015-10-01,14.704019868959728,14.704019868959728,14.503692626953125,14.503692626953125,200.0
2015-10-02,14.447600672377817,15.288974444181845,14.423560854072514,14.56779670715332,50400.0
2015-10-05,14.744078280851133,15.144732590267603,14.623882293701172,14.623882293701172,25400.0
2015-10-06,14.824214718710861,14.824214718710861,14.623887492782336,14.671965599060059,11500.0
2015-10-07,14.639916841484634,14.984479980612054,14.639916841484634,14.687994956970215,8800.0
2015-10-08,14.768117720824488,14.80016927002243,14.543750762939453,14.543750762939453,8100.0
2015-10-09,14.519720550608255,14.62389005384899,14.463627633689402,14.551772117614746,3300.0
2015-10-12,14.599840245607176,14.607853513971424,14.527722358703615,14.527722358703613,2600.0
2015-10-13,14.543751126142897,14.623882293701172,14.50368630655121,14.623882293701172,1200.0
2015-10-14,15.465262604346327,15.465262604346327,14.423561548318034,14.431574821472168,7800.0
2015-10-15,14.43958122798834,15.497308327330465,14.423554689301374,14.61586856842041,8100.0
2015-10-16,14.824208986226413,14.824208986226413,14.61586856842041,14.61586856842041,1300.0
2015-10-19,14.503697695604965,14.583828926086428,14.455619568666528,14.583828926086426,1500.0
2015-10-20,14.583815237253345,14.583815237253345,14.423552926717727,14.527722358703613,8900.0
2015-10-21,14.527730223179372,14.744084001011522,14.527730223179372,14.639914512634277,44800.0
2015-10-22,14.704018926255808,14.824214958078649,14.623887728915424,14.784150123596191,2300.0
2015-10-23,14.591834638629084,15.016528914670289,14.54375653157504,14.784150123596191,22100.0
2015-10-26,14.800174369496855,14.904345379126246,14.599847150767673,14.655940055847168,6700.0
2015-10-27,14.72004760034213,14.736072619427514,14.663954684228383,14.679981231689453,141300.0
2015-10-28,14.704020805834904,15.128713607788086,14.704020805834904,15.128713607788086,5000.0
2015-10-29,14.824213978851729,15.55340492256846,14.824213978851729,15.481287002563477,2900.0
2015-10-30,15.601486819270905,15.601486819270905,14.98448000577204,15.49731731414795,7000.0
2015-11-02,15.529366921268432,15.601484849701418,15.232883462933305,15.513341903686523,52400.0
2015-11-03,15.44122414745454,15.545393640588586,15.248910178947066,15.42519760131836,47400.0
2015-11-04,15.425197503024666,15.56943336058005,15.345066301229947,15.457250595092773,26300.0
2015-11-05,15.521353362774782,15.60148302644666,15.321026146844353,15.481287002563477,15400.0
2015-11-06,15.401153719274367,15.665585547261708,15.401153719274367,15.585455894470215,7600.0
2015-11-09,15.761742726425837,16.026174545288086,15.641546723011198,16.026174545288086,18600.0
2015-11-10,15.922007972723806,16.026177453687605,15.505326992117835,16.010150909423828,11600.0
2015-11-11,16.010160084687033,16.02618663813547,15.785794449913942,15.922017097473145,2900.0
2015-11-12,15.817834092794328,16.026174545288086,15.65757326436651,16.026174545288086,12100.0
2015-11-13,15.737703278525336,15.954057006702653,15.513337807860095,15.753729820251465,5300.0
2015-11-16,15.441222374398766,15.994124397229317,15.313013076782227,15.313013076782227,5200.0
2015-11-17,15.449233085849922,15.58545563303565,15.313010538664194,15.473271369934082,3000.0
2015-11-18,15.329038906115953,15.849890924743706,15.305000616771911,15.745719909667969,6500.0
2015-11-19,15.713670572621124,15.873931461649164,15.473276946515536,15.82585334777832,1200.0
2015-11-20,15.457252339485661,15.95406309560337,15.457252339485661,15.873931884765625,1500.0
2015-11-23,15.601484604678303,15.817838386579401,15.449237005600216,15.657577514648438,11800.0
2015-11-24,15.553406913656675,15.553406913656675,15.42519760131836,15.42519760131836,3200.0
2015-11-25,15.505332879490066,15.970092140981002,15.505332879490066,15.785791397094727,18300.0
2015-11-27,15.785790776004433,15.881947017563597,15.43321432407706,15.625528335571289,4700.0
2015-11-30,15.938039040282886,15.938039040282886,15.681620348201813,15.785791397094727,3400.0
2015-12-01,15.753741343017067,15.922017097473145,15.481296047898663,15.922017097473145,13200.0
2015-12-02,15.897971115906781,15.897971115906781,15.513343152225731,15.633539199829102,10300.0
2015-12-03,15.641555500705131,15.833869519765937,15.537384451812217,15.785791397094727,600.0
2015-12-04,15.833862936787689,15.954058957681823,15.521352976787872,15.713666915893555,5800.0
2015-12-07,15.705651488933414,15.705651488933414,15.561415672302246,15.561415672302246,1000.0
2015-12-08,15.5133424287751,15.545393993399324,15.465262789275368,15.529367446899414,8800.0
2015-12-09,15.714144421281844,15.754314422607422,15.66594195202002,15.754314422607422,3100.0
2015-12-10,15.754314670557577,15.754314670557577,15.665942198579318,15.746280670166016,4500.0
2015-12-11,15.481158603738278,15.79447683223246,15.46509060937235,15.601665496826172,24800.0
2015-12-14,15.601671571574954,15.939091922997788,15.585603570952706,15.850719451904297,9300.0
2015-12-15,15.906955424758834,15.906955424758834,15.585603083998533,15.86678695678711,8600.0
2015-12-16,15.931056890552025,15.931056890552025,15.625772560152322,15.641839027404785,2700.0
2015-12-17,15.657909144874653,15.834652567188291,15.58560466930794,15.665943145751953,12100.0
2015-12-18,15.62576961517334,16.00335834019594,15.62576961517334,15.62576961517334,2800.0
2015-12-21,15.6739738938358,15.810548815748762,15.665939894625781,15.778412818908691,2000.0
2015-12-22,15.665943602086436,15.979261983782875,15.657909600975112,15.682011604309082,9300.0
2015-12-23,15.770380488394602,15.914989424818947,15.746280020543098,15.86678695678711,4000.0
2015-12-24,15.858753361396186,16.027464302305876,15.754314422607422,15.754314422607422,1000.0
2015-12-28,15.746282654620984,15.971228564618299,15.746282654620984,15.842687606811523,4800.0
2015-12-29,15.81055048869516,16.035496361062954,15.75431402060321,15.86678695678711,11500.0
2015-12-30,15.971227145862573,15.971227145862573,15.826619730422527,15.906956672668457,5000.0
2015-12-31,16.003365731151593,16.003365731151593,15.794486276480765,15.947129249572754,19000.0
2016-01-04,15.971227145862573,15.971227145862573,15.786449726970611,15.906956672668457,9200.0
2016-01-05,16.01140169681814,16.01140169681814,15.786454210585445,15.914995193481445,1700.0
2016-01-06,15.898929394888551,15.906961865872374,15.842691371695636,15.87482738494873,4200.0
2016-01-07,15.979266363362385,16.05960486416567,15.82662489739854,15.87482738494873,8600.0
2016-01-08,15.786449726970611,15.906956672668457,15.786449726970611,15.906956672668457,7500.0
2016-01-11,16.011398107945332,16.06763458381604,15.882857153861128,15.987296104431152,7000.0
2016-01-12,15.906957625046264,15.987296104431152,15.80251867447624,15.987296104431152,4500.0
2016-01-13,15.90695829773057,15.90695829773057,15.424930465695002,15.78645133972168,32500.0
2016-01-14,15.714145618686766,15.730213620441367,15.62577467369444,15.665943145751953,45200.0
2016-01-15,15.649874229453317,15.730212701202527,15.625773760558781,15.633806228637695,8900.0
2016-01-19,15.85072107219137,15.882857076720862,15.585605164139189,15.64987564086914,5500.0
2016-01-20,15.585599220973757,15.858749025999693,15.585599220973757,15.657903671264648,18700.0
2016-01-21,15.682011147506554,15.738247621318665,15.58560466930794,15.665943145751953,29500.0
2016-01-22,15.665943145751953,15.746281622195966,15.649875143997354,15.665943145751953,13700.0
2016-01-25,15.625776560085141,15.826622009277346,15.625776560085141,15.826622009277344,6100.0
2016-01-26,15.73824807975931,15.778416552986894,15.625775128858852,15.682011604309082,25000.0
2016-01-27,15.665943145751953,15.682011147506554,15.61774067281714,15.665943145751953,34900.0
2016-01-28,15.665943105764722,15.802518055672241,15.585604629525774,15.698079109191895,31600.0
2016-01-29,15.665943145751953,15.963195048896104,15.60970667193984,15.665943145751953,23500.0
2016-02-01,15.738247621318665,15.738247621318665,15.60970667193984,15.665943145751953,15600.0
2016-02-02,15.665943145751953,15.746281622195966,15.633807142242754,15.665943145751953,6200.0
2016-02-03,15.67397760319776,15.682011604309082,15.625775128858852,15.682011604309082,5000.0
2016-02-04,15.62577467369444,15.665943145751953,15.62577467369444,15.665943145751953,2200.0
2016-02-05,15.66593807422714,15.66593807422714,15.62576961517334,15.62576961517334,3900.0
2016-02-08,15.58560466930794,15.665943145751953,15.58560466930794,15.665943145751953,7700.0
2016-02-09,15.625775586124258,15.665944060527313,15.61774158477783,15.617741584777832,3100.0
2016-02-10,15.706339804741543,15.706339804741543,15.649958317913985,15.690230369567871,3700.0
2016-02-11,15.633848158717516,15.64995759314514,15.35193920135498,15.35193920135498,31200.0
2016-02-12,15.545252880585746,15.698289485048424,15.545252880585746,15.593581199645996,2500.0
2016-02-16,15.545248556622633,15.706339836120605,15.545248556622633,15.706339836120605,11800.0
2016-02-17,15.658007753547578,15.70633450648612,15.545243281651276,15.553297996520996,2600.0
2016-02-18,15.545252564885564,15.7063438859201,15.311671839294252,15.625798225402832,5400.0
2016-02-19,15.69022657250939,15.770772192605296,15.561354194867912,15.698281288146973,14900.0
2016-02-22,15.609686215827205,16.101013281430355,15.609686215827205,15.867432594299316,5800.0
2016-02-23,16.004359435493363,16.028522053823266,15.706341007087804,15.90770435333252,6900.0
2016-02-24,15.770777216434897,15.939923226146272,15.770777216434897,15.90770435333252,12300.0
2016-02-25,15.786886652841773,15.90770435333252,15.786886652841773,15.90770435333252,6900.0
2016-02-26,15.90770435333252,15.915759071535957,15.851322862188866,15.90770435333252,24600.0
2016-02-29,15.851320474932146,15.90770195758458,15.770774841308594,15.770774841308594,7200.0
2016-03-01,15.802996383751399,15.89159521307951,15.778832228690765,15.867432594299316,6700.0
2016-03-02,15.85937213897705,15.90769889533616,15.77077180541878,15.85937213897705,4700.0
2016-03-03,15.811043792910105,16.076843256406857,15.811043792910105,15.83520793914795,3200.0
2016-03-04,15.811047148627898,15.907702217813345,15.64995741502576,15.714393615722656,8800.0
2016-03-07,15.66606593167833,15.899646569418234,15.66606593167833,15.730502128601074,3100.0
2016-03-08,15.899648386154167,15.907703103724877,15.674120903015137,15.674120903015137,5200.0
2016-03-09,15.762721045891471,15.907702887634247,15.74661161096888,15.754666328430176,2600.0
2016-03-10,15.84326762784012,15.851322345781151,14.884777700782646,15.746612548828125,110400.0
2016-03-11,15.907705263170111,15.907705263170111,15.738560780064969,15.883541107177734,3000.0
2016-03-14,15.907701046308595,15.907701046308595,15.722447174982857,15.794938087463379,6300.0
2016-03-15,15.867432238334608,15.939923165609834,15.867432238334608,15.87548542022705,7200.0
2016-03-16,15.867429684075987,15.90770173217703,15.843265533447266,15.843265533447266,8900.0
2016-03-17,15.867432594299316,15.899649931433055,15.867432594299316,15.867432594299316,2900.0
2016-03-18,15.883538066446931,15.907702217813345,15.714393615722656,15.714393615722656,4700.0
2016-03-21,15.746612548828125,15.899649117146968,15.746612548828125,15.746612548828125,5700.0
2016-03-22,15.883537309018799,15.891592025756836,15.714392866360406,15.891592025756836,6700.0
2016-03-23,15.883540198722205,16.05268620843358,15.883540198722205,15.90770435333252,2200.0
2016-03-24,15.90770435333252,15.90770435333252,15.843268143985428,15.90770435333252,3700.0
2016-03-28,15.90770435333252,15.90770435333252,15.875485480518767,15.90770435333252,1200.0
2016-03-29,15.907704292918442,16.004359374712212,15.851322801988912,15.87548542022705,17700.0
2016-03-30,15.939917703232053,15.939917703232053,15.83520793914795,15.83520793914795,9900.0
2016-03-31,15.899648186125406,15.907702903594782,15.754666344237165,15.762721061706543,7500.0
2016-04-01,15.907698841581597,15.907698841581597,15.83520793914795,15.83520793914795,26600.0
2016-04-04,15.907698877436182,15.907698877436182,15.851317405700684,15.851317405700684,10800.0
2016-04-05,15.90769889533616,15.90769889533616,15.85937213897705,15.85937213897705,3300.0
2016-04-06,15.859378128529341,15.939923777067156,15.786887198473355,15.802996635437012,8700.0
2016-04-07,15.899649635129082,15.90770435333252,15.794941371045212,15.90770435333252,4100.0
2016-04-08,15.90770435333252,15.90770435333252,15.867432298595741,15.90770435333252,6400.0
2016-04-11,15.907704398482723,15.93992327138792,15.891594962030123,15.931868553161621,61900.0
2016-04-12,15.907704398482723,15.93992327138792,15.835213470726444,15.931868553161621,22000.0
2016-04-13,15.94797681391547,16.092958672706047,15.923814194970674,16.012413024902344,7900.0
2016-04-14,16.02046542932071,16.181556701660156,15.996302813865954,16.181556701660156,27900.0
2016-04-15,16.189609459563126,16.882298159717777,16.157390594482422,16.157390594482422,10300.0
2016-04-18,16.181554996578964,16.181554996578964,15.915755500622835,16.101009368896484,27600.0
2016-04-19,16.181557881900957,16.866193534858805,16.181557881900957,16.38292121887207,12400.0
2016-04-20,16.455412143084096,16.463466860916583,15.996303980594819,16.38292121887207,13700.0
2016-04-21,16.342650549225684,16.503740310668945,16.342650549225684,16.503740310668945,6000.0
2016-04-22,16.511788243660913,16.874242746448335,16.511788243660913,16.85813331604004,4900.0
2016-04-25,16.81786327346609,16.914518339943324,16.793700659056906,16.906463623046875,12800.0
2016-04-26,16.809810865408544,16.914519117314327,16.221828795186067,16.737319946289062,17800.0
2016-04-27,16.503740310668945,16.51179502918318,16.294322238140282,16.503740310668945,6400.0
2016-04-28,16.51179220114071,17.051445958921885,16.51179220114071,16.785646438598633,9700.0
2016-04-29,16.672883987426758,16.672883987426758,16.54401158184288,16.672883987426758,5500.0
2016-05-02,16.544010644380677,17.08366285200874,16.544010644380677,16.938682556152344,16200.0
2016-05-03,16.71315504255749,16.922573073227493,16.69704560874899,16.914518356323242,12700.0
2016-05-04,16.97895476441014,16.97895476441014,16.777591448164156,16.833972930908203,11900.0
2016-05-05,16.801754148281336,16.83397147723291,16.55206255157637,16.697044372558594,9700.0
2016-05-06,16.801755392224074,16.954790404564328,16.72120975946174,16.914518356323242,7500.0
2016-05-09,16.874246085847837,16.99506376526008,16.56817299263799,16.987009048461914,12200.0
2016-05-10,16.95479188665703,17.09171901343835,16.95479188665703,17.075611114501953,12500.0
2016-05-11,17.035335134613224,17.2930799167705,17.035335134613224,17.196426391601562,8500.0
2016-05-12,17.1641321876936,17.995696992428716,17.059176614144736,17.559730529785156,52900.0
2016-05-13,17.5355163197232,17.89882184329018,17.5355163197232,17.721206665039062,11400.0
2016-05-16,17.688908679754167,18.254050152032942,17.688908679754167,17.971479415893555,14400.0
2016-05-17,17.971475915662037,18.1571646484299,17.33367347717285,17.33367347717285,7000.0
2016-05-18,17.365974355260356,17.88267416324519,17.188359181237292,17.6001033782959,15000.0
2016-05-19,17.430557065490262,17.761567981963204,17.30138214881236,17.640466690063477,12900.0
2016-05-20,17.63239590728964,17.648543159448625,17.365972406213288,17.479000091552734,7800.0
2016-05-23,17.51936829574922,17.785791797947862,17.454780826727937,17.583955764770508,7200.0
2016-05-24,17.721201771383996,17.769641981187338,17.438631057739258,17.438631057739258,5900.0
2016-05-25,17.761563585339957,17.761563585339957,17.559727635506547,17.616241455078125,9800.0
2016-05-26,17.721199665491145,17.76156624554923,17.616244093522013,17.64853858947754,6100.0
2016-05-27,17.51936846935488,17.729276590839063,17.382119903838763,17.60817527770996,7600.0
2016-05-31,17.511294709521472,17.57588217868987,17.252944832847884,17.3659725189209,10600.0
2016-06-01,17.3740434168144,17.5193655845951,17.357896167086214,17.430557250976562,8400.0
2016-06-02,17.446708440262885,17.519369540560493,17.212577885995746,17.317533493041992,5000.0
2016-06-03,17.26101467786544,17.341749388814755,17.018812084904024,17.115694046020508,8000.0
2016-06-06,17.382115121421347,17.390188745393523,16.792752890543163,17.21257209777832,20100.0
2016-06-07,17.091476975752528,17.51936996112282,17.091476975752528,17.454782485961914,10400.0
2016-06-08,17.495145616249104,17.511292866813715,17.374044316787653,17.487071990966797,3400.0
2016-06-09,17.495141137911947,17.511288384343253,17.341745376586914,17.341745376586914,8800.0
2016-06-10,17.325601848349457,17.737347481394107,17.156060344094517,17.438631057739258,6900.0
2016-06-13,17.14798777130077,17.38211828950779,16.671654649329643,16.728168487548828,20500.0
2016-06-14,16.671654649329643,16.792755951211696,16.55055334744759,16.728168487548828,23500.0
2016-06-15,16.728161664049782,17.745414956712306,16.647428522317593,16.978439331054688,37500.0
2016-06-16,16.72009359279289,17.543584846893758,16.590918675273517,16.655506134033203,10500.0
2016-06-17,16.760456638340045,16.946145333522573,16.623208137577738,16.784677505493164,70600.0
2016-06-20,16.962297718056575,17.043032426477804,16.639360424258143,16.655506134033203,35400.0
2016-06-21,16.921933233902735,17.059181805775793,16.61514312377362,16.865419387817383,25800.0
2016-06-22,16.84119234167091,17.45477382104831,16.84119234167091,17.293304443359375,22100.0
2016-06-23,17.479001225485668,17.761571997052503,17.333679026400617,17.664690017700195,36300.0
2016-06-24,17.495145700218476,17.826156638948888,16.954225122800334,17.59202766418457,526400.0
2016-06-27,17.600098665809455,20.06249880118081,17.10761987064437,17.30945587158203,37500.0
2016-06-28,17.495146310307312,17.761569795646544,17.495146310307312,17.753496170043945,29100.0
2016-06-29,17.76156624554923,17.76156624554923,17.39826086548119,17.64853858947754,18200.0
2016-06-30,17.68891149402371,18.00377524273475,17.269092135817743,17.810012817382812,35100.0
2016-07-01,17.9714732087982,18.04413427413469,17.59202217639684,17.834224700927734,16200.0
2016-07-05,17.583954700029558,18.124875297786602,17.583954700029558,18.092580795288086,22400.0
2016-07-06,18.07642923521203,18.924141245091732,17.882666886067422,18.504322052001953,24400.0
2016-07-07,18.496244430541992,18.544684622386765,18.32670298914233,18.496244430541992,6400.0
2016-07-08,18.54469622244776,18.89185448424225,18.044143667212794,18.383228302001953,26500.0
2016-07-11,18.24597449407074,18.778821404632996,18.01184399767006,18.302488327026367,32900.0
2016-07-12,18.286337197078584,18.528541266772592,18.124869357168713,18.415512084960938,10500.0
2016-07-13,18.33477955834713,18.649644732111042,18.157164451523975,18.31056022644043,18300.0
2016-07-14,18.455884116396245,18.907996319927697,18.22982724468729,18.302488327026367,33300.0
2016-07-15,18.36707878112793,18.399373285163446,18.270196808908093,18.36707878112793,12000.0
2016-07-18,18.270188853161812,18.44780546824065,18.10064740046224,18.350923538208008,23600.0
2016-07-19,18.165244102435036,18.367080148017646,18.165244102435036,18.342859268188477,13000.0
2016-07-20,18.383222032423443,18.391295656675265,18.22982625141153,18.35900115966797,8800.0
2016-07-21,18.326712190970245,18.36707878112793,18.20560934072377,18.36707878112793,8800.0
2016-07-22,18.36707805683916,18.36707805683916,18.229829499873905,18.33478355407715,10000.0
2016-07-25,18.36707878112793,18.36707878112793,18.1975372546016,18.36707878112793,9900.0
2016-07-26,18.36707878112793,18.391299659154566,18.310564938952485,18.36707878112793,11900.0
2016-07-27,18.36707918379042,18.36707918379042,18.124876557761066,18.16524314880371,15000.0
2016-07-28,18.245979244965664,18.245979244965664,17.753498789743336,17.801939010620117,8300.0
2016-07-29,17.801942479196182,17.818089735930236,17.624327274783077,17.769649505615234,8800.0
2016-08-01,17.834225949440228,17.834225949440228,17.559728914482704,17.68890380859375,10000.0
2016-08-02,17.729276232927536,17.753497111019094,17.575881958007812,17.575881958007812,4300.0
2016-08-03,17.656614026597623,17.761568069458008,17.600098652871978,17.761568069458008,4900.0
2016-08-04,17.777715319093907,17.777715319093907,17.672759736347043,17.761568069458008,3100.0
2016-08-05,17.818081903297173,17.85845002738692,17.648540401779677,17.761568069458008,20500.0
2016-08-08,17.600102960432192,17.801939010620117,17.600102960432192,17.801939010620117,18300.0
2016-08-09,17.810008643029715,17.834229517979338,17.753494808033775,17.7777156829834,7400.0
2016-08-10,17.801937759646748,17.801937759646748,17.713130950927734,17.713130950927734,8300.0
2016-08-11,17.753496170043945,17.761569795646544,17.705055956314986,17.753496170043945,4300.0
2016-08-12,17.785861680312358,17.866780378667258,17.704942981957462,17.858688354492188,9700.0
2016-08-15,17.874873625021692,18.004342933883567,17.810138970590756,17.963884353637695,12500.0
2016-08-16,17.89914761696513,17.89914761696513,17.696851652477438,17.850595474243164,6400.0
2016-08-17,17.559290232690007,17.882963465307302,17.543106185210213,17.810136795043945,5900.0
2016-08-18,17.591657922754493,17.874872598397165,17.583565898490896,17.842504501342773,5700.0
2016-08-19,17.850592325865016,18.012429686269577,17.607837828653626,17.874868392944336,13900.0
2016-08-22,17.818230240579922,17.963883592728962,17.793954167423134,17.89914894104004,4900.0
2016-08-23,17.923424524188423,17.923424524188423,17.688761976798027,17.89105796813965,6500.0
2016-08-24,17.9072416236775,17.923425674438477,17.874875065551574,17.923425674438477,6400.0
2016-08-25,17.92342422999592,17.971974834970144,17.92342422999592,17.963884353637695,5000.0
2016-08-26,17.923426030237533,18.085263454267892,17.923426030237533,18.02052879333496,4700.0
2016-08-29,17.971971422760436,18.166176892576747,17.729216900583467,18.158084869384766,12400.0
2016-08-30,18.23900136975535,18.23900136975535,18.133806624275547,18.23090934753418,9800.0
2016-08-31,18.30373541222673,18.30373541222673,17.486459715062427,18.14999008178711,5600.0
2016-09-01,18.16617966221357,18.279464917381674,17.996250236065563,18.263280868530273,6400.0
2016-09-02,18.33610696539284,18.408933639526367,18.279464339599162,18.408933639526367,5700.0
2016-09-06,18.441297870815138,18.71641891794681,18.441297870815138,18.6921443939209,13400.0
2016-09-07,18.65168025030617,18.675956312480693,18.53839504694867,18.578853607177734,12100.0
2016-09-08,18.41702499997906,18.6274129906277,18.41702499997906,18.611228942871094,5200.0
2016-09-09,18.57077980041504,18.61123839696287,17.907247395896324,18.57077980041504,8000.0
2016-09-12,18.570770366875323,18.611228942871094,18.538402271362113,18.611228942871094,8300.0
2016-09-13,18.586962312996256,18.61123839696287,18.417034355419535,18.57077980041504,7900.0
2016-09-14,18.619313710801944,18.692140353930377,18.4979364867196,18.578853607177734,4500.0
2016-09-15,18.506027277771814,18.69213911189115,18.489843237397515,18.60312843322754,5700.0
2016-09-16,18.6921443939209,18.7326029628944,18.570767143604918,18.6921443939209,19600.0
2016-09-19,18.69214502910896,18.878256922144203,18.489849090576172,18.489849090576172,8100.0
2016-09-20,18.675964842051833,18.692148890892998,18.53840351369365,18.58695411682129,4000.0
2016-09-21,18.6516790109554,18.6516790109554,18.530301794938225,18.60312843322754,13000.0
2016-09-22,18.67596671873186,18.813528060913086,18.6516906430307,18.813528060913086,8400.0
2016-09-23,18.75688418534772,19.161476159860324,18.75688418534772,18.934904098510742,4500.0
2016-09-26,18.934908990214804,19.040103795066145,18.821623701971486,18.829715728759766,30800.0
2016-09-27,19.056281284714444,19.056281284714444,18.894445421774716,18.991546630859375,3500.0
2016-09-28,18.79734728985783,19.177664825213373,18.79734728985783,18.999643325805664,7000.0
2016-09-29,18.764974512848305,19.056279658641092,18.764974512848305,18.918718338012695,5500.0
2016-09-30,18.756879399542683,19.210021863226956,18.700236784506586,19.16956329345703,6200.0
2016-10-03,19.112924391356252,19.12910689637058,18.805433645146913,18.902536392211914,2900.0
2016-10-04,18.732607633494986,19.250486397172267,18.732607633494986,19.121015548706055,2600.0
2016-10-05,19.258576470344185,19.404229821312157,19.242393965100053,19.379955291748047,6300.0
2016-10-06,19.404230484929535,19.727903751819074,19.404230484929535,19.501333236694336,1900.0
2016-10-07,19.525607017531673,19.525607017531673,19.210025787353516,19.210025787353516,2400.0
2016-10-10,19.50133096995099,19.744085506052524,19.50133096995099,19.727901458740234,4600.0
2016-10-11,19.655078116715163,20.270056536446656,19.655078116715163,19.914016723632812,15100.0
2016-10-12,19.849283774006338,20.075854302790088,19.849283774006338,20.02730369567871,5500.0
2016-10-13,20.05966825505936,20.05966825505936,19.727901458740234,19.727901458740234,3600.0
2016-10-14,19.89783425508332,19.95447688692048,19.323312824886504,19.493242263793945,4600.0
2016-10-17,18.619326559707275,20.06776531430572,18.611234533398253,19.79264259338379,7200.0
2016-10-18,20.027298444179397,20.027298444179397,19.825002500298798,19.93828773498535,1500.0
2016-10-19,19.938290600176405,19.954474648427485,19.501332101167783,19.66316795349121,2900.0
2016-10-20,19.6631677487139,19.6631677487139,19.145290557238976,19.582250595092773,9200.0
2016-10-21,19.51751689922296,19.711720855509277,19.51751689922296,19.630802154541016,10500.0
2016-10-24,19.711722372776634,19.833099661873856,19.671262247480247,19.760272979736328,4700.0
2016-10-25,19.735990605885036,19.784542740745454,19.582246809013476,19.67934799194336,7300.0
2016-10-26,19.76027186936951,19.76027186936951,19.01582258310366,19.17765998840332,3600.0
2016-10-27,19.388042855082816,19.816910819129006,19.33949225986485,19.71171760559082,14600.0
2016-10-28,19.727909116579646,19.897838592529297,19.727909116579646,19.897838592529297,3900.0
2016-10-31,19.865462778641177,20.10012683453587,19.857372298378884,19.9544734954834,6100.0
2016-11-01,19.65507679902344,19.986842059819352,19.541790008544922,19.541790008544922,3000.0
2016-11-02,19.50942702555004,20.027304299405518,19.50942702555004,19.784549713134766,4300.0
2016-11-03,19.889735239783487,19.889735239783487,19.533693980429007,19.55797004699707,3200.0
2016-11-04,19.557974239842153,19.6227088878394,19.274759576080786,19.428504943847656,9400.0
2016-11-07,19.501332101167783,19.76836272372744,19.501332101167783,19.66316795349121,8000.0
2016-11-08,19.638897796460736,19.663172330845487,19.638897796460736,19.646989822387695,2800.0
2016-11-09,19.655072424838718,20.148673422561032,19.655072424838718,20.0677547454834,12800.0
2016-11-10,20.213412397772363,21.006412208014858,19.768361893333093,20.98213768005371,15400.0
2016-11-11,20.9740478357313,21.241078474821798,20.804118405366868,21.232986450195312,33400.0
2016-11-14,21.354363231009057,21.686128515919627,21.2329859512557,21.64566993713379,16500.0
2016-11-15,21.516200632944095,21.686128515919627,21.516200632944095,21.64566993713379,13500.0
2016-11-16,21.158884247501227,21.7835909424401,20.72077931877256,21.710573196411133,7400.0
2016-11-17,21.79170424690104,21.905286719895834,21.605102480265845,21.848495483398438,15700.0
2016-11-18,21.767366419652816,22.197359680244922,21.702461922529977,21.986419677734375,21800.0
2016-11-21,22.05132300401728,22.14867897080968,21.970192000060155,22.10811424255371,11600.0
2016-11-22,22.205471496914033,23.325074386594704,22.181131731778194,23.284509658813477,14600.0
2016-11-23,23.243946136383833,23.487339174231916,22.773388120145302,23.300737380981445,18800.0
2016-11-25,23.227717640149166,23.325075156460727,22.781499430047138,23.024890899658203,2000.0
2016-11-28,22.23792436086506,23.59280708928543,22.23792436086506,23.308849334716797,10800.0
2016-11-29,23.52790390681725,23.568468639402585,23.252059392389974,23.300737380981445,6400.0
2016-11-30,23.592802123799444,23.81185533528727,23.52789764048212,23.649593353271484,36400.0
2016-12-01,23.48733025584356,23.93354833462994,23.48733025584356,23.690156936645508,9000.0
2016-12-02,23.641487088036484,24.249967379299843,23.27639984174571,23.722618103027344,11200.0
2016-12-05,23.836195367720652,24.176944317991854,23.503559671913653,23.75506591796875,22000.0
2016-12-06,23.77940566196035,24.039023631717413,23.58469218464255,23.836196899414062,17700.0
2016-12-07,25.58862139439598,25.59673310196941,24.087703259748377,24.4122257232666,21200.0
2016-12-08,23.471109270251908,24.8259918785667,23.471109270251908,24.542034149169922,31000.0
2016-12-09,24.095815300555444,24.907122192191046,24.063362282116376,24.477128982543945,25300.0
2016-12-12,24.574484423504963,26.375583466923814,23.83619379056324,25.43446922302246,11700.0
2016-12-13,25.52371725638756,26.367477271860842,25.02882104293235,25.81578826904297,23400.0
2016-12-14,25.80767351168828,25.92125753635894,25.458811277415553,25.653526306152344,10800.0
2016-12-15,26.018612048169697,26.594639204678558,25.872576558506854,26.13219451904297,15200.0
2016-12-16,26.326905992451927,26.586523918035216,25.775217126864984,25.91313934326172,32500.0
2016-12-19,25.994270813289774,25.994270813289774,24.387882160963773,25.56427764892578,19600.0
2016-12-20,25.734653569322667,26.570300209322024,25.726540314863055,26.091629028320312,13800.0
2016-12-21,26.02673070959802,26.31068692888669,25.199195629651975,25.96993637084961,8000.0
2016-12-22,26.229556705214513,26.489174696729158,25.694092663408945,26.14842414855957,8500.0
2016-12-23,26.188987279181013,26.838035313198557,25.905031085466135,26.81369400024414,7900.0
2016-12-27,26.984068968517843,28.233482468616145,25.353343289865528,27.48708152770996,10000.0
2016-12-28,27.454622713683314,27.454622713683314,26.724445343017578,26.724445343017578,11300.0
2016-12-29,26.651433628142026,26.708224870371993,25.961823918269232,26.367477416992188,9400.0
2016-12-30,26.367477416992188,26.505398121010515,26.132197644959135,26.367477416992188,15400.0
2017-01-03,26.39181497816051,26.448606218973723,26.00238800048828,26.00238800048828,20100.0
2017-01-04,25.961820602416992,25.961820602416992,25.6372981543758,25.961820602416992,8800.0
2017-01-05,25.913145697853093,25.96182368397587,25.84012794494629,25.84012794494629,2700.0
2017-01-06,25.556172141078715,25.807676893944304,24.97203162064869,25.677867889404297,9900.0
2017-01-09,25.67786146086911,25.913141189848208,25.588618759743426,25.775218963623047,3600.0
2017-01-10,25.961825700855425,25.961825700855425,25.312780677312197,25.596736907958984,2900.0
2017-01-11,25.51560210611894,25.59673155651627,25.012591157452096,25.134286880493164,3000.0
2017-01-12,25.00447681103035,25.00447681103035,24.13637873114832,24.56637191772461,10900.0
2017-01-13,24.558261899229468,24.70429739872066,23.925441917249383,24.17694664001465,10000.0
2017-01-17,24.13637884055939,24.13637884055939,23.52789870172176,23.55223846435547,9400.0
2017-01-18,23.56846242815851,23.81996865573066,23.414315247001976,23.78751564025879,7700.0
2017-01-19,23.771292222224766,23.79563198699226,23.584692001342773,23.584692001342773,6400.0
2017-01-20,23.519786798949195,23.77129150416885,23.519786798949195,23.682048797607422,10700.0
2017-01-23,23.722611601603568,23.81185584837976,23.706385093563355,23.7631778717041,5000.0
2017-01-24,23.884876902301748,23.884876902301748,23.357527697359366,23.730728149414062,5500.0
2017-01-25,23.771295486754877,23.771295486754877,23.657712997131842,23.71450424194336,7900.0
2017-01-26,23.73072888550439,23.892990898571405,23.649597878970884,23.85242462158203,18100.0
2017-01-27,23.763181214194812,23.884876946723974,23.722614938388293,23.868650436401367,83300.0
2017-01-30,23.85242707442041,23.85242707442041,23.77940931577608,23.803749084472656,9000.0
2017-01-31,23.795632103796716,23.852423341087817,23.75506737643026,23.77940559387207,3800.0
2017-02-01,23.771290951067513,24.20128415429532,23.763179244023934,23.811857223510742,26800.0
2017-02-02,23.77129316251477,24.460904383753604,23.77129316251477,24.17694664001465,1400.0
2017-02-03,24.17694363143462,25.109947751537433,24.17694363143462,24.980138778686523,16900.0
2017-02-06,24.866550933483698,25.799553362311823,24.744855233626947,25.612953186035156,17000.0
2017-02-07,25.61295949326464,25.742768478070136,25.393906251113435,25.70220375061035,11600.0
2017-02-08,25.702201828409883,26.25389074629644,25.677862065287226,25.78333282470703,6700.0
2017-02-09,25.953711736373634,25.953711736373634,25.758998234624247,25.832015991210938,2900.0
2017-02-10,25.953705913319425,25.953705913319425,25.775218963623047,25.775218963623047,2000.0
2017-02-13,25.90503374517962,26.34314028465548,25.90503374517962,26.270122528076172,4400.0
2017-02-14,26.12408668551261,26.12408668551261,25.929371638792755,25.96993637084961,17600.0
2017-02-15,26.018718685610615,26.19759836910954,25.99432557854172,26.05124282836914,14600.0
2017-02-16,26.018714441149843,26.384603233313005,26.010583406786637,26.14067840576172,5300.0
2017-02-17,26.230111339418674,26.230111339418674,26.018710679880332,26.091888427734375,17600.0
2017-02-21,26.278908800093294,26.425264358520508,26.246384653404284,26.425264358520508,3900.0
2017-02-22,26.417131457547853,26.644794251592604,26.36021265736372,26.384607315063477,4500.0
2017-02-23,26.530963116842432,26.709839698928906,26.059372351175877,26.59600830078125,42800.0
2017-02-24,26.50657375238458,27.035080322670122,26.50657375238458,27.02695083618164,6000.0
2017-02-27,27.059471215560286,27.400968571441343,26.970031358027786,27.384706497192383,11300.0
2017-02-28,26.409002081514785,26.99442431070897,26.303300156427323,26.709842681884766,5100.0
2017-03-01,27.01068392839281,27.01068392839281,26.457785895900656,26.864328384399414,6100.0
2017-03-02,26.78301759383665,27.157039034496158,26.78301759383665,26.9375057220459,19000.0
2017-03-03,27.083862580986338,27.083862580986338,26.22199136074405,26.717973709106445,6000.0
2017-03-06,26.99442764818157,26.99442764818157,26.628538709698304,26.831809997558594,4600.0
2017-03-07,26.799284855825267,26.799284855825267,26.368350734036778,26.669191360473633,8200.0
2017-03-08,26.64479528170073,26.64479528170073,26.425261963953275,26.547225952148438,8100.0
2017-03-09,26.669187893253113,26.913112777615925,26.571618559842626,26.67732048034668,27000.0
2017-03-10,26.831804121487004,26.848066193155333,26.522830963134766,26.522830963134766,8800.0
2017-03-13,25.083671710839333,26.506568861823766,25.083671710839333,25.978065490722656,1600.0
2017-03-14,25.847974499627846,25.847974499627846,25.205636565335443,25.25442123413086,6900.0
2017-03-15,25.189377991531572,25.58778953552246,25.189377991531572,25.58778953552246,3700.0
2017-03-16,25.2056329350982,25.56339074002412,25.2056329350982,25.555259704589844,4300.0
2017-03-17,25.384515759512247,28.214053029947994,25.238161747122,28.116483688354492,98100.0
2017-03-20,27.75872594496125,28.457979655624374,27.46601480080705,27.514801025390625,30500.0
2017-03-21,27.33591899586982,27.85629294080305,26.63666534423828,26.63666534423828,13600.0
2017-03-22,26.62853449823747,26.62853449823747,25.221897780913043,25.38451385498047,11600.0
2017-03-23,25.23002888630858,25.23002888630858,24.603953044801777,24.7828311920166,8700.0
2017-03-24,24.790961183072646,25.433299070197922,24.6120830434001,24.64460563659668,5400.0
2017-03-27,24.563299267016315,25.18937514430788,24.530776670589542,24.896665573120117,10200.0
2017-03-28,24.896662577810396,25.758532215724077,24.71778289105565,25.36825180053711,12000.0
2017-03-29,25.25442013602542,27.46601081890603,25.25442013602542,27.23834800720215,13900.0
2017-03-30,27.173291572289763,28.051424614233675,26.823667974114603,27.61235809326172,35300.0
2017-03-31,27.742472191271123,28.059574991993188,27.482285118797915,27.962005615234375,13300.0
2017-04-03,27.92133313253616,28.13273382319346,26.953763303300207,27.579835891723633,17100.0
2017-04-04,26.72610224443046,28.083955764770508,26.72610224443046,28.083955764770508,9700.0
2017-04-05,27.994514019314764,28.010776089901317,27.157037544980582,27.474140167236328,22800.0
2017-04-06,26.750493155540866,27.30339110890607,26.644791255190068,26.896848678588867,9600.0
2017-04-07,26.978159777078073,27.62862713815261,26.978159777078073,27.441617965698242,9200.0
2017-04-10,26.791151904429874,27.11638404990967,26.449654584751926,26.66105842590332,9200.0
2017-04-11,26.65292073906047,27.27899645394967,26.65292073906047,26.896848678588867,3000.0
2017-04-12,26.67732048034668,26.67732048034668,26.67732048034668,26.67732048034668,900.0
2017-04-13,27.319652517885665,27.539185822074796,26.758625030517578,26.758625030517578,39700.0
2017-04-17,26.839939125646495,27.213960647583008,26.693586653882754,27.213960647583008,9800.0
2017-04-18,27.39283855998587,27.880691528320312,27.39283855998587,27.880691528320312,35100.0
2017-04-19,28.01078059422797,28.067696299596935,27.67741584777832,27.67741584777832,8800.0
2017-04-20,27.563581705307865,28.482365487591256,27.563581705307865,28.368534088134766,12200.0
2017-04-21,28.327883113225024,28.864519119262695,28.092087705595652,28.864519119262695,12700.0
2017-04-24,29.23040410103288,31.303770069732536,29.11657270613788,29.506853103637695,12800.0
2017-04-25,29.27919739478121,29.97032169248623,28.498636328321062,28.79134750366211,17600.0
2017-04-26,28.856385345041282,29.905262540731147,28.376665115356445,28.376665115356445,4000.0
2017-04-27,28.555545933461218,29.108444012611944,28.173398071160936,28.864519119262695,2300.0
2017-04-28,29.840224102066173,29.840224102066173,28.3766715271116,29.38489532470703,12000.0
2017-05-01,29.311720369151463,29.3930307488506,28.742560117952884,29.222280502319336,4400.0
2017-05-02,28.758819926482797,28.80760615045586,28.758819926482797,28.766952514648438,3700.0
2017-05-03,28.47424121646533,28.937699485785206,28.336015133477282,28.506765365600586,5900.0
2017-05-04,28.514891336455328,28.807602439237215,28.514891336455328,28.669376373291016,1100.0
2017-05-05,28.742553024650576,29.287321578334275,28.718161467597287,29.16535758972168,9100.0
2017-05-08,29.165362012813585,29.677606500328952,28.14900562581602,29.352371215820312,6700.0
2017-05-09,29.39302730001274,29.39302730001274,28.807605041564994,29.197885513305664,6600.0
2017-05-10,29.9215255627787,29.9215255627787,29.368627548217773,29.368627548217773,1700.0
2017-05-11,29.393024256044267,30.04349164158239,29.09218057012345,29.677602767944336,7400.0
2017-05-12,29.80794398274106,30.158242560379485,29.677600542756956,29.979019165039062,12000.0
2017-05-15,29.278426626057644,29.68575032868432,29.05847145372325,29.522823333740234,26700.0
2017-05-16,29.482088386603483,29.49023660090554,29.31101317785895,29.449504852294922,7100.0
2017-05-17,29.082911204816387,29.091056311010593,27.27439308166504,27.27439308166504,7900.0
2017-05-18,27.600252344933413,28.18679630794884,27.600252344933413,27.999427795410156,6800.0
2017-05-19,27.893527933571946,28.105334887101655,27.510642666754325,27.55952262878418,10000.0
2017-05-22,27.80391624465326,27.90167306115359,27.437324298235556,27.551374435424805,3300.0
2017-05-23,27.46990627175346,27.950548273686685,27.46990627175346,27.763179779052734,2400.0
2017-05-24,27.91796628820527,27.91796628820527,27.478055953979492,27.478055953979492,1900.0
2017-05-25,26.883362515212696,27.13590431213379,26.883362515212696,27.13590431213379,3600.0
2017-05-26,26.891508726928958,26.891508726928958,25.66139254680574,25.91393280029297,11500.0
2017-05-30,25.775439490820244,26.32125478542353,25.009672164916992,25.009672164916992,1800.0
2017-05-31,24.887475333003646,25.278507232666016,24.357954878776937,25.278507232666016,5200.0
2017-06-01,26.21535633489698,26.21535633489698,25.07485016583433,25.148168563842773,9400.0
2017-06-02,25.474023379292976,26.0687155805585,25.091138124760942,26.003543853759766,5000.0
2017-06-05,26.011692474251696,26.011692474251696,25.221483479218,25.74285888671875,4100.0
2017-06-06,25.816173887777964,25.8894922705479,25.294798548767698,25.76729393005371,1800.0
2017-06-07,25.71027224395517,25.95466740323208,25.417000228166188,25.74285888671875,6500.0
2017-06-08,26.011691127845552,26.655263304764116,25.808029282564977,26.47603988647461,3900.0
2017-06-09,26.557498293375534,26.88335842644608,26.060564542693868,26.647109985351562,10200.0
2017-06-12,26.467897350961756,26.508629102447692,25.93837525874427,26.386430740356445,8600.0
2017-06-13,26.50862663278915,27.14405059814453,25.873201113617192,27.14405059814453,3100.0
2017-06-14,27.201077181332817,27.860942718158945,26.402723073117247,27.4536190032959,2300.0
2017-06-15,27.16034397069415,27.836499685033928,27.16034397069415,27.478055953979492,5600.0
2017-06-16,27.15219350237416,27.217363664408744,26.158322893378287,26.647109985351562,15000.0
2017-06-19,26.88336254388376,27.005560889409164,26.761164198358355,26.87521743774414,16900.0
2017-06-20,26.45975054182922,26.777462570985634,25.96281662126964,26.6226806640625,16800.0
2017-06-21,26.630820729093834,26.638968942861087,26.142033562581272,26.272377014160156,8500.0
2017-06-22,26.109445904799045,26.142032543331503,25.808027267456055,25.808027267456055,4700.0
2017-06-23,24.61864698674467,26.08501342475989,24.61864698674467,25.620664596557617,169000.0
2017-06-26,25.498460963635253,25.661391052159683,25.49031585764386,25.645097732543945,6300.0
2017-06-27,25.612511701945163,25.66139010517213,25.00967288275782,25.514753341674805,6000.0
2017-06-28,25.449581460915454,26.231643676757812,25.449581460915454,26.231643676757812,4800.0
2017-06-29,26.304962505079402,26.304962505079402,25.131869938288393,25.43328857421875,9700.0
2017-06-30,24.920059216079984,25.808024832704163,24.920059216079984,25.44143295288086,5000.0
2017-07-03,25.188899858599406,26.19091742855671,25.188899858599406,25.71027374267578,4600.0
2017-07-05,26.068720401489678,26.068720401489678,25.856911861769557,25.873205184936523,9900.0
2017-07-06,25.76729079725715,26.109442690645754,25.718412399291992,25.718412399291992,5500.0
2017-07-07,25.799882313403046,26.679701412328704,25.799882313403046,26.51677131652832,5300.0
2017-07-10,26.402725461484735,26.467898753422336,26.04428012491194,26.28867530822754,11700.0
2017-07-11,28.07274159375616,28.07274159375616,25.710265039028833,26.524913787841797,16900.0
2017-07-12,26.56564337050413,27.029991985364003,26.516763424022816,26.81818199157715,6100.0
2017-07-13,26.679701599876832,26.793751735448897,26.38642804690116,26.663408279418945,3900.0
2017-07-14,26.36198639587972,26.451598093621737,25.449580761443485,25.979101181030273,4200.0
2017-07-17,26.47603716394714,26.695992307148178,26.10944525861208,26.150177001953125,5100.0
2017-07-18,25.954660743840186,26.345691033773534,25.840609077247436,25.905780792236328,7000.0
2017-07-19,26.06056822968518,26.231644979132405,25.661391219396986,26.05242156982422,5700.0
2017-07-20,26.1501708041138,26.58193588256836,25.60435873591422,26.58193588256836,10900.0
2017-07-21,26.65526160333234,26.801898371185032,26.0931529573527,26.361988067626953,25500.0
2017-07-24,26.19091402597611,27.152198165219698,26.150179171622494,26.37828254699707,16000.0
2017-07-25,26.516774123310807,26.842634349403657,26.150182145864708,26.313112258911133,11900.0
2017-07-26,26.27237542022384,26.32940048260285,26.231643676757812,26.231643676757812,1100.0
2017-07-27,26.370137418235384,26.41901738459857,26.060572067018796,26.386430740356445,4800.0
2017-07-28,26.541213852631255,26.899657590814716,26.394577071639564,26.72858238220215,155700.0
2017-07-31,26.899657590814716,26.899657590814716,26.443453926881315,26.72858238220215,7400.0
2017-08-01,26.8589279038171,27.893530556833376,26.85077968889591,27.803918838500977,18300.0
2017-08-02,27.665422923502103,27.738741308415197,26.932242182004135,27.168487548828125,3900.0
2017-08-03,26.720437494349024,27.144054569102114,26.56565558742589,26.6226806640625,6600.0
2017-08-04,26.62268596797285,27.005571365356445,26.53307422750995,27.005571365356445,7500.0
2017-08-07,26.95667892470603,26.95667892470603,26.541210174560547,26.541210174560547,6300.0
2017-08-08,26.53305977624399,27.21736356714057,26.53305977624399,26.8344783782959,11200.0
2017-08-09,26.39457824490572,27.29068918401403,26.39457824490572,27.078882217407227,16100.0
2017-08-10,26.956680439305266,26.956680439305266,26.541211665816082,26.76116371154785,8200.0
2017-08-11,26.91627944225698,26.91627944225698,25.569239693807738,25.87130355834961,11400.0
2017-08-14,25.83865015790538,26.246845245361328,25.512095645075362,26.246845245361328,19000.0
2017-08-15,26.23867638034935,26.589723022079923,26.042743696923235,26.42644500732422,4600.0
2017-08-16,26.35296993579682,26.88362270275712,26.206020034616095,26.287660598754883,6000.0
2017-08-17,26.165203865439306,26.336644395473048,25.805994690949174,26.108057022094727,8100.0
2017-08-18,25.805995773213848,25.993764425544974,25.724356754811474,25.854978561401367,12700.0
2017-08-21,25.75700654983027,26.02641416954127,25.634548823986083,25.72435188293457,11000.0
2017-08-22,25.91212047200763,26.238674926287906,25.91212047200763,26.181528091430664,10200.0
2017-08-23,26.140709686504433,26.197856522056714,25.961103566614995,26.08356285095215,1500.0
2017-08-24,26.042749661179286,26.124388687253937,25.76517790680642,25.920291900634766,3300.0
2017-08-25,25.98559758566677,26.091727208232033,25.593732207854817,25.887630462646484,13600.0
2017-08-28,26.352973783418783,26.89995474306788,25.920289630251702,26.499923706054688,6200.0
2017-08-29,26.4590976095485,26.90810975293252,25.69985759204135,26.475425720214844,3700.0
2017-08-30,26.573393695112873,26.89994970970484,26.52441247291235,26.712181091308594,5800.0
2017-08-31,26.883623573909993,27.928597914595706,26.81831112048254,27.675519943237305,9000.0
2017-09-01,27.84695560804753,28.01839609700683,27.487743405349594,27.757152557373047,11100.0
2017-09-05,27.479578972790495,27.92042858273943,26.875451383497314,27.487741470336914,33200.0
2017-09-06,27.41428296415002,28.124538937845067,26.940776905506695,27.89594841003418,17800.0
2017-09-07,27.544897914512784,28.06738508037643,27.40611050930385,27.414276123046875,14500.0
2017-09-08,27.536734364929526,27.748996738391092,26.246844466796865,27.2673282623291,6500.0
2017-09-11,28.0837085390496,28.0837085390496,27.61020267704546,27.757152557373047,8400.0
2017-09-12,27.75715535490201,28.124530092747154,27.651024183020315,28.10820198059082,12700.0
2017-09-13,28.01024574144716,29.104204705750266,28.002080125517665,28.663354873657227,14500.0
2017-09-14,28.64702709778113,28.77764892578125,28.557224007105415,28.77764892578125,5300.0
2017-09-15,28.842951899702527,28.98173618376156,28.451083430463957,28.973573684692383,33300.0
2017-09-18,28.900104239285945,29.389935247706546,28.222501459558856,28.728660583496094,18700.0
2017-09-19,29.055213279667683,29.055213279667683,28.06738576303871,28.483741760253906,9000.0
2017-09-20,28.320464980224468,28.491908623554803,27.504077949340598,27.70001220703125,14200.0
2017-09-21,27.577555160771677,28.042895557269023,26.614218136447786,27.814308166503906,12900.0
2017-09-22,26.20602244566447,27.814305893071893,26.20602244566447,27.70001220703125,14300.0
2017-09-25,27.675516556164276,28.777637601581137,27.675516556164276,28.630687713623047,8400.0
2017-09-26,28.54088624055947,29.09602960045125,28.320461396402234,28.998064041137695,17300.0
2017-09-27,29.136843959751356,29.806280890949694,29.136843959751356,29.749134063720703,80500.0
2017-09-28,29.512395118277865,30.083863600881475,29.2429858785336,29.97773551940918,14700.0
2017-09-29,30.083852714478258,30.20631198173324,29.96139656149181,30.15732765197754,64700.0
2017-10-02,30.108352661132812,30.206318226629215,30.043040207955762,30.108352661132812,14000.0
2017-10-03,30.12467201788507,30.12467201788507,29.087860482095216,29.634838104248047,15700.0
2017-10-04,29.667500159822264,29.757303217375444,28.696000867036407,28.932750701904297,13000.0
2017-10-05,29.071541573294336,29.52871630024082,28.70416680037716,29.300128936767578,8600.0
2017-10-06,29.112360485386045,29.430750919180447,29.112360485386045,29.34911346435547,20900.0
2017-10-09,29.389930603364892,29.45524305511043,29.267471313476562,29.267471313476562,5800.0
2017-10-10,29.381779666643627,29.553220248539017,29.349123427919647,29.389942169189453,29600.0
2017-10-11,29.45524318667507,30.98188593895118,29.45524318667507,30.426742553710938,32500.0
2017-10-12,30.41857560873449,30.41857560873449,29.814451025176286,30.034875869750977,27400.0
2017-10-13,29.798127356021517,30.2716333403638,29.291968256490023,29.855274200439453,19500.0
2017-10-16,29.838953617323497,30.034887929261572,29.185844434646985,29.928756713867188,2100.0
2017-10-17,29.675664007297506,29.912416967194464,29.634845283173313,29.8797607421875,3900.0
2017-10-18,29.9940580977304,30.27979228627993,29.504224056156666,30.043039321899414,18500.0
2017-10-19,29.87160961034351,30.720653098003496,29.64302217684667,30.69615936279297,28300.0
2017-10-20,30.883917605142003,30.883917605142003,30.37775549005898,30.557361602783203,34200.0
2017-10-23,30.532879391863062,30.614516857775918,29.98589840458389,30.50022315979004,22900.0
2017-10-24,30.614511489868164,30.78595200678683,30.40225224715017,30.614511489868164,41600.0
2017-10-25,30.614510412621726,30.614510412621726,30.247135664816454,30.483888626098633,5600.0
2017-10-26,30.451237893641586,30.492056625367418,29.822619459401043,30.026716232299805,3400.0
2017-10-27,30.059365533055825,30.410412150647765,30.059365533055825,30.31244659423828,15500.0
2017-10-30,30.067528187554334,30.19814995467061,29.618512943465344,29.838937759399414,12200.0
2017-10-31,29.994057529711878,30.451232222733285,29.577698446545636,29.8797607421875,9800.0
2017-11-01,29.87976516844705,29.87976516844705,29.177674912406832,29.2756404876709,6800.0
2017-11-02,29.006230920130886,29.871602315168786,28.57354677974666,29.855274200439453,4800.0
2017-11-03,29.577695614308414,29.879757881026052,29.210320903830898,29.87159538269043,19200.0
2017-11-06,29.879767569071827,29.879767569071827,29.389936539127596,29.52872085571289,11200.0
2017-11-07,28.9817428764581,28.9817428764581,27.438771711741094,27.879621505737305,4900.0
2017-11-08,27.67551982413106,28.09187581299705,27.161195155545524,27.55306053161621,10100.0
2017-11-09,27.52857084318043,28.051058028818847,27.52857084318043,27.83063316345215,4200.0
2017-11-10,28.083709345650064,28.083709345650064,27.267322482279642,27.35712242126465,2800.0
2017-11-13,26.24684711240248,27.169362314276498,26.24684711240248,26.94077491760254,7000.0
2017-11-14,26.997916650195837,27.610206873192602,26.777491796204707,27.316307067871094,11100.0
2017-11-15,27.079551828368235,27.675517002628435,27.079551828368235,27.202011108398438,13300.0
2017-11-16,27.259279465551728,27.64379011205954,27.079295227471423,27.471988677978516,9300.0
2017-11-17,27.357454489331587,27.627430878243995,27.22655769735682,27.57016372680664,10100.0
2017-11-20,27.43926148542412,27.717417503232223,27.24291477604337,27.49652862548828,5400.0
2017-11-21,27.570156203841695,27.897396534072925,27.570156203841695,27.684690475463867,9400.0
2017-11-22,27.782869454591154,28.224647291632248,27.782869454591154,27.881044387817383,13300.0
2017-11-24,27.36564021681916,27.897407125645667,27.3574574109824,27.67652130126953,2900.0
2017-11-27,27.660148308923354,27.831949716356615,27.292000206691487,27.684690475463867,8400.0
2017-11-28,27.791047896015794,28.208280373828565,27.791047896015794,27.979211807250977,2500.0
2017-11-29,27.987397924045915,29.157289436572352,27.66015748525183,29.042755126953125,7700.0
2017-11-30,28.633697406849073,30.261729004001644,28.22464458675123,28.870948791503906,17300.0
2017-12-01,28.92003840971426,29.083660191775028,28.331004363451775,28.666427612304688,22200.0
2017-12-04,29.01820920131425,29.45180420906128,28.32281750721613,29.091838836669922,12700.0
2017-12-05,28.478256106364025,29.361808501963484,28.478256106364025,28.73186683654785,12600.0
2017-12-06,28.47007594781317,28.928216234537548,27.946488832028393,28.5109806060791,10500.0
2017-12-07,29.042755929861976,29.28818704594914,28.10193301056423,28.821866989135742,9900.0
2017-12-08,28.715513982042502,28.887318581744392,28.445540675355765,28.83005142211914,7100.0
2017-12-11,29.026397234335228,29.419087695581286,28.625527087174746,28.772783279418945,25800.0
2017-12-12,28.69915002751332,29.435443299731883,28.57643292173074,28.650062561035156,30700.0
2017-12-13,28.838229683467322,28.944584312159613,28.33918464209502,28.633703231811523,17000.0
2017-12-14,29.386355078799955,29.386355078799955,28.5191650390625,28.5191650390625,11500.0
2017-12-15,28.429173643121896,28.960943607078892,27.979216123295167,28.650062561035156,67300.0
2017-12-18,28.3555346786922,28.879121665634244,28.330992513936987,28.76458740234375,13900.0
2017-12-19,28.748237545406614,28.81368750793294,28.617340741179945,28.633703231811523,8400.0
2017-12-20,28.65005495714469,28.756409545874096,28.175552269601823,28.34735679626465,17900.0
2017-12-21,28.10192577327819,28.551886344520106,27.815590065056202,27.979211807250977,23100.0
2017-12-22,27.93012046813965,28.510974607451757,27.897395500081995,27.93012046813965,22000.0
2017-12-26,27.521072379298225,28.641876197611133,27.521072379298225,28.22464370727539,18000.0
2017-12-27,28.29828931234548,28.617350182863692,27.463820739775624,28.35555648803711,7500.0
2017-12-28,28.31464142163578,28.666427155167515,27.938313513475375,28.46190071105957,12400.0
2017-12-29,28.551892256186886,28.846407708126687,28.093751907348633,28.093751907348633,16300.0
2018-01-02,27.905584036564797,27.913763719847616,27.071115904575944,27.578340530395508,37400.0
2018-01-03,27.496528819717064,28.020115887330793,27.22655248251462,27.725597381591797,26400.0
2018-01-04,28.183745825693993,28.347367612132217,27.815597586414484,27.86468505859375,10200.0
2018-01-05,27.701067019125567,28.02830751544003,27.52108271761544,27.815601348876953,4200.0
2018-01-08,27.733781848769162,27.81559116268223,27.267461893649042,27.44744300842285,5700.0
2018-01-09,27.545615830227025,28.846403942938714,27.545615830227025,28.257369995117188,9100.0
2018-01-10,28.25737745531678,28.633705405939406,28.25737745531678,28.49462890625,3100.0
2018-01-11,28.420991313561345,28.93639561989038,28.020118176702304,28.870948791503906,9300.0
2018-01-12,28.879131374714625,28.96094381944481,28.461898829480504,28.928218841552734,23200.0
2018-01-16,29.042747827974093,29.24727422112884,28.519160760829955,28.73186683654785,8900.0
2018-01-17,28.76459991785211,28.76459991785211,28.183745546534457,28.470081329345703,3200.0
2018-01-18,28.347371730669785,28.52735291315757,28.200112413562948,28.37191390991211,8000.0
2018-01-19,28.200104573124346,28.682787062591295,28.191921768434323,28.44553565979004,12600.0
2018-01-22,27.90558715918821,28.175560429286207,27.69287792012849,27.84832000732422,4600.0
2018-01-23,27.128381422876533,28.175555586488358,27.128381422876533,27.856494903564453,15600.0
2018-01-24,27.905584036564797,27.971030865303433,27.578340530395508,27.578340530395508,9000.0
2018-01-25,27.831954403717976,27.831954403717976,26.989306588446304,27.578340530395508,8000.0
2018-01-26,27.267456054687504,27.594696361090925,26.8420408476209,27.2674560546875,11500.0
2018-01-29,27.079296400996427,27.43108208840296,27.079296400996427,27.406539916992188,4000.0
2018-01-30,27.242912752785625,27.815587231721327,27.103836314622942,27.684690475463867,10300.0
2018-01-31,27.46381404996579,27.553806195796636,27.12021107951302,27.324737548828125,20600.0
2018-02-01,27.406540134948113,28.42099254594224,27.406540134948113,28.1019287109375,7800.0
2018-02-02,28.224648704041588,28.560071940618908,28.06102692796894,28.093751907348633,5500.0
2018-02-05,27.987390242188415,28.06101986685207,26.972941103294705,26.989303588867188,11100.0
2018-02-06,26.76024303678887,27.267470937932035,26.76024303678887,27.177478790283203,6300.0
2018-02-07,26.94840199530604,27.504714149063968,26.10575408041935,26.7929630279541,9600.0
2018-02-08,26.743873725003464,26.743873725003464,26.06484762913419,26.08938980102539,13400.0
2018-02-09,26.179379906407146,26.9729433584842,25.925767600479364,26.678424835205078,13700.0
2018-02-12,26.80114619740519,26.989313288702608,26.179387126318623,26.75206184387207,6200.0
2018-02-13,26.506628837041283,26.817506790161133,26.154841537358987,26.817506790161133,2600.0
2018-02-14,26.588432063558262,27.341087719361354,26.588432063558262,27.01384735107422,14900.0
2018-02-15,27.087479087645683,27.308367991859164,26.702968426145315,26.891132354736328,10700.0
2018-02-16,26.62934222125073,27.46381048214996,26.261194000144325,27.2511043548584,7400.0
2018-02-20,26.39208534592582,27.079294176401564,26.39208534592582,27.01384735107422,2600.0
2018-02-21,27.185651068050245,27.185651068050245,26.65388425448904,26.70296859741211,2300.0
2018-02-22,26.52297938927415,27.12837884561353,26.26936867608222,26.482074737548828,34300.0
2018-02-23,26.687369115155455,26.89265656988742,26.646312250696656,26.728425979614258,3800.0
2018-02-26,26.80232555489003,26.851595664288265,26.695575217412603,26.736635208129883,2900.0
2018-02-27,26.728424473014723,27.09794249719125,26.326062838585226,26.51492691040039,4400.0
2018-02-28,26.408183431601834,26.547780558127652,25.660937069437363,25.701993942260742,18000.0
2018-03-01,25.948333364620357,26.227524415154203,25.948333364620357,26.005813598632812,4500.0
2018-03-02,25.948335989132012,26.52313995361328,25.948335989132012,26.52313995361328,4400.0
2018-03-05,26.605259088211366,26.646315958383,26.334278106689453,26.334278106689453,5300.0
2018-03-06,26.523132689776617,26.62166976928711,26.284998542892083,26.62166976928711,3200.0
2018-03-07,26.441021182996508,27.089730203093385,26.441021182996508,26.679155349731445,8800.0
2018-03-08,26.646311071012153,26.892655379296773,26.53956072219495,26.769481658935547,17400.0
2018-03-09,26.794121787815715,27.574214809804324,26.794121787815715,27.467464447021484,12400.0
2018-03-12,27.418191944192827,27.418191944192827,26.777696088010572,27.262174606323242,10200.0
2018-03-13,27.056885176504224,27.50851691731589,26.999404943988434,27.286806106567383,50700.0
2018-03-14,27.500301730345864,27.91087653404956,26.958343114754474,27.598838806152344,8900.0
2018-03-15,27.352495559126314,28.263969025714733,27.25395534724869,27.295015335083008,15000.0
2018-03-16,27.319653508021926,28.12437991510164,27.073309200946554,27.886245727539062,35100.0
2018-03-19,27.754869182382475,28.190080809443742,27.36893081509847,27.919099807739258,9700.0
2018-03-20,27.92730302158022,28.84699304311705,27.442824519454913,27.96014976501465,8100.0
2018-03-21,27.040458630661995,28.02583885192871,27.007611892384382,28.02583885192871,4100.0
2018-03-22,27.919097132295136,28.329672090123005,27.22933107784678,27.23754119873047,7400.0
2018-03-23,27.4264074338339,27.4264074338339,26.260372967336707,26.276796340942383,25300.0
2018-03-26,26.9911950006595,27.032251867140754,26.564196697890562,26.79412078857422,3900.0
2018-03-27,26.687371786564803,26.687371786564803,26.523141179852136,26.613468170166016,2500.0
2018-03-28,26.161826449458324,26.53134439159925,26.07149949333086,26.408170700073242,10100.0
2018-03-29,26.449231730032533,26.523135330131762,26.2028874405143,26.506711959838867,6700.0
2018-04-02,26.56419538203856,26.56419538203856,25.87443097525024,25.907276153564453,11600.0
2018-04-03,26.038656562057014,26.29321409992977,26.038656562057014,26.19467544555664,5200.0
2018-04-04,26.432804194338534,26.56418800354004,26.276786899798335,26.56418800354004,3200.0
2018-04-05,26.646313040059944,26.646313040059944,26.071507523294965,26.268583297729492,11100.0
2018-04-06,26.285004933360668,26.65452298690966,25.989392056740492,26.219314575195312,6900.0
2018-04-09,26.276789917807513,27.188266569271455,25.86621507534177,26.178251266479492,22300.0
2018-04-10,26.235732960143775,26.350693414406425,26.030445539692632,26.10434913635254,16000.0
2018-04-11,26.03045374300281,26.194682791388097,25.816954570504645,26.038663864135742,43800.0
2018-04-12,26.096140750178296,26.2357362763789,26.005813772572342,26.055082321166992,13600.0
2018-04-13,26.071505518392605,26.071505518392605,25.890853130607905,26.005813598632812,9100.0
2018-04-16,26.03044989230543,26.695579241025015,25.972968089343713,26.096141815185547,17600.0
2018-04-17,26.0386556582382,26.284999936292085,25.989387115871168,26.10434913635254,17300.0
2018-04-18,26.60525690419517,26.60525690419517,25.997604625246375,26.022239685058594,47100.0
2018-04-19,26.030444105738457,26.235731514880815,25.972962315554945,26.120769500732422,53000.0
2018-04-20,25.98118245547819,26.728428742651207,25.98118245547819,26.588834762573242,13100.0
2018-04-23,26.112562908762573,26.728425256292056,26.112562908762573,26.687368392944336,3500.0
2018-04-24,26.408177522332693,26.958349518859368,26.32606379506025,26.391754150390625,11300.0
2018-04-25,26.284999864957502,26.728421443713565,26.284999864957502,26.531347274780273,5000.0
2018-04-26,26.728422066558768,26.728422066558768,26.252155303955078,26.252155303955078,3400.0
2018-04-27,25.948331283661208,26.399964566232025,25.882639369169663,25.95654296875,9900.0
2018-04-30,26.04686811146292,26.04686811146292,25.858004054968305,25.931907653808594,8900.0
2018-05-01,25.915484418754684,26.285000848661667,25.915484418754684,26.19467544555664,8500.0
2018-05-02,26.235732623727138,26.235732623727138,25.94832992553711,25.94832992553711,3200.0
2018-05-03,25.948339898907857,26.26858789260404,25.907281459831868,26.153627395629883,1200.0
2018-05-04,25.99760525452234,26.514930559567347,25.99760525452234,26.276796340942383,1400.0
2018-05-07,26.186470836279067,26.334278074667942,25.907279734037676,26.20289421081543,9600.0
2018-05-08,25.97297170949006,25.97297170949006,25.04507297369929,25.118976593017578,16100.0
2018-05-09,25.30783337642821,25.30783337642821,25.094334267553148,25.217506408691406,4600.0
2018-05-10,25.537759132631226,26.07150619021065,25.266779760862047,25.91548728942871,11000.0
2018-05-11,25.784102469882512,25.80873752682621,25.086124851999966,25.504911422729492,14800.0
2018-05-14,25.04328351537539,25.38950409726046,24.820714376679813,25.059770584106445,17000.0
2018-05-15,25.01855474018253,25.19166424674699,25.01855474018253,25.03504180908203,7200.0
2018-05-16,25.01855918517083,25.851137444996624,25.01855918517083,25.612079620361328,15600.0
2018-05-17,25.620319266553754,25.867619017264218,25.579103165533166,25.694509506225586,7000.0
2018-05-18,25.900590211933118,25.908833745658928,25.10922826948129,25.15044593811035,8600.0
2018-05-21,25.15044514314519,25.719236373901367,25.06801138078595,25.719236373901367,7600.0
2018-05-22,25.035041343185412,25.513155326319303,25.035041343185412,25.307071685791016,3200.0
2018-05-23,25.430721555649306,25.430721555649306,25.092744510966387,25.307071685791016,1500.0
2018-05-24,25.438962827490055,25.80166887051074,25.2905823679392,25.405988693237305,5500.0
2018-05-25,25.521395227869114,25.529638761499918,25.026795788367107,25.265851974487305,5500.0
2018-05-29,25.12572010783646,25.71099853515625,25.100991074256733,25.71099853515625,4100.0
2018-05-30,25.82640478205551,25.82640478205551,25.092747439290857,25.678024291992188,12700.0
2018-05-31,25.71099677664333,26.147893111135126,25.109231319899294,25.54612922668457,4600.0
2018-06-01,25.925326135363175,25.925326135363175,25.35653476986031,25.513158798217773,7700.0
2018-06-04,25.46368596024342,26.048964129373367,25.175170213798616,25.455442428588867,7600.0
2018-06-05,25.092746477110293,25.546129892880053,25.059772337341244,25.117475509643555,23800.0
2018-06-06,25.100991386110792,25.90059545175923,24.82071747190544,25.488428115844727,36700.0
2018-06-07,25.62856465273561,25.875864421312084,25.38950684712391,25.678024291992188,8800.0
2018-06-08,25.645049844455908,25.950052765202333,25.208151941532133,25.68626594543457,14300.0
2018-06-11,25.7851847127767,26.065458579285725,25.63680424553153,25.84288787841797,16500.0
2018-06-12,25.529643109197792,26.271545539383325,25.529643109197792,26.098434448242188,5300.0
2018-06-13,25.801673425197972,26.25505841744833,25.801673425197972,26.189111709594727,4500.0
2018-06-14,26.337490601112215,26.337490601112215,25.661534921161945,25.974782943725586,5400.0
2018-06-15,25.752212372936686,26.16437966745672,25.694509203270833,25.80991554260254,29100.0
2018-06-18,25.884108850136318,26.32925033569336,25.884108850136318,26.32925033569336,13400.0
2018-06-19,26.106674447536275,27.326690738446175,25.81815704957191,27.038171768188477,21400.0
2018-06-20,27.038174026092754,27.038174026092754,26.790874277067974,26.832090377807617,7800.0
2018-06-21,26.84858164709173,26.93925896965625,26.50236257321347,26.62601089477539,11200.0
2018-06-22,26.774387166563958,27.03817398439518,26.543574487108373,27.029932022094727,54300.0
2018-06-25,26.79087246688699,27.021685131103197,26.60127590062558,26.757898330688477,10600.0
2018-06-26,26.774385358000725,26.95573996222959,26.774385358000725,26.848575592041016,22000.0
2018-06-27,26.733172026203725,27.029932993070897,25.89235033494241,26.485872268676758,12400.0
2018-06-28,26.386946140722028,26.865061663373112,26.114917389058185,26.411678314208984,8100.0
2018-06-29,26.419922139781477,26.78263136037405,26.337489941239603,26.502357482910156,11000.0
2018-07-02,26.17262609771671,26.873309318088396,26.114922921666675,26.370466232299805,9200.0
2018-07-03,26.288028919994986,26.30451598873652,26.15613551464956,26.24681282043457,3900.0
2018-07-05,26.24681282043457,26.37046269140923,26.114919415089144,26.24681282043457,5900.0
2018-07-06,26.255058236915605,26.444656396447858,25.98302787235332,26.238571166992188,11300.0
2018-07-09,26.09843556463875,26.90628316507141,26.09843556463875,26.494115829467773,4800.0
2018-07-10,26.617759674910673,27.038168853364763,26.4611341196427,26.708436965942383,10000.0
2018-07-11,26.733169099980056,26.898036635147243,26.658978866384157,26.799114227294922,7400.0
2018-07-12,26.98871809011437,27.03817615706514,26.667224931998554,26.790876388549805,11900.0
2018-07-13,26.749659819352573,27.079391790109522,26.749659819352573,26.963985443115234,2900.0
2018-07-16,27.038171768188477,27.038171768188477,26.873304234410746,27.038171768188477,5900.0
2018-07-17,27.03817717327253,27.20304474000822,27.03817717327253,27.153583526611328,10700.0
2018-07-18,27.079395785657663,27.079395785657663,26.83209598495424,26.906286239624023,7200.0
2018-07-19,26.972230550521747,27.120611037967866,26.963985443115234,26.963985443115234,12200.0
2018-07-20,26.898040255536827,27.12061098628183,26.898040255536827,26.947498321533203,7700.0
2018-07-23,26.81560117575303,27.12060721505825,26.81560117575303,27.07114601135254,4800.0
2018-07-24,26.906280523293205,27.112364170860815,26.906280523293205,27.013444900512695,6300.0
2018-07-25,27.02168492808262,27.12060733593494,26.799114227294922,26.799114227294922,5900.0
2018-07-26,26.790870974358636,26.790870974358636,26.444651997322307,26.782629013061523,2300.0
2018-07-27,26.790871332280062,26.790871332280062,26.246810686392607,26.279783248901367,2700.0
2018-07-30,26.37870976777747,26.37870976777747,26.238572809244406,26.370466232299805,2600.0
2018-07-31,26.700199073023846,26.790876388549805,26.27154624575017,26.790876388549805,7400.0
2018-08-01,26.65898127851046,26.996958341119623,26.65898127851046,26.856822967529297,2700.0
2018-08-02,26.83209275162556,26.914528104984768,26.502360771950315,26.76614761352539,4600.0
2018-08-03,26.44465565728311,26.700197372485707,26.44465565728311,26.642494201660156,7800.0
2018-08-06,26.461135630798346,26.593029022216797,26.461135630798346,26.593029022216797,1600.0
2018-08-07,26.667220091073325,26.667220091073325,26.26329794289298,26.337488174438477,4100.0
2018-08-08,26.04897440131179,26.321004764010603,26.04897440131179,26.28803062438965,2900.0
2018-08-09,26.172624459592043,26.32100494431575,25.9665408024299,26.238571166992188,3000.0
2018-08-10,26.213842945697472,26.213842945697472,25.966543163533668,26.06546401977539,3200.0
2018-08-13,25.96654113529355,26.065461983808593,25.96654113529355,26.02424430847168,5400.0
2018-08-14,25.686267206779135,26.090190990920203,25.686267206779135,26.016000747680664,1700.0
2018-08-15,25.966537488063118,25.999511623701135,25.645047527059056,25.867616653442383,10700.0
2018-08-16,25.983469700885536,26.066219921062682,25.983469700885536,26.033119201660156,5600.0
2018-08-17,25.991746488886562,26.198621262964508,25.942096985040052,26.049671173095703,9500.0
2018-08-20,25.98347133037602,25.98347133037602,25.6441968268692,25.925546646118164,6400.0
2018-08-21,25.92554625339515,25.966920576287087,25.735221842765462,25.859346389770508,7000.0
2018-08-22,25.718669483109508,25.98346891702465,25.718669483109508,25.776594161987305,7800.0
2018-08-23,25.6607478676476,25.9834720189678,25.652472687058708,25.975196838378906,5700.0
2018-08-24,25.983467510825417,25.983467510825417,25.80141830444336,25.80141830444336,1800.0
2018-08-27,25.784871546174553,25.90899609414369,25.58627195375809,25.760046005249023,4200.0
2018-08-28,25.735217828972093,25.735217828972093,25.6938419342041,25.6938419342041,2800.0
2018-08-29,25.8427967400272,25.8427967400272,25.69384664819292,25.78487205505371,3800.0
2018-08-30,25.760045412949896,25.98347054115469,25.760045412949896,25.79314613342285,4900.0
2018-08-31,25.80969885075539,26.06622314453125,25.776598127259472,26.06622314453125,12200.0
2018-09-04,26.066220764007863,26.066220764007863,25.776595773186372,25.79314613342285,3000.0
2018-09-05,25.826249356507617,25.942100318139964,25.776599846282025,25.900724411010742,6100.0
2018-09-06,25.793150209133714,25.98347464693971,25.793150209133714,25.900724411010742,17700.0
2018-09-07,25.867622647381946,26.024847921912254,25.859347466793054,25.975196838378906,3000.0
2018-09-10,26.066220431477518,26.066220431477518,25.908995167895156,26.057945251464844,3400.0
2018-09-11,26.066219341196316,26.066219341196316,25.942094802856445,25.942094802856445,2600.0
2018-09-12,25.900721105009396,26.10759587926132,25.900721105009396,25.925546646118164,5300.0
2018-09-13,25.991745800691437,26.066220843653927,25.966920260260864,26.00002098083496,7500.0
2018-09-14,26.03311560429036,26.066216319118883,25.942091795169823,25.950366973876953,3100.0
2018-09-17,25.942091795169823,26.057941140411753,25.942091795169823,25.950366973876953,5500.0
2018-09-18,26.05794416152977,26.05794416152977,25.942094802856445,25.942094802856445,7400.0
2018-09-19,26.049669988738653,26.049669988738653,25.851070404052734,25.851070404052734,2200.0
2018-09-20,25.91727034790783,26.066220431477518,25.900719987882486,26.057945251464844,10100.0
2018-09-21,25.98346710205078,26.066217313951352,25.98346710205078,25.98346710205078,27600.0
2018-09-24,26.041394496110296,26.36412019838845,25.94209549412408,25.991744995117188,13700.0
2018-09-25,26.00001948219311,26.00829466185965,25.942094802856445,25.942094802856445,10800.0
2018-09-26,25.98346710205078,26.033116597859518,25.98346710205078,25.98346710205078,5100.0
2018-09-27,25.9834720189678,26.0662222465274,25.966921657790014,25.975196838378906,16300.0
2018-09-28,25.983466110376526,26.02484200391218,25.950366973876953,25.950366973876953,11500.0
2018-10-01,26.00001827263802,26.06621812856152,25.859343381509447,25.867618560791016,9200.0
2018-10-02,25.859348594932033,25.942098826101695,25.776598363762375,25.842798233032227,14800.0
2018-10-03,25.81797376489509,26.0000230072537,25.81797376489509,25.958648681640625,21800.0
2018-10-04,25.88417245235101,26.06622168640674,25.611097812102777,25.61937141418457,26600.0
2018-10-05,25.72694861873377,25.75177416135415,25.56972333879676,25.611099243164062,19500.0
2018-10-08,25.693842857180524,25.735218753434825,25.445593792970968,25.536619186401367,26900.0
2018-10-09,25.486969800059097,25.776594779718007,25.486969800059097,25.4952449798584,19400.0
2018-10-10,25.48696708693241,25.652467508642346,25.362842559814453,25.362842559814453,14800.0
2018-10-11,25.362846277060207,25.776595813646278,25.25527209201269,25.28009605407715,9100.0
2018-10-12,25.4042221529077,25.62764570291578,24.700847625732422,24.700847625732422,27600.0
2018-10-15,24.82496874085124,25.131144049786503,24.700844212812786,24.89116859436035,13900.0
2018-10-16,24.907724211572972,25.776597669633347,24.907724211572972,25.338024139404297,4900.0
2018-10-17,25.15596822293652,25.652467917653684,25.15596822293652,25.30491828918457,19400.0
2018-10-18,25.30492131516636,25.362845997116388,25.056672227286473,25.172521591186523,18300.0
2018-10-19,25.238717739279444,25.65246721041517,25.238717739279444,25.255268096923828,4300.0
2018-10-22,25.32146954471005,25.32146954471005,24.824969832396313,25.00701904296875,21300.0
2018-10-23,24.833249240811465,25.445598411560056,24.55189940853112,24.824974060058594,19000.0
2018-10-24,24.824973837209868,24.891173704309256,24.328474044799805,24.328474044799805,14300.0
2018-10-25,24.411224392382746,24.775324452370835,24.287099838256836,24.287099838256836,18800.0
2018-10-26,24.287096817875437,24.560171434324186,24.287096817875437,24.419496536254883,10400.0
2018-10-29,24.535349929533886,24.957374693134152,24.535349929533886,24.916000366210938,13000.0
2018-10-30,24.91599365685885,25.420766938380734,24.891168120392273,25.255268096923828,5600.0
2018-10-31,25.82624885646572,25.82624885646572,25.073224722917974,25.08977508544922,10400.0
2018-11-01,25.230451243195965,25.611101708367915,25.03185161810476,25.371126174926758,4300.0
2018-11-02,25.404221097131913,25.453870597478186,24.957370859027986,25.04012107849121,11200.0
2018-11-05,25.056672479381636,25.131147522160735,24.659471725116685,24.700847625732422,24000.0
2018-11-06,24.62637481066101,25.02357402252747,24.527074218529712,24.5601749420166,36300.0
2018-11-07,24.61809569295908,24.65119641115263,24.543620655352704,24.601545333862305,7100.0
2018-11-08,24.71740358665625,24.80842743197737,24.593277435012716,24.74222755432129,8700.0
2018-11-09,24.700853222659834,24.91600321962449,24.700853222659834,24.74222755432129,5000.0
2018-11-12,24.742221948018933,25.329747110128597,24.700847625732422,24.700847625732422,6000.0
2018-11-13,24.70084591011384,24.783596127268602,24.51052151548827,24.601545333862305,15000.0
2018-11-14,24.700843884556583,24.973918473943826,24.493969147798705,24.5187931060791,14100.0
2018-11-15,24.63511629651262,24.718203010134793,24.63511629651262,24.70989418029785,5800.0
2018-11-16,24.59357591636998,24.834525664052414,24.59357591636998,24.63511848449707,8000.0
2018-11-19,24.809597479594554,24.900991434350004,24.585263837950194,24.693275451660156,3400.0
2018-11-20,24.651733538121334,24.925918579101562,24.6434247084253,24.718202590942383,28200.0
2018-11-21,24.801290237726715,24.801290237726715,24.593574241740306,24.668352127075195,7000.0
2018-11-23,24.676666404728497,24.842838287353516,24.527110601042637,24.842838287353516,6100.0
2018-11-26,24.917610404184614,24.917610404184614,24.6766606756569,24.74312973022461,4800.0
2018-11-27,24.69328127212331,24.71820776643051,24.635121036820728,24.66004753112793,28100.0
2018-11-28,24.718201940091923,24.718201940091923,24.635115230066546,24.693275451660156,21900.0
2018-11-29,24.610195609973655,24.718207246872762,24.60188677871257,24.701589584350586,14200.0
2018-11-30,24.684969042206088,24.718204363373378,24.610192739074357,24.651735305786133,26000.0
2018-12-03,24.718205457725116,24.718205457725116,24.311082263885215,24.46063804626465,22600.0
2018-12-04,24.468948087440793,24.4938729959055,22.881997802123315,23.05647850036621,23800.0
2018-12-06,22.881992954374464,23.64638623396855,22.87368412506403,23.03985595703125,9100.0
2018-12-07,22.97338985696258,23.804253877718892,22.97338985696258,23.264192581176758,36600.0
2018-12-10,23.264192581176758,23.596537872529815,23.264192581176758,23.264192581176758,26200.0
2018-12-11,23.264190815639125,23.264190815639125,22.749054464575476,22.91522789001465,18700.0
2018-12-12,22.93184578366552,22.973388348075886,22.51641380057284,22.740747451782227,18400.0
2018-12-13,22.89030429622303,22.95677335785708,22.383478295543682,22.449947357177734,11700.0
2018-12-14,22.632729343223225,23.056470064304396,22.300384145732185,22.516408920288086,54000.0
2018-12-17,22.599500514140825,22.973388348075886,22.557956364983205,22.740747451782227,34900.0
2018-12-18,22.840452614264468,23.01493488936736,22.798910045536232,22.832143783569336,34600.0
2018-12-19,22.848759902059033,23.05647590116866,22.682586468872408,22.931846618652344,44200.0
2018-12-20,22.94015620808796,22.973389944976912,22.150834751446517,22.22561264038086,28200.0
2018-12-21,22.142529424968586,22.715826135937075,22.142529424968586,22.30039405822754,59900.0
2018-12-24,22.26715763817176,22.466566420260673,22.184072494506836,22.184072494506836,27800.0
2018-12-26,22.674277055692915,23.0564736968357,22.22560977983261,22.798906326293945,36100.0
2018-12-27,22.641041923509956,23.03985622659393,21.926498441924124,22.757362365722656,42000.0
2018-12-28,22.773984582951293,23.064787331436943,22.682589025920738,23.05647850036621,51200.0
2018-12-31,23.05647999296852,24.053517599536463,22.94015951994304,23.854108810424805,60600.0
2019-01-02,23.488528899683164,24.078441660360344,23.488528899683164,23.870725631713867,42800.0
2019-01-03,23.779329624791032,24.07843960285465,23.64638991984927,23.80425453186035,39200.0
2019-01-04,23.995349046766844,24.09505341335222,23.654694970116463,24.011966705322266,43200.0
2019-01-07,24.011967914251727,24.103363456160878,23.696240309538553,24.095054626464844,39400.0
2019-01-08,24.070129248328193,24.269536415994935,23.887339740820508,24.211376190185547,38600.0
2019-01-09,24.21968474543032,24.618499076238223,24.036895239996852,24.07843780517578,12700.0
2019-01-10,24.036893193155393,24.036893193155393,23.77932582453497,24.011966705322266,14500.0
2019-01-11,24.070131591979855,24.070131591979855,23.762712772841226,23.99535369873047,14200.0
2019-01-14,23.97873826719915,24.17814545964966,23.862416216375735,24.020280838012695,23100.0
2019-01-15,23.978735944212293,24.21968568413387,23.88734039557962,24.028587341308594,12600.0
2019-01-16,24.045205650059582,24.468946498668398,23.970427760025828,24.05351448059082,20200.0
2019-01-17,24.09506141307584,24.510493506404735,24.00366584542423,24.111679077148438,16000.0
2019-01-18,24.194765445590193,24.510493134439777,23.88734500390317,23.91227149963379,36200.0
2019-01-22,24.086749253756928,24.30277410261655,23.84579949697915,23.99535369873047,23900.0
2019-01-23,24.003665481150758,24.136603622218754,23.88734500390317,23.91227149963379,9500.0
2019-01-24,24.086748239058974,24.14490846808118,23.189415142615584,23.84579849243164,61100.0
2019-01-25,23.83748964102079,24.095057048499626,23.530069250354536,24.05351448059082,30800.0
2019-01-28,24.05351548081071,24.311082898999995,23.887342032770718,23.89565086364746,17500.0
2019-01-29,23.88734092682879,24.219686222774325,23.70455141024559,23.779329299926758,10400.0
2019-01-30,23.903960625996987,24.319392677537785,23.845800392340877,24.15321922302246,19300.0
2019-01-31,24.103362242629927,24.219682683023578,23.812559556898663,24.011966705322266,65200.0
2019-02-01,24.05351448059082,24.16983493853338,23.829180810489554,24.05351448059082,26000.0
2019-02-04,24.045204162597656,24.427400834907193,23.937190957120762,24.045204162597656,5200.0
2019-02-05,23.962123269990407,24.402481859428196,23.8624188703025,24.111679077148438,34400.0
2019-02-06,24.252921925834134,24.344315893188142,24.07013082163132,24.186452865600586,18600.0
2019-02-07,24.227998062521092,24.252924557093284,23.99535553409001,24.103368759155273,8600.0
2019-02-08,24.161528388768442,24.203070960598726,23.85410796908274,23.870725631713867,10000.0
2019-02-11,23.962118190083213,24.09505630498611,23.887340302356918,24.06182098388672,16500.0
2019-02-12,24.227992044069687,24.709893059523857,24.03689372072947,24.59357261657715,30400.0
2019-02-13,24.884382446570495,24.884382446570495,24.51880176919924,24.842838287353516,23300.0
2019-02-14,24.801110969328043,24.867870290701248,24.567454140355714,24.74269676208496,11400.0
2019-02-15,24.809453501240405,24.951317243351472,24.751039300077192,24.817798614501953,20100.0
2019-02-19,24.6926244583889,25.577185749488418,24.6926244583889,25.368562698364258,31000.0
2019-02-20,25.36022173535312,25.835882115088097,25.36022173535312,25.585535049438477,10000.0
2019-02-21,25.668983724041883,26.286507844304783,25.668983724041883,26.236438751220703,18800.0
2019-02-22,26.161333715020362,26.61195872576497,25.885951321879844,25.961055755615234,16400.0
2019-02-25,25.919326418433975,25.98608572853186,25.26007843017578,25.26007843017578,12600.0
2019-02-26,25.426979581318502,25.694018451938764,25.059804118592645,25.452014923095703,8500.0
2019-02-27,25.20166226985964,25.685667628287373,25.20166226985964,25.226696014404297,9900.0
2019-02-28,25.55215100872935,25.760774051743685,25.084834246376637,25.26007843017578,8800.0
2019-03-01,25.452012822281457,26.06953687680555,25.193320678607165,25.99443244934082,22600.0
2019-03-04,26.002772271021602,26.22808550756462,25.37690323062474,25.635595321655273,16300.0
2019-03-05,25.869259074558926,26.14464144620204,25.18497570209225,25.41863250732422,13300.0
2019-03-06,25.285111792350055,26.194708373400566,25.034764781204995,25.043109893798828,17200.0
2019-03-07,25.193319636829205,25.443666656914385,24.509036296373353,24.55076026916504,7400.0
2019-03-08,24.492347198959777,25.059802168407714,24.233655054064727,24.46731185913086,12400.0
2019-03-11,24.55076176444136,24.74269459764093,24.183584733174804,24.684280395507812,12300.0
2019-03-12,24.642557947886225,25.477050239619572,24.642557947886225,24.942974090576172,13600.0
2019-03-13,24.976354201450516,25.059803747805386,24.52572760613484,24.634212493896484,32400.0
2019-03-14,24.725999816694337,25.093176780332584,24.375513076782227,24.375513076782227,26100.0
2019-03-15,24.48400322138979,24.86786889990007,24.317104131457167,24.38386344909668,47000.0
2019-03-18,24.392203494913577,24.801104429458746,24.2753751112342,24.308753967285156,19800.0
2019-03-19,24.392207063998754,24.80110805837461,24.158550262451172,24.158550262451172,36300.0
2019-03-20,24.242001987702093,24.55076485571293,24.041724015884725,24.125173568725586,11200.0
2019-03-21,24.233656457246042,24.36717509406274,23.70792543207106,23.87482452392578,25100.0
2019-03-22,23.866483550811186,23.866483550811186,22.73991846451099,22.789987564086914,39800.0
2019-03-25,22.865085257695107,23.20722692182783,22.64811710137503,23.031984329223633,21100.0
2019-03-26,23.31571423368229,23.77468434087379,23.0987460546763,23.624475479125977,15700.0
2019-03-27,23.682886118257734,24.20861705524733,23.682886118257734,24.03337287902832,6000.0
2019-03-28,23.849787442547825,24.233654689139346,23.849787442547825,24.158550262451172,5800.0
2019-03-29,24.100138098169875,24.367176984184738,23.749651251422428,24.350486755371094,53000.0
2019-04-01,24.342139688285002,24.43393434772864,24.116826392378446,24.225311279296875,7100.0
2019-04-02,24.52572895400185,24.58414316216023,24.28372700710744,24.484004974365234,1400.0
2019-04-03,24.47565918548992,24.809455788385918,24.258690995690582,24.55910873413086,11600.0
2019-04-04,24.25034697415704,24.650904507345427,24.23365833701122,24.350486755371094,2700.0
2019-04-05,24.617516355031036,24.80110403959374,24.525721716916017,24.700965881347656,9000.0
2019-04-08,24.792762495802346,25.452012097744348,24.617519897818305,24.642555236816406,11900.0
2019-04-09,24.625863045711803,24.95131446837882,24.400549787711206,24.609172821044922,7900.0
2019-04-10,24.709313545835137,25.101524290874547,24.617518898236927,24.976350784301758,7800.0
2019-04-11,25.510429103621686,25.510429103621686,24.717662381475645,24.942974090576172,8900.0
2019-04-12,25.07649075893945,25.07649075893945,24.817798614501953,24.817798614501953,9700.0
2019-04-15,24.8929016532982,25.034765387494033,24.726002580714567,24.93462562561035,19200.0
2019-04-16,25.03476346250468,25.510423713625485,24.826140433650476,24.842830657958984,23800.0
2019-04-17,24.968010412707052,25.602224770327194,24.934629955726507,24.959665298461914,15100.0
2019-04-18,24.917939207949477,25.034767614148517,24.826144550697283,25.02642250061035,10600.0
2019-04-22,24.976350198452902,25.10986881455438,24.826141357421875,24.826141357421875,5500.0
2019-04-23,24.984700679428233,25.10152909570331,24.826146691863634,25.0848388671875,9700.0
2019-04-24,24.909588513691336,25.201661055420953,24.709310608648334,24.834484100341797,19200.0
2019-04-25,25.084838150677022,25.393601002728975,24.826145982742307,25.03476905822754,10800.0
2019-04-26,25.01807579648934,25.118215560913086,24.83448808532463,25.118215560913086,4900.0
2019-04-29,25.093181250655707,25.8108450820571,25.018076822175672,25.35187339782715,10700.0
2019-04-30,25.493735543422236,25.493735543422236,25.310147836238595,25.443666458129883,8800.0
2019-05-01,25.28511726586684,25.28511726586684,24.892906439058976,24.95132064819336,10800.0
2019-05-02,25.034772334720117,25.034772334720117,24.751044787593184,24.884563446044922,8500.0
2019-05-03,25.00138860214938,25.1015283787161,24.62586802127662,25.03476905822754,9500.0
2019-05-06,24.809456688385104,25.03477000038888,24.809456688385104,24.926286697387695,5100.0
2019-05-07,25.109873743230324,25.109873743230324,24.417245189376448,24.49234962463379,4000.0
2019-05-08,24.826148691728697,24.876217789641633,24.667594691391812,24.73435401916504,4900.0
2019-05-09,24.942969434559906,24.942969434559906,24.03337287902832,24.03337287902832,31800.0
2019-05-10,24.15854535254587,24.584134895059968,24.033370272394034,24.33378791809082,30400.0
2019-05-13,24.182914706912214,24.685852587582634,24.182914706912214,24.24159049987793,10200.0
2019-05-14,24.26673619383282,24.652320861816406,24.26673619383282,24.652320861816406,5000.0
2019-05-15,24.48467279815909,24.962464758482962,24.476291913566683,24.660701751708984,9500.0
2019-05-16,24.979230225984757,25.104965888572238,24.861878646284833,25.012760162353516,7800.0
2019-05-17,24.954088244021616,25.088204812713524,24.568501909935673,24.89541244506836,4700.0
2019-05-20,24.98761413074399,24.98761413074399,24.476295362412383,24.71099853515625,7200.0
2019-05-21,24.501442059636105,25.096585694115358,24.501442059636105,24.912174224853516,6300.0
2019-05-22,24.727758058563843,25.071431856219935,24.727758058563843,24.828346252441406,3700.0
2019-05-23,24.719377338341193,24.72775982166159,24.308645248413086,24.308645248413086,5800.0
2019-05-24,24.45114575488837,24.585262298583984,24.45114575488837,24.585262298583984,6400.0
2019-05-28,24.54335566525555,24.660707261310243,24.317033359611,24.484678268432617,6000.0
2019-05-29,24.52658537393058,24.52658537393058,24.199676513671875,24.199676513671875,7300.0
2019-05-30,24.426002001800022,24.426002001800022,24.0487997650912,24.17453384399414,7000.0
2019-05-31,24.015265812480443,24.090706566977488,23.688356942190104,23.9398250579834,9600.0
2019-06-03,25.10496769489081,25.10496769489081,23.7386530666686,23.964975357055664,15600.0
2019-06-04,24.057177204507617,24.166146290356487,23.964971486546496,24.14099884033203,4500.0
2019-06-05,24.140998409944068,24.66908365947636,23.88953030936358,24.46790885925293,22400.0
2019-06-06,24.35056069497247,24.35056069497247,23.981740951538086,23.981740951538086,10700.0
2019-06-07,23.97335843709696,24.249974043729804,23.97335843709696,24.040416717529297,14900.0
2019-06-10,24.182916329093747,24.224827155796206,23.914683201088657,24.17453384399414,15400.0
2019-06-11,24.22482681274414,24.459531595822675,24.032034454570095,24.22482681274414,11200.0
2019-06-12,24.208053301782677,24.208053301782677,23.872762014820722,24.023643493652344,11100.0
2019-06-13,24.425996817308196,24.45952675058978,24.073940511827647,24.308645248413086,7500.0
2019-06-14,24.23320676322566,24.300265037263827,24.19967842560426,24.208059310913086,7300.0
2019-06-17,24.141005114942537,24.39247488416222,24.141005114942537,24.266740798950195,9400.0
2019-06-18,24.333799084316315,24.4427681984879,24.090711800616855,24.266740798950195,3500.0
2019-06-19,24.258354817245788,24.30026564001094,24.00688508426865,24.28350067138672,3100.0
2019-06-20,24.24158857022544,24.41761593511065,23.973355481564933,24.300264358520508,3700.0
2019-06-21,24.115855154998766,24.30864749278236,23.8811503967435,24.25835418701172,27000.0
2019-06-24,24.258353846507006,24.258353846507006,23.554241180419922,23.554241180419922,15700.0
2019-06-25,23.70511702176314,23.70511702176314,23.026150371287788,23.101591110229492,6000.0
2019-06-26,22.875275290186632,23.051302652108262,22.875275290186632,22.900421142578125,9300.0
2019-06-27,22.841747312972107,24.115856170654297,22.774689036188594,24.115856170654297,20600.0
2019-06-28,24.08233007792189,24.400858142597297,23.520716320642737,24.05718421936035,104000.0
2019-07-01,24.08232810669406,24.241592125995414,23.847624919087384,24.17453384399414,10300.0
2019-07-02,24.023647289700314,24.090705557688782,23.990118955103693,24.08232307434082,3700.0
2019-07-03,24.0152650755401,24.216439881760476,24.0152650755401,24.199676513671875,2800.0
2019-07-05,24.241593342389535,24.266740798950195,23.97336020092505,24.266740798950195,2300.0
2019-07-08,24.18291830855509,24.18291830855509,24.05718421936035,24.05718421936035,5700.0
2019-07-09,23.847620934883345,24.057178230976184,23.638063638790506,23.9398250579834,2500.0
2019-07-10,23.73865132317687,23.94820862878231,23.319536711965995,23.621299743652344,7000.0
2019-07-11,23.763799279328765,23.973356589377882,23.67997603555004,23.93144416809082,4300.0
2019-07-12,24.073941685322964,24.149382440088708,23.705121994018555,23.705121994018555,4400.0
2019-07-15,23.805710803822574,23.805710803822574,23.5626251483709,23.77218246459961,6300.0
2019-07-16,23.68835823396303,23.8643856048584,23.49556589475514,23.8643856048584,5200.0
2019-07-17,23.5877685546875,23.638063456494514,23.5877685546875,23.5877685546875,1700.0
2019-07-18,23.35306261228248,23.63806062655461,23.093210447108124,23.445266723632812,3900.0
2019-07-19,23.302770361839237,23.470416835899485,22.942333160561663,23.11836051940918,11400.0
2019-07-22,23.344685625153993,23.344685625153993,23.202186584472656,23.202186584472656,1300.0
2019-07-23,23.017770068158153,23.545855290738157,22.799831911468907,23.21894645690918,5100.0
2019-07-24,23.068065867565892,23.788941826755647,23.068065867565892,23.361446380615234,7500.0
2019-07-25,23.202191248207335,23.856009190804336,23.202191248207335,23.814098358154297,5300.0
2019-07-26,23.881155215451162,24.05718421936035,23.713510296123406,24.05718421936035,10100.0
2019-07-29,23.88953154436662,23.88953154436662,23.638063430786133,23.638063430786133,5500.0
2019-07-30,23.378212191679435,24.073942373110697,23.378212191679435,23.612916946411133,5500.0
2019-07-31,23.847621724422098,24.66070348461524,23.554241180419922,23.554241180419922,18500.0
2019-08-01,23.72188509524899,24.39246939685173,23.487181948664016,23.5877685546875,8900.0
2019-08-02,23.36144969978237,23.59615286453205,22.975863416729403,23.0596866607666,11700.0
2019-08-05,22.716011157148536,22.79983439512674,22.196308360719883,22.431013107299805,15900.0
2019-08-06,22.623805659810966,22.84174544119709,22.380720025938757,22.66571807861328,10900.0
2019-08-07,22.464544532310295,22.514839441290434,21.810726703523514,22.00351905822754,23100.0
2019-08-08,22.112483113410587,22.296894539964484,21.634692778784835,21.793956756591797,46300.0
2019-08-09,21.88616377418034,22.35557165386493,21.710134820051596,21.718517303466797,8800.0
2019-08-12,21.073081429074715,21.793959047649942,21.056318060276343,21.634695053100586,13600.0
2019-08-13,21.78557488435445,22.1292486995538,21.651458351534956,21.86939811706543,8800.0
2019-08-14,21.83586881669232,21.83586881669232,20.964111328125,20.964111328125,12600.0
2019-08-15,21.132639167648207,21.36857032775879,20.812448371279853,21.36857032775879,3900.0
2019-08-16,21.275880309598804,21.45282745361328,20.913558130350847,21.45282745361328,15600.0
2019-08-19,21.58764736938801,22.03422919526157,21.48653356312169,21.983673095703125,20100.0
2019-08-20,22.03422262879681,22.244874855854427,21.806717837858837,22.194318771362305,9300.0
2019-08-21,22.16061891749274,22.253306433743976,21.469679705454542,21.857280731201172,19700.0
2019-08-22,21.840426347902255,22.194322208450522,21.840426347902255,21.907835006713867,8400.0
2019-08-23,21.840425374977137,21.916260313655634,21.19161605834961,21.19161605834961,12700.0
2019-08-26,21.444399094518893,21.865703582763672,21.41069396402775,21.865703582763672,10700.0
2019-08-27,21.832001223005808,21.832001223005808,21.402270397600436,21.61292266845703,10100.0
2019-08-28,21.73931208492984,21.907834531880894,21.612921053291128,21.848852157592773,14000.0
2019-08-29,21.97524630615992,22.22802840529149,21.62977668734373,22.20275115966797,15800.0
2019-08-30,22.11005450694425,22.185889426788332,22.11005450694425,22.169036865234375,2600.0
2019-09-03,22.228028179923747,22.60720293192608,21.360141803128553,21.688758850097656,19600.0
2019-09-04,21.966814215914848,22.051075429070988,21.30958028902468,21.83199691772461,6900.0
2019-09-05,22.059501572166813,22.32913616684908,22.04264900821193,22.244874954223633,5600.0
2019-09-06,22.329142206551502,22.329142206551502,22.067933823193673,22.160619735717773,4400.0
2019-09-09,22.40497598311054,22.80100167951359,22.244879804926622,22.497663497924805,27000.0
2019-09-10,22.472381058006157,23.188598996408675,21.756163119603638,22.918964385986328,13500.0
2019-09-11,22.910540474295598,23.441383467602503,22.910540474295598,23.256010055541992,13000.0
2019-09-12,23.15489577969035,23.59305286140365,23.15489577969035,23.43295669555664,24000.0
2019-09-13,23.584625627574496,23.930095187690576,22.927390031496806,23.59305191040039,19900.0
2019-09-16,23.424528517255244,23.820555758249842,23.390824994468986,23.475086212158203,5600.0
2019-09-17,23.188604182723097,23.239160281697295,22.73359447050708,23.00322914123535,10500.0
2019-09-18,22.75044430510971,23.289713581757894,21.882556406748474,23.256010055541992,11700.0
2019-09-19,22.977950124262893,23.35712324806816,22.45553178463099,22.539793014526367,5600.0
2019-09-20,22.539793722891066,24.03963851928711,22.539793722891066,24.03963851928711,41700.0
2019-09-23,23.660455967918928,23.79527325263594,23.390821398484903,23.576194763183594,13500.0
2019-09-24,23.53407010865761,23.53407010865761,23.180174257130833,23.188600540161133,6500.0
2019-09-25,23.331846997942126,23.770002519192943,23.289715577625174,23.306568145751953,11900.0
2019-09-26,23.407675829135183,23.407675829135183,23.340267181396484,23.340267181396484,3200.0
2019-09-27,23.171751022338867,23.593055586381393,23.171751022338867,23.171751022338867,4300.0
2019-09-30,23.171751022338867,23.458238254459733,23.171751022338867,23.171751022338867,8300.0
2019-10-01,23.171751444265702,23.34027391581103,22.902116775512695,22.902116775512695,7800.0
2019-10-02,22.952674564296952,23.256014392556008,22.640910058274716,23.036935806274414,12600.0
2019-10-03,23.03692874035114,23.18017232563207,22.859980025757512,22.910537719726562,14600.0
2019-10-04,22.96951963690433,23.129615783691406,20.787162378468864,23.129615783691406,14200.0
2019-10-07,22.876829231512815,23.323412486442162,22.43867225767445,23.197021484375,3800.0
2019-10-08,23.21387845084725,23.508791936806944,23.11276626586914,23.11276626586914,5600.0
2019-10-09,23.053786890826625,23.424533760202333,22.96109936990799,23.373977661132812,6600.0
2019-10-10,23.171751022338867,23.576203018103843,22.885263790218,23.171751022338867,7900.0
2019-10-11,23.365548040187104,23.79527883878646,23.154895782470703,23.154895782470703,21100.0
2019-10-14,23.154893866531356,23.281284889273202,22.497659905414146,22.918964385986328,15600.0
2019-10-15,22.918966376194245,23.34869556940298,22.83470515133303,22.927391052246094,19200.0
2019-10-16,23.129618349005753,23.129618349005753,22.961095901365418,23.01165199279785,2000.0
2019-10-17,22.859982678314246,23.230731108028607,22.859982678314246,23.16332244873047,5300.0
2019-10-18,22.994800751724874,23.264435378923036,22.615626052759243,23.09591293334961,7700.0
2019-10-21,23.60147790326157,23.66046027516906,23.466660594001844,23.635181427001953,7500.0
2019-10-22,23.626760009178103,23.64361096979722,23.42453241025549,23.525646209716797,6000.0
2019-10-23,23.5846281183181,23.5846281183181,23.458237076879918,23.466663360595703,2600.0
2019-10-24,23.466660207710337,23.466660207710337,23.171746745878433,23.390825271606445,3200.0
2019-10-25,23.26443509566214,23.458234780707524,23.171747591010377,23.180173873901367,6400.0
2019-10-28,23.331848771876526,23.74472707947791,23.264440101393635,23.534074783325195,7700.0
2019-10-29,23.382396951185918,24.005927343693003,23.382396951185918,23.803701400756836,9100.0
2019-10-30,23.938520545697028,24.26713752746582,23.761573434636617,24.26713752746582,7200.0
2019-10-31,24.022781479622413,24.166025066137415,23.803702958649524,24.115468978881836,9200.0
2019-11-01,24.014359169678173,24.216585159301758,23.84583670808387,24.216585159301758,9400.0
2019-11-04,24.03963327858498,24.334545117471606,23.989075585790996,24.098615646362305,21200.0
2019-11-05,24.01435548105122,24.317695222467982,24.01435548105122,24.26713752746582,14200.0
2019-11-06,24.14074992396602,24.435663424659,24.132323640272016,24.300846099853516,9700.0
2019-11-07,24.42724105438859,24.42724105438859,24.34297981109857,24.393537521362305,4100.0
2019-11-08,24.258714283679055,24.435661405181538,24.20815658569336,24.20815658569336,5100.0
2019-11-11,24.20815658569336,24.20815658569336,24.20815658569336,24.20815658569336,300.0
2019-11-12,24.368255818818767,24.427238200084876,24.191307067871094,24.191307067871094,5300.0
2019-11-13,24.199731255595907,24.368253707885742,23.921670334322126,24.368253707885742,5300.0
2019-11-14,24.419036400643293,24.461356441324128,24.05507823892627,24.266681671142578,5300.0
2019-11-15,24.435966699648198,24.52907111826433,24.41903803647938,24.478286743164062,3200.0
2019-11-18,24.393649308464713,24.546004074820356,24.04661972483529,24.452898025512695,5800.0
2019-11-19,24.42749970194576,24.96920394897461,24.42749970194576,24.96920394897461,21700.0
2019-11-20,24.808387041594134,25.26545125037326,24.73220967346428,24.901493072509766,30300.0
2019-11-21,25.036917739196277,25.036917739196277,24.444427490234375,24.444427490234375,7500.0
2019-11-22,24.393648147583008,24.393648147583008,24.393648147583008,24.393648147583008,700.0
2019-11-25,24.54599665980125,25.045380858928997,24.54599665980125,24.850706100463867,3700.0
2019-11-26,24.96074413424499,25.392415389596895,24.859175376754127,25.053850173950195,10800.0
2019-11-27,24.96920277325621,24.96920277325621,24.766063690185547,24.766063690185547,5100.0
2019-11-29,24.75760794645197,24.783000946044922,24.75760794645197,24.783000946044922,3000.0
2019-12-02,24.67296152638691,24.732210233071587,24.42750236806379,24.478286743164062,4700.0
2019-12-03,23.945049064590297,24.723748272148033,23.945049064590297,24.630643844604492,7600.0
2019-12-04,24.740676398862323,24.84224677099919,24.73221206665039,24.73221206665039,3200.0
2019-12-05,24.926883945303185,24.926883945303185,24.537532806396484,24.537532806396484,2300.0
2019-12-06,24.808387803744985,24.808387803744985,24.545999980129064,24.698354721069336,18600.0
2019-12-09,24.88456299538287,24.88456299538287,24.495213459875952,24.58831787109375,2400.0
2019-12-10,24.57985911092801,24.952280044555664,24.57985911092801,24.952280044555664,2300.0
2019-12-11,24.588314543506296,24.774526569553537,24.54599450908056,24.74066925048828,6800.0
2019-12-12,24.59678762879254,24.969210199049446,24.2751510552114,24.833784103393555,5600.0
2019-12-13,24.7914599932145,25.138489508292217,24.672960968120204,24.901493072509766,5700.0
2019-12-16,25.138492486125084,25.39241600036621,25.138492486125084,25.39241600036621,4700.0
2019-12-17,25.265450951228054,25.265450951228054,25.079238891601562,25.079238891601562,5300.0
2019-12-18,24.54599594659085,25.290839251183275,24.54599594659085,24.766063690185547,5600.0
2019-12-19,24.884566229243948,25.392414849107347,24.884566229243948,25.155418395996094,8000.0
2019-12-20,25.206204924592782,25.206204924592782,23.919655490729028,25.053850173950195,55400.0
2019-12-23,24.952279464857895,24.952279464857895,24.44443084104756,24.469823837280273,18600.0
2019-12-24,24.51214427235909,24.73221206665039,24.42750417905238,24.73221206665039,9700.0
2019-12-26,24.630646828559712,24.825321654033623,24.35979461669922,24.35979461669922,7400.0
2019-12-27,24.122791290283203,24.207432986112778,24.00429388476544,24.122791290283203,5400.0
2019-12-30,24.12279010155431,24.427499545762807,24.12279010155431,24.20743179321289,6400.0
2019-12-31,24.20743484242581,24.44442967163495,24.173577515735246,24.410573959350586,4800.0
2020-01-02,24.469823117733206,24.715283897546044,24.33439703728689,24.562929153442383,13600.0
2020-01-03,24.49521540633288,24.67296152638691,24.435966699648198,24.478286743164062,13800.0
2020-01-06,24.495219690837295,24.64757445719294,24.452898025512695,24.452898025512695,9400.0
2020-01-07,24.49521476190992,24.49521476190992,24.139720916748047,24.139720916748047,15000.0
2020-01-08,24.046616274976632,24.427503136221635,24.046616274976632,24.275148391723633,12100.0
2020-01-09,24.156651470661952,24.156651470661952,24.08047409684872,24.105865478515625,2800.0
2020-01-10,24.105861208881546,24.105861208881546,23.665725708007812,23.665725708007812,12300.0
2020-01-13,23.733442306518555,23.758833685778963,23.60647895259208,23.733442306518555,12400.0
2020-01-14,23.58108974121058,23.77576453399924,23.48798370361328,23.48798370361328,10500.0
2020-01-15,23.640336741370813,23.775762814770797,23.4879820051943,23.530302047729492,10200.0
2020-01-16,23.750369292222224,23.826546658615733,23.581087511441396,23.80961799621582,18100.0
2020-01-17,23.978904149901528,23.978904149901528,23.48798418467202,23.496448516845703,12000.0
2020-01-21,23.623407403525643,23.623407403525643,23.301770891993396,23.33562660217285,15000.0
2020-01-22,23.37794797445004,23.885794921826953,23.34409065027501,23.868867874145508,15200.0
2020-01-23,23.699587314195952,23.911190772358417,23.674194318030203,23.85194206237793,3900.0
2020-01-24,23.572624233701113,23.63187294034253,23.428733825683594,23.428733825683594,5600.0
2020-01-27,23.327162271026463,23.69112043829065,23.327162271026463,23.33562660217285,36400.0
2020-01-28,23.276381360971968,23.691123962402344,23.276381360971968,23.691123962402344,9500.0
2020-01-29,23.48798418467202,23.614945938464665,23.32716510218465,23.496448516845703,6800.0
2020-01-30,23.301771142576037,23.487981586580748,23.301771142576037,23.445661544799805,5200.0
2020-01-31,23.31023799530904,23.344093709514784,22.870102409790352,22.87856674194336,9100.0
2020-02-03,23.056311842087286,23.59801616038634,23.056311842087286,23.149417877197266,13600.0
2020-02-04,23.32716566043791,23.437200366922774,23.17481090647815,23.217132568359375,19700.0
2020-02-05,23.50491485930118,24.00429919941472,23.073243567962027,23.82655143737793,53000.0
2020-02-06,23.86887515967741,24.30054487382575,23.708056049571095,24.046621322631836,22800.0
2020-02-07,24.04661411641773,24.419036612381415,24.01275840646071,24.309001922607422,9400.0
2020-02-10,24.249754886382814,24.503679993343432,24.029687106112757,24.410573959350586,14900.0
2020-02-11,24.613717890513414,24.613717890513414,24.139726524980173,24.427507400512695,21000.0
2020-02-12,24.613716691684644,24.613716691684644,24.18204539941072,24.3005428314209,5100.0
2020-02-13,24.44513764765805,24.623756408691406,24.326059555180702,24.623756408691406,7900.0
2020-02-14,24.49617177750367,24.72582378335763,24.49617177750367,24.581228256225586,10000.0
2020-02-18,24.487665195099535,24.887428496987592,24.053878656122837,24.836395263671875,6600.0
2020-02-19,24.521688313484155,24.623756408691406,24.521688313484155,24.623756408691406,1200.0
2020-02-20,24.632258476054226,24.836394648898608,24.59823686212496,24.674787521362305,3700.0
2020-02-21,24.751342028886743,24.870420129628982,24.385600293958497,24.691802978515625,3800.0
2020-02-24,24.19847819476989,24.751342910896824,24.19847819476989,24.63226318359375,23500.0
2020-02-25,24.666277227568024,24.666277227568024,24.240996585713404,24.496164321899414,13500.0
2020-02-26,24.52168773448499,24.52168773448499,24.30904736161491,24.47916030883789,2600.0
2020-02-27,24.18146324157715,24.46214846631028,24.002844486392092,24.18146324157715,24000.0
2020-02-28,23.790205755317437,24.223992336590783,23.63710604044219,24.215486526489258,26900.0
2020-03-02,24.21548638886948,24.428126773246927,23.637105906109426,23.96882438659668,9200.0
2020-03-03,23.883758494509387,24.045365577187077,22.93963504086175,23.135265350341797,22500.0
2020-03-04,23.058718325901683,23.501008987426758,23.058718325901683,23.501008987426758,4300.0
2020-03-05,23.177799952663275,23.177799952663275,22.123103929311895,22.208160400390625,28900.0
2020-03-06,21.850924791290492,22.046553541580884,20.87277941752125,20.97484588623047,29700.0
2020-03-09,20.362442117743882,20.362442117743882,18.329599094110616,18.533735275268555,36400.0
2020-03-10,18.90798129130507,19.87762248066857,16.866634065899568,18.082937240600586,38200.0
2020-03-11,18.355112451026148,18.355112451026148,16.909157618732287,17.00271987915039,54300.0
2020-03-12,17.002722940397035,17.002722940397035,14.825286114716274,15.097465515136719,32700.0
2020-03-13,15.75239760339927,16.534914160566238,15.395161748555282,16.118139266967773,31100.0
2020-03-16,14.102309295397834,14.714712977914228,13.779096646315724,14.493568420410156,24100.0
2020-03-17,14.45954481760661,16.04158965208626,14.45954481760661,15.31010627746582,34400.0
2020-03-18,13.898173224315213,14.604139112204646,13.183701527858789,13.192207336425781,40300.0
2020-03-19,13.20071245053056,14.221385090117757,13.20071245053056,13.787598609924316,28400.0
2020-03-20,13.719555313235219,13.74507274046914,13.183702319860458,13.608983039855957,34900.0
2020-03-23,13.107151722770972,13.158185766322768,12.341646747604258,12.460724830627441,27100.0
2020-03-24,13.57496140430481,14.74023054753257,13.251747940969143,14.042770385742188,43200.0
2020-03-25,13.957711738315245,15.497227340206761,13.957711738315245,14.850800514221191,23600.0
2020-03-26,15.165510374299295,15.395162351910152,13.608983007687701,14.774252891540527,36700.0
2020-03-27,14.04276795877504,14.04276795877504,12.78393675012443,13.464385986328125,22600.0
2020-03-30,13.498411362248646,13.634501888205055,12.886006834500197,13.421860694885254,13600.0
2020-03-31,13.200713692737665,13.200713692737665,12.04394963670191,12.979567527770996,41000.0
2020-04-01,12.392683083211361,12.42670551704581,11.074313163757324,11.074313163757324,20400.0
2020-04-02,11.201894156825132,12.231073524976734,10.266276254447822,11.048792839050293,28700.0
2020-04-03,11.1848831307075,11.261433793646143,10.853164672851562,10.853164672851562,13400.0
2020-04-06,10.887186913707218,11.261433601379395,10.887186913707218,11.261433601379395,28600.0
2020-04-07,11.261434574836683,11.89084991863601,11.201895526713656,11.635682106018066,27900.0
2020-04-08,11.899354974860525,12.630838370757111,11.831310120985306,12.613826751708984,23500.0
2020-04-09,13.430365105011504,13.78760016354181,12.656354324405072,13.608983039855957,15200.0
2020-04-13,13.472893881017884,13.472893881017884,12.59681578972251,13.047613143920898,4200.0
2020-04-14,13.251745405772546,13.251745405772546,12.749914093208465,12.792442321777344,16300.0
2020-04-15,12.341648408736944,12.545782988102555,11.822805338900956,11.882345199584961,28000.0
2020-04-16,11.77177260040572,12.163030966413151,10.75109884899987,11.33798599243164,34900.0
2020-04-17,11.61867019341406,13.498411178588867,11.61867019341406,13.498411178588867,11200.0
2020-04-20,14.17035268060698,15.13148796339888,13.302780481365,13.872655868530273,37200.0
2020-04-21,13.277262074230116,14.604138106434254,12.732903341968722,13.523924827575684,11300.0
2020-04-22,13.608983662148136,13.608983662148136,12.758422183263876,12.99657917022705,4900.0
2020-04-23,12.860487614558403,13.183701027408075,12.75842034910459,13.0220947265625,10500.0
2020-04-24,12.93703949878862,13.107151624082768,12.418197313851817,12.494747161865234,16000.0
2020-04-27,12.724400979391715,13.677029829952323,12.724400979391715,13.260254859924316,12900.0
2020-04-28,13.600477230777983,13.608983039855957,13.277263786242372,13.608983039855957,12700.0
2020-04-29,13.608981244985813,14.246902240844523,13.557947208407379,13.98322868347168,47900.0
2020-04-30,13.396343403175228,13.762085101689827,12.64784919823021,12.971062660217285,10700.0
2020-05-01,12.53727352745194,12.53727352745194,11.652689796600098,11.746252059936523,41500.0
2020-05-04,11.303962278212754,12.214062821682258,11.303962278212754,12.205557823181152,13300.0
2020-05-05,12.231072779603402,12.477735548120666,11.44855624268824,12.086477279663086,10800.0
2020-05-06,12.035444057429409,12.035444057429409,11.363500551946753,11.763264656066895,16300.0
2020-05-07,11.933375769610747,12.545780181884766,11.372005396342285,12.545780181884766,13800.0
2020-05-08,12.55428547119932,12.664858541841033,11.729240750970222,12.367161750793457,31500.0
2020-05-11,12.299119554636704,12.78393935921866,11.805793940216091,12.077973365783691,23900.0
2020-05-12,12.137512443603782,12.154523251029397,11.992916930272264,12.001421928405762,15600.0
2020-05-13,11.916366268960445,12.2906129550688,11.907860459668328,12.001421928405762,30100.0
2020-05-14,11.686713602259351,11.703725219849726,10.640523455208404,11.55912971496582,30800.0
2020-05-15,11.6794502046806,12.100563366036209,11.6794502046806,11.99743366241455,28900.0
2020-05-18,12.392764818870788,12.573242008256363,11.610697271400637,12.444329261779785,64400.0
2020-05-19,12.298227142640295,12.513080860006044,12.040402517881018,12.289632797241211,52000.0
2020-05-20,12.667775765072795,12.81387636751355,12.32401012380157,12.461516380310059,27200.0
2020-05-21,12.452923244102335,12.513082851870388,12.366982235236861,12.418546676635742,17600.0
2020-05-22,12.461515895444162,12.538863366621154,12.238067827511049,12.36698055267334,37200.0
2020-05-26,12.6076152241693,12.805280235428336,12.46151464210748,12.650586128234863,25300.0
2020-05-27,12.633398905199215,13.14045382890563,12.5560514328234,12.86544132232666,42000.0
2020-05-28,12.891222673419028,12.977164485749233,12.633398056030273,12.633398056030273,52500.0
2020-05-29,12.556051755235549,12.796688524273096,12.384168934210116,12.58183479309082,14600.0
2020-06-01,12.710747387658019,12.985759916091364,12.504487991333008,12.504487991333008,31100.0
2020-06-02,12.779498645230506,12.805280861088821,12.616210185325352,12.633398056030273,28200.0
2020-06-03,12.805280656569414,12.805280656569414,12.599021293793426,12.616209983825684,24900.0
2020-06-04,12.530268620622737,12.779498897783473,12.461515497240594,12.59042739868164,20900.0
2020-06-05,12.805281715152606,13.389684110930958,12.805281715152606,13.234989166259766,59900.0
2020-06-08,13.60453851871753,14.309258511600573,13.286555087304402,14.060029029846191,80100.0
2020-06-09,13.759231642604552,14.188939058154213,13.664695486638443,13.888143539428711,13300.0
2020-06-10,13.888143342246213,13.922520721819877,13.510001182556152,13.510001182556152,26800.0
2020-06-11,13.106077814190925,13.209207508474947,12.959977209054738,13.088889122009277,55400.0
2020-06-12,13.544379656582299,13.544379656582299,13.063106929362794,13.209207534790039,92800.0
2020-06-15,12.917004500883595,13.406871505073266,12.831063510739362,13.329524040222168,27100.0
2020-06-16,13.570161566845627,13.733450041175155,13.320931272594073,13.61313247680664,14700.0
2020-06-17,13.561565235286247,13.913925989693324,13.12326431274414,13.12326431274414,11500.0
2020-06-18,13.131860643977635,13.338120861746347,13.071701857746174,13.183425903320312,6600.0
2020-06-19,13.398276945008615,13.604536301564558,12.831063304678857,12.839656829833984,36000.0
2020-06-22,12.882630116166032,13.140454769336671,12.848253550383411,13.045919418334961,10400.0
2020-06-23,12.985760490563608,13.149049801246091,12.951383922988668,12.968572616577148,5300.0
2020-06-24,12.899816423530837,13.140452339512771,12.753715841069921,12.839656829833984,56800.0
2020-06-25,12.702152644059785,12.891224161246617,12.702152644059785,12.84825325012207,34100.0
2020-06-26,12.805282388001514,14.463953498702036,12.504487648182502,13.578756332397461,120700.0
2020-06-29,13.4670311647684,14.292068658437643,13.4670311647684,13.750638008117676,43800.0
2020-06-30,13.793606676286831,13.80220102086165,13.381087971917209,13.664694786071777,21900.0
2020-07-01,13.664694625774576,13.836578236847405,13.50140617877755,13.587347984313965,11200.0
2020-07-02,13.827984054586109,13.827984054586109,13.492811992584434,13.664694786071777,10600.0
2020-07-06,13.836580925249542,13.836580925249542,13.535785367030307,13.638915061950684,3900.0
2020-07-07,13.535784709875546,13.681885308820133,13.166236039650775,13.234989166259766,23600.0
2020-07-08,13.114672351938342,13.243584266776788,12.762312353084756,13.217802047729492,11100.0
2020-07-09,13.269364944901044,13.329524541827908,12.246661632366814,12.513080596923828,40300.0
2020-07-10,12.616212307590269,12.770906448364258,12.392764213625394,12.770906448364258,13400.0
2020-07-13,12.805282996508598,13.183426050298722,12.805282996508598,13.071702003479004,19200.0
2020-07-14,12.90841315520448,13.045919418334961,12.805282638254642,13.045919418334961,7300.0
2020-07-15,13.312335876909524,13.578754841977236,13.114670854118861,13.544378280639648,26800.0
2020-07-16,13.458436819308872,13.956897381534986,13.458436819308872,13.750638008117676,14800.0
2020-07-17,13.716260077541097,14.060026485210884,13.44984113208706,13.604536056518555,8000.0
2020-07-20,13.742041214869804,13.956894895476031,13.458434422037726,13.716259002685547,7900.0
2020-07-21,13.86236169502848,14.060028368953839,13.57016131582301,13.656103134155273,8800.0
2020-07-22,13.656104618763356,13.845176147887882,13.252179340052507,13.690481185913086,5700.0
2020-07-23,13.664696913078307,13.836580552922362,13.501408438748781,13.61313247680664,2000.0
2020-07-24,13.664697568473365,13.707668480495377,13.415467262268066,13.415467262268066,5700.0
2020-07-27,13.501407727004619,13.750638008117676,13.501407727004619,13.750638008117676,3200.0
2020-07-28,13.630318906855598,13.630318906855598,13.338118553161621,13.338118553161621,4800.0
2020-07-29,13.484219001309311,13.742043627216958,13.346712752719071,13.630319595336914,6600.0
2020-07-30,13.338118216855829,13.48421798021815,13.200611159076406,13.320929527282715,7100.0
2020-07-31,13.19201899848018,13.441249285858019,12.805281639099121,12.805281639099121,8300.0
2020-08-03,12.805281505132728,13.23498894919224,12.805281505132728,12.91700553894043,9700.0
2020-08-04,13.149048174636702,13.183424737959072,12.813876067542143,12.86544132232666,12400.0
2020-08-05,12.985758212857272,13.492813110351562,12.985758212857272,13.492813110351562,4900.0
2020-08-06,13.398278990890235,13.492814338846548,13.08029556274414,13.08029556274414,7900.0
2020-08-07,13.14904566086445,13.802200239122504,13.14904566086445,13.252175331115723,6700.0
2020-08-10,13.27796189699076,13.948305383198678,13.27796189699076,13.286556243896484,9200.0
2020-08-11,13.510001907812208,13.956897211436551,13.510001907812208,13.742043495178223,56600.0
2020-08-12,13.879550365989859,13.896739057471637,13.76782714976599,13.836580276489258,14600.0
2020-08-13,13.749884723604834,13.758554458618164,13.637180648805847,13.758554458618164,6200.0
2020-08-14,13.637179239094564,13.775892504594387,13.498466800386096,13.715205192565918,3900.0
2020-08-17,13.403105580530697,13.86259085615411,13.307740961602535,13.481131553649902,8200.0
2020-08-18,13.437780363430601,13.853917681051183,13.437780363430601,13.524476051330566,11200.0
2020-08-19,13.437781646235692,13.793232512333361,13.420442176283887,13.567824363708496,7700.0
2020-08-20,13.403102797403678,13.940613934533205,13.151686284443233,13.680527687072754,25500.0
2020-08-21,13.680529478357819,13.680529478357819,13.091001510620117,13.091001510620117,22100.0
2020-08-24,13.25572008027376,13.732544710140857,13.0389816873152,13.524476051330566,9900.0
2020-08-25,13.663188188994903,13.827909000219872,13.559153861885765,13.784561157226562,3000.0
2020-08-26,13.203703540502397,13.680528207866542,13.169025427973628,13.541815757751465,4900.0
2020-08-27,13.680527132042608,13.732544710140857,13.012973311661753,13.524476051330566,8300.0
2020-08-28,13.238383065315654,13.931945346565174,13.238383065315654,13.879928588867188,6700.0
2020-08-31,13.810570663892555,13.827909305397736,13.481128207380584,13.524476051330566,11000.0
2020-09-01,13.463788636576265,13.463788636576265,13.186363760274745,13.429110527038574,6600.0
2020-09-02,13.30774009460218,13.654521256104093,13.221044390830947,13.585165023803711,7300.0
2020-09-03,13.47245881266177,13.645849366038803,12.81357388303767,13.099668502807617,11800.0
2020-09-04,13.281728206837709,13.65451850030824,13.099667927095279,13.593832015991211,8100.0
2020-09-08,13.40310316554507,13.57649372635074,13.229712604739403,13.238382339477539,5000.0
2020-09-09,13.455121611984113,13.61117271334339,13.221043719758002,13.51580810546875,15100.0
2020-09-10,13.255722580945934,13.437782898448182,13.186366348258554,13.403104782104492,3100.0
2020-09-11,13.481130982803148,13.524478835677352,13.134348986601033,13.14301872253418,3700.0
2020-09-14,13.472460174760295,13.472460174760295,13.22104364024693,13.411773681640625,3400.0
2020-09-15,12.960956362501872,13.515806973045134,12.960956362501872,13.307738304138184,6500.0
2020-09-16,13.108337807117104,13.758552981042305,13.108337807117104,13.429110527038574,9700.0
2020-09-17,13.247048725387794,13.437778719357645,13.073658197593042,13.368422508239746,11600.0
2020-09-18,13.394433486842724,13.550485405616376,13.26439077239229,13.43778133392334,35000.0
2020-09-21,13.160357121328108,13.160357121328108,12.813575153401985,13.134347915649414,20700.0
2020-09-22,13.091000326166478,13.446451187133789,12.631514300572784,13.446451187133789,17300.0
2020-09-23,13.342419126671642,13.342419126671642,12.631516456604004,12.631516456604004,13200.0
2020-09-24,12.657522585704628,12.969625576538895,12.232714703579894,12.51880931854248,14400.0
2020-09-25,12.397438212602694,12.8916015625,12.328081981978212,12.8916015625,11200.0
2020-09-28,12.986965101451956,13.316407583134115,12.865592121268445,12.874261856079102,6500.0
2020-09-29,13.038981680851712,13.047651414995682,12.354088392513829,12.501470565795898,11400.0
2020-09-30,12.518810596389963,12.62284576407872,12.206707573698031,12.267394065856934,12700.0
2020-10-01,12.510142593981554,12.995636219992075,12.354090657939562,12.440786361694336,15700.0
2020-10-02,12.310740559728725,13.004303582838377,12.310740559728725,12.969625473022461,4400.0
2020-10-05,13.299068521269254,13.299068521269254,13.021643630400881,13.030312538146973,8700.0
2020-10-06,13.038982272684457,13.221042564014676,13.00430416132591,13.030312538146973,15300.0
2020-10-07,13.160357121328108,13.264391463668506,13.134347915649414,13.134347915649414,20500.0
2020-10-08,13.290400119905492,13.290400119905492,13.056323051452637,13.056323051452637,13600.0
2020-10-09,13.17769430270121,13.264389991760254,13.17769430270121,13.264389991760254,4500.0
2020-10-12,13.099669118844231,13.524477028084572,13.099669118844231,13.43778133392334,49700.0
2020-10-13,13.34241675484382,13.351085662841797,13.34241675484382,13.351085662841797,1300.0
2020-10-14,13.489801117273144,13.489801117273144,13.012976375152837,13.082332611083984,5800.0
2020-10-15,13.00430409254346,13.299068450927734,13.00430409254346,13.299068450927734,32100.0
2020-10-16,13.221042423432786,13.299068379857701,13.06499051058296,13.108338356018066,4800.0
2020-10-19,13.221043324684114,13.420442269770279,13.221043324684114,13.290399551391602,5300.0
2020-10-20,13.48112855473593,13.61117126314521,13.48112855473593,13.559154510498047,5100.0
2020-10-21,13.351084425140412,13.602500923185545,13.351084425140412,13.593832015991211,5300.0
2020-10-22,13.48112850160244,13.897266655096475,13.403102546147847,13.749883651733398,12000.0
2020-10-23,13.827909543919096,14.226708226913484,13.827909543919096,14.01863956451416,22200.0
2020-10-26,13.914605682992775,14.590830138011727,13.793232698854588,14.434778213500977,5200.0
2020-10-27,14.140013704498903,14.183362379565557,13.758554458618164,13.758554458618164,2700.0
2020-10-28,13.39443274713195,13.602501409478569,13.39443274713195,13.550484657287598,11900.0
2020-10-29,13.533144910063212,13.715205192565918,13.273059500880507,13.715205192565918,5600.0
2020-10-30,13.827908668463351,14.5388111268403,13.827908668463351,14.304733276367188,16000.0
2020-11-02,14.521474192613098,14.660186649629036,14.348082794551713,14.651516914367676,7900.0
2020-11-03,14.694865590674482,15.33641111776893,14.200700602274413,14.651516914367676,19300.0
2020-11-04,14.356751849887566,15.015636816300416,13.307738736687172,13.446451187133789,12100.0
2020-11-05,13.49846728732425,14.070656531033283,13.49846728732425,13.663188934326172,7700.0
2020-11-06,13.524476738278192,13.654519449942034,13.524476738278192,13.60250186920166,7900.0
2020-11-09,14.408768271434006,15.006965011375689,14.287393653848605,14.556150436401367,27900.0
2020-11-10,14.816239324671537,15.128343195495018,14.634178182163504,14.902935028076172,32300.0
2020-11-11,14.78155672773021,14.86825240970282,14.738209713535204,14.824905395507812,8800.0
2020-11-12,15.069656939562682,15.069656939562682,14.685048053860672,14.999728202819824,10700.0
2020-11-13,15.034695471133437,15.288186551453165,15.008471566038505,15.017212867736816,26900.0
2020-11-16,15.38433479770475,16.16229208653073,15.314406071374687,15.908801078796387,15900.0
2020-11-17,15.830131212758477,15.935023469694178,15.777683417058263,15.795166015625,6400.0
2020-11-18,15.803911709264332,16.039921853841996,15.725241661071776,15.725241661071777,6600.0
2020-11-19,15.882576943491726,16.0399169921875,15.664049468576996,16.0399169921875,11200.0
2020-11-20,15.742724859288483,15.987476314827235,15.742724859288483,15.847617149353027,7500.0
2020-11-23,16.02243888268945,16.34586036975088,16.02243888268945,16.171037673950195,10500.0
2020-11-24,16.398309475961078,17.04515089978228,16.319639415352665,16.730470657348633,22600.0
2020-11-25,16.34585579165073,16.800391672408395,16.34585579165073,16.38081932067871,6100.0
2020-11-27,16.223479996878577,16.258445194701213,15.926282484315758,15.987471580505371,4800.0
2020-11-30,16.0836252550435,16.162295296191903,15.96999167740285,15.996213912963867,14500.0
2020-12-01,16.223479270844358,16.223479270844358,16.004951795929628,16.0399169921875,19700.0
2020-12-02,16.240963526702693,16.651794621272636,16.240963526702693,16.354597091674805,9700.0
2020-12-03,16.538164667863928,16.83536226236303,16.538164667863928,16.62557601928711,3400.0
2020-12-04,16.84410239497121,17.438497542708628,16.84410239497121,17.115076065063477,7600.0
2020-12-07,17.368570277872934,17.482203869441836,17.036407470703125,17.036407470703125,12800.0
2020-12-08,17.10633227870528,17.342342376708984,16.957733513358413,17.342342376708984,8200.0
2020-12-09,17.368567493349715,17.48220106670092,17.167520913985868,17.211227416992188,15600.0
2020-12-10,17.307377019321784,17.508423582773492,17.272413486916584,17.324859619140625,10900.0
2020-12-11,17.39479118381114,17.482202529907227,17.21997015885172,17.482202529907227,4200.0
2020-12-14,17.482200981718485,17.67450459231365,17.228708267211914,17.228708267211914,11400.0
2020-12-15,17.342340001322622,17.80561883388563,17.342340001322622,17.604572296142578,15300.0
2020-12-16,17.718210696845624,17.718210696845624,17.097591708983654,17.15877914428711,16500.0
2020-12-17,17.333604040145023,17.569614178498,16.879066366405834,17.54339027404785,11500.0
2020-12-18,17.622060845733046,17.622060845733046,16.59935188293457,16.59935188293457,46800.0
2020-12-21,16.546905844900763,16.546905844900763,16.171038203679604,16.25844955444336,18400.0
2020-12-22,16.38956915251586,16.38956915251586,16.17978286743164,16.17978286743164,3500.0
2020-12-23,16.171038203679604,16.319636999808136,16.171038203679604,16.25844955444336,8500.0
2020-12-24,16.35459582440315,16.35459582440315,16.118587412789854,16.13606834411621,5200.0
2020-12-28,16.389564514160156,16.503198094542604,16.32837707339786,16.389564514160156,27800.0
2020-12-29,16.38082182270573,16.38082182270573,15.926284205289106,16.127330780029297,12300.0
2020-12-30,16.31089552730779,16.60809311645455,16.31089552730779,16.564388275146484,5400.0
2020-12-31,17.228711335441677,17.46472149086132,16.76543399395079,17.08885383605957,15200.0
2021-01-04,17.33360638986199,17.33360638986199,16.581871032714844,16.581871032714844,11700.0
2021-01-05,16.695503385204358,16.826619567871095,16.389564514160156,16.389564514160156,19900.0
2021-01-06,16.817877144345267,17.761915930668764,16.817877144345267,17.228708267211914,25500.0
2021-01-07,17.394788195911527,17.517164726318555,17.25493073307418,17.28115463256836,14800.0
2021-01-08,17.158787716058033,17.17627032551615,16.765439006650837,16.931520462036133,15100.0
2021-01-11,16.695500932884645,17.115073322682374,16.354596907345574,16.65179443359375,49600.0
2021-01-12,16.608092187414112,17.13255858993689,16.494458606029998,17.106334686279297,18500.0
2021-01-13,17.001441184710984,17.587094986461366,16.835359807943156,16.861583709716797,18700.0
2021-01-14,17.00144129867523,17.858068755564926,16.957734795426187,17.569612503051758,22100.0
2021-01-15,17.298637129478802,18.041629271176724,17.298637129478802,17.587093353271484,29200.0
2021-01-19,17.83184334325964,17.83184334325964,17.2374482872789,17.324859619140625,19100.0
2021-01-20,17.910518558762096,17.910518558762096,17.39479338547571,17.517169952392578,8600.0
2021-01-21,17.552128809505653,17.770656310454296,17.359825208874557,17.39478874206543,16600.0
2021-01-22,17.359825631053976,17.79688064358015,17.29863819605752,17.78813934326172,24800.0
2021-01-25,17.59583314041866,17.814360635128057,17.351083413372912,17.63079833984375,10900.0
2021-01-26,17.93673815839717,18.07659562937148,17.377306607267364,17.473459243774414,14300.0
2021-01-27,17.123814516105018,17.316118110092237,16.60808949830536,16.957733154296875,27000.0
2021-01-28,17.176263901479373,18.356312922821605,16.826620179253137,16.83536148071289,30900.0
2021-01-29,16.905287415374545,17.080110081047234,16.660536016879277,17.001440048217773,14600.0
2021-02-01,16.992701650529476,17.053889093795856,16.695504068464665,16.84410285949707,15200.0
2021-02-02,16.905287258549752,17.438494883395812,16.905287258549752,16.983957290649414,17800.0
2021-02-03,17.071367335009935,17.875548527967627,17.027660838677672,17.447233200073242,16600.0
2021-02-04,17.394791174177,18.015410230606008,17.289898892705995,17.831846237182617,89300.0
2021-02-05,17.971704560081683,17.980445861816406,17.753177018412096,17.980445861816406,6600.0
2021-02-08,17.95421885719161,18.889516220468725,17.700726175882732,18.137781143188477,26500.0
2021-02-09,18.26015914859905,18.32134658781348,17.901774147000808,18.006668090820312,17700.0
2021-02-10,18.295125194429293,18.78462639790973,17.99792761836513,18.181489944458008,16100.0
2021-02-11,18.322294673922485,18.700709295286092,17.723871707908458,17.952680587768555,29000.0
2021-02-12,18.040682828980884,18.700707810528964,18.040682828980884,18.498300552368164,123900.0
2021-02-16,18.612703024458778,19.536738950166658,18.48069837179486,19.272727966308594,35600.0
2021-02-17,19.30793252777804,19.466338802286486,19.09672472127692,19.18472671508789,52800.0
2021-02-18,19.237530799816753,20.02075999433344,19.158327658963323,19.360734939575195,67700.0
2021-02-19,19.41353521949874,20.46077537536621,19.41353521949874,20.46077537536621,35100.0
2021-02-22,20.443172483483448,21.534413538153235,20.443172483483448,21.067996978759766,35200.0
2021-02-23,21.156000334384192,21.472811165959023,20.962391943306553,21.411209106445312,21800.0
2021-02-24,21.58721880938179,22.14163908465718,21.464012998241376,21.956832885742188,24700.0
2021-02-25,22.097642430514732,22.273648129038538,21.710427208113167,21.877634048461914,46300.0
2021-02-26,22.79286424976628,22.79286424976628,21.71042359314907,21.824827194213867,25600.0
2021-03-01,22.185640190041156,22.537654876708984,22.00963452523767,22.537654876708984,20500.0
2021-03-02,22.229645298120033,22.317648979418777,22.000836398155542,22.14164161682129,19300.0
2021-03-03,22.256045933034734,23.58489491627913,22.106440184926814,22.898469924926758,43700.0
2021-03-04,23.637693311082398,23.848901086790146,22.62565374450375,23.34728240966797,35000.0
2021-03-05,23.664098309783622,24.464928593898023,23.26808427483758,24.024911880493164,35500.0
2021-03-08,24.20091907128178,25.212957169465636,23.91050810956762,24.676137924194336,58700.0
2021-03-09,24.596932967293107,25.274557375611003,24.08651368804395,24.34172248840332,21500.0
2021-03-10,24.209719285978565,25.336162653907504,24.112915073846942,25.30976104736328,31900.0
2021-03-11,25.10735554900528,25.10735554900528,24.244921471154466,24.456130981445312,34700.0
2021-03-12,24.658531341785896,24.948942238593645,24.236115797071015,24.93134117126465,30700.0
2021-03-15,24.869747209301142,24.93134928647407,23.760904784596296,23.980913162231445,37500.0
2021-03-16,23.760901573425578,24.08651466687408,23.127278135738536,23.87530517578125,78800.0
2021-03-17,24.01611431417767,24.535332519654833,23.2592849893126,23.54969596862793,17600.0
2021-03-18,23.681699175706157,24.23612116976326,23.391288214519758,23.787303924560547,28200.0
2021-03-19,23.690496671506693,24.244916915893555,23.021671157329795,24.244916915893555,74000.0
2021-03-22,23.93691375737632,23.93691375737632,22.625662261957196,23.144882202148438,33800.0
2021-03-23,22.942467017882464,22.942467017882464,22.440848323912785,22.608055114746094,20800.0
2021-03-24,22.537656928489454,23.61129712068306,22.537656928489454,22.792865753173828,29600.0
2021-03-25,23.16247894079286,23.400088362885114,22.880868519882267,23.232881546020508,29800.0
2021-03-26,23.796106338500977,23.80490519628038,23.461692672840872,23.796106338500977,19800.0
2021-03-29,23.31208856605629,23.76090587851867,23.127282326029256,23.505695343017578,41900.0
2021-03-30,23.47929334464313,23.96331108371974,23.100878682423293,23.848907470703125,24900.0
2021-03-31,23.848904540946133,24.200917551442853,23.22407997860033,23.716899871826172,32100.0
2021-04-01,22.687260466741073,24.2801203672363,22.687260466741073,23.74329948425293,23600.0
2021-04-05,24.007311456321755,24.50893021948961,23.496892157840193,24.200918197631836,36200.0
2021-04-06,24.033712241904215,24.200919061774112,23.980910706667075,24.077714920043945,6800.0
2021-04-07,23.81370310693354,24.130515665042306,23.611295829710937,23.87530517578125,60300.0
2021-04-08,23.787304933320794,24.104115836258046,23.294484989141765,23.919309616088867,35900.0
2021-04-09,24.112915558880246,24.288922915654414,23.391288417461165,24.024911880493164,12900.0
2021-04-12,24.17451664911363,24.297722465267686,23.892906232528052,24.183317184448242,13900.0
2021-04-13,24.165717850292133,24.165717850292133,23.866508020067037,23.93691062927246,27100.0
2021-04-14,24.060113848788053,24.297723275150982,23.45289031870408,24.077714920043945,13500.0
2021-04-15,23.98090838815244,24.526529794619734,23.98090838815244,24.44732666015625,8500.0
2021-04-16,24.632135767791723,24.632135767791723,23.91930915185444,24.288923263549805,23500.0
2021-04-19,24.34172254522502,24.464926678201255,23.734499058285667,24.324121475219727,17600.0
2021-04-20,24.03371316784829,24.297724211266583,23.708101729722184,23.93691062927246,21200.0
2021-04-21,24.042512033348,24.3857245195618,24.016112105811857,24.16571617126465,16800.0
2021-04-22,24.34172781647439,24.37692996410808,23.620100575291644,23.81370735168457,14000.0
2021-04-23,24.130518407042327,24.570535152846503,24.130518407042327,24.35932731628418,12600.0
2021-04-26,24.54412735365478,24.54412735365478,24.27131751004902,24.420923233032227,9200.0
2021-04-27,24.28012666361311,24.6145386862464,23.936914103735408,24.253725051879883,17800.0
2021-04-28,24.227319411051564,24.227319411051564,23.945707321166992,23.945707321166992,13600.0
2021-04-29,23.5584937813807,24.73773863464837,23.5584937813807,24.271320343017578,17100.0
2021-04-30,24.209719622038804,24.23612122894951,23.752101840103148,23.769702911376953,33100.0
2021-05-03,23.919305532556447,24.834539298225142,23.919305532556447,24.244916915893555,15600.0
2021-05-04,24.526530762403784,24.72013749954822,23.980909334407,24.596933364868164,14300.0
2021-05-05,24.69374222893888,25.51217374162366,24.69374222893888,25.344966888427734,42000.0
2021-05-06,25.432967573219965,25.520971258091933,24.825743993987118,25.239360809326172,33000.0
2021-05-07,25.388960024847467,25.872977649068915,24.913741256167288,25.66176986694336,70600.0
2021-05-10,26.022587107959744,26.40100173472231,25.344960993921223,25.397764205932617,69300.0
2021-05-11,25.089758424285243,25.960991496822704,24.605738931632718,24.728944778442383,23300.0
2021-05-12,24.81694768580611,25.43297018613709,24.183322432455462,24.253725051879883,31700.0
2021-05-13,24.368709492383505,25.65127386023559,24.368709492383505,25.24439239501953,40200.0
2021-05-14,25.235540623450362,25.898935471402364,25.03209825454882,25.686649322509766,67800.0
2021-05-17,25.33284131645418,25.474365437666723,24.766744831603994,25.368223190307617,49600.0
2021-05-18,25.129402317228333,25.44783245522766,24.766746520996094,24.766746520996094,26400.0
2021-05-19,24.474853357883536,25.04094989447879,24.324483754462825,24.943653106689453,30900.0
2021-05-20,24.94365217634309,25.46552303421493,24.678293169385835,25.34168815612793,35200.0
2021-05-21,25.191320637105356,25.27977364672359,24.917117825679583,25.08517837524414,28600.0
2021-05-24,24.987876039121012,25.129400157825863,24.74905345614386,24.934804916381836,41400.0
2021-05-25,24.94365160782348,25.200163452891605,24.430626230586576,24.45716094970703,21300.0
2021-05-26,24.519078206437324,24.98787793974273,24.3775540769679,24.828662872314453,26300.0
2021-05-27,24.90827105934752,25.29746326914691,24.766746926166057,25.200164794921875,10800.0
2021-05-28,25.20016074411647,25.26207733154297,24.890576119883494,25.26207733154297,14800.0
2021-06-01,25.350535042914135,25.828180269891263,25.076332238779553,25.571666717529297,31800.0
2021-06-02,25.651268296191635,25.872399919434667,24.846349322555035,25.12055206298828,34700.0
2021-06-03,25.049793488221017,25.943165572584768,24.95249502061586,25.695497512817383,80500.0
2021-06-04,25.713188743081307,25.85471286824682,25.377069367588373,25.783950805664062,17800.0
2021-06-07,25.72203474535396,26.00508300155637,25.39475914468199,25.810487747192383,27000.0
2021-06-08,25.845871784427565,25.91663385901549,25.385919143156528,25.854717254638672,47300.0
2021-06-09,25.898940701421868,25.898940701421868,25.447831911265773,25.660118103027344,22300.0
2021-06-10,25.801644079390023,25.801644079390023,25.447833734439172,25.465524673461914,56200.0
2021-06-11,25.607047420697583,25.748571550991603,25.17362787368384,25.385915756225586,78200.0
2021-06-14,25.385914790275866,25.52743891518481,24.775590947168155,24.925960540771484,30700.0
2021-06-15,24.996721545771248,25.155936601333575,24.572149189005422,24.97903060913086,25700.0
2021-06-16,25.049794105834863,25.412449892267446,24.519077785877208,25.209009170532227,42900.0
2021-06-17,25.350533398673317,25.350533398673317,24.368708287191126,24.69598388671875,37200.0
2021-06-18,24.368708952072527,24.501389301536662,23.882219961039784,24.1475772857666,61700.0
2021-06-21,24.28025582757995,24.77559025083966,24.28025582757995,24.448314666748047,36200.0
2021-06-22,24.987875660213653,24.987875660213653,24.191802082795096,24.5898380279541,33300.0
2021-06-23,24.580996653120412,24.987878106281613,24.492543649837327,24.57215118408203,51100.0
2021-06-24,24.536766964964663,24.79328048128161,24.262564199360778,24.74020767211914,54800.0
2021-06-25,24.722521954656948,24.99672475943306,24.51907953133842,24.757902145385742,928300.0
2021-06-28,24.819816992286956,24.908269993515628,24.359864422679085,24.501388549804688,28800.0
2021-06-29,24.572150039346855,24.58983928949882,24.28025632308153,24.430625915527344,30100.0
2021-06-30,24.342172419599837,24.56330406944264,24.236028485351028,24.448314666748047,32400.0
2021-07-01,24.53677174402503,24.775594370470298,24.3687111898116,24.49254608154297,25600.0
2021-07-02,24.572144291428806,24.572144291428806,24.30678535601453,24.368701934814453,25500.0
2021-07-06,24.33332676423046,24.377552419019047,24.059123992919922,24.059123992919922,68900.0
2021-07-07,24.03258928350788,24.23603000925095,23.855683277669996,24.165267944335938,52900.0
2021-07-08,23.776076716342484,24.165268932845784,23.687625396906043,23.9176025390625,34200.0
2021-07-09,24.20065071483202,24.598686712028133,24.05912657977108,24.474853515625,15900.0
2021-07-12,24.421782148595494,24.642913818359375,24.359865550997725,24.642913818359375,14600.0
2021-07-13,24.53677205578061,24.68714167207141,24.253723763256968,24.519081115722656,19600.0
2021-07-14,24.501385397674984,24.740206277036954,24.36870506935111,24.660598754882812,7200.0
2021-07-15,24.457158695523603,24.881731033325195,24.457158695523603,24.881731033325195,12800.0
2021-07-16,24.94365006637417,25.05863777869175,24.74020767211914,24.74020767211914,18700.0
2021-07-19,24.404091401393952,24.404091401393952,24.156423321960865,24.218339920043945,32500.0
2021-07-20,24.580994246882153,25.076328654838058,24.474850315912757,24.5898380279541,25700.0
2021-07-21,24.89057707779319,25.465520696538388,24.89057707779319,24.95249366760254,12800.0
2021-07-22,24.987881963653024,24.987881963653024,24.368712532191143,24.421785354614258,9500.0
2021-07-23,24.448316304645427,24.99672357531999,24.448316304645427,24.57215118408203,8300.0
2021-07-26,24.53676556627084,24.88173037065976,24.53676556627084,24.722517013549805,13900.0
2021-07-27,24.527924405305736,24.722521354442435,24.527924405305736,24.642913818359375,3700.0
2021-07-28,24.616376678110317,25.032103597539166,24.616376678110317,24.828662872314453,13800.0
2021-07-29,24.872889415705792,25.20900879058937,24.634066822259214,24.925960540771484,29700.0
2021-07-30,25.005568817304447,25.739725869816606,25.005568817304447,25.49205780029297,43700.0
2021-08-02,25.651277587445442,26.199684954053204,25.651277587445442,25.84587287902832,21400.0
2021-08-03,26.02277374267578,26.3146674655661,25.996237336194596,26.02277374267578,18700.0
2021-08-04,25.934318388894518,26.526951249741995,25.934318388894518,26.252748489379883,29300.0
2021-08-05,26.571181274934673,26.889609720497333,26.50041752358665,26.81884765625,39300.0
2021-08-06,26.880762000466984,27.579538802603906,26.880762000466984,27.34956169128418,42100.0
2021-08-09,27.420326971209754,27.420326971209754,26.659633489555567,27.234577178955078,25900.0
2021-08-10,27.17265848343176,27.995268550061656,27.17265848343176,27.55300521850586,40700.0
2021-08-11,27.818363516647253,28.287161556335498,27.508778855073462,27.95104217529297,65800.0
2021-08-12,27.871433444701935,28.145636219063924,27.110740026748662,27.659147262573242,26600.0
2021-08-13,27.57018346944652,27.765905362868036,27.329978170564377,27.62356185913086,10300.0
2021-08-16,27.187635408253755,27.5257025115002,26.600468015108312,27.045291900634766,11300.0
2021-08-17,27.107565470795898,27.63245776237682,26.644949945106777,26.85846519470215,19000.0
2021-08-18,26.698326888083404,27.143150724878794,26.53819003533814,26.547086715698242,10400.0
2021-08-19,26.333571609693454,26.902945580648463,26.289088207669916,26.484811782836914,9700.0
2021-08-20,26.600467168149287,27.08977444476992,26.591570487097815,26.62715721130371,8400.0
2021-08-23,26.538186098408072,27.045284925627968,26.538186098408072,26.609357833862305,6700.0
2021-08-24,26.725018868187426,26.81398228450659,26.680535463159444,26.68943214416504,6800.0
2021-08-25,26.636052729090334,27.214323397234327,26.636052729090334,27.10756492614746,9100.0
2021-08-26,27.027497040089088,27.570182693353384,26.57377819524165,26.85846519470215,26200.0
2021-08-27,26.98301727136831,27.35666940922268,26.98301727136831,27.14315414428711,3800.0
2021-08-30,27.143148984550134,27.143148984550134,26.662738457116674,26.76949691772461,7600.0
2021-08-31,27.0363905239422,27.0363905239422,26.609360075246787,26.76949691772461,9900.0
2021-09-01,26.66274437284177,26.867364659667544,26.475919146411744,26.58267593383789,16200.0
2021-09-02,26.51149935281888,26.796188026849308,26.51149935281888,26.636051177978516,14300.0
2021-09-03,26.555984790811088,26.609363178906918,26.15564263792147,26.57377815246582,22500.0
2021-09-07,26.65384332325599,26.662740003561677,26.467018127441406,26.467018127441406,11200.0
2021-09-08,26.511501925744412,26.511501925744412,25.63964754935518,26.137849807739258,16100.0
2021-09-09,25.977714223906357,26.280194585866585,25.68413054281183,25.817577362060547,14900.0
2021-09-10,25.89764970121765,25.933234733182232,25.408342360972775,25.55068588256836,14100.0
2021-09-13,25.844264933595245,25.942126723317983,25.443924487841738,25.55957794189453,11300.0
2021-09-14,26.226814272349884,26.226814272349884,25.15034134999751,25.31047821044922,13200.0
2021-09-15,25.577373072899,25.933231837148256,25.541786348039857,25.621854782104492,14500.0
2021-09-16,25.23041115544658,25.89764697911853,25.23041115544658,25.844266891479492,8100.0
2021-09-17,25.684128737861933,26.333571123602994,25.132546441029692,26.244606018066406,72700.0
2021-09-20,25.64854539924611,25.64854539924611,25.22151487259867,25.515098571777344,6600.0
2021-09-21,25.36385677739081,25.75530225049562,25.36385677739081,25.53289031982422,6000.0
2021-09-22,25.51509895598974,25.790889296493898,25.363858763416133,25.69302749633789,8800.0
2021-09-23,25.79978370666504,25.968817247452535,25.755301999711232,25.79978370666504,9800.0
2021-09-24,25.79978357137027,25.915437026964685,25.621853350751415,25.862058639526367,9100.0
2021-09-27,25.79978342572053,26.484812565307028,25.63074988677371,26.333572387695312,18800.0
2021-09-28,25.959914916996144,26.27129188851244,25.959914916996144,26.08446502685547,7800.0
2021-09-29,26.11116047274931,26.11116047274931,25.817576798068202,25.924333572387695,10800.0
2021-09-30,26.084467998347574,26.244604841762317,25.951021194458008,25.951021194458008,8000.0
2021-10-01,26.155643307505603,26.378055243278386,25.844266258050027,26.07557487487793,29400.0
2021-10-04,26.253504470099323,26.538191469534713,26.24460778925842,26.306882858276367,19900.0
2021-10-05,26.48481328031226,26.689431850585,26.475916599404524,26.67163848876953,16700.0
2021-10-06,26.59156528052934,26.600461959838867,26.38694674701451,26.600461959838867,5200.0
2021-10-07,26.689426796614793,26.733908495861925,26.422533207395865,26.502601623535156,7700.0
2021-10-08,26.431430928383485,26.733911265835374,26.431430928383485,26.636051177978516,8700.0
2021-10-11,26.76950285713646,26.77839953890006,26.520400858361214,26.58267593383789,2000.0
2021-10-12,26.511496605890137,26.600461701252463,26.422533207395865,26.502601623535156,22000.0
2021-10-13,26.440328731952842,26.440328731952842,25.98660820649685,26.378053665161133,14900.0
2021-10-14,26.502601623535156,26.564876681228366,26.360256452834598,26.502601623535156,5900.0
2021-10-15,26.51150298456325,26.644951508148512,26.41364288330078,26.41364288330078,6100.0
2021-10-18,26.386950479976594,26.600465723006955,26.120056850405717,26.315778732299805,33800.0
2021-10-19,26.289088046894474,26.52929332574771,26.27129638306215,26.404743194580078,4100.0
2021-10-20,26.306884140947034,26.689432951416286,26.244609068892682,26.6805362701416,20800.0
2021-10-21,26.58267174027037,26.769498634095935,26.440328248245308,26.547086715698242,4800.0
2021-10-22,26.51150316170854,26.885155297133327,26.440331407192794,26.778398513793945,9800.0
2021-10-25,26.778393004897534,26.867358103957283,26.591566127185242,26.733909606933594,14900.0
2021-10-26,26.751707352287532,26.751707352287532,26.475917027165465,26.62715721130371,13900.0
2021-10-27,26.511500317545547,26.511500317545547,26.200124985486408,26.297985076904297,2900.0
2021-10-28,26.689432026522933,27.152049255564414,26.680535345556553,26.89405059814453,25000.0
2021-10-29,26.760606086220786,26.87625955502524,26.111163591458272,26.42254066467285,43900.0
2021-11-01,26.69832588438436,27.16983974453392,26.378052190934227,26.965219497680664,42900.0
2021-11-02,26.91184253379947,27.134254455566406,26.680533931537656,27.134254455566406,37600.0
2021-11-03,27.241010980657627,27.934935041054803,26.991909035182537,27.890453338623047,11600.0
2021-11-04,27.819282941104426,28.18403834865145,27.641352729041767,27.997211456298828,9800.0
2021-11-05,27.85487118019819,27.96162965913071,26.97412009226162,27.31218719482422,15100.0
2021-11-08,27.436733022654582,27.70362663269043,26.822875683330302,27.70362663269043,19700.0
2021-11-09,27.71252852097723,27.881562077431607,27.5168066166243,27.730321884155273,22400.0
2021-11-10,28.01665809656793,28.61618423461914,27.64978407100032,28.61618423461914,13700.0
2021-11-11,28.490912952839185,28.634083232463553,28.419327813027,28.562498092651367,10200.0
2021-11-12,28.267208985780904,28.267208985780904,27.766113010495754,27.954023361206055,6100.0
2021-11-15,27.828753055889962,28.285109012607453,27.76611626497817,27.891389846801758,9600.0
2021-11-16,28.28510240583481,28.63407970610119,28.18667221069336,28.18667221069336,8800.0
2021-11-17,28.088242933724263,28.356688463778628,27.739265622050215,28.025606155395508,4900.0
2021-11-18,27.989815804862385,27.989815804862385,27.560303277208064,27.79295539855957,6500.0
2021-11-19,27.605046889427403,27.936127529214104,27.605046889427403,27.810853958129883,8500.0
2021-11-22,27.84664715179297,28.347743138706644,27.84664715179297,28.150882720947266,5800.0
2021-11-23,28.26721242201954,28.320900856359803,27.900338325032738,28.177730560302734,3400.0
2021-11-24,27.998764744738967,28.589342562526284,27.936126255328766,28.347742080688477,10200.0
2021-11-26,27.739270494307988,27.86454407296915,27.39029312133789,27.39029312133789,1900.0
2021-11-29,27.47977161161878,28.09719452445062,27.47977161161878,27.810853958129883,21800.0
2021-11-30,27.89138102264538,27.998759563611166,27.381336793186907,27.613988876342773,22500.0
2021-12-01,27.64978866983614,28.097196259013828,27.426084875247295,27.54241180419922,13300.0
2021-12-02,27.676632074223367,28.079297856218997,27.640838650015183,27.96297264099121,13600.0
2021-12-03,27.68557733212998,27.712420690557817,27.300806598571683,27.533458709716797,3000.0
2021-12-06,27.864543213165685,28.42827771319503,27.53346256357019,27.68558120727539,11100.0
2021-12-07,28.508809085760102,28.508809085760102,27.82874941798701,28.00771141052246,10300.0
2021-12-08,28.177727279107668,28.517757972691268,27.882438364534732,28.41037940979004,10700.0
2021-12-09,28.48196530195085,30.414767538165414,28.159831311461023,28.7414608001709,13400.0
2021-12-10,28.750409869008887,30.101579156353754,28.74145980655536,28.92042350769043,8200.0
2021-12-13,28.77725364585045,29.573638543303307,27.918231964111328,27.918231964111328,44900.0
2021-12-14,27.42608264486557,28.526704815122482,27.42608264486557,27.74821662902832,16900.0
2021-12-15,27.828747037728885,28.464064872984643,27.73926519575259,28.097190856933594,32000.0
2021-12-16,29.47521261172356,29.47521261172356,27.954027736275606,28.16878318786621,49900.0
2021-12-17,27.962973602610745,28.634084969073403,27.1844836665553,28.124040603637695,21200.0
2021-12-20,27.739268572468553,28.34774312390828,27.64083836364025,28.320898056030273,10800.0
2021-12-21,28.132985634571604,28.68777171622834,28.132985634571604,28.204570770263672,12700.0
2021-12-22,28.64303200862227,28.84884250097421,27.945077270303603,28.07035255432129,21100.0
2021-12-23,28.070350156231157,28.938320180099023,28.070350156231157,28.598289489746094,18200.0
2021-12-27,28.490912882078653,28.813046863795606,28.204572323541075,28.750410079956055,12700.0
2021-12-28,28.481965577937277,28.965164861629752,28.39248372340921,28.553550720214844,42900.0
2021-12-29,29.349932786405315,29.349932786405315,28.598288012244208,29.0367488861084,5800.0
2021-12-30,28.965163134741616,29.376780665064935,28.79514949867128,29.162023544311523,8100.0
2021-12-31,29.28729672521632,29.385726928710938,29.197816583920442,29.385726928710938,3800.0
2022-01-03,29.367832868107964,29.43046965535755,28.67882479491361,28.956218719482422,13300.0
2022-01-04,29.31414080661903,29.76154835101061,29.17097052895167,29.39467430114746,7600.0
2022-01-05,29.511005628999808,29.9763099543226,29.108338096177278,29.66312599182129,5000.0
2022-01-06,29.573635855122827,30.13737027590569,29.564689206801763,29.806289672851562,6200.0
2022-01-07,30.21790590018512,30.41476631164551,30.21790590018512,30.414766311645508,2200.0
2022-01-10,29.93156386775133,30.96059911901918,29.93156386775133,30.629518508911133,11000.0
2022-01-11,30.772688720749187,30.853222210995213,30.334231262091873,30.647415161132812,7400.0
2022-01-12,30.736899955863304,30.996397176347557,30.253702354641433,30.522146224975586,5200.0
2022-01-13,30.513199010905822,30.862179829720894,30.504252360220512,30.683216094970703,2400.0
2022-01-14,31.27378518806719,31.27378518806719,30.28948663196054,30.540037155151367,4400.0
2022-01-18,30.226851058813946,30.853222271574168,30.021044008547452,30.289487838745117,9000.0
2022-01-19,30.37896822738079,30.62951532101298,30.021040882093537,30.557931900024414,6600.0
2022-01-20,30.361078286569068,30.513195223483294,29.519953275131172,29.69891357421875,7000.0
2022-01-21,29.546797054742203,30.844279722151438,29.072546111251864,29.797344207763672,10300.0
2022-01-24,29.725756936574125,30.200007818908272,29.036748941165953,29.358882904052734,31300.0
2022-01-25,29.31414026098951,30.35212560811982,29.179920048239506,29.3320369720459,3700.0
2022-01-26,29.47520504150901,30.55793379198732,28.875680626499292,29.421518325805664,11700.0
2022-01-27,29.779446493983684,30.808485260932642,29.761549781733834,29.976306915283203,21100.0
2022-01-28,30.24474686504155,30.942704898826406,29.797339356939016,29.994199752807617,7400.0
2022-01-31,30.423713839310484,31.30063224035911,29.86892942506518,30.271596908569336,8800.0
2022-02-01,30.271592958493034,30.54898342269521,30.262642897000394,30.423709869384766,6300.0
2022-02-02,30.45055634741917,30.513193130493164,30.00314880349142,30.513193130493164,4500.0
2022-02-03,29.985251584667683,30.584779458378122,29.985251584667683,30.334232330322266,3200.0
2022-02-04,30.244747479317294,30.378971099853516,30.244747479317294,30.378971099853516,2000.0
2022-02-07,30.164215281899843,30.55793609850031,30.164215281899843,30.334232330322266,7000.0
2022-02-08,30.629523815335638,30.629523815335638,30.23580635709061,30.53109359741211,6600.0
2022-02-09,30.44161027599228,30.96060126180139,30.325283356598497,30.897964477539062,8500.0
2022-02-10,30.844280553316512,31.345374872862507,30.27159938043592,31.07693099975586,14800.0
2022-02-11,31.274925987247723,31.36492440097362,30.581927215256194,30.62692642211914,7300.0
2022-02-14,31.34693167782715,31.80592914266948,30.93292999267578,30.93292999267578,10900.0
2022-02-15,30.941931020050518,31.463928054848207,30.80692995191641,31.220928192138672,12300.0
2022-02-16,30.82493009390049,31.499928563109993,30.82493009390049,31.45492935180664,9500.0
2022-02-17,31.283930735336867,31.292932638448164,31.022933909850927,31.175931930541992,5400.0
2022-02-18,31.211927335595686,31.211927335595686,30.833926433666576,30.851926803588867,9500.0
2022-02-22,30.851926273593964,31.472927008976782,30.833925903980894,31.112926483154297,15400.0
2022-02-23,31.157928296550477,31.490930012414537,30.914928436279297,30.914928436279297,25500.0
2022-02-24,30.78892798000344,31.373928000546012,30.59992924101692,31.013927459716797,29200.0
2022-02-25,30.86992930520384,31.490930094137223,30.86992930520384,31.45492935180664,22800.0
2022-02-28,31.301927709811455,31.51792872916954,31.22092775670464,31.364927291870117,23800.0
2022-03-01,31.454925558269558,31.454925558269558,30.824926376342773,30.824926376342773,11600.0
2022-03-02,30.833926825922248,31.18492889404297,30.833926825922248,31.18492889404297,13300.0
2022-03-03,31.1219344387809,31.427930482070725,30.599933918114466,31.265933990478516,125400.0
2022-03-04,30.986921868410025,31.256920498586638,30.905921936035156,30.905921936035156,29400.0
2022-03-07,30.90593039190708,31.3739297477601,30.257930755615234,30.257930755615234,62300.0
2022-03-08,30.374923845688297,31.184923188194222,30.374923845688297,30.73492431640625,25800.0
2022-03-09,30.797928447490435,31.049926754403195,30.122930039786016,30.239927291870117,13200.0
2022-03-10,30.25792857160222,31.5629262190644,30.25792857160222,31.121929168701172,50000.0
2022-03-11,31.07692379700943,31.256924048643953,30.68992445762195,30.779926300048828,69700.0
2022-03-14,30.65393281269667,31.562929273087114,30.65393281269667,30.93292999267578,45800.0
2022-03-15,30.329935031751077,31.04993278653393,30.329935031751077,30.662933349609375,18800.0
2022-03-16,30.86993143700989,31.031931355465087,30.626931559327087,30.707931518554688,41000.0
2022-03-17,30.761927774194255,31.058925288944923,30.554928674042102,30.752925872802734,18400.0
2022-03-18,30.635930148264045,30.905928838743723,30.158928914089675,30.590930938720703,18400.0
2022-03-21,30.752931781499694,30.995931667467676,30.617934133664217,30.662933349609375,15900.0
2022-03-22,30.91492468616451,31.247926361634022,30.75292479896835,30.941926956176758,32100.0
2022-03-23,31.139925235371372,31.265927822316524,30.653928990032142,30.752925872802734,13500.0
2022-03-24,30.950922236858307,31.112922107372505,30.806922733425573,31.040924072265625,16400.0
2022-03-25,30.959928491272386,31.184927961606576,30.869926643207037,31.112926483154297,14600.0
2022-03-28,30.968925019316416,31.058923428524057,30.779926300048828,30.779926300048828,12400.0
2022-03-29,30.950925070029687,31.13992379185707,30.365928535818366,30.635927200317383,18900.0
2022-03-30,30.81592604403656,30.81592604403656,30.284927207095706,30.37492561340332,18900.0
2022-03-31,30.887928905260363,30.887928905260363,30.35692998540968,30.446931838989258,10300.0
2022-04-01,30.45592751268565,30.92392680869046,30.45592751268565,30.554927825927734,16400.0
2022-04-04,30.6539349222596,31.040934359721355,30.239933208617185,30.32993507385254,16300.0
2022-04-05,30.374930438710685,30.518929971609857,30.059932533374887,30.149930953979492,19200.0
2022-04-06,29.906929227854988,30.122930230303087,29.789928541811456,29.996931076049805,15000.0
2022-04-07,29.90693170683341,29.91593360900879,29.528934212741447,29.91593360900879,11800.0
2022-04-08,29.807925988505435,30.059927705520344,29.807925988505435,30.041927337646484,21300.0
2022-04-11,29.861927026289955,30.320924389794477,29.780927087645733,30.014925003051758,11900.0
2022-04-12,30.014928012469305,30.356928169170686,29.879930390006272,29.996931076049805,22100.0
2022-04-13,29.843927839538413,30.077925764204977,29.843927839538413,30.032926559448242,9800.0
2022-04-14,29.789930696116876,29.807931067057567,29.519931998445973,29.609933853149414,10800.0
2022-04-18,29.420934437891205,30.005934532133725,29.420934437891205,29.834936141967773,12100.0
2022-04-19,30.09592521324822,30.527923745508915,29.951925702494655,30.437925338745117,7400.0
2022-04-20,30.4379227082269,31.013920701462034,30.284924743307066,30.905921936035156,48200.0
2022-04-21,30.824924776475818,31.256923310262028,30.437925446230416,30.950923919677734,13500.0
2022-04-22,30.743926232501753,30.89692765134931,30.311927679104034,30.581926345825195,7800.0
2022-04-25,30.410930923159338,30.57293082545389,29.825930894515714,30.536930084228516,19800.0
2022-04-26,30.24893241734553,30.43793116767466,29.537933194808538,29.807931900024414,41400.0
2022-04-27,29.771930262296728,30.113926970350214,29.771930262296728,30.068927764892578,11600.0
2022-04-28,30.05093063138262,30.55493071313957,29.76293156558427,30.149930953979492,235100.0
2022-04-29,30.095925977822095,30.80692508226382,30.05992867413357,30.599925994873047,203000.0
2022-05-02,30.599924131093818,33.047919160211414,30.599924131093818,32.30992126464844,78800.0
2022-05-03,32.579920722428916,33.18291759448308,32.111921459099854,32.327919006347656,47200.0
2022-05-04,32.183916239469255,32.65191545542767,32.183916239469255,32.39091873168945,32400.0
2022-05-05,32.39092602947789,32.39092602947789,31.517926965210087,32.08492660522461,25700.0
2022-05-06,32.15692781122079,32.19292855483891,31.652927700226762,31.958927154541016,28900.0
2022-05-09,31.958930567562128,32.14793277513161,31.5359338011453,31.76993179321289,38100.0
2022-05-10,32.02192529670427,32.129924077894444,31.2659269619343,31.517925262451172,34600.0
2022-05-11,31.45492516978417,31.796925310015283,31.121926930548753,31.301923751831055,54100.0
2022-05-12,31.374341622731343,31.374341622731343,30.68638873532631,31.075626373291016,54900.0
2022-05-13,31.048467467215445,31.084676422085266,30.423878534553033,30.92173957824707,33100.0
2022-05-16,30.776910092914072,31.229511711927515,30.369567945186713,30.387672424316406,32400.0
2022-05-17,30.586815294687895,31.075625824864808,30.432928963450284,30.858375549316406,30000.0
2022-05-18,30.89458399908391,30.89458399908391,30.369564522718242,30.52345085144043,19600.0
2022-05-19,30.469140774971997,30.695441583892787,30.116112065547775,30.324308395385742,25500.0
2022-05-20,30.378619025272737,30.604919813280524,29.67255821859677,29.808340072631836,31900.0
2022-05-23,30.061793198610523,30.704486551125523,30.061793198610523,30.42387580871582,61500.0
2022-05-24,30.432929910026758,30.632075714383962,29.962223842594515,30.369565963745117,101900.0
2022-05-25,30.48724783222032,30.87648553272621,30.378624401613926,30.71354866027832,48100.0
2022-05-26,30.876475261413372,31.464855146788825,30.77690237769933,31.329076766967773,64700.0
2022-05-27,31.50106922519299,32.08945265944855,31.32908186818531,32.02608871459961,59800.0
2022-05-31,31.81789678274881,32.75930557285105,31.238563780970487,32.351966857910156,76500.0
2022-06-01,31.519176493675086,32.985604773432684,31.519176493675086,32.65068054199219,46700.0
2022-06-02,32.77741020498609,32.97655603318017,32.478694915771484,32.478694915771484,43600.0
2022-06-03,33.12138984981254,33.248117763011344,32.062300162365815,32.306705474853516,34800.0
2022-06-06,32.315756308773224,32.315756308773224,31.36529359885443,31.609695434570312,50500.0
2022-06-07,31.501069856961138,31.772630119342267,31.00320880041638,31.37434196472168,60400.0
2022-06-08,31.546328844439053,31.546328844439053,30.73164806971071,31.12993621826172,23100.0
2022-06-09,30.867427402966065,31.030364253439586,30.41482580788987,30.4600887298584,34800.0
2022-06-10,30.143264339929047,30.28809670645727,29.726871717794904,29.781185150146484,24900.0
2022-06-13,29.536782021463804,29.645405440950977,28.803566170503828,28.894086837768555,35600.0
2022-06-14,29.00271015339552,29.210906466388167,28.667784223615072,28.957448959350586,36100.0
2022-06-15,29.210904977529925,29.618247070482322,29.093227605549043,29.10228157043457,40500.0
2022-06-16,29.20185566289893,29.20185566289893,28.568214416503906,28.568214416503906,69200.0
2022-06-17,28.81261702617603,29.319530321360933,28.64968017823209,29.19280242919922,44500.0
2022-06-21,29.30142725606422,29.83549729383281,28.939346313476562,28.939346313476562,50100.0
2022-06-22,28.87598327793234,29.07512737102163,28.3419132232666,28.3419132232666,56700.0
2022-06-23,28.504846882965694,28.504846882965694,27.110834934819703,27.56343650817871,72600.0
2022-06-24,27.66300880408562,28.70399211979384,27.156095504760742,27.156095504760742,804300.0
2022-06-27,27.436708837246375,28.731149704999176,27.427656597953362,28.694942474365234,104300.0
2022-06-28,28.885036051704244,29.31048269129286,28.4776938917871,28.60442352294922,34300.0
2022-06-29,28.4595919707413,29.147546679527547,27.789741742155858,28.02509307861328,33200.0
2022-06-30,27.75352916090267,28.142766801746962,27.33713652983819,28.106557846069336,49300.0
2022-07-01,27.907414471357725,28.59536910769308,27.907414471357725,28.49579620361328,37700.0
2022-07-05,28.24234274893222,28.966504675196852,28.052249164201363,28.740203857421875,63500.0
2022-07-06,28.731148872197153,28.921242438764118,28.197078855156803,28.233287811279297,19700.0
2022-07-07,28.468644582869945,28.50485181720645,28.160875321587373,28.206134796142578,18500.0
2022-07-08,28.233286397773064,28.71304295661055,28.07940179503286,28.522951126098633,33400.0
2022-07-11,28.49579837450963,28.758308150159497,28.35096599019874,28.649682998657227,30800.0
2022-07-12,28.62252232759677,28.848823099006637,28.58631337543301,28.658729553222656,15700.0
2022-07-13,28.360013683894234,28.694939598010553,28.169921857409946,28.251388549804688,14100.0
2022-07-14,28.03413861703504,28.03413861703504,27.246612908482216,27.50006866455078,24100.0
2022-07-15,27.79879050634037,28.178975933940908,27.79879050634037,28.016040802001953,19200.0
2022-07-18,28.061297355284463,28.58631510770891,28.061297355284463,28.53200340270996,41300.0
2022-07-19,28.87598277156622,29.229013206288677,28.85787829254699,29.038921356201172,34600.0
2022-07-20,28.82167251286665,28.96650489923979,28.57726721341014,28.83977699279785,22300.0
2022-07-21,28.513898972731496,28.740199758229366,28.47769001831361,28.586315155029297,19000.0
2022-07-22,28.604423031307622,28.604423031307622,28.178976399031416,28.35096549987793,24300.0
2022-07-25,28.559162512586607,28.89408848257039,28.47769408006456,28.740203857421875,34800.0
2022-07-26,28.731148047779715,29.247115298491604,28.68588858046334,28.885032653808594,43600.0
2022-07-27,29.129441995520256,29.210910429315618,28.740204306617585,29.07512855529785,35900.0
2022-07-28,30.1613721467569,30.1613721467569,29.337637323747522,29.518678665161133,39000.0
2022-07-29,29.57298873479246,29.871707466938513,29.57298873479246,29.672561645507812,26000.0
2022-08-01,29.47341433474434,30.224731116112327,29.41910090535025,30.06179428100586,54700.0
2022-08-02,29.944126713557033,29.944126713557033,29.27427475461752,29.301429748535156,23100.0
2022-08-03,29.419104995725785,29.419104995725785,29.020816817352653,29.15659523010254,21900.0
2022-08-04,29.029863346541617,29.283319111354068,28.74925086698301,28.984603881835938,40000.0
2022-08-05,28.97555056734367,29.3376331992669,28.97555056734367,29.31047821044922,13200.0
2022-08-08,29.201855454418215,29.65445708141406,29.201855454418215,29.518678665161133,34500.0
2022-08-09,29.67255666970439,30.079898757470556,29.410050393655805,30.06179428100586,27200.0
2022-08-10,30.333362221361778,30.487248583834877,29.926023483276367,29.926023483276367,16600.0
2022-08-11,30.206628799438477,30.224733277197654,29.871704593583832,30.206628799438477,27000.0
2022-08-12,30.671064874661546,30.734810871149268,30.115561070500338,30.607318878173828,45900.0
2022-08-15,30.50714956548127,30.78945578221242,30.370548998763713,30.771242141723633,20800.0
2022-08-16,30.825877019833975,31.326743406784672,30.825877019833975,31.22657012939453,17700.0
2022-08-17,30.989800896606596,31.263002047821594,30.789457785985057,31.053546905517578,13700.0
2022-08-18,31.099080074355427,31.099080074355427,30.671068216534138,30.88051986694336,15100.0
2022-08-19,30.634642906122917,30.971586585064376,30.22484466206067,30.743921279907227,36100.0
2022-08-22,30.452513185187023,30.452513185187023,29.91522286928388,30.106464385986328,11400.0
2022-08-23,30.033605024513005,30.10645958571629,29.560060798381667,29.678447723388672,16900.0
2022-08-24,29.478098782709854,29.64201805833464,29.232219869272676,29.39613914489746,15700.0
2022-08-25,29.323289034157852,29.951643962256075,29.323289034157852,29.614700317382812,14200.0
2022-08-26,29.79683408844823,29.79683408844823,29.223116588392113,29.32328987121582,19100.0
2022-08-29,29.077411146914073,29.414354803772994,28.91349186003208,29.141157150268555,20700.0
2022-08-30,29.050091507459584,29.086518788661696,28.776893846237215,28.80421257019043,20500.0
2022-08-31,28.73136115999127,28.968133288622877,28.622082784898808,28.704042434692383,21000.0
2022-09-01,28.71314560966652,28.931704069049022,28.631185970279553,28.867958068847656,22600.0
2022-09-02,28.95902417235334,29.150262182080347,28.594760056005487,28.722253799438477,16200.0
2022-09-06,28.71315036228222,28.71315036228222,27.711422621594743,27.811595916748047,32400.0
2022-09-07,27.775167913163,28.585655863658012,27.766061092298635,28.476377487182617,17100.0
2022-09-08,28.43084276554456,29.17758642767202,28.357989937159985,28.631189346313477,42200.0
2022-09-09,28.84063745099288,29.43256682567411,28.82242381190774,29.25954246520996,16400.0
2022-09-12,29.25954487900993,29.478101618268795,28.831533009940944,29.195798873901367,19800.0
2022-09-13,28.795106935012473,28.795106935012473,28.294242249772143,28.449054718017578,13700.0
2022-09-14,28.357988970572052,29.42346437192074,28.130323672511715,28.203176498413086,23700.0
2022-09-15,28.512802774284904,28.694935716018172,28.28513746559255,28.40352439880371,16400.0
2022-09-16,28.139429154729957,28.412628541579707,28.030150789548692,28.3944149017334,34800.0
2022-09-19,28.011936160007107,28.52190589904785,28.011936160007107,28.52190589904785,10600.0
2022-09-20,28.30334709829409,28.330667556768972,27.993722183371613,28.194067001342773,13500.0
2022-09-21,28.09389954210044,28.73136136658606,27.98461942927374,28.10300636291504,17700.0
2022-09-22,28.07568245407243,28.348880097180416,27.246980968103514,27.529285430908203,40100.0
2022-09-23,27.319839342654227,27.438224548881674,26.700589372975617,27.155920028686523,12700.0
2022-09-26,27.0921688079834,27.410900553114036,27.046636445942568,27.0921688079834,16500.0
2022-09-27,27.420009663251577,27.529288036056688,26.67326774693911,26.864505767822266,13600.0
2022-09-28,26.828083675162585,27.283414369475178,26.70059163657866,27.183242797851562,17900.0
2022-09-29,27.137699679820113,27.511070586286596,26.61862313848613,26.773435592651367,36500.0
2022-09-30,27.028424518366347,27.028424518366347,26.509347915649414,26.509347915649414,10800.0
2022-10-03,26.554877124955794,27.420005851309693,26.554877124955794,27.119487762451172,28400.0
2022-10-04,27.674990508033147,27.8935489654541,27.674990508033147,27.8935489654541,11200.0
2022-10-05,27.784273970292887,27.784273970292887,27.02842522881235,27.237876892089844,8700.0
2022-10-06,27.137703450229942,27.219663098348597,26.74612058771111,27.073957443237305,23100.0
2022-10-07,26.482026548995737,26.973784410721848,26.409173725437977,26.545772552490234,19600.0
2022-10-10,26.65505637474246,26.809868863517934,26.290792206137986,26.427391052246094,16100.0
2022-10-11,26.33632329505368,26.600414153092785,26.135978446301653,26.2725772857666,52500.0
2022-10-12,26.154188713958217,26.600412487983924,26.154188713958217,26.345428466796875,13200.0
2022-10-13,26.054018151756985,26.727907248495864,26.054018151756985,26.381855010986328,37200.0
2022-10-14,26.573091063155665,26.837181877821997,26.272572970908765,26.336318969726562,31700.0
2022-10-17,26.61862569620217,26.873611450195312,26.24525475385942,26.873611450195312,48800.0
2022-10-18,27.165020175618633,27.301618991378998,26.46381072124774,26.8189697265625,30500.0
2022-10-19,26.71879865979553,26.71879865979553,26.135976071333467,26.545772552490234,35200.0
2022-10-20,26.70058327865682,26.882716194149396,25.47119044145246,25.644216537475586,80100.0
2022-10-21,25.780820077973512,25.926525742277647,25.279957074046617,25.771713256835938,46100.0
2022-10-24,25.89920571471095,26.97378623768146,25.89920571471095,26.6368408203125,35900.0
2022-10-25,26.71879828961888,26.75522383241894,26.40917335955104,26.56398582458496,34000.0
2022-10-26,26.74612094210399,27.30162310822067,26.74612094210399,26.84629249572754,32600.0
2022-10-27,27.26519474139632,27.811591767243907,27.083061820464373,27.483753204345703,32400.0
2022-10-28,27.574818111839228,28.230493463760716,27.574818111839228,27.975507736206055,17200.0
2022-10-31,27.866232917932944,28.039259031350493,27.520180691097845,27.902658462524414,27000.0
2022-11-01,28.10300439559186,28.6220809870472,27.975510650061036,28.612974166870117,17800.0
2022-11-02,28.594763166363474,28.676722818575335,28.011940516811134,28.15764617919922,20300.0
2022-11-03,27.246980412702303,27.939083063009438,27.246980412702303,27.8935489654541,6500.0
2022-11-04,28.002830633922283,28.239602743651034,27.738738064127336,28.1212158203125,26800.0
2022-11-07,28.194070280608095,28.367096397177338,27.520181192381244,27.838912963867188,39200.0
2022-11-08,27.911762604476234,28.075681881779005,27.638564966937096,27.8935489654541,13900.0
2022-11-09,27.765222247872057,27.93938381729813,27.627723879510743,27.7010555267334,13400.0
2022-11-10,28.223543504981716,28.73686499961736,27.838551946913917,28.361040115356445,25800.0
2022-11-11,28.535203648456722,28.71853364056018,28.278543757549137,28.40687370300293,17000.0
2022-11-14,28.058546365449654,28.452704590191797,27.453559892057037,27.490224838256836,29800.0
2022-11-15,27.691892916051362,27.838557980384056,27.591062979051223,27.756059646606445,12600.0
2022-11-16,27.90272032168547,28.645203507046052,27.866053621981504,28.25104522705078,31600.0
2022-11-17,28.251041778038108,28.406871736026602,28.021880177958806,28.361040115356445,10500.0
2022-11-18,28.654369182555953,28.810199154133777,28.333542564794033,28.61770248413086,17100.0
2022-11-21,28.388542302668462,28.590205657497027,28.1868806962044,28.41604232788086,17800.0
2022-11-22,28.507705872909135,28.700200794462052,27.691889316957663,28.581037521362305,17200.0
2022-11-23,28.700200665019278,28.86519731038585,28.342709098967973,28.553537368774414,16300.0
2022-11-25,28.61770325424363,28.61770325424363,28.168546676635742,28.168546676635742,9000.0
2022-11-28,28.122713576617407,28.122713576617407,27.499393706205126,27.61855697631836,11300.0
2022-11-29,27.646058897546695,27.646058897546695,27.3160655909391,27.581893920898438,14400.0
2022-11-30,27.435227502392454,27.435227502392454,26.72940934267665,27.123567581176758,19500.0
2022-12-01,27.325230980530957,28.04021586175888,26.9677394140992,27.847719192504883,22200.0
2022-12-02,27.51772978501243,27.902721405029297,27.51772978501243,27.902721405029297,8200.0
2022-12-05,27.627725569202305,27.655225594229325,26.6377473969679,26.86690902709961,21900.0
2022-12-06,26.92191067609898,26.92191067609898,26.582750674080295,26.729413986206055,21800.0
2022-12-07,26.66524882881294,26.94940877562605,26.50941884216744,26.656082153320312,15000.0
2022-12-08,26.665248786747348,26.729413766729934,26.454420495843262,26.646915435791016,10200.0
2022-12-09,26.463581384017193,26.70190790087172,26.44524803707017,26.59191131591797,11900.0
2022-12-12,26.591916995866054,26.756913656903635,26.23442539586101,26.58275032043457,14600.0
2022-12-13,26.995242323141373,27.00440725032715,26.58275066519764,26.6927490234375,21500.0
2022-12-14,26.775245353487996,26.89441038615146,26.58275041384412,26.63774871826172,15500.0
2022-12-15,26.426916035258124,26.802740924980693,26.40858268737793,26.40858268737793,25500.0
2022-12-16,26.399417984022516,27.279399515950953,25.821931469604177,27.169401168823242,107300.0
2022-12-19,27.022739930613447,27.022739930613447,26.206925058892793,26.445253372192383,18400.0
2022-12-20,26.43608701025996,26.821078636559456,26.426920334828477,26.58275032043457,15300.0
2022-12-21,26.80274385779651,27.05940551111087,26.582748904254693,26.756912231445312,13900.0
2022-12-22,26.298588209600897,26.56441478176255,26.298588209600897,26.454418182373047,14200.0
2022-12-23,26.399420650919406,26.921910667102996,26.399420650919406,26.6927490234375,9300.0
2022-12-27,26.72024548913039,26.949407117250487,26.674413862852163,26.747745513916016,7700.0
2022-12-28,26.646910964727606,26.793574251040596,26.39025108786202,26.40858268737793,11700.0
2022-12-29,26.894409317711748,26.958574295043945,26.454419403121396,26.958574295043945,17800.0
2022-12-30,26.90357607744014,27.132737710555702,26.720246071601885,26.97690773010254,8800.0
2023-01-03,26.96774460540433,26.96774460540433,25.858601245951526,26.06943130493164,42400.0
2023-01-04,26.216089334748176,26.518582599256778,26.161091036209626,26.23442268371582,8500.0
2023-01-05,26.17025517055489,26.17025517055489,25.87692858940463,25.931928634643555,7600.0
2023-01-06,25.931931189343025,26.28025610168331,25.931931189343025,26.243589401245117,8400.0
2023-01-09,26.381085092366696,26.381085092366696,25.867761828705774,25.91359519958496,10800.0
2023-01-10,26.014428814714183,26.766080468642595,26.005263887600595,26.646915435791016,16000.0
2023-01-11,26.784411279697025,27.2794012507025,26.720246301610654,27.096071243286133,21700.0
2023-01-12,27.297732200358563,27.710222058221284,27.297732200358563,27.636890411376953,17700.0
2023-01-13,27.26106567269564,27.83855392501354,27.09606902917624,27.67355728149414,18700.0
2023-01-17,27.691888709419107,27.939383673155362,27.50856046649047,27.636890411376953,14100.0
2023-01-18,27.73772442348472,27.73772442348472,27.01357281993373,27.041072845458984,7800.0
2023-01-19,27.031908506985047,27.251903485110393,26.931076819707513,27.206071853637695,12800.0
2023-01-20,27.27023221969722,27.64605712890625,27.224400595984655,27.64605712890625,14900.0
2023-01-23,27.499393963516507,27.976050545158248,27.288565696070332,27.67355728149414,11800.0
2023-01-24,27.609395373627088,27.618560300738356,27.3710670563489,27.407732009887695,9600.0
2023-01-25,27.224400369761987,27.56355857849121,27.224400369761987,27.56355857849121,11900.0
2023-01-26,27.563562426441347,28.837700615271615,27.38939908641126,27.53606414794922,46300.0
2023-01-27,27.4993959846783,27.53606268520617,27.004406017739125,27.013572692871094,21700.0
2023-01-30,26.85774249037093,27.16023577376763,26.821077538510618,26.931074142456055,16200.0
2023-01-31,27.05940633307204,27.31606624581827,27.03190630740729,27.10523796081543,12500.0
2023-02-01,27.178567490576274,28.177712282920016,26.81190925218508,27.737722396850586,19300.0
2023-02-02,27.728555109082308,28.214378356933594,27.728555109082308,28.214378356933594,12500.0
2023-02-03,27.994383060436217,28.269376292536666,27.994383060436217,28.104379653930664,6200.0
2023-02-06,28.09521406097526,28.104380735513292,27.792720794677734,27.792720794677734,9800.0
2023-02-07,27.82938463672864,28.15937614440918,27.82938463672864,28.15937614440918,14900.0
2023-02-08,28.85603131169224,28.85603131169224,27.34356494101429,28.04938316345215,20200.0
2023-02-09,28.507705885584404,28.654369182555953,28.40687421327981,28.61770248413086,14200.0
2023-02-10,28.64537961697519,28.848343180198633,28.322486238459604,28.571575164794922,25600.0
2023-02-13,28.36861274168787,28.802213668823242,28.36861274168787,28.802213668823242,6900.0
2023-02-14,28.479323227839284,28.737637951590816,28.479323227839284,28.62693214416504,11000.0
2023-02-15,28.77453687917705,29.106656012830236,28.77453687917705,28.912919998168945,18400.0
2023-02-16,29.162012114597484,29.162012114597484,28.43319162031356,28.829891204833984,12700.0
2023-02-17,28.85756764653042,29.005176544189453,28.70995874887139,29.005176544189453,9800.0
2023-02-21,28.968274855788174,29.06053086124332,28.2302303314209,28.2302303314209,17000.0
2023-02-22,28.239455158561935,28.25790495132315,27.87965692534644,28.06416893005371,15500.0
2023-02-23,28.156423907329955,28.230228354598527,27.86120611825568,28.22100257873535,7100.0
2023-02-24,27.8981095735861,28.368613620397916,27.805853567608633,27.916561126708984,6800.0
2023-02-27,28.774537096463433,28.774537096463433,27.68592016880282,27.925785064697266,10100.0
2023-02-28,28.01804058486538,28.257903717015957,27.787401468874062,27.842754364013672,9400.0
2023-03-01,27.981139190548866,27.981139190548866,27.67669560923278,27.815078735351562,28500.0
2023-03-02,27.704371858285526,27.944236755371094,27.676694530285975,27.944236755371094,5700.0
2023-03-03,27.962688983667014,28.137975223660305,27.861208958102054,28.05494499206543,8500.0
2023-03-06,28.045719089717874,28.248682659213248,27.29844876834608,27.326126098632812,49600.0
2023-03-07,27.48296176425806,27.53831466716821,27.058584816248107,27.160066604614258,15300.0
2023-03-08,27.12316426482447,27.215420278713633,26.486599704590066,26.60653305053711,19800.0
2023-03-09,26.63420885347503,26.661884424306898,25.416432707399693,25.62862205505371,21900.0
2023-03-10,25.600945617144372,25.61017139428898,24.567681452230126,25.09354019165039,83700.0
2023-03-13,24.669159470924075,24.669159470924075,22.602633216565895,23.396032333374023,40300.0
2023-03-14,24.152531042606437,25.628621891772312,23.71892833287496,23.866539001464844,42500.0
2023-03-15,23.368353128198944,23.94956287567647,23.156165582265615,23.746601104736328,24500.0
2023-03-16,23.55286811336678,25.305725114036555,23.55286811336678,24.641483306884766,24100.0
2023-03-17,24.475428538002646,24.955156658287045,23.783511051067105,23.95879554748535,52300.0
2023-03-20,24.115629850794313,24.420073469642944,23.414486597765347,23.52519416809082,25300.0
2023-03-21,23.894212182805152,24.909024650107256,23.894212182805152,24.466197967529297,31200.0
2023-03-22,24.72451012673054,24.72451012673054,23.331451550054677,23.36835289001465,17200.0
2023-03-23,23.598997128201006,23.709704691488614,22.85172679482998,22.907079696655273,30200.0
2023-03-24,22.611862799451114,23.46061495393415,22.48270543669405,23.432937622070312,14200.0
2023-03-27,23.986472150610187,24.18020819643161,23.460615158081055,23.460615158081055,20600.0
2023-03-28,23.497514321827076,23.562094757396423,23.285326741010056,23.423709869384766,6400.0
2023-03-29,23.423709118193027,23.755830023350864,23.294551770470264,23.617446899414062,17700.0
2023-03-30,23.86653746451737,23.86653746451737,22.51960405751529,22.916303634643555,22100.0
2023-03-31,22.38122106923312,23.525190926667587,22.38122106923312,22.934755325317383,17400.0
2023-04-03,23.15616825614032,23.525190500296024,22.777920235926118,22.8794002532959,70800.0
2023-04-04,22.990106706933894,22.990106706933894,22.049098709609858,22.32586669921875,29400.0
2023-04-05,22.242838930406077,22.261288724037865,22.039875363723652,22.104454040527344,9400.0
2023-04-06,21.993746212545783,22.279738223297567,21.966068885194264,22.067550659179688,32300.0
2023-04-10,22.049101651094865,22.242839445630572,21.71698248274895,21.8369140625,30800.0
2023-04-11,22.01220056800293,22.14135792615498,21.89226722717285,21.89226722717285,8700.0
2023-04-12,22.076778096853424,22.076778096853424,21.329507798477707,21.680078506469727,28400.0
2023-04-13,21.77233498383175,21.809236330908494,21.68007897668442,21.76310920715332,14500.0
2023-04-14,21.966068604633318,21.966068604633318,20.942032140621944,21.329505920410156,33500.0
2023-04-17,21.338731348949228,21.624725134616234,21.098868204302626,21.597047805786133,13500.0
2023-04-18,21.680078506469727,21.90149186303894,21.154221564663224,21.680078506469727,17000.0
2023-04-19,21.772333078253983,22.316641537183095,21.753881526512053,22.09522819519043,19000.0
2023-04-20,22.132129190399773,22.14135496612541,21.615498067221818,22.04909896850586,123100.0
2023-04-21,22.076778880931855,22.510379832991713,21.560147697255022,22.159809112548828,11700.0
2023-04-24,22.058328424323737,22.528832507006676,21.938396839155345,22.030651092529297,13000.0
2023-04-25,21.726207057115122,21.92917063370379,21.043515389582918,21.237253189086914,11500.0
2023-04-26,21.172673097150565,21.495566475395417,20.914356634917745,20.988161087036133,19700.0
2023-04-27,22.141355170816546,22.796369416660863,21.255701808609555,21.74465560913086,23300.0
2023-04-28,21.809236567171588,21.809236567171588,21.264928054706434,21.45866584777832,15300.0
2023-05-01,21.458666961273057,21.85536658514303,21.311058044433594,21.311058044433594,15300.0
2023-05-02,21.578597428921228,21.578597428921228,20.120958130885672,20.766748428344727,37200.0
2023-05-03,21.246478052344635,21.37563540670077,20.692943768531645,20.739070892333984,18800.0
2023-05-04,20.43462500464381,20.43462500464381,19.57664722506079,19.982572555541992,24800.0
2023-05-05,20.333144275815304,20.93280559495299,20.130180737902712,20.877450942993164,11800.0
2023-05-08,20.812872536100453,20.94203163265485,20.2962414287931,20.582233428955078,11600.0
2023-05-09,20.58223589830381,20.58223589830381,20.065604729013756,20.342370986938477,9600.0
2023-05-10,20.35159575199075,20.88667844778477,20.084055283912175,20.14863395690918,22400.0
2023-05-11,20.111392511189393,20.42796086312449,20.111392511189393,20.36278533935547,80100.0
2023-05-12,20.455888959222566,20.921430370204504,20.297604808452725,20.71659278869629,17100.0
2023-05-15,20.68866270760395,21.303177318411013,20.6607313554126,21.135583877563477,20400.0
2023-05-16,21.191450452791102,21.275248069448843,20.995922088623047,20.995922088623047,20800.0
2023-05-17,21.172824996453535,22.28081414803167,21.014540831942373,22.122529983520508,19200.0
2023-05-18,22.3646127061898,22.3646127061898,21.647678414212823,21.93631362915039,12400.0
2023-05-19,22.17839732632578,22.429790168781345,21.778031342244677,21.964248657226562,9200.0
2023-05-22,22.336680700191675,22.336680700191675,21.80596368043483,22.066667556762695,19700.0
2023-05-23,22.150459024539163,22.69048693752262,22.150459024539163,22.262187957763672,9400.0
2023-05-24,22.224951907878403,22.65324923383699,22.20632982173241,22.2994384765625,9300.0
2023-05-25,22.290125137804147,22.345989614588703,21.65698848124685,21.833894729614258,13100.0
2023-05-26,21.78734253222336,21.82458670583038,21.535949688075796,21.591815948486328,7900.0
2023-05-30,21.712852958031405,22.206327534677463,21.442839840322968,21.833894729614258,6800.0
2023-05-31,21.489394317819883,21.55456983988129,21.09833940955168,21.275245666503906,12400.0
2023-06-01,21.09833849739027,21.675610680218913,21.09833849739027,21.377662658691406,11100.0
2023-06-02,21.56387789030242,22.718420369774105,21.396282699171127,22.20632553100586,19500.0
2023-06-05,22.2715054929501,22.392545501890638,21.899072647094727,21.899072647094727,13100.0
2023-06-06,21.927004823189748,23.109480707053645,21.927004823189748,23.007061004638672,30800.0
2023-06-07,23.109474838107065,24.31988354502172,23.081543490651022,23.83572006225586,37800.0
2023-06-08,23.556398050234787,23.78916878897584,23.22120939405953,23.43535804748535,10900.0
2023-06-09,23.68674969084804,23.68674969084804,22.774287090782018,23.044301986694336,9500.0
2023-06-12,23.286385370523533,23.509845070961326,23.08154775576385,23.211898803710938,11000.0
2023-06-13,23.183963963614822,23.817100622729875,23.183963963614822,23.44466781616211,13000.0
2023-06-14,23.63088457974205,23.705371144990185,23.1467227935791,23.1467227935791,13200.0
2023-06-15,23.156030454108173,23.584327697753906,23.0442997346052,23.584327697753906,11300.0
2023-06-16,23.658820164647228,24.040564073175577,23.277076256118875,23.47260284423828,36700.0
2023-06-20,23.472600719291346,23.472600719291346,22.718424014119822,22.979127883911133,6600.0
2023-06-21,23.109480524988754,23.426048897322843,22.830156326293945,22.830156326293945,6900.0
2023-06-22,22.83015457985461,22.83015457985461,22.373924143073395,22.71842384338379,9800.0
2023-06-23,22.513586400933676,23.146723101926987,21.889760742707896,22.979127883911133,167600.0
2023-06-26,23.100166904062604,23.109477946433497,22.54151679310721,22.84877586364746,34400.0
2023-06-27,23.090856813050095,23.156034112331696,22.578761892850526,22.690492630004883,20400.0
2023-06-28,22.541519160101593,22.988440361335154,22.383236750875042,22.88602066040039,9000.0
2023-06-29,22.997749525489475,23.305006827287198,22.997749525489475,23.174654006958008,8500.0
2023-06-30,22.8394643481032,23.48191027528736,22.699800491333008,22.699800491333008,26200.0
2023-07-03,22.81153298597144,23.267763432582885,22.81153298597144,23.156034469604492,11900.0
2023-07-05,23.100164972431212,23.770545759880466,22.80221874507581,23.481908798217773,16500.0
2023-07-06,23.146723723805486,23.146723723805486,22.606695660078806,22.671871185302734,13600.0
2023-07-07,22.73704768907281,23.360873390906704,22.606696633014963,23.090858459472656,43900.0
2023-07-10,22.886016495403755,23.426044480044542,22.653245781749973,22.737043380737305,15600.0
2023-07-11,22.76497607744332,22.988435745239258,22.70910982856965,22.988435745239258,5700.0
2023-07-12,23.183965822399166,23.41673656715398,23.156034469604492,23.156034469604492,5900.0
2023-07-13,23.323627276106038,23.360871446680004,23.090856537718153,23.1467227935791,6700.0
2023-07-14,23.286386654383794,23.59364398141341,22.709114397834245,22.85808753967285,8900.0
2023-07-17,23.053612451327208,23.64019388762433,22.85808412196172,23.323625564575195,12100.0
2023-07-18,23.37949149033543,24.208154678344727,23.37949149033543,24.208154678344727,12200.0
2023-07-19,24.394374692297223,24.487481569218332,24.161603948194767,24.478172302246094,15200.0
2023-07-20,24.375754830076694,24.375754830076694,23.919524343127133,24.310579299926758,11900.0
2023-07-21,24.310573721410726,24.487478183823658,23.966072286370498,24.226776123046875,45300.0
2023-07-24,24.82267171177412,24.82267171177412,24.198846054013565,24.589900970458984,5100.0
2023-07-25,24.5060985663805,24.720247180271794,24.310572034366576,24.431612014770508,5000.0
2023-07-26,24.6736987708786,25.60478174336459,24.6736987708786,25.167173385620117,12300.0
2023-07-27,25.325456474670386,26.033077940587276,24.971643965812184,25.38132095336914,22200.0
2023-07-28,25.735130943919504,25.967901670332378,25.49304917534215,25.744441986083984,10300.0
2023-07-31,25.83754928857292,25.83754928857292,25.260277135684646,25.465116500854492,20200.0
2023-08-01,25.465114949845475,25.64202117919922,25.185789044144904,25.64202117919922,13100.0
2023-08-02,25.42787317520225,26.20998294323034,25.38131974115997,25.65133285522461,9100.0
2023-08-03,25.651333334600075,26.331025205257383,25.586157815363002,25.772375106811523,16800.0
2023-08-04,25.818931570553346,26.424135174908166,25.809620527298666,25.846864700317383,10300.0
2023-08-07,25.88410602602785,26.582418258124644,25.46511975230968,26.377580642700195,18700.0
2023-08-08,26.107568442406183,26.414825764547487,25.828242473977784,26.219297409057617,6900.0
2023-08-09,26.0796331887881,26.0796331887881,25.69788932800293,25.69788932800293,8000.0
2023-08-10,25.790998458862305,26.005147111424535,25.567536987780212,25.790998458862305,22900.0
2023-08-11,25.80975643519818,26.325575697987215,25.80975643519818,26.250547409057617,8700.0
2023-08-14,26.10048877561217,26.531902744592273,25.931674691611928,26.20365333557129,6400.0
2023-08-15,25.800378250308487,26.119248932567537,25.15325812586329,25.2376651763916,22500.0
2023-08-16,25.106363070098965,25.106363070098965,24.759356150144242,24.796871185302734,5600.0
2023-08-17,25.181391184870044,25.21890443096482,24.85314178466797,24.85314178466797,4400.0
2023-08-18,24.84376193526421,25.05008925176573,24.187264952496527,24.19664192199707,27900.0
2023-08-21,24.15913079650869,24.571787254520416,24.14975203737031,24.506135940551758,13300.0
2023-08-22,24.440485232882832,24.7874921489519,24.1872659036598,24.646814346313477,18400.0
2023-08-23,24.74059884362608,24.74059884362608,24.61867855595155,24.684328079223633,4800.0
2023-08-24,24.506138927632414,24.581167221069336,24.506138927632414,24.581167221069336,5700.0
2023-08-25,24.665572202864517,24.665572202864517,24.524894388089262,24.534273147583008,13700.0
2023-08-28,24.60930160440462,24.618680363963037,24.44986626954253,24.478002548217773,4600.0
2023-08-29,24.609299424198294,24.98444082922267,24.402972098638717,24.85314178466797,10400.0
2023-08-30,24.70308734836107,24.749979357218432,24.618680301365433,24.63743782043457,7600.0
2023-08-31,24.806252812913293,24.87190234321763,24.40297508239746,24.40297508239746,11500.0
2023-09-01,24.609301205698955,24.85314358382071,24.440487114013475,24.74997901916504,10400.0
2023-09-05,24.881279150825364,24.881279150825364,24.26229535821547,24.506135940551758,3300.0
2023-09-06,24.346701232138418,24.703086933200666,24.009074838645514,24.01845359802246,14100.0
2023-09-07,24.00907307554257,24.02783059291901,23.099353159753655,23.540145874023438,53800.0
2023-09-08,23.690204470116,24.534273147583008,23.690204470116,24.534273147583008,18500.0
2023-09-11,24.54365213953632,24.618680427381435,23.99969660545537,24.318567276000977,13400.0
2023-09-12,24.262294046833297,24.32794356843819,23.868395128388652,24.121614456176758,12900.0
2023-09-13,24.384220475193555,24.56241335645761,23.708965782931095,24.009078979492188,9300.0
2023-09-14,24.61867755342988,24.61867755342988,23.868394762565746,24.290428161621094,7800.0
2023-09-15,24.384217307839204,24.384217307839204,23.35257698705213,23.465120315551758,32500.0
2023-09-18,23.605797200180046,23.605797200180046,23.14624872222656,23.436983108520508,7600.0
2023-09-19,23.28692709192789,23.427604908732736,23.211898803710938,23.211898803710938,4400.0
2023-09-20,23.37133325636707,23.633933149608204,23.324441248809745,23.446361541748047,9900.0
2023-09-21,23.2681700712775,23.446362930417017,23.00557195129877,23.146249771118164,6700.0
2023-09-22,23.127489906362456,23.305682747433465,22.939918306412412,23.052461624145508,8400.0
2023-09-25,23.352576014146287,23.352576014146287,23.17438316345215,23.17438316345215,3500.0
2023-09-26,23.2306547390243,23.2306547390243,22.67732048034668,22.67732048034668,7000.0
2023-09-27,22.855511686941338,23.12748852290268,22.583533062164754,22.827375411987305,7900.0
2023-09-28,22.73359157217428,22.94929766558843,22.536642997008858,22.66794204711914,10200.0
2023-09-29,22.827377813059268,23.25879000817391,22.686700001122556,22.761728286743164,13000.0
2023-10-02,22.81800179668704,22.958679625534515,22.574159391904118,22.686702728271484,12200.0
2023-10-03,22.602292250419307,22.72421253993993,22.517885208129883,22.517885208129883,4200.0
2023-10-04,22.37720606442472,22.986811053258585,22.180255714571008,22.817996978759766,9900.0
2023-10-05,23.277544832723237,23.3431943514413,22.95867420853674,23.202516555786133,10000.0
2023-10-06,23.174378272073152,23.333813570344482,22.602288380829613,22.93991470336914,8200.0
2023-10-09,22.88364661724407,23.361952567854924,22.88364661724407,23.024324417114258,7000.0
2023-10-10,23.502632866593395,23.502632866593395,23.12749143078168,23.221277236938477,5200.0
2023-10-11,22.5272656788089,23.50263343553045,22.5272656788089,22.996192932128906,7500.0
2023-10-12,23.089978979386682,23.315063848650585,22.630428692222075,22.780487060546875,8300.0
2023-10-13,23.08060245862386,23.174386488303533,22.536646857929533,22.8742733001709,6900.0
2023-10-16,22.893029839524758,23.11811472096812,22.893029839524758,22.902408599853516,8300.0
2023-10-17,22.44285816376596,22.874270369224607,22.44285816376596,22.639806747436523,13500.0
2023-10-18,22.602291365073278,22.808618688801356,22.227149963378906,22.227149963378906,7700.0
2023-10-19,22.199015315905758,22.320935609594432,22.114608270730738,22.18025779724121,7200.0
2023-10-20,22.227149963378906,22.499126808801588,21.870764290157776,22.227149963378906,9200.0
2023-10-23,22.077092274745006,22.40533986644729,21.92703393291869,22.311555862426758,6600.0
2023-10-24,21.992684543594265,22.19901185024661,21.90827751159668,21.90827751159668,6100.0
2023-10-25,21.85200967863103,22.123988349035265,21.72071061778239,22.039581298828125,7100.0
2023-10-26,22.696079645136777,23.277548434158717,22.51788678903596,22.527265548706055,7600.0
2023-10-27,22.78048647842439,22.78048647842439,22.142745137398794,22.32093620300293,10000.0
2023-10-30,22.095848677321598,22.817996978759766,22.095848677321598,22.817996978759766,11400.0
2023-10-31,22.602291818570016,22.949296951293945,22.602291818570016,22.949296951293945,8700.0
2023-11-01,22.761730521089405,22.761730521089405,22.752351760864258,22.752351760864258,4400.0
2023-11-02,22.977433303729065,23.63393211364746,22.92116253936374,23.63393211364746,9600.0
2023-11-03,23.446360066913968,24.7874921489519,23.446360066913968,24.646814346313477,10800.0
2023-11-06,24.965688527684804,25.003201778929117,23.971561431884766,23.971561431884766,9100.0
2023-11-07,24.346698560759727,24.346698560759727,23.727714820321108,23.774608612060547,8200.0
2023-11-08,23.737094111977175,24.29042834522775,23.549524307250977,23.549524307250977,5700.0
2023-11-09,24.088394176298355,24.258563657492456,23.86150213576544,24.060033798217773,8100.0
2023-11-10,24.20183865269465,24.494907283372864,24.20183865269465,24.46654510498047,10700.0
2023-11-13,24.466548840955227,24.683988635477778,24.3247415336946,24.409826278686523,9700.0
2023-11-14,24.570538593161853,26.319499969482422,24.570538593161853,26.319499969482422,18800.0
2023-11-15,26.31950278619441,26.792195003183277,24.67453408745447,26.11151885986328,8300.0
2023-11-16,25.5726459491911,26.139876919892313,25.270123245664465,25.610462188720703,8800.0
2023-11-17,25.884626072521684,26.01698112487793,25.440296019438428,26.01698112487793,12100.0
2023-11-20,25.73336510300794,25.941350844311152,25.52538116488254,25.582103729248047,8900.0
2023-11-21,25.591556469518654,25.752271896239947,25.534833908081055,25.534833908081055,6800.0
2023-11-22,25.799540535778657,25.799540535778657,25.66718549672542,25.676639556884766,8700.0
2023-11-24,25.582103329726465,26.026435185987502,25.582103329726465,26.01698112487793,5700.0
2023-11-27,25.761726129373837,25.950803739667858,25.619918823242188,25.619918823242188,5600.0
2023-11-28,25.525379099693232,25.61991790143874,25.468656539916992,25.468656539916992,8700.0
2023-11-29,25.487564686197864,26.234419290071177,25.487564686197864,26.102066040039062,10200.0
2023-11-30,25.667183796994138,25.988614608415705,25.109406906773035,25.487560272216797,14700.0
2023-12-01,25.54428777941707,26.773286819458008,25.515925597319743,26.773286819458008,19500.0
2023-12-04,26.120968721525266,26.461307663557367,25.998069549778975,26.18714714050293,6900.0
2023-12-05,26.17769022581838,26.187144284641313,26.0358829498291,26.0358829498291,6700.0
2023-12-06,26.120967873632672,26.328953577313268,25.87516953811876,26.092607498168945,16200.0
2023-12-07,26.02643517266753,26.22496504633362,25.705004307817667,26.04534149169922,22500.0
2023-12-08,26.10206192031339,26.26277732849121,25.733360805565734,26.26277732849121,17700.0
2023-12-11,25.988617198733383,26.139878559987295,25.93189463905758,26.13042449951172,10200.0
2023-12-12,26.253326490840827,26.640933969338214,25.950803756713867,25.950803756713867,13100.0
2023-12-13,25.99807226613579,27.65249504670807,25.790088337150685,26.669294357299805,23600.0
2023-12-14,27.312157927569544,27.63358880534954,26.782743106652198,27.605228424072266,17700.0
2023-12-15,27.643039845569366,28.465525073095343,27.05690252298191,28.36153221130371,73400.0
2023-12-18,28.172454578099373,28.40880067960416,27.643039815618398,28.03064727783203,23100.0
2023-12-19,28.08736744811021,28.40879826306909,27.945560159905412,28.07791519165039,29200.0
2023-12-20,27.973922909359597,28.900399134582905,27.973922909359597,28.05900764465332,32100.0
2023-12-21,28.172451836902038,28.56951332092285,28.002284175045244,28.56951332092285,13000.0
2023-12-22,28.607331795021704,28.86258601252435,28.229178400486834,28.38043975830078,9800.0
2023-12-26,28.1724544075414,29.146200988989946,28.1724544075414,28.909854888916016,10100.0
2023-12-27,28.52224769232144,29.13674719755022,28.408800769840628,29.02330207824707,41400.0
2023-12-28,28.834223858108317,28.834223858108317,28.541155202473014,28.73968505859375,9900.0
2023-12-29,28.805864511041676,28.805864511041676,28.304811889725993,28.53170394897461,10000.0
2024-01-02,28.36153343267278,28.720778729421763,27.463417486033713,27.661949157714844,22500.0
2024-01-03,27.64303679827658,27.8793828739833,27.113622093583217,27.132530212402344,15300.0
2024-01-04,27.160895072333282,27.888841538473038,27.160895072333282,27.50123405456543,10000.0
2024-01-05,27.81320784160293,27.93610701455531,27.444508519568235,27.624130249023438,44100.0
2024-01-08,27.34051877955458,27.92665794081604,27.33106471853029,27.61467933654785,8400.0
2024-01-09,27.529591028417666,27.54849734360381,26.68819779301364,26.848913192749023,13100.0
2024-01-10,26.867826291175348,26.97181915827299,26.243872694944983,26.42349624633789,15200.0
2024-01-11,26.565301364306634,26.574755424461493,25.8562630812905,26.310047149658203,11700.0
2024-01-12,26.546395172712636,27.435057056881224,26.30059500036057,26.669294357299805,6600.0
2024-01-16,26.328957121912058,27.000179211521626,25.922441522547288,26.943456649780273,10100.0
2024-01-17,26.376222610473633,26.56530019892105,26.30059193573017,26.376222610473633,9400.0
2024-01-18,26.546394267090964,26.69765562904312,26.234417482667432,26.48967170715332,7800.0
2024-01-19,26.659842206523933,27.028541564941406,26.376225789667792,27.028541564941406,4200.0
2024-01-22,27.056901425788016,27.794300079345703,27.056901425788016,27.794300079345703,7900.0
2024-01-23,27.93611096237457,28.040103833306905,27.321611404418945,27.321611404418945,10700.0
2024-01-24,27.416148257430272,28.011739650314198,27.302701333311692,27.95501708984375,10500.0
2024-01-25,28.36152963637565,28.83422179698191,28.040098822909194,28.352075576782227,15500.0
2024-01-26,28.57896898220823,28.57896898220823,28.09682273864746,28.09682273864746,5700.0
2024-01-29,28.342623340970896,28.36153146137444,27.841570772520285,28.29535484313965,4200.0
2024-01-30,28.077917228587484,28.077917228587484,27.74703232998695,27.860477447509766,5300.0
2024-01-31,27.737582327267322,27.737582327267322,26.234420776367188,26.234420776367188,12100.0
2024-02-01,26.49912447262435,26.49912447262435,25.411931007356543,26.19659996032715,17300.0
2024-02-02,25.903529787208136,26.470760735022687,25.430837631225586,25.430837631225586,5800.0
2024-02-05,25.440293433482438,25.61991696995039,24.636716352628554,24.71234703063965,15800.0
2024-02-06,24.655625357474406,24.958148080372133,23.530617403918026,24.145118713378906,12800.0
2024-02-07,23.341542452109817,23.596794881846606,22.207080396830463,23.275365829467773,58800.0
2024-02-08,23.256457135697982,24.34364886007553,23.256457135697982,23.6818790435791,19800.0
2024-02-09,23.87095582723304,24.57999411913105,23.87095582723304,24.523271560668945,11600.0
2024-02-12,24.637599266258327,25.67607514892598,24.637599266258327,25.21876335144043,10900.0
2024-02-13,24.675708670447325,24.82814533763679,23.722978591918945,23.722978591918945,16200.0
2024-02-14,24.847200996441366,24.847200996441366,23.827780077683546,24.38036346435547,13300.0
2024-02-15,24.542324700064558,25.39025380757759,24.370833011536476,25.14254379272461,10500.0
2024-02-16,25.018690492150135,25.256872996663535,24.399416343852955,24.837671279907227,9100.0
2024-02-20,24.523272471725036,25.437894309522243,24.427999098614514,24.609018325805664,7700.0
2024-02-21,24.580436379621045,24.618546456687795,24.132653877217688,24.142181396484375,7700.0
2024-02-22,24.01832216094088,24.01832216094088,23.541957166232603,23.73250389099121,8300.0
2024-02-23,24.085017705991326,24.151708522583984,23.761089324951172,23.761089324951172,5500.0
2024-02-26,23.627705816093368,24.113598386450903,23.46574162597419,23.818252563476562,6200.0
2024-02-27,23.846833503758994,24.01832338414951,23.81825094843307,23.923051834106445,7300.0
2024-02-28,23.75156174704898,23.91352593716816,23.418105847722618,23.818252563476562,14800.0
2024-02-29,24.275562599052883,24.275562599052883,23.999271813998668,24.266035079956055,8500.0
2024-03-01,24.018323586214198,24.218397840802183,24.008797884880423,24.027851104736328,8700.0
2024-03-04,23.989741476976654,23.989741476976654,23.67534065246582,23.67534065246582,3100.0
2024-03-05,23.808722636568582,23.808722636568582,23.60865020751953,23.60865020751953,11300.0
2024-03-06,23.53242926936396,23.999266702549143,23.303772494117105,23.627700805664062,8400.0
2024-03-07,23.665815692242102,24.294617409223395,23.665815692242102,24.10407066345215,13700.0
2024-03-08,24.19934307397169,24.294616443068456,23.93257982112679,24.246980667114258,10400.0
2024-03-11,24.065959797906903,24.666178892853257,24.02784972600517,24.40894317626953,7900.0
2024-03-12,24.408944369417355,24.73287091047491,24.02785090052454,24.427997589111328,7900.0
2024-03-13,24.427995275356835,24.494686080939804,23.818248690383236,23.9897403717041,15900.0
2024-03-14,23.98974443992221,24.15170863117048,23.684871095734515,24.03738021850586,21900.0
2024-03-15,23.98021525390631,24.58043438140612,23.98021525390631,24.199342727661133,25400.0
2024-03-18,24.056434885603558,24.370835744094205,24.056434885603558,24.10407066345215,8300.0
2024-03-19,24.008798854002535,24.34225292979523,24.008798854002535,24.056434631347656,13000.0
2024-03-20,24.246983354839124,24.49469159788491,23.999273294604762,24.44705581665039,15400.0
2024-03-21,24.437526642226484,25.056800842285156,24.294617491011167,25.056800842285156,16900.0
2024-03-22,24.85672524862914,25.009161899594467,24.47563362121582,24.47563362121582,7400.0
2024-03-25,24.66618199574379,24.866256264019814,24.542327880859375,24.542327880859375,6500.0
2024-03-26,24.580433447778898,24.580433447778898,24.113595962524414,24.113595962524414,11000.0
2024-03-27,24.34225370030971,24.68523712305412,24.113598690876263,24.37083625793457,12100.0
2024-03-28,24.275562709282305,24.71381950378418,24.15170859483805,24.71381950378418,7700.0
2024-04-01,24.170762379461955,24.22792567414917,23.98021564092008,24.01832389831543,7500.0
2024-04-02,23.91352517161738,24.065961837768555,23.91352517161738,24.065961837768555,7100.0
2024-04-03,24.01832338414951,24.33272604116963,23.675341806180143,23.923051834106445,14700.0
2024-04-04,23.83730697631836,23.83730697631836,23.83730697631836,23.83730697631836,5100.0
2024-04-05,23.72297848664003,24.332726969880344,23.72297848664003,24.008798599243164,6100.0
2024-04-08,23.999270678211943,24.48516322602419,23.85636153289972,24.01832389831543,13900.0
2024-04-09,24.208868885699488,24.208868885699488,23.73250389099121,23.73250389099121,5600.0
2024-04-10,23.67534197671393,23.770615344631587,23.44668698402457,23.465740203857422,14000.0
2024-04-11,23.694396139648255,23.703921840619103,22.960793596089783,23.322830200195312,12900.0
2024-04-12,23.43715947137152,23.43715947137152,22.865521080911073,22.96079444885254,12000.0
2024-04-15,23.017957089929183,23.17039374743693,21.407842850666785,22.303409576416016,34200.0
2024-04-16,22.150974331068834,22.150974331068834,21.84610099661717,22.09381103515625,6800.0
2024-04-17,22.427267669195718,22.532066745642815,21.950902614035453,22.35104751586914,15900.0
2024-04-18,22.38915591950068,22.627338429282606,22.331992625965757,22.513010025024414,11800.0
2024-04-19,22.360573880725532,23.465740606270764,22.360573880725532,23.456214904785156,14400.0
2024-04-22,23.69439732853474,24.142179801352025,23.351413926349707,24.132652282714844,14400.0
2024-04-23,23.970688861692842,24.132653049293,23.83730723091216,23.88494300842285,6800.0
2024-04-24,23.81825287626879,24.00879962615433,23.627706126383245,23.808725357055664,9200.0
2024-04-25,23.494324193578876,23.722979200226273,22.37010238133782,22.69403076171875,16400.0
2024-04-26,23.00842905738282,23.00842905738282,22.360572368862183,22.713083267211914,10900.0
2024-04-29,22.43679402893851,22.598758225128744,22.389158248901367,22.389158248901367,6900.0
2024-04-30,22.198607008458946,22.24624459605797,21.626970494775975,21.846097946166992,25600.0
2024-05-01,21.91279004124803,22.61781002451255,21.68413505888021,22.48442840576172,12000.0
2024-05-02,22.58922950018154,22.855994578843475,22.436792831571413,22.76072120666504,8400.0
2024-05-03,22.86551856994629,22.86551856994629,22.57970031469722,22.86551856994629,3500.0
2024-05-06,22.98937552208374,23.29425066737514,22.81788563791707,22.836938858032227,9400.0
2024-05-07,23.027486344059465,23.103704678558927,22.074756254221985,22.70355796813965,9100.0
2024-05-08,22.865519254845346,22.87504677259745,22.484427630702232,22.674972534179688,7700.0
2024-05-09,22.58850192126556,23.059295654296875,22.58850192126556,23.059295654296875,9200.0
2024-05-10,23.17459486767145,23.17459486767145,22.473206507044758,22.80948829650879,3600.0
2024-05-13,22.819095647654272,23.059296654471687,22.540461600103715,22.60771942138672,19700.0
2024-05-14,22.684583640582517,22.83831213813745,22.6749753804118,22.742231369018555,3400.0
2024-05-15,22.790268963604902,22.992038745425106,22.578892754992008,22.934391021728516,9400.0
2024-05-16,22.86713602489781,22.982433319091797,22.7806635123994,22.982433319091797,6300.0
2024-05-17,23.011259932933996,23.4436206972621,22.944002103622612,23.366756439208984,12200.0
2024-05-20,23.107337961083342,23.443619763897967,23.107337961083342,23.395580291748047,12300.0
2024-05-21,23.203413973081087,23.4820479855798,23.02086071774014,23.213022232055664,5200.0
2024-05-22,23.155380157743593,23.472445450875927,23.155380157743593,23.42440414428711,10000.0
2024-05-23,23.44361687298705,23.52048111850157,23.289888381958008,23.289888381958008,12100.0
2024-05-24,23.145769124018297,23.424401338504925,23.145769124018297,23.318714141845703,6000.0
2024-05-28,23.155380157743593,23.42440414428711,23.155380157743593,23.42440414428711,10200.0
2024-05-29,23.241848924684746,24.08735562567017,23.241848924684746,23.539697647094727,15400.0
2024-05-30,23.92402082055873,23.92402082055873,23.357146276346242,23.635780334472656,7500.0
2024-05-31,23.635776506696164,24.12578671975677,23.635776506696164,23.770288467407227,7700.0
2024-06-03,23.875981357588337,23.952845609406964,23.731861114501953,23.731861114501953,9900.0
2024-06-04,23.54930873336732,23.587739944458008,23.54930873336732,23.587739944458008,5200.0
2024-06-05,23.55891608267715,23.674211544076254,23.549307822129173,23.635780334472656,7800.0
2024-06-06,23.82793908868748,23.82793908868748,23.66460233112214,23.722251892089844,4600.0
2024-06-07,23.703036392108118,23.703036392108118,23.09773063659668,23.09773063659668,11000.0
2024-06-10,23.155376407271795,23.184199353968175,22.886350631713867,22.886350631713867,13300.0
2024-06-11,22.91517738211149,23.030472843990804,22.69419288635254,22.69419288635254,7200.0
2024-06-12,22.81909465789795,23.539697647094727,22.81909465789795,23.539697647094727,7600.0
2024-06-13,23.405187595292787,23.847156585275915,23.270673780116265,23.654996871948242,9600.0
2024-06-14,23.280281060834625,23.491659118963252,23.25145811297217,23.357145309448242,8600.0
2024-06-17,23.35714628337137,23.731861114501953,23.35714628337137,23.731861114501953,8000.0
2024-06-18,23.664604230550733,23.693429013348194,23.491661031531148,23.62617301940918,7200.0
2024-06-20,23.443617807009645,23.60695456430906,23.261064529418945,23.261064529418945,13900.0
2024-06-21,23.357146322765267,23.50126656609472,23.2514591217041,23.2514591217041,22800.0
2024-06-24,23.251455261873293,23.606951680899627,23.251455261873293,23.501262664794922,5700.0
2024-06-25,23.645389513391066,23.924021749751045,23.645389513391066,23.683820724487305,7500.0
2024-06-26,23.54930878008486,23.972063098451414,23.50126747539071,23.645389556884766,13300.0
2024-06-27,23.95284463690503,23.972061157226562,23.95284463690503,23.972061157226562,4300.0
2024-06-28,24.020100612073193,24.56775861281434,23.77029134579704,24.375598907470703,100800.0
2024-07-01,24.43324660056781,24.596583357797808,24.00088405713892,24.58697509765625,14300.0
2024-07-02,24.635015546003373,24.635015546003373,24.596584336496203,24.615800857543945,4000.0
2024-07-03,24.42364036704607,24.452465149862558,23.46283626422378,23.645389556884766,22200.0
2024-07-05,23.46283340767694,23.875979414805077,22.905567169189453,22.905567169189453,29700.0
2024-07-08,23.164987590532867,23.164987590532867,22.45399277174429,22.550071716308594,8500.0
2024-07-09,22.338694569866608,22.588503847332706,21.906332006446764,21.983196258544922,16800.0
2024-07-10,21.954374277081538,22.492424065484826,21.954374277081538,22.281047821044922,34400.0
2024-07-11,22.578894614362753,23.23224164535418,22.290654139555123,23.16498565673828,40400.0
2024-07-12,23.107334211884123,23.491657257080078,23.107334211884123,23.491657257080078,18100.0
2024-07-15,23.53969948829483,24.500503549041557,23.357146203628226,24.42363929748535,25400.0
2024-07-16,24.750314611173657,25.384445190429688,24.750314611173657,25.384445190429688,20700.0
2024-07-17,25.2114963381058,25.221104597863185,24.971295341935676,25.115415573120117,18400.0
2024-07-18,24.37559884402375,25.125024808313288,24.37559884402375,24.471677780151367,8700.0
2024-07-19,24.481289048522054,24.50050557114418,23.693429946899414,23.693429946899414,12400.0
2024-07-22,23.76068401070981,24.048926328829694,23.73186106170964,24.02010154724121,13600.0
2024-07-23,24.59658429065586,25.22110656283702,24.59658429065586,25.173067092895508,14400.0
2024-07-24,24.990513724890896,25.826412227643093,24.98090546441706,25.422874450683594,22300.0
2024-07-25,25.096201887314344,25.74954708358583,25.096201887314344,25.336402893066406,17700.0
2024-07-26,25.72072688824395,26.095439910888672,25.384445077686365,26.095439910888672,7500.0
2024-07-29,26.229949052990513,26.229949052990513,25.557387337517152,25.624643325805664,11800.0
2024-07-30,25.864844296239628,27.229186078182433,25.78798004792968,27.085065841674805,11600.0
2024-07-31,26.90251253039985,27.661548585007054,26.75839229407607,27.046632766723633,15000.0
2024-08-01,27.373304274234126,27.373304274234126,25.442088117741214,25.58620834350586,15700.0
2024-08-02,24.980902680567844,25.84562586837757,24.980902680567844,25.528560638427734,24400.0
2024-08-05,24.961688105936467,25.038552354559826,24.029708862304688,24.029708862304688,13500.0
2024-08-06,23.95284640117022,24.942473446973697,23.856765625073898,24.894433975219727,11000.0
2024-08-07,25.08659268631351,25.134632152626928,24.884822896103167,25.019336700439453,17300.0
2024-08-08,25.34600737494507,25.576601935443225,25.336400948130073,25.528560638427734,6500.0
2024-08-09,25.346008351866608,25.346008351866608,25.000120162963867,25.000120162963867,3800.0
2024-08-12,25.029167887142037,25.096944834451484,24.767740935991334,24.83551788330078,4900.0
2024-08-13,24.758058133529122,24.874248504638672,24.593456185080846,24.874248504638672,7300.0
2024-08-14,25.174403173638456,25.271228170586014,24.883930029578988,24.922658920288086,5200.0
2024-08-15,25.4551967956487,25.75535263959349,25.22281605225169,25.339006423950195,9200.0
2024-08-16,25.329326044720037,26.67518796932743,25.27123177697431,25.968368530273438,6800.0
2024-08-19,25.4648787155883,26.404078873600866,24.971074693544985,26.297571182250977,4900.0
2024-08-20,26.42344159698602,26.42344159698602,25.52297227032471,25.726303100585938,25200.0
2024-08-21,26.278203923622243,26.278203923622243,26.036142349243164,26.036142349243164,4800.0
2024-08-22,25.658526351663955,26.70423225740761,25.658526351663955,26.433122634887695,12000.0
2024-08-23,26.452488693612025,28.301838983979756,26.452488693612025,28.030731201171875,27600.0
2024-08-26,28.030731954714344,28.030731954714344,26.17169892972999,26.326618194580078,38400.0
2024-08-27,26.54931436074387,27.333593368530273,26.384712411279235,27.333593368530273,11600.0
2024-08-28,27.033436520227745,28.001682811286358,26.907565314974754,27.86612892150879,16000.0
2024-08-29,28.030734560085776,28.87310791015625,27.69184794418399,28.87310791015625,16800.0
2024-08-30,28.7375515726893,29.686432539557657,28.7375515726893,29.512147903442383,20800.0
2024-09-03,29.182943624863434,29.182943624863434,28.117874145507812,28.117874145507812,11000.0
2024-09-04,28.33088737384628,28.98929516295833,28.07914311055148,28.19533348083496,12700.0
2024-09-05,28.224379192764708,28.224379192764708,27.808032989501953,27.808032989501953,6900.0
2024-09-06,28.127555309513006,28.785963113184014,27.778987884521484,27.778987884521484,21300.0
2024-09-09,27.817715250313064,28.611676906401144,27.31422674023367,28.185649871826172,17200.0
2024-09-10,28.117876354666866,29.037709326996257,27.895178279014736,29.0086612701416,16900.0
2024-09-11,28.756915889118712,29.502464137610982,28.418029314285903,29.29913330078125,23000.0
2024-09-12,29.52183100174573,29.899446487426758,29.23135783534238,29.899446487426758,16600.0
2024-09-13,30.01563744224981,30.102779763211913,29.49278351647717,29.502466201782227,30900.0
2024-09-16,29.628338305328846,29.705797938479662,29.250720977783203,29.250720977783203,6600.0
2024-09-17,29.63802171966755,29.8123063602416,29.04739084811846,29.076438903808594,22900.0
2024-09-18,29.08612001439599,30.08341253091602,28.92151806796308,29.241039276123047,13700.0
2024-09-19,30.005954756944753,30.005954756944753,29.2410410856793,29.502466201782227,18900.0
2024-09-20,29.512146983386295,29.792939298770026,28.756916046142578,28.756916046142578,64000.0
2024-09-23,28.640725971694724,28.805327919391146,28.5632663402366,28.67945671081543,10700.0
2024-09-24,28.78596552402207,28.892473220825195,28.388984640934865,28.892473220825195,11500.0
2024-09-25,28.882787056298636,29.15389668515159,28.58263122038579,29.057071685791016,16700.0
2024-09-26,29.32818127395152,29.32818127395152,28.58263118072778,28.81501007080078,7000.0
2024-09-27,29.279770177227835,29.279770177227835,28.776281618675817,28.960248947143555,4700.0
2024-09-30,29.028023868429333,29.366910445560507,28.93119886827996,28.998977661132812,9400.0
2024-10-01,28.66009160430528,28.824693553512464,28.263110758590884,28.359935760498047,26300.0
2024-10-02,28.543902601701692,28.727869929470536,27.575656229756994,27.749940872192383,9000.0
2024-10-03,27.50787951816721,27.972637337510005,27.50787951816721,27.69184684753418,5700.0
2024-10-04,28.13723690103685,28.563265789229757,28.13723690103685,28.311521530151367,8500.0
2024-10-07,28.32120196117564,28.437392320267595,28.079140405951915,28.408344268798828,9100.0
2024-10-08,28.272793683537767,28.960247694027846,28.117874417884135,28.78596305847168,10600.0
2024-10-09,28.52453540287473,29.18294318908459,28.52453540287473,28.979612350463867,10700.0
2024-10-10,28.621360957637805,28.766597537577844,28.56326669501845,28.582632064819336,10500.0
2024-10-11,29.057073261379834,29.395959854125977,29.047390576240417,29.395959854125977,8000.0
2024-10-14,29.047389498545694,29.270085708139888,28.660091341255075,28.67945671081543,25800.0
2024-10-15,28.563267319704348,29.35722903107181,28.563267319704348,28.669775009155273,14000.0
2024-10-16,29.13453482498976,29.328184847034805,28.74723662768315,28.892473220825195,16200.0
2024-10-17,29.144215733078866,29.144215733078866,28.892471458489187,29.095802307128906,11100.0
2024-10-18,29.231356971274902,29.279768548649983,28.882787704467773,28.882787704467773,12500.0
2024-10-21,28.514857297147348,28.514857297147348,27.03343963623047,27.03343963623047,9400.0
2024-10-22,27.285180168460723,27.517559051513672,26.96565897341502,27.517559051513672,8500.0
2024-10-23,27.314228592067273,27.68216323852539,27.178674694310782,27.68216323852539,7000.0
2024-10-24,27.595020444705224,27.798351287841797,27.478830072353386,27.798351287841797,6000.0
2024-10-25,27.314230573740723,27.90486147987344,27.159311294555664,27.159311294555664,5000.0
2024-10-28,28.127554058794022,28.27279248009759,27.469148131182997,28.108190536499023,7000.0
2024-10-29,28.175969125875152,28.601998036543844,27.924224853515625,27.924224853515625,7600.0
2024-10-30,27.92422551462777,28.02105052117892,27.5950216004239,27.749940872192383,21100.0
2024-10-31,27.856450102771998,28.26311367532281,27.59502312467858,27.604705810546875,16100.0
2024-11-01,27.440102567027647,27.69184684753418,27.440102567027647,27.69184684753418,18200.0
2024-11-04,27.90485948744869,27.90485948744869,27.207722780891928,27.42073631286621,10700.0
2024-11-05,27.49819446989709,27.808032989501953,27.488511785311534,27.808032989501953,17300.0
2024-11-06,28.902153173600855,31.36149787902832,28.902153173600855,31.36149787902832,38800.0
2024-11-07,31.17753207337388,31.17753207337388,29.84135112483264,29.947858810424805,18100.0
2024-11-08,30.103786979129296,30.142769791165506,29.94785944859003,29.977096557617188,13900.0
2024-11-11,30.396150499969742,31.136807150869085,30.152513517126646,30.990623474121094,32000.0
2024-11-12,31.331718159984746,31.780009325910417,31.205025885229958,31.770261764526367,20900.0
2024-11-13,31.828736017737217,31.955428292642157,31.565607624137147,31.682552337646484,21200.0
2024-11-14,31.526626043158533,31.965173382926643,31.48764694887236,31.828737258911133,18700.0
2024-11-15,32.06263019315368,32.32575487760762,31.185535519622093,31.42917251586914,24800.0
2024-11-18,31.4876464603211,31.79950151540522,30.698261260986328,30.698261260986328,18000.0
2024-11-19,30.542332791034617,31.49738933246134,30.22073204305204,31.282987594604492,25600.0
2024-11-20,30.941897078437698,31.28298737021298,30.941897078437698,30.971134185791016,42200.0
2024-11-21,31.458410590133116,32.07237691672736,31.341465862364743,31.594846725463867,22300.0
2024-11-22,31.965175023821846,32.549906079397665,31.935939772205067,32.35499572753906,11800.0
2024-11-25,32.54990455132418,33.904525670859144,32.54990455132418,33.660888671875,14900.0
2024-11-26,33.41724843054989,33.44648367795762,32.97870113140779,33.27106475830078,24500.0
2024-11-27,34.3528169375747,34.3528169375747,32.64735794067383,32.64735794067383,9500.0
2024-11-29,31.81899279827844,32.53041237229449,31.68255295930076,32.30626678466797,6000.0
2024-12-02,32.16982778372513,32.51092181364671,32.11135728310273,32.228302001953125,15400.0
2024-12-03,31.770260720309658,31.867717742919922,31.672807415304682,31.867717742919922,8500.0
2024-12-04,31.770259554703188,32.16008019563169,31.672806253273635,32.052879333496094,8000.0
2024-12-05,32.05288458707147,32.306269160487126,32.05288458707147,32.1795768737793,10300.0
2024-12-06,32.66685304805993,32.66685304805993,31.69230493940995,32.16008758544922,16700.0
2024-12-09,31.974919238781812,32.16008200898043,31.780008907327524,31.80924415588379,12700.0
2024-12-10,31.867715656929253,32.54015233970005,31.672805342072415,31.799497604370117,18900.0
2024-12-11,32.03339325303093,32.52066727636468,32.03339325303093,32.423213958740234,21200.0
2024-12-12,32.10160506067343,32.10160506067343,31.770258640698312,31.799497604370117,7300.0
2024-12-13,31.47789770769311,31.916445024063915,31.47789770769311,31.80924415588379,10800.0
2024-12-16,31.604590381567892,32.423210809972815,31.604590381567892,32.27702713012695,9500.0
2024-12-17,31.90670215887802,32.013899312740136,31.643573760986328,31.643573760986328,11700.0
2024-12-18,31.45840576758428,32.03338919090927,29.655493596917193,29.752948760986328,16000.0
2024-12-19,30.035567722343746,31.624081932390595,29.801676435836786,29.830913543701172,12000.0
2024-12-20,29.5288031176201,31.594843798988222,29.5288031176201,31.185535430908203,43100.0
2024-12-23,30.893173318878592,31.185536984587962,30.23048036054764,30.29869842529297,18500.0
2024-12-24,30.980879317205993,31.312225759225505,30.44487684509083,30.766477584838867,19600.0
2024-12-26,30.68851497646188,31.068588085290997,30.55207885714942,31.000370025634766,7200.0
2024-12-27,30.698262834826046,30.83469896371947,30.503352486004424,30.561826705932617,14900.0
2024-12-30,30.50335231919668,30.873681608172046,30.21098865636589,30.493608474731445,7900.0
2024-12-31,31.04909625622013,31.04909625622013,30.210984479080427,30.357166290283203,11400.0
2025-01-02,30.8152077589102,30.8152077589102,29.441093405330896,29.5288028717041,20300.0
2025-01-03,29.431350918822776,29.655496517091535,29.314404338663564,29.4118595123291,12900.0
2025-01-06,29.294911127496132,29.577530927835497,28.661455325897574,28.729673385620117,17000.0
2025-01-07,28.749163890156392,28.749163890156392,27.78436166401763,27.969526290893555,17600.0
2025-01-08,27.87207171523108,28.144943951337623,27.7746165485633,27.998762130737305,14700.0
2025-01-10,27.608944098022565,27.608944098022565,26.741596993813204,27.258106231689453,14500.0
2025-01-13,26.83905229103471,27.76487175777444,26.83905229103471,27.414033889770508,12100.0
2025-01-14,27.49199775867123,28.49578285217285,27.49199775867123,28.49578285217285,10100.0
2025-01-15,28.7491660212111,29.723714021930117,28.7491660212111,29.626258850097656,11900.0
2025-01-16,29.343641158590895,29.392367815541,28.680948214773736,28.768657684326172,22000.0
2025-01-17,29.0415287939789,30.103786231135302,28.602983322284874,29.285165786743164,17200.0
2025-01-21,30.02582303245833,30.02582303245833,29.07076644897461,29.07076644897461,7300.0
2025-01-22,29.226694019784293,29.31440348765676,28.602983900515888,28.983057022094727,11700.0
2025-01-23,28.75891074923892,29.967350006103516,28.749165046505812,29.967350006103516,23700.0
2025-01-24,29.674987321966668,29.967350978233192,29.255931384862603,29.294912338256836,9600.0
2025-01-27,29.236440650556936,30.21098867224217,29.20720354073736,29.65549659729004,17500.0
2025-01-28,29.782184773073595,30.162259736813354,29.713966714115937,29.85040283203125,10400.0
2025-01-29,30.094040607908042,30.474115581610707,29.908877831255786,30.45462417602539,11800.0
2025-01-30,30.405898783833383,31.08808127843049,30.405898783833383,30.844444274902344,15500.0
2025-01-31,31.08807786134219,31.185533023802094,30.22073081893453,30.386404037475586,20800.0
2025-02-03,29.723713234416454,30.366914749145508,28.992802253242278,30.366914749145508,13700.0
2025-02-04,29.67498560609785,30.90291437845811,29.67498560609785,30.708005905151367,14800.0
2025-02-05,30.659280099504187,30.805463790893555,30.522843970263814,30.805463790893555,18400.0
2025-02-06,30.65927892539803,31.828737258911133,30.65927892539803,31.828737258911133,12100.0
2025-02-07,31.828738695962965,32.03339289122626,30.61055365138752,30.785972595214844,31700.0
2025-02-10,32.277025228447044,32.277025228447044,30.669021574106377,30.756731033325195,9400.0
2025-02-11,30.697888476780722,30.95288714210662,30.4036602548356,30.8646183013916,20400.0
2025-02-12,30.639043041069403,30.639043041069403,30.30558339364836,30.39385223388672,9600.0
2025-02-13,30.266354348770953,30.766543828356195,30.17808550704077,30.580198287963867,6300.0
2025-02-14,30.864616697321008,31.080385794813907,30.688080895723157,30.71750259399414,7200.0
2025-02-18,30.64885077556848,31.139232387977575,30.64885077556848,30.943078994750977,7700.0
2025-02-19,30.84500361230009,31.031347274780273,30.74692691745626,31.031347274780273,8900.0
2025-02-20,30.903850335326744,31.05096444918723,30.550774965535616,30.6390438079834,10100.0
2025-02-21,31.001925229241483,31.041154784346084,30.021162033081055,30.021162033081055,11400.0
2025-02-24,30.55077403066291,30.55077403066291,29.923086166381836,29.923086166381836,10700.0
2025-02-25,30.148661139672587,30.6096191793508,30.011354887567883,30.472312927246094,12200.0
2025-02-26,30.374235657814534,30.766542434692383,30.374235657814534,30.766542434692383,7800.0
2025-02-27,30.403661457368113,30.57039128857353,30.335008327576027,30.413469314575195,9600.0
2025-02-28,30.53115836275638,31.080387115478516,30.413467823356918,31.080387115478516,9100.0
2025-03-03,30.972501571105163,31.296153350083728,30.50173568725586,30.50173568725586,7000.0
2025-03-04,30.403662007344057,30.403662007344057,29.305206298828125,29.305206298828125,83400.0
2025-03-05,29.96231635368345,29.96231635368345,29.354244190017347,29.49155044555664,8000.0
2025-03-06,30.070201460594,30.070201460594,29.246360170934647,29.471935272216797,10600.0
2025-03-07,28.94232194559519,29.609241213736656,28.903090520101067,29.481740951538086,15800.0
2025-03-10,28.952132447930968,28.952132447930968,28.638288497924805,28.638288497924805,8900.0
2025-03-11,28.52059254399037,28.95212885705499,28.4127079980599,28.491168975830078,11000.0
2025-03-12,28.442131276811935,28.775590896606445,27.951749703073798,28.775590896606445,12000.0
2025-03-13,28.716749246476834,28.736363090195887,28.442134857177734,28.442134857177734,4400.0
2025-03-14,28.618671108163422,28.981552452619876,28.55001798195044,28.765785217285156,12300.0
2025-03-17,28.589247231589052,30.148660887008216,28.11848133918333,29.050207138061523,8100.0
2025-03-18,28.844244811957317,29.020782482669823,28.461747772518425,28.814821243286133,11800.0
2025-03-19,28.70694142439262,29.462129592895508,28.70694142439262,29.462129592895508,4500.0
2025-03-20,29.41308948194201,29.648472436174053,29.393473768091646,29.422897338867188,5400.0
2025-03-21,29.334626042979107,29.648469955698086,29.236549352590107,29.51116371154785,30000.0
2025-03-24,29.658280141580118,30.25654631635769,29.14828280802079,30.0407772064209,6900.0
2025-03-25,30.011355616872297,30.089816601504143,29.560203552246094,29.560203552246094,33600.0
2025-03-26,29.570008409760717,29.97212114904332,29.550392697928093,29.6680850982666,23200.0
2025-03-27,29.60924354145465,30.08000946044922,29.60924354145465,30.08000946044922,7500.0
2025-03-28,30.13885429102526,30.13885429102526,29.364052294532296,29.550395965576172,9900.0
2025-03-31,29.52097291715931,30.246737466163502,29.45231979194582,29.59943389892578,12000.0
2025-04-01,29.422896259816866,29.491549385117928,29.285590009214744,29.324819564819336,5700.0
2025-04-02,30.109433455261495,30.109433455261495,28.863863640248706,29.52097511291504,11900.0
2025-04-03,28.040022190199846,29.42289825870645,27.951753345771127,27.96156120300293,20200.0
2025-04-04,26.029457304913645,27.55944743655221,26.029457304913645,27.451562881469727,11200.0
2025-04-07,27.45156096265488,28.41270842235705,25.882339513160293,27.657522201538086,11800.0
2025-04-08,27.77521277446538,28.049827136484485,27.04944825054771,27.17694664001465,27200.0
2025-04-09,27.01021984153133,30.207506276550642,26.28445341618524,29.726932525634766,28700.0
2025-04-10,29.275783629379436,29.275783629379436,27.61829319935183,27.706562042236328,11400.0
2025-04-11,27.834059879054625,28.010597561248673,27.794830322265625,27.794830322265625,5600.0
2025-04-14,28.40290248242577,28.40290248242577,27.43194710101592,27.794830322265625,19200.0
2025-04-15,27.951750564858457,28.442132153715622,27.951750564858457,28.265594482421875,6400.0
2025-04-16,27.88309716542112,28.55982427512215,27.88309716542112,28.48136329650879,11300.0
2025-04-17,28.481367549050102,29.422899432990153,28.481367549050102,28.736364364624023,7700.0
2025-04-21,27.637906913410276,29.226742229037715,27.637906913410276,28.393095016479492,9900.0
2025-04-22,29.207127890121978,29.638662338256836,29.207127890121978,29.638662338256836,5600.0
2025-04-23,30.178085942096825,30.178085942096825,29.815202713012695,29.815202713012695,8900.0
2025-04-24,31.511921477406734,31.511921477406734,31.02153802520824,31.286344528198242,19400.0
2025-04-25,31.070578857008254,31.57076644897461,30.89404117953431,31.57076644897461,15000.0
2025-04-28,31.57076528100158,32.335763102192196,31.57076528100158,32.296531677246094,8600.0
2025-04-29,33.23806217859821,33.29690931380522,32.531911521371974,33.02229309082031,12700.0
2025-04-30,32.463259470053885,33.33614183512237,32.39460634737535,33.2576789855957,18500.0
2025-05-01,33.2576807034367,33.48325579550548,32.34557060780674,32.855567932128906,25400.0
2025-05-02,33.71864316375182,33.83633371170257,33.10076123970904,33.787296295166016,10900.0
2025-05-05,34.03248446634846,34.26786554390212,32.90460526734998,33.13018035888672,13400.0
2025-05-06,33.33614520382883,33.33614520382883,32.56134132237268,32.796722412109375,17700.0
2025-05-07,33.09095647529451,33.41460642944334,32.79672448257624,33.33614730834961,26500.0
2025-05-08,33.97364152676257,34.32671692806164,33.64999156978191,33.934410095214844,13600.0
2025-05-09,34.22048196980985,34.42764255525649,33.52009246763007,33.70751953125,10100.0
2025-05-12,34.52628707885742,35.226676570749675,34.210618469467484,34.52628707885742,21500.0
2025-05-13,34.72357994740475,34.72357994740475,34.3388590754622,34.39804458618164,10900.0
2025-05-14,34.901144249899325,35.1181640625,34.70385043229878,35.1181640625,16400.0
2025-05-15,35.04911273227561,35.51275265163102,34.92087494599717,35.24640655517578,6900.0
2025-05-16,35.27600145411653,35.512754808589904,34.77290575007761,34.97019958496094,19000.0
2025-05-19,34.87154669641084,35.295727074590644,34.674256647731696,35.0096549987793,9500.0
2025-05-20,35.13789200941254,35.36477857088518,34.82222342274918,35.108299255371094,8800.0
2025-05-21,34.82222599419875,35.068842330932554,33.677926342276606,33.76670837402344,16100.0
2025-05-22,34.30926129254049,34.30926129254049,33.30306625366211,33.30306625366211,11000.0
2025-05-23,32.809833905388494,33.539819876087876,32.809833905388494,33.01699447631836,15000.0
2025-05-27,34.05278362777136,34.92087417143751,33.55955096299437,34.85182189941406,19700.0
2025-05-28,34.86168265522263,34.94059791971777,34.328990508381615,34.388179779052734,15400.0
2025-05-29,34.72357768715405,34.87154521738759,34.378312590476504,34.6939811706543,7000.0
2025-05-30,34.64466213087399,34.911008227653376,34.2303484890394,34.240211486816406,8300.0
2025-06-02,34.04291586423146,34.62493054204443,33.81602929668627,34.2303466796875,11900.0
2025-06-03,34.615070053517734,35.08857298050309,34.615070053517734,34.6545295715332,11200.0
2025-06-04,34.79263149410496,34.79263149410496,34.40791063017378,34.4966926574707,10500.0
2025-06-05,34.378317573022066,34.62493392222041,34.1711607428315,34.53615188598633,9600.0
2025-06-06,35.068841118770635,35.30559444960098,34.55587870452699,35.17735290527344,14500.0
2025-06-09,35.404240633914846,35.404240633914846,34.358589776460676,34.52628707885742,10200.0
2025-06-10,35.11816483534607,35.26613614256953,34.71371419374416,35.0195198059082,13000.0
2025-06-11,34.81236222013241,35.25627236896699,34.64466115809864,35.1181640625,18900.0
2025-06-12,35.1082990167347,35.48315687199936,34.54601411537088,35.39437484741211,10000.0
2025-06-13,35.147760829217255,35.3845104015557,34.23034776950593,34.33885955810547,11800.0
2025-06-16,34.871546086795064,34.871546086795064,33.39184816917039,34.3289909362793,8900.0
2025-06-17,33.766705940963945,34.40790987549654,33.766705940963945,33.835758209228516,12200.0
2025-06-18,34.31913008796142,34.46709763114828,34.06264699219758,34.299400329589844,4700.0
2025-06-20,34.64466051937158,34.82222457563174,34.289532406851244,34.70384979248047,14600.0
2025-06-23,34.39804498788862,34.960329924689056,34.39804498788862,34.85182189941406,16700.0
2025-06-24,35.01951983258441,35.266136169433594,35.01951983258441,35.266136169433594,18300.0
2025-06-25,35.216811280918606,35.216811280918606,34.82222366333008,34.82222366333008,8900.0
2025-06-26,35.17735643941181,35.51275482999555,35.01952212402339,35.46343231201172,20900.0
2025-06-27,35.80869170060684,36.37097665295918,35.41410781571165,35.71990966796875,105700.0
2025-06-30,39.665768346528004,39.665768346528004,35.54234313964844,35.54234313964844,11300.0
2025-07-01,35.34505542378774,36.805023695466275,35.34505542378774,35.98625564575195,21300.0
2025-07-02,36.282197616842595,36.57814025878906,36.015851496930985,36.57814025878906,19300.0
2025-07-03,37.2094716041058,37.53500319004656,37.189741846917514,37.34757614135742,33000.0
2025-07-07,37.959182496494336,37.959182496494336,37.22920031634873,37.485679626464844,26700.0
2025-07-08,37.39690354415107,37.73230193408786,37.209476470947266,37.209476470947266,25000.0
2025-07-09,37.49554459138833,37.53500410672859,36.972719183862615,37.22920227050781,24600.0
2025-07-10,37.47581782504517,37.48568082214387,37.16014547189021,37.32784652709961,15600.0
2025-07-11,37.09109519547885,37.41663056321979,36.99245016692703,37.31798553466797,23200.0
2025-07-14,37.48568468691574,37.89999834297274,37.43636217020421,37.821083068847656,25600.0
2025-07-15,37.78162221725086,38.04796831377613,36.41043598048745,36.74583435058594,23800.0
2025-07-16,36.81488440981929,37.495544106843575,36.00598317112964,37.288387298583984,28300.0
2025-07-17,37.23906331313284,37.89013022980668,37.23906331313284,37.485679626464844,30300.0
2025-07-18,37.86053839423663,38.876596425615446,37.209471461779046,37.367305755615234,28300.0
2025-07-21,37.50541471917771,37.78162382522596,37.288391128387325,37.53500747680664,30400.0
2025-07-22,37.485681436333444,37.84080954676829,37.38703641146442,37.49554443359375,45700.0
2025-07-23,37.860544382229804,37.860544382229804,37.09109878540039,37.09109878540039,18800.0
2025-07-24,37.13055190910033,37.475817009100524,36.311787697343064,36.42029571533203,14100.0
2025-07-25,36.59786198880351,37.05163889744714,35.73963821120052,36.88393783569336,27600.0
2025-07-28,37.68297509374457,40.57331871467246,37.68297509374457,39.28104782104492,37900.0
2025-07-29,39.685497776921544,40.11954114557174,38.856866790904704,38.86673355102539,26100.0
2025-07-30,40.18859834251645,40.18859834251645,37.93945487921715,38.215667724609375,29800.0
2025-07-31,37.978913377311024,39.44874830402631,37.73229705667914,39.35996627807617,67800.0
2025-08-01,39.06402785144981,39.07389461264518,38.442557366547156,38.56093215942383,39300.0
2025-08-04,39.21199664004754,40.14913945072488,38.945650550924505,39.38956069946289,65800.0
2025-08-05,39.379690640492456,39.45860966609645,38.659571465654146,39.064022064208984,30400.0
2025-08-06,38.9752455598249,39.32051070112362,38.61025442239875,39.093624114990234,17900.0
2025-08-07,39.142945638585395,39.142945638585395,38.363637103981226,38.47214889526367,25000.0
2025-08-08,38.52147254737726,39.4191558975714,38.47215003072047,39.32051086425781,26800.0
2025-08-11,39.548538827029766,39.91537054794981,39.171790588708966,39.43947982788086,16300.0
2025-08-12,39.87571663310049,40.599467354259716,39.65759863037954,40.391265869140625,49300.0
2025-08-13,40.61929621117487,41.105099671713695,40.36151970464777,40.81758117675781,22700.0
2025-08-14,40.708526483974325,40.728355737197234,40.13348948663993,40.549896240234375,15700.0
2025-08-15,40.79775567840342,40.79775567840342,39.766657217074886,39.91537094116211,26100.0
2025-08-18,39.9153733825202,40.56972364183878,39.905460646458735,39.97486114501953,23700.0
2025-08-19,40.192978114684905,40.72835661714042,39.836059113047895,39.85588836669922,24200.0
2025-08-20,39.707167938642996,40.15331665791737,39.65759669917765,40.0640869140625,15800.0
2025-08-21,40.05417574619042,40.13348897602963,39.191620261162946,39.667510986328125,13700.0
2025-08-22,39.845970407689414,41.41244735109645,39.756740660507454,41.31330108642578,59700.0
2025-08-25,41.392618551955536,41.640478543284615,41.17450054933209,41.54133605957031,22200.0
2025-08-26,41.68013407920865,42.274996503187594,41.16458488014013,42.24525451660156,85600.0
2025-08-27,42.235338592206055,43.008664292678894,42.116366862149896,42.384056091308594,26900.0
2025-08-28,42.33448749595728,42.5327762464622,41.73962124444253,42.1064567565918,22400.0
2025-08-29,42.35431922392622,42.35431922392622,41.69005243822891,41.91808319091797,17200.0
2025-09-02,41.61073560771856,41.937908822165525,41.194328865098605,41.580989837646484,23200.0
2025-09-03,41.541337264582026,41.83876850639599,41.243902240724616,41.57107925415039,34500.0
2025-09-04,41.5611593083651,42.29482650756836,41.5611593083651,42.29482650756836,39600.0
2025-09-05,42.810377528998856,42.93926578202925,41.759449815911125,42.71123504638672,30500.0
2025-09-08,42.89960836628912,43.60352984403516,42.74097812085278,43.48455810546875,106500.0
2025-09-09,43.46472988847789,43.732419143168066,43.12764013613213,43.60353088378906,47400.0
2025-09-10,43.62336049953831,44.34711125398088,43.534130747234784,44.07942199707031,56100.0
2025-09-11,44.0496766217774,44.63462633480426,44.0496766217774,44.30744934082031,56900.0
2025-09-12,44.4264261183267,46.23084654902277,44.307450599655986,45.23940658569336,63500.0
2025-09-15,45.25923713060193,45.695469365382294,44.02984987688502,44.77342987060547,50800.0
2025-09-16,44.624713417900516,45.21957969621793,43.6531026568966,43.99019241333008,37800.0
2025-09-17,44.14881968785516,45.60623762212023,44.010018700219106,44.694114685058594,49400.0
2025-09-18,44.79325809797399,45.65580981195465,44.46608109285248,45.55666732788086,37200.0
2025-09-19,45.66572699535564,45.66572699535564,44.614799251452474,45.19974899291992,77500.0
2025-09-22,45.090689533799896,45.70538125830049,44.347109553792556,45.21957778930664,73700.0
2025-09-23,45.55666853286078,46.11187250962857,45.308808534077045,45.58641052246094,50800.0
2025-09-24,45.60623765604571,46.4489600999162,45.209660163610614,45.5963249206543,47100.0
2025-09-25,45.26914660702975,45.715295327547885,44.89239837836519,44.912227630615234,27900.0
2025-09-26,44.97171578905565,45.626065990979235,44.97171578905565,45.388118743896484,29600.0
2025-09-29,45.933415221923916,45.933415221923916,44.7139407413397,44.832916259765625,27800.0
2025-09-30,44.67428350533849,44.85274299089981,43.593613857014034,43.8712158203125,68600.0
2025-10-01,43.72250007298687,44.247965815762136,42.75088938048086,43.137550354003906,47100.0
2025-10-02,43.02849320202489,43.12763567927495,42.38405575377021,42.81037521362305,21900.0
2025-10-03,42.64183131675286,43.25652681936668,42.64183131675286,43.097896575927734,17900.0
2025-10-06,43.21686664005278,44.18847731626026,42.830205673015875,42.840118408203125,24700.0
2025-10-07,42.9392637569643,43.405237941717395,42.68148726306054,42.87977600097656,24500.0
2025-10-08,43.14746848241747,43.61344648434022,42.62200650206604,42.7409782409668,17400.0
2025-10-09,42.631919737487564,42.83020849267526,42.05688272564758,42.473289489746094,20800.0
2025-10-10,42.43363227135252,42.859951784241645,41.28356199477905,41.352962493896484,25400.0
2025-10-13,41.81893585001367,41.987478819911935,41.035697410732865,41.79910659790039,20200.0
2025-10-14,41.56115955037446,43.2069534451424,41.4421878191774,42.859947204589844,23700.0
2025-10-15,42.820292897799405,43.07806941971291,42.245259655607796,42.433631896972656,17900.0
2025-10-16,41.47193699215944,42.076712214904305,40.10374873395337,40.33177947998047,28600.0
2025-10-17,40.440836946721205,40.86715643282924,40.19297695628831,40.48049545288086,15700.0
2025-10-20,40.639127378837664,42.08662887523404,40.53998110933166,42.04697036743164,19900.0
2025-10-21,42.76080615770367,42.83020665172985,41.660307206655304,42.30474090576172,19900.0
2025-10-22,42.54268684231371,43.7324155034605,42.54268684231371,43.26643753051758,20200.0
2025-10-23,45.42777908031972,47.618860504278636,43.19703914990752,43.50438690185547,31600.0
2025-10-24,43.91087747995964,45.10060620852282,43.72250146386075,44.2281379699707,17500.0
2025-10-27,44.90231546498216,45.29888916888313,43.90095901489258,43.90095901489258,25200.0
2025-10-28,43.96044742455477,44.119077664877096,43.54404067993164,43.54404067993164,15700.0
2025-10-29,43.58369868387194,44.099247904496295,42.32456951116224,42.661659240722656,26600.0
2025-10-30,43.167294023400494,43.167294023400494,42.671574074896704,42.89960479736328,9600.0
2025-10-31,42.65175055429453,42.97892379760742,42.13620128473025,42.97892379760742,20300.0
2025-11-03,42.64183168255851,43.36558619287851,42.24525796158079,42.67157745361328,46000.0
2025-11-04,42.384059572721924,42.959096582305776,42.30474255814067,42.56251907348633,16400.0
2025-11-05,42.631917166870096,43.57378586068633,42.44354494092413,43.40523910522461,24400.0
2025-11-06,43.03841035452845,43.53413035574718,42.671578612598765,42.949180603027344,29900.0
2025-11-07,42.90951958930535,43.39532682622748,42.681488855907034,43.38541030883789,21100.0
2025-11-10,43.91328917105572,44.451125784213346,43.14637484475499,44.33160400390625,18900.0
2025-11-11,44.471043762903285,45.81563142630337,44.471043762903285,44.909278869628906,19400.0
2025-11-12,45.08855778496777,45.41723316555095,44.819639492086296,44.92919921875,34200.0
2025-11-13,45.31763458251953,45.59651111798607,44.84951714135113,45.31763458251953,15700.0
2025-11-14,44.86944041230274,45.16823726289071,43.89336867403103,44.99892044067383,21400.0
2025-11-17,44.91923722574418,45.297715245748975,43.29577301774412,43.47505187988281,17500.0
2025-11-18,43.355530657955406,44.222046435802895,43.26589122574387,43.69416809082031,18100.0
2025-11-19,43.654330450762444,44.72999981700988,43.475051589819884,44.10252380371094,16700.0
2025-11-20,44.68020388347016,45.08856047119472,43.514891211558336,43.72405242919922,15700.0
2025-11-21,43.72404915950737,45.06863680406438,43.72404915950737,44.67023849487305,29400.0
2025-11-24,48.395251303775815,48.395251303775815,44.23200445085175,44.3415641784668,36900.0
2025-11-25,44.44116109660661,45.92519081897488,44.44116109660661,45.5168342590332,73600.0
2025-11-26,45.785753269114096,45.99491067640332,45.19811783953392,45.795711517333984,23300.0
2025-11-28,45.716033935546875,46.18414758801524,45.37739650641661,45.716033935546875,12900.0
2025-12-01,45.43715445907419,48.753809678039595,45.43715445907419,46.05467224121094,24300.0
2025-12-02,46.16422622434964,46.77178193309435,45.994909413405225,46.044708251953125,39300.0
2025-12-03,46.81162516276042,47.43910120218061,46.61242599793089,47.06062316894531,56500.0
2025-12-04,47.319580339683526,47.69805838024566,47.1004646735965,47.41918182373047,22200.0
2025-12-05,47.79765723809914,47.79765723809914,47.02078090285015,47.15026092529297,21500.0
2025-12-08,47.46897695519754,47.84745496617244,47.3096183925883,47.45901870727539,33800.0
2025-12-09,47.3693816079102,48.305612734356195,47.3693816079102,47.62833786010742,36700.0
2025-12-10,47.698056141945735,48.57453016338842,47.319578119144225,48.03669357299805,139700.0
2025-12-11,48.02673654441883,48.833487651084134,48.02673654441883,48.5147705078125,136900.0
2025-12-12,48.7737290384913,49.321523873922644,48.48489044910475,48.66416931152344,75000.0
2025-12-15,49.14224503631433,49.670119576253676,49.14224503631433,49.411163330078125,70700.0
2025-12-16,49.550601852725826,50.18803612292597,49.38128503694489,49.51076126098633,64500.0
2025-12-17,49.74979960149794,49.988835546341825,49.54064219990759,49.70000076293945,106300.0
2025-12-18,49.799598611373035,51.33342716046121,49.52072207495986,51.23382568359375,137300.0
2025-12-19,51.22386814424637,51.22386814424637,48.27573277752621,48.56456756591797,86100.0
2025-12-22,48.74384544602245,49.08248286642326,47.887295546804225,48.186092376708984,63100.0
2025-12-23,47.87733662586128,48.48489237267206,47.69805775632997,47.9271354675293,31700.0
2025-12-24,48.03669232856519,48.116373509999384,47.18013862518689,47.558616638183594,16800.0
2025-12-26,47.259819657612745,47.88729566150112,46.34350507104791,46.77178192138672,37200.0
2025-12-29,46.990904601104496,47.717978332053875,46.33355000877984,46.53274917602539,44600.0
2025-12-30,46.672185253327484,46.672185253327484,45.86543037374396,46.423187255859375,33800.0
2025-12-31,46.243908259020124,46.91122106657496,45.018838570974644,45.6363525390625,31800.0
2026-01-02,45.78575475437395,45.78575475437395,44.670240947162306,44.87940216064453,31200.0
2026-01-05,45.0387592930627,47.518777236432676,44.89932102147183,46.54270553588867,40300.0
2026-01-06,46.26382779566375,47.807614590259305,45.8156306489985,46.811622619628906,40800.0
2026-01-07,46.81162236547987,47.229937167157765,46.02478780109584,46.7120246887207,30400.0
2026-01-08,46.413225428757954,47.54865949410856,46.413225428757954,47.24985885620117,28700.0
2026-01-09,47.329540070715574,47.628336909412184,46.23394659628408,46.52278518676758,25400.0
2026-01-12,46.15426819182412,46.69210476923052,45.915228446507555,46.1243896484375,26900.0
2026-01-13,46.31362965988339,46.6223885587362,46.12439254088799,46.5128288269043,17000.0
2026-01-14,46.333548588731816,46.83154459187888,45.875393177694434,46.72198486328125,38800.0
2026-01-15,46.79170317502484,47.99685256954102,46.79170317502484,47.87733459472656,20900.0
2026-01-16,47.63829781961779,48.425128589537245,46.81162265957338,47.558616638183594,59200.0
2026-01-20,46.8415014161687,47.85741368763281,46.62238576504278,46.91122055053711,24900.0
2026-01-21,47.698056458724515,49.00280735161652,47.54865993778474,48.90320587158203,40900.0
2026-01-22,49.02272775402476,49.988837416304364,48.54465204704549,48.94304656982422,26400.0
2026-01-23,48.83348806861033,48.83348806861033,46.841504006427144,47.18014144897461,21700.0
2026-01-26,47.120381325092936,47.588494965971066,46.4530647315316,47.47893524169922,24000.0
2026-01-27,47.40921632269841,47.61837752425924,47.060620652443454,47.558616638183594,20800.0
2026-01-28,47.807616518945586,47.807616518945586,46.204068773634006,46.801666259765625,23400.0
2026-01-29,46.89130389399356,48.08649122159415,46.59250326268556,47.57853698730469,24500.0
2026-01-30,47.150261198707426,48.634290943104915,46.54270547380795,47.99685287475586,40900.0
2026-02-02,48.07653599468462,49.79960175963916,47.000862772960524,48.75381088256836,40500.0
2026-02-03,48.87332693819927,49.79959979840219,45.9949106777569,49.490840911865234,37200.0
2026-02-04,49.72988078936531,51.05454817168637,49.72988078936531,50.27767562866211,31800.0
2026-02-05,49.87928201646582,51.07446939689348,49.50080398631278,49.88924026489258,32700.0
2026-02-06,50.466912541934114,51.22386858548758,49.85936061673959,50.197998046875,48100.0
2026-02-09,50.287636176508435,50.45695298748886,49.18208448323393,49.70000076293945,49500.0
2026-02-10,49.56999969482422,49.970001220703125,49.0099983215332,49.869998931884766,27800.0
2026-02-11,49.77000045776367,49.97999954223633,47.93000030517578,48.06999969482422,33400.0
2026-02-12,49.154998779296875,49.154998779296875,47.65999984741211,48.41999816894531,20451.0
