Date,Open,High,Low,Close,Volume
2013-06-13,14.710982443823312,14.727795379996444,14.206605582218257,14.593295097351074,46263100.0
2013-06-14,14.668953826500411,14.753015312773705,14.458796904077024,14.727797508239746,9049500.0
2013-06-17,14.80345606406645,14.837080342297975,14.551266762163737,14.61851692199707,5489500.0
2013-06-18,14.618513784098898,14.64373318988685,14.425169816501082,14.54285717010498,6717200.0
2013-06-19,14.500826115496558,14.584889196260374,13.78629233405898,14.45038890838623,7128600.0
2013-06-20,14.122541828189174,14.164574166608466,13.710634531898714,14.080511093139648,2785200.0
2013-06-21,14.080512369532132,14.34951294632132,13.870355468494338,14.282262802124023,2542800.0
2013-06-24,14.12254580333582,14.139358743435963,13.836732235114265,13.962827682495117,1206100.0
2013-06-25,14.038480358090123,14.189791966290274,13.912384946202014,14.080511093139648,1074800.0
2013-06-26,14.122542672386691,14.408356177243766,14.122542672386691,14.30748176574707,3420800.0
2013-06-27,14.349509657746351,14.492416381835938,14.265446595922556,14.492416381835938,1773800.0
2013-06-28,14.458796160699704,14.484013963937127,14.215013373604664,14.441983222961426,1904600.0
2013-07-01,14.441983222961426,14.500826901675403,14.349513668770896,14.441983222961426,1188800.0
2013-07-02,14.441980478903288,14.584887215785567,14.37473034409808,14.509230613708496,665300.0
2013-07-03,14.458795143937966,14.52604528679196,14.40835633427006,14.500825881958008,332000.0
2013-07-05,14.542854879426256,14.55126134669812,14.450386946175149,14.509230613708496,573400.0
2013-07-08,14.576482836117023,14.576482836117023,14.307482258370674,14.51763916015625,855900.0
2013-07-09,14.500823696448412,14.626917494874037,14.49241722943742,14.61010456085205,521300.0
2013-07-10,14.626923392397522,14.694173552230856,14.542860291763283,14.61851692199707,524300.0
2013-07-11,14.668951034545898,14.702575301981465,14.509231354960093,14.668951034545898,990200.0
2013-07-12,14.626918297664503,14.727794303963309,14.584887563672341,14.710981369018555,1258600.0
2013-07-15,14.710983813293886,14.753014554269587,14.391546013116587,14.441983222961426,242900.0
2013-07-16,14.534454549339623,14.576485295440136,14.458797923662548,14.559672355651855,507600.0
2013-07-17,14.39995041071313,14.626920252694882,14.332700265315198,14.54285717010498,995700.0
2013-07-18,14.584891399943107,14.652141554041243,14.383140937648703,14.416765213012695,682700.0
2013-07-19,14.416762412302024,14.517638425537355,14.332699335167556,14.357918739318848,599500.0
2013-07-22,14.357917111251933,14.357917111251933,14.231823311533123,14.248636245727539,462000.0
2013-07-23,14.416763027105338,14.475606702597906,14.16457538831722,14.341106414794922,1619500.0
2013-07-24,14.44198332578509,14.475607598131049,14.223419943741346,14.399950981140137,373600.0
2013-07-25,14.34110757217728,14.626921107667346,14.265450953761086,14.584890365600586,743800.0
2013-07-26,14.559670647243037,14.576483585058513,14.290670055675404,14.383139610290527,311800.0
2013-07-29,14.332698271474424,14.509230880692524,14.21501093424217,14.475605010986328,400800.0
2013-07-30,14.50082700491802,14.534452880633983,14.299076560732258,14.399950981140137,531000.0
2013-07-31,14.416763034732742,14.542856854193513,14.307482152098714,14.45038890838623,291100.0
2013-08-01,14.51763916015625,14.61851357512617,14.391545339758888,14.51763916015625,577100.0
2013-08-02,14.576480748513704,14.593293683057428,14.349510942282492,14.509230613708496,344100.0
2013-08-05,14.500825094707281,14.74460785142421,14.4335749555043,14.694169044494629,1976900.0
2013-08-06,14.677358523118775,14.912734850730974,14.526046887550278,14.719390869140625,1702000.0
2013-08-07,14.710985229417718,14.710985229417718,14.374734459133627,14.526047706604004,801000.0
2013-08-08,14.526044024596665,14.593294161607169,13.996447792690418,14.130948066711426,1275600.0
2013-08-09,14.097326650856468,14.383140191794899,14.038482969493273,14.240233421325684,381300.0
2013-08-12,14.164576836960027,14.332701412223281,14.164576836960027,14.257044792175293,276200.0
2013-08-13,14.231824072712602,14.34951141162863,13.912384719412321,13.94601058959961,508200.0
2013-08-14,13.97123133568052,14.088918685913086,13.727448563490325,14.088918685913086,742500.0
2013-08-15,14.046886495748527,14.34951294632132,13.828324729634744,14.282262802124023,611000.0
2013-08-16,14.206608603052794,14.29067169842344,14.072108291807835,14.198202133178711,238800.0
2013-08-19,14.223419126372626,14.290669270569923,14.172981919067132,14.282262802124023,109800.0
2013-08-20,14.273856333678122,14.307482207461726,14.206606189480825,14.282262802124023,226400.0
2013-08-21,14.307483126361934,14.357920336906766,14.139356953385805,14.156169891357422,237700.0
2013-08-22,14.189794402315908,14.257044551962142,14.046887633896402,14.105732917785645,253500.0
2013-08-23,14.122541424145034,14.172980228805136,13.870353814323407,13.937603950500488,228100.0
2013-08-26,13.929199795361914,14.038482286897093,13.870356116859888,13.895575523376465,154200.0
2013-08-27,13.811510628511712,13.878760767040209,13.273508718598857,13.374383926391602,518200.0
2013-08-28,13.416414571774933,13.416414571774933,12.870007032122432,13.139007568359375,651300.0
2013-08-29,13.11378935505161,13.458446502685547,13.004507683562945,13.458446502685547,571100.0
2013-08-30,13.424823252349272,13.744261842639974,13.323948034628781,13.702229499816895,422000.0
2013-09-03,13.702227358200224,13.752666161704488,13.500476954292221,13.567727088928223,268300.0
2013-09-04,13.57613635210026,13.643386500586013,13.466855462074665,13.62657356262207,228400.0
2013-09-05,13.576133839915755,13.61816617704777,13.382789899217638,13.458446502685547,1042900.0
2013-09-06,13.43322904550783,13.559322868422544,13.223072139526657,13.281916618347168,286000.0
2013-09-09,13.239884754958723,13.29032276390947,12.970884178381288,13.08016586303711,491600.0
2013-09-10,13.13060323561724,13.155821839567638,12.912039863553883,12.979290008544922,907300.0
2013-09-11,12.937260201874782,13.029728957482567,12.844790644581975,12.970885276794434,669500.0
2013-09-12,12.987695160334004,13.02132022942045,12.903632888460333,12.954070091247559,691600.0
2013-09-13,13.012915170665043,13.382791772348194,13.004509503746995,13.340760231018066,1190900.0
2013-09-16,13.399601437466762,13.735852904430178,13.298726237883184,13.660196304321289,1171500.0
2013-09-17,13.66019866852678,13.8535426341033,12.601007687055082,13.147416114807129,4292800.0
2013-09-18,12.785945881141823,13.105384466670005,12.785945881141823,13.08016586303711,2002900.0
2013-09-19,13.080166262992034,13.290323170290405,12.912040095805352,13.231478691101074,2296600.0
2013-09-20,13.181040205564225,13.323946952819824,12.996101920583172,13.323946952819824,968600.0
2013-09-23,13.239884989177948,13.408010352513056,13.038134553175821,13.223072052001953,1582200.0
2013-09-24,13.147416114807129,13.23988486334134,12.155475278030305,13.147416114807129,2822600.0
2013-09-25,13.155821928578229,13.256697948432265,12.920446419517074,13.038134574890137,267200.0
2013-09-26,12.979289614134624,13.323947598846551,12.937258876056164,13.130602836608887,463000.0
2013-09-27,13.071760102481552,13.441635915305659,12.93725980690915,13.433229446411133,864700.0
2013-09-30,13.357573770364066,13.828325611449344,13.298729289175277,13.62657356262207,4901000.0
2013-10-01,13.702227993700882,13.769478131455902,13.298727167170764,13.475259780883789,1016500.0
2013-10-02,13.878760823705914,13.878760823705914,13.38279044876959,13.50047779083252,963800.0
2013-10-03,13.618166350649398,13.618166350649398,13.365977134751601,13.466853141784668,1609800.0
2013-10-04,13.53410293340778,13.55091586804599,13.382789728403282,13.450039863586426,604900.0
2013-10-07,13.45844633090553,13.492070596812255,13.172632855534744,13.450039863586426,1069900.0
2013-10-08,13.37438600379632,13.49207336365878,13.33235446026615,13.382792472839355,1009400.0
2013-10-09,13.323197395288613,13.47643571193557,13.067801283389601,13.450896263122559,479300.0
2013-10-10,13.527518133861163,13.748861421096423,13.501977868042609,13.612649917602539,835400.0
2013-10-11,13.646700730475951,14.0042562577652,13.646700730475951,13.927637100219727,2727100.0
2013-10-14,13.885071725037038,14.063850322783548,13.74034681210665,13.876558303833008,543200.0
2013-10-15,13.765884438734815,13.953174798039072,13.561567240284148,13.621159553527832,1126900.0
2013-10-16,13.621160428086464,13.851017900014948,13.595620979611441,13.75737190246582,829700.0
2013-10-17,13.740346937909917,13.791427465601782,13.621162287500395,13.748860359191895,326400.0
2013-10-18,13.868046760559082,13.970204569341574,13.714808423616248,13.868046760559082,593000.0
2013-10-21,13.893584221418587,14.046822545352741,13.74885931812177,13.88507080078125,520500.0
2013-10-22,13.86804481118603,14.072362023800093,13.67223939496646,13.697779655456543,644400.0
2013-10-23,13.71480941772461,13.842507499843379,13.604136555790921,13.71480941772461,320100.0
2013-10-24,13.680753804979773,13.825478710690524,13.30617222141838,13.587108612060547,735700.0
2013-10-25,13.536027918834622,13.621160496692724,13.323197286073798,13.578594207763672,889700.0
2013-10-28,13.536028039986629,13.621160618606696,13.212526189753026,13.493462562561035,1631100.0
2013-10-29,13.484949172936064,13.587107780381405,13.340224276084054,13.382790565490723,646400.0
2013-10-30,13.450896252929809,13.553054859988887,13.34873764587073,13.408329963684082,776400.0
2013-10-31,13.408334025232932,13.51900608604197,12.880513989602306,13.093344688415527,994600.0
2013-11-01,13.067802337295571,13.246580117173805,12.897537166451919,13.20401382446289,509200.0
2013-11-04,13.186986969099745,13.357251327884265,12.974156317647969,13.118881225585938,926500.0
2013-11-05,13.067801405139475,13.144419752292352,12.803891058664744,13.008208274841309,746300.0
2013-11-06,13.093341745065766,13.178473518322837,12.94861683745579,13.110367774963379,1167500.0
2013-11-07,13.084828456732243,13.791426972042794,12.454849918332918,12.863484382629395,2337300.0
2013-11-08,12.820920887719016,12.957132396919624,12.60809020162191,12.761327743530273,1731400.0
2013-11-11,12.795378680567387,12.991183304265356,12.727272936294488,12.957130432128906,575000.0
2013-11-12,12.991183280944824,13.008209311040227,12.769839206512982,12.991183280944824,582000.0
2013-11-13,12.948616814932565,13.178473495399794,12.820918749326827,13.144420623779297,665200.0
2013-11-14,13.16995899662527,13.323196490986913,12.991181243299701,13.306170463562012,629700.0
2013-11-15,13.195501148895666,13.604135633479462,13.076315684949781,13.391304969787598,2026200.0
2013-11-18,13.374277155952253,13.484949183744522,13.14441968010267,13.186985969543457,1511600.0
2013-11-19,13.118882132498706,13.331712798663538,13.118882132498706,13.229554176330566,463500.0
2013-11-20,13.323198456127361,13.519003077642937,13.025236031225578,13.118881225585938,763300.0
2013-11-21,13.152932932030035,13.731831700608604,13.11888006329012,13.536027908325195,654300.0
2013-11-22,13.57859420882279,13.723319915946625,13.442382733746747,13.697779655456543,510200.0
2013-11-25,13.714806516691647,13.833991151622666,13.672239415809948,13.782912254333496,312700.0
2013-11-26,13.833991151622666,13.953175786553684,13.706293096515306,13.782912254333496,463400.0
2013-11-27,13.825476666538698,14.157491908998123,13.816963247018105,14.063847541809082,420500.0
2013-11-29,13.79993732236554,14.200059947501975,13.791425526049695,13.978715896606445,459800.0
2013-12-02,13.94466534513814,14.029797941318092,13.663728914382752,13.723322868347168,516700.0
2013-12-03,13.655217062137615,13.936153491781631,13.51900474641162,13.791428565979004,672200.0
2013-12-04,13.799937357648085,13.799937357648085,13.48494893255327,13.672239303588867,312100.0
2013-12-05,13.62116322840816,13.714809245209606,13.62116322840816,13.663728713989258,211100.0
2013-12-06,13.714808590961782,13.714808590961782,13.101856047595865,13.255093574523926,842200.0
2013-12-09,13.280632815678848,13.391304038644869,13.05077532516982,13.357251167297363,576700.0
2013-12-10,13.331711807638644,13.365764679218284,13.093341706581167,13.221039772033691,659300.0
2013-12-11,13.195499430033944,13.391303225420238,13.127393691474849,13.238065719604492,652000.0
2013-12-12,13.16995899662527,13.323196490986913,13.161445576970628,13.306170463562012,342600.0
2013-12-13,12.89753534954464,12.991181342693409,12.608086386031722,12.982667922973633,1607400.0
2013-12-16,13.025235208204178,13.084827527042194,12.778351700595248,12.914563179016113,1235700.0
2013-12-17,12.889021905412724,12.99969391893577,12.803889337507506,12.820916175842285,419700.0
2013-12-18,12.812404611668846,12.906049800415166,12.761324901153472,12.846457481384277,425900.0
2013-12-19,12.812404600191547,12.940102658538908,12.769838310114276,12.923076629638672,366500.0
2013-12-20,12.897537254654102,12.974156419680819,12.72727289453057,12.863484382629395,725700.0
2013-12-23,12.948614215815772,12.974153661433602,12.59957214879619,12.820916175842285,1639100.0
2013-12-24,12.761326876570157,12.982670969926115,12.74430084501909,12.786867141723633,307400.0
2013-12-26,12.837946920426774,12.948618974623427,12.744301710822516,12.761327743530273,280100.0
2013-12-27,12.940102465048223,13.25509170789494,12.854970698051092,13.186985969543457,1029000.0
2013-12-30,13.12739464649629,13.204013810920449,12.88051112328761,13.118881225585938,568900.0
2013-12-31,13.127392810672287,13.27211769837094,12.982667922973633,12.982667922973633,481800.0
2014-01-02,12.999697425682305,13.297659869959048,12.906051413348123,13.255093574523926,783800.0
2014-01-03,13.229552248648714,13.43386946354354,13.204012799757972,13.263605117797852,465100.0
2014-01-06,13.348740774115882,13.357253384452386,12.812407352453945,12.940105438232422,839300.0
2014-01-07,12.820918855491568,13.05928895880889,12.718759427899636,12.93159008026123,498700.0
2014-01-08,12.863484494848208,12.982669953916691,12.650653839865969,12.854971885681152,694500.0
2014-01-09,12.92307752403097,13.02523614015604,12.761325772919564,12.906050682067871,573100.0
2014-01-10,12.914564103049422,12.94010355410956,12.752812351938013,12.906050682067871,259400.0
2014-01-13,12.829432513358167,12.965644012103338,12.744300732584724,12.795379638671875,457400.0
2014-01-14,12.85497091108269,12.965642128824552,12.769838330790307,12.889023780822754,353900.0
2014-01-15,12.829431506763914,13.06780242275001,12.778352604684402,13.025236129760742,435000.0
2014-01-16,12.957131287022374,13.246581125221947,12.880512116689008,13.135909080505371,672700.0
2014-01-17,12.701732711595364,12.744299002144658,12.429309751095023,12.522954940795898,1497800.0
2014-01-21,12.48890313166561,12.548495456366311,12.156887011437703,12.267559051513672,1237500.0
2014-01-22,12.122834167527813,12.318638796403517,11.935543771767009,12.27607250213623,1114700.0
2014-01-23,12.08878129956559,12.369717705209265,11.63758052866583,12.318638801574707,1579000.0
2014-01-24,12.284586133411246,12.335665037897721,11.577988396900139,11.841897964477539,1269800.0
2014-01-27,11.790817287263135,12.224991157659112,11.475827238788343,11.560959815979004,1417200.0
2014-01-28,11.722713395329617,11.92703063848386,11.569475057021657,11.824872016906738,1122900.0
2014-01-29,11.671633840877444,11.739739589542447,11.407723455887139,11.416236877441406,1053000.0
2014-01-30,11.416237802939442,11.69717424192883,11.39069834809076,11.492856979370117,628600.0
2014-01-31,11.42474835077593,11.637578982031988,11.365156033827251,11.48434066772461,803300.0
2014-02-03,11.450287898933823,11.77379055868695,11.177864948356216,11.31407642364502,1217800.0
2014-02-04,12.173912344748977,12.293096979375953,11.033140024331482,11.424748420715332,1906900.0
2014-02-05,11.441773448491857,11.441773448491857,10.922467042742712,11.37366771697998,1112100.0
2014-02-06,11.680146301147275,11.722712593530805,11.339616773963526,11.501368522644043,849800.0
2014-02-07,11.51839560466211,11.60352819720596,11.22894576427451,11.280025482177734,539300.0
2014-02-10,11.245972607537109,11.37367068446831,11.194892889633884,11.280025482177734,478100.0
2014-02-11,11.305564935187059,11.331105200080959,11.203406311265184,11.280025482177734,620000.0
2014-02-12,11.271510105469867,11.492854158183441,11.169351499267702,11.424748420715332,557400.0
2014-02-13,11.416234923843113,11.722711552274506,11.33110315852228,11.680145263671875,665300.0
2014-02-14,11.94405619667827,13.195500682258876,11.94405619667827,12.548495292663574,2969600.0
2014-02-18,12.548494529997892,12.625113691462266,12.003648602934748,12.080266952514648,1338300.0
2014-02-19,12.003649599153634,12.156887122915549,11.901490167466305,12.012162208557129,643600.0
2014-02-20,12.318638753370614,12.67619432495151,12.114320703978292,12.386744499206543,1206900.0
2014-02-21,12.378231126443204,12.599575207218383,12.250533055472273,12.318638801574707,618300.0
2014-02-24,12.344177110504368,12.727272099832785,12.335663690058647,12.505928039550781,999800.0
2014-02-25,12.56552021873334,12.803890289961718,12.539979959331287,12.625112533569336,1135000.0
2014-02-26,12.6080884638474,13.178473877037487,12.548495327872386,12.59957504272461,4069400.0
2014-02-27,12.539980969884938,12.982669092582457,12.429309751095023,12.522954940795898,962000.0
2014-02-28,12.522954937360335,12.769838448217156,12.44633577676952,12.64214038848877,772100.0
2014-03-03,12.599574942596867,12.871997921285063,12.565522070260842,12.693220138549805,644300.0
2014-03-04,12.752810472690475,12.9911813537406,12.735784445120832,12.829429626464844,621500.0
2014-03-05,12.854970943833901,12.999695843569004,12.66767975384416,12.778351783752441,722700.0
2014-03-06,12.76984018872127,12.931591140549195,12.718760470737173,12.837945938110352,849000.0
2014-03-07,12.769839005487412,13.450897248156975,12.752812163775538,13.297658920288086,2312200.0
2014-03-10,13.280631927895305,13.553054880464417,13.02523500391954,13.493462562561035,1266200.0
2014-03-11,13.433869621898387,13.450896462615885,12.863483448013445,12.948616027832031,1291900.0
2014-03-12,12.940104361563986,13.348739663447354,12.87199861323085,13.152935028076172,1567500.0
2014-03-13,13.212527264786122,13.272119587538215,12.829431441709787,12.965642929077148,771400.0
2014-03-14,12.68470769941836,12.98267096433731,12.539982777815963,12.70173454284668,2607500.0
2014-03-17,12.778352614882664,12.97415642615125,12.676193998757597,12.906050682067871,758300.0
2014-03-18,12.889023709089692,12.991182317741323,12.837943998821652,12.948616027832031,1105200.0
2014-03-19,12.906047931863164,12.99969391893577,12.744297027104457,12.820916175842285,1350100.0
2014-03-20,12.769838312255164,12.854970892423982,12.684705732086348,12.8038911819458,652500.0
2014-03-21,12.803891149828047,12.974155497854127,12.769838280222832,12.914563179016113,1229000.0
2014-03-24,12.778351741953415,12.974155539846029,12.761324901153472,12.846457481384277,606200.0
2014-03-25,12.854972778286317,12.940104559059762,12.676194983212138,12.795379638671875,747500.0
2014-03-26,12.769838314436287,12.829430633433963,12.599573965954027,12.68470573425293,904000.0
2014-03-27,12.633628821636696,12.778353743568257,12.574036493271201,12.710247993469238,540800.0
2014-03-28,12.727274866230122,12.812407465422819,12.676195956222212,12.761327743530273,693900.0
2014-03-31,12.786865113354159,12.786865113354159,12.650652823129944,12.752811431884766,1327300.0
2014-04-01,12.752812444717225,12.906050775961921,12.659167248892421,12.7698392868042,1405900.0
2014-04-02,12.778352707847686,12.846458452426548,12.642141218689964,12.7698392868042,1917300.0
2014-04-03,12.820918901511895,12.965642998703515,12.761325766555276,12.863484382629395,1751200.0
2014-04-04,12.889023709089692,12.974155477023825,12.854970839539149,12.948616027832031,1867500.0
2014-04-07,12.897537208358756,12.97415637311045,12.889024599296517,12.93159008026123,1052900.0
2014-04-08,12.97415742033994,13.093342887561096,12.940104545688834,12.9996976852417,954100.0
2014-04-09,12.96564196474061,13.067801384552396,12.96564196474061,13.042261123657227,515500.0
2014-04-10,13.067802255867562,13.348738649370715,12.982669670976215,13.221039772033691,594100.0
2014-04-11,13.204016749224564,13.263609085089167,12.90605344613218,13.093344688415527,740200.0
2014-04-14,13.186985989410578,13.399816625050715,13.10185422228519,13.27211856842041,968800.0
2014-04-15,13.399817504891328,13.433870376354305,13.195500276113464,13.289145469665527,1233800.0
2014-04-16,13.382790514890422,13.433869412477742,13.229552198359583,13.408329963684082,822300.0
2014-04-17,13.433869412477742,13.459409673155841,13.204012749565923,13.408329963684082,429400.0
2014-04-21,13.382792439596336,13.442384765980226,13.263606974944002,13.33171272277832,301200.0
2014-04-22,13.323199272155762,13.41684528413632,13.255093524470567,13.323199272155762,546700.0
2014-04-23,13.374278075613166,13.476436690165164,13.289145490877585,13.416844367980957,732000.0
2014-04-24,13.433868510844112,13.450895350153397,13.263604177173185,13.306170463562012,435300.0
2014-04-25,13.195498443704814,13.36576277737574,13.186985024050172,13.306170463562012,765300.0
2014-04-28,13.31468660112155,13.714808475837732,13.289146336944132,13.553056716918945,1241800.0
2014-04-29,13.553055815645775,13.757373044170807,13.52751636505127,13.52751636505127,684400.0
2014-04-30,13.553057477216885,13.672242135859316,13.493465147895671,13.663728713989258,896200.0
2014-05-01,13.61264815916778,13.774399907585687,13.467923252429438,13.6552152633667,752500.0
2014-05-02,13.680752787291237,13.953175736888976,13.612647049891802,13.927637100219727,455000.0
2014-05-05,13.919125537293281,13.919125537293281,13.629675708782372,13.748860359191895,403100.0
2014-05-06,13.621162485018639,13.621162485018639,13.433871273521959,13.47643756866455,398200.0
2014-05-07,13.467922251396798,13.570080858227554,13.357250224359035,13.519001960754395,525600.0
2014-05-08,13.467922281497435,13.680752915841627,13.314684776851035,13.408329963684082,668000.0
2014-05-09,13.433870390695182,13.578595297538456,13.357251226850567,13.37427806854248,662700.0
2014-05-12,13.433873202752192,13.64670470902976,13.425360592008824,13.484952926635742,1546200.0
2014-05-13,13.272119501269536,13.272119501269536,12.965642844800565,13.144420623779297,2401400.0
2014-05-14,13.98723060582776,14.046822928144119,13.40833097686484,13.425357818603516,2258200.0
2014-05-15,13.697781637446214,13.816966289440865,13.433871257386754,13.595623016357422,1220800.0
2014-05-16,13.570080758465423,13.731831681787213,13.416843255288052,13.689266204833984,1945800.0
2014-05-19,13.621163374292662,13.799940364171032,13.536030778449492,13.791428565979004,744600.0
2014-05-20,13.723322814058308,13.816967208093509,13.672242282290881,13.791428565979004,519200.0
2014-05-21,13.83399300721407,13.876558490036325,13.680754671023415,13.765887260437012,530500.0
2014-05-22,13.791428377132258,14.029797693706083,13.706295782454813,13.987232208251953,745600.0
2014-05-23,13.8680464584317,13.99574452851235,13.859533037257115,13.944664001464844,420500.0
2014-05-27,13.91912350231838,14.140467551982065,13.859531185826011,14.114927291870117,718800.0
2014-05-28,14.114927453498865,14.17451977067362,14.038308296054506,14.080875396728516,468000.0
2014-05-29,14.10641777012877,14.148984882078732,14.038312014778121,14.055338859558105,382100.0
2014-05-30,13.978718657162839,14.225601393298698,13.961691813630939,14.20006275177002,507700.0
2014-06-02,14.157495724621697,14.25965516263333,14.06385133219431,14.140470504760742,302100.0
2014-06-03,14.276677955291458,14.42991625694333,14.097899395441367,14.395862579345703,1108100.0
2014-06-04,14.259656811956956,14.40438175201416,14.21709132172752,14.40438175201416,576100.0
2014-06-05,14.455459622374127,14.455459622374127,14.183036607509056,14.378840446472168,622900.0
2014-06-06,14.472487004117415,15.255704012820424,14.472487004117415,15.196111679077148,1408200.0
2014-06-09,15.77500928710327,16.13256486500975,14.983278962898263,15.153542518615723,1417100.0
2014-06-10,15.204622442981202,15.238674503264926,14.719368811612702,14.847066879272461,939100.0
2014-06-11,14.10641357239616,14.77895912714842,14.097900152539559,14.659772872924805,821300.0
2014-06-12,14.617208583965384,14.727879803547347,14.46397026164502,14.566129684448242,634000.0
2014-06-13,14.523562581709841,14.719368006768606,14.378837679937156,14.566129684448242,909900.0
2014-06-16,14.625721865343309,14.625721865343309,14.40437780451662,14.446943283081055,674600.0
2014-06-17,14.429918053818422,14.52356243133545,14.353298893451543,14.52356243133545,674500.0
2014-06-18,14.515049191114068,14.600181772997601,14.446943450361028,14.5746431350708,345400.0
2014-06-19,14.659774940175375,14.79598642955127,14.574643977142216,14.787474632263184,436800.0
2014-06-20,14.727878855406509,14.736392275406118,14.395863594265919,14.412890434265137,963200.0
2014-06-23,14.140470103579174,14.489512269248321,14.140470103579174,14.438431739807129,845000.0
2014-06-24,14.489510575743347,14.540589475445406,14.191547350571604,14.259653091430664,707400.0
2014-06-25,14.489509505549115,14.489509505549115,14.191546302384916,14.310730934143066,537300.0
2014-06-26,14.30221944991038,14.395865458262664,14.157494538715508,14.319246292114258,399300.0
2014-06-27,14.285195240582885,14.37883963178117,14.055337725900515,14.336274147033691,1159200.0
2014-06-30,14.41289396892605,14.625724649805006,14.26816904097759,14.583157539367676,753600.0
2014-07-01,14.676800632908694,14.923684952923958,14.659773792127867,14.889631271362305,1108100.0
2014-07-02,14.889632951803751,15.272728793763944,14.872606109101277,15.153542518615723,900700.0
2014-07-03,15.145029678631428,15.451504707336426,15.059897094747658,15.451504707336426,857500.0
2014-07-07,15.374886620768848,15.374886620768848,15.20462306484842,15.323807716369629,426200.0
2014-07-08,15.281240210065448,15.408938266040568,15.162053950555642,15.289752006530762,972600.0
2014-07-09,15.230159850415328,15.26421353171377,14.94922347477877,15.25570011138916,1060400.0
2014-07-10,15.17908284124493,15.26421543131673,15.034357925253602,15.17056941986084,1545200.0
2014-07-11,15.170567649170312,15.170567649170312,14.872604430581477,14.889631271362305,464200.0
2014-07-14,14.966252614241526,14.966252614241526,14.61721044616417,14.634237289428711,1665500.0
2014-07-15,14.651263271228697,14.932201328403377,14.651263271228697,14.91517448425293,481300.0
2014-07-16,15.008818790797886,15.110978231327287,14.8045015335083,14.8045015335083,324000.0
2014-07-17,14.778959120442893,14.881116911138147,14.566128495430842,14.7363920211792,303500.0
2014-07-18,14.770449552718132,14.838555305533193,14.634238047088012,14.744909286499023,327800.0
2014-07-21,14.70234205090528,14.70234205090528,14.4554577114644,14.625722885131836,339700.0
2014-07-22,14.668286286126095,14.744905441031937,14.429917025324633,14.7363920211792,484500.0
2014-07-23,14.770450680323158,14.838556438337545,14.600185473402515,14.710858345031738,229300.0
2014-07-24,14.736393224095028,14.744906644642708,14.4724836821927,14.566129684448242,200000.0
2014-07-25,14.574645741049443,14.634238071892474,14.47248629976908,14.583157539367676,209900.0
2014-07-28,14.608694153079021,14.608694153079021,14.455455841356633,14.472482681274414,386100.0
2014-07-29,14.472482681274414,14.515048157300043,14.421403785289893,14.472482681274414,666500.0
2014-07-30,14.523564477445383,14.59167022694761,14.421406665076619,14.480998992919922,306200.0
2014-07-31,14.412891362127878,14.659774062934845,14.353299042063055,14.566129684448242,628600.0
2014-08-01,14.557615195333755,14.668286406792163,14.259651993111978,14.455455780029297,485500.0
2014-08-04,14.489511202964373,14.727880494405126,14.412892038210126,14.651261329650879,341200.0
2014-08-05,14.634234230483946,14.778959120442893,14.549101655725364,14.7363920211792,422400.0
2014-08-06,14.702341969586326,14.898145781582558,14.702341969586326,14.847066879272461,336600.0
2014-08-07,14.838555387215091,14.889634296165253,14.472486354905579,14.51505184173584,637800.0
2014-08-08,14.489512210808716,14.778962048064852,14.412893040725082,14.753421783447266,484400.0
2014-08-11,14.778962040851894,15.051385034896681,14.73639493317669,15.000306129455566,388800.0
2014-08-12,14.974762854967562,15.051382009613576,14.864090021026072,14.957736015319824,334500.0
2014-08-13,14.966250359070456,15.076921576075321,14.881117779344995,14.949223518371582,205900.0
2014-08-14,14.966252443315403,15.213136796524196,14.881119851734125,15.000306129455566,474600.0
2014-08-15,14.991794410341926,15.196111679077148,14.983280987840127,15.196111679077148,377800.0
2014-08-18,15.170567531911951,15.298265589243314,15.085434952434744,15.25570011138916,399800.0
2014-08-19,15.187596251110621,15.536638408748091,15.187596251110621,15.332321166992188,423800.0
2014-08-20,15.323805687467528,15.460017163676842,15.136515313621944,15.289752006530762,350800.0
2014-08-21,15.298265537494533,15.468530695873,15.17908090089094,15.40042495727539,604000.0
2014-08-22,15.40042395575174,15.706900571394572,15.247185647930324,15.6217679977417,755600.0
2014-08-25,15.630287092729429,15.723931496357297,15.366375856204357,15.519614219665527,448100.0
2014-08-26,15.47704418809434,15.528123086337699,15.298265608589233,15.340832710266113,536300.0
2014-08-27,15.30678090285929,15.477046082873757,15.221648312852055,15.332321166992188,627600.0
2014-08-28,14.532078523788856,15.110978231327287,14.506539881483421,14.8045015335083,1479900.0
2014-08-29,14.676802773820917,14.838554537295762,14.361814292272642,14.634237289428711,1106300.0
2014-09-02,14.634234237123808,14.77895912714842,14.472482507385992,14.659772872924805,2161400.0
2014-09-03,14.68531313249461,14.795984343092815,14.625720817267206,14.659772872924805,512600.0
2014-09-04,14.702343038717729,14.719369881982269,14.557618118507424,14.634237289428711,326600.0
2014-09-05,14.617207360239865,14.770445669731401,14.47248247058328,14.72787857055664,674100.0
2014-09-08,14.310730897503499,14.77895925092525,14.200059685978399,14.693826675415039,1047700.0
2014-09-09,14.608697862733537,14.753422791247708,14.549105531657569,14.600184440612793,924800.0
2014-09-10,14.625724625014975,14.787476396864205,14.52356518390777,14.744909286499023,754500.0
2014-09-11,14.693827402964105,14.949223518371584,14.574642765609804,14.949223518371582,886300.0
2014-09-12,14.906658040393303,15.05989635914535,14.795985199619537,14.949223518371582,866300.0
2014-09-15,14.83855136725599,14.915170521808713,14.77895905233027,14.795984268188477,805400.0
2014-09-16,14.83855533247605,14.847068754564544,14.642751495748378,14.668290138244629,629700.0
2014-09-17,14.65977674935695,14.974766872267686,14.617211262587311,14.932201385498047,765800.0
2014-09-18,15.042871562568518,15.093950467837162,14.881119801487166,15.068411827087402,463000.0
2014-09-19,14.421402638547653,14.957735063159806,14.319243230933164,14.881115913391113,1713400.0
2014-09-22,14.906660123614529,14.98327929369816,14.68531603490283,14.753421783447266,654000.0
2014-09-23,14.702344922308772,14.813016170168643,14.583158627956578,14.710858345031738,694900.0
2014-09-24,14.69382853611677,14.864092084929103,14.51504994252944,14.761934280395508,569000.0
2014-09-25,14.71936698877578,14.727878784965844,14.39586352541322,14.472482681274414,528300.0
2014-09-26,14.429918232999476,14.634235455258592,14.336272230550694,14.5746431350708,822000.0
2014-09-29,14.264546037063088,14.56603134596859,14.11811040947829,14.419595718383789,1106900.0
2014-09-30,14.37652503901253,14.462663921104033,14.204247274829521,14.255929946899414,1302100.0
2014-10-01,14.204247878746939,14.247318143105158,13.89414854721814,14.100882530212402,1213900.0
2014-10-02,14.066423648069831,14.135334414996965,13.77355247788894,13.816622734069824,1476100.0
2014-10-03,13.81662468713863,13.980286754873836,13.67880231232114,13.747713088989258,1475700.0
2014-10-06,13.825235154351567,13.8596913593262,13.558206137647279,13.730483055114746,950500.0
2014-10-07,13.678802440380728,14.212861375299061,13.584050326945322,14.040583610534668,1224500.0
2014-10-08,14.324838703200713,14.45404782959193,14.006127020273516,14.143948554992676,980300.0
2014-10-09,14.10088267093446,14.333455528939465,13.954447056580326,13.997515678405762,541500.0
2014-10-10,13.997514259073073,14.083653136952165,13.894147277025674,14.006128311157227,691900.0
2014-10-13,13.954447015384428,14.221476084431554,13.868308129025245,13.963059425354004,864900.0
2014-10-14,13.988903152920468,14.299002521404235,13.954448580290487,14.13533878326416,781000.0
2014-10-15,13.971673380100341,14.143951151608027,13.713258365801403,14.100882530212402,757700.0
2014-10-16,14.006128996092828,14.445435816093228,13.98028683857662,14.255929946899414,734800.0
2014-10-17,14.298998192292302,14.419591624430995,14.075037787633095,14.143948554992676,462700.0
2014-10-20,14.118110675467776,14.238705787079677,13.91999236469772,14.13533878326416,1000100.0
2014-10-21,14.15256466660538,14.566029330954816,14.100881994302334,14.30761432647705,630400.0
2014-10-22,14.290384292602539,14.471274442729563,14.264542138457688,14.290384292602539,350400.0
2014-10-23,14.393752361265426,14.462664785427016,14.109495183449349,14.126723289489746,506700.0
2014-10-24,14.118107504166545,14.212860432799852,13.980285958679419,14.05781078338623,407400.0
2014-10-27,14.031972312981782,14.290387337644963,13.945833423773168,14.221476554870605,489900.0
2014-10-28,14.212859473130298,14.359295060693164,14.212859473130298,14.290384292602539,326100.0
2014-10-29,14.255930489748994,14.38513963928765,13.885536075687618,14.049198150634766,1183100.0
2014-10-30,14.07504000055196,14.07504000055196,13.808010940420786,13.971673011779785,693500.0
2014-10-31,14.393752995195571,14.41959515539431,14.169794178657284,14.299001693725586,1827300.0
2014-11-03,14.316228285082403,14.936425277537003,14.316228285082403,14.738306999206543,1626500.0
2014-11-04,14.746923949165843,14.850289313402882,14.212864090731669,14.47127914428711,1491700.0
2014-11-05,14.531575211013436,14.988108509173474,14.393752009025645,14.841672897338867,1840500.0
2014-11-06,14.781374846702429,15.504938788258137,14.600484682794718,15.444642066955566,1452700.0
2014-11-07,15.013950789514148,15.935633089090215,15.013950789514148,15.81503963470459,1985700.0
2014-11-10,15.935626374517335,16.349090880734497,15.892557771230427,16.21126937866211,1915800.0
2014-11-11,16.19405123044732,16.426625774208464,15.995932904856534,16.107913970947266,1184600.0
2014-11-12,16.07345028188596,16.71087523509808,16.02176762161529,16.66780662536621,1310400.0
2014-11-13,16.68503553961454,16.88315378277617,16.65057933578005,16.75394630432129,1261500.0
2014-11-14,16.71087744521789,16.84869898614222,16.37493764458512,16.49553108215332,1056500.0
2014-11-17,16.495528049198494,16.685033865347684,16.331864383332025,16.349092483520508,933100.0
2014-11-18,16.36632451708832,16.693650284526605,16.340482360594855,16.478303909301758,985800.0
2014-11-19,16.74534034729004,16.88316194332016,16.538607953244856,16.74534034729004,1555000.0
2014-11-20,16.633353358067207,17.227709806418115,16.633353358067207,17.01236343383789,1432900.0
2014-11-21,17.132957458496094,17.227710391396773,16.977907802099523,17.132957458496094,1103400.0
2014-11-24,17.115727863993516,17.18463862722758,16.926222032878197,17.089885711669922,1016300.0
2014-11-25,17.11573001292274,17.356916893042577,17.11573001292274,17.348302841186523,1197500.0
2014-11-26,17.313850074745304,17.503354306370998,17.201869031949954,17.219097137451172,590500.0
2014-11-28,17.22771396442135,17.589496023392712,17.13296101186893,17.434446334838867,758100.0
2014-12-01,17.460285143648807,17.56365048752273,17.15879987858525,17.42582893371582,1017200.0
2014-12-02,17.477510740728363,17.580876069770163,17.219094132199295,17.305233001708984,1117200.0
2014-12-03,17.28800744853652,17.40860089785565,17.167413999217388,17.227710723876953,2143000.0
2014-12-04,17.262165708590757,17.36553104553761,17.0382052879227,17.184640884399414,2164800.0
2014-12-05,17.227710413122256,17.477513002734526,17.219096360760197,17.399988174438477,1026900.0
2014-12-08,17.374148214730223,17.451673052831147,17.184643967685016,17.193256378173828,1539500.0
2014-12-09,17.089889632117174,17.356918695535782,17.089889632117174,17.219097137451172,639200.0
2014-12-10,17.236323039656458,17.35691647682455,17.107115550838877,17.158798217773438,1037700.0
2014-12-11,17.236326964850537,17.45167337624103,17.193256696794798,17.288009643554688,644800.0
2014-12-12,17.21909528330669,17.348302774727685,16.986520812971463,17.020977020263672,1226300.0
2014-12-15,17.21048463094319,17.22771273799223,16.753951294882533,16.762563705444336,1782800.0
2014-12-16,16.650582876297303,16.83147469896807,16.452464591008546,16.461078643798828,1741500.0
2014-12-17,16.452470286879574,16.986528601068272,16.452470286879574,16.917617797851562,1162700.0
2014-12-18,17.03820842240773,17.279395348296,16.995138154954315,17.262168884277344,1425800.0
2014-12-19,17.322461055996577,17.451668538420396,17.08127255063311,17.270776748657227,1214400.0
2014-12-22,17.262163876062207,17.408597814031282,17.184639060100796,17.279390335083008,562400.0
2014-12-23,17.296617696166496,17.580874794861458,17.296617696166496,17.460281372070312,649200.0
2014-12-24,17.477516161141537,17.89959494538248,17.477516161141537,17.804841995239258,480900.0
2014-12-26,17.87375171654533,18.06325596255538,17.856523609736406,17.98573112487793,480500.0
2014-12-29,17.9685046610317,18.071870015959842,17.64979125691743,17.98573112487793,504100.0
2014-12-30,17.951276779174805,18.089098349447866,17.92543461863759,17.951276779174805,482400.0
2014-12-31,17.994342868095497,18.08048174811855,17.79622459411621,17.79622459411621,373900.0
2015-01-02,17.882363539315726,18.140778537364262,17.537809660930186,17.598106384277344,686000.0
2015-01-05,17.572263471289666,17.796223893345616,17.460284081742902,17.546422958374023,735600.0
2015-01-06,17.57226693454035,17.62394961352,17.313851896679378,17.417217254638672,1878300.0
2015-01-07,17.46028616099746,17.632562291812754,17.356919168138194,17.477514266967773,1191300.0
2015-01-08,17.511967747632045,17.796224906626072,17.382760246809763,17.623947143554688,679200.0
2015-01-09,17.62394668918324,17.658402898094188,17.020977819903845,17.10711669921875,1098100.0
2015-01-12,17.13295528714393,17.17602554344139,16.469689769785877,16.641965866088867,1250300.0
2015-01-13,16.745334525816766,16.84008581329554,16.14236402058389,16.38355255126953,1896900.0
2015-01-14,16.185435843652744,16.349097920988736,16.004544017435844,16.288801193237305,1087900.0
2015-01-15,16.288802166489827,16.48692046749994,16.202663274714173,16.3060302734375,807300.0
2015-01-16,16.323255800094433,16.418007087403456,15.970087878307531,16.11652183532715,1002300.0
2015-01-20,16.082068707652603,16.20266216207976,15.789197481504424,16.125137329101562,973200.0
2015-01-21,16.12513644055898,16.35771092667804,16.030385149999827,16.176820755004883,649200.0
2015-01-22,16.581670892313166,16.650581666666618,16.24573107271039,16.478303909301758,1001700.0
2015-01-23,16.435236849115512,16.547216251941965,16.254346665404487,16.323257446289062,697800.0
2015-01-26,16.340479276740275,16.822856249140376,16.323252818624816,16.66780662536621,1083700.0
2015-01-27,16.486917715205273,16.633353313889394,16.4093928898453,16.452463150024414,1120300.0
2015-01-28,16.05622654900567,16.426622608132053,15.952861200343134,16.125137329101562,991000.0
2015-01-29,16.150976445033805,16.693648530683536,16.150976445033805,16.641965866088867,1443800.0
2015-01-30,16.52137409938634,16.693650213051125,16.314641777211126,16.38355255126953,1793500.0
2015-02-02,16.383554336039293,16.547216415405273,16.23711871984267,16.547216415405273,1487000.0
2015-02-03,16.495533561148132,16.88315773010254,16.495533561148132,16.88315773010254,1075100.0
2015-02-04,16.874544659009036,17.012366228665,16.29741621996366,16.3060302734375,1959100.0
2015-02-05,16.779789184902214,18.433649414485668,16.383552642598215,18.295827865600586,4452800.0
2015-02-06,18.57146957842524,18.95047963107622,18.459490194417764,18.84711265563965,3229300.0
2015-02-09,18.87295292393323,19.320873701119208,18.82127026286167,19.07968521118164,2765700.0
2015-02-10,19.10553416443034,19.165830897638756,18.890187749850128,18.898801803588867,2384500.0
2015-02-11,18.916027800577766,18.99355263934757,18.847117015333797,18.90741539001465,993000.0
2015-02-12,18.88156924822959,19.243351205218826,18.88156924822959,18.976322174072266,877700.0
2015-02-13,18.950480018943615,19.208894998380625,18.91602381210542,18.976322174072266,887400.0
2015-02-17,19.06245986283823,19.338104595273578,19.00216314238633,19.20028305053711,870400.0
2015-02-18,19.25196881080997,19.303651487645435,19.157215867476058,19.208898544311523,410000.0
2015-02-19,19.23473839125891,19.303649166407325,18.99354985675822,19.019392013549805,411400.0
2015-02-20,19.03662023046743,19.200283938522094,18.94186729796802,19.14859962463379,559300.0
2015-02-23,19.200286493295213,19.415632900929502,19.122761655109855,19.33810806274414,957300.0
2015-02-24,19.38117392993764,19.467312809329854,19.157213500702863,19.217510223388672,618500.0
2015-02-25,19.2002826600263,19.33810420195964,19.174440504802906,19.303647994995117,276500.0
2015-02-26,19.2519673011917,19.39840290987852,18.984938241690756,19.105531692504883,411300.0
2015-02-27,19.122758001342127,19.501766423428535,19.04523317796936,19.46731185913086,559900.0
2015-03-02,19.50176749364603,19.915233788645093,19.346717838391694,19.846323013305664,1039200.0
2015-03-03,19.872161095299187,19.872161095299187,19.527607260767706,19.58790397644043,850800.0
2015-03-04,19.570678465820787,19.786024846292698,19.501767689788274,19.544837951660156,796800.0
2015-03-05,19.72572673642884,19.9410731017675,19.60513329758715,19.863548278808594,976900.0
2015-03-06,19.854936711573725,19.966917755621438,19.320878578763775,19.424243927001953,631300.0
2015-03-09,19.458704069090782,19.99276230978167,19.458704069090782,19.94969367980957,711900.0
2015-03-10,19.786025420193592,19.786025420193592,19.105531692504883,19.105531692504883,1083800.0
2015-03-11,19.105530132455343,19.131370645255497,18.692065498028764,18.967708587646484,848200.0
2015-03-12,19.105528141133526,19.38978525304469,19.028003324888463,19.363943099975586,714300.0
2015-03-13,19.286416918033492,19.286416918033492,18.967705267560834,19.191665649414062,610200.0
2015-03-16,19.191671432321936,19.32087894152691,19.036621764090917,19.286422729492188,1054500.0
2015-03-17,19.16582943251724,19.786026467631025,19.16582943251724,19.77741241455078,989400.0
2015-03-18,19.829100008384867,20.259792875762663,19.691278422261004,20.018604278564453,1023400.0
2015-03-19,20.02721227092334,20.087508991230628,19.76879728590284,19.923845291137695,639000.0
2015-03-20,19.906622041609385,20.397611578131333,19.889393935038836,20.363155364990234,1055700.0
2015-03-23,20.36315289170603,21.103944954637203,20.302856168995348,21.0350341796875,1018600.0
2015-03-24,20.991966313492057,21.2848358852985,20.983352260944436,21.08671760559082,843900.0
2015-03-25,21.155628316561746,21.224539093763735,20.94889598495577,20.991966247558594,931600.0
2015-03-26,20.55265861677533,20.673252061385423,20.147806379077224,20.638795852661133,1761200.0
2015-03-27,20.612958444568445,21.069491778208043,20.509591445785063,20.948898315429688,1189400.0
2015-03-30,20.98335780637703,21.16424802879471,20.759397309838732,20.82830810546875,830300.0
2015-03-31,20.69048208038518,21.000579772787038,20.673253974428796,20.90582847595215,445000.0
2015-04-01,20.92305364951895,20.99196442072395,20.63018246115709,20.854141235351562,830200.0
2015-04-02,20.457905791422885,20.664638115949135,20.04444114237038,20.475133895874023,1223200.0
2015-04-06,20.277016975664537,20.785232947161695,20.268402922864578,20.681867599487305,981700.0
2015-04-07,20.802460752574742,20.802460752574742,20.34592746150272,20.35453987121582,587700.0
2015-04-08,20.41483968470188,20.518205038199834,20.03582955496316,20.363155364990234,1045300.0
2015-04-09,20.363154797037033,20.42345152538953,20.061671155274528,20.24256134033203,596100.0
2015-04-10,20.311472962548596,20.380383746798763,20.044443878949533,20.096126556396484,561700.0
2015-04-13,20.130579114200884,20.371765993794522,20.061668342465214,20.25978660583496,791100.0
2015-04-14,20.21672208335961,21.345138549804688,20.18226750919612,21.345138549804688,1165000.0
2015-04-15,21.327904622868996,21.646616329527088,21.18146902595618,21.5087947845459,1131100.0
2015-04-16,21.54325035430625,21.956714977005774,21.370972606700267,21.586318969726562,760600.0
2015-04-17,21.465726965649264,21.638004724759863,21.362359981590412,21.594934463500977,865900.0
2015-04-20,21.749983518843166,22.189290313804992,21.67245869367564,21.7069149017334,1384000.0
2015-04-21,21.82750829869479,21.922261227694477,21.60354787567162,21.67245864868164,1060900.0
2015-04-22,21.741369728540437,21.741369728540437,21.44849852837378,21.500181198120117,619700.0
2015-04-23,21.4484985727747,21.689687103694304,21.38820185078541,21.534637451171875,862100.0
2015-04-24,21.638009823527227,21.69830656053548,21.327910441241514,21.345138549804688,580800.0
2015-04-27,21.431273382900557,21.534640379626342,21.15563024891537,21.319293975830078,576600.0
2015-04-28,21.284834945064194,21.327905205899715,21.052262108402218,21.103944778442383,518700.0
2015-04-29,21.06948816215014,21.121172474152846,20.85414179102614,20.914440155029297,543400.0
2015-04-30,20.88859526364887,20.88859526364887,20.483744730417744,20.59572410583496,1008800.0
2015-05-01,20.681868446255397,21.138403405569637,20.66464033995011,21.129789352416992,388200.0
2015-05-04,21.233155085719037,21.36236259940426,21.09533351872644,21.319293975830078,594000.0
2015-05-05,21.353745559372143,21.38820012216889,21.103942996505875,21.233150482177734,873900.0
2015-05-06,21.319289697678933,21.353745903994078,20.656022512773514,20.862754821777344,1221900.0
2015-05-07,21.34513393739184,22.08592437294149,21.250381003732144,21.258995056152344,2914700.0
2015-05-08,21.53463851269961,21.646617910062133,20.492362797306964,20.5612735748291,2758300.0
2015-05-11,20.630183728029102,20.716320965103144,20.14780665700957,20.40622329711914,2008100.0
2015-05-12,20.345927217082828,20.492362824884754,20.1650353989922,20.328699111938477,1522300.0
2015-05-13,20.32008094692293,20.466516525088753,20.16503131792827,20.26839828491211,1016500.0
2015-05-14,20.328697487607116,21.147012701027293,20.044440347288543,20.62156867980957,2389400.0
2015-05-15,20.673251135801618,20.724933803611655,20.414836153789054,20.42344856262207,534600.0
2015-05-18,20.4320676179205,20.759395094453822,20.277019576521482,20.733552932739258,1104500.0
2015-05-19,20.82830292582433,21.190084923653636,20.724935936603437,21.18147087097168,1197500.0
2015-05-20,21.155626221382168,21.25037914676185,20.86275503653801,21.060874938964844,732000.0
2015-05-21,21.009192709637198,21.112559696921448,20.845530640634045,20.991966247558594,537000.0
2015-05-22,20.931668058435204,21.526024543723068,20.74216383025413,20.92305564880371,769000.0
2015-05-26,21.00919449234419,21.172858218197334,20.79384808994472,21.155630111694336,1339400.0
2015-05-27,21.241768995330954,21.526026180700583,21.10394742927069,21.42266082763672,859700.0
2015-05-28,21.370976201882666,21.681075542555675,21.310679472965724,21.65523338317871,841800.0
2015-05-29,21.612161985229886,21.741369479597502,21.431270178745283,21.474340438842773,787700.0
2015-06-01,21.89642175706789,21.965332538529086,21.26761067086417,21.724143981933594,1087200.0
2015-06-02,21.638006196529833,22.215134592954136,21.543253258277872,21.930875778198242,2196800.0
2015-06-03,21.956718586128385,22.13761041514489,21.784442453166978,22.12038230895996,877100.0
2015-06-04,22.017009107276092,22.301266207332677,21.913643785234882,22.094533920288086,1019400.0
2015-06-05,22.034242555387976,22.23236083984375,21.801668059915947,22.23236083984375,567200.0
2015-06-08,22.180676027603692,22.318497572454724,21.922261041748616,21.97394371032715,1054900.0
2015-06-09,21.93948933504276,22.223746500409774,21.93948933504276,22.17206382751465,842000.0
2015-06-10,22.25820517148369,22.723352564883985,22.180680332089853,22.559690475463867,998500.0
2015-06-11,22.585525260944372,22.611367415171,22.284041676445277,22.327110290527344,639700.0
2015-06-12,22.361568459022966,22.654439682301238,22.275431216969125,22.628599166870117,1308600.0
2015-06-15,22.542457707567763,22.654437095227568,22.301269185657365,22.439090728759766,1412100.0
2015-06-16,25.893248400915763,26.952753844476202,25.298893572070583,26.771862030029297,10764400.0
2015-06-17,26.470377335871976,26.952754422771893,25.962159734184144,26.8924560546875,3769400.0
2015-06-18,26.961367085186787,27.34037718760108,26.53928836241379,26.62542724609375,1875800.0
2015-06-19,26.625426164599176,27.521267889742607,26.53067323210372,27.271465301513672,3426800.0
2015-06-22,27.348991650193238,27.460971050581833,26.9010707627137,27.08196258544922,2302600.0
2015-06-23,26.539289692569152,27.529882797131073,26.392854075862598,27.392061233520508,3270700.0
2015-06-24,27.417899956023486,27.633247970504467,27.116414707305026,27.52126693725586,1616800.0
2015-06-25,27.598796192036705,27.74523017092799,27.228400110702363,27.676321029663086,1509700.0
2015-06-26,27.788296161231663,28.038098757232518,27.667702711003688,27.951961517333984,1880600.0
2015-06-29,27.727999506719694,27.943345892939426,27.564337436125726,27.753843307495117,1133400.0
2015-06-30,28.020875357022927,28.09840020031875,27.495431204972448,27.53849983215332,1898600.0
2015-07-01,27.598793506986,28.184535937415795,27.46958436153749,28.15007972717285,1189300.0
2015-07-02,28.141468604814378,28.141468604814378,27.650479029801268,27.874441146850586,883400.0
2015-07-06,27.719388272036394,28.072556228969695,27.512655929658067,27.7624568939209,936500.0
2015-07-07,27.839978543835514,27.839978543835514,27.357603133451708,27.68492889404297,974100.0
2015-07-08,27.616022174175825,27.831368563689573,27.12503102599593,27.1508731842041,646900.0
2015-07-09,27.56433517219345,27.616019483574245,24.34275369609883,25.876020431518555,7430600.0
2015-07-10,25.557309377894295,25.7381995550814,24.5839444276344,24.713151931762695,3110900.0
2015-07-13,24.962952312374977,25.057705246602467,23.868992292891747,24.092952728271484,4221700.0
2015-07-14,24.325528608906556,24.57533121600446,23.877607712500904,24.006816864013672,2726300.0
2015-07-15,24.0068171070969,24.248004020709327,23.903450113432555,24.032657623291016,1715600.0
2015-07-16,24.110182252486855,24.179093033355397,23.696717567275613,23.774242401123047,1842500.0
2015-07-17,23.748396556434724,23.89483214842389,23.576120452481934,23.67087173461914,861600.0
2015-07-20,23.645034892364862,24.110182252486855,23.550281952559637,23.774242401123047,1049000.0
2015-07-21,23.81730937879538,23.868992050138147,23.240181012753194,23.27463722229004,1548000.0
2015-07-22,23.309092471012256,23.731171192415896,23.240181692884367,23.524438858032227,1382400.0
2015-07-23,23.291863322685735,23.81730732920576,23.291863322685735,23.438297271728516,1571200.0
2015-07-24,23.541665048161644,23.567507203968265,22.938694556373086,22.998992919921875,1382100.0
2015-07-27,22.90423791471081,23.08512806006739,22.77503043331864,22.8353271484375,914600.0
2015-07-28,22.83533078464327,23.110973893628792,22.76642000739689,22.90424156188965,803700.0
2015-07-29,22.930084617817442,23.171271526147677,22.8525597850077,23.11958885192871,1253400.0
2015-07-30,22.973153521875354,23.283252856930346,22.680282292759557,23.179885864257812,1288000.0
2015-07-31,23.429689791462856,23.446916255409935,22.904244031453413,23.024837493896484,1050900.0
2015-08-03,23.016222325053647,23.26602493425171,22.86117429926749,23.11097526550293,1065500.0
2015-08-04,23.197111807800727,23.894833603671376,22.947309223856475,23.679487228393555,1190500.0
2015-08-05,23.6105770940927,24.44612046135527,23.6105770940927,24.394437789916992,1287200.0
2015-08-06,24.471960412349613,24.471960412349613,23.82592132724437,24.101564407348633,1298400.0
2015-08-07,24.024041274663716,24.68730850964581,23.92928998606804,24.6356258392334,1709300.0
2015-08-10,24.63562582795741,25.18691202667073,24.523644791992222,25.161069869995117,1293000.0
2015-08-11,24.98018215886915,25.608993246488275,24.799291973237334,25.548696517944336,2317200.0
2015-08-12,25.45394460257197,25.522855386964476,24.316915838614214,24.738994598388672,1772900.0
2015-08-13,24.816516266203998,26.918297386143582,24.558101268482012,26.246416091918945,2838700.0
2015-08-14,26.203346554883005,26.272257328057773,24.825129448425194,25.505624771118164,1997400.0
2015-08-17,25.428101118732158,25.43671517114661,24.98879430337019,25.22136878967285,881100.0
2015-08-18,25.31611769886673,25.720969909449703,25.186910210729287,25.22998046875,811300.0
2015-08-19,25.19552643348908,25.531466260187603,24.825130397404813,25.02324867248535,1168400.0
2015-08-20,24.842360884024927,25.109389960517653,24.334143247593918,24.72176742553711,1311400.0
2015-08-21,24.437507074105,24.67007990775261,24.308297936235572,24.377208709716797,1652200.0
2015-08-24,23.52443989432629,24.316914699188235,23.455529113162754,23.90345001220703,2026800.0
2015-08-25,24.118798484917622,24.756223676292056,23.481373293543186,23.800085067749023,2018400.0
2015-08-26,24.161863304000992,24.471962618555658,23.83453752760857,24.394437789916992,1673800.0
2015-08-27,24.49780593105227,25.152459157672524,24.351370319269286,24.90265655517578,1352500.0
2015-08-28,24.971567050491,25.979388215890303,24.885428166370215,25.962160110473633,1601800.0
2015-08-31,25.75542695935592,26.367011538594195,25.497011958133413,26.10859489440918,1637100.0
2015-09-01,24.48919123421904,25.178299010979714,24.1446373458387,24.42028045654297,2077200.0
2015-09-02,24.62701304802298,25.006023150700198,24.239388892675535,24.713151931762695,1933800.0
2015-09-03,24.807904304776365,25.307507880652917,24.747607576423395,24.859588623046875,1782500.0
2015-09-04,24.687308666640575,24.98017987244416,24.644240048183423,24.79928970336914,1111800.0
2015-09-08,25.169683056865974,25.247207881264977,24.523643948849227,24.747604370117188,1891300.0
2015-09-09,25.092161728537942,25.5917653092951,24.833746706511448,24.88542938232422,1715600.0
2015-09-10,24.842357058822493,24.945722395049483,24.394436220605815,24.48918914794922,1917800.0
2015-09-11,24.47196572669872,25.393648092061408,24.17909447974723,25.29889678955078,1341900.0
2015-09-14,24.566717843232226,24.6873113021563,23.7225603448384,24.25661849975586,1869900.0
2015-09-15,23.92929193880434,24.91127097158637,23.903449780008067,24.764835357666016,1727800.0
2015-09-16,24.82513139518023,24.97156700503021,24.36859810320754,24.807903289794922,1308600.0
2015-09-17,24.85958579686467,25.531465428371863,24.81651553653572,25.1696834564209,1306800.0
2015-09-18,24.902655856637317,24.902655856637317,24.273844806074777,24.38582420349121,1615500.0
2015-09-21,24.558100933729666,24.83374403233248,24.015427145763226,24.041269302368164,1223100.0
2015-09-22,23.81730660462319,23.92067357823134,23.274634511326756,23.421070098876953,1764900.0
2015-09-23,23.489983202872782,23.800080868609612,23.33493354852313,23.378002166748047,1435400.0
2015-09-24,23.300479319906923,23.47275709337361,22.81810385434786,23.179885864257812,2081900.0
2015-09-25,23.231566848709164,23.52443805651471,23.10235934949201,23.145429611206055,1628800.0
2015-09-28,23.05067752563933,23.231567702599577,22.19790602790698,22.206520080566406,1794200.0
2015-09-29,21.71941649355588,22.39787705600583,21.658529326230415,22.23261070251465,1763600.0
2015-09-30,22.667523415562687,23.58083600247843,22.624033051017157,23.537343978881836,1642000.0
2015-10-01,23.65042078903639,23.94615990338352,23.363380079117235,23.885271072387695,1603700.0
2015-10-02,23.467756939977637,23.546040918529492,22.867581983148018,23.38947296142578,1639600.0
2015-10-05,23.537341143785724,24.71159909463625,23.485152380807058,24.35497283935547,2246800.0
2015-10-06,23.911371501783588,24.407169048976176,23.63302913557381,23.69391632080078,1592100.0
2015-10-07,23.406871930290695,23.511251131011264,22.90237605475201,23.13722801208496,1685900.0
2015-10-08,23.163320989686348,23.867876844095413,23.119830624918364,23.806989669799805,1173600.0
2015-10-09,23.806989432610102,24.459354851936762,23.598231038460643,24.311485290527344,1118200.0
2015-10-12,24.381073373362355,24.98124842627721,23.763499850254938,24.842077255249023,1099900.0
2015-10-13,24.78118783520272,25.233494929683513,24.59852631188417,24.75509262084961,1411100.0
2015-10-14,24.668112738650642,24.963851875275875,24.04184084506726,24.0853328704834,1457600.0
2015-10-15,24.09402926697199,24.65071387348163,23.633023790299326,24.607223510742188,1400200.0
2015-10-16,24.607224061368075,25.111719912069084,24.528940079444556,24.798583984375,1304500.0
2015-10-19,24.68550347662485,24.87686503614302,24.42455800698295,24.78988265991211,1181500.0
2015-10-20,24.720298343502563,25.468344494326402,24.720298343502563,25.155208587646484,1237900.0
2015-10-21,25.155208762947264,25.520533436936056,23.841779617393527,24.39846420288086,1955800.0
2015-10-22,24.4854496309564,24.850774350404127,24.276692885422143,24.424562454223633,2261500.0
2015-10-23,24.572430663307667,25.07692651852858,24.572430663307667,24.8681697845459,1608700.0
2015-10-26,24.81598000510068,25.198699838955886,24.694204004282224,24.85947036743164,1640400.0
2015-10-27,24.81597943415041,24.972545730370285,24.34627556833797,24.70290184020996,1157100.0
2015-10-28,24.772488312641357,25.363966538881414,24.520241221480745,24.981245040893555,1318100.0
2015-10-29,24.920356775386562,25.381362233615725,24.789884033337078,25.172605514526367,1108000.0
2015-10-30,25.224795294389864,25.38136325476872,24.911659373632155,25.181304931640625,1258600.0
2015-11-02,25.224798143222465,26.181601163223895,25.13781574884939,25.798879623413086,2034900.0
2015-11-03,25.642310653859635,26.312072907868558,25.43355391086681,25.755388259887695,1822200.0
2015-11-04,25.53793408587699,26.32077231671943,25.268288497557553,26.051128387451172,2324400.0
2015-11-05,25.598820933240564,25.598820933240564,23.49385498118169,24.546337127685547,4773900.0
2015-11-06,24.154914133812877,25.39005923094948,24.154914133812877,24.78988265991211,3657300.0
2015-11-09,24.51154216296894,24.90296039585222,23.928762356672944,24.737695693969727,1645500.0
2015-11-10,24.694203912881427,26.033728303569596,24.58982638005306,25.990236282348633,1819200.0
2015-11-11,26.00763466650358,26.755680886314632,25.938049087385185,26.407752990722656,1807000.0
2015-11-12,26.16420497975814,26.4860393489383,25.355271513083487,25.381366729736328,1131000.0
2015-11-13,25.294381882495866,25.390062675234514,24.87686841081077,24.937755584716797,942900.0
2015-11-16,24.35497633282646,24.502845898352092,23.26770060368242,23.980953216552734,2622900.0
2015-11-17,23.954857499041058,23.954857499041058,23.015449761148357,23.050243377685547,2417900.0
2015-11-18,23.215511080435416,23.49385339262263,22.684920010921633,23.467758178710938,1689400.0
2015-11-19,23.54604556326136,23.920068721444885,23.111135222871454,23.328590393066406,1406800.0
2015-11-20,23.441665064988438,24.22450324750962,23.372079485632135,23.606929779052734,1634600.0
2015-11-23,23.52864719352492,24.47675180552031,23.52864719352492,24.294090270996094,1326500.0
2015-11-24,24.302785217689998,24.833374594167605,24.22450124002018,24.668109893798828,1068600.0
2015-11-25,24.989942230337537,25.63360919258443,24.90295984969857,25.155208587646484,912400.0
2015-11-27,25.216095875525887,25.346568617575368,24.99864075242644,25.172605514526367,358300.0
2015-11-30,23.693912273387596,24.624620023561555,23.41556995472448,24.163616180419922,2220600.0
2015-12-01,24.294088140867963,24.415862486540153,23.45036114856484,24.224502563476562,1711200.0
2015-12-02,24.189705640943753,24.520238332690436,23.78089063699476,23.841777801513672,1444900.0
2015-12-03,23.806987493183176,23.946158638577923,22.919770197003473,23.19811248779297,1759900.0
2015-12-04,23.31988827913529,23.728704995889704,23.27639791563211,23.380775451660156,1520000.0
2015-12-07,23.015449237720347,24.15491526763477,23.015449237720347,23.754796981811523,1592700.0
2015-12-08,23.528641916501194,24.094026522007233,23.459056348615178,23.841777801513672,2039500.0
2015-12-09,23.711306679569635,24.711599908014627,23.54604032247148,24.581127166748047,1418700.0
2015-12-10,24.650714419415344,24.77248876502349,24.10272654607664,24.259294509887695,809500.0
2015-12-11,23.954857031810814,24.476747997281766,23.111130096801002,23.2329044342041,830100.0
2015-12-14,23.485155916068344,23.780895049216998,23.015452001402444,23.13722801208496,789800.0
2015-12-15,23.432967211320793,23.85048069727835,23.29379604933494,23.763498306274414,797400.0
2015-12-16,23.780894879122034,24.389769951026256,23.76349806928452,24.23320198059082,1320400.0
2015-12-17,24.398468521171065,24.407166926740203,23.94616304493443,23.963558197021484,500600.0
2015-12-18,23.954859346982918,24.00704811676373,23.17201950501531,23.319889068603516,2166000.0
2015-12-21,23.69391172212581,23.815686068944956,23.215511080435416,23.467758178710938,648000.0
2015-12-22,23.615627631197963,23.615627631197963,22.763203889268997,22.876279830932617,1228500.0
2015-12-23,22.963261769099425,23.502551230239593,22.911073001586185,23.02414894104004,751500.0
2015-12-24,22.963260650634766,23.224207793593106,22.876278269648655,22.963260650634766,295000.0
2015-12-28,22.87627983605647,23.7287052372274,22.53705035193858,22.5892391204834,913700.0
2015-12-29,22.580539477124244,22.789297857953194,22.319593989664476,22.510953903198242,1261700.0
2015-12-30,22.41527557331805,22.658824261197147,21.893382920782685,22.12823486328125,1250900.0
2015-12-31,21.954271402456445,22.650128867032674,21.954271402456445,22.293500900268555,786400.0
2016-01-04,21.936874759079416,22.145631502321635,21.371491705417014,21.702024459838867,1167000.0
2016-01-05,21.63243786950103,22.171725682953618,21.049658032995143,21.69332504272461,1295100.0
2016-01-06,21.38018968839017,21.510662442959646,20.849598606216407,21.023563385009766,1258200.0
2016-01-07,20.606051622112957,20.84960034183651,20.319010874545036,20.414690017700195,656800.0
2016-01-08,20.59735130583642,20.623444861071253,20.29291377537182,20.37989616394043,763500.0
2016-01-11,20.223330047104383,20.545164416546218,19.049071841591307,19.788419723510742,1836500.0
2016-01-12,20.066761234484215,20.27551798208138,19.005580686102512,20.1363468170166,1818600.0
2016-01-13,19.971078768066768,20.049362749257618,19.353506982062303,19.63184928894043,2349500.0
2016-01-14,19.614452133204068,19.849304072624314,19.136051509097037,19.25782585144043,1343200.0
2016-01-15,18.962083050336624,19.266520505994688,18.683740802552336,18.953386306762695,1874600.0
2016-01-19,19.527471996475594,19.74492713381251,18.901200139152607,19.092561721801758,1611600.0
2016-01-20,18.927292683301644,20.197229709887164,18.788121547759417,19.962379455566406,2348500.0
2016-01-21,20.127644546963484,20.475574051868108,19.19693693716054,19.527469635009766,1138800.0
2016-01-22,19.805814059369652,20.258121137551672,19.449187771316794,19.91888999938965,889900.0
2016-01-25,19.788415104637398,20.23202373024504,19.20563534068824,19.527469635009766,1903200.0
2016-01-26,19.91888700696906,20.345098807708375,19.54486396616395,20.14504051208496,1027400.0
2016-01-27,20.101554064760865,20.588653123331888,19.892797325373284,20.197233200073242,1003800.0
2016-01-28,20.397293090820312,20.57125620990736,20.110252368228156,20.397293090820312,832000.0
2016-01-29,20.40598755123602,21.519358356716975,20.34510038342199,21.406282424926758,2001900.0
2016-02-01,21.328001244906407,21.545456392201817,20.927882911176265,21.14533805847168,1793100.0
2016-02-02,20.840901584143936,21.841196639997655,20.840901584143936,21.493267059326172,1511100.0
2016-02-03,21.414980828764605,21.615039139882395,20.780010621008955,21.406282424926758,1457900.0
2016-02-04,23.980950902930648,25.085623335337225,22.624031388405392,24.668109893798828,3981200.0
2016-02-05,24.668109750645847,24.668109750645847,23.7547972361484,24.39846420288086,2935400.0
2016-02-08,24.024444712140433,24.285390217768644,22.763204230484924,23.215511322021484,2721700.0
2016-02-09,23.041542941299078,24.111421669690635,22.7284070562866,23.841777801513672,2540200.0
2016-02-10,23.798292181641997,24.154918495438583,23.415570652548904,23.51125144958496,1410200.0
2016-02-11,23.119832527609276,23.485157262499087,22.528354227401845,23.267702102661133,1155800.0
2016-02-12,23.302492000427446,23.572135890998286,22.815391325720903,23.032846450805664,785700.0
2016-02-16,23.137230971797788,23.598234881403187,22.980662980214323,23.485158920288086,680100.0
2016-02-17,23.493856079240658,25.242195794028788,23.493856079240658,25.19870376586914,2463200.0
2016-02-18,25.224796853171785,25.633611929051,24.52894105187714,25.12911605834961,1572200.0
2016-02-19,24.902963410805217,25.26828813448933,24.407165927030594,25.08562660217285,451300.0
2016-02-22,25.172607861803122,25.459648584698115,24.85947192444455,25.05953025817871,984800.0
2016-02-23,25.103022060633783,25.103022060633783,24.35497584312711,24.989944458007812,913700.0
2016-02-24,24.963849136736233,25.5814208984375,24.581127650314478,25.5814208984375,801400.0
2016-02-25,25.294382186635495,25.659706893515384,24.850773495491982,25.63361167907715,1058700.0
2016-02-26,25.677104073094082,25.73799124860947,24.885567473291786,25.146512985229492,591300.0
2016-02-29,24.937755921313,25.3204774383823,24.537637594592574,24.772489547729492,807000.0
2016-03-01,25.01603799087809,25.23349311771912,24.468050142170163,24.737695693969727,954700.0
2016-03-02,24.763788704296587,25.224794160347475,24.66810957873955,25.155208587646484,857200.0
2016-03-03,25.16390753383727,25.346569043969197,24.276690218494046,24.450654983520508,1099400.0
2016-03-04,24.520242033476972,24.9464539084874,23.676515029084992,24.024444580078125,1173900.0
2016-03-07,24.015749449167703,24.120127001453298,23.276401541097737,23.86787986755371,1052200.0
2016-03-08,23.763495402303306,24.163613688405306,23.62432425732459,24.041837692260742,850900.0
2016-03-09,24.08533470540472,24.181013850507203,23.624329155179083,23.78089714050293,1181100.0
2016-03-10,23.78089222039936,24.102724871156738,23.137225259833688,24.00704574584961,1150500.0
2016-03-11,23.937456130981445,24.181004764144948,23.702604241244668,23.937456130981445,743600.0
2016-03-14,23.92006221462524,24.285386867537916,23.63302153441177,23.659116744995117,712500.0
2016-03-15,23.51124930569923,23.789591607276638,23.067640640416112,23.476455688476562,916900.0
2016-03-16,23.267699862202207,23.52864536526069,23.085038341871478,23.432966232299805,1823300.0
2016-03-17,23.467756072344798,23.867874354489285,23.111129809482808,23.650419235229492,921600.0
2016-03-18,23.667816616826777,24.60722441334618,23.554740674125952,24.311485290527344,1845200.0
2016-03-21,24.15491445343899,24.39846311924726,23.48515230436454,23.493850708007812,981900.0
2016-03-22,23.493851575990494,23.493851575990494,22.989355759397903,23.2329044342041,650200.0
2016-03-23,23.250302478998755,23.42426724944423,22.91977140601356,23.02414894104004,372100.0
2016-03-24,22.963262562069957,23.224209726749233,22.771902635212673,23.215511322021484,739300.0
2016-03-28,23.37208037208993,23.676516256413496,23.215512397837156,23.59823226928711,728000.0
2016-03-29,23.52864302476996,24.102724401633232,23.189413572728267,23.902666091918945,960700.0
2016-03-30,23.911366965113974,24.198407683189398,23.76349740373869,24.059236526489258,745300.0
2016-03-31,23.911368403405753,24.241901164738746,23.641724478461263,24.207107543945312,1197000.0
2016-04-01,24.207108001775286,25.250893418603262,23.998351250219926,25.22479820251465,1714100.0
2016-04-04,25.233493246638258,25.372664395803472,24.598524671190596,25.042133331298828,975600.0
2016-04-05,24.781186715306106,24.937754676247092,24.555033178285903,24.694204330444336,728400.0
2016-04-06,24.824678868688515,25.329174712696464,24.47674932739944,25.250890731811523,865500.0
2016-04-07,25.059530594899886,25.276985741198345,24.78988667802411,25.146512985229492,706400.0
2016-04-08,25.20739848566977,25.35526804168858,24.902960969272108,25.181304931640625,935200.0
2016-04-11,25.07692810478919,25.39876246027728,24.737698597990484,24.78118896484375,907000.0
2016-04-12,24.80728523578359,25.40746028733795,24.528942894358163,25.381366729736328,583300.0
2016-04-13,25.790180642370824,26.051127819665062,25.537933529275985,25.929351806640625,781800.0
2016-04-14,25.964145788358117,26.607812846821236,25.598821062305948,25.729293823242188,1492300.0
2016-04-15,25.851066359469936,26.668698147669257,25.72929201237361,26.607810974121094,2410500.0
2016-04-18,25.82497040385394,26.486034164876152,25.74668642826901,26.41644859313965,1298700.0
2016-04-19,26.407753788647824,26.607812127276702,26.007635452338945,26.09461784362793,693200.0
2016-04-20,26.112014419604346,26.16420319028942,25.85106724807676,26.059823989868164,490200.0
2016-04-21,25.955444002280956,26.242484702572863,25.7466872801642,25.833669662475586,844700.0
2016-04-22,25.6597071279447,25.859765463312346,24.842075317638596,25.668405532836914,1086800.0
2016-04-25,25.424858670521804,26.1033194139856,25.276989085115,25.920656204223633,1011500.0
2016-04-26,26.04242885607933,26.04242885607933,25.581423347414155,25.772783279418945,642000.0
2016-04-27,25.798878593111016,26.190298522632535,25.120417934957423,26.077220916748047,883500.0
2016-04-28,26.05982154394749,26.312070286843504,25.990235969881514,26.120710372924805,1192100.0
2016-04-29,25.972838946153047,26.616505874571637,25.911951780621006,26.442541122436523,824900.0
2016-05-02,26.781776065720667,27.486330260757484,26.26858179824725,27.016626358032227,2193600.0
2016-05-03,26.546929162570375,26.703497159918715,24.52894532797261,24.6594181060791,3612600.0
2016-05-04,24.35497658918389,24.755093265375947,23.54604317273782,23.72870635986328,2152000.0
2016-05-05,23.615626839265268,23.850478778365325,23.311189324770854,23.476455688476562,1750700.0
2016-05-06,23.29379295303692,23.780891955240385,23.250300933790516,23.363378524780273,1698500.0
2016-05-09,23.36338156443694,23.467759106106396,22.971961635548688,23.13722801208496,673200.0
2016-05-10,23.241603761036686,23.450360487324478,23.058942247678992,23.44166374206543,1524100.0
2016-05-11,23.34598363081011,23.372078844497043,22.68491981553377,22.78929901123047,864300.0
2016-05-12,22.806694165259774,23.650421158388916,22.145630349868775,22.50225830078125,1668900.0
2016-05-13,22.423976012955702,22.763205521319296,22.006460857603017,22.1804256439209,644600.0
2016-05-16,22.102138745903076,22.37178263604707,21.962967598793217,22.171724319458008,651300.0
2016-05-17,22.17172489211449,22.85888390038711,22.09344091246189,22.615333557128906,2093700.0
2016-05-18,22.537048542147588,22.676219686458616,21.954268753201067,21.997760772705078,684900.0
2016-05-19,22.093443041299132,22.136935066991843,21.762911941290234,21.858591079711914,647200.0
2016-05-20,22.00646086785722,22.00646086785722,21.588947371361147,21.928176879882812,1825700.0
2016-05-23,21.893382047688814,22.56314423074867,21.65853011455599,22.423973083496094,947700.0
2016-05-24,22.423975631923334,22.945866663906592,22.423975631923334,22.667524337768555,572200.0
2016-05-25,22.78059820463351,22.88497573027339,22.345687976682015,22.397876739501953,945500.0
2016-05-26,22.597937090048422,22.928469822254932,22.406577169700604,22.702316284179688,792500.0
2016-05-27,22.824091075316915,22.92847027149329,22.45006797267388,22.841487884521484,634200.0
2016-05-31,23.172019189089823,23.34598396472215,22.650128180294942,22.911073684692383,1293500.0
2016-06-01,22.89367853589618,23.241606453346495,22.728412152963088,23.128530502319336,722800.0
2016-06-02,23.163323109735625,23.48515747924861,22.998058381250388,23.33728790283203,594100.0
2016-06-03,23.17201805671314,23.302492461586855,22.780599819244916,22.85018539428711,695000.0
2016-06-06,22.989355337154926,23.380773554069005,22.737106603966197,23.34598159790039,1502800.0
2016-06-07,22.876282086191534,23.36338283735839,22.876282086191534,22.9284725189209,809000.0
2016-06-08,23.015452004677822,23.015452004677822,22.737109681451507,22.884979248046875,752700.0
2016-06-09,22.789298438796667,23.26769906434982,22.641428883053713,23.24160385131836,715100.0
2016-06-10,22.98935632353937,23.476455344155728,22.867581983148018,23.38947296142578,1776400.0
2016-06-13,23.43296842194634,23.54604437475756,22.70231895424726,22.9284725189209,1415800.0
2016-06-14,22.771902081962093,23.067641199316224,22.632730927801443,23.058942794799805,664400.0
2016-06-15,23.05024303162088,23.354680535546812,22.876278269648655,22.963260650634766,1143300.0
2016-06-16,22.91977085052183,23.22420836189745,22.780599701158852,22.832788467407227,1181600.0
2016-06-17,22.8849772336556,23.180716340814666,22.684918913827694,22.832788467407227,1604500.0
2016-06-20,22.893675863275927,23.293794165922144,22.88497745897373,22.902374267578125,582200.0
2016-06-21,22.876279290594553,23.345983173451433,22.824090523294124,22.93716812133789,941700.0
2016-06-22,23.02414917673413,23.328586698604685,22.867582872591672,23.058942794799805,662800.0
2016-06-23,23.102433706248547,23.363380870776883,23.041546532240588,23.250303268432617,591500.0
2016-06-24,22.719716790760195,22.954567112439033,21.945575260840698,22.058652877807617,2872000.0
2016-06-27,21.97167036356223,22.22391749561796,21.519363216160805,22.041255950927734,1430500.0
2016-06-28,22.215216002826022,22.415274316380145,21.841192928498195,22.049949645996094,814000.0
2016-06-29,22.067349224475294,22.737109821726495,22.049952414403542,22.363086700439453,563300.0
2016-06-30,22.276104966124088,22.65012807058623,22.076044977400606,22.60663604736328,1108400.0
2016-07-01,22.911073225860964,23.09373474347087,22.632730917664336,22.80669403076172,814700.0
2016-07-05,22.5718399764211,23.172014856117762,22.380478427198327,22.77189826965332,646800.0
2016-07-06,22.771902202105846,22.893676547876137,22.450067869504473,22.78929901123047,1128100.0
2016-07-07,22.945865982852993,23.050245181582255,22.684920474606457,22.998056411743164,740900.0
2016-07-08,23.085038763405997,23.72000738241365,22.902375580688776,23.606929779052734,997100.0
2016-07-11,23.441664071577136,23.70260956834215,23.41556885828023,23.563438415527344,475600.0
2016-07-12,23.493857839121258,23.746104985137624,23.441669060471554,23.6765193939209,805900.0
2016-07-13,23.798292839098732,23.876576828099807,23.572139277434644,23.720008850097656,530000.0
2016-07-14,23.72000347247584,23.989647340652805,23.702606665741637,23.841777801513672,880800.0
2016-07-15,23.75479700856055,24.16361369878062,23.659117883253423,24.00704574584961,972800.0
2016-07-18,24.102729033995047,24.337581003953396,23.96355786492,24.094032287597656,696000.0
2016-07-19,23.92006616054622,24.007048551122065,23.659120647869795,23.74610137939453,394300.0
2016-07-20,23.563440307814904,23.789593864063228,23.493854725819354,23.59823226928711,446100.0
2016-07-21,23.485156034655276,23.606930386901574,23.13722812891505,23.154624938964844,699700.0
2016-07-22,23.145926417065937,23.293795983640262,22.90237605475201,23.13722801208496,598400.0
2016-07-25,23.2416001639667,23.450356857945508,23.076335484806847,23.224205017089844,469800.0
2016-07-26,23.276398473506518,23.58083600247843,23.20681289480303,23.537343978881836,352600.0
2016-07-27,23.467759548461878,23.589535561439813,23.119831637920228,23.276399612426758,319600.0
2016-07-28,23.28509757865929,23.354683159455966,23.085039241250232,23.13722801208496,456500.0
2016-07-29,23.111130792255775,23.43296511242828,23.0676404301748,23.37207794189453,492200.0
2016-08-01,23.563439766309017,24.35497636546246,23.215511864326917,23.406871795654297,667500.0
2016-08-02,23.432964096523627,23.763495147541825,23.258999337639796,23.363378524780273,463300.0
2016-08-03,23.35468168630513,23.606928778637844,22.850185842588694,23.563438415527344,411400.0
2016-08-04,23.81568393135029,24.172311853263178,23.580833663428393,23.650419235229492,942800.0
2016-08-05,23.763495402303306,24.120121668692633,23.763495402303306,24.041837692260742,967800.0
2016-08-08,24.050536347470675,24.859469673017603,24.015744390387965,24.363672256469727,1084900.0
2016-08-09,24.657948394647736,24.737008570712923,24.28900146484375,24.28900146484375,1124400.0
2016-08-10,24.376850388839497,24.842426873320207,24.289005547833572,24.587677001953125,793200.0
2016-08-11,24.56132059368075,25.553964349545286,24.51739901531541,25.43098258972168,992600.0
2016-08-12,25.47490513129465,25.99318781800589,25.246509229057423,25.448551177978516,1561500.0
2016-08-15,25.334352784401965,26.46754591171877,25.24650795328807,26.133737564086914,1526300.0
2016-08-16,26.318212557788538,26.449980654007195,23.876136422284024,24.842426300048828,2793500.0
2016-08-17,24.88634965166151,25.28165061742871,23.79707792715986,24.341712951660156,2398600.0
2016-08-18,24.15723653612407,25.334352923197088,24.15723653612407,25.10595703125,1741500.0
2016-08-19,25.08838905203142,25.46612067494713,25.070821425187187,25.18501853942871,1715500.0
2016-08-22,25.2552905503575,25.738434568946687,25.2552905503575,25.395841598510742,997600.0
2016-08-23,25.395847400451757,25.474907592537647,24.754582887311578,24.807289123535156,813100.0
2016-08-24,24.824854889691427,24.947836648520852,24.37684775688321,24.429553985595703,714100.0
2016-08-25,24.88634757004822,25.35192403795309,24.130884309995277,24.28022003173828,1322700.0
2016-08-26,24.359281761385322,24.411989672751847,23.480836677955622,24.18359375,1522100.0
2016-08-29,23.753157029082814,24.57889424178088,23.67409683364347,24.113319396972656,779100.0
2016-08-30,24.332928011759297,24.455909779852366,23.779506704338626,23.955196380615234,1027900.0
2016-08-31,23.972768541131465,23.99033617045262,23.595036864958097,23.674097061157227,1018300.0
2016-09-01,23.4017778517316,23.542328939240413,22.444272520889626,22.584823608398438,3146800.0
2016-09-02,22.830786041522302,23.366638043937897,22.031401201312665,23.217302322387695,3146700.0
2016-09-06,23.392991361506525,23.392991361506525,22.619960440939515,22.73415756225586,2724800.0
2016-09-07,22.804430810055113,22.839569413393036,21.84692732610824,22.048969268798828,3614800.0
2016-09-08,22.251012129311864,22.251012129311864,21.513118183786645,21.767868041992188,4134300.0
2016-09-09,21.67123690749427,21.67123690749427,21.232014434035122,21.302289962768555,3614800.0
2016-09-12,21.688807950453285,21.71516022865678,21.170525256106423,21.565824508666992,3643500.0
2016-09-13,21.363782141835166,21.521902509988692,21.09146466084902,21.20566177368164,5380100.0
2016-09-14,21.135385397224393,21.33742901263592,21.03875759037624,21.161739349365234,8344300.0
2016-09-15,21.161741518260918,21.407706736949024,21.161741518260918,21.372568130493164,8303900.0
2016-09-16,21.284722243048265,21.53068744963953,21.249585313821452,21.50433349609375,11301800.0
2016-09-19,21.794218983782653,21.864494513547537,20.986049553736056,21.100248336791992,12429500.0
2016-09-20,21.06510986701628,21.293505759067845,20.93334345731367,21.161739349365234,20271000.0
2016-09-21,21.17052371395581,21.29350547128269,20.704947285431402,20.950912475585938,22293300.0
2016-09-22,20.95091317384746,21.06511028438546,20.608318491231778,20.84549903869629,18809100.0
2016-09-23,20.93334745875974,21.08268319843537,20.53804647858863,20.546831130981445,14852600.0
2016-09-26,20.86306687178959,20.915773097904438,20.256939407216347,20.704946517944336,18679900.0
2016-09-27,20.71373401393971,20.950914577292302,20.47655345058712,20.599536895751953,19458800.0
2016-09-28,21.02997468870476,21.08268092186917,20.687379984383746,20.924560546875,39976800.0
2016-09-29,20.994837972889812,21.038761234064925,20.274513244628906,20.274513244628906,22324100.0
2016-09-30,20.581966531059848,20.871853312814178,20.309649051351446,20.643457412719727,68491900.0
2016-10-03,20.89820671081543,21.100248652474647,20.56439668281246,20.89820671081543,23433300.0
2016-10-04,21.082682371723642,21.188096520802727,20.898209705211567,21.065113067626953,28390600.0
2016-10-05,21.117818061854575,22.048969268798828,21.109033411020093,22.048969268798828,59087000.0
2016-10-06,21.96112798871552,22.25979946340214,21.680025818540138,21.750301361083984,23336600.0
2016-10-07,21.732729646965975,21.732729646965975,20.643458020558324,20.740087509155273,86269300.0
2016-10-10,20.704949061050968,20.74887231779219,20.019763010897133,20.12517547607422,30830700.0
2016-10-11,20.133959065004024,20.256940826388163,19.887993866734913,20.169095993041992,16986500.0
2016-10-12,20.204237121377638,20.652244319477006,20.14274623300144,20.52926254272461,16445600.0
2016-10-13,20.450198933324135,20.819145877434387,20.40627568075103,20.625886917114258,17056300.0
2016-10-14,20.66981374430571,20.854286410512984,20.406279209793958,20.50290870666504,9866500.0
2016-10-17,20.599539045338343,20.71373617544271,20.476555587340037,20.546831130981445,10335500.0
2016-10-18,20.766437119508893,20.766437119508893,20.265723789292416,20.58196449279785,8434600.0
2016-10-19,20.520478379247834,20.722520353151122,20.388710271875084,20.687381744384766,11421900.0
2016-10-20,20.678600562289574,20.792797699688673,20.45898926494411,20.538047790527344,10010000.0
2016-10-21,20.467767907707046,20.48533720989413,20.002193128255463,20.204235076904297,10782500.0
2016-10-24,20.19545014900457,20.30964893615449,19.800150908218562,19.993408203125,10130900.0
2016-10-25,20.019764912842685,20.327219361735843,19.931920066515605,20.300867080688477,8189000.0
2016-10-26,20.29207785946313,20.415059611329347,19.97583715409205,20.142742156982422,5821900.0
2016-10-27,20.204236244947563,20.204236244947563,19.773798369484883,19.958271026611328,7973600.0
2016-10-28,20.01098156092766,20.265729788777957,19.967058297159543,20.11639404296875,4914500.0
2016-10-31,20.116391546978367,20.221805691441133,19.967055819698356,20.195451736450195,6043700.0
2016-11-01,20.300864599943786,20.300864599943786,19.51904740622122,19.703521728515625,7877100.0
2016-11-02,19.694740175552898,19.694740175552898,19.404853345346545,19.5454044342041,11321500.0
2016-11-03,19.527831334231827,19.729873275762596,19.48390975581238,19.63324546813965,6759100.0
2016-11-04,19.598107271924587,19.606891922891037,19.15010012564068,19.22916030883789,7192100.0
2016-11-07,19.334579221460967,19.606896766692458,19.22916505932228,19.51026725769043,6975900.0
2016-11-08,19.510262437760925,19.562970343559634,19.185238729506487,19.22916030883789,11109500.0
2016-11-09,17.024265418386758,17.48105727566263,16.23366515802534,17.261445999145508,25743200.0
2016-11-10,17.516196347992103,17.542548629551305,16.216096283201995,16.295156478881836,16364900.0
2016-11-11,16.216096872862277,16.945207965200144,16.057978151254094,16.391786575317383,11367100.0
2016-11-14,16.54990402311771,16.54990402311771,15.847148689535569,16.022836685180664,12129000.0
2016-11-15,16.031622529025178,16.137036674655647,15.82079591326524,16.040407180786133,6572900.0
2016-11-16,15.961344518064836,16.154601800367775,15.785654861061623,16.119464874267578,5697100.0
2016-11-17,16.19852782374931,16.391785139116333,16.066761396203564,16.339078903198242,5341900.0
2016-11-18,16.602610687849033,16.664101571705736,16.33029319841182,16.470844268798828,6608400.0
2016-11-21,16.470847795350227,17.331723704666892,16.470847795350227,17.08576011657715,9497800.0
2016-11-22,17.085761281388248,17.340509540062968,16.89250224842667,17.31415557861328,7520800.0
2016-11-23,17.33171786881726,17.533759798289367,17.156029890124408,17.410778045654297,5808700.0
2016-11-25,17.542547817140566,17.560117121033795,17.21752407262101,17.46348762512207,2021800.0
2016-11-28,17.577688708912827,17.577688708912827,17.33172344895083,17.349292755126953,8169700.0
2016-11-29,17.366862074948045,17.410783664921617,17.120896814792797,17.173603057861328,7660800.0
2016-11-30,17.27901726863466,17.33172351185307,16.33029651319697,16.43570899963379,8449600.0
2016-12-01,16.57625944490524,16.646534984489058,15.82079613775345,15.88228702545166,7810300.0
2016-12-02,15.891069412231445,16.207310133032323,15.759303003731343,15.891069412231445,9427800.0
2016-12-05,15.996482183970587,16.382998441952818,15.978914557858392,16.277585983276367,6693700.0
2016-12-06,16.347862384202298,16.58504126659653,16.25123289568926,16.4971981048584,6080900.0
2016-12-07,16.51476573190548,16.75194628980062,16.303939127832322,16.4971981048584,7952300.0
2016-12-08,16.585042368659305,16.892498481675712,16.444491289937694,16.7519474029541,9831000.0
2016-12-09,16.839791655333766,17.015481335323546,16.699240581542323,16.83100700378418,12847500.0
2016-12-12,16.85735905293746,16.910065280776287,16.303937796377074,16.330291748046875,5449400.0
2016-12-13,16.339080329663382,16.65531944828187,16.303941718982895,16.567476272583008,6942600.0
2016-12-14,16.620180335017874,16.63774963805565,16.277587303286047,16.356647491455078,7081800.0
2016-12-15,16.325689679099124,16.414128209794367,16.042687730334084,16.228408813476562,4983700.0
2016-12-16,16.39644534456105,16.62638321177693,16.308006795033776,16.529102325439453,10889500.0
2016-12-19,16.599853163828964,16.909387250029717,16.458352156450058,16.59100914001465,4191600.0
2016-12-20,16.61754016649187,16.776727524664114,16.27263000672295,16.51141357421875,4310700.0
2016-12-21,16.564477068571705,16.72366612357924,16.502570588696567,16.59100914001465,4488200.0
2016-12-22,16.5998521061869,16.652914558866907,16.431819038071104,16.564476013183594,6049700.0
2016-12-23,16.537945643993268,16.705977025423685,16.493725527702402,16.51141357421875,2374800.0
2016-12-27,16.546789020943073,16.77672857964006,16.484882541067936,16.59100914001465,2996200.0
2016-12-28,16.617539984337633,16.617539984337633,16.29916189783315,16.352224349975586,2798200.0
2016-12-29,16.325689674363865,16.396441848359277,16.22840880876952,16.281471252441406,2510900.0
2016-12-30,16.361068190267773,16.37875623639253,16.113440604995937,16.193035125732422,3677900.0
2017-01-03,16.316850123013815,16.63522652618326,16.2549419602066,16.51141357421875,4506000.0
2017-01-04,16.54678917076059,16.900543379235867,16.5202587859025,16.803260803222656,6046600.0
2017-01-05,16.714825026760998,16.812107618928916,16.56447996924029,16.723669052124023,3648600.0
2017-01-06,16.75019713415097,16.927072538759692,16.582164065971472,16.87401008605957,4649600.0
2017-01-09,16.71482505321894,16.82095167091787,16.626386486274058,16.67060661315918,3925300.0
2017-01-10,16.679448340196494,16.8386374013968,16.644072243563038,16.767885208129883,3289000.0
2017-01-11,16.714819987416057,16.82979059564758,16.369911536371195,16.43181800842285,5322300.0
2017-01-12,16.405288565313985,16.48488309549471,16.299163649623097,16.396446228027344,3907100.0
2017-01-13,16.44066081730609,16.626380219749404,16.44066081730609,16.55562973022461,6267700.0
2017-01-17,16.652915259930374,17.086262296514434,16.617540852262813,16.891698837280273,9027000.0
2017-01-18,16.962449521119137,17.103950526955007,16.68829153316527,16.74135398864746,3881100.0
2017-01-19,16.741354715044825,16.750198739146434,16.38760218510604,16.449508666992188,6316400.0
2017-01-20,16.555633886991718,16.891700061732102,16.546789862727483,16.82094955444336,5987200.0
2017-01-23,16.829792722525948,16.874011154772457,16.502570588696567,16.59100914001465,6940000.0
2017-01-24,16.60869733802132,16.865167283658305,16.45835230546685,16.803260803222656,7578900.0
2017-01-25,16.909387551613214,17.307358509404903,16.829793022689856,17.271984100341797,10814600.0
2017-01-26,17.218919238876385,17.519609294093847,17.05088785088576,17.307357788085938,10684300.0
2017-01-27,17.32504166526166,17.369260085810822,17.086258145917107,17.245447158813477,4688000.0
2017-01-30,17.157016201117987,17.28083086957097,16.56447999546025,16.67060661315918,4702900.0
2017-01-31,16.67060280122223,17.024355301286565,16.537945824551226,16.98013687133789,4376200.0
2017-02-01,16.90938549539819,17.0243544194042,16.47603680758927,16.75019645690918,5204800.0
2017-02-02,16.75019764163985,17.165856626229974,16.732509594595587,17.09510612487793,4123700.0
2017-02-03,17.157012939453125,17.289669921238772,17.04204400505891,17.157012939453125,3290900.0
2017-02-06,17.08626246954924,17.157012972425893,16.971293534934073,17.050888061523438,6671400.0
2017-02-07,17.130482741503013,17.351578275825418,17.130482741503013,17.263139724731445,4219900.0
2017-02-08,17.26313953506423,17.767237077888872,17.210075392895817,17.723018646240234,6080400.0
2017-02-09,17.723017764672964,17.723017764672964,16.02500409672121,16.201879501342773,22629200.0
2017-02-10,16.22841037765614,16.449505882292257,16.14881586104115,16.16650390625,15835300.0
2017-02-13,16.166501154282738,16.36106455798573,16.139969090985925,16.246095657348633,8591900.0
2017-02-14,16.290318554105227,17.05088770944318,16.290318554105227,17.042043685913086,9942300.0
2017-02-15,17.148171467748053,17.56383220918009,17.130485104549578,17.484237670898438,8111700.0
2017-02-16,17.53729740430533,17.60804790656215,16.511414278168992,16.529102325439453,7642400.0
2017-02-17,16.591009455433007,16.86516745158863,16.511414926416037,16.705978393554688,4209800.0
2017-02-21,16.953603391515802,17.121636447633126,16.856320829528165,16.944759368896484,4355000.0
2017-02-22,16.98013456574335,17.042041033995712,16.582162002942823,16.66175651550293,4108200.0
2017-02-23,16.723668022871372,16.829794633870787,16.582166999422324,16.644073486328125,3969400.0
2017-02-24,16.68413861604685,16.808779451243463,16.363631670565255,16.6129150390625,3413100.0
2017-02-27,16.497174561512658,16.7019420983037,16.425950996624305,16.693038940429688,3356600.0
2017-02-28,16.737550250672292,16.915609982359566,16.657423541223366,16.719745635986328,3154500.0
2017-03-01,16.808775600609522,17.298439066043542,16.790970984020216,17.24502182006836,5680700.0
2017-03-02,17.22721706928124,17.22721706928124,16.648525374055524,16.657426834106445,5559200.0
2017-03-03,16.693034777968432,16.737548858135025,16.31911073101781,16.684131622314453,4601000.0
2017-03-06,16.58620282204481,16.880000240853857,16.568398204316793,16.85329246520996,4268200.0
2017-03-07,16.91560854467873,16.91560854467873,16.470460951397712,16.737548828125,4238400.0
2017-03-08,16.808772405263557,16.86219133918744,16.59510176387796,16.684131622314453,2988600.0
2017-03-09,16.719748457590153,16.782068864766774,16.514979222162154,16.63962173461914,1952300.0
2017-03-10,16.666327414094606,17.182698620462073,16.657424257317153,17.004640579223633,3664100.0
2017-03-13,16.9512227837714,17.138183975689255,16.9067070013361,17.093669891357422,2807600.0
2017-03-14,17.022449069404182,17.155993041934885,16.84438930729408,16.85329246520996,3482500.0
2017-03-15,16.915608091463447,17.147085037540077,16.737548379680423,17.04024887084961,4043800.0
2017-03-16,17.058058744232817,17.236118493203712,17.031349272456097,17.19160270690918,4522400.0
2017-03-17,17.280632711227312,17.423079832232812,17.173798219525,17.298439025878906,9943500.0
2017-03-20,17.28063705804836,17.316249696309654,16.977936425243573,17.04916000366211,4131900.0
2017-03-21,16.96012363603543,17.013542573048706,16.45265562113314,16.49717140197754,7020000.0
2017-03-22,16.532781131508173,16.586198366550416,16.23898379162091,16.363624572753906,3479300.0
2017-03-23,16.39923945377238,16.53278340882471,16.33691905462153,16.372529983520508,3226400.0
2017-03-24,16.35472412429005,16.630715170155266,16.328014656069524,16.44375228881836,3308600.0
2017-03-27,16.283501538283986,16.417045491089702,16.19447167037901,16.256792068481445,4680300.0
2017-03-28,16.238982379268673,16.604003233499746,16.176661994122366,16.532779693603516,4704100.0
2017-03-29,16.523878792441785,16.59510234205175,16.42594747304269,16.541685104370117,1719300.0
2017-03-30,16.488271513190558,16.488271513190558,16.20337725174425,16.221181869506836,2868300.0
2017-03-31,16.24788650401916,16.363624126471407,16.141050338745117,16.141050338745117,4469900.0
2017-04-03,16.22118571654069,16.25679835671928,15.597979796352643,15.793844223022461,7006200.0
2017-04-04,15.802739867959962,15.802739867959962,15.224048325091957,15.295271873474121,9165900.0
2017-04-05,15.30417433285481,15.633582592343556,15.161727242572661,15.277464866638184,4124700.0
2017-04-06,15.268565045257716,15.428818481343693,15.117214766521366,15.393207550048828,4194500.0
2017-04-07,15.357593695009905,15.357593695009905,15.108310403425818,15.179533958435059,4173900.0
2017-04-10,15.179533371865377,15.393205726739835,15.09050520512169,15.321980476379395,4393400.0
2017-04-11,15.26856582359585,15.4911396743716,15.099409221537236,15.473333358764648,6212800.0
2017-04-12,15.35759526799819,15.758228867274395,15.27746854814295,15.669198989868164,4718100.0
2017-04-13,15.633582278090131,15.96299222906061,15.526747811577648,15.927379608154297,9434900.0
2017-04-17,15.936285429340838,16.17666556636164,15.802741474808231,16.158859252929688,5037200.0
2017-04-18,16.141049928425566,16.47045987305201,16.13214847147365,16.39033317565918,5801800.0
2017-04-19,16.408141200483097,16.604005537854597,16.01641082763672,16.01641082763672,7556900.0
2017-04-20,16.069831855012183,16.0876381711823,15.687006245977297,15.936287879943848,4053900.0
2017-04-21,15.918480608881206,15.936286923983186,15.606878585114904,15.669198989868164,2976900.0
2017-04-24,15.802738858511209,15.998603179524888,15.793835703269238,15.87396240234375,3087300.0
2017-04-25,16.01641433135527,16.23008502744,15.891773516498448,16.221181869506836,4189800.0
2017-04-26,16.23008197264932,16.301305524605354,16.069828556222387,16.132150650024414,3158600.0
2017-04-27,16.230082180332207,16.283501118560363,16.01641152172994,16.034217834472656,2720700.0
2017-04-28,16.02531623251958,16.02531623251958,15.678101590874808,15.891772270202637,4708400.0
2017-05-01,15.954090921082614,16.26569459767905,15.838353285942842,16.132150650024414,4213700.0
2017-05-02,16.09654166810745,16.3814359404114,16.034221258303937,16.0787353515625,2795000.0
2017-05-03,16.11434589683612,16.221180386056446,15.98970339527429,16.123249053955078,3271400.0
2017-05-04,16.11434526629704,16.497172516914645,16.034218553465283,16.31911277770996,3291700.0
2017-05-05,16.37252925114523,16.417045032907076,15.927381622147452,16.087635040283203,6963400.0
2017-05-08,16.087635422606905,16.336918712087137,15.989702398506907,16.043121337890625,11549900.0
2017-05-09,16.016409490008833,16.14105026718997,15.820545168995151,15.87396240234375,7138000.0
2017-05-10,17.049157138151227,18.25995946586662,16.995739887841363,17.761394500732422,22473000.0
2017-05-11,17.77919542957204,17.805904898236626,17.182697547556977,17.449787139892578,6712900.0
2017-05-12,17.44978835408733,17.521011910712037,17.075864257281765,17.431982040405273,4256000.0
2017-05-15,17.46759681231638,17.538820377685404,17.06696319580078,17.06696319580078,4232300.0
2017-05-16,17.15599113865975,17.19160206826887,16.782067038194445,16.79987335205078,5461500.0
2017-05-17,16.799877989961438,16.862198407559745,16.58620556090436,16.6129150390625,4529800.0
2017-05-18,16.559492941861713,16.63071649803323,16.230082933253733,16.586200714111328,5122600.0
2017-05-19,16.612912217667326,16.92451595084276,16.452658772142605,16.693038940429688,3198300.0
2017-05-22,16.675230682299592,16.888901352075628,16.675230682299592,16.7464542388916,3128300.0
2017-05-23,16.764258413597194,17.004638523213725,16.74645210219523,16.897802352905273,3374600.0
2017-05-24,16.90670867315947,16.915611830526924,16.71084430538647,16.826581954956055,2638100.0
2017-05-25,16.906707000588028,16.95122278302136,16.639619098401923,16.675230026245117,3802500.0
2017-05-26,16.841042970470166,17.172664450368565,16.841042970470166,17.083036422729492,3887600.0
2017-05-30,17.083035888823062,17.10992480912814,16.9037815486597,16.912744522094727,3135800.0
2017-05-31,16.966521873942543,17.083037117956444,16.79622878544915,16.97548484802246,3796200.0
2017-06-01,17.10096429184223,17.34295948080766,16.966523090032315,17.316070556640625,5596900.0
2017-06-02,17.325034406770907,17.405699473835266,17.083039205577823,17.109928131103516,2818600.0
2017-06-05,17.163703401005744,17.208518274606035,16.921708212102075,17.038225173950195,2412600.0
2017-06-06,16.984444556222442,17.136811667257863,16.87689059745713,17.10095977783203,2845900.0
2017-06-07,17.056151989014413,17.136817056076172,16.823119763004083,16.876895904541016,2443600.0
2017-06-08,16.876893080379805,17.02029724015634,16.51838268093847,16.572158813476562,6031400.0
2017-06-09,16.688674246156033,16.841041365770412,16.563194335612717,16.796226501464844,4074500.0
2017-06-12,16.814152898584684,17.6208016731054,16.80518992548295,17.298141479492188,5650400.0
2017-06-13,17.29814201821966,17.342956885124043,17.002370734700254,17.333993911743164,3712100.0
2017-06-14,17.405698757721158,17.45947489704734,17.19059249090378,17.217479705810547,5050200.0
2017-06-15,17.19059074649627,17.298143014234817,16.966521527609746,17.029260635375977,3654800.0
2017-06-16,17.029262533884225,17.118890573333516,16.876895379674227,17.07407569885254,4211900.0
2017-06-19,17.10992760614787,17.405698939804957,17.07407570654693,17.30710792541504,5472900.0
2017-06-20,17.271255451722787,17.36088347936186,17.05614921109648,17.083036422729492,4936300.0
2017-06-21,17.12785232876695,17.136815303025003,16.86793120382104,17.011335372924805,3578800.0
2017-06-22,17.020294736136094,17.22643797179808,16.79622555576119,17.10095977783203,2748600.0
2017-06-23,17.10096134298579,17.235402521612933,16.993407374376677,17.15473747253418,6349000.0
2017-06-26,17.154739230014766,17.24436726145258,17.109926069052115,17.20851707458496,1996400.0
2017-06-27,17.154739706931313,17.190591604308157,16.867931365966797,16.867931365966797,3759300.0
2017-06-28,16.984446747056538,17.109924957208094,16.85000385387998,16.858966827392578,2918600.0
2017-06-29,16.876895208993908,16.957560272731218,16.616975777683525,16.939634323120117,4761100.0
2017-06-30,17.002370986513508,17.10096198565095,16.77830177721016,16.81415367126465,4057700.0
2017-07-03,16.858966195749534,17.253328467966508,16.81415303937793,17.15473747253418,1524600.0
2017-07-05,17.11889006074761,17.244368286511865,16.805192786824367,16.903783798217773,2589600.0
2017-07-06,16.841045379638672,16.92170873558932,16.697639489193996,16.841045379638672,5870400.0
2017-07-07,16.91274747010467,17.05615165103666,16.805193479649333,16.841045379638672,5807400.0
2017-07-10,16.867928511483523,16.93066761176339,16.446679045667103,16.518381118774414,3569300.0
2017-07-11,16.491495991999482,16.518384916664097,16.24053953318038,16.33016586303711,5823900.0
2017-07-12,16.44667967413497,16.491492830472357,16.16883434391602,16.267423629760742,3253700.0
2017-07-13,16.25846240782756,16.437718471509875,16.195723298392508,16.366016387939453,2163200.0
2017-07-14,16.428754803375206,16.50045688391672,16.383941644103928,16.473567962646484,3766800.0
2017-07-17,16.45564547652231,16.634899842203385,16.35705446421451,16.527347564697266,3279800.0
2017-07-18,16.509423164496035,16.706603498102126,16.47357126228795,16.581125259399414,2720700.0
2017-07-19,16.563199651404858,16.778305940570956,16.563199651404858,16.7603816986084,2170700.0
2017-07-20,16.84104346379385,16.99340889287733,16.715563537618497,16.9306697845459,3046200.0
2017-07-21,16.894820473987416,16.98444850889834,16.850005601775667,16.95755958557129,2223700.0
2017-07-24,16.984448528262444,17.217479025978914,16.894820493249334,17.19059181213379,4870600.0
2017-07-25,17.226440661825187,17.764207120603317,17.190590476313282,17.504287719726562,4167700.0
2017-07-26,17.522213005682275,17.88072513931763,17.46843686944199,17.755245208740234,4559500.0
2017-07-27,17.76420975313021,18.230274200439453,17.68354468688389,18.230274200439453,7277000.0
2017-07-28,18.122716804666553,18.714259373012393,18.024127516283833,18.409526824951172,7421900.0
2017-07-31,18.427449293712026,18.543966227226065,18.13167803792501,18.35574722290039,10616600.0
2017-08-01,18.310937507702373,18.34678769508318,17.87176202783417,18.131681442260742,7469200.0
2017-08-02,18.04205341500257,18.14960739620262,17.934501143315053,18.086868286132812,2234100.0
2017-08-03,18.086867913290554,18.176495944190915,17.81798382058947,17.8627986907959,5900300.0
2017-08-04,17.86280093109768,17.91657707257735,17.468438571383782,17.665618896484375,3462800.0
2017-08-07,17.67458138019501,17.979315689294292,17.62080524021063,17.96139144897461,2567400.0
2017-08-08,17.934499889853882,17.961388810652732,17.800058704884457,17.835908889770508,3629900.0
2017-08-09,17.817984511481882,17.88072533220366,17.656656101020722,17.800060272216797,3152900.0
2017-08-10,17.728359372233097,17.791098487638095,17.405699110707182,17.44154930114746,4896200.0
2017-08-11,17.387772476028903,17.71043272484899,17.37880950139361,17.459474563598633,2574600.0
2017-08-14,17.575989305886754,17.880723566972407,17.522211464862888,17.656654357910156,4429600.0
2017-08-15,17.620801727838124,17.683540830232833,17.52221073292511,17.531173706054688,2611000.0
2017-08-16,17.55806628112898,17.68354451204365,17.298145134791238,17.62976837158203,3550400.0
2017-08-17,17.56702889379685,17.647693957581865,17.163703574871764,17.172666549682617,4455500.0
2017-08-18,17.27125495474205,17.298142165601387,17.07407295770752,17.235403060913086,10519200.0
2017-08-21,17.154739584255722,17.522212982177734,17.056150286199543,17.522212982177734,8521500.0
2017-08-22,15.666919810629118,16.132984209177245,14.412132491817838,15.873063087463379,46107600.0
2017-08-23,15.622108008299385,15.657958198491702,14.52864900047471,15.003676414489746,26183900.0
2017-08-24,15.04848957795535,15.04848957795535,14.188062887514295,14.555536270141602,16644300.0
2017-08-25,14.564499088950253,14.842344439060584,14.430057900800895,14.69894027709961,10229700.0
2017-08-28,14.698941215940176,14.77064330150037,14.349393762523304,14.421095848083496,6945300.0
2017-08-29,14.752718160902836,14.949900189129648,14.573463791938877,14.79753303527832,9445900.0
2017-08-30,14.494986748786133,15.063949837143504,14.494986748786133,14.928483009338379,8595600.0
2017-08-31,14.937514849807394,15.127168070431551,14.901389442514663,14.973638534545898,6093400.0
2017-09-01,14.9917014068407,15.100074184829575,14.88332690629758,14.946544647216797,4785400.0
2017-09-05,14.964607004590382,14.964607004590382,14.621424252165673,14.783985137939453,4286800.0
2017-09-06,14.811077383821871,14.955575565318341,14.684641905651008,14.89235782623291,5378200.0
2017-09-07,14.946546345086164,15.027826799088086,14.666581293832015,14.765924453735352,5454800.0
2017-09-08,14.738831238794882,14.883329449170947,14.675613487074672,14.874298095703125,4396900.0
2017-09-11,14.928483299693486,15.253603348238455,14.928483299693486,15.10007381439209,3333000.0
2017-09-12,15.15425932726122,15.407130241394043,15.100071226329407,15.407130241394043,4450900.0
2017-09-13,15.407133253705318,15.578725495096936,15.352946864733214,15.506476402282715,4663500.0
2017-09-14,15.380040976215744,15.58775690348987,15.361978272308189,15.497445106506348,9663900.0
2017-09-15,15.506475042701574,15.53356909608919,15.190384643395776,15.226510047912598,7764000.0
2017-09-18,15.22650947801431,15.36197629477394,15.127166341865367,15.289727210998535,4365800.0
2017-09-19,15.208447320833011,15.307790460538039,14.91945097538649,15.00976276397705,5187300.0
2017-09-20,15.045888003355497,15.054919355404843,14.829140721834017,15.036856651306152,6571100.0
2017-09-21,15.05491775131145,15.05491775131145,14.449831008911133,14.449831008911133,6685000.0
2017-09-22,14.494987693276153,14.59433084399837,14.404676755947126,14.585299491882324,9265300.0
2017-09-25,14.603362456808737,14.720766591304619,14.504019304313081,14.666580200195312,5927600.0
2017-09-26,14.666579974747005,14.838172220268866,14.558207194194253,14.702705383300781,3833500.0
2017-09-27,14.765924682993601,14.892360181157674,14.58530106628395,14.729799270629883,5662500.0
2017-09-28,14.675611290488495,14.847203535584791,14.549175805972427,14.585299491882324,4858500.0
2017-09-29,14.630455299145432,15.027824431033245,14.630455299145432,14.928483009338379,3359300.0
2017-10-02,14.937515223871893,15.217480247184522,14.937515223871893,15.036856651306152,3178300.0
2017-10-03,15.118136517798535,15.163293276314645,15.03685607502374,15.10007381439209,3222100.0
2017-10-04,15.100075407900107,15.235543975190206,15.018794956547802,15.027826309204102,3190000.0
2017-10-05,15.036854719110554,15.30779007811364,15.027823368221714,15.262633323669434,3241200.0
2017-10-06,15.253602083070842,15.425194306091411,15.12716661482098,15.2445707321167,3871500.0
2017-10-09,15.352947292043202,15.361978644215625,15.100074598878239,15.127168655395508,2160600.0
2017-10-10,15.199416271618466,15.2626340081213,15.009763062109965,15.181353569030762,2853100.0
2017-10-11,15.172322947170306,15.325852481438703,15.127167911084276,15.217479705810547,2838200.0
2017-10-12,15.1542636102618,15.217481356662033,14.964608648506703,15.136200904846191,2675900.0
2017-10-13,15.145227977105918,15.542597048615756,15.145227977105918,15.407130241394043,2643800.0
2017-10-16,15.352947612963941,15.43422806166045,15.18135536320972,15.199418067932129,4069900.0
2017-10-17,15.091041433105602,15.109104135279722,14.440799657824073,14.449831008911133,8238200.0
2017-10-18,14.449833887606095,14.485959299151238,13.844747024660412,14.233086585998535,10949400.0
2017-10-19,14.224054651502824,14.305335101601473,13.98021330120687,14.296303749084473,5243100.0
2017-10-20,14.314366340637207,14.431770477318747,14.233085891182931,14.314366340637207,4336800.0
2017-10-23,14.341460760830548,14.522083518770026,13.926027986931125,13.953121185302734,6725500.0
2017-10-24,14.025368255482675,14.043430959297034,13.80862097737311,13.862808227539062,6915700.0
2017-10-25,13.781528529520461,13.88990217444621,13.69121672811042,13.772497177124023,4129300.0
2017-10-26,13.907962147803152,13.971180744800249,13.745402132912034,13.763463973999023,3305900.0
2017-10-27,13.754433297202675,13.754433297202675,13.375126003007768,13.465436935424805,4972600.0
2017-10-30,13.4293119655702,13.600904195907919,13.375125580088762,13.519623756408691,3463900.0
2017-10-31,13.573811471944953,13.93505780941923,13.537686924325241,13.907963752746582,4555800.0
2017-11-01,13.980212677663365,14.052462633299713,13.70024765234073,13.82668399810791,5365100.0
2017-11-02,13.736372158432175,13.736372158432175,13.031943059898436,13.059036254882812,10957000.0
2017-11-03,13.050006615036853,13.221598882098519,12.860352502708158,12.96872615814209,8917600.0
2017-11-06,12.986786734626255,13.420281285261298,12.986786734626255,13.1132230758667,7172100.0
2017-11-07,13.149348109939721,13.339002198202985,12.977755864651595,13.050004959106445,5334500.0
2017-11-08,13.104190795026618,13.447374387253857,13.077096741574985,13.32996940612793,7242500.0
2017-11-09,15.22651133829616,16.156718190232212,14.74786002320915,15.172323226928711,23411200.0
2017-11-10,14.765924682993601,14.95557793023971,14.260180106505604,14.729799270629883,9268000.0
2017-11-13,14.70270543861739,15.253604140700842,14.639485973410427,15.127168655395508,8026400.0
2017-11-14,15.118138649843077,15.443260466792749,15.01879548965191,15.307793617248535,7131300.0
2017-11-15,15.262635868760196,15.479383158573501,15.072982636131432,15.190386772155762,8655900.0
2017-11-16,15.343915184894799,15.398101572708876,15.109105207628179,15.217479705810547,5428500.0
2017-11-17,15.181354529537224,15.515507658334698,15.181354529537224,15.398101806640625,6776900.0
2017-11-20,15.488416190862882,15.614853415549948,15.289731584289669,15.44326114654541,3835300.0
2017-11-21,15.470352487095498,15.497446545472565,15.20845014633485,15.235544204711914,4238600.0
2017-11-22,15.253604196261115,15.443259147464216,15.190386453378181,15.334884643554688,3266500.0
2017-11-24,15.352947235107422,15.425196329664578,15.262635436272403,15.352947235107422,1062600.0
2017-11-27,15.334884530829559,15.407133625386717,15.091043190741294,15.352947235107422,4980500.0
2017-11-28,15.334883994611422,15.542599918880716,15.271666254403744,15.533570289611816,5440200.0
2017-11-29,15.565411350600279,15.847425905464776,15.492633344984778,15.547216415405273,3870200.0
2017-11-30,15.619995592173998,15.738259209479638,15.529022644542538,15.674578666687012,5098600.0
2017-12-01,15.674574161454823,15.738254685944204,15.183323161705193,15.510823249816895,5982700.0
2017-12-04,15.674575401051197,16.04756284698391,15.583602472373006,15.974784851074219,6280100.0
2017-12-05,15.983884920309753,16.102150267399278,15.747355961295275,16.047565460205078,5659500.0
2017-12-06,16.047562966329835,16.193118959231725,15.956591772139385,16.03846549987793,4449200.0
2017-12-07,15.974789095132143,16.16583246962769,15.974789095132143,16.011178970336914,3986700.0
2017-12-08,16.02937075594486,16.202217423684925,15.8474248860281,16.1749267578125,3912900.0
2017-12-11,16.165828937382692,16.293190002441406,16.011175471883806,16.293190002441406,4605000.0
2017-12-12,16.657080181988196,17.07555498417558,16.64798271507495,16.939096450805664,7852600.0
2017-12-13,16.993678927490613,17.721458903654614,16.97548399429543,17.6668758392334,7893400.0
2017-12-14,17.74875434845458,17.93069850612807,17.56680845561646,17.776046752929688,3854400.0
2017-12-15,17.821530635609957,18.085350246038633,17.776045034380193,17.9943790435791,8112200.0
2017-12-18,18.039863941482157,18.067156342254634,17.839724874643835,17.921600341796875,5481900.0
2017-12-19,17.92160313074814,18.03986674883755,17.594101211170287,17.630489349365234,4555800.0
2017-12-20,17.648684563103977,17.776047386697368,17.484933600744398,17.694171905517578,3627900.0
2017-12-21,18.103545331987082,18.230908139791527,17.89430878831728,17.967086791992188,4026200.0
2017-12-22,18.121739020087304,18.23090688567216,17.985280489479507,18.130836486816406,2046600.0
2017-12-26,18.112640594411445,18.476530568488077,18.112640594411445,18.330974578857422,1973200.0
2017-12-27,18.358269173805727,18.43104717732751,17.95798928685368,18.058059692382812,2723300.0
2017-12-28,18.039865670163824,18.276394627364322,18.03076820236789,18.25819969177246,2753000.0
2017-12-29,18.25819903369518,18.285491436099274,18.08535062213158,18.09444808959961,2760200.0
2018-01-02,18.14903230683561,18.258198442588757,18.058059370265028,18.085350036621094,3561800.0
2018-01-03,18.09444712406276,18.121739525010508,17.857918188008842,17.985280990600586,4152600.0
2018-01-04,18.167225434054654,18.312781437925235,17.92160076200082,18.267295837402344,3222300.0
2018-01-05,18.27639418302345,18.585701139906867,18.11264323700699,18.558408737182617,3206200.0
2018-01-08,18.47653256816834,18.631186040784296,18.349171497248538,18.48563003540039,3212600.0
2018-01-09,18.44014447359879,18.813131955083378,18.321879134495212,18.73125648498535,2680500.0
2018-01-10,18.612989131232883,18.685768861366384,18.467433141294418,18.667573928833008,3590100.0
2018-01-11,18.70396205873549,18.82222738503816,18.53111540516123,18.667573928833008,3170600.0
2018-01-12,18.658477831064953,18.931394898425502,18.631185430263137,18.904104232788086,2043000.0
2018-01-16,18.958688634649018,19.26799559153244,18.44014512903991,18.558408737182617,5880700.0
2018-01-17,18.74945196587051,19.04056398574044,18.612991688287536,18.831327438354492,2943700.0
2018-01-18,18.7130611989551,18.75854853435755,18.16722532027667,18.203615188598633,3991600.0
2018-01-19,18.276392129324154,18.70396264630463,18.24000226311425,18.676671981811523,4254700.0
2018-01-22,18.722158738873926,19.086048747687116,18.722158738873926,19.004173278808594,3168300.0
2018-01-23,19.031462788134085,19.067850915903644,18.603892309647776,18.895004272460938,3976400.0
2018-01-24,18.967784904415208,19.05875783925328,18.45833889855217,18.540212631225586,6571800.0
2018-01-25,18.55840600243185,18.567503468666,18.303683888532557,18.421947479248047,4167300.0
2018-01-26,18.394657135009766,18.531117408598817,18.16722565924729,18.394657135009766,4444100.0
2018-01-29,18.33097594239768,18.3946564757024,17.912502874872715,17.921600341796875,4706000.0
2018-01-30,17.894309260976545,18.13083821295878,17.65778030899431,17.912504196166992,4099000.0
2018-01-31,17.921600964382108,18.048962035415997,17.730557622666826,17.839725494384766,4670000.0
2018-02-01,17.78514223369601,17.79423970172536,16.957291729835866,17.157432556152344,7430300.0
2018-02-02,17.102845704236415,17.14833303894756,16.40235810132877,16.420551300048828,6702000.0
2018-02-05,16.284092261141556,16.484233057333796,15.701868276213606,15.720063209533691,5928500.0
2018-02-06,15.374365363807417,15.902006247790633,15.010475398157652,15.856520652770996,6315000.0
2018-02-07,15.82923005523219,16.06575899360071,15.601798583935278,15.902008056640625,13399500.0
2018-02-08,17.739655643286802,18.421950091105526,17.59409963323197,18.15812873840332,15122200.0
2018-02-09,17.83972437674935,18.194516901067576,17.121040126278295,18.067155838012695,11642100.0
2018-02-12,18.212712923051438,18.776742009006668,18.176323054195255,18.576602935791016,9902200.0
2018-02-13,18.512922625078875,18.885910109558044,18.476532755781164,18.703964233398438,7354400.0
2018-02-14,18.612990311637986,19.41355004223399,18.385558846040272,19.331674575805664,6381600.0
2018-02-15,19.586397171020508,19.68646582947851,19.295283456407017,19.586397171020508,5027900.0
2018-02-16,19.48632797614799,19.65007890845279,19.349869444282117,19.513620376586914,4758900.0
2018-02-20,19.559106518352536,19.722857455202263,19.195216511555607,19.27709197998047,5505300.0
2018-02-21,19.277090776799213,19.358966240113812,18.91320079271451,18.92229652404785,4766100.0
2018-02-22,19.086053020711645,19.222511587671658,18.785843479333685,18.794940948486328,4850700.0
2018-02-23,18.831326965615446,19.04056350774875,18.458339482624964,18.885910034179688,5902900.0
2018-02-26,18.931394492060523,18.97688182575382,18.55840703159728,18.77674102783203,3267500.0
2018-02-27,18.799623000364246,18.89114848869405,18.149781209654556,18.168087005615234,3176400.0
2018-02-28,18.149784148025276,18.259617195834032,17.664690950953624,17.68299674987793,3943200.0
2018-03-01,17.527396133116945,17.609770459898787,17.307731843610902,17.42671775817871,5112900.0
2018-03-02,17.344346517945688,17.829437922279084,17.271125075080068,17.80198097229004,4948900.0
2018-03-05,17.545705783886955,17.884356062402524,17.33519434505302,17.70130157470703,4543500.0
2018-03-06,17.792830514615552,17.87520486735697,17.49994470297367,17.618928909301758,4999300.0
2018-03-07,17.499942846679623,17.747064132953533,17.481637048959495,17.58231544494629,2734800.0
2018-03-08,17.664690950953624,17.76537109930023,17.509095151571177,17.68299674987793,2977300.0
2018-03-09,17.78367474425498,18.12232325465195,17.57316331933396,17.756216049194336,5598800.0
2018-03-12,17.765371078182607,17.811133829701898,17.499943977043984,17.56401252746582,2725700.0
2018-03-13,17.573163986206055,17.646385430076208,17.34434675589471,17.573163986206055,3963000.0
2018-03-14,17.582310374994595,17.637227752319266,17.316883367537834,17.362646102905273,2490700.0
2018-03-15,17.33519221380955,17.33519221380955,16.987389079095525,16.99654197692871,3172000.0
2018-03-16,16.905016397813956,17.353497961085505,16.868406548637164,17.225360870361328,6857100.0
2018-03-19,17.252818354107905,17.3992612319977,16.996542444932366,17.005695343017578,5280900.0
2018-03-20,17.060613117520457,17.08807181520707,16.703658776279646,16.813491821289062,3592200.0
2018-03-21,16.83179540638697,16.969087145268745,16.694505413242172,16.804338455200195,3910600.0
2018-03-22,16.749419624944256,16.804337014082112,16.593823847193985,16.657894134521484,3259600.0
2018-03-23,16.648742955992997,16.86840729802324,16.483994263036067,16.538909912109375,3488400.0
2018-03-26,16.740270436426904,16.969087680801877,16.676200141582804,16.895864486694336,4413200.0
2018-03-27,16.850099995617843,16.850099995617843,16.51145148653562,16.74026870727539,4399500.0
2018-03-28,16.8317980794858,17.298585526899345,16.70366096496582,16.70366096496582,3971700.0
2018-03-29,16.8409512406746,17.014852860028114,16.712814124170578,16.74942398071289,4765500.0
2018-04-02,16.694503493659102,16.72196218742557,16.145341838487155,16.18195343017578,5855500.0
2018-04-03,16.31924369152482,16.71280958034256,16.181953711776885,16.694503784179688,5875400.0
2018-04-04,16.584672927342872,16.8867115888899,16.51145148653562,16.74026870727539,4738300.0
2018-04-05,16.786032883612975,17.078918671801343,16.721964335663895,16.8867130279541,3273800.0
2018-04-06,16.850099995617843,17.161291555482883,16.630435673196086,16.74026870727539,3654000.0
2018-04-09,16.78603125514365,16.987389778554437,16.630435477046326,16.776878356933594,2113800.0
2018-04-10,16.731116118167332,16.76772596637912,16.47484019773725,16.59382438659668,3247000.0
2018-04-11,16.5572133060643,16.81348920742027,16.5572133060643,16.721961975097656,2977300.0
2018-04-12,16.77687883069848,16.786031729167007,16.392465823704697,16.47484016418457,2166800.0
2018-04-13,16.502298865863438,16.60297725758176,16.062968467891476,16.16364860534668,3788100.0
2018-04-16,16.319245129211293,16.429078170127752,16.145343541817297,16.218564987182617,5442900.0
2018-04-17,16.34670308017638,16.383312928320503,16.14534280530461,16.319244384765625,2729600.0
2018-04-18,16.32839630545673,16.47483918073768,16.16364763433147,16.18195343017578,3920100.0
2018-04-19,15.980595087962914,16.017206684051644,15.4771978619018,15.715167999267578,6949400.0
2018-04-20,15.651099225484627,15.678556176417072,15.294143151730188,15.3399076461792,5009200.0
2018-04-23,15.339906457639852,15.413127897348096,15.156851985500833,15.257532119750977,4857500.0
2018-04-24,15.321600641336833,15.403974979118495,15.037867781053786,15.12024211883545,3764200.0
2018-04-25,15.111090411145028,15.376517496001446,14.964647520382115,15.3399076461792,3994100.0
2018-04-26,15.486349591751576,15.532112337670553,15.257532370682988,15.47719669342041,2645600.0
2018-04-27,15.486349805837639,15.63279268968704,15.367365617361331,15.577877044677734,2193500.0
2018-04-30,15.60533446627643,15.889069089835589,15.577877515809819,15.879916191101074,6835500.0
2018-05-01,15.879915011094637,16.090426429134972,15.413127684742063,15.468043327331543,5829500.0
2018-05-02,15.41312884589031,15.41312884589031,14.790745697199638,14.827357292175293,6392400.0
2018-05-03,14.772440558704332,14.891426501946192,14.259890426339041,14.589386940002441,7701800.0
2018-05-04,14.525317554265996,14.88227274480702,14.488706832636286,14.70837116241455,4886700.0
2018-05-07,14.71752499964957,14.909732391549152,14.607692827755887,14.863967895507812,7090300.0
2018-05-08,14.873119852032929,14.946341295321151,14.333111053130933,14.552775382995605,11474300.0
2018-05-09,15.522961278239954,15.651100124319171,12.896140246803414,13.738187789916992,22878600.0
2018-05-10,13.985309019681216,13.985309019681216,13.262246599188451,13.27139949798584,10903000.0
2018-05-11,13.08834457397461,13.335466706645164,12.850374466315271,13.08834457397461,7413600.0
2018-05-14,13.134109051173008,13.271399036890012,12.914443852009986,12.951054573059082,6246100.0
2018-05-15,12.886985310688623,12.951053850734109,12.694778817683774,12.877832412719727,6500000.0
2018-05-16,12.987664337047661,13.326314572882236,12.914442900345154,13.280550956726074,6385400.0
2018-05-17,13.2164829762718,13.317163117292438,12.93275009653912,12.978513717651367,6586100.0
2018-05-18,12.923597697009233,12.969361319889426,12.639864806315343,12.813765525817871,9256900.0
2018-05-21,12.951055541626733,12.996819164577728,12.740544098068064,12.795459747314453,9393800.0
2018-05-22,12.859528176034566,12.951054542003615,12.630710951809283,12.676474571228027,5429800.0
2018-05-23,12.630711318099959,12.822917826937923,12.58494769735407,12.703932762145996,3066400.0
2018-05-24,12.703931939874945,12.740542659528307,12.429351106040512,12.493419647216797,5195800.0
2018-05-25,12.493421534043316,12.575795883921122,12.447658782216571,12.511727333068848,4584100.0
2018-05-29,12.429351693266193,12.502573136032273,12.23714518778812,12.3103666305542,6228400.0
2018-05-30,12.398132776193977,12.592142339617988,12.278031533973715,12.555188179016113,4657800.0
2018-05-31,12.55518920816188,12.573665849448998,12.139454647048966,12.24107837677002,4860800.0
2018-06-01,12.250317942136439,12.407373368142558,12.01011542223804,12.111739158630371,11664600.0
2018-06-04,12.130214955538387,12.49975656350601,11.936205391091212,12.388894081115723,11977000.0
2018-06-05,12.416610232091134,12.481280678187616,12.111738166822732,12.19488525390625,6235400.0
2018-06-06,12.185646773009328,12.324225548353102,12.102500565071182,12.222600936889648,7320500.0
2018-06-07,12.222599917001947,12.508995323969373,12.13945371600175,12.388894081115723,5888500.0
2018-06-08,12.388895114902967,12.869300126404804,12.388895114902967,12.832345962524414,8029800.0
2018-06-11,12.832344280848245,13.035591715026472,12.80462800077759,13.02635383605957,4657400.0
2018-06-12,13.109500650318772,13.229601893109555,12.980161528126152,13.146454811096191,8269900.0
2018-06-13,13.201886428604212,13.275794749799713,12.869298983224457,12.933968544006348,8603900.0
2018-06-14,12.95244741473361,13.211126565877326,12.869300324458935,13.174172401428223,5634300.0
2018-06-15,13.109499619964481,13.405133764004859,13.109499619964481,13.395895004272461,8897000.0
2018-06-18,13.294272729637223,13.331226891510887,12.96168439171753,13.091024398803711,4653300.0
2018-06-19,12.980162586419386,13.38665838811324,12.906254258838686,13.358942985534668,8275700.0
2018-06-20,13.432850874836934,13.442089635747276,13.18341049765484,13.349703788757324,4057200.0
2018-06-21,13.294273852323212,13.442090512300814,13.192649237796017,13.368182182312012,6138900.0
2018-06-22,13.432850961447441,13.65457593838485,13.285034310155835,13.64533805847168,6983600.0
2018-06-25,13.534472876031941,13.737721184861584,13.358940846399491,13.395895004272461,4883400.0
2018-06-26,13.405135473162643,13.451328396657617,13.09102465066489,13.349703788757324,3849800.0
2018-06-27,13.414374506780472,13.663814889033564,13.03559323126663,13.081786155700684,4951200.0
2018-06-28,13.054070464771868,13.118740028915326,12.73995964283497,12.906253814697266,3696500.0
2018-06-29,12.915490477890256,13.127977553148686,12.758435962773135,13.02635383605957,3326500.0
2018-07-02,12.980161735655194,12.980161735655194,12.499756756811264,12.813867568969727,4601300.0
2018-07-03,12.850821777176524,12.952446382102135,12.712243891804683,12.87853717803955,2602600.0
2018-07-05,12.93396899057646,13.109501039212185,12.897014828702796,13.091024398803711,2947800.0
2018-07-06,13.026355351225218,13.137217841232898,12.952447024553432,13.081786155700684,2743100.0
2018-07-09,13.109500399302261,13.211125000286806,12.915490838671474,13.035592079162598,5587300.0
2018-07-10,13.06330975604017,13.34970430692324,13.017116830752226,13.340465545654297,4277100.0
2018-07-11,13.321987877979167,13.358942039151586,12.906253344525279,12.980161666870117,3900900.0
2018-07-12,12.998638825487891,13.174171758852012,12.961684662841245,12.97092342376709,2793800.0
2018-07-13,12.99863859909647,13.266556493882632,12.933969035855343,13.155694007873535,2617300.0
2018-07-16,13.109500650318772,13.192647732332137,12.95244612780726,13.146454811096191,2143400.0
2018-07-17,13.146454811096191,13.349703135900338,13.127978171235826,13.146454811096191,1911900.0
2018-07-18,13.072546939273256,13.09102446082599,12.481280346493346,12.7769136428833,5080900.0
2018-07-19,12.758436801913122,12.933968848622332,12.647573436452172,12.730720520019531,3328800.0
2018-07-20,12.749198484755416,12.998638863077426,12.610619713637199,12.887776374816895,4123400.0
2018-07-23,12.823106295380517,12.970922940459326,12.813867534798916,12.897014617919922,3177400.0
2018-07-24,12.841583520572826,12.878537683526227,12.398133565132015,12.573665618896484,8658600.0
2018-07-25,12.573664933501524,12.647573255379555,12.241077485050376,12.453563690185547,3669700.0
2018-07-26,12.555187537975934,12.730719571608386,12.40737090311563,12.499755859375,4436900.0
2018-07-27,12.342701159855597,12.564427005692862,12.296509119652162,12.388894081115723,3722800.0
2018-07-30,12.379656234400938,12.481280844885516,12.278032504973117,12.472042083740234,5064900.0
2018-07-31,12.47204116317261,12.564427005692862,12.388894081115723,12.388894081115723,5899800.0
2018-08-01,12.296508918803012,12.42584803895073,12.250315998297394,12.342700958251953,5142000.0
2018-08-02,12.324225429642766,12.527473769555165,12.222600819158188,12.472042083740234,3697900.0
2018-08-03,12.56442724579293,13.044831345331126,12.518234323650079,12.87853717803955,4843100.0
2018-08-06,12.841582413529558,12.86929869414781,12.518233735826632,12.527472496032715,2700600.0
2018-08-07,12.564426245799742,12.64757244177128,12.333462534524427,12.435086250305176,7070000.0
2018-08-08,12.472039915760195,12.518232832400257,12.268791611177884,12.361177444458008,4130100.0
2018-08-09,12.28727043752579,12.28727043752579,11.104736403433506,11.465039253234863,13515800.0
2018-08-10,11.465038484423003,11.492753883074588,11.123212297531342,11.132451057434082,4422900.0
2018-08-13,11.113974392395697,11.197121475801865,10.458037366816354,10.836817741394043,12332900.0
2018-08-14,10.873772621154785,11.003111743578813,10.735193857199008,10.873772621154785,8956100.0
2018-08-15,10.984635157547183,11.067781359060316,10.347174778549624,10.559661865234375,10372200.0
2018-08-16,9.996110828434515,10.624332511024575,9.912963737379151,10.605854988098145,12392000.0
2018-08-17,10.633569012069243,11.298743836999828,10.633569012069243,11.289505958557129,9764300.0
2018-08-20,11.271029258332076,11.63133297546919,11.197120939081898,11.45580005645752,10068000.0
2018-08-21,10.836817598159055,11.261790889129411,10.134688540907039,10.64280891418457,32248500.0
2018-08-22,10.670525977047555,11.067783048436231,10.522709310386018,10.827581405639648,9626400.0
2018-08-23,10.762909525766725,10.846056610000781,10.531945794475106,10.753671646118164,15346900.0
2018-08-24,10.781385989379224,11.289506324578731,10.753670591039361,11.067780494689941,10342400.0
2018-08-27,11.10473657524624,11.391131107413974,11.067781532585412,11.215599060058594,7943600.0
2018-08-28,11.991636453630072,12.351940190059297,11.742196083068848,11.742196083068848,20591700.0
2018-08-29,11.90848999416945,12.065545397864858,11.723718309076013,12.010113716125488,16293100.0
2018-08-30,11.968136309949957,12.061419100565201,11.846869037994386,11.88418197631836,6512500.0
2018-08-31,11.80955537366147,11.80955537366147,11.203219940769563,11.529707908630371,8436800.0
2018-09-04,11.41776967612783,11.473739527799804,11.231204986572266,11.231204986572266,5266200.0
2018-09-05,11.240534189399554,11.492396314611042,11.137922936126525,11.371129035949707,7443800.0
2018-09-06,11.408442263170263,11.64164836885676,11.287175871070696,11.473740577697754,6343200.0
2018-09-07,11.492397071607042,11.604335900142221,11.315160815495695,11.557695388793945,6788500.0
2018-09-10,11.60433471552865,11.697617507924008,11.287175178527832,11.287175178527832,3648400.0
2018-09-11,11.231205418288255,11.296502839740015,11.035312264322329,11.193892478942871,4798400.0
2018-09-12,11.184563641512105,11.529708541127212,11.1659076172789,11.520380973815918,4141300.0
2018-09-13,11.567020746840951,11.595006115834792,11.445754372976545,11.455081939697266,3788600.0
2018-09-14,11.473739478112536,11.492395502181996,11.072624730097152,11.10993766784668,5215500.0
2018-09-17,11.119267562550734,11.706947075308264,11.063297703883515,11.48306941986084,10065700.0
2018-09-18,11.501724622109085,11.725602261513046,11.361801319884274,11.678961753845215,6007800.0
2018-09-19,11.762914612442108,12.098731944344266,11.66030425525568,11.809556007385254,7359800.0
2018-09-20,11.828213480214414,12.1547014810252,11.697617746123704,12.136045455932617,8520000.0
2018-09-21,12.117388812948816,12.247984549967994,11.846869770960335,12.192014694213867,10778500.0
2018-09-24,12.108059836714808,12.192014171944308,11.716274421661549,12.154701232910156,13007700.0
2018-09-25,12.154701395208095,12.275968671090988,11.874853903909932,11.893510818481445,15558800.0
2018-09-26,11.884182317945616,11.958808196738788,11.68828916371088,11.77224349975586,6308500.0
2018-09-27,11.762914380450972,11.809555774474244,11.613662631264978,11.706945419311523,2838200.0
2018-09-28,11.678961322950608,11.753587199998611,11.54836559331129,11.71627426147461,4911700.0
2018-10-01,11.781572526672809,11.781572526672809,11.548366421765456,11.76291561126709,3537900.0
2018-10-02,11.75358733616645,11.9681365127624,11.706945940068442,11.9121675491333,3903300.0
2018-10-03,11.949480189579827,11.968136213786602,11.60433440084302,11.641647338867188,3637900.0
2018-10-04,11.529709626979885,11.576351026371443,10.652855054783565,10.680839538574219,9806600.0
2018-10-05,10.662182183198038,10.876731348193722,10.578227852683,10.839418411254883,7201000.0
2018-10-08,10.80210460565628,11.203219312700801,10.792776149769079,11.128593444824219,3794500.0
2018-10-09,11.119266991471507,11.184564415220686,10.960686771271492,11.03531265258789,4594000.0
2018-10-10,10.81143509206444,10.98867133915585,10.671510896308469,10.699496269226074,5893400.0
2018-10-11,10.680839185708908,10.764793523917952,10.373007205349532,10.382335662841797,7015900.0
2018-10-12,10.50360303952982,10.540915980236772,10.149129658008436,10.289052963256836,6976800.0
2018-10-15,10.289053679385484,10.55957274074196,10.289053679385484,10.354351997375488,5982600.0
2018-10-16,10.382335185911217,10.606212817777344,10.2797248270419,10.466289520263672,5397700.0
2018-10-17,10.447633174203942,10.69016773338486,10.335694352184444,10.456961631774902,15908800.0
2018-10-18,10.363678525871679,10.447632862282456,10.037190527131676,10.11181640625,7499300.0
2018-10-19,10.195771692649258,10.298382063594985,9.78532842964488,9.822641372680664,10431400.0
2018-10-22,9.831968692576547,9.98122044744053,9.710701419346902,9.841297149658203,4692100.0
2018-10-23,9.766671971645204,10.027862561361772,9.682717631119347,9.859953880310059,8046800.0
2018-10-24,9.87861131799973,9.981221689838335,9.645405199594112,9.654733657836914,5424700.0
2018-10-25,9.692044439790779,9.86928065882517,9.636074592426446,9.67338752746582,4266200.0
2018-10-26,9.561449779328765,9.570778236522468,9.225633326851195,9.29093074798584,5649400.0
2018-10-29,9.38421277167618,9.486823123566198,9.039067000678562,9.151006698608398,9639300.0
2018-10-30,9.216304759944776,9.524136726787383,9.123021968339476,9.50547981262207,10223900.0
2018-10-31,9.63607554191491,9.841297149658203,9.468166872887613,9.841297149658203,9078900.0
2018-11-01,9.8786101584813,10.233083523604224,9.775998909076119,10.205098152160645,6076500.0
2018-11-02,10.214426563140973,10.428976628518823,9.981220473162363,10.251739501953125,4992900.0
2018-11-05,10.251739273721935,10.354350520378928,10.11181597869409,10.317037582397461,3985700.0
2018-11-06,10.373008106105448,10.578229740702655,10.214427873409072,10.428977966308594,5887200.0
2018-11-07,8.880489051858799,8.97377096163067,7.798411959541587,8.078259468078613,29513200.0
2018-11-08,8.134228421525853,8.17154135920948,7.733113674218923,7.7424421310424805,17044300.0
2018-11-09,7.8077398703989775,8.096915816537003,7.7890838455959095,7.919678688049316,15129200.0
2018-11-12,8.05027364922463,8.386090070018097,7.947663298607045,8.068929672241211,19799900.0
2018-11-13,8.08758757897005,8.115572061739966,7.60251846636793,7.611846923828125,14053400.0
2018-11-14,7.667816697693254,8.376762554549948,7.649159782970644,8.115571975708008,28896700.0
2018-11-15,8.124899864196777,8.43273181868144,8.022289509238755,8.124899864196777,26607400.0
2018-11-16,8.13422992575661,8.749893956194034,8.124901467207977,8.479374885559082,23331700.0
2018-11-19,8.749893251450176,8.861832076185554,8.498030228587558,8.535343170166016,14095100.0
2018-11-20,8.395419777481152,8.479374117593675,8.022290365437378,8.050274848937988,12359600.0
2018-11-21,8.087587264400003,8.246167476612602,8.022289843939745,8.180870056152344,7471500.0
2018-11-23,8.124901749330524,8.16221469520991,7.854382669302286,8.003634452819824,2754300.0
2018-11-26,8.022290316774392,8.190198106370222,7.984977375796354,8.096916198730469,7272400.0
2018-11-27,8.096915472676066,8.106243039876153,7.9196783517153095,8.031617164611816,7272000.0
2018-11-28,7.984976242873955,8.13422798561001,7.919677938219012,7.947663307189941,8564800.0
2018-11-29,7.971332037285563,8.17960937230787,7.9618646804989055,8.066003799438477,7979000.0
2018-11-30,8.04706917248972,8.066003886266866,7.819858024305066,7.895595073699951,9268500.0
2018-12-03,7.990266103475575,8.255346684836443,7.914529052474431,8.018668174743652,11622700.0
2018-12-04,8.04706863899668,8.170141561818268,7.488507259597473,7.507441520690918,9016200.0
2018-12-06,7.4222382079238125,7.450639376285115,7.147691172812915,7.26129674911499,12473800.0
2018-12-07,7.251829247022397,7.280230866244165,7.043552361300317,7.10035514831543,10602200.0
2018-12-10,7.081420608274724,7.223427795957817,6.9772819437833355,7.185559272766113,8662500.0
2018-12-11,7.261296070973416,7.346500470956842,7.0624861052976815,7.17609167098999,6171700.0
2018-12-12,7.261296226373815,7.621047643526957,7.261296226373815,7.337033271789551,11965400.0
2018-12-13,7.327565747305011,7.4695729299160885,7.1760916599483355,7.19502592086792,7297600.0
2018-12-14,7.147690892768436,7.412770560420865,6.901545035662766,6.9204792976379395,11098900.0
2018-12-17,6.920479447732734,6.996216497276051,6.598596535745212,6.693268299102783,12917900.0
2018-12-18,6.7311365536095185,6.958347693116611,6.645932150580156,6.7216691970825195,10949900.0
2018-12-19,6.731137124729253,6.939414020282516,6.532327135077826,6.58912992477417,8906000.0
2018-12-20,6.532326941552598,6.579662372516315,6.040035660673678,6.134706974029541,11931000.0
2018-12-21,6.153640922723273,6.2956481112256455,5.793889498898171,5.83175802230835,25801800.0
2018-12-24,5.822291399698443,5.9074953557916885,5.68028420430513,5.784422874450684,4855200.0
2018-12-26,5.803356743863324,6.087370663977925,5.595079417684218,6.058969497680664,8418900.0
2018-12-27,6.06843691950767,6.0779042766987255,5.708685923387883,6.002167224884033,10067500.0
2018-12-28,6.068436103661654,6.3808516261100525,6.068436103661654,6.1441731452941895,7396000.0
2018-12-31,6.15364071351994,6.267246279888263,6.049502051968114,6.210443496704102,6160700.0
2019-01-02,6.115772222112877,6.63646508105873,5.954830776568581,6.579661846160889,9878300.0
2019-01-03,6.53232651067403,6.636465174210608,6.361917706445374,6.428187847137451,13461300.0
2019-01-04,6.475524217807975,6.825808306415418,6.4471225978051185,6.778472423553467,9136900.0
2019-01-07,6.7595377318800045,7.1760919397829515,6.683800685248269,7.147690773010254,10755600.0
2019-01-08,7.355967410033506,7.412770193144653,6.97728173786414,7.119288921356201,7659500.0
2019-01-09,7.176091305318353,7.2802299609439105,6.920478569821706,6.9678144454956055,9491300.0
2019-01-10,6.901544625786633,6.977281669189376,6.77847170454298,6.806873321533203,12387300.0
2019-01-11,6.816340423431174,7.071953178024133,6.797406162032748,6.854208946228027,11029300.0
2019-01-14,6.825807582383889,6.939413147488004,6.731136278130459,6.806873321533203,5634000.0
2019-01-15,6.806873267422011,6.967814709087632,6.787939006721843,6.901544570922852,4208300.0
2019-01-16,6.9015446036590005,7.0151501683988755,6.7311362565491875,6.8447418212890625,6264000.0
2019-01-17,6.769005131988397,7.043552153509619,6.731136608428809,7.034084796905518,6166900.0
2019-01-18,7.081421116865963,7.318099629526685,7.062486853910242,7.128756999969482,11855800.0
2019-01-22,7.147690930561896,7.157157835885332,6.825808023853574,6.86367654800415,8551600.0
2019-01-23,6.882610288755378,7.090887155807598,6.778471629515076,6.939413070678711,11039700.0
2019-01-24,6.929946587815916,6.958347754791833,6.532326638725798,6.626997947692871,14105000.0
2019-01-25,6.617530654606748,7.062486488165948,6.617530654606748,6.9204792976379395,12488000.0
2019-01-28,6.88261100444282,6.948881149291992,6.778472334373672,6.948881149291992,7752400.0
2019-01-29,6.9772821453919525,7.024618026463555,6.816340691462603,6.825808048248291,6943300.0
2019-01-30,6.873143670639177,6.911012193499856,6.740603389198401,6.835274696350098,5849300.0
2019-01-31,6.825807991797914,7.365435135552042,6.806873729811545,7.346500873565674,26422500.0
2019-02-01,7.3370336276443116,7.412770676733383,7.071953504404141,7.138223648071289,8893900.0
2019-02-04,7.195026847581492,7.337034048482981,7.1098228881833565,7.232895374298096,8152500.0
2019-02-05,7.346500120188672,7.592645952197845,7.261295724273441,7.393835544586182,10414000.0
2019-02-06,7.403303335256621,7.497974641041817,7.0246176606874435,7.043551921844482,15713900.0
2019-02-07,6.948880316696607,7.090887043542453,6.683800220489502,6.683800220489502,14162400.0
2019-02-08,8.293214266792265,8.880176796699011,8.047068427614892,8.832840919494629,43495800.0
2019-02-11,8.804440284887145,9.287264636325581,8.747637048247462,9.145256996154785,21771900.0
2019-02-12,10.697869319433295,10.754671658818534,10.26238080509986,10.29078197479248,48856600.0
2019-02-13,10.3854521620866,10.57479476928711,10.300247763132178,10.57479476928711,21831800.0
2019-02-14,10.508527268271946,10.660001385539216,10.394920777464536,10.489592552185059,11313300.0
2019-02-15,10.527459190107058,10.650532113989305,10.3949189098823,10.451722145080566,9687300.0
2019-02-19,10.442254788738056,10.517991833764547,10.290780698685072,10.451722145080566,10020000.0
2019-02-20,10.404385487025984,10.574794277001837,10.385451678615738,10.555859565734863,7530100.0
2019-02-21,10.536926732672981,10.688400825403027,10.451722329798129,10.51799201965332,6734200.0
2019-02-22,10.489591748410957,10.688401737804503,10.394919980944742,10.66946792602539,12814100.0
2019-02-25,10.707334313505203,10.707334313505203,10.404385259845627,10.565326690673828,11629400.0
2019-02-26,10.57479549117988,10.74520430072175,10.565328134459369,10.58426284790039,8617600.0
2019-02-27,10.579475402832031,10.770958934612032,10.455010878908654,10.579475402832031,18683800.0
2019-02-28,10.617771626824172,10.617771626824172,10.48373270413479,10.531603813171387,7744900.0
2019-03-01,10.608199119567871,10.64649583103302,10.522031290504883,10.608199119567871,9068900.0
2019-03-04,10.656069278250497,10.770959402307243,10.608198164960468,10.703940391540527,8191800.0
2019-03-05,10.684790649620034,10.751809654544797,10.54117823533398,10.550752639770508,4688800.0
2019-03-06,10.560326095527998,10.608197204483728,10.48373268642501,10.512454986572266,5812400.0
2019-03-07,10.512455001821628,10.579474919683056,10.320971478786396,10.397564888000488,4966500.0
2019-03-08,10.387991399127053,10.579474922207986,10.349694694510866,10.531603813171387,4252400.0
2019-03-11,10.522030378788369,10.627347010991231,10.435862557191678,10.455011367797852,5618400.0
2019-03-12,10.455010906312237,10.550753128985939,10.416714199855857,10.426288604736328,7704400.0
2019-03-13,10.43586159509819,10.636919522599536,10.42628810374324,10.531603813171387,14146800.0
2019-03-14,10.512455004330564,10.5411782175918,10.48373270413479,10.531603813171387,14887500.0
2019-03-15,10.560326620800906,10.569901025681377,10.378417493399477,10.426288604736328,22118600.0
2019-03-18,10.675216695101186,10.81883002850543,10.569900981057144,10.790107727050781,31730000.0
2019-03-19,10.8571271566018,11.010313987731934,10.799681638395233,11.010313987731934,30181000.0
2019-03-20,10.991164729826004,10.991164729826004,10.866701119399194,10.904997825622559,14719600.0
2019-03-21,10.895423889724961,10.943295002830851,10.790108171344436,10.799681663513184,21122900.0
2019-03-22,10.799681696514627,10.88584951775543,10.723088280537368,10.742237091064453,22547600.0
2019-03-25,10.74223658210812,10.809255589646543,10.694365471124032,10.751810073852539,14656500.0
2019-03-26,10.790107727050781,10.82840443334548,10.751810107690583,10.790107727050781,22506500.0
2019-03-27,10.770959352096055,10.933720588684082,10.74223704948215,10.933720588684082,29888800.0
2019-03-28,10.933720572166868,11.029462798155969,10.904998269596351,11.010313987731934,36171200.0
2019-03-29,11.000739582519916,11.019888392943951,10.885849459172317,11.010313987731934,68687100.0
2019-04-01,10.80925606874747,10.914571787127995,10.742237058238546,10.799681663513184,20151100.0
2019-04-02,10.713513384567097,10.79968120186119,10.656068781748035,10.77095890045166,14645200.0
2019-04-03,10.790107699789997,10.81883000117208,10.68479107294653,10.713513374328613,10697400.0
2019-04-04,10.742238021177545,10.837979342906081,10.65607019247593,10.818831443786621,9710900.0
2019-04-05,10.83797839599345,10.83797839599345,10.751810574820304,10.780533790588379,7000400.0
2019-04-08,10.79968119515652,10.809255599975586,10.761384488945755,10.809255599975586,6393800.0
2019-04-09,10.809255613444709,10.809255613444709,10.713513391265742,10.732662200927734,7676200.0
2019-04-10,10.732662207686412,10.76138450913199,10.608197684001576,10.694365501403809,9640000.0
2019-04-11,10.703940391540527,10.742237099559443,10.656069278250497,10.703940391540527,9349300.0
2019-04-12,10.627346951170027,10.809256085576983,10.608198140671641,10.723088264465332,12208700.0
2019-04-15,10.67521666813067,10.723087779144473,10.598623255734784,10.713513374328613,20221400.0
2019-04-16,10.742237099559443,10.751810591765015,10.617772570231583,10.703940391540527,10133100.0
2019-04-17,10.656068781748035,10.837977908095732,10.656068781748035,10.77095890045166,9725300.0
2019-04-18,10.761384980076329,10.809256093290914,10.703940374671259,10.780533790588379,10248000.0
2019-04-22,10.770959393789541,10.780533799053083,10.703940383075823,10.742237091064453,3837600.0
2019-04-23,10.742237091064453,10.809256101778171,10.73266268580091,10.742237091064453,5108300.0
2019-04-24,10.780533799921251,10.818830507912965,10.61777256269008,10.64649486541748,9745300.0
2019-04-25,10.684791598080116,10.723088306160255,10.608198181919834,10.627346992492676,6640800.0
2019-04-26,10.703940374671259,10.79968168803489,10.665643666712699,10.780533790588379,11615500.0
2019-04-29,10.522029406239755,10.550752619494135,10.282674774179348,10.397564888000488,38272500.0
2019-04-30,10.426288106370874,10.474158302354077,10.263526883444698,10.359268188476562,41339900.0
2019-05-01,10.426289082279435,10.52203039627276,10.28267574169113,10.37841796875,29102400.0
2019-05-02,10.407140271641444,10.48373368806232,10.301824552329123,10.37841796875,10516900.0
2019-05-03,10.435861537078353,12.178363870090777,10.426288045776628,10.991164207458496,40882500.0
2019-05-06,10.780533656142515,11.709229040822065,10.694365836043984,11.623062133789062,34461000.0
2019-05-07,11.536894751231577,11.85284282819829,11.249668977698501,11.728378295898438,32157500.0
2019-05-08,11.201797509956222,11.498597679627835,10.675217093931737,11.086907386779785,27051200.0
2019-05-09,11.048611146574277,11.287965808253153,10.732663066203408,11.077333450317383,18445800.0
2019-05-10,11.173075641127838,11.39328149083057,10.991165587571556,11.230520248413086,38267500.0
2019-05-13,10.97201768949833,11.297540174333301,10.837978750723469,11.230520248413086,14440800.0
2019-05-14,11.326261950077269,11.728377834594315,11.297539647773345,11.603913307189941,18446800.0
2019-05-15,11.709228419525969,12.724092483520508,11.642209413256733,12.724092483520508,25076900.0
2019-05-16,12.848558451672108,13.011319696428725,12.542184773572872,12.676222801208496,10868100.0
2019-05-17,12.647499518712788,13.53789909313727,12.618777216879407,12.925150871276855,20666500.0
2019-05-20,12.906002061344259,13.145356707108645,12.63792511374649,12.925150871276855,9545600.0
2019-05-21,12.982596874975158,13.116634897268938,12.791112420728822,12.934725761413574,7162300.0
2019-05-22,12.82940869760196,12.82940869760196,12.18793817141531,12.561331748962402,12039900.0
2019-05-23,12.47516439574385,12.68579674835604,12.34112637295336,12.5517578125,4440600.0
2019-05-24,12.59005405837172,12.685796282332511,12.36027381654444,12.523035049438477,3289100.0
2019-05-28,12.465590945920873,12.800686917104374,12.456016540527344,12.456016540527344,7527800.0
2019-05-29,12.427292892680972,12.456016107863846,11.967732406541238,12.082622528076172,7882800.0
2019-05-30,12.149641055392744,12.293254386413377,11.958157527097384,12.034750938415527,5733100.0
2019-05-31,11.948583650607901,12.082622582872638,11.670932294039575,11.814545631408691,6842100.0
2019-06-03,11.852843231051576,12.073049086636411,11.699656390111587,12.044326782226562,5841700.0
2019-06-04,12.523035527259083,12.542184338008077,12.130494037560215,12.475164413452148,6817600.0
2019-06-05,12.615334983177803,12.692670295164776,12.334994246747613,12.634668350219727,5455400.0
2019-06-06,12.644335768687526,13.118014795349373,12.53799994287864,13.060013771057129,5840400.0
2019-06-07,13.050345925595913,13.282351854125977,12.992343982508592,13.069680213928223,5348400.0
2019-06-10,13.25335205521404,13.25335205521404,12.973011312709104,13.060013771057129,3664300.0
2019-06-11,13.069681071212932,13.147016385795638,12.866675639955906,12.9536771774292,3770700.0
2019-06-12,12.94401071229279,13.176016651698944,12.866675399157405,12.905343055725098,3344100.0
2019-06-13,12.876341112021016,13.243684295823758,12.808672946184327,13.224350929260254,2567600.0
2019-06-14,13.185683677461265,13.253351845367346,13.031012130675066,13.127681732177734,2633900.0
2019-06-17,13.166349158828972,13.330686925372335,13.08901384773911,13.156682014465332,2952000.0
2019-06-18,13.23401834611184,13.33068795338377,13.13734966074961,13.272686004638672,2257500.0
2019-06-19,13.292018716088188,13.359686879995387,12.97301034065484,13.021345138549805,5900900.0
2019-06-20,13.108348066239628,13.214683887941096,12.973010811602611,13.040678977966309,6121900.0
2019-06-21,13.021346091649708,13.050346603745549,12.576667577904955,12.644335746765137,12942400.0
2019-06-24,12.799005357589733,12.828006789292536,12.508997493928781,12.566999435424805,5916800.0
2019-06-25,12.528332594038824,12.876341499850309,12.499332082365278,12.75067138671875,5288000.0
2019-06-26,12.750670635813576,12.934342683385163,12.576666654109998,12.683002471923828,5830000.0
2019-06-27,12.721669897996701,12.799005204459755,12.595999794516846,12.712002754211426,3222500.0
2019-06-28,12.74100552328159,13.031012492011907,12.683003576389725,12.9536771774292,6510200.0
2019-07-01,13.079346944810153,13.089014089352242,10.498278354289994,11.203964233398438,26306200.0
2019-07-02,10.730285038921728,11.435969984622695,10.730285038921728,11.31029987335205,11526500.0
2019-07-03,11.23296479007022,11.387635415724047,11.14596233266253,11.281299591064453,3231600.0
2019-07-05,11.16529655456543,11.252299011449026,10.884955816779199,11.16529655456543,7647700.0
2019-07-08,11.116961202112742,11.136295490198242,10.933290074848493,11.068626403808594,7044300.0
2019-07-09,11.020291833036309,11.107294287398165,10.865621212797285,11.039626121520996,7183300.0
2019-07-10,11.11696232961195,11.136296619658362,10.85595494544354,10.923624038696289,4358700.0
2019-07-11,10.904289223091913,10.98162453573082,10.817286765895732,10.865621566772461,4567300.0
2019-07-12,10.855954354006405,10.962291099649015,10.6626160736239,10.749618530273438,4816800.0
2019-07-15,10.768952566537019,11.020291864180939,10.681950111929284,10.739951133728027,5449500.0
2019-07-16,10.720618520528655,10.894623441972952,10.70128423063054,10.768953323364258,4325900.0
2019-07-17,10.759284922222378,10.875287882338169,10.623947674465832,10.681949615478516,2784100.0
2019-07-18,10.681949615478516,10.749617778402,10.575612877273525,10.681949615478516,3781000.0
2019-07-19,10.730284887639879,10.894622652222282,10.633615288976248,10.70128345489502,4961100.0
2019-07-22,10.730285071001237,10.923623349722687,10.556280159197117,10.594947814941406,3705700.0
2019-07-23,10.633614963656202,10.67228261755675,10.488611492006545,10.575613021850586,3362800.0
2019-07-24,10.565947576831459,10.672283402400547,10.507945630760357,10.643282890319824,5799300.0
2019-07-25,10.604614031307227,10.797952293108954,10.585279744172277,10.633614540100098,4016300.0
2019-07-26,10.672283696859814,10.807620960153375,10.52728021054575,10.73028564453125,2896400.0
2019-07-29,10.730284131955738,10.797952293108954,10.585279744172277,10.633614540100098,2436700.0
2019-07-30,10.633615359014929,11.000958545682781,10.633615359014929,10.817286491394043,5196000.0
2019-07-31,10.788286787663127,10.82695444589487,10.38227591527497,10.546613693237305,7365800.0
2019-08-01,10.527278647095551,10.672282111874546,10.478943851532707,10.517611503601074,3997500.0
2019-08-02,10.536946187059106,10.536946187059106,10.237272076511532,10.343607902526855,3551300.0
2019-08-05,10.237271985849567,10.266272497795159,9.782926329790248,9.81192684173584,6082000.0
2019-08-06,9.918263206822422,10.024599027801631,9.695923498708199,9.947263717651367,4641100.0
2019-08-07,9.879596331371422,10.1309356482388,9.773259580091292,10.092267990112305,4454200.0
2019-08-08,10.130935174216857,10.285606721395517,10.063267006139075,10.0729341506958,3888000.0
2019-08-09,10.063266730575796,10.10193438583421,9.821593654733306,10.024599075317383,2346400.0
2019-08-12,9.947263444640827,9.947263444640827,9.502584962526551,9.521919250488281,2970200.0
2019-08-13,9.473585772952843,9.657256924642002,9.347915649414062,9.347915649414062,7266100.0
2019-08-14,9.260911916802458,9.289912426905419,8.980571194048256,9.222244262695312,6416900.0
2019-08-15,9.241578953578514,9.289912831887303,8.700230850569506,8.709897994995117,6739400.0
2019-08-16,8.74856521853466,8.835567670247238,8.661562766822083,8.80656623840332,4477000.0
2019-08-19,9.096574154571389,9.13524180867089,8.85490108597211,8.883901596069336,5991300.0
2019-08-20,8.777566043423597,8.787233187718444,8.419890001700852,8.516559600830078,8547900.0
2019-08-21,8.574560646396407,8.758232700865893,8.477891968910551,8.555227279663086,3975900.0
2019-08-22,8.555227075963803,8.748565348241769,8.555227075963803,8.622895240783691,2832800.0
2019-08-23,8.593894580616253,8.622895090475028,8.323220082235718,8.390889167785645,5153400.0
2019-08-26,8.429557570146427,8.516560029358516,8.410223280583887,8.458558082580566,2847400.0
2019-08-27,8.545559858407842,8.564893224514632,8.458557406153302,8.506892204284668,7574300.0
2019-08-28,9.057906124479274,9.096573776973687,8.719564395630563,9.019238471984863,10250400.0
2019-08-29,9.038573265075684,9.144909084909541,8.864568358157001,9.038573265075684,6189300.0
2019-08-30,9.125575858794535,9.31891507650101,9.125575858794535,9.231912612915039,5301600.0
2019-09-03,9.183576555187962,9.280246150848512,8.767898584521017,8.80656623840332,8927900.0
2019-09-04,8.816233582835558,9.096574310334695,8.709897762718509,9.077240943908691,5471100.0
2019-09-05,9.570253624254208,9.647588936303604,9.260912376056629,9.579920768737793,6802300.0
2019-09-06,9.545654014968688,9.947060854926223,9.545654014968688,9.809995651245117,4830400.0
2019-09-09,9.800206092366714,10.084128103151286,9.77083417375375,10.054757118225098,4678000.0
2019-09-10,9.966642966745876,10.407211463759484,9.966642966745876,10.358259201049805,8966600.0
2019-09-11,10.328887510736028,10.524695614501036,10.13307940697102,10.514904975891113,4523900.0
2019-09-12,10.573648596760341,10.573648596760341,10.289726593468306,10.358259201049805,3349400.0
2019-09-13,10.348467732553743,10.505114213723322,10.348467732553743,10.4365816116333,2349900.0
2019-09-16,10.368049543564991,10.661762177729393,10.32888792125552,10.622600555419922,3876200.0
2019-09-17,10.58343872810001,10.58343872810001,10.240773839264804,10.338678359985352,3360200.0
2019-09-18,10.32888831882843,10.436582550903093,10.142869905433294,10.270145416259766,2463700.0
2019-09-19,10.250565240544324,10.250565240544324,9.956852590222097,10.054757118225098,3376800.0
2019-09-20,10.054757444078714,10.162451681422738,9.92748192702479,9.956852912902832,6199100.0
2019-09-23,9.888319162737726,10.142869233849536,9.7904146428347,10.133079528808594,2709200.0
2019-09-24,10.172241489059058,10.279935717592325,10.103707949368133,10.20161247253418,2718600.0
2019-09-25,10.240774431818814,10.32888831882843,10.191822168626054,10.270145416259766,1911700.0
2019-09-26,10.270144495076972,10.299516410570165,10.113498013859989,10.142868995666504,2379500.0
2019-09-27,10.25056512917451,10.377840640720883,10.152660602235215,10.309307098388672,2322500.0
2019-09-30,10.182031096143753,10.446372745928473,10.14286947399269,10.289726257324219,3350300.0
2019-10-01,10.319098090877814,10.407211981400556,10.07433769884211,10.377840995788574,5203400.0
2019-10-02,10.289726024219917,10.289726024219917,9.8197856353665,9.839366912841797,3120200.0
2019-10-03,9.80999550843455,10.025383949279785,9.643558391798996,10.025383949279785,1915600.0
2019-10-04,10.074337064830472,10.142869671507707,9.966642835239567,10.11349868774414,1877600.0
2019-10-07,10.1134984693377,10.309306579677463,10.093918125147082,10.123289108276367,2032000.0
2019-10-08,10.02538434460335,10.10370758685129,9.868737860107467,9.966642379760742,2064500.0
2019-10-09,10.005803573438143,10.035174554604723,9.790414199614364,9.858946800231934,2641300.0
2019-10-10,9.88831871508517,9.947060677418328,9.800204837898775,9.858946800231934,2557700.0
2019-10-11,9.9666422589351,10.436581706725665,9.878528379052696,10.348467826843262,3507400.0
2019-10-14,10.387630520082485,10.671552532527741,10.348468895389582,10.42679214477539,2830700.0
2019-10-15,10.407211163198212,10.407211163198212,10.14286951241221,10.162450790405273,3009300.0
2019-10-16,10.211402930531936,10.279935535320995,10.06454614838675,10.084127426147461,3470200.0
2019-10-17,10.103708090048228,10.172241630693389,9.947061597750851,9.986223220825195,1807400.0
2019-10-18,9.937269883599944,10.054755673800736,9.849156941479313,9.907898902893066,3163900.0
2019-10-21,10.769455704484562,11.405832259002167,10.475743089443105,11.239395141601562,17740300.0
2019-10-22,11.405832229856069,11.679964501160475,11.161071873561417,11.660383224487305,6830500.0
2019-10-23,11.650592803955078,11.719126339905724,11.43520435864356,11.650592803955078,4051800.0
2019-10-24,11.650593580246191,11.650593580246191,11.41562384223916,11.533108711242676,2768000.0
2019-10-25,11.493946592678515,11.65059307792937,11.288347847365094,11.513527870178223,2948800.0
2019-10-28,11.454784301875241,11.650592396994536,11.454784301875241,11.542898178100586,3197600.0
2019-10-29,11.493946689843101,11.582060571963256,11.317719859289499,11.425414085388184,3116200.0
2019-10-30,11.415623385914403,11.562480166563445,11.307929160387804,11.386252403259277,3351100.0
2019-10-31,11.386252009499485,11.47436588810441,11.25897651081311,11.44499397277832,3592200.0
2019-11-01,11.464575707031951,11.562480227984727,11.258976959980492,11.425414085388184,4230600.0
2019-11-04,11.533108449529017,11.572270071641519,11.200234194729394,11.2100248336792,5232400.0
2019-11-05,11.239396553381772,11.38625334619251,11.161073304024091,11.219816207885742,6338100.0
2019-11-06,11.699545810833786,13.138737086193233,11.151283090297536,12.74712085723877,24250600.0
2019-11-07,12.864605203915675,12.864605203915675,12.541521594716379,12.7275390625,7531800.0
2019-11-08,12.668795918512197,12.727538816178239,12.521940074877122,12.570892333984375,5381400.0
2019-11-11,12.512150232673898,12.570893134078723,12.081372379223238,12.159695625305176,3912100.0
2019-11-12,12.159694889688264,12.335922649554863,12.061790371165333,12.149904251098633,4474600.0
2019-11-13,12.100951963794023,12.159694861508985,11.914934499455562,11.983467102050781,3845000.0
2019-11-14,11.993258416917824,12.110743285286038,11.914935171339014,11.954096794128418,3805800.0
2019-11-15,11.959042108601858,11.978824979448602,11.652399592051783,11.780991554260254,2993800.0
2019-11-18,11.870016846945187,12.354708975126178,11.731532977460253,12.087634086608887,8032500.0
2019-11-19,12.137093142855901,12.156876014484878,11.800775835065306,11.84034252166748,4538700.0
2019-11-20,11.790883769256515,11.93925860618631,11.78099186190274,11.820558547973633,4477800.0
2019-11-21,11.870017333533134,12.26568420064655,11.632617213265085,11.72164249420166,10547800.0
2019-11-22,11.761209587912525,11.840342964073637,11.405108451843262,11.405108451843262,3587100.0
2019-11-25,11.474349993026847,11.494132863894231,11.296299438499462,11.3556489944458,5908200.0
2019-11-26,11.414999961853027,11.731533455465351,11.355649460128605,11.414999961853027,5579200.0
2019-11-27,11.395216693705155,11.513916749679893,11.395216693705155,11.424891471862793,2669700.0
2019-11-29,11.424891869364467,11.494133335256109,11.395217090174368,11.414999961853027,1281600.0
2019-12-02,11.395217395595486,11.464458863342974,11.1776001412322,11.454566955566406,3340800.0
2019-12-03,11.316082292166504,11.504024753514003,11.197382237110064,11.474349975585938,5462600.0
2019-12-04,11.434784083357515,11.711750897691722,11.424892175580945,11.454566955566406,4540200.0
2019-12-05,11.474350801183931,11.642509460449219,11.434784113318232,11.642509460449219,4229500.0
2019-12-06,11.721642642287703,11.87001748349368,11.721642642287703,11.741425514221191,2931100.0
2019-12-09,11.711750825929965,11.751317513449555,11.573266947939274,11.691967010498047,2162300.0
2019-12-10,11.69196642326721,11.711750237705482,11.355649124570151,11.494132995605469,3788300.0
2019-12-11,11.47435021377058,11.56337454940274,11.375433027498133,11.444674491882324,4409100.0
2019-12-12,11.434783350789871,11.553483406471459,11.296299480822592,11.543591499328613,5728100.0
2019-12-13,11.43478406785414,11.43478406785414,10.950090964246119,10.959982872009277,6534800.0
2019-12-16,11.019333318492643,11.088574785789652,10.752257470328345,10.890741348266602,9334100.0
2019-12-17,10.880849551927012,11.227058778644208,10.791824268294349,11.029224395751953,6654700.0
2019-12-18,11.019332786307022,11.147924750322636,10.870957007822456,11.068790435791016,4332200.0
2019-12-19,11.06879068926758,11.375433217149142,11.029224002767787,11.345758438110352,5541100.0
2019-12-20,11.424891400842107,11.612832919131092,11.32597421647263,11.3556489944458,15326300.0
2019-12-23,11.454566881043354,11.474350696467779,10.821498937625353,10.890741348266602,3354500.0
2019-12-24,10.880849373412413,10.950090840282156,10.791824091240326,10.82149887084961,1151600.0
2019-12-26,10.831390231799439,10.95009028758957,10.772040675576466,10.811607360839844,1975800.0
2019-12-27,10.851174354553223,10.861065318642082,10.623665200313605,10.851174354553223,2466000.0
2019-12-30,10.841282110857716,11.019332665753613,10.742364926283509,10.930307388305664,3034300.0
2019-12-31,10.920416059271439,11.128141403198242,10.880849372016058,11.128141403198242,2297400.0
2020-01-02,11.32597423991412,11.335866147040377,10.8214982966052,10.930307388305664,3705200.0
2020-01-03,10.811607882839127,10.979766539163457,10.781932159950669,10.940199851989746,4053300.0
2020-01-06,10.880849165644873,10.890741073107163,10.643449046615233,10.732474327087402,3366600.0
2020-01-07,10.692908073689882,10.801716230149596,10.593990881748864,10.603882789611816,3058400.0
2020-01-08,10.574206482386808,10.613773168310509,10.277456809631163,10.406048774719238,4854700.0
2020-01-09,10.406049104212164,10.643449227271303,10.277457135052405,10.633557319641113,4183900.0
2020-01-10,10.633557607234824,10.653341423030273,10.445616073899357,10.485182762145996,2565800.0
2020-01-13,10.435724044339452,10.554424107695532,10.247781569850805,10.346698760986328,5596000.0
2020-01-14,10.336806783100519,10.613773595719675,10.17854003303243,10.584098815917969,13196200.0
2020-01-15,10.623665400784198,11.306191933038244,10.623665400784198,11.246841430664062,6732000.0
2020-01-16,11.266624758972291,11.375432908054117,11.187491388122929,11.306191444396973,2728500.0
2020-01-17,11.316083156543549,11.335866972236229,10.81160811985549,10.910524368286133,3569100.0
2020-01-21,10.870956845518581,10.920415437608352,10.524748587578555,10.742364883422852,3955700.0
2020-01-22,10.752257541075206,10.762149448852504,10.53464028669587,10.653341293334961,3861500.0
2020-01-23,10.593990325927734,10.692907512678993,10.415939767113152,10.593990325927734,4249400.0
2020-01-24,10.613773319721373,10.732474322530006,10.336806514304405,10.42583179473877,5452500.0
2020-01-27,10.326914450394622,10.406048765516239,9.941139498815776,10.099406242370605,11767300.0
2020-01-28,10.119188967622383,10.475290078826392,10.059839411317842,10.38626480102539,4875700.0
2020-01-29,10.425831736125009,10.485182237195657,10.287347862522967,10.356590270996094,4743200.0
2020-01-30,10.287347824471311,10.297239731837198,9.960922428150678,10.168647766113281,4413400.0
2020-01-31,10.178539524412614,10.277456709934414,10.099406153332849,10.14886474609375,5342300.0
2020-02-03,10.178539923069856,10.445615768432617,10.129081328371838,10.445615768432617,4098800.0
2020-02-04,10.53463976612935,10.702798416656924,10.455506394509811,10.524748802185059,4904600.0
2020-02-05,11.573266856732312,12.86907751363929,11.513917297592771,12.048068046569824,17843200.0
2020-02-06,12.176659796528872,12.344817506625203,11.939258734213604,11.9590425491333,5382900.0
2020-02-07,11.879909663014155,12.20633507581321,11.652400498834789,11.89969253540039,6376000.0
2020-02-10,11.870017300783056,12.127201235369302,11.77110011260551,11.84034252166748,3822600.0
2020-02-11,11.8700171413983,11.949150513540086,11.751317083185622,11.820558547973633,2996900.0
2020-02-12,11.820558428666569,11.840342243174437,11.61283309305494,11.682075500488281,4094500.0
2020-02-13,11.53370002195765,11.662291989573712,11.405108054341586,11.414999961853027,4028000.0
2020-02-14,11.4399995803833,11.479999542236328,11.270000457763672,11.40999984741211,2522400.0
2020-02-18,11.520000457763672,11.680000305175781,11.430000305175781,11.539999961853027,3235600.0
2020-02-19,11.710000038146973,11.779999732971191,11.420000076293945,11.489999771118164,3700500.0
2020-02-20,11.449999809265137,11.539999961853027,11.319999694824219,11.420000076293945,4116800.0
2020-02-21,11.369999885559082,11.390000343322754,11.170000076293945,11.239999771118164,2964000.0
2020-02-24,10.899999618530273,10.930000305175781,10.649999618530273,10.699999809265137,4718600.0
2020-02-25,10.720000267028809,10.760000228881836,10.329999923706055,10.449999809265137,7090300.0
2020-02-26,10.479999542236328,10.510000228881836,10.020000457763672,10.029999732971191,7424200.0
2020-02-27,9.930000305175781,10.0600004196167,9.5,9.670000076293945,6937200.0
2020-02-28,9.289999961853027,9.649999618530273,9.140000343322754,9.229999542236328,9857500.0
2020-03-02,9.279999732971191,9.3100004196167,8.899999618530273,9.300000190734863,7867900.0
2020-03-03,9.359999656677246,9.4399995803833,8.819999694824219,8.859999656677246,6919000.0
2020-03-04,8.949999809265137,9.210000038146973,8.84000015258789,9.199999809265137,4245900.0
2020-03-05,8.859999656677246,9.079999923706055,8.789999961853027,8.90999984741211,6172100.0
2020-03-06,8.619999885559082,9.100000381469727,8.5,8.600000381469727,5324900.0
2020-03-09,8.09000015258789,8.3100004196167,7.650000095367432,7.670000076293945,3691300.0
2020-03-10,7.929999828338623,8.109999656677246,7.510000228881836,8.010000228881836,4641300.0
2020-03-11,7.789999961853027,7.909999847412109,7.409999847412109,7.440000057220459,7693800.0
2020-03-12,6.889999866485596,6.989999771118164,6.019999980926514,6.300000190734863,7080500.0
2020-03-13,6.789999961853027,7.809999942779541,6.769999980926514,7.769999980926514,10497900.0
2020-03-16,6.820000171661377,7.0,5.869999885559082,5.920000076293945,8499300.0
2020-03-17,5.960000038146973,6.099999904632568,4.96999979019165,5.449999809265137,11207600.0
2020-03-18,5.039999961853027,5.050000190734863,3.0199999809265137,3.740000009536743,15539000.0
2020-03-19,3.9700000286102295,4.28000020980835,3.369999885559082,4.019999980926514,14953400.0
2020-03-20,4.159999847412109,4.849999904632568,3.799999952316284,4.480000019073486,15650300.0
2020-03-23,4.460000038146973,5.480000019073486,4.380000114440918,5.150000095367432,10417100.0
2020-03-24,5.650000095367432,6.019999980926514,5.010000228881836,5.099999904632568,11382000.0
2020-03-25,5.159999847412109,5.630000114440918,4.610000133514404,5.380000114440918,9569000.0
2020-03-26,5.460000038146973,7.360000133514404,5.400000095367432,6.679999828338623,14299000.0
2020-03-27,6.349999904632568,6.570000171661377,5.909999847412109,6.309999942779541,8175300.0
2020-03-30,6.170000076293945,6.230000019073486,5.170000076293945,5.409999847412109,7549000.0
2020-03-31,5.539999961853027,5.789999961853027,5.050000190734863,5.159999847412109,6877000.0
2020-04-01,4.960000038146973,4.96999979019165,4.440000057220459,4.460000038146973,9980800.0
2020-04-02,4.539999961853027,5.21999979019165,4.269999980926514,4.460000038146973,9251300.0
2020-04-03,4.480000019073486,4.659999847412109,4.300000190734863,4.599999904632568,5974300.0
2020-04-06,5.059999942779541,5.25,4.820000171661377,5.0,5940800.0
2020-04-07,5.5,6.570000171661377,5.440000057220459,5.559999942779541,9645700.0
2020-04-08,5.78000020980835,5.949999809265137,5.679999828338623,5.880000114440918,6209200.0
2020-04-09,6.190000057220459,6.349999904632568,5.96999979019165,6.019999980926514,7429200.0
2020-04-13,5.989999771118164,5.989999771118164,5.510000228881836,5.789999961853027,4390100.0
2020-04-14,5.949999809265137,6.420000076293945,5.860000133514404,6.289999961853027,5688900.0
2020-04-15,5.949999809265137,5.96999979019165,5.610000133514404,5.78000020980835,4693000.0
2020-04-16,5.71999979019165,5.75,5.519999980926514,5.71999979019165,3805600.0
2020-04-17,5.900000095367432,6.099999904632568,5.590000152587891,5.75,4893500.0
2020-04-20,5.579999923706055,5.949999809265137,5.329999923706055,5.679999828338623,4538600.0
2020-04-21,5.5,5.769999980926514,5.320000171661377,5.670000076293945,4115600.0
2020-04-22,5.840000152587891,5.920000076293945,5.360000133514404,5.590000152587891,3506100.0
2020-04-23,5.550000190734863,6.070000171661377,5.5,5.929999828338623,4615400.0
2020-04-24,5.980000019073486,6.360000133514404,5.920000076293945,6.269999980926514,12160800.0
2020-04-27,6.0,6.199999809265137,5.389999866485596,5.440000057220459,15681400.0
2020-04-28,5.760000228881836,5.880000114440918,5.539999961853027,5.809999942779541,21306600.0
2020-04-29,5.949999809265137,5.96999979019165,5.289999961853027,5.460000038146973,31573500.0
2020-04-30,5.449999809265137,5.5,5.21999979019165,5.449999809265137,9426700.0
2020-05-01,5.329999923706055,5.389999866485596,5.099999904632568,5.179999828338623,6178500.0
2020-05-04,5.03000020980835,5.420000076293945,4.860000133514404,5.329999923706055,12285700.0
2020-05-05,5.440000057220459,5.449999809265137,5.199999809265137,5.230000019073486,8258500.0
2020-05-06,5.269999980926514,5.329999923706055,4.869999885559082,4.889999866485596,5103000.0
2020-05-07,4.96999979019165,5.190000057220459,4.889999866485596,4.929999828338623,7335000.0
2020-05-08,5.099999904632568,5.300000190734863,5.019999980926514,5.199999809265137,10284900.0
2020-05-11,5.71999979019165,5.730000019073486,4.760000228881836,4.78000020980835,22850700.0
2020-05-12,4.900000095367432,4.920000076293945,4.309999942779541,4.329999923706055,15458600.0
2020-05-13,4.079999923706055,4.139999866485596,3.5999999046325684,3.6600000858306885,27807900.0
2020-05-14,3.7200000286102295,3.7200000286102295,3.2699999809265137,3.359999895095825,21991600.0
2020-05-15,3.359999895095825,3.4200000762939453,3.2200000286102295,3.2899999618530273,19394400.0
2020-05-18,3.5,3.569999933242798,3.3399999141693115,3.4200000762939453,20692000.0
2020-05-19,3.4700000286102295,3.4700000286102295,3.240000009536743,3.25,19093100.0
2020-05-20,3.259999990463257,3.369999885559082,3.1600000858306885,3.2799999713897705,21103700.0
2020-05-21,3.319999933242798,3.4700000286102295,3.25,3.3299999237060547,21849000.0
2020-05-22,3.490000009536743,3.880000114440918,3.4600000381469727,3.75,31253500.0
2020-05-26,4.130000114440918,4.380000114440918,4.0,4.28000020980835,27981200.0
2020-05-27,4.449999809265137,4.659999847412109,4.199999809265137,4.510000228881836,29151000.0
2020-05-28,4.46999979019165,4.489999771118164,4.119999885559082,4.190000057220459,30826300.0
2020-05-29,4.010000228881836,4.059999942779541,3.5999999046325684,3.630000114440918,60388000.0
2020-06-01,3.990000009536743,4.440000057220459,3.859999895095825,4.389999866485596,55033100.0
2020-06-02,4.5,4.630000114440918,4.179999828338623,4.190000057220459,32397400.0
2020-06-03,4.480000019073486,4.829999923706055,4.309999942779541,4.75,48809200.0
2020-06-04,5.039999961853027,5.260000228881836,4.679999828338623,4.840000152587891,45210400.0
2020-06-05,5.190000057220459,5.199999809265137,4.940000057220459,5.079999923706055,32694100.0
2020-06-08,5.420000076293945,6.269999980926514,5.269999980926514,6.210000038146973,42058300.0
2020-06-09,5.989999771118164,6.010000228881836,5.360000133514404,5.639999866485596,29785100.0
2020-06-10,5.690000057220459,5.699999809265137,5.039999961853027,5.159999847412109,28322600.0
2020-06-11,4.579999923706055,4.96999979019165,4.409999847412109,4.579999923706055,21340700.0
2020-06-12,4.949999809265137,5.090000152587891,4.650000095367432,4.869999885559082,17277300.0
2020-06-15,4.550000190734863,4.860000133514404,4.420000076293945,4.769999980926514,26151700.0
2020-06-16,5.179999828338623,5.21999979019165,4.860000133514404,5.039999961853027,16197600.0
2020-06-17,4.929999828338623,5.039999961853027,4.789999961853027,4.840000152587891,12969300.0
2020-06-18,4.550000190734863,4.929999828338623,4.550000190734863,4.699999809265137,10967200.0
2020-06-19,4.78000020980835,4.960000038146973,4.630000114440918,4.71999979019165,22142000.0
2020-06-22,4.659999847412109,4.730000019073486,4.53000020980835,4.619999885559082,12966700.0
2020-06-23,4.630000114440918,4.699999809265137,4.510000228881836,4.650000095367432,15524400.0
2020-06-24,4.590000152587891,4.590000152587891,4.289999961853027,4.329999923706055,13774300.0
2020-06-25,4.210000038146973,4.489999771118164,4.159999847412109,4.360000133514404,10389400.0
2020-06-26,4.360000133514404,4.409999847412109,4.0,4.179999828338623,11821600.0
2020-06-29,4.809999942779541,4.820000171661377,4.460000038146973,4.739999771118164,34366000.0
2020-06-30,4.659999847412109,4.760000228881836,4.380000114440918,4.46999979019165,20515400.0
2020-07-01,4.440000057220459,4.690000057220459,4.309999942779541,4.320000171661377,16511200.0
2020-07-02,4.550000190734863,4.590000152587891,4.369999885559082,4.449999809265137,12770000.0
2020-07-06,4.489999771118164,4.53000020980835,4.300000190734863,4.449999809265137,11037500.0
2020-07-07,4.349999904632568,4.389999866485596,4.210000038146973,4.269999980926514,10535200.0
2020-07-08,4.210000038146973,4.309999942779541,4.110000133514404,4.28000020980835,10326600.0
2020-07-09,4.389999866485596,4.400000095367432,4.099999904632568,4.099999904632568,13143300.0
2020-07-10,4.039999961853027,4.28000020980835,4.039999961853027,4.21999979019165,8950100.0
2020-07-13,4.230000019073486,4.369999885559082,4.150000095367432,4.269999980926514,10850900.0
2020-07-14,4.190000057220459,4.300000190734863,4.139999866485596,4.199999809265137,7894700.0
2020-07-15,4.309999942779541,4.480000019073486,4.28000020980835,4.400000095367432,16719200.0
2020-07-16,4.320000171661377,4.420000076293945,4.28000020980835,4.300000190734863,6954100.0
2020-07-17,4.340000152587891,4.349999904632568,4.179999828338623,4.199999809265137,7145300.0
2020-07-20,4.159999847412109,4.260000228881836,3.9800000190734863,4.010000228881836,12424300.0
2020-07-21,4.090000152587891,4.239999771118164,4.070000171661377,4.119999885559082,9972400.0
2020-07-22,4.119999885559082,4.170000076293945,4.059999942779541,4.119999885559082,7069900.0
2020-07-23,4.059999942779541,4.25,4.059999942779541,4.170000076293945,6793900.0
2020-07-24,4.130000114440918,4.199999809265137,3.9800000190734863,4.010000228881836,12723900.0
2020-07-27,4.0,4.010000228881836,3.869999885559082,4.010000228881836,10090200.0
2020-07-28,3.940000057220459,4.119999885559082,3.940000057220459,4.070000171661377,7924200.0
2020-07-29,4.010000228881836,4.039999961853027,3.8499999046325684,3.869999885559082,13143600.0
2020-07-30,3.819999933242798,3.950000047683716,3.759999990463257,3.819999933242798,11307400.0
2020-07-31,3.799999952316284,3.8499999046325684,3.6700000762939453,3.7100000381469727,8802500.0
2020-08-03,3.690000057220459,3.7300000190734863,3.5299999713897705,3.680000066757202,10969600.0
2020-08-04,3.6500000953674316,3.9200000762939453,3.609999895095825,3.8299999237060547,9658000.0
2020-08-05,3.859999895095825,3.950000047683716,3.799999952316284,3.950000047683716,6148300.0
2020-08-06,3.9000000953674316,4.0,3.880000114440918,3.950000047683716,5365700.0
2020-08-07,3.9000000953674316,4.0,3.8399999141693115,4.0,5415900.0
2020-08-10,4.0,4.25,3.9600000381469727,4.239999771118164,8592300.0
2020-08-11,4.349999904632568,4.53000020980835,4.170000076293945,4.199999809265137,10824800.0
2020-08-12,4.21999979019165,4.25,4.099999904632568,4.170000076293945,6211400.0
2020-08-13,4.099999904632568,4.190000057220459,4.090000152587891,4.110000133514404,4151300.0
2020-08-14,4.059999942779541,4.269999980926514,4.019999980926514,4.190000057220459,5803500.0
2020-08-17,4.150000095367432,4.150000095367432,3.9200000762939453,3.9800000190734863,9553000.0
2020-08-18,3.930000066757202,4.059999942779541,3.930000066757202,3.940000057220459,4573700.0
2020-08-19,3.9200000762939453,4.010000228881836,3.859999895095825,3.869999885559082,6374000.0
2020-08-20,3.8299999237060547,3.880000114440918,3.7799999713897705,3.799999952316284,5552800.0
2020-08-21,3.7899999618530273,3.869999885559082,3.740000009536743,3.7899999618530273,6536500.0
2020-08-24,3.8499999046325684,3.990000009536743,3.75,3.990000009536743,8352200.0
2020-08-25,4.019999980926514,4.050000190734863,3.859999895095825,3.9200000762939453,6266200.0
2020-08-26,3.940000057220459,3.9700000286102295,3.8299999237060547,3.8499999046325684,8893900.0
2020-08-27,3.5299999713897705,3.740000009536743,3.4600000381469727,3.5399999618530273,28819600.0
2020-08-28,3.609999895095825,3.7200000286102295,3.569999933242798,3.7100000381469727,15411100.0
2020-08-31,3.75,3.759999990463257,3.559999942779541,3.5799999237060547,12149500.0
2020-09-01,3.559999942779541,3.609999895095825,3.4800000190734863,3.5899999141693115,10639300.0
2020-09-02,3.549999952316284,3.619999885559082,3.5,3.5199999809265137,10474600.0
2020-09-03,3.559999942779541,3.75,3.559999942779541,3.640000104904175,14977600.0
2020-09-04,3.75,3.9200000762939453,3.6700000762939453,3.869999885559082,18723900.0
2020-09-08,3.8299999237060547,3.9200000762939453,3.740000009536743,3.7899999618530273,16388500.0
2020-09-09,3.819999933242798,3.819999933242798,3.5999999046325684,3.700000047683716,13593900.0
2020-09-10,3.700000047683716,3.7899999618530273,3.6500000953674316,3.6600000858306885,8881500.0
2020-09-11,3.700000047683716,3.700000047683716,3.5,3.509999990463257,10351800.0
2020-09-14,3.569999933242798,3.5799999237060547,3.359999895095825,3.390000104904175,17602400.0
2020-09-15,3.390000104904175,3.4600000381469727,3.180000066757202,3.180000066757202,27753100.0
2020-09-16,3.2200000286102295,3.299999952316284,3.1700000762939453,3.25,14748000.0
2020-09-17,3.2100000381469727,3.2699999809265137,3.140000104904175,3.2200000286102295,14521100.0
2020-09-18,3.2100000381469727,3.2100000381469727,3.0399999618530273,3.049999952316284,91803700.0
2020-09-21,3.049999952316284,3.2200000286102295,3.0,3.0199999809265137,21535100.0
2020-09-22,3.0199999809265137,3.319999933242798,3.0199999809265137,3.0899999141693115,17981800.0
2020-09-23,3.2100000381469727,3.259999990463257,2.9200000762939453,2.9200000762939453,21359600.0
2020-09-24,2.890000104904175,2.9000000953674316,2.6500000953674316,2.7699999809265137,19389100.0
2020-09-25,2.799999952316284,2.8499999046325684,2.680000066757202,2.700000047683716,13438800.0
2020-09-28,2.75,2.8299999237060547,2.690000057220459,2.75,12695700.0
2020-09-29,2.7699999809265137,2.7699999809265137,2.6500000953674316,2.6500000953674316,10420100.0
2020-09-30,2.75,2.819999933242798,2.690000057220459,2.700000047683716,12932900.0
2020-10-01,2.700000047683716,2.880000114440918,2.700000047683716,2.8499999046325684,11082200.0
2020-10-02,2.7300000190734863,2.930000066757202,2.700000047683716,2.9100000858306885,9340200.0
2020-10-05,2.950000047683716,3.0299999713897705,2.880000114440918,3.0,9503100.0
2020-10-06,3.0799999237060547,3.2300000190734863,3.0299999713897705,3.0399999618530273,14409200.0
2020-10-07,3.130000114440918,3.390000104904175,3.130000114440918,3.3299999237060547,16020300.0
2020-10-08,3.5299999713897705,3.819999933242798,3.440000057220459,3.740000009536743,32281000.0
2020-10-09,3.799999952316284,3.8299999237060547,3.5,3.549999952316284,19245300.0
2020-10-12,3.5299999713897705,3.549999952316284,3.369999885559082,3.390000104904175,10469100.0
2020-10-13,3.2899999618530273,3.359999895095825,3.259999990463257,3.2799999713897705,7671600.0
2020-10-14,3.2300000190734863,3.4000000953674316,3.180000066757202,3.3399999141693115,6485300.0
2020-10-15,3.259999990463257,3.359999895095825,3.240000009536743,3.2899999618530273,6595100.0
2020-10-16,3.299999952316284,3.3499999046325684,3.2300000190734863,3.259999990463257,5296000.0
2020-10-19,3.240000009536743,3.3399999141693115,3.2100000381469727,3.2100000381469727,7547800.0
2020-10-20,3.2699999809265137,3.3399999141693115,3.2200000286102295,3.240000009536743,4901900.0
2020-10-21,3.2100000381469727,3.2799999713897705,3.180000066757202,3.259999990463257,4636700.0
2020-10-22,3.319999933242798,3.369999885559082,3.2100000381469727,3.359999895095825,5990500.0
2020-10-23,3.380000114440918,3.450000047683716,3.319999933242798,3.390000104904175,6313400.0
2020-10-26,3.319999933242798,3.319999933242798,3.0999999046325684,3.1600000858306885,9347000.0
2020-10-27,3.1500000953674316,3.180000066757202,3.069999933242798,3.0799999237060547,6254300.0
2020-10-28,3.0,3.0399999618530273,2.940000057220459,2.950000047683716,6590700.0
2020-10-29,2.9600000381469727,3.0199999809265137,2.869999885559082,2.9800000190734863,13542400.0
2020-10-30,2.950000047683716,3.049999952316284,2.9000000953674316,2.9000000953674316,7022700.0
2020-11-02,2.9600000381469727,3.069999933242798,2.890000104904175,3.049999952316284,7688200.0
2020-11-03,3.0999999046325684,3.190000057220459,3.059999942779541,3.140000104904175,7625100.0
2020-11-04,3.109999895095825,3.109999895095825,3.0,3.0199999809265137,7409200.0
2020-11-05,3.059999942779541,3.4100000858306885,3.049999952316284,3.3399999141693115,11113100.0
2020-11-06,3.7899999618530273,4.159999847412109,3.7100000381469727,4.079999923706055,50118600.0
2020-11-09,4.460000038146973,4.619999885559082,4.090000152587891,4.449999809265137,38385500.0
2020-11-10,4.460000038146973,4.559999942779541,4.159999847412109,4.28000020980835,17430400.0
2020-11-11,4.300000190734863,4.710000038146973,4.300000190734863,4.630000114440918,20020100.0
2020-11-12,4.550000190734863,4.590000152587891,4.369999885559082,4.429999828338623,9838000.0
2020-11-13,4.480000019073486,4.829999923706055,4.46999979019165,4.789999961853027,12913500.0
2020-11-16,4.980000019073486,5.340000152587891,4.869999885559082,5.320000171661377,27678600.0
2020-11-17,5.150000095367432,5.230000019073486,4.880000114440918,5.110000133514404,16562600.0
2020-11-18,5.21999979019165,5.570000171661377,5.21999979019165,5.300000190734863,15112600.0
2020-11-19,5.800000190734863,6.349999904632568,5.71999979019165,6.25,55271400.0
2020-11-20,6.300000190734863,6.349999904632568,5.960000038146973,6.050000190734863,21906800.0
2020-11-23,6.21999979019165,6.889999866485596,6.170000076293945,6.860000133514404,22040700.0
2020-11-24,7.5,7.610000133514404,6.980000019073486,7.550000190734863,27674700.0
2020-11-25,7.150000095367432,7.389999866485596,6.949999809265137,7.260000228881836,22210500.0
2020-11-27,6.519999980926514,7.079999923706055,6.360000133514404,6.889999866485596,20007100.0
2020-11-30,6.809999942779541,7.480000019073486,6.809999942779541,7.190000057220459,19696900.0
2020-12-01,7.420000076293945,7.420000076293945,6.929999828338623,6.96999979019165,14705800.0
2020-12-02,6.860000133514404,7.420000076293945,6.78000020980835,7.389999866485596,11521900.0
2020-12-03,7.440000057220459,7.710000038146973,7.429999828338623,7.53000020980835,14778600.0
2020-12-04,7.650000095367432,7.860000133514404,7.579999923706055,7.75,10914900.0
2020-12-07,7.599999904632568,7.849999904632568,7.400000095367432,7.449999809265137,11598200.0
2020-12-08,7.21999979019165,7.239999771118164,6.760000228881836,7.150000095367432,15791800.0
2020-12-09,7.239999771118164,7.400000095367432,7.119999885559082,7.170000076293945,8567900.0
2020-12-10,6.900000095367432,7.159999847412109,6.889999866485596,7.130000114440918,6146100.0
2020-12-11,7.099999904632568,7.25,6.809999942779541,6.909999847412109,8462700.0
2020-12-14,7.21999979019165,7.269999980926514,6.570000171661377,6.659999847412109,12050100.0
2020-12-15,6.739999771118164,7.0,6.610000133514404,6.880000114440918,8740700.0
2020-12-16,6.900000095367432,6.949999809265137,6.78000020980835,6.820000171661377,7610400.0
2020-12-17,6.840000152587891,6.96999979019165,6.619999885559082,6.860000133514404,10840700.0
2020-12-18,6.900000095367432,7.079999923706055,6.78000020980835,6.989999771118164,12839200.0
2020-12-21,6.710000038146973,6.849999904632568,6.510000228881836,6.789999961853027,13733100.0
2020-12-22,6.880000114440918,7.690000057220459,6.690000057220459,7.25,30986700.0
2020-12-23,7.400000095367432,7.730000019073486,7.260000228881836,7.409999847412109,12428100.0
2020-12-24,7.429999828338623,7.440000057220459,7.059999942779541,7.179999828338623,5475200.0
2020-12-28,7.28000020980835,7.360000133514404,7.03000020980835,7.050000190734863,7041100.0
2020-12-29,7.070000171661377,7.170000076293945,6.829999923706055,6.860000133514404,7297200.0
2020-12-30,6.900000095367432,7.150000095367432,6.849999904632568,6.989999771118164,6044200.0
2020-12-31,6.980000019073486,7.170000076293945,6.880000114440918,7.019999980926514,5792000.0
2021-01-04,7.050000190734863,7.050000190734863,6.639999866485596,6.760000228881836,9424800.0
2021-01-05,6.760000228881836,6.960000038146973,6.760000228881836,6.889999866485596,7097200.0
2021-01-06,6.949999809265137,7.260000228881836,6.820000171661377,6.960000038146973,10631100.0
2021-01-07,7.079999923706055,7.230000019073486,6.980000019073486,7.0,8113500.0
2021-01-08,6.96999979019165,7.059999942779541,6.730000019073486,6.809999942779541,8002900.0
2021-01-11,6.639999866485596,6.880000114440918,6.579999923706055,6.809999942779541,6271700.0
2021-01-12,6.800000190734863,6.949999809265137,6.679999828338623,6.920000076293945,6548400.0
2021-01-13,7.03000020980835,7.559999942779541,6.96999979019165,7.150000095367432,15846100.0
2021-01-14,7.260000228881836,7.380000114440918,7.119999885559082,7.170000076293945,6642000.0
2021-01-15,7.159999847412109,7.190000057220459,6.869999885559082,6.900000095367432,7284900.0
2021-01-19,7.0,7.070000171661377,6.829999923706055,6.900000095367432,6311800.0
2021-01-20,6.920000076293945,6.96999979019165,6.730000019073486,6.889999866485596,5481400.0
2021-01-21,6.929999828338623,6.989999771118164,6.809999942779541,6.889999866485596,6384900.0
2021-01-22,6.809999942779541,6.809999942779541,6.199999809265137,6.329999923706055,31100500.0
2021-01-25,6.369999885559082,6.960000038146973,6.300000190734863,6.860000133514404,19287300.0
2021-01-26,6.860000133514404,6.949999809265137,6.630000114440918,6.78000020980835,10885500.0
2021-01-27,6.670000076293945,7.130000114440918,6.570000171661377,6.869999885559082,16125500.0
2021-01-28,6.869999885559082,7.099999904632568,6.639999866485596,6.75,10208600.0
2021-01-29,6.710000038146973,6.78000020980835,6.360000133514404,6.369999885559082,12505800.0
2021-02-01,6.5,6.679999828338623,6.21999979019165,6.559999942779541,15997900.0
2021-02-02,6.690000057220459,6.769999980926514,6.5,6.670000076293945,13890300.0
2021-02-03,6.650000095367432,6.78000020980835,6.460000038146973,6.760000228881836,11978500.0
2021-02-04,6.730000019073486,6.889999866485596,6.590000152587891,6.889999866485596,11347200.0
2021-02-05,7.050000190734863,7.769999980926514,6.980000019073486,7.639999866485596,28954500.0
2021-02-08,7.75,8.199999809265137,7.699999809265137,7.940000057220459,23510000.0
2021-02-09,7.0,7.380000114440918,6.46999979019165,6.739999771118164,56859900.0
2021-02-10,6.929999828338623,6.949999809265137,6.480000019073486,6.570000171661377,24406600.0
2021-02-11,6.619999885559082,6.949999809265137,6.519999980926514,6.949999809265137,29874000.0
2021-02-12,6.75,6.949999809265137,6.670000076293945,6.78000020980835,9261900.0
2021-02-16,6.920000076293945,7.340000152587891,6.829999923706055,7.179999828338623,22094800.0
2021-02-17,7.400000095367432,7.519999980926514,7.090000152587891,7.260000228881836,23126200.0
2021-02-18,7.0,7.25,6.929999828338623,7.139999866485596,12333300.0
2021-02-19,7.25,7.739999771118164,7.230000019073486,7.690000057220459,16704800.0
2021-02-22,7.650000095367432,8.170000076293945,7.590000152587891,8.069999694824219,17739200.0
2021-02-23,7.570000171661377,7.960000038146973,7.28000020980835,7.920000076293945,13953400.0
2021-02-24,7.949999809265137,8.319999694824219,7.849999904632568,8.220000267028809,16813300.0
2021-02-25,8.359999656677246,8.369999885559082,7.650000095367432,7.800000190734863,13126000.0
2021-02-26,7.760000228881836,7.860000133514404,7.429999828338623,7.670000076293945,11015100.0
2021-03-01,7.949999809265137,8.279999732971191,7.860000133514404,8.069999694824219,13927000.0
2021-03-02,8.0600004196167,8.1899995803833,7.940000057220459,7.949999809265137,6561000.0
2021-03-03,7.96999979019165,8.25,7.849999904632568,8.149999618530273,8567400.0
2021-03-04,8.149999618530273,8.529999732971191,7.639999866485596,7.820000171661377,14575700.0
2021-03-05,7.960000038146973,7.980000019073486,7.159999847412109,7.820000171661377,12421700.0
2021-03-08,7.829999923706055,7.989999771118164,7.590000152587891,7.809999942779541,10318900.0
2021-03-09,8.09000015258789,8.699999809265137,7.980000019073486,8.529999732971191,18517600.0
2021-03-10,8.680000305175781,8.899999618530273,8.449999809265137,8.75,10892500.0
2021-03-11,8.869999885559082,8.869999885559082,8.630000114440918,8.850000381469727,6702500.0
2021-03-12,8.819999694824219,9.029999732971191,8.789999961853027,8.970000267028809,7440200.0
2021-03-15,9.079999923706055,9.600000381469727,9.0600004196167,9.369999885559082,9827100.0
2021-03-16,9.319999694824219,9.34000015258789,8.880000114440918,9.020000457763672,7592400.0
2021-03-17,8.899999618530273,9.220000267028809,8.84000015258789,9.15999984741211,5917200.0
2021-03-18,9.130000114440918,9.130000114440918,8.520000457763672,8.520000457763672,9401600.0
2021-03-19,8.5,8.850000381469727,8.430000305175781,8.800000190734863,7564600.0
2021-03-22,8.800000190734863,8.819999694824219,8.579999923706055,8.699999809265137,6135800.0
2021-03-23,8.5600004196167,8.569999694824219,8.210000038146973,8.279999732971191,9059000.0
2021-03-24,8.369999885559082,8.5,8.109999656677246,8.119999885559082,7814300.0
2021-03-25,7.940000057220459,8.619999885559082,7.860000133514404,8.59000015258789,8101900.0
2021-03-26,8.649999618530273,8.9399995803833,8.539999961853027,8.779999732971191,8840300.0
2021-03-29,8.789999961853027,9.1899995803833,8.789999961853027,8.930000305175781,6689100.0
2021-03-30,8.869999885559082,9.180000305175781,8.699999809265137,9.149999618530273,6584000.0
2021-03-31,9.029999732971191,9.119999885559082,8.960000038146973,9.010000228881836,7237800.0
2021-04-01,9.069999694824219,9.109999656677246,8.899999618530273,8.970000267028809,4792600.0
2021-04-05,9.109999656677246,9.130000114440918,8.760000228881836,9.069999694824219,5172500.0
2021-04-06,9.069999694824219,9.069999694824219,8.829999923706055,8.850000381469727,7124500.0
2021-04-07,8.850000381469727,8.869999885559082,8.600000381469727,8.6899995803833,5900700.0
2021-04-08,8.670000076293945,8.8100004196167,8.5600004196167,8.779999732971191,4757900.0
2021-04-09,8.739999771118164,8.789999961853027,8.529999732971191,8.670000076293945,4613000.0
2021-04-12,8.649999618530273,8.770000457763672,8.5600004196167,8.699999809265137,4655700.0
2021-04-13,8.609999656677246,8.699999809265137,8.460000038146973,8.649999618530273,3625400.0
2021-04-14,8.619999885559082,8.819999694824219,8.5600004196167,8.649999618530273,3879500.0
2021-04-15,8.75,9.3100004196167,8.550000190734863,9.130000114440918,19130300.0
2021-04-16,9.229999542236328,9.25,8.890000343322754,9.0,6313000.0
2021-04-19,8.9399995803833,9.239999771118164,8.9399995803833,9.09000015258789,6030200.0
2021-04-20,8.960000038146973,9.029999732971191,8.510000228881836,8.6899995803833,9426500.0
2021-04-21,8.6899995803833,9.180000305175781,8.600000381469727,9.09000015258789,6441800.0
2021-04-22,9.140000343322754,9.460000038146973,9.100000381469727,9.199999809265137,9420500.0
2021-04-23,9.270000457763672,10.15999984741211,9.180000305175781,9.90999984741211,17910300.0
2021-04-26,9.989999771118164,10.069999694824219,9.579999923706055,9.859999656677246,7939800.0
2021-04-27,10.09000015258789,10.390000343322754,9.979999542236328,10.220000267028809,8423400.0
2021-04-28,10.170000076293945,10.359999656677246,10.100000381469727,10.279999732971191,5374600.0
2021-04-29,10.319999694824219,10.350000381469727,10.039999961853027,10.180000305175781,5255000.0
2021-04-30,10.329999923706055,10.489999771118164,9.90999984741211,10.010000228881836,6128400.0
2021-05-03,10.050000190734863,10.270000457763672,9.970000267028809,10.25,6807000.0
2021-05-04,10.199999809265137,10.199999809265137,9.75,10.010000228881836,6103000.0
2021-05-05,10.149999618530273,10.170000076293945,9.8100004196167,9.829999923706055,5420800.0
2021-05-06,9.84000015258789,10.0,9.630000114440918,9.989999771118164,4974700.0
2021-05-07,9.989999771118164,10.350000381469727,9.880000114440918,10.34000015258789,6827900.0
2021-05-10,9.300000190734863,10.0,8.970000267028809,9.0,20484900.0
2021-05-11,8.75,9.34000015258789,8.600000381469727,9.210000038146973,10033700.0
2021-05-12,9.010000228881836,9.130000114440918,8.65999984741211,8.6899995803833,9718800.0
2021-05-13,8.789999961853027,8.979999542236328,8.300000190734863,8.649999618530273,8161100.0
2021-05-14,8.800000190734863,9.010000228881836,8.710000038146973,8.949999809265137,5461400.0
2021-05-17,8.930000305175781,8.960000038146973,8.6899995803833,8.90999984741211,4192100.0
2021-05-18,8.920000076293945,9.020000457763672,8.75,8.779999732971191,4244400.0
2021-05-19,8.800000190734863,8.8100004196167,8.449999809265137,8.520000457763672,7702500.0
2021-05-20,8.489999771118164,8.6899995803833,8.40999984741211,8.470000267028809,6594000.0
2021-05-21,8.569999694824219,8.640000343322754,8.40999984741211,8.430000305175781,5432700.0
2021-05-24,8.449999809265137,8.789999961853027,8.319999694824219,8.649999618530273,5629100.0
2021-05-25,8.680000305175781,8.829999923706055,8.529999732971191,8.5600004196167,4386700.0
2021-05-26,8.600000381469727,8.880000114440918,8.539999961853027,8.84000015258789,4138200.0
2021-05-27,8.9399995803833,8.960000038146973,8.770000457763672,8.890000343322754,3814500.0
2021-05-28,8.989999771118164,9.079999923706055,8.869999885559082,8.90999984741211,4962700.0
2021-06-01,9.100000381469727,9.210000038146973,9.010000228881836,9.050000190734863,4886600.0
2021-06-02,9.079999923706055,9.130000114440918,8.869999885559082,8.949999809265137,4564900.0
2021-06-03,8.920000076293945,8.930000305175781,8.699999809265137,8.8100004196167,4477700.0
2021-06-04,8.890000343322754,8.920000076293945,8.699999809265137,8.729999542236328,3244800.0
2021-06-07,8.760000228881836,9.0600004196167,8.729999542236328,9.010000228881836,6299500.0
2021-06-08,9.069999694824219,9.489999771118164,9.0,9.119999885559082,8976300.0
2021-06-09,9.1899995803833,9.1899995803833,8.800000190734863,8.800000190734863,4885400.0
2021-06-10,8.829999923706055,8.920000076293945,8.649999618530273,8.670000076293945,6428200.0
2021-06-11,8.710000038146973,9.069999694824219,8.710000038146973,9.039999961853027,5099600.0
2021-06-14,9.119999885559082,9.319999694824219,9.039999961853027,9.210000038146973,7802100.0
2021-06-15,9.199999809265137,9.350000381469727,8.770000457763672,8.8100004196167,11022000.0
2021-06-16,8.800000190734863,9.130000114440918,8.670000076293945,8.800000190734863,8140600.0
2021-06-17,8.800000190734863,8.930000305175781,8.529999732971191,8.569999694824219,6658600.0
2021-06-18,8.489999771118164,8.569999694824219,8.380000114440918,8.40999984741211,5801200.0
2021-06-21,8.5,8.680000305175781,8.4399995803833,8.670000076293945,3453300.0
2021-06-22,8.680000305175781,8.739999771118164,8.470000267028809,8.649999618530273,2807300.0
2021-06-23,8.649999618530273,9.260000228881836,8.649999618530273,9.069999694824219,10957300.0
2021-06-24,9.15999984741211,9.5600004196167,9.079999923706055,9.430000305175781,9503900.0
2021-06-25,9.399999618530273,9.579999923706055,9.25,9.4399995803833,9634600.0
2021-06-28,9.510000228881836,9.529999732971191,9.020000457763672,9.020000457763672,6406400.0
2021-06-29,9.050000190734863,9.199999809265137,8.890000343322754,8.90999984741211,5097900.0
2021-06-30,8.880000114440918,9.5,8.859999656677246,9.34000015258789,11723400.0
2021-07-01,9.359999656677246,9.670000076293945,9.279999732971191,9.3100004196167,7684500.0
2021-07-02,9.300000190734863,9.300000190734863,8.890000343322754,8.890000343322754,6720300.0
2021-07-06,8.920000076293945,8.920000076293945,8.600000381469727,8.65999984741211,6424400.0
2021-07-07,8.65999984741211,8.800000190734863,8.479999542236328,8.680000305175781,4484400.0
2021-07-08,8.449999809265137,8.819999694824219,8.25,8.739999771118164,6375100.0
2021-07-09,8.829999923706055,9.0,8.770000457763672,8.899999618530273,4767700.0
2021-07-12,8.8100004196167,8.890000343322754,8.640000343322754,8.829999923706055,2682300.0
2021-07-13,8.779999732971191,8.819999694824219,8.569999694824219,8.649999618530273,4213000.0
2021-07-14,8.680000305175781,8.890000343322754,8.649999618530273,8.729999542236328,5286600.0
2021-07-15,8.699999809265137,8.710000038146973,8.319999694824219,8.579999923706055,6691400.0
2021-07-16,8.65999984741211,8.720000267028809,8.380000114440918,8.4399995803833,4369200.0
2021-07-19,8.170000076293945,8.399999618530273,8.039999961853027,8.3100004196167,8910100.0
2021-07-20,8.449999809265137,8.710000038146973,8.270000457763672,8.670000076293945,5873200.0
2021-07-21,8.789999961853027,9.079999923706055,8.729999542236328,9.0,7119300.0
2021-07-22,8.960000038146973,8.989999771118164,8.619999885559082,8.6899995803833,3946600.0
2021-07-23,8.710000038146973,8.75,8.520000457763672,8.720000267028809,3718300.0
2021-07-26,8.710000038146973,8.899999618530273,8.65999984741211,8.890000343322754,2763400.0
2021-07-27,8.779999732971191,8.8100004196167,8.609999656677246,8.699999809265137,2320000.0
2021-07-28,8.779999732971191,8.989999771118164,8.710000038146973,8.899999618530273,4757400.0
2021-07-29,8.869999885559082,8.989999771118164,8.789999961853027,8.850000381469727,2687400.0
2021-07-30,8.8100004196167,8.960000038146973,8.710000038146973,8.729999542236328,3221200.0
2021-08-02,8.829999923706055,8.960000038146973,8.510000228881836,8.529999732971191,4472400.0
2021-08-03,8.510000228881836,8.569999694824219,8.3100004196167,8.529999732971191,4104300.0
2021-08-04,8.399999618530273,8.4399995803833,8.0,8.069999694824219,6953200.0
2021-08-05,8.1899995803833,8.640000343322754,8.170000076293945,8.5,5538000.0
2021-08-06,8.5600004196167,8.640000343322754,8.460000038146973,8.600000381469727,3199800.0
2021-08-09,8.520000457763672,8.539999961853027,8.380000114440918,8.460000038146973,2269900.0
2021-08-10,8.4399995803833,8.630000114440918,8.390000343322754,8.569999694824219,4732100.0
2021-08-11,8.550000190734863,8.569999694824219,8.319999694824219,8.489999771118164,5567800.0
2021-08-12,8.5,8.529999732971191,8.260000228881836,8.350000381469727,6060500.0
2021-08-13,8.329999923706055,8.369999885559082,8.180000305175781,8.25,5876600.0
2021-08-16,8.149999618530273,8.199999809265137,8.010000228881836,8.069999694824219,5817400.0
2021-08-17,8.0,8.010000228881836,7.829999923706055,7.900000095367432,6227400.0
2021-08-18,7.989999771118164,8.170000076293945,7.909999847412109,7.960000038146973,4909100.0
2021-08-19,7.849999904632568,7.96999979019165,7.71999979019165,7.760000228881836,5048100.0
2021-08-20,7.730000019073486,7.920000076293945,7.690000057220459,7.860000133514404,4118500.0
2021-08-23,7.860000133514404,8.079999923706055,7.800000190734863,7.929999828338623,6797200.0
2021-08-24,7.929999828338623,8.260000228881836,7.909999847412109,8.170000076293945,12054100.0
2021-08-25,8.220000267028809,8.479999542236328,8.0600004196167,8.229999542236328,10678300.0
2021-08-26,8.649999618530273,9.949999809265137,8.350000381469727,9.4399995803833,36132100.0
2021-08-27,9.289999961853027,9.630000114440918,9.130000114440918,9.510000228881836,10355400.0
2021-08-30,9.59000015258789,9.6899995803833,9.369999885559082,9.520000457763672,5991800.0
2021-08-31,9.569999694824219,9.850000381469727,9.529999732971191,9.770000457763672,9640500.0
2021-09-01,9.8100004196167,10.020000457763672,9.710000038146973,9.729999542236328,6823800.0
2021-09-02,9.800000190734863,9.890000343322754,9.520000457763672,9.600000381469727,5225100.0
2021-09-03,9.489999771118164,9.640000343322754,9.279999732971191,9.479999542236328,5102300.0
2021-09-07,9.5,9.59000015258789,9.270000457763672,9.279999732971191,4920100.0
2021-09-08,8.359999656677246,8.479999542236328,8.199999809265137,8.289999961853027,53443600.0
2021-09-09,8.369999885559082,8.5,8.220000267028809,8.460000038146973,20580700.0
2021-09-10,8.449999809265137,8.630000114440918,8.199999809265137,8.229999542236328,14328300.0
2021-09-13,8.300000190734863,8.520000457763672,8.25,8.489999771118164,9616000.0
2021-09-14,8.4399995803833,8.489999771118164,8.180000305175781,8.3100004196167,7819400.0
2021-09-15,8.270000457763672,8.460000038146973,8.069999694824219,8.40999984741211,10438600.0
2021-09-16,8.369999885559082,8.449999809265137,8.229999542236328,8.3100004196167,5711700.0
2021-09-17,8.3100004196167,8.460000038146973,8.279999732971191,8.350000381469727,9441500.0
2021-09-20,8.149999618530273,8.239999771118164,7.909999847412109,8.039999961853027,10834600.0
2021-09-21,8.109999656677246,8.15999984741211,7.889999866485596,7.980000019073486,9886000.0
2021-09-22,8.0600004196167,8.510000228881836,8.029999732971191,8.319999694824219,12690700.0
2021-09-23,8.34000015258789,8.529999732971191,8.239999771118164,8.25,8580300.0
2021-09-24,8.210000038146973,8.289999961853027,7.96999979019165,8.010000228881836,18602300.0
2021-09-27,8.039999961853027,8.300000190734863,8.039999961853027,8.100000381469727,6377800.0
2021-09-28,8.020000457763672,8.170000076293945,7.980000019073486,8.029999732971191,8270600.0
2021-09-29,8.050000190734863,8.069999694824219,7.829999923706055,7.940000057220459,7811000.0
2021-09-30,7.949999809265137,8.039999961853027,7.699999809265137,7.860000133514404,12844300.0
2021-10-01,8.350000381469727,8.550000190734863,8.0,8.180000305175781,17820300.0
2021-10-04,8.050000190734863,8.239999771118164,8.029999732971191,8.140000343322754,9178700.0
2021-10-05,8.170000076293945,8.300000190734863,8.050000190734863,8.149999618530273,7392100.0
2021-10-06,8.029999732971191,8.220000267028809,7.980000019073486,8.15999984741211,6005600.0
2021-10-07,8.25,8.300000190734863,8.020000457763672,8.180000305175781,9828400.0
2021-10-08,8.15999984741211,8.229999542236328,7.960000038146973,7.96999979019165,7817300.0
2021-10-11,7.980000019073486,7.980000019073486,7.710000038146973,7.71999979019165,9070100.0
2021-10-12,7.699999809265137,7.789999961853027,7.570000171661377,7.690000057220459,7359800.0
2021-10-13,7.75,7.769999980926514,7.53000020980835,7.539999961853027,6038400.0
2021-10-14,7.519999980926514,8.100000381469727,7.5,7.860000133514404,13473000.0
2021-10-15,7.960000038146973,8.119999885559082,7.809999942779541,7.829999923706055,5897700.0
2021-10-18,7.78000020980835,7.869999885559082,7.710000038146973,7.710000038146973,4751000.0
2021-10-19,7.710000038146973,7.739999771118164,7.460000038146973,7.46999979019165,10703900.0
2021-10-20,7.460000038146973,7.809999942779541,7.460000038146973,7.730000019073486,10736800.0
2021-10-21,7.699999809265137,7.940000057220459,7.670000076293945,7.909999847412109,8750300.0
2021-10-22,7.860000133514404,8.140000343322754,7.860000133514404,8.079999923706055,7823400.0
2021-10-25,8.119999885559082,8.119999885559082,7.900000095367432,8.0,5230500.0
2021-10-26,8.359999656677246,8.6899995803833,8.239999771118164,8.579999923706055,14374900.0
2021-10-27,8.520000457763672,8.59000015258789,8.239999771118164,8.239999771118164,6013900.0
2021-10-28,8.25,8.5,8.15999984741211,8.479999542236328,4387300.0
2021-10-29,8.470000267028809,8.600000381469727,8.319999694824219,8.479999542236328,4747200.0
2021-11-01,8.510000228881836,8.729999542236328,8.489999771118164,8.710000038146973,5546700.0
2021-11-02,8.65999984741211,8.729999542236328,8.449999809265137,8.6899995803833,5177000.0
2021-11-03,8.739999771118164,9.180000305175781,8.6899995803833,9.100000381469727,8876800.0
2021-11-04,9.140000343322754,9.220000267028809,8.880000114440918,9.0,9302300.0
2021-11-05,9.100000381469727,9.319999694824219,9.0600004196167,9.289999961853027,9155000.0
2021-11-08,10.09000015258789,10.710000038146973,9.989999771118164,10.6899995803833,34286600.0
2021-11-09,10.819999694824219,10.850000381469727,10.329999923706055,10.8100004196167,16499600.0
2021-11-10,10.350000381469727,10.800000190734863,10.279999732971191,10.470000267028809,29575000.0
2021-11-11,10.5600004196167,10.800000190734863,10.460000038146973,10.789999961853027,9505700.0
2021-11-12,10.899999618530273,11.0,10.739999771118164,10.8100004196167,7891000.0
2021-11-15,10.899999618530273,11.020000457763672,10.789999961853027,10.960000038146973,8075100.0
2021-11-16,10.960000038146973,10.970000267028809,10.6899995803833,10.699999809265137,7272700.0
2021-11-17,11.079999923706055,11.119999885559082,10.640000343322754,10.8100004196167,11368000.0
2021-11-18,10.800000190734863,11.0,10.529999732971191,10.770000457763672,16415300.0
2021-11-19,10.680000305175781,10.850000381469727,10.34000015258789,10.350000381469727,9776800.0
2021-11-22,10.520000457763672,10.520000457763672,10.020000457763672,10.270000457763672,8277600.0
2021-11-23,10.180000305175781,10.359999656677246,10.09000015258789,10.25,5860500.0
2021-11-24,10.140000343322754,10.380000114440918,10.010000228881836,10.300000190734863,4080000.0
2021-11-26,9.579999923706055,9.850000381469727,9.479999542236328,9.640000343322754,8194800.0
2021-11-29,9.920000076293945,10.029999732971191,9.649999618530273,9.970000267028809,7239400.0
2021-11-30,9.819999694824219,9.949999809265137,9.430000305175781,9.729999542236328,10390200.0
2021-12-01,9.90999984741211,9.949999809265137,9.300000190734863,9.3100004196167,9483300.0
2021-12-02,9.470000267028809,9.6899995803833,9.289999961853027,9.670000076293945,7643500.0
2021-12-03,9.670000076293945,9.819999694824219,9.279999732971191,9.399999618530273,7370800.0
2021-12-06,9.59000015258789,9.930000305175781,9.470000267028809,9.800000190734863,5521900.0
2021-12-07,10.029999732971191,10.170000076293945,9.970000267028809,10.029999732971191,4803100.0
2021-12-08,9.979999542236328,10.350000381469727,9.880000114440918,10.270000457763672,5656000.0
2021-12-09,10.170000076293945,10.4399995803833,10.119999885559082,10.130000114440918,3778100.0
2021-12-10,10.220000267028809,10.350000381469727,10.050000190734863,10.149999618530273,5229200.0
2021-12-13,9.960000038146973,10.050000190734863,9.520000457763672,9.65999984741211,5091600.0
2021-12-14,9.739999771118164,9.989999771118164,9.670000076293945,9.819999694824219,6173800.0
2021-12-15,9.819999694824219,9.979999542236328,9.579999923706055,9.970000267028809,5293200.0
2021-12-16,9.970000267028809,10.029999732971191,9.630000114440918,9.699999809265137,4804400.0
2021-12-17,9.59000015258789,9.859999656677246,9.5,9.729999542236328,7812400.0
2021-12-20,9.579999923706055,9.640000343322754,9.329999923706055,9.489999771118164,5104700.0
2021-12-21,9.640000343322754,10.220000267028809,9.609999656677246,10.119999885559082,6638400.0
2021-12-22,10.15999984741211,10.399999618530273,10.09000015258789,10.369999885559082,5048900.0
2021-12-23,10.40999984741211,10.579999923706055,10.390000343322754,10.520000457763672,3356800.0
2021-12-27,10.399999618530273,10.579999923706055,10.380000114440918,10.489999771118164,2970100.0
2021-12-28,10.449999809265137,10.630000114440918,10.420000076293945,10.479999542236328,2330400.0
2021-12-29,10.5,10.550000190734863,10.34000015258789,10.430000305175781,3146100.0
2021-12-30,10.3100004196167,10.5600004196167,10.3100004196167,10.390000343322754,3547700.0
2021-12-31,10.369999885559082,10.539999961853027,10.34000015258789,10.5,4844300.0
2022-01-03,10.5,10.819999694824219,10.5,10.65999984741211,4900900.0
2022-01-04,10.770000457763672,10.789999961853027,10.460000038146973,10.600000381469727,4031700.0
2022-01-05,10.619999885559082,10.640000343322754,10.25,10.270000457763672,5513100.0
2022-01-06,10.3100004196167,10.5,10.15999984741211,10.210000038146973,3864300.0
2022-01-07,10.239999771118164,10.380000114440918,10.020000457763672,10.039999961853027,4689500.0
2022-01-10,10.020000457763672,10.039999961853027,9.319999694824219,9.479999542236328,9964400.0
2022-01-11,9.479999542236328,9.8100004196167,9.380000114440918,9.649999618530273,11228100.0
2022-01-12,9.670000076293945,9.729999542236328,9.350000381469727,9.4399995803833,20399600.0
2022-01-13,9.399999618530273,9.520000457763672,9.170000076293945,9.289999961853027,17746600.0
2022-01-14,9.199999809265137,9.25,8.739999771118164,8.930000305175781,7295800.0
2022-01-18,8.899999618530273,8.930000305175781,8.550000190734863,8.640000343322754,9613500.0
2022-01-19,8.819999694824219,8.9399995803833,8.569999694824219,8.59000015258789,8266500.0
2022-01-20,8.699999809265137,9.069999694824219,8.4399995803833,8.640000343322754,15811400.0
2022-01-21,8.770000457763672,8.789999961853027,8.329999923706055,8.390000343322754,8989200.0
2022-01-24,8.140000343322754,8.489999771118164,7.75,8.430000305175781,15908300.0
2022-01-25,8.279999732971191,8.550000190734863,8.229999542236328,8.390000343322754,7725300.0
2022-01-26,8.5600004196167,8.760000228881836,8.180000305175781,8.319999694824219,7410100.0
2022-01-27,8.449999809265137,8.550000190734863,8.029999732971191,8.069999694824219,6005000.0
2022-01-28,7.849999904632568,8.140000343322754,7.679999828338623,8.130000114440918,11584100.0
2022-01-31,8.119999885559082,8.479999542236328,8.119999885559082,8.479999542236328,8969100.0
2022-02-01,8.550000190734863,8.670000076293945,8.390000343322754,8.569999694824219,5859700.0
2022-02-02,8.680000305175781,8.680000305175781,8.319999694824219,8.510000228881836,8501500.0
2022-02-03,8.399999618530273,8.729999542236328,8.350000381469727,8.399999618530273,19074500.0
2022-02-04,8.40999984741211,8.550000190734863,8.260000228881836,8.470000267028809,13120000.0
2022-02-07,8.5600004196167,8.680000305175781,8.489999771118164,8.579999923706055,21352100.0
2022-02-08,8.800000190734863,9.329999923706055,8.5,9.270000457763672,34113300.0
2022-02-09,9.40999984741211,9.649999618530273,9.350000381469727,9.630000114440918,18481200.0
2022-02-10,9.399999618530273,10.020000457763672,9.380000114440918,9.640000343322754,15396800.0
2022-02-11,9.65999984741211,9.760000228881836,9.239999771118164,9.319999694824219,9856400.0
2022-02-14,9.300000190734863,9.34000015258789,9.069999694824219,9.199999809265137,7341300.0
2022-02-15,9.210000038146973,9.5,9.210000038146973,9.460000038146973,5278700.0
2022-02-16,9.350000381469727,9.510000228881836,9.329999923706055,9.479999542236328,3431700.0
2022-02-17,9.4399995803833,9.510000228881836,9.239999771118164,9.279999732971191,3600200.0
2022-02-18,9.319999694824219,9.489999771118164,9.069999694824219,9.170000076293945,7892100.0
2022-02-22,9.050000190734863,9.170000076293945,8.75,8.859999656677246,7875100.0
2022-02-23,8.960000038146973,9.079999923706055,8.65999984741211,8.680000305175781,7275400.0
2022-02-24,8.229999542236328,8.84000015258789,8.09000015258789,8.8100004196167,10286300.0
2022-02-25,8.850000381469727,9.180000305175781,8.739999771118164,9.130000114440918,5535800.0
2022-02-28,8.90999984741211,9.220000267028809,8.899999618530273,9.170000076293945,6860900.0
2022-03-01,9.119999885559082,9.3100004196167,8.920000076293945,8.989999771118164,7937800.0
2022-03-02,9.130000114440918,9.220000267028809,8.970000267028809,9.170000076293945,9722800.0
2022-03-03,9.319999694824219,9.399999618530273,8.75,8.770000457763672,7813300.0
2022-03-04,8.65999984741211,8.670000076293945,7.980000019073486,8.119999885559082,17635600.0
2022-03-07,8.170000076293945,8.229999542236328,7.329999923706055,7.349999904632568,20032600.0
2022-03-08,7.480000019073486,8.029999732971191,7.239999771118164,7.659999847412109,17351700.0
2022-03-09,7.920000076293945,8.289999961853027,7.889999866485596,8.069999694824219,10752300.0
2022-03-10,7.869999885559082,8.1899995803833,7.769999980926514,8.100000381469727,7736000.0
2022-03-11,8.329999923706055,8.489999771118164,8.1899995803833,8.210000038146973,8090600.0
2022-03-14,8.270000457763672,8.300000190734863,7.820000171661377,7.980000019073486,9384600.0
2022-03-15,8.239999771118164,8.539999961853027,8.180000305175781,8.460000038146973,7755500.0
2022-03-16,8.579999923706055,8.949999809265137,8.569999694824219,8.930000305175781,8848400.0
2022-03-17,8.8100004196167,9.010000228881836,8.789999961853027,8.90999984741211,7045200.0
2022-03-18,8.850000381469727,9.140000343322754,8.739999771118164,9.0600004196167,12758800.0
2022-03-21,9.029999732971191,9.029999732971191,8.760000228881836,8.880000114440918,9216800.0
2022-03-22,8.9399995803833,9.170000076293945,8.920000076293945,8.979999542236328,4922500.0
2022-03-23,8.84000015258789,8.899999618530273,8.710000038146973,8.75,3900700.0
2022-03-24,8.739999771118164,8.850000381469727,8.710000038146973,8.819999694824219,2337700.0
2022-03-25,8.760000228881836,8.970000267028809,8.760000228881836,8.920000076293945,6554300.0
2022-03-28,8.9399995803833,9.050000190734863,8.6899995803833,9.039999961853027,6708000.0
2022-03-29,9.239999771118164,9.5,9.229999542236328,9.420000076293945,5129200.0
2022-03-30,9.239999771118164,9.289999961853027,8.979999542236328,9.050000190734863,3312300.0
2022-03-31,9.0,9.0600004196167,8.859999656677246,8.989999771118164,8434000.0
2022-04-01,9.109999656677246,9.149999618530273,8.84000015258789,8.970000267028809,6660800.0
2022-04-04,8.930000305175781,9.09000015258789,8.800000190734863,9.029999732971191,12173800.0
2022-04-05,9.130000114440918,9.15999984741211,8.739999771118164,8.789999961853027,8842900.0
2022-04-06,8.640000343322754,8.699999809265137,8.399999618530273,8.640000343322754,9152400.0
2022-04-07,8.649999618530273,8.699999809265137,8.239999771118164,8.520000457763672,8238400.0
2022-04-08,8.510000228881836,8.729999542236328,8.399999618530273,8.59000015258789,4319400.0
2022-04-11,8.600000381469727,8.899999618530273,8.59000015258789,8.6899995803833,12754600.0
2022-04-12,8.880000114440918,8.880000114440918,8.479999542236328,8.520000457763672,10370700.0
2022-04-13,8.5600004196167,8.800000190734863,8.539999961853027,8.760000228881836,5701600.0
2022-04-14,8.8100004196167,8.970000267028809,8.5600004196167,8.5600004196167,6252300.0
2022-04-18,8.539999961853027,8.600000381469727,8.270000457763672,8.300000190734863,8446000.0
2022-04-19,8.25,8.619999885559082,8.239999771118164,8.59000015258789,13714900.0
2022-04-20,8.699999809265137,8.899999618530273,8.609999656677246,8.609999656677246,8477900.0
2022-04-21,8.699999809265137,8.770000457763672,8.149999618530273,8.279999732971191,11640200.0
2022-04-22,8.300000190734863,8.40999984741211,8.010000228881836,8.069999694824219,5944200.0
2022-04-25,7.980000019073486,8.270000457763672,7.929999828338623,8.260000228881836,6723600.0
2022-04-26,8.170000076293945,8.25,7.989999771118164,8.020000457763672,4922100.0
2022-04-27,8.050000190734863,8.220000267028809,7.929999828338623,8.0600004196167,5116100.0
2022-04-28,8.119999885559082,8.319999694824219,7.960000038146973,8.25,6239700.0
2022-04-29,8.220000267028809,8.430000305175781,8.100000381469727,8.109999656677246,5995600.0
2022-05-02,8.050000190734863,8.119999885559082,7.730000019073486,8.020000457763672,11403700.0
2022-05-03,7.880000114440918,7.920000076293945,7.559999942779541,7.880000114440918,13651000.0
2022-05-04,7.869999885559082,7.900000095367432,7.409999847412109,7.769999980926514,16575700.0
2022-05-05,7.730000019073486,7.789999961853027,7.389999866485596,7.420000076293945,14275000.0
2022-05-06,7.409999847412109,7.480000019073486,7.070000171661377,7.28000020980835,11995500.0
2022-05-09,7.46999979019165,7.510000228881836,6.570000171661377,6.739999771118164,21067600.0
2022-05-10,6.800000190734863,6.869999885559082,6.03000020980835,6.309999942779541,17903200.0
2022-05-11,6.300000190734863,6.480000019073486,6.179999828338623,6.210000038146973,11816000.0
2022-05-12,6.150000095367432,6.519999980926514,6.070000171661377,6.309999942779541,13651400.0
2022-05-13,6.550000190734863,6.730000019073486,6.449999809265137,6.579999923706055,10433200.0
2022-05-16,6.559999942779541,6.590000152587891,6.230000019073486,6.260000228881836,7630700.0
2022-05-17,6.449999809265137,6.639999866485596,6.309999942779541,6.579999923706055,14055900.0
2022-05-18,6.550000190734863,6.550000190734863,6.110000133514404,6.130000114440918,9292900.0
2022-05-19,6.0,6.510000228881836,5.96999979019165,6.389999866485596,12502200.0
2022-05-20,6.409999847412109,6.5,6.110000133514404,6.269999980926514,8515300.0
2022-05-23,6.329999923706055,6.329999923706055,6.150000095367432,6.309999942779541,6201700.0
2022-05-24,6.199999809265137,6.21999979019165,5.940000057220459,5.989999771118164,11093900.0
2022-05-25,5.900000095367432,6.329999923706055,5.900000095367432,6.269999980926514,6774400.0
2022-05-26,6.380000114440918,6.71999979019165,6.380000114440918,6.679999828338623,9134400.0
2022-05-27,6.820000171661377,7.170000076293945,6.800000190734863,7.079999923706055,13388200.0
2022-05-31,7.070000171661377,7.159999847412109,6.940000057220459,7.090000152587891,8411200.0
2022-06-01,7.199999809265137,7.269999980926514,6.889999866485596,7.039999961853027,8691800.0
2022-06-02,7.050000190734863,7.289999961853027,7.010000228881836,7.269999980926514,5378400.0
2022-06-03,7.139999866485596,7.329999923706055,7.110000133514404,7.269999980926514,6822900.0
2022-06-06,7.309999942779541,7.429999828338623,7.170000076293945,7.25,3694400.0
2022-06-07,7.110000133514404,7.369999885559082,7.110000133514404,7.360000133514404,4398400.0
2022-06-08,7.309999942779541,7.380000114440918,7.150000095367432,7.199999809265137,3896300.0
2022-06-09,7.170000076293945,7.170000076293945,6.960000038146973,6.96999979019165,2937700.0
2022-06-10,6.800000190734863,7.159999847412109,6.78000020980835,7.050000190734863,11140000.0
2022-06-13,6.789999961853027,6.869999885559082,6.510000228881836,6.579999923706055,13153800.0
2022-06-14,6.659999847412109,7.0,6.659999847412109,6.920000076293945,11395200.0
2022-06-15,6.920000076293945,7.46999979019165,6.920000076293945,7.289999961853027,12168200.0
2022-06-16,7.110000133514404,7.179999828338623,6.710000038146973,6.769999980926514,10398600.0
2022-06-17,6.800000190734863,7.090000152587891,6.78000020980835,7.039999961853027,6922000.0
2022-06-21,7.139999866485596,7.420000076293945,7.090000152587891,7.369999885559082,10715900.0
2022-06-22,7.239999771118164,7.510000228881836,7.199999809265137,7.420000076293945,8105700.0
2022-06-23,7.429999828338623,7.519999980926514,7.320000171661377,7.5,8604900.0
2022-06-24,7.699999809265137,8.0600004196167,7.670000076293945,8.050000190734863,12150800.0
2022-06-27,8.0,8.210000038146973,7.809999942779541,8.140000343322754,10088200.0
2022-06-28,8.15999984741211,8.420000076293945,7.920000076293945,8.0,7471800.0
2022-06-29,7.900000095367432,8.0,7.769999980926514,7.849999904632568,10025300.0
2022-06-30,7.760000228881836,8.130000114440918,7.650000095367432,8.010000228881836,10952500.0
2022-07-01,7.96999979019165,8.079999923706055,7.71999979019165,7.769999980926514,6242900.0
2022-07-05,7.570000171661377,8.010000228881836,7.5,7.989999771118164,10471500.0
2022-07-06,7.960000038146973,8.069999694824219,7.710000038146973,7.800000190734863,5933600.0
2022-07-07,7.909999847412109,7.949999809265137,7.800000190734863,7.900000095367432,4780200.0
2022-07-08,7.849999904632568,7.880000114440918,7.619999885559082,7.679999828338623,5772500.0
2022-07-11,7.610000133514404,7.690000057220459,7.440000057220459,7.489999771118164,6417700.0
2022-07-12,7.449999809265137,7.639999866485596,7.440000057220459,7.539999961853027,7090900.0
2022-07-13,7.389999866485596,7.550000190734863,7.260000228881836,7.420000076293945,6443200.0
2022-07-14,7.309999942779541,7.340000152587891,7.03000020980835,7.070000171661377,8610400.0
2022-07-15,7.150000095367432,7.300000190734863,7.090000152587891,7.300000190734863,4622600.0
2022-07-18,7.400000095367432,7.639999866485596,7.300000190734863,7.300000190734863,4083500.0
2022-07-19,7.429999828338623,7.670000076293945,7.420000076293945,7.639999866485596,3099800.0
2022-07-20,7.639999866485596,7.869999885559082,7.570000171661377,7.820000171661377,5547600.0
2022-07-21,7.730000019073486,8.010000228881836,7.699999809265137,7.989999771118164,5623800.0
2022-07-22,8.029999732971191,8.069999694824219,7.71999979019165,7.800000190734863,5731400.0
2022-07-25,7.840000152587891,7.880000114440918,7.650000095367432,7.829999923706055,3438200.0
2022-07-26,7.75,7.78000020980835,7.539999961853027,7.559999942779541,3884800.0
2022-07-27,7.650000095367432,7.730000019073486,7.570000171661377,7.710000038146973,4040500.0
2022-07-28,7.710000038146973,7.849999904632568,7.489999771118164,7.739999771118164,6248500.0
2022-07-29,7.690000057220459,7.690000057220459,7.159999847412109,7.320000171661377,13130300.0
2022-08-01,7.25,7.53000020980835,7.090000152587891,7.329999923706055,8267500.0
2022-08-02,7.329999923706055,7.570000171661377,7.199999809265137,7.400000095367432,4717800.0
2022-08-03,7.480000019073486,7.510000228881836,7.289999961853027,7.480000019073486,4373700.0
2022-08-04,7.409999847412109,7.610000133514404,7.409999847412109,7.519999980926514,3597400.0
2022-08-05,7.420000076293945,7.599999904632568,7.300000190734863,7.519999980926514,4609200.0
2022-08-08,7.550000190734863,7.789999961853027,7.5,7.559999942779541,5023800.0
2022-08-09,7.539999961853027,7.539999961853027,7.21999979019165,7.28000020980835,6918900.0
2022-08-10,7.489999771118164,7.53000020980835,7.409999847412109,7.440000057220459,6095800.0
2022-08-11,7.610000133514404,7.710000038146973,7.420000076293945,7.420000076293945,4803800.0
2022-08-12,7.480000019073486,7.670000076293945,7.460000038146973,7.659999847412109,5143200.0
2022-08-15,7.510000228881836,7.829999923706055,7.510000228881836,7.820000171661377,4204300.0
2022-08-16,7.840000152587891,7.960000038146973,7.699999809265137,7.849999904632568,5768300.0
2022-08-17,7.739999771118164,7.880000114440918,7.679999828338623,7.800000190734863,3140900.0
2022-08-18,7.769999980926514,7.900000095367432,7.659999847412109,7.820000171661377,3515600.0
2022-08-19,7.75,7.75,7.489999771118164,7.5,7847500.0
2022-08-22,7.389999866485596,7.409999847412109,7.300000190734863,7.329999923706055,4824700.0
2022-08-23,7.260000228881836,7.460000038146973,7.230000019073486,7.320000171661377,4192900.0
2022-08-24,7.349999904632568,7.590000152587891,7.329999923706055,7.389999866485596,8292000.0
2022-08-25,7.619999885559082,8.229999542236328,7.619999885559082,8.170000076293945,15152600.0
2022-08-26,8.199999809265137,8.329999923706055,7.929999828338623,7.940000057220459,8146000.0
2022-08-29,7.860000133514404,8.039999961853027,7.760000228881836,7.909999847412109,8313500.0
2022-08-30,7.980000019073486,8.0,7.739999771118164,7.809999942779541,7223500.0
2022-08-31,7.869999885559082,7.929999828338623,7.510000228881836,7.510000228881836,6707200.0
2022-09-01,7.400000095367432,7.46999979019165,7.21999979019165,7.46999979019165,5991700.0
2022-09-02,7.619999885559082,7.619999885559082,7.360000133514404,7.53000020980835,6498200.0
2022-09-06,7.630000114440918,7.630000114440918,7.199999809265137,7.289999961853027,6003700.0
2022-09-07,7.369999885559082,7.559999942779541,7.300000190734863,7.519999980926514,4619000.0
2022-09-08,7.409999847412109,7.510000228881836,7.289999961853027,7.409999847412109,4732900.0
2022-09-09,7.519999980926514,7.909999847412109,7.5,7.860000133514404,6171500.0
2022-09-12,7.929999828338623,8.199999809265137,7.889999866485596,8.069999694824219,7009200.0
2022-09-13,7.75,7.880000114440918,7.579999923706055,7.590000152587891,5232700.0
2022-09-14,7.679999828338623,7.949999809265137,7.599999904632568,7.840000152587891,8391700.0
2022-09-15,7.710000038146973,7.929999828338623,7.659999847412109,7.71999979019165,4794300.0
2022-09-16,7.610000133514404,7.71999979019165,7.489999771118164,7.690000057220459,8693200.0
2022-09-19,7.579999923706055,7.849999904632568,7.579999923706055,7.820000171661377,5418300.0
2022-09-20,7.789999961853027,7.900000095367432,7.679999828338623,7.789999961853027,4287800.0
2022-09-21,8.25,8.350000381469727,8.020000457763672,8.039999961853027,15783000.0
2022-09-22,8.109999656677246,8.109999656677246,7.800000190734863,7.940000057220459,8468800.0
2022-09-23,7.820000171661377,7.820000171661377,7.21999979019165,7.380000114440918,12435400.0
2022-09-26,7.320000171661377,7.449999809265137,7.079999923706055,7.099999904632568,8638900.0
2022-09-27,7.239999771118164,7.380000114440918,6.789999961853027,6.860000133514404,8473700.0
2022-09-28,6.889999866485596,6.929999828338623,6.789999961853027,6.849999904632568,12234700.0
2022-09-29,6.71999979019165,6.739999771118164,6.329999923706055,6.429999828338623,10280600.0
2022-09-30,6.360000133514404,6.510000228881836,6.199999809265137,6.320000171661377,9521200.0
2022-10-03,6.389999866485596,6.599999904632568,6.309999942779541,6.519999980926514,6649700.0
2022-10-04,6.699999809265137,6.989999771118164,6.699999809265137,6.989999771118164,5821600.0
2022-10-05,6.789999961853027,6.920000076293945,6.679999828338623,6.860000133514404,5355700.0
2022-10-06,6.820000171661377,6.949999809265137,6.71999979019165,6.860000133514404,3754000.0
2022-10-07,6.75,6.769999980926514,6.239999771118164,6.329999923706055,8571200.0
2022-10-10,6.309999942779541,6.389999866485596,6.21999979019165,6.289999961853027,6651700.0
2022-10-11,6.300000190734863,6.550000190734863,6.190000057220459,6.360000133514404,6388900.0
2022-10-12,6.329999923706055,6.519999980926514,6.260000228881836,6.489999771118164,4476000.0
2022-10-13,6.25,6.630000114440918,6.190000057220459,6.53000020980835,6880400.0
2022-10-14,6.599999904632568,6.690000057220459,6.420000076293945,6.449999809265137,5210000.0
2022-10-17,6.590000152587891,6.710000038146973,6.550000190734863,6.659999847412109,4795400.0
2022-10-18,6.860000133514404,7.039999961853027,6.840000152587891,6.869999885559082,7029700.0
2022-10-19,6.809999942779541,6.840000152587891,6.550000190734863,6.619999885559082,5558200.0
2022-10-20,6.619999885559082,6.75,6.289999961853027,6.309999942779541,8153700.0
2022-10-21,6.320000171661377,6.480000019073486,6.210000038146973,6.429999828338623,8329600.0
2022-10-24,6.449999809265137,6.449999809265137,6.190000057220459,6.28000020980835,5413700.0
2022-10-25,6.320000171661377,6.760000228881836,6.309999942779541,6.690000057220459,6039200.0
2022-10-26,6.659999847412109,6.809999942779541,6.570000171661377,6.650000095367432,4933800.0
2022-10-27,6.559999942779541,6.699999809265137,6.5,6.599999904632568,4888200.0
2022-10-28,6.630000114440918,6.75,6.519999980926514,6.730000019073486,3928100.0
2022-10-31,6.730000019073486,6.769999980926514,6.610000133514404,6.710000038146973,5697300.0
2022-11-01,6.900000095367432,6.960000038146973,6.760000228881836,6.889999866485596,4550700.0
2022-11-02,6.659999847412109,6.739999771118164,6.400000095367432,6.420000076293945,8262000.0
2022-11-03,6.300000190734863,6.570000171661377,6.289999961853027,6.519999980926514,5922700.0
2022-11-04,6.730000019073486,6.940000057220459,6.699999809265137,6.929999828338623,10559500.0
2022-11-07,7.0,7.090000152587891,6.820000171661377,6.980000019073486,8797000.0
2022-11-08,7.059999942779541,7.230000019073486,6.75,7.079999923706055,7500900.0
2022-11-09,6.960000038146973,7.0,6.519999980926514,6.619999885559082,5229200.0
2022-11-10,7.019999980926514,7.380000114440918,7.0,7.320000171661377,10746100.0
2022-11-11,7.349999904632568,7.880000114440918,7.340000152587891,7.760000228881836,12122600.0
2022-11-14,7.630000114440918,7.679999828338623,7.429999828338623,7.429999828338623,7756400.0
2022-11-15,7.769999980926514,7.929999828338623,7.559999942779541,7.650000095367432,8771300.0
2022-11-16,7.570000171661377,7.659999847412109,7.510000228881836,7.579999923706055,4941800.0
2022-11-17,7.429999828338623,7.760000228881836,7.369999885559082,7.730000019073486,4662400.0
2022-11-18,7.880000114440918,7.909999847412109,7.730000019073486,7.769999980926514,5601600.0
2022-11-21,7.610000133514404,7.699999809265137,7.440000057220459,7.5,3783200.0
2022-11-22,7.539999961853027,7.610000133514404,7.5,7.590000152587891,3163800.0
2022-11-23,7.590000152587891,7.71999979019165,7.559999942779541,7.590000152587891,3479800.0
2022-11-25,7.53000020980835,7.639999866485596,7.519999980926514,7.579999923706055,1261000.0
2022-11-28,7.409999847412109,7.570000171661377,7.349999904632568,7.460000038146973,3814400.0
2022-11-29,7.489999771118164,7.519999980926514,7.400000095367432,7.449999809265137,3222400.0
2022-11-30,7.5,7.900000095367432,7.449999809265137,7.869999885559082,5857600.0
2022-12-01,7.829999923706055,7.989999771118164,7.800000190734863,7.940000057220459,3956200.0
2022-12-02,7.820000171661377,8.109999656677246,7.800000190734863,8.069999694824219,3074400.0
2022-12-05,7.960000038146973,8.029999732971191,7.860000133514404,7.900000095367432,3943900.0
2022-12-06,7.980000019073486,8.029999732971191,7.820000171661377,7.949999809265137,3821400.0
2022-12-07,7.860000133514404,7.920000076293945,7.75,7.820000171661377,2806300.0
2022-12-08,7.940000057220459,8.050000190734863,7.900000095367432,8.020000457763672,3635700.0
2022-12-09,7.96999979019165,7.96999979019165,7.869999885559082,7.889999866485596,2536600.0
2022-12-12,7.900000095367432,7.929999828338623,7.800000190734863,7.920000076293945,3450100.0
2022-12-13,8.25,8.430000305175781,8.130000114440918,8.229999542236328,7949200.0
2022-12-14,8.199999809265137,8.260000228881836,8.069999694824219,8.15999984741211,6996800.0
2022-12-15,7.940000057220459,8.029999732971191,7.809999942779541,7.920000076293945,13003000.0
2022-12-16,7.809999942779541,7.96999979019165,7.78000020980835,7.940000057220459,7111300.0
2022-12-19,7.949999809265137,8.199999809265137,7.769999980926514,7.78000020980835,7368200.0
2022-12-20,7.739999771118164,8.0600004196167,7.71999979019165,7.960000038146973,4761700.0
2022-12-21,8.0,8.350000381469727,8.0,8.3100004196167,7262900.0
2022-12-22,8.199999809265137,8.279999732971191,8.100000381469727,8.270000457763672,5095100.0
2022-12-23,8.220000267028809,8.350000381469727,8.199999809265137,8.319999694824219,4347400.0
2022-12-27,8.34000015258789,8.510000228881836,8.300000190734863,8.470000267028809,4820100.0
2022-12-28,8.4399995803833,8.5600004196167,8.390000343322754,8.420000076293945,5923500.0
2022-12-29,8.460000038146973,8.680000305175781,8.449999809265137,8.640000343322754,5577900.0
2022-12-30,8.520000457763672,8.619999885559082,8.470000267028809,8.5600004196167,4830800.0
2023-01-03,8.8100004196167,8.850000381469727,8.59000015258789,8.770000457763672,9223900.0
2023-01-04,8.800000190734863,9.109999656677246,8.770000457763672,9.039999961853027,8729200.0
2023-01-05,8.90999984741211,9.020000457763672,8.770000457763672,8.979999542236328,7738100.0
2023-01-06,9.0600004196167,9.25,9.0,9.199999809265137,6321300.0
2023-01-09,9.229999542236328,9.489999771118164,9.210000038146973,9.380000114440918,8051600.0
2023-01-10,9.34000015258789,9.539999961853027,9.34000015258789,9.449999809265137,5401200.0
2023-01-11,9.460000038146973,9.550000190734863,9.279999732971191,9.289999961853027,6436600.0
2023-01-12,9.350000381469727,9.430000305175781,9.229999542236328,9.420000076293945,6465300.0
2023-01-13,9.369999885559082,9.520000457763672,9.329999923706055,9.510000228881836,4828200.0
2023-01-17,9.520000457763672,9.630000114440918,9.510000228881836,9.520000457763672,4285600.0
2023-01-18,9.529999732971191,9.600000381469727,9.319999694824219,9.420000076293945,5518000.0
2023-01-19,9.300000190734863,9.449999809265137,9.25,9.350000381469727,4012200.0
2023-01-20,9.420000076293945,9.529999732971191,9.369999885559082,9.520000457763672,3872600.0
2023-01-23,9.520000457763672,9.569999694824219,9.460000038146973,9.569999694824219,3873100.0
2023-01-24,9.579999923706055,9.850000381469727,9.430000305175781,9.789999961853027,4509700.0
2023-01-25,9.619999885559082,9.880000114440918,9.569999694824219,9.850000381469727,4566300.0
2023-01-26,9.930000305175781,10.020000457763672,9.880000114440918,9.960000038146973,5315100.0
2023-01-27,9.920000076293945,9.949999809265137,9.760000228881836,9.859999656677246,3985000.0
2023-01-30,9.819999694824219,9.949999809265137,9.75,9.829999923706055,3848800.0
2023-01-31,9.890000343322754,9.960000038146973,9.8100004196167,9.960000038146973,4789300.0
2023-02-01,9.890000343322754,10.3100004196167,9.869999885559082,10.25,6256700.0
2023-02-02,10.289999961853027,10.579999923706055,10.220000267028809,10.390000343322754,9271100.0
2023-02-03,10.300000190734863,10.390000343322754,10.180000305175781,10.220000267028809,7216800.0
2023-02-06,10.100000381469727,10.229999542236328,10.069999694824219,10.15999984741211,6011900.0
2023-02-07,10.09000015258789,10.359999656677246,10.029999732971191,10.350000381469727,7672500.0
2023-02-08,10.300000190734863,10.300000190734863,9.859999656677246,10.15999984741211,8129600.0
2023-02-09,10.420000076293945,10.4399995803833,10.1899995803833,10.329999923706055,6875400.0
2023-02-10,10.210000038146973,10.4399995803833,10.180000305175781,10.40999984741211,6336500.0
2023-02-13,10.5,11.199999809265137,10.479999542236328,11.170000076293945,12569600.0
2023-02-14,11.119999885559082,11.65999984741211,11.119999885559082,11.270000457763672,13730100.0
2023-02-15,11.15999984741211,11.420000076293945,11.15999984741211,11.390000343322754,7661600.0
2023-02-16,11.1899995803833,11.34000015258789,11.130000114440918,11.229999542236328,6402300.0
2023-02-17,11.149999618530273,11.239999771118164,10.899999618530273,11.050000190734863,6416600.0
2023-02-21,10.890000343322754,11.180000305175781,10.859999656677246,11.09000015258789,6665200.0
2023-02-22,11.079999923706055,11.369999885559082,11.020000457763672,11.180000305175781,9181000.0
2023-02-23,11.289999961853027,11.40999984741211,11.149999618530273,11.380000114440918,5093800.0
2023-02-24,11.140000343322754,11.1899995803833,11.039999961853027,11.149999618530273,4300300.0
2023-02-27,11.25,11.279999732971191,11.130000114440918,11.210000038146973,4922400.0
2023-02-28,11.140000343322754,11.34000015258789,11.109999656677246,11.300000190734863,6319700.0
2023-03-01,11.399999618530273,11.430000305175781,11.239999771118164,11.3100004196167,4488400.0
2023-03-02,11.170000076293945,11.550000190734863,11.140000343322754,11.510000228881836,5215300.0
2023-03-03,11.569999694824219,11.630000114440918,11.5,11.579999923706055,3280200.0
2023-03-06,11.529999732971191,11.649999618530273,11.470000267028809,11.529999732971191,4647400.0
2023-03-07,11.470000267028809,11.619999885559082,11.210000038146973,11.350000381469727,5786700.0
2023-03-08,11.319999694824219,11.5,11.279999732971191,11.319999694824219,4262200.0
2023-03-09,11.329999923706055,11.380000114440918,11.0,11.020000457763672,4707800.0
2023-03-10,10.989999771118164,10.989999771118164,10.600000381469727,10.720000267028809,7340800.0
2023-03-13,10.569999694824219,10.859999656677246,10.470000267028809,10.710000038146973,11136300.0
2023-03-14,10.979999542236328,11.069999694824219,10.880000114440918,10.979999542236328,6940900.0
2023-03-15,10.609999656677246,10.850000381469727,10.5600004196167,10.779999732971191,8192600.0
2023-03-16,10.670000076293945,11.0600004196167,10.649999618530273,11.0,5690600.0
2023-03-17,10.899999618530273,11.039999961853027,10.850000381469727,10.869999885559082,8071500.0
2023-03-20,11.0600004196167,11.079999923706055,10.859999656677246,11.069999694824219,5696900.0
2023-03-21,11.25,11.34000015258789,11.1899995803833,11.289999961853027,4654200.0
2023-03-22,11.300000190734863,11.479999542236328,11.210000038146973,11.220000267028809,6078000.0
2023-03-23,11.479999542236328,11.739999771118164,11.289999961853027,11.4399995803833,6125000.0
2023-03-24,11.369999885559082,11.609999656677246,11.329999923706055,11.600000381469727,3865800.0
2023-03-27,11.65999984741211,11.819999694824219,11.569999694824219,11.710000038146973,4936200.0
2023-03-28,11.720000267028809,11.829999923706055,11.6899995803833,11.779999732971191,3904400.0
2023-03-29,11.930000305175781,11.930000305175781,11.8100004196167,11.890000343322754,2652500.0
2023-03-30,11.9399995803833,12.050000190734863,11.90999984741211,11.949999809265137,3273300.0
2023-03-31,12.0,12.15999984741211,11.970000267028809,12.0600004196167,3772800.0
2023-04-03,12.0,12.149999618530273,11.960000038146973,12.119999885559082,3965200.0
2023-04-04,12.130000114440918,12.220000267028809,11.920000076293945,11.970000267028809,3750000.0
2023-04-05,11.949999809265137,11.949999809265137,11.600000381469727,11.6899995803833,6012000.0
2023-04-06,11.670000076293945,11.729999542236328,11.550000190734863,11.640000343322754,6087600.0
2023-04-10,11.630000114440918,11.779999732971191,11.569999694824219,11.770000457763672,3206600.0
2023-04-11,11.829999923706055,11.890000343322754,11.779999732971191,11.84000015258789,2992800.0
2023-04-12,11.979999542236328,12.15999984741211,11.859999656677246,12.09000015258789,4960100.0
2023-04-13,12.180000305175781,12.34000015258789,12.149999618530273,12.180000305175781,4022400.0
2023-04-14,12.119999885559082,12.380000114440918,12.119999885559082,12.260000228881836,4288300.0
2023-04-17,12.220000267028809,12.350000381469727,12.180000305175781,12.1899995803833,3888400.0
2023-04-18,12.369999885559082,12.5600004196167,12.289999961853027,12.529999732971191,6499600.0
2023-04-19,12.449999809265137,12.5600004196167,12.369999885559082,12.420000076293945,4157300.0
2023-04-20,12.359999656677246,12.640000343322754,12.300000190734863,12.529999732971191,4314900.0
2023-04-21,12.539999961853027,12.619999885559082,12.25,12.300000190734863,5440400.0
2023-04-24,12.3100004196167,12.359999656677246,11.989999771118164,12.039999961853027,4972500.0
2023-04-25,12.020000457763672,12.130000114440918,11.869999885559082,11.899999618530273,5778600.0
2023-04-26,11.8100004196167,11.90999984741211,11.619999885559082,11.65999984741211,3625100.0
2023-04-27,11.75,11.800000190734863,11.619999885559082,11.739999771118164,4772400.0
2023-04-28,11.619999885559082,11.880000114440918,11.619999885559082,11.869999885559082,3514200.0
2023-05-01,11.880000114440918,12.109999656677246,11.779999732971191,11.8100004196167,3697900.0
2023-05-02,11.739999771118164,11.829999923706055,11.520000457763672,11.8100004196167,6527100.0
2023-05-03,11.020000457763672,12.079999923706055,10.760000228881836,11.930000305175781,11658100.0
2023-05-04,11.9399995803833,11.9399995803833,11.609999656677246,11.670000076293945,4245500.0
2023-05-05,11.770000457763672,12.170000076293945,11.770000457763672,12.100000381469727,5103700.0
2023-05-08,12.15999984741211,12.25,11.960000038146973,12.109999656677246,6820900.0
2023-05-09,12.430000305175781,12.5,11.279999732971191,11.720000267028809,9771500.0
2023-05-10,11.90999984741211,12.020000457763672,11.510000228881836,11.65999984741211,5351000.0
2023-05-11,11.640000343322754,11.670000076293945,11.229999542236328,11.25,7734300.0
2023-05-12,11.300000190734863,11.380000114440918,11.140000343322754,11.229999542236328,4643600.0
2023-05-15,11.25,11.460000038146973,11.199999809265137,11.34000015258789,5360700.0
2023-05-16,11.229999542236328,11.399999618530273,11.119999885559082,11.1899995803833,5044500.0
2023-05-17,11.260000228881836,11.390000343322754,11.210000038146973,11.300000190734863,2923100.0
2023-05-18,11.270000457763672,11.430000305175781,11.220000267028809,11.329999923706055,3893300.0
2023-05-19,11.34000015258789,11.369999885559082,11.180000305175781,11.239999771118164,4881200.0
2023-05-22,11.220000267028809,11.369999885559082,11.119999885559082,11.119999885559082,3534000.0
2023-05-23,11.0,11.229999542236328,10.880000114440918,10.960000038146973,4328500.0
2023-05-24,10.880000114440918,10.930000305175781,10.630000114440918,10.760000228881836,7396400.0
2023-05-25,10.880000114440918,11.039999961853027,10.829999923706055,10.970000267028809,5719600.0
2023-05-26,10.899999618530273,11.109999656677246,10.760000228881836,11.029999732971191,5216300.0
2023-05-30,11.0,11.100000381469727,10.800000190734863,11.029999732971191,4499900.0
2023-05-31,10.930000305175781,10.949999809265137,10.569999694824219,10.84000015258789,6790100.0
2023-06-01,10.8100004196167,11.130000114440918,10.789999961853027,10.989999771118164,5126900.0
2023-06-02,11.109999656677246,11.569999694824219,11.079999923706055,11.550000190734863,6728600.0
2023-06-05,11.350000381469727,11.600000381469727,11.3100004196167,11.319999694824219,5253300.0
2023-06-06,11.300000190734863,11.920000076293945,11.229999542236328,11.880000114440918,5657200.0
2023-06-07,11.859999656677246,11.960000038146973,11.619999885559082,11.619999885559082,4756600.0
2023-06-08,11.619999885559082,11.899999618530273,11.619999885559082,11.800000190734863,3421400.0
2023-06-09,11.779999732971191,11.859999656677246,11.720000267028809,11.8100004196167,4319800.0
2023-06-12,11.880000114440918,12.039999961853027,11.779999732971191,12.0,3279900.0
2023-06-13,12.100000381469727,12.300000190734863,12.039999961853027,12.09000015258789,6704500.0
2023-06-14,12.09000015258789,12.329999923706055,11.989999771118164,12.0,4239200.0
2023-06-15,12.029999732971191,12.470000267028809,11.960000038146973,12.449999809265137,6479800.0
2023-06-16,12.5,12.539999961853027,12.229999542236328,12.4399995803833,6694600.0
2023-06-20,12.289999961853027,12.350000381469727,12.119999885559082,12.210000038146973,4861300.0
2023-06-21,12.1899995803833,12.550000190734863,12.15999984741211,12.479999542236328,4207400.0
2023-06-22,12.489999771118164,12.5,12.239999771118164,12.380000114440918,3846800.0
2023-06-23,12.25,12.369999885559082,12.180000305175781,12.220000267028809,3412900.0
2023-06-26,12.199999809265137,12.359999656677246,12.199999809265137,12.25,3326600.0
2023-06-27,12.260000228881836,12.5,12.199999809265137,12.4399995803833,3226600.0
2023-06-28,12.359999656677246,12.359999656677246,12.119999885559082,12.210000038146973,3909000.0
2023-06-29,12.199999809265137,12.4399995803833,12.15999984741211,12.260000228881836,2995400.0
2023-06-30,12.380000114440918,12.399999618530273,12.25,12.289999961853027,2132800.0
2023-07-03,12.319999694824219,12.59000015258789,12.289999961853027,12.420000076293945,2557800.0
2023-07-05,12.380000114440918,12.59000015258789,12.229999542236328,12.520000457763672,8926600.0
2023-07-06,12.380000114440918,12.529999732971191,11.84000015258789,12.220000267028809,7729700.0
2023-07-07,12.380000114440918,12.59000015258789,12.369999885559082,12.449999809265137,4961700.0
2023-07-10,12.420000076293945,13.170000076293945,12.40999984741211,13.100000381469727,8799200.0
2023-07-11,13.210000038146973,13.3100004196167,12.850000381469727,13.010000228881836,4952900.0
2023-07-12,13.3100004196167,13.460000038146973,12.550000190734863,12.5600004196167,7076700.0
2023-07-13,12.59000015258789,12.619999885559082,12.130000114440918,12.359999656677246,6476700.0
2023-07-14,12.300000190734863,12.300000190734863,12.09000015258789,12.220000267028809,3458400.0
2023-07-17,12.149999618530273,12.510000228881836,12.119999885559082,12.369999885559082,2843700.0
2023-07-18,12.34000015258789,12.520000457763672,12.25,12.470000267028809,2554100.0
2023-07-19,12.4399995803833,12.489999771118164,12.210000038146973,12.329999923706055,3521500.0
2023-07-20,12.279999732971191,12.279999732971191,11.850000381469727,11.949999809265137,3877500.0
2023-07-21,12.100000381469727,12.25,12.029999732971191,12.050000190734863,4483300.0
2023-07-24,12.0600004196167,12.210000038146973,11.979999542236328,12.130000114440918,3843300.0
2023-07-25,12.180000305175781,12.569999694824219,12.140000343322754,12.550000190734863,5160200.0
2023-07-26,12.600000381469727,12.600000381469727,12.350000381469727,12.40999984741211,3608300.0
2023-07-27,12.050000190734863,12.130000114440918,11.550000190734863,11.609999656677246,6192700.0
2023-07-28,11.760000228881836,12.020000457763672,11.760000228881836,11.979999542236328,2740200.0
2023-07-31,12.0,12.119999885559082,11.9399995803833,12.039999961853027,2489900.0
2023-08-01,11.90999984741211,11.979999542236328,11.680000305175781,11.710000038146973,3187100.0
2023-08-02,11.609999656677246,12.15999984741211,11.600000381469727,12.119999885559082,3380400.0
2023-08-03,12.039999961853027,12.180000305175781,11.930000305175781,12.079999923706055,2284900.0
2023-08-04,12.15999984741211,12.220000267028809,12.010000228881836,12.069999694824219,3943300.0
2023-08-07,12.1899995803833,12.359999656677246,12.069999694824219,12.199999809265137,2255500.0
2023-08-08,12.09000015258789,12.09000015258789,11.899999618530273,11.949999809265137,2819400.0
2023-08-09,11.979999542236328,12.029999732971191,11.670000076293945,11.699999809265137,3355300.0
2023-08-10,11.850000381469727,12.130000114440918,11.770000457763672,11.819999694824219,2397500.0
2023-08-11,11.720000267028809,11.829999923706055,11.640000343322754,11.720000267028809,1918700.0
2023-08-14,11.710000038146973,11.899999618530273,11.619999885559082,11.869999885559082,3856500.0
2023-08-15,11.789999961853027,11.800000190734863,11.569999694824219,11.65999984741211,2263000.0
2023-08-16,11.600000381469727,11.670000076293945,11.4399995803833,11.449999809265137,2298900.0
2023-08-17,11.539999961853027,11.539999961853027,11.130000114440918,11.149999618530273,2985600.0
2023-08-18,10.970000267028809,11.479999542236328,10.930000305175781,11.279999732971191,5735500.0
2023-08-21,11.399999618530273,11.399999618530273,10.880000114440918,10.970000267028809,9174100.0
2023-08-22,10.869999885559082,10.970000267028809,10.449999809265137,10.720000267028809,8051100.0
2023-08-23,10.720000267028809,11.34000015258789,10.569999694824219,11.25,6336700.0
2023-08-24,11.210000038146973,11.34000015258789,11.0,11.039999961853027,3261800.0
2023-08-25,11.029999732971191,11.140000343322754,11.010000228881836,11.020000457763672,3761200.0
2023-08-28,11.109999656677246,11.319999694824219,11.100000381469727,11.260000228881836,3792900.0
2023-08-29,11.25,11.619999885559082,11.220000267028809,11.5600004196167,2604000.0
2023-08-30,11.510000228881836,11.640000343322754,11.460000038146973,11.550000190734863,2808300.0
2023-08-31,11.649999618530273,11.6899995803833,11.520000457763672,11.5600004196167,2569200.0
2023-09-01,11.680000305175781,11.779999732971191,11.550000190734863,11.569999694824219,2583800.0
2023-09-05,11.460000038146973,11.5,11.069999694824219,11.15999984741211,4078600.0
2023-09-06,11.149999618530273,11.229999542236328,11.069999694824219,11.15999984741211,2478400.0
2023-09-07,11.079999923706055,11.390000343322754,11.069999694824219,11.359999656677246,3335800.0
2023-09-08,11.350000381469727,11.359999656677246,11.199999809265137,11.3100004196167,5455700.0
2023-09-11,11.5,11.729999542236328,11.420000076293945,11.630000114440918,3755800.0
2023-09-12,11.600000381469727,11.670000076293945,11.380000114440918,11.40999984741211,3011700.0
2023-09-13,11.390000343322754,11.529999732971191,11.25,11.270000457763672,3336000.0
2023-09-14,11.34000015258789,11.489999771118164,11.300000190734863,11.479999542236328,3016400.0
2023-09-15,11.579999923706055,11.9399995803833,11.550000190734863,11.90999984741211,9805700.0
2023-09-18,11.260000228881836,11.869999885559082,11.130000114440918,11.59000015258789,4611700.0
2023-09-19,11.449999809265137,11.649999618530273,11.220000267028809,11.470000267028809,3999200.0
2023-09-20,12.130000114440918,12.399999618530273,11.979999542236328,11.979999542236328,4895800.0
2023-09-21,11.899999618530273,12.279999732971191,11.789999961853027,12.270000457763672,5333400.0
2023-09-22,12.380000114440918,12.529999732971191,11.850000381469727,11.869999885559082,4302800.0
2023-09-25,11.779999732971191,11.890000343322754,11.630000114440918,11.789999961853027,3237400.0
2023-09-26,11.489999771118164,11.75,11.329999923706055,11.579999923706055,7162400.0
2023-09-27,11.579999923706055,11.609999656677246,10.869999885559082,11.020000457763672,9170600.0
2023-09-28,11.0,11.149999618530273,10.899999618530273,11.140000343322754,23279500.0
2023-09-29,11.170000076293945,11.25,10.90999984741211,10.970000267028809,6228400.0
2023-10-02,10.949999809265137,11.010000228881836,10.699999809265137,10.739999771118164,6227600.0
2023-10-03,10.699999809265137,10.859999656677246,10.270000457763672,10.300000190734863,7550000.0
2023-10-04,10.289999961853027,10.369999885559082,10.0600004196167,10.3100004196167,8964600.0
2023-10-05,10.319999694824219,10.399999618530273,10.210000038146973,10.300000190734863,6256800.0
2023-10-06,10.180000305175781,10.640000343322754,10.15999984741211,10.550000190734863,8185200.0
2023-10-09,10.479999542236328,10.5600004196167,10.220000267028809,10.470000267028809,3528300.0
2023-10-10,10.380000114440918,10.579999923706055,10.380000114440918,10.390000343322754,3890800.0
2023-10-11,10.420000076293945,10.449999809265137,9.729999542236328,9.90999984741211,9887800.0
2023-10-12,9.819999694824219,9.859999656677246,9.390000343322754,9.430000305175781,7677200.0
2023-10-13,9.399999618530273,9.710000038146973,9.329999923706055,9.670000076293945,5633500.0
2023-10-16,9.720000267028809,9.850000381469727,9.65999984741211,9.75,5920300.0
2023-10-17,9.609999656677246,10.020000457763672,9.510000228881836,9.949999809265137,4152200.0
2023-10-18,9.90999984741211,9.970000267028809,9.760000228881836,9.770000457763672,4859200.0
2023-10-19,9.789999961853027,9.9399995803833,9.579999923706055,9.630000114440918,6775800.0
2023-10-20,9.640000343322754,9.680000305175781,9.449999809265137,9.489999771118164,6256300.0
2023-10-23,9.460000038146973,9.59000015258789,9.3100004196167,9.4399995803833,5412700.0
2023-10-24,9.5,9.6899995803833,9.420000076293945,9.630000114440918,4571500.0
2023-10-25,9.640000343322754,9.8100004196167,9.489999771118164,9.670000076293945,5503200.0
2023-10-26,9.680000305175781,9.75,9.34000015258789,9.380000114440918,5269000.0
2023-10-27,9.40999984741211,9.460000038146973,9.100000381469727,9.140000343322754,4744200.0
2023-10-30,9.260000228881836,9.350000381469727,9.119999885559082,9.229999542236328,7604600.0
2023-10-31,9.260000228881836,9.4399995803833,9.210000038146973,9.369999885559082,3717400.0
2023-11-01,9.149999618530273,9.34000015258789,9.020000457763672,9.319999694824219,6314800.0
2023-11-02,9.59000015258789,9.680000305175781,9.460000038146973,9.630000114440918,5349300.0
2023-11-03,9.8100004196167,9.9399995803833,9.710000038146973,9.8100004196167,5064500.0
2023-11-06,9.819999694824219,9.90999984741211,9.6899995803833,9.850000381469727,7034300.0
2023-11-07,9.8100004196167,10.0,9.739999771118164,9.90999984741211,4166600.0
2023-11-08,9.65999984741211,10.390000343322754,9.40999984741211,10.029999732971191,6366900.0
2023-11-09,10.029999732971191,10.0600004196167,9.619999885559082,9.770000457763672,6873600.0
2023-11-10,9.779999732971191,9.84000015258789,9.65999984741211,9.789999961853027,2216400.0
2023-11-13,9.720000267028809,9.949999809265137,9.699999809265137,9.869999885559082,3271600.0
2023-11-14,10.149999618530273,10.850000381469727,10.140000343322754,10.8100004196167,8688200.0
2023-11-15,10.800000190734863,11.0,10.720000267028809,10.829999923706055,5099700.0
2023-11-16,10.640000343322754,10.949999809265137,10.609999656677246,10.819999694824219,4692600.0
2023-11-17,10.9399995803833,11.15999984741211,10.829999923706055,11.0600004196167,4581500.0
2023-11-20,11.0600004196167,11.069999694824219,10.850000381469727,10.930000305175781,4965600.0
2023-11-21,10.84000015258789,10.979999542236328,10.84000015258789,10.859999656677246,4137500.0
2023-11-22,10.949999809265137,11.15999984741211,10.930000305175781,11.039999961853027,3798300.0
2023-11-24,11.050000190734863,11.359999656677246,11.050000190734863,11.359999656677246,2484500.0
2023-11-27,11.329999923706055,11.399999618530273,11.210000038146973,11.229999542236328,3960400.0
2023-11-28,11.180000305175781,11.510000228881836,11.180000305175781,11.3100004196167,4349300.0
2023-11-29,11.34000015258789,11.489999771118164,11.34000015258789,11.34000015258789,3465000.0
2023-11-30,11.380000114440918,11.5,11.170000076293945,11.399999618530273,4903900.0
2023-12-01,11.40999984741211,11.609999656677246,11.329999923706055,11.579999923706055,4145800.0
2023-12-04,11.520000457763672,11.880000114440918,11.479999542236328,11.859999656677246,5173100.0
2023-12-05,11.729999542236328,11.819999694824219,11.489999771118164,11.520000457763672,4213400.0
2023-12-06,11.59000015258789,11.84000015258789,11.510000228881836,11.550000190734863,3088400.0
2023-12-07,11.539999961853027,11.680000305175781,11.529999732971191,11.65999984741211,2853800.0
2023-12-08,11.619999885559082,11.789999961853027,11.59000015258789,11.619999885559082,3307400.0
2023-12-11,11.6899995803833,11.819999694824219,11.600000381469727,11.779999732971191,2646000.0
2023-12-12,11.800000190734863,11.970000267028809,11.779999732971191,11.90999984741211,8828200.0
2023-12-13,11.859999656677246,12.239999771118164,11.789999961853027,12.1899995803833,4704500.0
2023-12-14,12.140000343322754,12.739999771118164,12.140000343322754,12.640000343322754,9038200.0
2023-12-15,12.670000076293945,12.699999809265137,12.4399995803833,12.520000457763672,13826000.0
2023-12-18,12.5600004196167,12.670000076293945,12.479999542236328,12.5600004196167,3170800.0
2023-12-19,12.600000381469727,12.789999961853027,12.600000381469727,12.65999984741211,3308200.0
2023-12-20,12.569999694824219,12.609999656677246,12.279999732971191,12.289999961853027,4822500.0
2023-12-21,12.479999542236328,12.569999694824219,12.359999656677246,12.479999542236328,2864600.0
2023-12-22,12.470000267028809,12.539999961853027,12.369999885559082,12.449999809265137,2284900.0
2023-12-26,12.470000267028809,12.520000457763672,12.399999618530273,12.470000267028809,3238000.0
2023-12-27,12.489999771118164,12.510000228881836,12.369999885559082,12.430000305175781,2875400.0
2023-12-28,12.430000305175781,12.5600004196167,12.430000305175781,12.520000457763672,2580800.0
2023-12-29,12.460000038146973,12.539999961853027,12.399999618530273,12.420000076293945,2466900.0
2024-01-02,12.260000228881836,12.270000457763672,12.069999694824219,12.220000267028809,3765000.0
2024-01-03,12.079999923706055,12.100000381469727,11.520000457763672,11.550000190734863,4634200.0
2024-01-04,11.5,11.65999984741211,11.4399995803833,11.539999961853027,3829500.0
2024-01-05,11.420000076293945,11.670000076293945,11.390000343322754,11.520000457763672,5515500.0
2024-01-08,11.539999961853027,12.010000228881836,11.539999961853027,11.970000267028809,4975000.0
2024-01-09,11.869999885559082,12.140000343322754,11.850000381469727,12.069999694824219,2911100.0
2024-01-10,12.069999694824219,12.25,12.039999961853027,12.199999809265137,2159500.0
2024-01-11,12.210000038146973,12.300000190734863,11.9399995803833,12.25,2828900.0
2024-01-12,12.34000015258789,12.520000457763672,12.149999618530273,12.239999771118164,8312900.0
2024-01-16,12.109999656677246,12.220000267028809,11.9399995803833,12.050000190734863,3665700.0
2024-01-17,11.880000114440918,12.09000015258789,11.859999656677246,12.0600004196167,3418100.0
2024-01-18,12.149999618530273,12.180000305175781,11.829999923706055,12.100000381469727,2862900.0
2024-01-19,12.079999923706055,12.130000114440918,11.949999809265137,12.100000381469727,2948600.0
2024-01-22,12.170000076293945,12.359999656677246,12.109999656677246,12.34000015258789,2665800.0
2024-01-23,12.5,12.569999694824219,12.239999771118164,12.3100004196167,3107900.0
2024-01-24,12.430000305175781,12.529999732971191,11.970000267028809,11.979999542236328,4011900.0
2024-01-25,12.09000015258789,12.170000076293945,12.0,12.029999732971191,2259400.0
2024-01-26,12.149999618530273,12.319999694824219,12.140000343322754,12.15999984741211,2350400.0
2024-01-29,12.149999618530273,12.380000114440918,12.100000381469727,12.359999656677246,2147900.0
2024-01-30,12.270000457763672,12.34000015258789,12.1899995803833,12.270000457763672,2461900.0
2024-01-31,12.270000457763672,12.359999656677246,12.0600004196167,12.079999923706055,2613500.0
2024-02-01,12.1899995803833,12.369999885559082,12.029999732971191,12.239999771118164,3116500.0
2024-02-02,12.0600004196167,12.149999618530273,11.930000305175781,12.100000381469727,3191000.0
2024-02-05,12.399999618530273,12.470000267028809,12.039999961853027,12.229999542236328,3519300.0
2024-02-06,12.210000038146973,12.350000381469727,12.130000114440918,12.270000457763672,3639500.0
2024-02-07,12.319999694824219,12.350000381469727,12.010000228881836,12.180000305175781,7460000.0
2024-02-08,12.479999542236328,12.850000381469727,11.59000015258789,11.880000114440918,11353400.0
2024-02-09,11.979999542236328,12.029999732971191,11.460000038146973,11.619999885559082,7567200.0
2024-02-12,11.550000190734863,11.920000076293945,11.529999732971191,11.829999923706055,7166200.0
2024-02-13,11.5,11.619999885559082,11.369999885559082,11.390000343322754,4442900.0
2024-02-14,11.5,11.649999618530273,11.34000015258789,11.619999885559082,3742100.0
2024-02-15,11.720000267028809,11.979999542236328,11.699999809265137,11.960000038146973,3972600.0
2024-02-16,11.899999618530273,12.0600004196167,11.8100004196167,11.899999618530273,2680100.0
2024-02-20,11.850000381469727,12.210000038146973,11.8100004196167,12.170000076293945,5248900.0
2024-02-21,12.149999618530273,12.729999542236328,12.140000343322754,12.640000343322754,8849800.0
2024-02-22,13.039999961853027,13.149999618530273,12.869999885559082,12.970000267028809,5516900.0
2024-02-23,12.970000267028809,13.170000076293945,12.90999984741211,13.100000381469727,3861900.0
2024-02-26,13.109999656677246,13.289999961853027,13.079999923706055,13.15999984741211,4137300.0
2024-02-27,13.199999809265137,13.300000190734863,13.050000190734863,13.260000228881836,3863000.0
2024-02-28,13.130000114440918,13.210000038146973,12.84000015258789,12.890000343322754,3815300.0
2024-02-29,12.920000076293945,12.979999542236328,12.510000228881836,12.5600004196167,4598500.0
2024-03-01,12.529999732971191,12.6899995803833,12.289999961853027,12.670000076293945,3748600.0
2024-03-04,12.670000076293945,12.8100004196167,12.4399995803833,12.470000267028809,2509700.0
2024-03-05,12.329999923706055,12.819999694824219,12.329999923706055,12.579999923706055,2849000.0
2024-03-06,12.670000076293945,12.850000381469727,12.59000015258789,12.75,3277000.0
2024-03-07,12.8100004196167,12.890000343322754,12.630000114440918,12.670000076293945,2902400.0
2024-03-08,12.739999771118164,12.989999771118164,12.699999809265137,12.729999542236328,2876700.0
2024-03-11,12.619999885559082,12.770000457763672,12.569999694824219,12.680000305175781,2879500.0
2024-03-12,12.720000267028809,12.720000267028809,12.479999542236328,12.609999656677246,1816800.0
2024-03-13,12.609999656677246,12.800000190734863,12.579999923706055,12.609999656677246,1822200.0
2024-03-14,12.600000381469727,12.619999885559082,12.239999771118164,12.329999923706055,1997000.0
2024-03-15,12.210000038146973,12.4399995803833,12.180000305175781,12.34000015258789,5256400.0
2024-03-18,12.329999923706055,12.529999732971191,12.079999923706055,12.09000015258789,3749500.0
2024-03-19,12.029999732971191,12.149999618530273,11.84000015258789,11.920000076293945,3246200.0
2024-03-20,11.90999984741211,12.130000114440918,11.869999885559082,12.039999961853027,2473300.0
2024-03-21,12.100000381469727,12.3100004196167,11.899999618530273,11.90999984741211,2649700.0
2024-03-22,11.880000114440918,11.970000267028809,11.710000038146973,11.779999732971191,2998800.0
2024-03-25,11.760000228881836,11.880000114440918,11.569999694824219,11.579999923706055,1945500.0
2024-03-26,11.720000267028809,11.819999694824219,11.619999885559082,11.649999618530273,2689900.0
2024-03-27,11.729999542236328,11.850000381469727,11.5600004196167,11.819999694824219,4220500.0
2024-03-28,11.880000114440918,11.989999771118164,11.699999809265137,11.960000038146973,3561400.0
2024-04-01,11.880000114440918,11.90999984741211,11.609999656677246,11.890000343322754,2706900.0
2024-04-02,11.760000228881836,11.829999923706055,11.399999618530273,11.619999885559082,4014700.0
2024-04-03,11.380000114440918,11.380000114440918,10.84000015258789,10.890000343322754,7309200.0
2024-04-04,11.0,11.390000343322754,10.960000038146973,11.0600004196167,6331900.0
2024-04-05,11.0,11.079999923706055,10.920000076293945,11.029999732971191,3818500.0
2024-04-08,11.109999656677246,11.260000228881836,11.100000381469727,11.149999618530273,2620700.0
2024-04-09,11.279999732971191,11.34000015258789,11.130000114440918,11.329999923706055,3550500.0
2024-04-10,11.079999923706055,11.220000267028809,11.039999961853027,11.149999618530273,3316300.0
2024-04-11,11.15999984741211,11.199999809265137,10.920000076293945,11.0600004196167,2824900.0
2024-04-12,10.949999809265137,11.020000457763672,10.40999984741211,10.510000228881836,5141100.0
2024-04-15,10.65999984741211,10.75,10.4399995803833,10.5,4331800.0
2024-04-16,10.569999694824219,10.920000076293945,10.479999542236328,10.829999923706055,4914200.0
2024-04-17,10.90999984741211,10.949999809265137,10.609999656677246,10.630000114440918,4467900.0
2024-04-18,10.670000076293945,11.119999885559082,10.670000076293945,11.039999961853027,5903100.0
2024-04-19,10.930000305175781,11.170000076293945,10.899999618530273,11.149999618530273,6151800.0
2024-04-22,11.079999923706055,11.420000076293945,10.970000267028809,11.279999732971191,6886800.0
2024-04-23,11.300000190734863,11.8100004196167,11.300000190734863,11.6899995803833,5356500.0
2024-04-24,11.5600004196167,11.800000190734863,11.5,11.699999809265137,4826200.0
2024-04-25,11.619999885559082,11.699999809265137,11.350000381469727,11.420000076293945,2853300.0
2024-04-26,11.449999809265137,11.529999732971191,11.420000076293945,11.460000038146973,2180400.0
2024-04-29,11.520000457763672,11.619999885559082,11.380000114440918,11.520000457763672,4721400.0
2024-04-30,11.460000038146973,11.579999923706055,11.420000076293945,11.4399995803833,2180000.0
2024-05-01,11.350000381469727,11.449999809265137,11.149999618530273,11.289999961853027,3336300.0
2024-05-02,11.460000038146973,11.619999885559082,11.319999694824219,11.569999694824219,3124100.0
2024-05-03,11.699999809265137,11.760000228881836,11.489999771118164,11.600000381469727,2848400.0
2024-05-06,11.649999618530273,11.770000457763672,11.380000114440918,11.5,4561800.0
2024-05-07,11.079999923706055,11.289999961853027,10.640000343322754,11.100000381469727,10513200.0
2024-05-08,11.149999618530273,11.1899995803833,10.760000228881836,10.890000343322754,5519000.0
2024-05-09,10.920000076293945,11.289999961853027,10.899999618530273,11.180000305175781,3743800.0
2024-05-10,11.180000305175781,11.399999618530273,11.109999656677246,11.170000076293945,2503200.0
2024-05-13,11.239999771118164,11.40999984741211,11.100000381469727,11.170000076293945,3808700.0
2024-05-14,11.3100004196167,11.3100004196167,10.890000343322754,10.949999809265137,4402200.0
2024-05-15,11.039999961853027,11.0600004196167,10.8100004196167,10.850000381469727,3452100.0
2024-05-16,10.890000343322754,11.010000228881836,10.84000015258789,10.979999542236328,3015100.0
2024-05-17,10.970000267028809,10.970000267028809,10.640000343322754,10.65999984741211,3114400.0
2024-05-20,10.670000076293945,10.680000305175781,10.40999984741211,10.460000038146973,3823900.0
2024-05-21,10.489999771118164,10.569999694824219,10.390000343322754,10.489999771118164,4190900.0
2024-05-22,10.430000305175781,10.6899995803833,10.34000015258789,10.359999656677246,4800100.0
2024-05-23,10.359999656677246,10.6899995803833,10.3100004196167,10.420000076293945,3598600.0
2024-05-24,10.4399995803833,10.5600004196167,10.390000343322754,10.550000190734863,2974700.0
2024-05-28,10.550000190734863,10.800000190734863,10.520000457763672,10.710000038146973,6058700.0
2024-05-29,10.550000190734863,10.59000015258789,10.1899995803833,10.220000267028809,4463000.0
2024-05-30,10.25,10.279999732971191,10.140000343322754,10.1899995803833,2834700.0
2024-05-31,10.239999771118164,10.390000343322754,10.1899995803833,10.359999656677246,4185900.0
2024-06-03,10.430000305175781,10.449999809265137,10.140000343322754,10.199999809265137,3225100.0
2024-06-04,10.149999618530273,10.210000038146973,9.949999809265137,10.010000228881836,2753600.0
2024-06-05,10.079999923706055,10.1899995803833,9.989999771118164,10.109999656677246,3077200.0
2024-06-06,10.109999656677246,10.420000076293945,10.079999923706055,10.199999809265137,4378100.0
2024-06-07,10.079999923706055,10.220000267028809,9.979999542236328,10.020000457763672,2706300.0
2024-06-10,9.84000015258789,9.90999984741211,9.770000457763672,9.84000015258789,4267400.0
2024-06-11,9.770000457763672,9.920000076293945,9.699999809265137,9.880000114440918,3302600.0
2024-06-12,10.069999694824219,10.100000381469727,9.930000305175781,10.020000457763672,3181200.0
2024-06-13,10.020000457763672,10.09000015258789,9.84000015258789,9.960000038146973,4055900.0
2024-06-14,9.859999656677246,9.890000343322754,9.729999542236328,9.850000381469727,3066600.0
2024-06-17,9.800000190734863,9.930000305175781,9.720000267028809,9.8100004196167,4620400.0
2024-06-18,9.770000457763672,9.850000381469727,9.720000267028809,9.770000457763672,4186300.0
2024-06-20,9.75,9.880000114440918,9.6899995803833,9.869999885559082,4079800.0
2024-06-21,9.899999618530273,9.970000267028809,9.84000015258789,9.930000305175781,6559000.0
2024-06-24,9.9399995803833,10.149999618530273,9.90999984741211,10.130000114440918,3269900.0
2024-06-25,10.050000190734863,10.140000343322754,10.010000228881836,10.050000190734863,3075700.0
2024-06-26,9.970000267028809,10.119999885559082,9.9399995803833,10.09000015258789,1962100.0
2024-06-27,10.0600004196167,10.069999694824219,9.859999656677246,10.039999961853027,2832900.0
2024-06-28,10.079999923706055,10.09000015258789,9.8100004196167,10.020000457763672,4171100.0
2024-07-01,10.079999923706055,10.149999618530273,9.699999809265137,9.760000228881836,3331900.0
2024-07-02,9.770000457763672,9.819999694824219,9.680000305175781,9.760000228881836,3556000.0
2024-07-03,9.779999732971191,9.869999885559082,9.720000267028809,9.729999542236328,1037400.0
2024-07-05,9.6899995803833,9.850000381469727,9.6899995803833,9.8100004196167,3892900.0
2024-07-08,9.880000114440918,10.0,9.829999923706055,9.960000038146973,2580100.0
2024-07-09,9.880000114440918,9.970000267028809,9.850000381469727,9.899999618530273,2157700.0
2024-07-10,9.850000381469727,9.989999771118164,9.850000381469727,9.869999885559082,1977300.0
2024-07-11,10.029999732971191,10.09000015258789,9.930000305175781,10.079999923706055,3367300.0
2024-07-12,10.1899995803833,10.539999961853027,10.1899995803833,10.4399995803833,4487300.0
2024-07-15,10.390000343322754,10.460000038146973,10.1899995803833,10.229999542236328,4216500.0
2024-07-16,10.289999961853027,10.300000190734863,10.09000015258789,10.130000114440918,2813600.0
2024-07-17,10.069999694824219,10.149999618530273,10.010000228881836,10.069999694824219,3914100.0
2024-07-18,10.119999885559082,10.149999618530273,9.930000305175781,9.9399995803833,4396300.0
2024-07-19,9.90999984741211,9.970000267028809,9.84000015258789,9.960000038146973,2210700.0
2024-07-22,10.020000457763672,10.029999732971191,9.819999694824219,9.960000038146973,3077600.0
2024-07-23,9.899999618530273,10.079999923706055,9.859999656677246,9.949999809265137,2459300.0
2024-07-24,9.899999618530273,9.9399995803833,9.479999542236328,9.579999923706055,5218000.0
2024-07-25,9.59000015258789,9.739999771118164,9.5600004196167,9.6899995803833,3969900.0
2024-07-26,9.800000190734863,9.90999984741211,9.710000038146973,9.90999984741211,3743700.0
2024-07-29,9.869999885559082,10.119999885559082,9.789999961853027,9.970000267028809,3348300.0
2024-07-30,9.890000343322754,9.930000305175781,9.65999984741211,9.819999694824219,2597800.0
2024-07-31,9.850000381469727,10.1899995803833,9.770000457763672,9.949999809265137,3355900.0
2024-08-01,9.960000038146973,9.979999542236328,9.5600004196167,9.65999984741211,3547400.0
2024-08-02,9.520000457763672,9.569999694824219,9.260000228881836,9.4399995803833,4127000.0
2024-08-05,8.960000038146973,9.239999771118164,8.789999961853027,9.170000076293945,3862800.0
2024-08-06,9.220000267028809,9.4399995803833,9.170000076293945,9.289999961853027,3512100.0
2024-08-07,9.420000076293945,9.529999732971191,9.140000343322754,9.140000343322754,3629700.0
2024-08-08,9.199999809265137,9.319999694824219,9.09000015258789,9.3100004196167,5460900.0
2024-08-09,9.199999809265137,9.319999694824219,9.109999656677246,9.119999885559082,4276200.0
2024-08-12,9.09000015258789,9.109999656677246,8.829999923706055,8.859999656677246,5984700.0
2024-08-13,8.9399995803833,9.180000305175781,8.850000381469727,9.149999618530273,4066400.0
2024-08-14,9.140000343322754,9.199999809265137,8.880000114440918,9.050000190734863,5341500.0
2024-08-15,9.199999809265137,9.5,9.180000305175781,9.420000076293945,6953500.0
2024-08-16,9.380000114440918,9.649999618530273,9.369999885559082,9.630000114440918,4695600.0
2024-08-19,9.65999984741211,9.710000038146973,9.550000190734863,9.550000190734863,5766000.0
2024-08-20,9.510000228881836,9.5600004196167,9.430000305175781,9.529999732971191,6501400.0
2024-08-21,9.600000381469727,10.199999809265137,9.569999694824219,10.130000114440918,9106000.0
2024-08-22,10.149999618530273,10.300000190734863,9.970000267028809,10.020000457763672,4951100.0
2024-08-23,10.09000015258789,10.09000015258789,9.850000381469727,9.960000038146973,4378400.0
2024-08-26,9.960000038146973,9.970000267028809,9.619999885559082,9.65999984741211,3623500.0
2024-08-27,9.59000015258789,9.640000343322754,9.430000305175781,9.550000190734863,3978400.0
2024-08-28,9.520000457763672,9.539999961853027,9.329999923706055,9.479999542236328,3915900.0
2024-08-29,9.5600004196167,9.579999923706055,9.239999771118164,9.25,3805900.0
2024-08-30,9.279999732971191,9.390000343322754,9.220000267028809,9.380000114440918,3849800.0
2024-09-03,9.270000457763672,9.550000190734863,9.220000267028809,9.4399995803833,3736700.0
2024-09-04,9.390000343322754,9.489999771118164,9.300000190734863,9.359999656677246,3125500.0
2024-09-05,9.359999656677246,9.399999618530273,9.130000114440918,9.170000076293945,2719700.0
2024-09-06,9.149999618530273,9.210000038146973,8.960000038146973,8.989999771118164,2928800.0
2024-09-09,8.979999542236328,9.09000015258789,8.850000381469727,9.010000228881836,3491200.0
2024-09-10,9.010000228881836,9.039999961853027,8.779999732971191,8.829999923706055,3513000.0
2024-09-11,8.819999694824219,8.899999618530273,8.65999984741211,8.869999885559082,2429400.0
2024-09-12,8.880000114440918,8.9399995803833,8.760000228881836,8.920000076293945,2298600.0
2024-09-13,8.960000038146973,9.199999809265137,8.899999618530273,9.109999656677246,4851100.0
2024-09-16,9.149999618530273,9.380000114440918,9.149999618530273,9.300000190734863,2950900.0
2024-09-17,9.350000381469727,9.350000381469727,9.220000267028809,9.260000228881836,2101600.0
2024-09-18,9.300000190734863,9.449999809265137,9.199999809265137,9.260000228881836,3057700.0
2024-09-19,9.460000038146973,9.520000457763672,9.34000015258789,9.390000343322754,2605200.0
2024-09-20,9.319999694824219,9.329999923706055,9.100000381469727,9.1899995803833,4911900.0
2024-09-23,9.149999618530273,9.390000343322754,9.149999618530273,9.289999961853027,3055700.0
2024-09-24,9.369999885559082,9.460000038146973,9.270000457763672,9.289999961853027,5173700.0
2024-09-25,9.300000190734863,9.319999694824219,9.0,9.020000457763672,4284700.0
2024-09-26,9.199999809265137,9.5,9.170000076293945,9.479999542236328,5355300.0
2024-09-27,9.550000190734863,9.699999809265137,9.489999771118164,9.510000228881836,4998500.0
2024-09-30,9.529999732971191,9.59000015258789,9.279999732971191,9.390000343322754,4349700.0
2024-10-01,9.350000381469727,9.430000305175781,9.149999618530273,9.170000076293945,3417200.0
2024-10-02,9.229999542236328,9.319999694824219,9.079999923706055,9.09000015258789,2919500.0
2024-10-03,9.0,9.020000457763672,8.869999885559082,8.930000305175781,3629400.0
2024-10-04,9.0600004196167,9.130000114440918,8.949999809265137,8.989999771118164,2166800.0
2024-10-07,9.539999961853027,9.5600004196167,9.289999961853027,9.359999656677246,5049300.0
2024-10-08,9.279999732971191,9.319999694824219,9.0600004196167,9.119999885559082,3338300.0
2024-10-09,9.079999923706055,9.100000381469727,8.970000267028809,8.979999542236328,5223900.0
2024-10-10,8.989999771118164,9.0,8.869999885559082,8.899999618530273,4527200.0
2024-10-11,8.899999618530273,9.260000228881836,8.899999618530273,9.210000038146973,4841800.0
2024-10-14,9.170000076293945,9.229999542236328,9.09000015258789,9.170000076293945,4665200.0
2024-10-15,8.739999771118164,8.800000190734863,7.949999809265137,8.180000305175781,17151000.0
2024-10-16,8.199999809265137,8.239999771118164,7.980000019073486,7.989999771118164,6541900.0
2024-10-17,7.989999771118164,7.989999771118164,7.75,7.820000171661377,8982700.0
2024-10-18,7.800000190734863,7.840000152587891,7.659999847412109,7.699999809265137,6470800.0
2024-10-21,7.690000057220459,7.78000020980835,7.579999923706055,7.590000152587891,5605900.0
2024-10-22,7.559999942779541,7.659999847412109,7.349999904632568,7.480000019073486,6557500.0
2024-10-23,7.460000038146973,7.610000133514404,7.420000076293945,7.599999904632568,6543400.0
2024-10-24,7.619999885559082,7.710000038146973,7.53000020980835,7.570000171661377,3026800.0
2024-10-25,7.559999942779541,7.610000133514404,7.519999980926514,7.570000171661377,2696500.0
2024-10-28,7.599999904632568,7.760000228881836,7.590000152587891,7.670000076293945,3091900.0
2024-10-29,7.630000114440918,7.78000020980835,7.619999885559082,7.75,4368900.0
2024-10-30,7.670000076293945,7.880000114440918,7.630000114440918,7.639999866485596,3615300.0
2024-10-31,7.489999771118164,7.599999904632568,7.409999847412109,7.440000057220459,8047500.0
2024-11-01,7.489999771118164,7.639999866485596,7.449999809265137,7.480000019073486,5643800.0
2024-11-04,7.550000190734863,7.659999847412109,7.429999828338623,7.46999979019165,6774200.0
2024-11-05,7.449999809265137,7.599999904632568,7.400000095367432,7.539999961853027,6269600.0
2024-11-06,7.599999904632568,7.670000076293945,7.380000114440918,7.429999828338623,11300100.0
2024-11-07,7.289999961853027,7.440000057220459,7.019999980926514,7.25,9348600.0
2024-11-08,7.130000114440918,7.300000190734863,7.099999904632568,7.159999847412109,6729200.0
2024-11-11,7.159999847412109,7.46999979019165,7.159999847412109,7.360000133514404,5740200.0
2024-11-12,7.300000190734863,7.46999979019165,7.28000020980835,7.46999979019165,6618400.0
2024-11-13,7.230000019073486,7.480000019073486,7.110000133514404,7.380000114440918,6826100.0
2024-11-14,7.420000076293945,7.639999866485596,7.369999885559082,7.590000152587891,6437200.0
2024-11-15,7.630000114440918,7.630000114440918,7.179999828338623,7.199999809265137,7303800.0
2024-11-18,7.150000095367432,7.150000095367432,6.929999828338623,7.070000171661377,6236900.0
2024-11-19,6.980000019073486,7.130000114440918,6.949999809265137,7.090000152587891,4879800.0
2024-11-20,7.050000190734863,7.159999847412109,7.03000020980835,7.139999866485596,4073500.0
2024-11-21,7.119999885559082,7.210000038146973,7.090000152587891,7.190000057220459,3948100.0
2024-11-22,7.210000038146973,7.360000133514404,7.190000057220459,7.320000171661377,4849700.0
2024-11-25,7.400000095367432,7.650000095367432,7.360000133514404,7.53000020980835,6645800.0
2024-11-26,7.510000228881836,7.559999942779541,7.329999923706055,7.409999847412109,5654800.0
2024-11-27,7.460000038146973,7.579999923706055,7.400000095367432,7.409999847412109,3259800.0
2024-11-29,7.400000095367432,7.420000076293945,7.300000190734863,7.389999866485596,3245200.0
2024-12-02,7.400000095367432,7.650000095367432,7.300000190734863,7.650000095367432,5328900.0
2024-12-03,7.639999866485596,7.650000095367432,7.440000057220459,7.510000228881836,3154600.0
2024-12-04,7.489999771118164,7.760000228881836,7.46999979019165,7.670000076293945,3823900.0
2024-12-05,7.699999809265137,7.75,7.590000152587891,7.639999866485596,3818900.0
2024-12-06,7.829999923706055,8.020000457763672,7.610000133514404,7.610000133514404,5157900.0
2024-12-09,7.710000038146973,8.039999961853027,7.659999847412109,7.75,6400700.0
2024-12-10,7.71999979019165,7.840000152587891,7.570000171661377,7.75,5858200.0
2024-12-11,7.78000020980835,7.820000171661377,7.599999904632568,7.619999885559082,4604400.0
2024-12-12,7.590000152587891,7.630000114440918,7.460000038146973,7.46999979019165,3369700.0
2024-12-13,7.429999828338623,7.53000020980835,7.28000020980835,7.5,3696500.0
2024-12-16,7.409999847412109,7.570000171661377,7.329999923706055,7.460000038146973,5837800.0
2024-12-17,7.429999828338623,7.519999980926514,7.300000190734863,7.320000171661377,3642500.0
2024-12-18,7.320000171661377,7.409999847412109,6.96999979019165,6.989999771118164,3996400.0
2024-12-19,7.0,7.099999904632568,6.940000057220459,7.0,3494300.0
2024-12-20,6.909999847412109,7.179999828338623,6.869999885559082,7.039999961853027,11089500.0
2024-12-23,7.0,7.079999923706055,6.949999809265137,7.070000171661377,3145400.0
2024-12-24,7.090000152587891,7.090000152587891,6.96999979019165,7.039999961853027,1615500.0
2024-12-26,7.0,7.139999866485596,6.96999979019165,7.090000152587891,3875800.0
2024-12-27,7.050000190734863,7.119999885559082,6.909999847412109,6.989999771118164,3937200.0
2024-12-30,6.940000057220459,6.989999771118164,6.800000190734863,6.920000076293945,3054100.0
2024-12-31,6.96999979019165,7.019999980926514,6.920000076293945,6.960000038146973,2706200.0
2025-01-02,7.019999980926514,7.059999942779541,6.840000152587891,6.860000133514404,4352600.0
2025-01-03,6.860000133514404,6.929999828338623,6.71999979019165,6.809999942779541,7539800.0
2025-01-06,6.920000076293945,7.039999961853027,6.840000152587891,6.840000152587891,6151000.0
2025-01-07,6.900000095367432,7.159999847412109,6.869999885559082,6.949999809265137,3444800.0
2025-01-08,6.849999904632568,6.949999809265137,6.690000057220459,6.809999942779541,5596800.0
2025-01-10,6.710000038146973,6.75,6.630000114440918,6.670000076293945,4564800.0
2025-01-13,6.639999866485596,6.800000190734863,6.590000152587891,6.769999980926514,5566800.0
2025-01-14,6.78000020980835,6.840000152587891,6.679999828338623,6.739999771118164,3373000.0
2025-01-15,6.929999828338623,7.010000228881836,6.869999885559082,6.909999847412109,7159400.0
2025-01-16,6.96999979019165,7.289999961853027,6.960000038146973,7.199999809265137,6377100.0
2025-01-17,7.239999771118164,7.269999980926514,7.130000114440918,7.139999866485596,3332000.0
2025-01-21,7.199999809265137,7.340000152587891,7.099999904632568,7.289999961853027,6877300.0
2025-01-22,7.360000133514404,7.480000019073486,7.329999923706055,7.389999866485596,6913600.0
2025-01-23,7.320000171661377,7.420000076293945,7.269999980926514,7.400000095367432,4162200.0
2025-01-24,7.449999809265137,7.559999942779541,7.400000095367432,7.449999809265137,5475300.0
2025-01-27,7.449999809265137,7.710000038146973,7.449999809265137,7.610000133514404,6761600.0
2025-01-28,7.539999961853027,7.579999923706055,7.349999904632568,7.360000133514404,4061400.0
2025-01-29,7.400000095367432,7.460000038146973,7.210000038146973,7.260000228881836,4198800.0
2025-01-30,7.329999923706055,7.53000020980835,7.269999980926514,7.480000019073486,4650300.0
2025-01-31,7.400000095367432,7.46999979019165,7.320000171661377,7.329999923706055,5743900.0
2025-02-03,7.150000095367432,7.159999847412109,7.010000228881836,7.099999904632568,5215100.0
2025-02-04,7.070000171661377,7.070000171661377,6.869999885559082,6.96999979019165,5140500.0
2025-02-05,6.960000038146973,7.0,6.75,6.789999961853027,6090800.0
2025-02-06,6.909999847412109,7.039999961853027,6.809999942779541,6.849999904632568,6299900.0
2025-02-07,6.789999961853027,6.840000152587891,6.679999828338623,6.760000228881836,5557100.0
2025-02-10,6.809999942779541,6.829999923706055,6.650000095367432,6.769999980926514,10608100.0
2025-02-11,7.0,7.099999904632568,6.130000114440918,6.139999866485596,16781000.0
2025-02-12,6.039999961853027,6.059999942779541,5.670000076293945,5.679999828338623,12705400.0
2025-02-13,5.71999979019165,5.760000228881836,5.639999866485596,5.75,10333600.0
2025-02-14,5.78000020980835,5.840000152587891,5.550000190734863,5.579999923706055,8363500.0
2025-02-18,5.579999923706055,5.679999828338623,5.510000228881836,5.650000095367432,9532200.0
2025-02-19,5.590000152587891,5.639999866485596,5.420000076293945,5.53000020980835,10530000.0
2025-02-20,5.510000228881836,5.730000019073486,5.510000228881836,5.650000095367432,13157600.0
2025-02-21,5.679999828338623,5.75,5.639999866485596,5.710000038146973,6924300.0
2025-02-24,5.699999809265137,6.079999923706055,5.679999828338623,5.989999771118164,14148200.0
2025-02-25,6.050000190734863,6.079999923706055,5.860000133514404,5.929999828338623,8863900.0
2025-02-26,5.960000038146973,5.96999979019165,5.760000228881836,5.769999980926514,11882800.0
2025-02-27,5.670000076293945,5.829999923706055,5.670000076293945,5.71999979019165,8497900.0
2025-02-28,5.710000038146973,5.760000228881836,5.570000171661377,5.690000057220459,11574500.0
2025-03-03,5.78000020980835,5.840000152587891,5.460000038146973,5.46999979019165,7199700.0
2025-03-04,5.409999847412109,5.610000133514404,5.349999904632568,5.519999980926514,8268300.0
2025-03-05,5.579999923706055,5.75,5.559999942779541,5.699999809265137,5520000.0
2025-03-06,5.650000095367432,5.800000190734863,5.639999866485596,5.760000228881836,4922200.0
2025-03-07,5.71999979019165,5.900000095367432,5.690000057220459,5.849999904632568,4933900.0
2025-03-10,5.860000133514404,6.130000114440918,5.860000133514404,6.019999980926514,8207800.0
2025-03-11,5.989999771118164,6.03000020980835,5.659999847412109,5.690000057220459,8838700.0
2025-03-12,5.610000133514404,5.630000114440918,5.5,5.519999980926514,6468400.0
2025-03-13,5.5,5.639999866485596,5.360000133514404,5.429999828338623,5685000.0
2025-03-14,5.510000228881836,5.53000020980835,5.409999847412109,5.510000228881836,4793500.0
2025-03-17,5.519999980926514,5.659999847412109,5.489999771118164,5.630000114440918,5219200.0
2025-03-18,5.599999904632568,5.630000114440918,5.5,5.550000190734863,4369600.0
2025-03-19,5.510000228881836,5.630000114440918,5.5,5.539999961853027,4674900.0
2025-03-20,5.769999980926514,5.789999961853027,5.619999885559082,5.630000114440918,6690300.0
2025-03-21,5.579999923706055,5.599999904632568,5.489999771118164,5.559999942779541,7256100.0
2025-03-24,5.570000171661377,5.599999904632568,5.489999771118164,5.539999961853027,5547000.0
2025-03-25,5.659999847412109,5.699999809265137,5.440000057220459,5.480000019073486,6629800.0
2025-03-26,5.449999809265137,5.489999771118164,5.360000133514404,5.460000038146973,6978700.0
2025-03-27,5.440000057220459,5.559999942779541,5.429999828338623,5.550000190734863,5284900.0
2025-03-28,5.510000228881836,5.510000228881836,5.400000095367432,5.449999809265137,5267000.0
2025-03-31,5.400000095367432,5.5,5.369999885559082,5.46999979019165,5122400.0
2025-04-01,5.5,5.570000171661377,5.429999828338623,5.519999980926514,5051600.0
2025-04-02,5.460000038146973,5.650000095367432,5.460000038146973,5.650000095367432,4552600.0
2025-04-03,5.539999961853027,5.559999942779541,5.190000057220459,5.210000038146973,8774800.0
2025-04-04,5.0,5.119999885559082,4.760000228881836,5.039999961853027,9176200.0
2025-04-07,4.860000133514404,5.090000152587891,4.670000076293945,4.900000095367432,13759800.0
2025-04-08,5.110000133514404,5.110000133514404,4.610000133514404,4.690000057220459,10823800.0
2025-04-09,4.619999885559082,5.420000076293945,4.619999885559082,5.360000133514404,12766200.0
2025-04-10,5.21999979019165,5.260000228881836,5.03000020980835,5.139999866485596,8915500.0
2025-04-11,5.019999980926514,5.199999809265137,4.929999828338623,5.199999809265137,7597400.0
2025-04-14,5.28000020980835,5.340000152587891,5.119999885559082,5.190000057220459,8187700.0
2025-04-15,5.0,5.039999961853027,4.670000076293945,4.75,16154100.0
2025-04-16,4.739999771118164,4.789999961853027,4.570000171661377,4.670000076293945,8543100.0
2025-04-17,4.650000095367432,4.739999771118164,4.559999942779541,4.730000019073486,8760000.0
2025-04-21,4.690000057220459,4.789999961853027,4.630000114440918,4.78000020980835,4231400.0
2025-04-22,4.78000020980835,4.840000152587891,4.71999979019165,4.820000171661377,4429000.0
2025-04-23,5.0,5.130000114440918,4.869999885559082,4.929999828338623,7753900.0
2025-04-24,4.929999828338623,5.039999961853027,4.849999904632568,5.039999961853027,9351200.0
2025-04-25,5.03000020980835,5.03000020980835,4.920000076293945,4.96999979019165,5509700.0
2025-04-28,4.96999979019165,5.050000190734863,4.920000076293945,4.980000019073486,5875400.0
2025-04-29,4.949999809265137,5.050000190734863,4.929999828338623,5.019999980926514,4174900.0
2025-04-30,4.960000038146973,5.059999942779541,4.920000076293945,5.050000190734863,6209100.0
2025-05-01,5.050000190734863,5.090000152587891,4.949999809265137,5.019999980926514,6433000.0
2025-05-02,5.130000114440918,5.21999979019165,5.050000190734863,5.170000076293945,7429300.0
2025-05-05,5.150000095367432,5.21999979019165,5.119999885559082,5.159999847412109,5569000.0
2025-05-06,5.090000152587891,5.21999979019165,5.090000152587891,5.170000076293945,7624900.0
2025-05-07,4.699999809265137,4.889999866485596,4.460000038146973,4.570000171661377,18425600.0
2025-05-08,4.610000133514404,4.889999866485596,4.579999923706055,4.820000171661377,11128700.0
2025-05-09,4.789999961853027,4.889999866485596,4.659999847412109,4.690000057220459,8329200.0
2025-05-12,4.900000095367432,5.099999904632568,4.900000095367432,5.010000228881836,11510600.0
2025-05-13,5.0,5.090000152587891,4.940000057220459,5.079999923706055,9493800.0
2025-05-14,5.059999942779541,5.130000114440918,5.03000020980835,5.059999942779541,8243600.0
2025-05-15,5.03000020980835,5.070000171661377,4.96999979019165,5.03000020980835,6681600.0
2025-05-16,5.010000228881836,5.070000171661377,4.980000019073486,5.050000190734863,4857300.0
2025-05-19,4.980000019073486,5.050000190734863,4.960000038146973,5.03000020980835,6333400.0
2025-05-20,5.050000190734863,5.179999828338623,5.0,5.050000190734863,6557300.0
2025-05-21,4.96999979019165,5.0,4.849999904632568,4.860000133514404,7080700.0
2025-05-22,4.800000190734863,4.96999979019165,4.800000190734863,4.929999828338623,8906500.0
2025-05-23,4.809999942779541,4.829999923706055,4.670000076293945,4.78000020980835,12290200.0
2025-05-27,4.860000133514404,4.900000095367432,4.820000171661377,4.869999885559082,9504200.0
2025-05-28,4.889999866485596,4.900000095367432,4.760000228881836,4.769999980926514,4765600.0
2025-05-29,4.829999923706055,5.0,4.800000190734863,4.989999771118164,5761300.0
2025-05-30,4.940000057220459,4.989999771118164,4.880000114440918,4.929999828338623,8177900.0
2025-06-02,4.889999866485596,4.900000095367432,4.789999961853027,4.869999885559082,7022300.0
2025-06-03,4.849999904632568,5.0,4.739999771118164,4.96999979019165,6605900.0
2025-06-04,4.989999771118164,5.050000190734863,4.960000038146973,4.980000019073486,5365300.0
2025-06-05,4.980000019073486,5.019999980926514,4.869999885559082,4.889999866485596,5971200.0
2025-06-06,4.96999979019165,5.03000020980835,4.900000095367432,5.019999980926514,8114500.0
2025-06-09,5.079999923706055,5.119999885559082,4.960000038146973,5.010000228881836,8522500.0
2025-06-10,5.03000020980835,5.210000038146973,5.019999980926514,5.139999866485596,8394300.0
2025-06-11,5.170000076293945,5.269999980926514,5.070000171661377,5.070000171661377,7843500.0
2025-06-12,5.0,5.090000152587891,4.989999771118164,5.03000020980835,10132500.0
2025-06-13,4.949999809265137,5.019999980926514,4.730000019073486,4.730000019073486,9811300.0
2025-06-16,4.809999942779541,5.340000152587891,4.78000020980835,5.050000190734863,26658200.0
2025-06-17,4.980000019073486,5.050000190734863,4.809999942779541,4.940000057220459,16761400.0
2025-06-18,4.920000076293945,4.949999809265137,4.789999961853027,4.789999961853027,10168400.0
2025-06-20,4.820000171661377,4.849999904632568,4.739999771118164,4.769999980926514,9430800.0
2025-06-23,4.730000019073486,4.840000152587891,4.690000057220459,4.820000171661377,8274300.0
2025-06-24,4.900000095367432,4.900000095367432,4.699999809265137,4.710000038146973,6633100.0
2025-06-25,4.710000038146973,4.710000038146973,4.619999885559082,4.639999866485596,6316300.0
2025-06-26,4.679999828338623,4.690000057220459,4.590000152587891,4.599999904632568,6432500.0
2025-06-27,4.610000133514404,4.679999828338623,4.559999942779541,4.610000133514404,9646300.0
2025-06-30,4.610000133514404,4.659999847412109,4.599999904632568,4.650000095367432,6921800.0
2025-07-01,4.639999866485596,5.079999923706055,4.639999866485596,4.909999847412109,13945100.0
2025-07-02,4.940000057220459,5.099999904632568,4.869999885559082,5.090000152587891,12331200.0
2025-07-03,5.119999885559082,5.139999866485596,5.039999961853027,5.090000152587891,7215800.0
2025-07-07,5.039999961853027,5.139999866485596,4.949999809265137,4.960000038146973,10228600.0
2025-07-08,4.980000019073486,5.059999942779541,4.909999847412109,4.940000057220459,8337200.0
2025-07-09,4.929999828338623,5.010000228881836,4.860000133514404,4.96999979019165,6678600.0
2025-07-10,4.980000019073486,5.329999923706055,4.96999979019165,5.119999885559082,9611200.0
2025-07-11,5.079999923706055,5.130000114440918,5.010000228881836,5.059999942779541,6768100.0
2025-07-14,5.03000020980835,5.050000190734863,4.900000095367432,5.03000020980835,7020500.0
2025-07-15,5.059999942779541,5.079999923706055,4.909999847412109,4.920000076293945,8515800.0
2025-07-16,4.949999809265137,5.03000020980835,4.860000133514404,4.960000038146973,7830200.0
2025-07-17,4.949999809265137,5.010000228881836,4.889999866485596,4.940000057220459,4923200.0
2025-07-18,4.980000019073486,4.989999771118164,4.849999904632568,4.920000076293945,5797400.0
2025-07-21,4.920000076293945,4.949999809265137,4.769999980926514,4.769999980926514,6032600.0
2025-07-22,4.820000171661377,5.070000171661377,4.809999942779541,5.010000228881836,14989200.0
2025-07-23,5.110000133514404,5.150000095367432,5.039999961853027,5.090000152587891,6800400.0
2025-07-24,5.070000171661377,5.079999923706055,4.889999866485596,4.949999809265137,7009200.0
2025-07-25,4.989999771118164,5.119999885559082,4.949999809265137,5.119999885559082,6677200.0
2025-07-28,5.099999904632568,5.179999828338623,5.039999961853027,5.150000095367432,6137200.0
2025-07-29,5.130000114440918,5.139999866485596,5.010000228881836,5.090000152587891,4747400.0
2025-07-30,5.150000095367432,5.150000095367432,4.940000057220459,4.989999771118164,4595500.0
2025-07-31,4.929999828338623,4.96999979019165,4.829999923706055,4.849999904632568,6191500.0
2025-08-01,4.769999980926514,4.820000171661377,4.659999847412109,4.730000019073486,6689400.0
2025-08-04,4.739999771118164,4.760000228881836,4.699999809265137,4.760000228881836,4822100.0
2025-08-05,4.769999980926514,4.800000190734863,4.710000038146973,4.769999980926514,4907400.0
2025-08-06,4.829999923706055,4.980000019073486,4.800000190734863,4.900000095367432,8108100.0
2025-08-07,4.920000076293945,4.940000057220459,4.760000228881836,4.800000190734863,4206300.0
2025-08-08,4.78000020980835,4.829999923706055,4.730000019073486,4.739999771118164,4554900.0
2025-08-11,4.75,4.78000020980835,4.670000076293945,4.71999979019165,4714200.0
2025-08-12,4.75,4.900000095367432,4.71999979019165,4.849999904632568,4393000.0
2025-08-13,4.860000133514404,5.070000171661377,4.829999923706055,5.070000171661377,5999600.0
2025-08-14,4.949999809265137,5.03000020980835,4.840000152587891,4.989999771118164,5584000.0
2025-08-15,5.039999961853027,5.079999923706055,4.900000095367432,4.920000076293945,5335300.0
2025-08-18,4.949999809265137,5.03000020980835,4.900000095367432,4.980000019073486,8474400.0
2025-08-19,5.019999980926514,5.03000020980835,4.880000114440918,4.889999866485596,8680300.0
2025-08-20,4.880000114440918,4.929999828338623,4.78000020980835,4.860000133514404,22383900.0
2025-08-21,3.799999952316284,3.9600000381469727,3.75,3.809999942779541,44709700.0
2025-08-22,3.8399999141693115,4.03000020980835,3.819999933242798,3.930000066757202,20608800.0
2025-08-25,4.03000020980835,4.03000020980835,3.799999952316284,3.809999942779541,16178700.0
2025-08-26,3.809999942779541,3.859999895095825,3.6700000762939453,3.690000057220459,14282200.0
2025-08-27,3.859999895095825,4.230000019073486,3.8499999046325684,4.199999809265137,31975500.0
2025-08-28,4.159999847412109,4.349999904632568,4.110000133514404,4.329999923706055,15233100.0
2025-08-29,4.349999904632568,4.389999866485596,4.239999771118164,4.28000020980835,12848700.0
2025-09-02,4.230000019073486,4.349999904632568,4.170000076293945,4.340000152587891,10400800.0
2025-09-03,4.300000190734863,4.380000114440918,4.269999980926514,4.329999923706055,8157500.0
2025-09-04,4.400000095367432,4.400000095367432,4.269999980926514,4.380000114440918,8026400.0
2025-09-05,4.400000095367432,4.53000020980835,4.340000152587891,4.369999885559082,10476600.0
2025-09-08,4.369999885559082,4.369999885559082,4.239999771118164,4.320000171661377,8122300.0
2025-09-09,4.269999980926514,4.329999923706055,4.230000019073486,4.25,4714500.0
2025-09-10,4.130000114440918,4.190000057220459,4.010000228881836,4.019999980926514,6247700.0
2025-09-11,4.019999980926514,4.159999847412109,4.019999980926514,4.130000114440918,6263600.0
2025-09-12,4.099999904632568,4.159999847412109,4.059999942779541,4.090000152587891,4370300.0
2025-09-15,4.110000133514404,4.239999771118164,4.079999923706055,4.159999847412109,5498200.0
2025-09-16,4.159999847412109,4.21999979019165,4.110000133514404,4.210000038146973,4985900.0
2025-09-17,4.230000019073486,4.559999942779541,4.21999979019165,4.320000171661377,11851500.0
2025-09-18,4.300000190734863,4.360000133514404,4.260000228881836,4.269999980926514,5215800.0
2025-09-19,4.260000228881836,4.269999980926514,4.099999904632568,4.110000133514404,9897400.0
2025-09-22,4.059999942779541,4.130000114440918,4.019999980926514,4.03000020980835,5967700.0
2025-09-23,4.090000152587891,4.110000133514404,3.9800000190734863,4.0,6115100.0
2025-09-24,4.010000228881836,4.039999961853027,3.950000047683716,3.9600000381469727,4398000.0
2025-09-25,3.9200000762939453,3.950000047683716,3.9000000953674316,3.930000066757202,5053000.0
2025-09-26,3.9200000762939453,4.019999980926514,3.9100000858306885,4.010000228881836,4541700.0
2025-09-29,4.03000020980835,4.039999961853027,3.9700000286102295,4.010000228881836,3894800.0
2025-09-30,4.110000133514404,4.170000076293945,4.0,4.039999961853027,7026600.0
2025-10-01,4.019999980926514,4.059999942779541,3.9100000858306885,3.9700000286102295,6515600.0
2025-10-02,3.940000057220459,4.0,3.890000104904175,3.940000057220459,4903300.0
2025-10-03,3.9600000381469727,4.039999961853027,3.940000057220459,4.010000228881836,5169000.0
2025-10-06,4.03000020980835,4.059999942779541,3.940000057220459,4.03000020980835,6819400.0
2025-10-07,4.039999961853027,4.119999885559082,4.019999980926514,4.059999942779541,6086000.0
2025-10-08,4.079999923706055,4.329999923706055,4.059999942779541,4.309999942779541,7923700.0
2025-10-09,4.300000190734863,4.460000038146973,4.21999979019165,4.449999809265137,8785700.0
2025-10-10,4.460000038146973,4.46999979019165,4.150000095367432,4.190000057220459,9614100.0
2025-10-13,4.25,4.380000114440918,4.25,4.329999923706055,7344300.0
2025-10-14,4.230000019073486,4.380000114440918,4.230000019073486,4.309999942779541,4509800.0
2025-10-15,4.340000152587891,4.429999828338623,4.230000019073486,4.239999771118164,4322600.0
2025-10-16,4.260000228881836,4.309999942779541,4.130000114440918,4.150000095367432,5750000.0
2025-10-17,4.150000095367432,4.340000152587891,4.119999885559082,4.340000152587891,4192700.0
2025-10-20,4.329999923706055,4.340000152587891,4.119999885559082,4.130000114440918,5180300.0
2025-10-21,4.110000133514404,4.21999979019165,4.099999904632568,4.139999866485596,5964600.0
2025-10-22,4.110000133514404,4.210000038146973,4.099999904632568,4.159999847412109,4197200.0
2025-10-23,4.190000057220459,4.25,4.110000133514404,4.119999885559082,3782100.0
2025-10-24,4.179999828338623,4.179999828338623,4.099999904632568,4.139999866485596,3916700.0
2025-10-27,4.139999866485596,4.179999828338623,4.070000171661377,4.099999904632568,3866700.0
2025-10-28,4.090000152587891,4.090000152587891,4.0,4.019999980926514,3771100.0
2025-10-29,4.0,4.059999942779541,3.930000066757202,3.950000047683716,5199500.0
2025-10-30,3.890000104904175,3.990000009536743,3.8399999141693115,3.930000066757202,4785900.0
2025-10-31,3.9000000953674316,3.990000009536743,3.8399999141693115,3.9700000286102295,5610100.0
2025-11-03,3.930000066757202,3.9600000381469727,3.880000114440918,3.9000000953674316,5421400.0
2025-11-04,3.8499999046325684,3.9100000858306885,3.799999952316284,3.8299999237060547,6655800.0
2025-11-05,3.809999942779541,3.8399999141693115,3.7200000286102295,3.7799999713897705,10729100.0
2025-11-06,3.9000000953674316,4.159999847412109,3.680000066757202,3.7200000286102295,9310000.0
2025-11-07,3.700000047683716,3.7799999713897705,3.6500000953674316,3.75,5656400.0
2025-11-10,3.75,3.759999990463257,3.5399999618530273,3.549999952316284,11389900.0
2025-11-11,3.549999952316284,3.619999885559082,3.5299999713897705,3.569999933242798,10011400.0
2025-11-12,3.5899999141693115,3.7899999618530273,3.5899999141693115,3.7699999809265137,7631500.0
2025-11-13,3.759999990463257,3.7899999618530273,3.630000114440918,3.630000114440918,4488200.0
2025-11-14,3.5899999141693115,3.630000114440918,3.4800000190734863,3.5,5825400.0
2025-11-17,3.4800000190734863,3.509999990463257,3.3399999141693115,3.3499999046325684,5117500.0
2025-11-18,3.3299999237060547,3.359999895095825,3.2799999713897705,3.309999942779541,6742000.0
2025-11-19,3.309999942779541,3.3299999237060547,3.2200000286102295,3.25,5756600.0
2025-11-20,3.259999990463257,3.2699999809265137,3.119999885559082,3.119999885559082,5482900.0
2025-11-21,3.119999885559082,3.2200000286102295,3.119999885559082,3.1600000858306885,4685800.0
2025-11-24,3.1700000762939453,3.2200000286102295,3.119999885559082,3.1500000953674316,7400500.0
2025-11-25,3.1500000953674316,3.2799999713897705,3.1500000953674316,3.2300000190734863,4547900.0
2025-11-26,3.240000009536743,3.3299999237060547,3.2300000190734863,3.299999952316284,4602200.0
2025-11-28,3.319999933242798,3.359999895095825,3.299999952316284,3.319999933242798,2289200.0
2025-12-01,3.2899999618530273,3.4000000953674316,3.259999990463257,3.3399999141693115,5639400.0
2025-12-02,3.3499999046325684,3.369999885559082,3.2899999618530273,3.369999885559082,4504500.0
2025-12-03,3.380000114440918,3.5,3.380000114440918,3.440000057220459,3784800.0
2025-12-04,3.450000047683716,3.4700000286102295,3.3499999046325684,3.390000104904175,3793000.0
2025-12-05,3.4100000858306885,3.5199999809265137,3.4000000953674316,3.450000047683716,6122400.0
2025-12-08,3.450000047683716,3.450000047683716,3.3399999141693115,3.3399999141693115,6098600.0
2025-12-09,3.309999942779541,3.369999885559082,3.2899999618530273,3.299999952316284,6175000.0
2025-12-10,3.299999952316284,3.380000114440918,3.2899999618530273,3.369999885559082,5204100.0
2025-12-11,3.390000104904175,3.4100000858306885,3.3299999237060547,3.3399999141693115,5299700.0
2025-12-12,3.3399999141693115,3.3499999046325684,3.180000066757202,3.2200000286102295,7990000.0
2025-12-15,3.240000009536743,3.2899999618530273,3.180000066757202,3.2799999713897705,8512400.0
2025-12-16,3.299999952316284,3.4200000762939453,3.259999990463257,3.2699999809265137,6475400.0
2025-12-17,3.259999990463257,3.380000114440918,3.25,3.259999990463257,7730900.0
2025-12-18,3.2799999713897705,3.319999933242798,3.240000009536743,3.25,5731000.0
2025-12-19,3.25,3.3499999046325684,3.240000009536743,3.259999990463257,12352100.0
2025-12-22,3.259999990463257,3.2699999809265137,3.140000104904175,3.140000104904175,9548700.0
2025-12-23,3.0399999618530273,3.069999933242798,2.940000057220459,3.009999990463257,13135500.0
2025-12-24,3.0299999713897705,3.069999933242798,3.0,3.059999942779541,3391500.0
2025-12-26,3.0399999618530273,3.109999895095825,3.0299999713897705,3.0999999046325684,3880100.0
2025-12-29,3.069999933242798,3.0999999046325684,3.0399999618530273,3.059999942779541,4773700.0
2025-12-30,3.049999952316284,3.1500000953674316,3.049999952316284,3.140000104904175,5341800.0
2025-12-31,3.119999885559082,3.140000104904175,3.0799999237060547,3.0799999237060547,7492700.0
2026-01-02,3.130000114440918,3.1600000858306885,3.0999999046325684,3.109999895095825,4459000.0
2026-01-05,3.1700000762939453,3.2300000190734863,3.109999895095825,3.1500000953674316,6850800.0
2026-01-06,3.1700000762939453,3.2100000381469727,3.1500000953674316,3.1700000762939453,6206500.0
2026-01-07,3.190000057220459,3.2200000286102295,3.0199999809265137,3.0899999141693115,9201600.0
2026-01-08,3.069999933242798,3.190000057220459,3.069999933242798,3.119999885559082,10706000.0
2026-01-09,3.140000104904175,3.200000047683716,3.0799999237060547,3.190000057220459,9109700.0
2026-01-12,3.1600000858306885,3.2100000381469727,3.119999885559082,3.200000047683716,6421400.0
2026-01-13,3.2200000286102295,3.25,3.1700000762939453,3.190000057220459,6316700.0
2026-01-14,3.200000047683716,3.259999990463257,3.1700000762939453,3.2100000381469727,6208700.0
2026-01-15,3.2100000381469727,3.2300000190734863,3.119999885559082,3.1700000762939453,5857100.0
2026-01-16,3.1500000953674316,3.1600000858306885,3.0399999618530273,3.049999952316284,5960800.0
2026-01-20,3.0299999713897705,3.1500000953674316,2.990000009536743,3.140000104904175,8171700.0
2026-01-21,3.1500000953674316,3.2899999618530273,3.1500000953674316,3.259999990463257,8127600.0
2026-01-22,3.2899999618530273,3.369999885559082,3.2799999713897705,3.299999952316284,5135000.0
2026-01-23,3.309999942779541,3.4000000953674316,3.299999952316284,3.359999895095825,7198700.0
2026-01-26,3.359999895095825,3.369999885559082,3.200000047683716,3.2200000286102295,6695500.0
2026-01-27,3.200000047683716,3.2200000286102295,3.130000114440918,3.1600000858306885,4094400.0
2026-01-28,3.1600000858306885,3.180000066757202,3.109999895095825,3.130000114440918,7149700.0
2026-01-29,3.0999999046325684,3.140000104904175,3.059999942779541,3.109999895095825,5918300.0
2026-01-30,3.109999895095825,3.180000066757202,3.0799999237060547,3.1700000762939453,6761200.0
2026-02-02,3.180000066757202,3.309999942779541,3.109999895095825,3.240000009536743,10177600.0
2026-02-03,3.2300000190734863,3.309999942779541,3.109999895095825,3.1600000858306885,8710000.0
2026-02-04,3.2100000381469727,3.4700000286102295,3.190000057220459,3.430000066757202,11159100.0
2026-02-05,3.359999895095825,3.440000057220459,3.0799999237060547,3.1500000953674316,15966200.0
2026-02-06,2.6600000858306885,2.9200000762939453,2.440000057220459,2.6600000858306885,41917300.0
2026-02-09,2.6600000858306885,2.6700000762939453,2.4700000286102295,2.549999952316284,16967200.0
2026-02-10,2.559999942779541,2.690000057220459,2.5299999713897705,2.5399999618530273,14515200.0
2026-02-11,2.549999952316284,2.5899999141693115,2.5,2.5299999713897705,9537600.0
2026-02-12,2.5199999809265137,2.565000057220459,2.4600000381469727,2.5,8730164.0
