Date,Open,High,Low,Close,Volume
2020-11-06,7.8969164671079435,7.922431652606176,7.799640582500364,7.9176483154296875,59726.0
2020-11-09,7.7419146608663665,7.7419146608663665,7.718314170837402,7.718314170837402,500.0
2020-11-10,7.654523849487305,7.654523849487305,7.654523849487305,7.654523849487305,5498.0
2020-11-11,7.654523849487305,7.654523849487305,7.654523849487305,7.654523849487305,0.0
2020-11-12,7.654523849487305,7.654523849487305,7.654523849487305,7.654523849487305,0.0
2020-11-13,7.9466708641362676,8.18396100963403,7.65771262339821,7.73425817489624,22491.0
2020-11-16,7.73425817489624,7.73425817489624,7.73425817489624,7.73425817489624,0.0
2020-11-17,7.73425817489624,7.73425817489624,7.73425817489624,7.73425817489624,0.0
2020-11-18,8.10741607889319,8.303563309520838,7.69279659017933,7.767427444458008,11745.0
2020-11-19,7.81399461328475,8.391272773233144,7.753396034240723,7.753396034240723,3499.0
2020-11-20,7.762964248657227,7.762964248657227,7.762964248657227,7.762964248657227,500.0
2020-11-23,7.806338787078857,7.806338787078857,7.806338787078857,7.806338787078857,750.0
2020-11-24,7.941569233734411,7.941569233734411,7.721500746843793,7.737447738647461,451070.0
2020-11-25,7.734259227322464,7.734259227322464,7.721500873565673,7.721500873565674,500.0
2020-11-27,7.759454281232597,7.893728256225586,7.759454281232597,7.893728256225586,5748.0
2020-11-30,7.810804532198156,7.828664708399006,7.809209832888909,7.81399393081665,12245.0
2020-12-01,7.813992782366036,7.813992782366036,7.766152570224399,7.778271675109863,14494.0
2020-12-02,7.75594639051981,7.850671369682745,7.75594639051981,7.8108038902282715,7497.0
2020-12-03,7.778910821360443,7.813994207405717,7.77412748336792,7.77412748336792,8996.0
2020-12-04,7.807613849639893,7.8108032477339,7.807613849639893,7.807613849639893,1499.0
2020-12-07,7.807615133579661,7.973463101636844,7.784970099346538,7.81399393081665,56727.0
2020-12-08,7.813993596413353,7.963894564962985,7.807614799449348,7.903295993804932,41234.0
2020-12-09,7.967084186518705,7.973462983661314,7.820372612343238,7.935190200805664,36985.0
2020-12-10,7.963895092663879,7.963895092663879,7.9096760749816895,7.9096760749816895,12995.0
2020-12-11,7.903295904812739,7.941569446270307,7.861834485118064,7.938379287719727,1006847.0
2020-12-14,7.957515327159221,7.960704725464534,7.807614366913978,7.922431945800781,169932.0
2020-12-15,7.957516648860719,7.957516648860719,7.813994461387824,7.84269905090332,31238.0
2020-12-16,7.849076073956034,7.922432237680833,7.842698037214886,7.892133712768555,68223.0
2020-12-17,7.91605508348062,7.9224331209328405,7.845888310355924,7.871402740478516,94212.0
2020-12-18,7.900106955592983,7.925622142157649,7.845887184143066,7.845887184143066,67973.0
2020-12-21,7.845888101114936,7.957516295277204,7.845888101114936,7.9096760749816895,16743.0
2020-12-22,7.954326191171566,7.973462581634522,7.916054170350136,7.9734625816345215,32737.0
2020-12-23,8.053197159470242,8.078711585438084,8.021303176879883,8.021303176879883,19742.0
2020-12-24,8.21713209656894,8.21713209656894,8.085092057835288,8.097848892211914,9996.0
2020-12-28,8.155257478774008,8.196719657845255,8.094658909362183,8.123363494873047,22491.0
2020-12-29,8.11698522343014,8.129742056517081,8.03725026598391,8.069144248962402,29738.0
2020-12-30,7.877780846050247,8.10390811361066,7.877780846050247,8.091469764709473,9496.0
2020-12-31,8.104227175836527,8.116985529613643,7.877781408356311,7.983030796051025,174680.0
2021-01-04,8.078713120458344,8.078713120458344,7.973463718016373,7.9862213134765625,57977.0
2021-01-05,7.970273151114208,8.180772685254205,7.970273151114208,8.13293170928955,84466.0
2021-01-06,8.116984950233492,8.116984950233492,8.040438633557006,8.091469764709473,3499.0
2021-01-07,8.107417835833195,8.107417835833195,8.008547229589745,8.05319881439209,250900.0
2021-01-08,8.053198254010661,8.209478029839548,8.053198254010661,8.193531036376953,154938.0
2021-01-11,8.228614559020311,8.234993356511572,8.116986363027822,8.199909210205078,55228.0
2021-01-12,8.212667354659892,8.212667354659892,8.101039161530357,8.155258178710938,53479.0
2021-01-13,8.203097906313198,8.24136992433169,8.07233258105989,8.168014526367188,106707.0
2021-01-14,8.183961750608448,8.183961750608448,8.008545605981029,8.12655258178711,665234.0
2021-01-15,8.056385624509517,8.206286579358697,8.056385624509517,8.091469764709473,96212.0
2021-01-19,8.126553498393955,8.187152072318156,8.06914508320188,8.107417106628418,60726.0
2021-01-20,8.116987155541736,8.242009926347178,8.116987155541736,8.183963775634766,154438.0
2021-01-21,8.190340995788574,8.273265362990895,8.183962958416034,8.190340995788574,131447.0
2021-01-22,8.177584079435567,8.282833476654195,8.177584079435567,8.212667465209961,130198.0
2021-01-25,8.231803598488678,8.292402937710946,8.139311790466309,8.139311790466309,226659.0
2021-01-26,8.222233945930753,8.222233945930753,8.059576150993236,8.116985321044922,200420.0
2021-01-27,8.065954932757894,8.16801568894563,7.96708433530556,8.011735916137695,198421.0
2021-01-28,8.085091751117659,8.148878960999077,7.973462803642292,8.005356788635254,136695.0
2021-01-29,8.069144405711448,8.069144405711448,7.979841251636892,7.989409446716309,13994.0
2021-02-01,8.037250773628216,8.078712194014562,7.998977231532157,8.005356788635254,22991.0
2021-02-02,8.03406242090537,8.13293302714882,8.03406242090537,8.05319881439209,75970.0
2021-02-03,8.050009257691798,8.145690463145375,8.050009257691798,8.072334289550781,133697.0
2021-02-04,8.091469960945185,8.155257166197778,8.08509116440948,8.12655258178711,31737.0
2021-02-05,8.120174194359912,8.120174194359912,8.065954421074737,8.075523376464844,30238.0
2021-02-08,8.078711664182185,8.136120833404405,8.050007839675528,8.059576034545898,68473.0
2021-02-09,8.101037525519097,8.101037525519097,7.96389341067074,8.037249565124512,308377.0
2021-02-10,8.037250948538318,8.07552373136278,7.976652375732918,8.030871391296387,260146.0
2021-02-11,8.053198915309503,8.116986894397918,8.011736728902033,8.040440559387207,112705.0
2021-02-12,8.072334289550781,8.08030778668063,8.053198656543737,8.072334289550781,1202519.0
2021-02-16,8.161636019725393,8.161636019725393,8.053197237965652,8.059576034545898,104958.0
2021-02-17,8.054472811018142,8.091470135766357,8.053197355725224,8.05638599395752,188675.0
2021-02-18,8.059577612220997,8.078713245603113,8.05319881439209,8.05319881439209,51979.0
2021-02-19,8.034060167104784,8.072332183237144,8.034060167104784,8.037249565124512,58976.0
2021-02-22,8.069144307397517,8.155257301958603,8.005356340978594,8.019708633422852,458567.0
2021-02-23,7.989410125721627,8.050008699708096,7.989410125721627,8.011735916137695,157937.0
2021-02-24,7.992597992848303,8.05000715720343,7.989408594828574,8.037249565124512,97461.0
2021-02-25,8.037249565124512,8.075522341361262,7.989408594828574,8.037249565124512,203169.0
2021-02-26,8.037250598490507,8.05319759063949,7.922432255017822,8.014924049377441,214164.0
2021-03-01,8.158446265964235,8.22542362713856,8.01173471111537,8.043628692626953,188675.0
2021-03-02,7.998976011200869,8.071694437911733,7.931999413038167,7.954325199127197,427079.0
2021-03-03,8.037252126140919,8.046819563144316,7.737449376860629,7.852267742156982,245152.0
2021-03-04,7.8139932972284365,7.916054044744788,7.766153081934617,7.893728256225586,307377.0
2021-03-05,7.868214466582241,7.93519108392907,7.810805285909584,7.896918296813965,27989.0
2021-03-08,7.896917720103788,7.970273890050555,7.896917720103788,7.9096760749816895,344362.0
2021-03-09,7.884161461213536,7.916055450476123,7.85194822801648,7.896918296813965,26489.0
2021-03-10,7.896918296813965,7.909676652623605,7.829941679467137,7.896918296813965,27989.0
2021-03-11,7.896917417950015,7.935190200805665,7.896917417950015,7.935190200805664,71222.0
2021-03-12,7.938379200851905,7.938379200851905,7.871401834216939,7.877781391143799,221661.0
2021-03-15,7.928810819208835,8.116985321044922,7.794856849192696,8.116985321044922,26240.0
2021-03-16,8.005357153338334,8.005357153338334,7.820372792056258,7.865023612976074,128199.0
2021-03-17,7.817181670663343,7.852265048022243,7.759772507712416,7.782098293304443,59226.0
2021-03-18,7.842698008620721,7.916054172078066,7.7693418451633764,7.877781391143799,69222.0
2021-03-19,7.810804825701108,7.90457284456651,7.801236629486084,7.801236629486084,82467.0
2021-03-22,7.820370901911782,7.903294486524546,7.772529933805752,7.778908729553223,18493.0
2021-03-23,7.85545368585959,7.85545368585959,7.7342580842830415,7.782098293304443,137945.0
2021-03-24,7.81399350478998,7.817182903234586,7.715122153007214,7.7597737312316895,60726.0
2021-03-25,7.664092483737419,7.810804825701108,7.664092483737419,7.801236629486084,14244.0
2021-03-26,7.731164361378773,7.898540118361706,7.731164361378773,7.786956787109375,105300.0
2021-03-29,7.970274992766498,7.970274992766498,7.707255978813577,7.74710750579834,19000.0
2021-03-30,7.802101837730565,7.802101837730565,7.731166590962572,7.74710750579834,6400.0
2021-03-31,7.731166590962572,7.786959032783104,7.731166590962572,7.74710750579834,14600.0
2021-04-01,7.763045787811279,7.794926849687332,7.74710563692549,7.763045787811279,4700.0
2021-04-05,7.731164361378773,7.810867392362812,7.731164361378773,7.786956787109375,24300.0
2021-04-06,7.786957799704542,7.850719928741455,7.786957799704542,7.850719928741455,17200.0
2021-04-07,7.858689624792667,7.874630537104164,7.830793788352085,7.850719928741455,10900.0
2021-04-08,7.850720051922898,7.8905708131178445,7.794927618061788,7.84274959564209,68300.0
2021-04-09,7.850718741932927,7.866658891730184,7.810867227283154,7.83477783203125,34600.0
2021-04-12,7.85071870220729,7.85071870220729,7.786956583132065,7.818837642669678,5700.0
2021-04-13,7.810867227283154,7.842748286982088,7.810867227283154,7.83477783203125,13500.0
2021-04-14,7.850718741932927,7.850718741932927,7.818837682233992,7.83477783203125,166000.0
2021-04-15,7.850718741932927,7.850718741932927,7.818837682233992,7.83477783203125,92500.0
2021-04-16,7.83477652203857,7.850717429274892,7.810865921288382,7.82680606842041,126600.0
2021-04-19,7.82680606842041,7.842746975656731,7.786955320538194,7.82680606842041,68800.0
2021-04-20,7.818837642669678,7.826807337475769,7.786956583132065,7.818837642669678,46500.0
2021-04-21,7.786956583132065,7.834777792386276,7.786956583132065,7.818837642669678,38600.0
2021-04-22,7.820431581630896,7.834777792386276,7.818837642669678,7.818837642669678,10100.0
2021-04-23,7.794926726914967,7.826807788288883,7.7471055149063215,7.7710161209106445,62600.0
2021-04-26,7.771017427811448,7.794928037836968,7.771017427811448,7.778987884521484,5400.0
2021-04-27,7.78536260290684,7.810867908954543,7.778986846473279,7.8028974533081055,16000.0
2021-04-28,7.771016120910644,7.786957031649832,7.739135059536728,7.7710161209106445,13200.0
2021-04-29,7.739135181430358,7.810867760677595,7.739135181430358,7.763045787811279,25000.0
2021-04-30,7.8028971822845605,7.8028971822845605,7.7471055149063215,7.7710161209106445,4900.0
2021-05-03,7.7710163908268415,7.810867908954543,7.763045935180403,7.8028974533081055,29900.0
2021-05-04,7.8028971822845605,7.8028971822845605,7.771016120910644,7.7710161209106445,26000.0
2021-05-05,7.755075210171456,7.826807788288883,7.755075210171456,7.7710161209106445,355200.0
2021-05-06,7.771016120910644,7.771016120910644,7.7471055149063215,7.7710161209106445,83300.0
2021-05-07,7.771015888136447,7.771015888136447,7.739134827717502,7.755074977874756,65800.0
2021-05-10,7.771018117947336,7.771018117947336,7.74710750579834,7.74710750579834,45600.0
2021-05-11,7.739133955972547,7.761450619741591,7.715223353377764,7.731163501739502,250800.0
2021-05-12,7.723193047506458,7.743119183089069,7.723193047506458,7.731163501739502,118300.0
2021-05-13,7.748701445260986,7.7550772031115685,7.731166590962572,7.74710750579834,90000.0
2021-05-14,7.731164048370477,7.794926166534424,7.731164048370477,7.794926166534424,11700.0
2021-05-17,7.739133955972547,7.747104410205592,7.731163501739502,7.731163501739502,19100.0
2021-05-18,7.74710750579834,7.74710750579834,7.74710750579834,7.74710750579834,3100.0
2021-05-19,7.731165054985978,7.735150282903161,7.715224903421749,7.723194599151611,44900.0
2021-05-20,7.723194599151611,7.727179827068794,7.715224903421749,7.723194599151611,4800.0
2021-05-21,7.731163103805477,7.731163103805477,7.707252502441406,7.707252502441406,1500.0
2021-05-24,7.707252502441406,7.731163103805477,7.699282048618612,7.707252502441406,12200.0
2021-05-25,7.719208183175597,7.7391335576282705,7.699282048618612,7.707252502441406,26300.0
2021-05-26,7.723193917455809,7.755074977874756,7.715224222429401,7.755074977874756,21300.0
2021-05-27,7.707254447587383,7.739135510820344,7.69131353591865,7.723194599151611,211000.0
2021-05-28,7.731166590962572,7.74710750579834,7.723196133544689,7.74710750579834,22900.0
2021-06-01,7.715224222429401,7.771015888136447,7.715224222429401,7.755074977874756,3000.0
2021-06-02,7.723194148797539,7.778986576280238,7.723194148797539,7.7710161209106445,354100.0
2021-06-03,7.763045421751501,7.786956787109374,7.763045421751501,7.786956787109375,142900.0
2021-06-04,7.771015876870792,7.786956787109374,7.771015876870792,7.786956787109375,3000.0
2021-06-07,7.8108670761276136,7.8108670761276136,7.77898601704564,7.794926166534424,12700.0
2021-06-08,7.794926166534424,7.794926166534424,7.786956471842235,7.794926166534424,20600.0
2021-06-09,7.715223898881693,7.794926166534424,7.715223898881693,7.794926166534424,7900.0
2021-06-10,7.778986576280238,7.778986576280238,7.76304566554105,7.7710161209106445,262600.0
2021-06-11,7.771016120910644,7.771016120910644,7.771016120910644,7.7710161209106445,20500.0
2021-06-14,7.755074966632209,7.786956787109374,7.755074966632209,7.786956787109375,10600.0
2021-06-15,7.781377375083621,7.810867908954543,7.781377375083621,7.8028974533081055,28300.0
2021-06-16,7.778987884521484,7.778987884521484,7.778987884521484,7.778987884521484,800.0
2021-06-17,7.771015422656464,7.778985877309883,7.771015422656464,7.774203300476074,3800.0
2021-06-18,7.763045787811279,7.763045787811279,7.763045787811279,7.763045787811279,100.0
2021-06-21,7.763047660529452,7.767032889238394,7.7391370483804565,7.74710750579834,6900.0
2021-06-22,7.771016243306411,7.771016243306411,7.7550753323161485,7.763045787811279,16600.0
2021-06-23,7.7789854670334195,7.7789854670334195,7.72717827462298,7.731163501739502,20700.0
2021-06-24,7.699282444911675,7.739133955972547,7.699282444911675,7.731163501739502,10400.0
2021-06-25,7.731164549351685,7.763045610499558,7.731164549351685,7.759060382843018,27900.0
2021-06-28,7.755074977874756,7.7590602054401785,7.747105282848347,7.755074977874756,28300.0
2021-06-29,7.763045787811279,7.763045787811279,7.7550753323161485,7.763045787811279,36000.0
2021-06-30,7.763045787811279,7.763045787811279,7.763045787811279,7.763045787811279,1600.0
2021-07-01,7.763045787811279,7.763045787811279,7.7550753323161485,7.763045787811279,8400.0
2021-07-02,7.778986576280238,7.778986576280238,7.76304566554105,7.7710161209106445,6300.0
2021-07-06,7.778987884521484,7.778987884521484,7.778987884521484,7.778987884521484,500.0
2021-07-07,7.76304566554105,7.771016120910644,7.76304566554105,7.7710161209106445,1400.0
2021-07-08,7.7471055149063215,7.778986576280238,7.7471055149063215,7.7710161209106445,1400.0
2021-07-09,7.763045488348549,7.767030715942383,7.763045488348549,7.767030715942383,4300.0
2021-07-12,7.74710563692549,7.778986698801542,7.74710563692549,7.763045787811279,6100.0
2021-07-13,7.759060382843018,7.759060382843018,7.759060382843018,7.759060382843018,600.0
2021-07-14,7.747105282848347,7.763045433005602,7.747105282848347,7.755074977874756,10500.0
2021-07-15,7.763047660529452,7.763047660529452,7.74710750579834,7.74710750579834,15400.0
2021-07-16,7.755074977874756,7.755074977874756,7.747105282848347,7.755074977874756,2500.0
2021-07-19,7.7550772031115685,7.7550772031115685,7.74710750579834,7.74710750579834,8700.0
2021-07-20,7.747105282848347,7.755074977874756,7.745511343843066,7.755074977874756,9400.0
2021-07-21,7.755074977874756,7.755074977874756,7.747105282848347,7.755074977874756,7400.0
2021-07-22,7.74710750579834,7.74710750579834,7.74710750579834,7.74710750579834,600.0
2021-07-23,7.747105338077657,7.767030715942383,7.747105338077657,7.767030715942383,24300.0
2021-07-26,7.76304455856733,7.76304455856733,7.723193047506458,7.731163501739502,21500.0
2021-07-27,7.731165054985978,7.731165054985978,7.69131353591865,7.723194599151611,10100.0
2021-07-28,7.7144260039127195,7.731163501739502,7.70725289914472,7.731163501739502,3700.0
2021-07-29,7.699283355700422,7.731164416299628,7.699283355700422,7.715224266052246,5200.0
2021-07-30,7.7072535779513895,7.747105092522134,7.699283123016357,7.699283123016357,42400.0
2021-08-02,7.699284221928782,7.763046350300921,7.699284221928782,7.7391357421875,24300.0
2021-08-03,7.7550753323161485,7.771016243306411,7.7550753323161485,7.763045787811279,14600.0
2021-08-04,7.731165286114851,7.747106198260149,7.723194830042202,7.7391357421875,50000.0
2021-08-05,7.723194417052702,7.8028974533081055,7.723194417052702,7.8028974533081055,242300.0
2021-08-06,7.771016243306411,7.771016243306411,7.74710563692549,7.763045787811279,2200.0
2021-08-09,7.771015888136447,7.771015888136447,7.739134827717502,7.755074977874756,5200.0
2021-08-10,7.763046350300921,7.763046350300921,7.731165286114851,7.7391357421875,11000.0
2021-08-11,7.7391370483804565,7.753483263648922,7.731166590962572,7.74710750579834,7500.0
2021-08-12,7.715224222429401,7.755074977874756,7.715224222429401,7.755074977874756,300.0
2021-08-13,7.755074104334285,7.76304455856733,7.72717827462298,7.731163501739502,294100.0
2021-08-16,7.715224575049437,7.763045787811279,7.715224575049437,7.763045787811279,45600.0
2021-08-17,7.731165286114851,7.747106198260149,7.731165286114851,7.7391357421875,254800.0
2021-08-18,7.739135510820344,7.755075662384573,7.715224903421749,7.723194599151611,74500.0
2021-08-19,7.715223353377764,7.747104410205592,7.715223353377764,7.731163501739502,454500.0
2021-08-20,7.723196133544689,7.74710750579834,7.723196133544689,7.74710750579834,258800.0
2021-08-23,7.7311643725866555,7.755074977874756,7.7311643725866555,7.755074977874756,14000.0
2021-08-24,7.74710750579834,7.763047660529452,7.74710750579834,7.74710750579834,28400.0
2021-08-25,7.74710750579834,7.771018117947336,7.74710750579834,7.74710750579834,6600.0
2021-08-26,7.74710750579834,7.74710750579834,7.74710750579834,7.74710750579834,400.0
2021-08-27,7.747105966654711,7.755075662384573,7.707254447587383,7.723194599151611,296900.0
2021-08-30,7.731163501739502,7.755074104334285,7.723193047506458,7.731163501739502,158000.0
2021-08-31,7.731164725935227,7.771016243306411,7.731164725935227,7.763045787811279,13700.0
2021-09-01,7.7550753323161485,7.771016243306411,7.74072912050849,7.763045787811279,13900.0
2021-09-02,7.763045787811279,7.767031015558845,7.763045787811279,7.763045787811279,11200.0
2021-09-03,7.739135181430358,7.778986698801542,7.739135181430358,7.763045787811279,16700.0
2021-09-07,7.786959032783104,7.786959032783104,7.74710750579834,7.74710750579834,1900.0
2021-09-08,7.778986576280238,7.778986576280238,7.750293393012376,7.7710161209106445,1100.0
2021-09-09,7.786159682071089,7.786159682071089,7.76304566554105,7.7710161209106445,5300.0
2021-09-10,7.771016243306411,7.778986698801542,7.763045787811279,7.763045787811279,129400.0
2021-09-13,7.763046971101412,7.78695834123152,7.763046971101412,7.778987884521484,105900.0
2021-09-14,7.763046971101412,7.778987884521484,7.763046971101412,7.778987884521484,835500.0
2021-09-15,7.794928037836968,7.794928037836968,7.771017427811448,7.778987884521484,13200.0
2021-09-16,7.778987884521484,7.78695834123152,7.771017427811448,7.778987884521484,22200.0
2021-09-17,7.78695834123152,7.794928037836968,7.778987884521484,7.778987884521484,16800.0
2021-09-20,7.771015876870792,7.786956787109374,7.771015876870792,7.786956787109375,33600.0
2021-09-21,7.786956787109374,7.786956787109374,7.786956787109374,7.786956787109375,2000.0
2021-09-22,7.786956787109374,7.786956787109374,7.786956787109374,7.786956787109375,4800.0
2021-09-23,7.794926166534424,7.794926166534424,7.77898601704564,7.794926166534424,23700.0
2021-09-24,7.794927551866754,7.8188389205061215,7.794927551866754,7.802100658416748,1400.0
2021-09-27,7.794926166534424,7.794926166534424,7.794926166534424,7.794926166534424,800.0
2021-09-28,7.786956583132065,7.818837642669678,7.771015673311051,7.818837642669678,14200.0
2021-09-29,7.818839196576333,7.818839196576333,7.794927827092695,7.810868740081787,11500.0
2021-09-30,7.778984866920034,7.83477652203857,7.778984866920034,7.82680606842041,252100.0
2021-10-01,7.83477652203857,7.83477652203857,7.818836374906542,7.82680606842041,103000.0
2021-10-04,7.83477652203857,7.83477652203857,7.818836374906542,7.82680606842041,5600.0
2021-10-05,7.818838579809537,7.826808275570849,7.818838579809537,7.8228230476379395,4500.0
2021-10-06,7.771015673311051,7.826807337475769,7.771015673311051,7.818837642669678,97800.0
2021-10-07,7.82680606842041,7.930419685143617,7.810865921288382,7.82680606842041,118200.0
2021-10-08,7.85071870220729,7.85071870220729,7.81086718775917,7.818837642669678,11800.0
2021-10-11,7.810865921288382,7.82680606842041,7.786955320538194,7.82680606842041,1100.0
2021-10-12,7.810867227283154,7.834777832031249,7.810867227283154,7.83477783203125,9000.0
2021-10-13,7.82680606842041,7.83477652203857,7.82680606842041,7.82680606842041,28100.0
2021-10-14,7.858689785003662,7.858689785003662,7.858689785003662,7.858689785003662,200.0
2021-10-15,7.850717429274892,7.850717429274892,7.810865921288382,7.82680606842041,6000.0
2021-10-18,7.786956583132065,7.818837642669678,7.786956583132065,7.818837642669678,286800.0
2021-10-19,7.802898283587241,7.818839196576333,7.802898283587241,7.810868740081787,51200.0
2021-10-20,7.786956583132065,7.818837642669678,7.786956583132065,7.818837642669678,14500.0
2021-10-21,7.818839196576333,7.818839196576333,7.794927827092695,7.810868740081787,4200.0
2021-10-22,7.842749472585707,8.153589661614527,7.802897951911502,7.850719928741455,2766800.0
2021-10-25,7.922450268594149,7.922450268594149,7.834777547630684,7.89056921005249,605000.0
2021-10-26,7.882600993259912,7.883397582812766,7.842749472585707,7.850719928741455,129900.0
2021-10-27,7.810868530623405,7.850720051922898,7.810868530623405,7.84274959564209,42200.0
2021-10-28,7.818837642669678,7.834777792386276,7.806881960303917,7.818837642669678,80000.0
2021-10-29,7.77898767420817,7.842749805955403,7.77898767420817,7.810868740081787,495200.0
2021-11-01,7.866658891730184,7.866658891730184,7.826807377080411,7.83477783203125,27200.0
2021-11-02,7.8188388642229985,7.858689624792667,7.8188388642229985,7.850719928741455,28400.0
2021-11-03,7.850720051922898,7.850720051922898,7.834779139361282,7.84274959564209,222700.0
2021-11-04,7.8586897480991595,7.882601116941584,7.834779139361282,7.84274959564209,414700.0
2021-11-05,7.826807377080411,7.834777832031249,7.818837682233992,7.83477783203125,113000.0
2021-11-08,7.85071870220729,7.85071870220729,7.818837642669678,7.818837642669678,19800.0
2021-11-09,7.818837682233992,7.850718741932927,7.818837682233992,7.83477783203125,377700.0
2021-11-10,7.818838579809537,7.834778731436669,7.818838579809537,7.8228230476379395,316300.0
2021-11-11,7.826807337475769,7.826807337475769,7.81086718775917,7.818837642669678,83600.0
2021-11-12,7.818838986904213,7.8586897480991595,7.810868530623405,7.84274959564209,94100.0
2021-11-15,7.850719928741455,7.8666600809484155,7.829199849141842,7.850719928741455,569100.0
2021-11-16,7.826807377080411,7.842748286982088,7.826807377080411,7.83477783203125,81300.0
2021-11-17,7.858688436779345,7.858688436779345,7.818837682233992,7.83477783203125,48700.0
2021-11-18,7.83477652203857,7.83477652203857,7.818836374906542,7.82680606842041,34600.0
2021-11-19,7.82680606842041,7.842746975656731,7.818836374906542,7.82680606842041,45500.0
2021-11-22,7.84274959564209,7.850720051922898,7.826808683080474,7.84274959564209,77300.0
2021-11-23,7.842749472585707,7.850719928741455,7.826808560274211,7.850719928741455,40800.0
2021-11-24,7.850719928741455,7.8666600809484155,7.842749472585707,7.850719928741455,52600.0
2021-11-26,7.834779139361282,7.850720051922898,7.826808683080474,7.84274959564209,10600.0
2021-11-29,7.837965709969817,7.858688436779345,7.834777832031249,7.83477783203125,6100.0
2021-11-30,7.826808683080474,7.850720051922898,7.826808683080474,7.84274959564209,338900.0
2021-12-01,7.826808683080474,7.850720051922898,7.826808683080474,7.84274959564209,33200.0
2021-12-02,7.822823454940069,7.850720051922898,7.822823454940069,7.84274959564209,6000.0
2021-12-03,7.82680606842041,7.83477652203857,7.82680606842041,7.82680606842041,2200.0
2021-12-06,7.818836374906542,7.82680606842041,7.818836374906542,7.82680606842041,600.0
2021-12-07,7.82680606842041,7.842746975656731,7.802895467670222,7.82680606842041,226000.0
2021-12-08,7.834777832031249,7.834777832031249,7.81325851578929,7.83477783203125,10600.0
2021-12-09,7.834779176153501,7.8666602413219,7.834779176153501,7.858689785003662,49700.0
2021-12-10,7.834777832031249,7.858688436779345,7.834777832031249,7.83477783203125,700.0
2021-12-13,7.818837682233992,7.858688436779345,7.810867227283154,7.83477783203125,79500.0
2021-12-14,7.826807337475769,7.834777792386276,7.81086718775917,7.818837642669678,16000.0
2021-12-15,7.834779349460858,7.834779349460858,7.802898283587241,7.810868740081787,6100.0
2021-12-16,7.810868740081787,7.81485396832906,7.802898283587241,7.810868740081787,77200.0
2021-12-17,7.810868740081787,7.810868740081787,7.801304344309245,7.810868740081787,29900.0
2021-12-20,7.802898283587241,7.818839196576333,7.802898283587241,7.810868740081787,14300.0
2021-12-21,7.818836374906542,7.82680606842041,7.786955320538194,7.82680606842041,137400.0
2021-12-22,7.81086718775917,7.818837642669678,7.802896732848663,7.818837642669678,55500.0
2021-12-23,7.818839196576333,7.818839196576333,7.802898283587241,7.810868740081787,23800.0
2021-12-27,7.786957958453177,7.858689785003662,7.786957958453177,7.858689785003662,172500.0
2021-12-28,7.84274959564209,7.84274959564209,7.84274959564209,7.84274959564209,800.0
2021-12-29,7.8586897480991595,7.8586897480991595,7.837967017831787,7.84274959564209,1100.0
2021-12-30,7.818838986904213,7.84274959564209,7.818838986904213,7.84274959564209,700.0
2021-12-31,7.818837642669678,7.818837642669678,7.814852415214424,7.818837642669678,6300.0
2022-01-03,7.806883302483,7.84274959564209,7.806883302483,7.84274959564209,41700.0
2022-01-04,7.818838986904213,7.84274959564209,7.818838986904213,7.84274959564209,9500.0
2022-01-05,7.834777832031249,7.834777832031249,7.834777832031249,7.83477783203125,4200.0
2022-01-06,7.826807377080411,7.834777832031249,7.818837682233992,7.83477783203125,1569000.0
2022-01-07,7.850719427082245,7.850719427082245,7.8028974533081055,7.8028974533081055,63800.0
2022-01-10,7.826808060142931,7.826808060142931,7.8028974533081055,7.8028974533081055,47900.0
2022-01-11,7.826808892966311,7.826808892966311,7.802898283587241,7.810868740081787,53700.0
2022-01-12,7.818839196576333,7.818839196576333,7.810868740081787,7.810868740081787,51100.0
2022-01-13,7.822027075132325,7.822027075132325,7.810868740081787,7.810868740081787,119000.0
2022-01-14,7.802898283587241,7.810868740081787,7.802898283587241,7.810868740081787,400100.0
2022-01-18,7.810868740081787,7.826808892966311,7.802898283587241,7.810868740081787,97500.0
2022-01-19,7.83477652203857,7.8586871227887585,7.818836374906542,7.82680606842041,38300.0
2022-01-20,7.818837682233992,7.834777832031249,7.810867227283154,7.83477783203125,24100.0
2022-01-21,7.818837642669678,7.826807337475769,7.81086718775917,7.818837642669678,79500.0
2022-01-24,7.818837642669678,7.834777792386276,7.802896732848663,7.818837642669678,1614100.0
2022-01-25,7.818837642669678,7.818837642669678,7.798911505393409,7.818837642669678,44100.0
2022-01-26,7.826807337475769,7.842748247296782,7.81086718775917,7.818837642669678,62300.0
2022-01-27,7.794927827092695,7.834779349460858,7.794927827092695,7.810868740081787,52700.0
2022-01-28,7.83477652203857,7.83477652203857,7.818836374906542,7.82680606842041,12100.0
2022-01-31,7.842748286982088,7.842748286982088,7.810867227283154,7.83477783203125,2300.0
2022-02-01,7.858689624792667,7.858689624792667,7.826808560274211,7.850719928741455,11200.0
2022-02-02,7.834779139361282,7.84274959564209,7.834779139361282,7.84274959564209,9800.0
2022-02-03,7.802898074342597,7.84274959564209,7.802898074342597,7.84274959564209,16500.0
2022-02-04,7.82680606842041,7.842746975656731,7.818836374906542,7.82680606842041,664700.0
2022-02-07,7.842748971435807,7.842748971435807,7.8028974533081055,7.8028974533081055,1678400.0
2022-02-08,7.826807377080411,7.837169120537385,7.810867227283154,7.83477783203125,318100.0
2022-02-09,7.810867227283154,7.842748286982088,7.810867227283154,7.83477783203125,236800.0
2022-02-10,7.84274959564209,7.855501869628655,7.84274959564209,7.84274959564209,5900.0
2022-02-11,7.84274959564209,7.850720051922898,7.826808683080474,7.84274959564209,6800.0
2022-02-14,7.84274959564209,7.84274959564209,7.838764367501686,7.84274959564209,7700.0
2022-02-15,7.850720051922898,7.850720051922898,7.834779139361282,7.84274959564209,7700.0
2022-02-16,7.834777832031249,7.846733514457507,7.834777832031249,7.83477783203125,15900.0
2022-02-17,7.842750372883497,7.842750372883497,7.834779915812791,7.8387651443481445,2800.0
2022-02-18,7.838764367501686,7.84274959564209,7.834779139361282,7.84274959564209,8300.0
2022-02-22,7.834779139361282,7.84274959564209,7.834779139361282,7.84274959564209,24300.0
2022-02-23,7.850720051922898,7.850720051922898,7.84274959564209,7.84274959564209,1900.0
2022-02-24,7.84274959564209,7.84274959564209,7.834779139361282,7.84274959564209,2100.0
2022-02-25,7.834777832031249,7.8395604090435205,7.834777832031249,7.83477783203125,9200.0
2022-02-28,7.834779915812791,7.838765144348144,7.834779915812791,7.8387651443481445,16200.0
2022-03-01,7.834777832031249,7.834777832031249,7.826807377080411,7.83477783203125,12100.0
2022-03-02,7.84274959564209,7.850720051922898,7.84274959564209,7.84274959564209,36100.0
2022-03-03,7.84274959564209,7.84274959564209,7.84274959564209,7.84274959564209,100.0
2022-03-04,7.834779139361282,7.844343534877342,7.834779139361282,7.84274959564209,17400.0
2022-03-07,7.834779349460858,7.842749805955403,7.810868740081787,7.810868740081787,1112800.0
2022-03-08,7.826807337475769,7.842748247296782,7.81086718775917,7.818837642669678,1330400.0
2022-03-09,7.834777832031249,7.842748286982088,7.834777832031249,7.83477783203125,24200.0
2022-03-10,7.834779016429959,7.850719928741455,7.834779016429959,7.850719928741455,59300.0
2022-03-11,7.84434341179595,7.858689624792667,7.84434341179595,7.850719928741455,44100.0
2022-03-14,7.850720051922898,7.850720051922898,7.838764367501686,7.84274959564209,9800.0
2022-03-15,7.834777832031249,7.842748286982088,7.834777832031249,7.83477783203125,1145900.0
2022-03-16,7.838764367501686,7.850720051922898,7.834779139361282,7.84274959564209,30800.0
2022-03-17,7.834779139361282,7.850720051922898,7.830793911220878,7.84274959564209,96700.0
2022-03-18,7.84274959564209,7.850720051922898,7.834779139361282,7.84274959564209,82500.0
2022-03-21,7.842749472585707,7.858689624792667,7.834779016429959,7.850719928741455,17200.0
2022-03-22,7.8666600809484155,7.8666600809484155,7.842749472585707,7.850719928741455,2400.0
2022-03-23,7.84274959564209,7.850720051922898,7.84274959564209,7.84274959564209,27700.0
2022-03-24,7.846734700663581,7.858689624792667,7.842749472585707,7.850719928741455,28700.0
2022-03-25,7.845937388062929,7.866660118103027,7.845937388062929,7.866660118103027,51800.0
2022-03-28,7.87463057429642,7.87463057429642,7.858689661909634,7.866660118103027,34700.0
2022-03-29,7.858689661909634,7.87463057429642,7.858689661909634,7.866660118103027,50900.0
2022-03-30,7.866660204379968,7.866660204379968,7.84274959564209,7.84274959564209,830100.0
2022-03-31,7.854704396714793,7.854704396714793,7.842749472585707,7.850719928741455,19800.0
2022-04-01,7.858689624792667,7.858689624792667,7.846734700663581,7.850719928741455,84500.0
2022-04-04,7.8507199658207805,7.866660118103027,7.8507199658207805,7.866660118103027,245100.0
2022-04-05,7.8746306976401375,7.8746306976401375,7.858689785003662,7.858689785003662,22700.0
2022-04-06,7.858689661909634,7.866660118103027,7.858689661909634,7.866660118103027,18500.0
2022-04-07,7.858689785003662,7.858689785003662,7.858689785003662,7.858689785003662,69900.0
2022-04-08,7.866660118103027,7.866660118103027,7.866660118103027,7.866660118103027,6800.0
2022-04-11,7.866660118103027,7.866660118103027,7.866660118103027,7.866660118103027,1600.0
2022-04-12,7.866659518779073,7.874629974365234,7.866659518779073,7.874629974365234,19500.0
2022-04-13,7.882600429951396,7.882600429951396,7.874629974365234,7.874629974365234,1200.0
2022-04-14,7.868252383672997,7.882599353790283,7.868252383672997,7.882599353790283,35500.0
2022-04-18,7.866660118103027,7.882601030489813,7.866660118103027,7.866660118103027,15900.0
2022-04-19,7.890568820071801,7.890568820071801,7.874628671640988,7.876222610473633,600.0
2022-04-20,7.876222838171003,7.882599353790283,7.876222838171003,7.882599353790283,12700.0
2022-04-21,7.882599515495369,7.890569210052489,7.882599515495369,7.89056921005249,68100.0
2022-04-22,7.882599515495369,7.8985396647140025,7.882599515495369,7.89056921005249,4000.0
2022-04-25,7.882599353790283,7.898539502681917,7.8746288992922775,7.882599353790283,33400.0
2022-04-26,7.874629060833857,7.8985396647140025,7.874629060833857,7.89056921005249,45500.0
2022-04-27,7.890569210052489,7.890569210052489,7.886584742826126,7.89056921005249,713900.0
2022-04-28,7.894557175461847,7.898542404174806,7.882602249427629,7.898542404174805,261800.0
2022-04-29,7.890569210052489,7.8985396647140025,7.890569210052489,7.89056921005249,23800.0
2022-05-02,7.890569210052489,7.891366559560399,7.890569210052489,7.89056921005249,6900.0
2022-05-03,7.882599353790283,7.882599353790283,7.882599353790283,7.882599353790283,300.0
2022-05-04,7.894556045532227,7.894556045532227,7.894556045532227,7.894556045532227,900.0
2022-05-05,7.8985396647140025,7.8985396647140025,7.890569210052489,7.89056921005249,10000.0
2022-05-06,7.882599515495369,7.890569210052489,7.882599515495369,7.89056921005249,16300.0
2022-05-09,7.886584581039286,7.890569048183911,7.882599353790283,7.882599353790283,26000.0
2022-05-10,7.882600429951396,7.882600429951396,7.874629974365234,7.874629974365234,57700.0
2022-05-11,7.87463057429642,7.878615802393116,7.834779053433994,7.866660118103027,564000.0
2022-05-12,7.87463057429642,7.87463057429642,7.866660118103027,7.866660118103027,41800.0
2022-05-13,7.874629974365234,7.882600429951396,7.874629974365234,7.874629974365234,11600.0
2022-05-16,7.882601030489813,7.882601030489813,7.858689661909634,7.866660118103027,109700.0
2022-05-17,7.858689838512528,7.886586435816304,7.850720142244577,7.870645523071289,1178000.0
2022-05-18,7.866658838707214,7.930420957675312,7.866658838707214,7.906510353088379,3917500.0
2022-05-19,7.922453016347897,7.922453016347897,7.890571946748889,7.898542404174805,70300.0
2022-05-20,7.898540541405099,7.898540541405099,7.890570085858912,7.891367435455322,126700.0
2022-05-23,7.906510231413288,7.922450380857797,7.89853977663883,7.914480686187744,635000.0
2022-05-24,7.8905693218643735,7.930420835632255,7.8905693218643735,7.914480686187744,144900.0
2022-05-25,7.9144826295394335,7.930422782897949,7.906512172807881,7.930422782897949,762100.0
2022-05-26,7.930422782897949,7.930422782897949,7.9144826295394335,7.930422782897949,140000.0
2022-05-27,7.930421230314709,7.93839168548584,7.922450775143576,7.93839168548584,255300.0
2022-05-31,7.93042209755462,8.018095593815817,7.93042209755462,7.962303161621094,426100.0
2022-06-01,7.970273580170768,7.986214492181279,7.9463629722595215,7.9463629722595215,604500.0
2022-06-02,7.9383925162542655,7.978244036176024,7.9383925162542655,7.9463629722595215,444900.0
2022-06-03,7.938391834483466,7.978243350982666,7.938391834483466,7.978243350982666,112800.0
2022-06-06,7.970273617663843,7.9862145297493425,7.954332705578344,7.962303161621094,718300.0
2022-06-07,7.962303515160966,7.994184580643014,7.954333058764314,7.970273971557617,692400.0
2022-06-08,7.97824444817411,8.105768710425497,7.974259219965684,8.018095970153809,4196200.0
2022-06-09,8.018095118410574,8.121708000404857,8.018095118410574,8.097797393798828,642600.0
2022-06-10,8.081856645222862,8.161558914718247,8.034034675442092,8.105767250061035,2012700.0
2022-06-13,8.097796603749085,8.097796603749085,8.049975395202637,8.049975395202637,1128500.0
2022-06-14,8.042007005240071,8.073888072491481,8.042007005240071,8.057947158813477,212900.0
2022-06-15,8.057945073884937,8.057945073884937,8.034034469659208,8.053959846496582,94500.0
2022-06-16,8.057946732028947,8.057946732028947,7.99816982911168,8.018095970153809,101600.0
2022-06-17,8.010123881344326,8.057945089890774,7.9702723674860145,8.049975395202637,1821100.0
2022-06-21,8.065916390780348,8.065916390780348,8.002154265960304,8.0260648727417,93300.0
2022-06-22,8.002154681730318,8.010125137773068,7.962303161621094,7.962303161621094,605300.0
2022-06-23,7.962302440341204,7.978243350982666,7.962302440341204,7.978243350982666,256400.0
2022-06-24,7.986213806303398,7.986213806303398,7.966287668001569,7.978243350982666,4400.0
2022-06-27,8.002154503808756,8.002154503808756,7.954332528720065,7.958317756652832,73000.0
2022-06-28,7.962303161621094,7.978244073706593,7.950348237661493,7.962303161621094,19400.0
2022-06-29,7.962302330057748,7.962302330057748,7.954331874847412,7.954331874847412,6900.0
2022-06-30,7.93042209755462,7.962303161621094,7.93042209755462,7.962303161621094,43100.0
2022-07-01,7.954331874847412,7.954331874847412,7.954331874847412,7.954331874847412,2400.0
2022-07-05,7.946362140656972,7.9543318357236625,7.93839168548584,7.93839168548584,219300.0
2022-07-06,7.947956911439668,7.954332668160257,7.9463629722595215,7.9463629722595215,1300.0
2022-07-07,7.954332668160257,7.954332668160257,7.9463629722595215,7.9463629722595215,36700.0
2022-07-08,7.970272785268082,7.970272785268082,7.946362179741523,7.954331874847412,39300.0
2022-07-11,7.986214669945255,7.986214669945255,7.950348377227783,7.950348377227783,9100.0
2022-07-12,7.946362179741523,7.97425801287325,7.946362179741523,7.954331874847412,700.0
2022-07-13,7.9383925162542655,7.950348200262149,7.9383925162542655,7.9463629722595215,4400.0
2022-07-14,7.938393239629502,7.942378467995279,7.930422782897949,7.930422782897949,18300.0
2022-07-15,7.954333392988017,7.954333392988017,7.927234904247164,7.930422782897949,1700.0
2022-07-18,7.96230384971957,7.96230384971957,7.930422782897949,7.930422782897949,400.0
2022-07-19,7.954332559605683,7.9623030155021635,7.9224514961242685,7.922451496124268,233400.0
2022-07-20,7.922450502778196,7.930420957675312,7.904916414129839,7.906510353088379,54900.0
2022-07-21,7.920856563819656,7.922450502778196,7.898539898191263,7.906510353088379,139600.0
2022-07-22,7.906510353088379,7.910495580536937,7.906510353088379,7.906510353088379,13500.0
2022-07-25,7.906510353088379,7.910495580536937,7.906510353088379,7.906510353088379,16100.0
2022-07-26,7.906510231413288,7.918465913574972,7.902525004026058,7.914480686187744,593200.0
2022-07-27,7.914480807985496,7.9184660354340535,7.906510353088379,7.906510353088379,15300.0
2022-07-28,7.914481080076886,7.93839168548584,7.914481080076886,7.93839168548584,25100.0
2022-07-29,7.9224514961242685,7.9224514961242685,7.909699222752605,7.922451496124268,5500.0
2022-08-01,7.914480686187744,7.9264356082450265,7.914480686187744,7.914480686187744,56500.0
2022-08-02,7.914480686187744,7.922450380857797,7.914480686187744,7.914480686187744,2600.0
2022-08-03,7.914480807985496,7.9184660354340535,7.906510353088379,7.906510353088379,249900.0
2022-08-04,7.946362863813712,7.946362863813712,7.9224514961242685,7.922451496124268,11800.0
2022-08-05,7.930421952020749,7.930421952020749,7.9224514961242685,7.922451496124268,7100.0
2022-08-08,7.922450380857797,7.922450380857797,7.914480686187744,7.914480686187744,14600.0
2022-08-09,7.914480686187744,7.922450380857797,7.914480686187744,7.914480686187744,26300.0
2022-08-10,7.914481800332298,7.9224514961242685,7.914481800332298,7.922451496124268,16200.0
2022-08-11,7.9224514961242685,7.930421952020749,7.9224514961242685,7.922451496124268,8300.0
2022-08-12,7.926436724072508,7.926436724072508,7.9224514961242685,7.922451496124268,500.0
2022-08-15,7.922450502778196,7.926435730226754,7.906510353088379,7.906510353088379,115300.0
2022-08-16,7.910496572384057,7.926436724072508,7.906511344435816,7.922451496124268,153700.0
2022-08-17,7.922450558528187,7.930421013481391,7.918466091156005,7.918466091156006,33300.0
2022-08-18,7.906510231413288,7.922450380857797,7.906510231413288,7.914480686187744,376000.0
2022-08-19,7.906510353088379,7.922450502778196,7.906510353088379,7.906510353088379,29400.0
2022-08-22,7.918467028280538,7.9224514961242685,7.914481800332298,7.922451496124268,24000.0
2022-08-23,7.906512218357169,7.938393285362456,7.906512218357169,7.9232497215271,62800.0
2022-08-24,7.93042206024901,7.954332668160257,7.93042206024901,7.9463629722595215,40800.0
2022-08-25,7.954332490928253,7.962302946755917,7.939189689001996,7.94237756729126,17400.0
2022-08-26,7.94237756729126,7.94237756729126,7.94237756729126,7.94237756729126,0.0
2022-08-29,7.930421269320853,7.962302330057748,7.930421269320853,7.954331874847412,29700.0
2022-08-30,7.954332668160257,7.954332668160257,7.9383925162542655,7.9463629722595215,1200.0
2022-08-31,7.946362179741523,7.954331874847412,7.946362179741523,7.954331874847412,2100.0
2022-09-01,7.9543318357236625,7.9543318357236625,7.93839168548584,7.93839168548584,20600.0
2022-09-02,7.962302290894795,7.962302290894795,7.930421230314709,7.93839168548584,4600.0
2022-09-06,7.9543318357236625,7.9543318357236625,7.93839168548584,7.93839168548584,47600.0
2022-09-07,7.930422782897949,7.930422782897949,7.930422782897949,7.930422782897949,15600.0
2022-09-08,7.930421952020749,7.946362863813712,7.9224514961242685,7.922451496124268,56100.0
2022-09-09,7.93042206024901,7.954332668160257,7.93042206024901,7.9463629722595215,14200.0
2022-09-12,7.922452326166397,7.946363696361055,7.922452326166397,7.930422782897949,7900.0
2022-09-13,7.93839168548584,7.93839168548584,7.93839168548584,7.93839168548584,5100.0
2022-09-14,7.954332668160257,7.954332668160257,7.9463629722595215,7.9463629722595215,36700.0
2022-09-15,7.9463629722595215,7.9463629722595215,7.9463629722595215,7.9463629722595215,0.0
2022-09-16,7.946362140656972,7.946362140656972,7.93839168548584,7.93839168548584,600.0
2022-09-19,7.938391724531187,7.954331874847412,7.938391724531187,7.954331874847412,23100.0
2022-09-20,7.93839168548584,7.93839168548584,7.934406457900274,7.93839168548584,11900.0
2022-09-21,7.9463629722595215,7.9463629722595215,7.9463629722595215,7.9463629722595215,300.0
2022-09-22,7.930422782897949,7.938393239629502,7.930422782897949,7.930422782897949,65600.0
2022-09-23,7.930421091415283,7.930421091415283,7.914480941456649,7.91766881942749,107600.0
2022-09-26,7.9144826295394335,7.946363696361055,7.9144826295394335,7.930422782897949,6800.0
2022-09-27,7.930422782897949,7.938393239629502,7.930422782897949,7.930422782897949,10400.0
2022-09-28,7.930420835632255,7.930420835632255,7.914480686187744,7.914480686187744,24300.0
2022-09-29,7.9463629722595215,7.970273580170768,7.9383925162542655,7.9463629722595215,3042300.0
2022-09-30,7.946362179741523,7.954331874847412,7.938391724531187,7.954331874847412,154700.0
2022-10-03,7.946362179741523,7.962302330057748,7.946362179741523,7.954331874847412,522900.0
2022-10-04,7.954331874847412,7.95831710245258,7.954331874847412,7.954331874847412,624600.0
2022-10-05,7.954333058764314,7.986214884350921,7.954333058764314,7.970273971557617,155300.0
2022-10-06,7.966288743359292,7.970273971557617,7.962303515160966,7.970273971557617,2291800.0
2022-10-07,7.970272840547848,7.970272840547848,7.962302385282231,7.966287612915039,9800.0
2022-10-10,7.970273971557617,7.970273971557617,7.962303515160966,7.970273971557617,182000.0
2022-10-11,7.970273617663843,7.970273617663843,7.954332705578344,7.962303161621094,629900.0
2022-10-12,7.963896379384459,7.986213806303398,7.962302440341204,7.978243350982666,634000.0
2022-10-13,8.006139006483997,8.042005294525344,7.966287490870896,7.974257946014404,938700.0
2022-10-14,7.970272895661935,7.978243350982666,7.970272895661935,7.978243350982666,97900.0
2022-10-17,7.691313216545001,7.691313216545001,6.742851054669903,7.404383659362793,132100.0
2022-10-18,7.340622120495475,7.874630520105267,7.3015679495629655,7.667403221130371,137000.0
2022-10-19,7.667402245619677,7.850718912960408,7.332650731436111,7.712832927703857,103700.0
2022-10-20,7.7311641089425525,7.7311641089425525,7.261715263248523,7.412353515625,70500.0
2022-10-21,7.424309331819817,7.651462762029097,7.364532433387692,7.484086990356445,125200.0
2022-10-24,7.502418343747145,7.651462673393571,7.213097489795227,7.37250280380249,109600.0
2022-10-25,7.452206751905931,8.472401646377827,7.452206751905931,8.149605751037598,165200.0
2022-10-26,9.564326838443154,11.158381311517013,7.539877688043529,7.57175874710083,606800.0
2022-10-27,7.412354069557622,7.810867721038092,6.798642681427555,7.252948760986328,299200.0
2022-10-28,7.372502926227218,8.28908406706772,7.021811229587799,7.63552188873291,212100.0
2022-10-31,7.970272365369295,7.991792441282565,7.500026174195802,7.57175874710083,57800.0
2022-11-01,7.531908268423023,7.890570422137546,6.973989278188819,7.141365051269531,140000.0
2022-11-02,7.197156786959502,7.348592409734295,6.822554478210311,6.93413782119751,77800.0
2022-11-03,6.981959002902172,7.149334758454773,6.822553702400749,6.886315822601318,39100.0
2022-11-04,6.6631478420969374,7.324680429142609,6.6631478420969374,7.213097095489502,22900.0
2022-11-07,7.404384103189674,7.412354559170834,7.021811337348233,7.117454528808594,37900.0
2022-11-08,7.037752201379562,7.1413658593060925,6.798643818480231,6.814584732055664,24500.0
2022-11-09,7.010653304502365,7.3167124756460495,6.962034731822437,7.109485149383545,27900.0
2022-11-10,7.348592613469823,7.810868430359022,6.774732690395304,7.308741092681885,75200.0
2022-11-11,7.308740717148471,7.75985817625054,7.20512707246546,7.523937702178955,44200.0
2022-11-14,7.468145227651526,7.818837642669678,7.468145227651526,7.818837642669678,27800.0
2022-11-15,7.571760365977378,7.890571024713545,7.571760365977378,7.810868740081787,13700.0
2022-11-16,7.84274938337318,8.010125160217285,7.4920569175548035,8.010125160217285,83800.0
2022-11-17,8.01012426662101,8.01012426662101,7.659431839925305,7.715224266052246,17700.0
2022-11-18,7.890571024713545,8.026065744702558,7.571760365977378,7.810868740081787,45700.0
2022-11-21,7.9567234073573205,7.9567234073573205,7.0935426923105664,7.252948760986328,38800.0
2022-11-22,7.2370079564681085,7.946362540169163,7.173245832102225,7.468145847320557,56500.0
2022-11-23,7.476115047116883,8.097796035311694,7.340620365572528,7.731163501739502,64500.0
2022-11-25,7.763044820014077,8.08982585353085,7.170056991024748,7.539877414703369,68700.0
2022-11-28,7.252948517063724,7.675372760597297,6.814583363156894,7.101512908935547,100800.0
2022-11-29,7.284830342190297,7.452206118152033,7.1094841102054955,7.133394718170166,27300.0
2022-11-30,7.254026959988348,7.366616682311208,7.229899933524911,7.29423713684082,6000.0
2022-12-01,7.3103225524750215,7.4068283671033335,7.237942999763778,7.33444881439209,43100.0
2022-12-02,7.4631226589519635,7.736556162814079,7.189689155089848,7.5837554931640625,41500.0
2022-12-05,7.487249579974821,7.696345109121038,7.020803701368728,7.069056987762451,49500.0
2022-12-06,7.398786240068777,7.487250481279811,6.441769641855297,6.506106853485107,71400.0
2022-12-07,6.55435906506253,7.00069912047438,6.55435906506253,6.779540061950684,12700.0
2022-12-08,6.803665318586759,7.237941795647194,6.803665318586759,7.004719257354736,24700.0
2022-12-09,7.1736066521829525,7.237943869667633,7.036889873287976,7.205775260925293,15300.0
2022-12-12,7.1896892365726135,7.2057739214338445,6.851919291046641,6.9564666748046875,20100.0
2022-12-13,7.101224897779109,7.101224897779109,6.647647117713487,6.795622825622559,81100.0
2022-12-14,7.23794241512523,7.23794241512523,6.634780547198128,6.835834503173828,24800.0
2022-12-15,7.020804256720029,7.334448725688839,6.7192233020438765,6.84387731552124,86900.0
2022-12-16,7.430954501253897,7.736556625802437,6.900172146444336,7.495291709899902,694600.0
2022-12-19,7.447039419876667,7.447039419876667,6.876046100059773,7.093183994293213,52000.0
2022-12-20,7.052973243043829,7.093183421236974,6.946816010377166,6.964509010314941,3700.0
2022-12-21,7.077100432136128,7.2942383373238044,6.843877839992283,6.900172710418701,82100.0
2022-12-22,6.916256406138866,7.197731484890113,6.771497312120525,6.81974983215332,12400.0
2022-12-23,6.755414010956033,6.976573868439082,6.70716148104128,6.8519206047058105,18600.0
2022-12-27,7.020804043306461,7.350533187975932,6.731286611723515,6.8680033683776855,13200.0
2022-12-28,6.8117086883044395,6.8117086883044395,6.755413055419922,6.755413055419922,1700.0
2022-12-29,6.707160135050302,7.157520569690429,6.707160135050302,6.908214092254639,27700.0
2022-12-30,6.843876914638173,7.262068748474122,6.683033901624347,7.262068748474121,48100.0
2023-01-03,7.1253524130429655,7.487250172222373,6.84387731552124,6.84387731552124,9800.0
2023-01-04,7.085141845774337,7.085141845774337,6.777931421261988,6.964509010314941,11100.0
2023-01-05,6.996678077124691,7.1575211014457105,6.956467129304426,6.980594158172607,3900.0
2023-01-06,7.173604591404143,7.405218814596662,6.964508311166465,7.31032133102417,13100.0
2023-01-09,7.326405512415422,7.398785055652271,6.996677163856388,7.342490196228027,12100.0
2023-01-10,7.270111609714006,7.350533505440416,6.908214612865242,6.9725518226623535,8700.0
2023-01-11,7.020803017279003,7.020803017279003,6.789993340005144,6.795622825622559,8700.0
2023-01-12,6.715202724701513,7.157520833271785,6.715202724701513,6.94842529296875,20100.0
2023-01-13,6.803666154327012,7.085142009961725,6.803666154327012,6.8760457038879395,12500.0
2023-01-17,6.86800355422893,6.916256844278513,6.755413055419922,6.755413055419922,7100.0
2023-01-18,6.7554130779618164,7.0762953487222084,6.7554130779618164,6.84387731552124,21900.0
2023-01-19,6.755412047005463,6.755412047005463,6.305051652917052,6.393515110015869,40100.0
2023-01-20,6.313093761935504,6.547120463674109,6.168335060376359,6.305051803588867,45100.0
2023-01-23,6.160293209536241,6.27288370320254,6.055745441817528,6.144208908081055,23600.0
2023-01-24,6.224631008664539,6.272884301109409,6.063787978781747,6.128125190734863,104900.0
2023-01-25,6.216588750594865,6.297010261677073,6.1522515417290995,6.256799697875977,24400.0
2023-01-26,6.192462504964443,6.3774321841246815,6.031619472425121,6.120083332061768,20500.0
2023-01-27,6.112040921156556,6.313094901349075,5.742101566923919,6.200504779815674,197200.0
2023-01-30,6.200503625095436,6.200503625095436,5.629510397006391,5.78231143951416,43400.0
2023-01-31,5.790353768239785,5.8305647127542235,5.645595058251787,5.798396110534668,41200.0
2023-02-01,5.72601710674256,5.832173580828865,5.549089777758727,5.709932804107666,66200.0
2023-02-02,5.774269712893547,5.975323677062988,5.669721942970241,5.975323677062988,30000.0
2023-02-03,5.910986508264111,6.058962239124949,5.910986508264111,6.047703266143799,30800.0
2023-02-06,5.935112700629854,6.1152570215622735,5.677763506377835,5.750143051147461,43600.0
2023-02-07,5.830564505399983,6.0066876538105225,5.726016360164514,5.822522163391113,37200.0
2023-02-08,5.822522370459341,5.927070519412889,5.661679359361564,5.798396110534668,36400.0
2023-02-09,5.8225218977954105,6.023575837086357,5.677763199558714,5.790353298187256,29900.0
2023-02-10,5.822522565629163,5.991407924682827,5.685806193353341,5.9190287590026855,36100.0
2023-02-13,5.902943826890525,5.902943826890525,5.629510344582911,5.7179741859436035,45400.0
2023-02-14,5.782311438901743,5.830564339139092,5.5490888960145766,5.637552738189697,40900.0
2023-02-15,5.589300407559222,5.734059516435536,5.557131801915602,5.62951135635376,33700.0
2023-02-16,5.629510781817726,5.629510781817726,5.412372524143955,5.500836372375488,20900.0
2023-02-17,5.484752087725181,5.615838970173535,5.267613829396999,5.3480353355407715,55100.0
2023-02-21,5.428456579966351,5.613426226919218,5.259571233466778,5.30782413482666,49300.0
2023-02-22,5.251529274980117,5.348035077699881,5.22740263256019,5.30782413482666,26600.0
2023-02-23,5.404329299926758,5.41237164094453,5.287718039528544,5.404329299926758,25900.0
2023-02-24,5.291740542039199,5.364120095498345,4.905716896057129,4.905716896057129,33200.0
2023-02-27,5.018307273892764,5.195234995172341,4.3829767129380075,4.5036091804504395,85500.0
2023-02-28,4.602047931335437,4.708690453451378,4.306729245009029,4.339542388916016,49900.0
2023-03-01,4.39696600928477,4.84814697698727,4.39696600928477,4.839943885803223,77100.0
2023-03-02,4.708690778607712,4.905570046808562,4.602048249127624,4.667674541473389,51600.0
2023-03-03,4.569234705790208,4.757910475466087,4.569234705790208,4.634860992431641,20200.0
2023-03-06,4.520015215064797,4.536421787539149,4.396965725925384,4.51181173324585,46000.0
2023-03-07,4.396965972566285,4.610251426696777,4.3846607491476215,4.610251426696777,26000.0
2023-03-08,4.4954050532253405,4.593844485716431,4.437981855357105,4.561031341552734,35100.0
2023-03-09,4.470795154571533,4.577438072383776,4.380559200573679,4.470795154571533,13900.0
2023-03-10,4.364152687685879,4.495405270689993,4.241103195537746,4.462592124938965,54500.0
2023-03-13,4.249306374670814,4.364152778348839,4.1098506979136005,4.191883563995361,99700.0
2023-03-14,4.4133724723851175,4.4133724723851175,4.142663820304571,4.183680057525635,109500.0
2023-03-15,4.109850808373855,4.273916544946963,4.101647325963414,4.142663955688477,108900.0
2023-03-16,4.101646829042335,4.273095757246242,4.101646829042335,4.134459972381592,55900.0
2023-03-17,4.101647472442021,4.265713214874268,4.0688343239555715,4.265713214874268,301000.0
2023-03-20,4.118053913116455,4.2476659627830475,4.1016473394053765,4.118053913116455,67500.0
2023-03-21,4.079498072323958,4.306729271290064,4.079498072323958,4.1098504066467285,97100.0
2023-03-22,4.118053400711964,4.23700114310765,4.068833685703078,4.134459972381592,107100.0
2023-03-23,4.134460562951336,4.159070619552861,3.9950044882577123,4.085240840911865,117800.0
2023-03-24,4.068833373345721,4.306728839874268,3.9498856400814475,4.306728839874268,59100.0
2023-03-27,4.3149333422880245,4.561031956707525,4.2985263768298045,4.520015716552734,56000.0
2023-03-28,4.602048896929644,5.2419057285331006,4.487202477994779,5.225499153137207,152100.0
2023-03-29,5.25831151711685,5.360852695788636,5.1352624156415505,5.1680755615234375,42800.0
2023-03-30,5.102449499378672,5.2049906905259915,4.823537725449209,4.848147392272949,27000.0
2023-03-31,4.872757046332493,5.008111376133654,4.766114122500194,4.815333843231201,28600.0
2023-04-03,4.938383281040543,5.1434656438597735,4.913773225390266,5.06963586807251,71700.0
2023-04-04,5.12705853107348,5.168075155787478,4.9876024764421185,5.1352620124816895,64600.0
2023-04-05,5.143464924743288,5.200888119123123,4.905569448426632,4.954789161682129,41300.0
2023-04-06,4.9711964357420015,5.031080448229203,4.854709881914066,4.856350421905518,38900.0
2023-04-10,4.872756563662675,5.135262106055851,4.807130275855263,5.053228855133057,80300.0
2023-04-11,5.0761985029481735,5.217295103695657,5.004009271521409,5.012212753295898,98100.0
2023-04-12,5.069635463168015,5.131160401798015,4.8727565983444965,5.036822319030762,76700.0
2023-04-13,5.045025488467795,5.143464914788262,4.864552815716763,4.97939920425415,57800.0
2023-04-14,4.987602373840393,5.225497853495289,4.9219760885788375,5.184481620788574,106600.0
2023-04-17,5.258311959614813,5.258311959614813,4.897366933376221,4.962993621826172,46400.0
2023-04-18,4.88095961798818,4.962992868304776,4.815333330665724,4.831739902496338,18600.0
2023-04-19,4.774317779468744,4.831740593506437,4.708691091597178,4.757911205291748,20900.0
2023-04-20,4.798927439159121,4.8399440701321765,4.528218769994985,4.536422252655029,17500.0
2023-04-21,4.495405650223114,4.593024825748641,4.396966204659092,4.487202167510986,38500.0
2023-04-24,4.63486092909678,5.26651451613437,4.5446245906161185,4.905569553375244,87700.0
2023-04-25,4.880958917000314,4.995805294484264,4.651266944359354,4.725096702575684,15400.0
2023-04-26,4.6102511254409775,4.7743172398302125,4.6102511254409775,4.766113758087158,48100.0
2023-04-27,4.757911351082752,4.7743179257624755,4.634861845403034,4.65947151184082,38400.0
2023-04-28,4.5774386384422066,4.8153341668799845,4.5774386384422066,4.65947151184082,27300.0
2023-05-01,4.7907242535254575,4.823537401193694,4.585641885017191,4.782520771026611,34700.0
2023-05-02,4.7250975588951105,4.749707221984863,4.520015207717306,4.749707221984863,31300.0
2023-05-03,4.593845028223968,4.757911159581283,4.511812158127101,4.552828788757324,39100.0
2023-05-04,4.454388829884384,4.56595376481875,4.36005112968141,4.38055944442749,53100.0
2023-05-05,4.4707939593478745,4.89736512539361,4.4707939593478745,4.880958557128906,24400.0
2023-05-08,4.856350298751465,4.954789736686373,4.684081086783598,4.930180072784424,29800.0
2023-05-09,4.872756628768944,4.9219763452821415,4.569234848022461,4.569234848022461,58600.0
2023-05-10,4.667674281048855,4.766113714075249,4.552828275851395,4.569234848022461,45700.0
2023-05-11,4.5528292402201815,4.57743890810777,4.347746849060059,4.347746849060059,34900.0
2023-05-12,4.347746128742387,4.5364219129971755,4.101647143657515,4.224696636199951,50000.0
2023-05-15,4.15907047029467,4.536422050218694,4.15907047029467,4.396965980529785,66800.0
2023-05-16,4.454388176688059,4.495404800165497,4.339542178580146,4.437981605529785,57500.0
2023-05-17,4.437982281969704,4.889163644336819,4.396145773395644,4.823537349700928,40400.0
2023-05-18,4.89736651137116,5.012212912889595,4.733300782292758,4.921976566314697,117600.0
2023-05-19,4.3887625490843805,4.569235250006963,4.208290239325367,4.355949401855469,348700.0
2023-05-22,4.27391613453862,4.684080827748365,4.27391613453862,4.561031341552734,177900.0
2023-05-23,4.593844367698984,4.831739852355936,4.495404937736836,4.634860992431641,127900.0
2023-05-24,4.741504613818672,5.151669357910947,4.679979667506682,4.97119665145874,206700.0
2023-05-25,4.987602857946058,5.106550609318788,4.511811852455139,4.921976566314697,139400.0
2023-05-26,4.880960124050595,4.995806529935799,4.807130738739898,4.839943885803223,145300.0
2023-05-30,4.7497074267120425,5.537223720472299,4.7497074267120425,4.889163494110107,165600.0
2023-05-31,4.788872952720674,4.855733244095959,4.5548615343884045,4.763800144195557,172100.0
2023-06-01,4.855732301949605,5.123173814078467,4.813944827207362,4.972737789154053,152300.0
2023-06-02,5.014526647438254,5.2568954035162685,4.947666355902082,4.956023693084717,97100.0
2023-06-05,5.039598899215778,5.566959529922654,4.914235667177019,5.073029041290283,221100.0
2023-06-06,5.00616886530102,5.056314482006786,4.7052975561790396,4.9894537925720215,136700.0
2023-06-07,4.914236796195736,5.273611105320291,4.872448909742705,5.064672470092773,175000.0
2023-06-08,5.08138650708452,5.47419128425145,5.031241292694458,5.340470314025879,168200.0
2023-06-09,5.2903260106012855,5.357186307967683,5.039599895477295,5.039599895477295,134000.0
2023-06-12,4.9560233966526175,5.716560163683921,4.905878180999798,5.65805721282959,302200.0
2023-06-13,5.658057551026231,5.967286598628075,5.3571858406066895,5.3571858406066895,186000.0
2023-06-14,5.457477315592836,5.65805821368492,5.106460345412871,5.256896018981934,332300.0
2023-06-15,5.198392959753541,5.69984599256555,5.198392959753541,5.323756217956543,301300.0
2023-06-16,5.265252759909264,5.557766713566724,5.248537688229373,5.499263763427734,365400.0
2023-06-20,5.541052407370943,5.975644729604812,5.482549449149899,5.6329851150512695,286400.0
2023-06-21,5.616270110588411,6.067577910917051,5.582839962196482,5.775063514709473,310400.0
2023-06-22,5.666415123900933,5.866995992737686,5.424045976278381,5.733275413513184,371200.0
2023-06-23,5.724917478030417,5.8419229807638215,5.515978881032819,5.674772262573242,3810500.0
2023-06-26,5.549408876609628,5.724917325286446,5.148246765136719,5.148246765136719,237300.0
2023-06-27,5.181677331586184,5.595376079305913,5.181677331586184,5.390615940093994,162200.0
2023-06-28,5.307040453180103,5.6413422987348065,5.307040453180103,5.541051864624023,162600.0
2023-06-29,5.524337405355866,5.7667061806140705,5.440762034321796,5.5828399658203125,141400.0
2023-06-30,5.5744820093276175,5.74163273284559,5.490906647568632,5.541051864624023,132000.0
2023-07-03,5.557766759839837,5.708202406211358,5.499263809213761,5.674772262573242,36700.0
2023-07-05,5.775063595062507,5.791778669491041,5.403153089397918,5.5326948165893555,149900.0
2023-07-06,5.557767339917041,5.666415517340156,5.357186058634461,5.3989739418029785,150500.0
2023-07-07,5.398973550374367,5.6413422987348065,5.398973550374367,5.541051864624023,160600.0
2023-07-10,5.524337338808121,5.850281481173979,5.524337338808121,5.683130741119385,115200.0
2023-07-11,5.6329846935378916,5.724917792857711,5.59955454806137,5.649700164794922,80500.0
2023-07-12,5.716560341110121,5.816850775528498,5.674772460843084,5.733275413513184,87800.0
2023-07-13,5.741633128463979,5.800136084985706,5.5744823934287435,5.607912540435791,75900.0
2023-07-14,5.549409915852377,5.599555139362387,5.415689319825682,5.515979766845703,97800.0
2023-07-17,5.5159791228280275,5.850280972382191,5.424046024533911,5.841923236846924,174500.0
2023-07-18,5.908783602240716,5.975643888789162,5.808492773899303,5.933856010437012,150100.0
2023-07-19,5.950571440813629,6.050861876682465,5.825208196718202,5.875353813171387,87200.0
2023-07-20,5.925499000426696,6.176225088800657,5.8920688553101686,6.101007461547852,284400.0
2023-07-21,6.1260796714707775,6.133601712914042,5.766705423921086,5.833565711975098,85400.0
2023-07-24,5.900426607088492,6.209655670412392,5.89206926948128,6.1344380378723145,121500.0
2023-07-25,6.2598002715444885,6.2598002715444885,5.791777854855823,5.816850662231445,66500.0
2023-07-26,5.800136018619112,5.9798233556150535,5.758348136079056,5.850281238555908,88400.0
2023-07-27,5.875353591268231,5.942213879322243,5.770884291554149,5.833565711975098,66400.0
2023-07-28,5.90878447907276,6.101008030683862,5.833566446284432,5.984002113342285,98200.0
2023-07-31,6.0007168351674025,6.159510229220922,5.99235949785868,6.092649936676025,70200.0
2023-08-01,6.075935626759474,6.101008438872684,5.833566836580036,6.0341477394104,111000.0
2023-08-02,6.101008708443991,6.347555979436893,5.933857550181,6.218014240264893,247100.0
2023-08-03,6.335019243866805,6.335019243866805,6.034147502895425,6.059220314025879,96800.0
2023-08-04,6.000716658748047,6.075934684909057,5.8586387405265805,5.875353813171387,58500.0
2023-08-07,5.9254986738778275,6.075934318611831,5.850280652251453,5.933856010437012,143300.0
2023-08-08,5.975644588470459,6.071756162007757,5.7934501667373866,5.975644588470459,150200.0
2023-08-09,6.017431690417763,6.201297886777377,5.908783918225734,6.050861835479736,191100.0
2023-08-10,5.942214057689167,6.025789420265357,5.749990524504549,5.908783912658691,181400.0
2023-08-11,6.101008326006898,6.698572952042311,6.075935514357523,6.660963535308838,375800.0
2023-08-14,6.6609630345453095,6.702751316498553,6.460382150505037,6.677678108215332,262800.0
2023-08-15,6.652605235913061,6.652605235913061,6.209655216577779,6.259800434112549,142300.0
2023-08-16,6.284873242139316,6.343376195189263,6.134437589535006,6.259800434112549,146800.0
2023-08-17,6.360091315291803,6.489633028596264,6.284873289167429,6.485454559326172,141500.0
2023-08-18,6.5021697273454695,6.652605383282245,6.393521554353967,6.560672283172607,134900.0
2023-08-21,6.7361810000826825,6.7361810000826825,6.510526923294463,6.518884658813477,109700.0
2023-08-22,6.518884261571939,6.698571579093493,6.485454118570543,6.610816955566406,107200.0
2023-08-23,6.635890623299671,6.686035844309739,6.552315254949558,6.677678108215332,130200.0
2023-08-24,6.610817244387843,6.690214136374,6.527241883233012,6.602459907531738,114500.0
2023-08-25,6.694392681121826,6.723643956485237,6.602459589027015,6.694392681121826,189500.0
2023-08-28,6.702751820403677,6.802206177476203,6.602460972325,6.660963535308838,112000.0
2023-08-29,6.652605124224637,6.694393004061431,6.527241883233012,6.602459907531738,112400.0
2023-08-30,6.686035529045974,6.694393264746292,6.518884800227333,6.560672283172607,229100.0
2023-08-31,6.603054032943763,6.603054032943763,6.162285356691967,6.272477626800537,534200.0
2023-09-01,6.29790634884223,6.653911895022346,6.247048471413996,6.492861747741699,1096700.0
2023-09-05,6.5861016437920625,6.840391040663235,6.560672502013698,6.569149017333984,1450600.0
2023-09-06,6.76410472348714,6.772580835000603,6.27247813023084,6.3402886390686035,579900.0
2023-09-07,6.221620858780878,6.403013947293564,6.153810343292676,6.3487653732299805,395600.0
2023-09-08,6.382670296172212,6.442004288263433,6.162285742169084,6.357241153717041,346000.0
2023-09-11,6.043617359594144,6.183476632775309,5.068840300920491,5.212937831878662,959100.0
2023-09-12,5.2383659922182835,5.289223867383611,4.6958815862723275,4.704358100891113,1530300.0
2023-09-13,4.704358358650122,5.145127038415814,4.500926442660003,4.6958818435668945,4182400.0
2023-09-14,4.780645866153656,4.96712519098019,4.7085970912228445,4.848456382751465,747000.0
2023-09-15,4.8145507551609,4.916266926438213,4.700120618224901,4.873885154724121,1720100.0
2023-09-18,4.839980146001383,4.975601175714925,4.721311745002033,4.907790660858154,905300.0
2023-09-19,4.975600629499592,5.26379569018572,4.950171891311114,5.102745532989502,753500.0
2023-09-20,5.11122202006452,5.221413891905577,5.016287229378647,5.034934997558594,454000.0
2023-09-21,5.051887259613388,5.085792510683346,4.907789740474831,4.975600242614746,703700.0
2023-09-22,5.026458007580093,5.170555523518188,4.924742256629366,4.992552757263184,445400.0
2023-09-25,5.0095058832059,5.102745532989502,5.001029771870576,5.102745532989502,334300.0
2023-09-26,5.094269752502441,5.162080264319024,5.051887980525811,5.094269752502441,196300.0
2023-09-27,5.28074836730957,5.348558875367718,5.166317831824565,5.28074836730957,954300.0
2023-09-28,5.3316062483531805,5.450274637454938,5.212937859251424,5.28074836730957,666600.0
2023-09-29,5.306177488163058,5.310415341762432,5.07731641813156,5.17055606842041,478500.0
2023-10-02,5.212937581884005,5.2468428341090645,4.890837281563451,5.136650562286377,601000.0
2023-10-03,5.119697724767173,5.187508226417206,4.937456698445855,4.95017147064209,1022700.0
2023-10-04,4.916266582141976,5.085792848761009,4.873884813395966,4.9671244621276855,521500.0
2023-10-05,4.916267291965348,4.984077808403619,4.83150374223495,4.890838146209717,412500.0
2023-10-06,4.90779020442471,5.119698245735562,4.895075835117163,5.017982482910156,374800.0
2023-10-09,5.077316444932292,5.3316062546323355,5.009505936794283,5.238366603851318,437200.0
2023-10-10,5.195984619658115,5.27057608889164,5.162079369626289,5.229889869689941,356600.0
2023-10-11,5.187509004158977,5.234129034169777,5.051887980525811,5.094269752502441,341100.0
2023-10-12,5.1027455875753,5.272271857920322,5.043411190863287,5.238366603851318,621500.0
2023-10-13,5.289225059896725,5.437560865709693,5.268034576937063,5.306178092956543,540500.0
2023-10-16,5.3824640666930765,5.475703716278076,5.284986563540694,5.475703716278076,508200.0
2023-10-17,5.416370138237432,5.619802094944142,5.3739887668861845,5.535038948059082,368200.0
2023-10-18,5.568943452642735,5.568943452642735,5.373988039117517,5.3909406661987305,282700.0
2023-10-19,5.340082784955088,5.416369404729296,5.30617753079266,5.3909406661987305,375200.0
2023-10-20,5.390940045422067,5.390940045422067,5.2214133899487205,5.29770040512085,371200.0
2023-10-23,5.280748086334125,5.289224197299145,5.085792683948788,5.136650562286377,356300.0
2023-10-24,5.162079811096191,5.2044611751692695,5.085792789909155,5.162079811096191,405100.0
2023-10-25,5.17903260522235,5.297700994324107,5.12817472417874,5.28074836730957,462100.0
2023-10-26,5.238366269935026,5.306177177932984,5.119697888257951,5.289224147796631,527700.0
2023-10-27,5.297700972599295,5.33160622648933,5.162079957039156,5.17055606842041,382800.0
2023-10-30,5.162079811096191,5.238366428100731,5.094269305233269,5.162079811096191,413200.0
2023-10-31,5.212937977594445,5.255319344001665,5.128174840597486,5.221414089202881,221000.0
2023-11-01,5.1875084673843554,5.2977007397754825,5.102745336384445,5.246842861175537,439400.0
2023-11-02,5.255318530395925,5.373987308002398,5.225651538085535,5.357034683227539,469800.0
2023-11-03,5.365511159656055,5.450274289314428,5.294309969070029,5.373987674713135,370100.0
2023-11-06,5.365511069518875,5.3739875844335545,5.034934667313452,5.043410778045654,730800.0
2023-11-07,5.12817455816473,5.297700822822036,5.111221931698999,5.162079811096191,829500.0
2023-11-08,5.136650926457559,5.221414063029628,5.077316528765853,5.153603553771973,541000.0
2023-11-09,5.195985043310804,5.212937669708943,4.975600495952501,5.009505748748779,519600.0
2023-11-10,4.975600849781087,5.170556269314748,4.916266855259446,5.068840503692627,570000.0
2023-11-13,5.043411248181883,5.102745645568234,5.0306968788071345,5.0857930183410645,280700.0
2023-11-14,5.128174788500246,5.153603527249743,5.0603638754090525,5.0857930183410645,465700.0
2023-11-15,5.162079076229757,5.263794820544028,5.060362927733046,5.128173828125,1387200.0
2023-11-16,5.162079734274919,5.284986375368013,5.136650592863508,5.204461097717285,734800.0
2023-11-17,5.1790319221203704,5.314652920348578,5.1790319221203704,5.272271156311035,742500.0
2023-11-20,5.255318640206897,5.39517789856749,5.2214133899487205,5.29770040512085,1142900.0
2023-11-21,5.306178092956543,5.306178092956543,5.170556657755884,5.306178092956543,557700.0
2023-11-22,5.246842861175537,5.314653365975465,5.204461093584337,5.246842861175537,342100.0
2023-11-24,5.212937837874208,5.2722718300905145,5.17055606842041,5.17055606842041,234500.0
2023-11-27,5.1705553345468065,5.20446058362456,5.1027448363913,5.179031848907471,596800.0
2023-11-28,5.153603826076015,5.2680343696314305,5.153603826076015,5.255319595336914,642000.0
2023-11-29,5.280747969073524,5.28922407985033,5.085792571017231,5.195984840393066,568500.0
2023-11-30,5.247771356966717,5.32545231565092,5.101040840148926,5.101040840148926,564400.0
2023-12-01,5.109673286167435,5.265034823755855,5.109673286167435,5.178722858428955,746500.0
2023-12-04,5.161459579293874,5.178721969395813,4.962941887337654,5.07514762878418,688200.0
2023-12-05,5.075148221432506,5.135566388060676,4.911155290529957,4.928417682647705,585800.0
2023-12-06,4.997467670853953,5.17872300909781,4.984520978570227,5.092411041259766,794900.0
2023-12-07,5.1183039760393045,5.221878739910911,5.066516799887448,5.170091152191162,604900.0
2023-12-08,5.1441969871521,5.230508934271867,5.135565586656209,5.1441969871521,522800.0
2023-12-11,5.144198047883647,5.204616629109685,5.088095167795449,5.118304252624512,337600.0
2023-12-12,5.075148516779555,5.131251397319101,5.023361337412569,5.057886123657227,667400.0
2023-12-13,5.049254105274324,5.351346153842078,5.049254105274324,5.265034198760986,2944000.0
2023-12-14,5.342715195683637,5.385870967695222,5.282296620985976,5.32545280456543,775500.0
2023-12-15,5.334083794340599,5.359977586801845,5.247771838749561,5.32545280456543,2045900.0
2023-12-18,5.351345566264654,5.3772393557297775,5.282296009781418,5.290927410125732,444100.0
2023-12-19,5.290928155951293,5.368608712161113,5.265034362836099,5.359977722167969,435300.0
2023-12-20,5.368608300065606,5.41176448142229,5.2348248786820095,5.256402969360352,582200.0
2023-12-21,5.290928326167944,5.351346492767334,5.23914114983937,5.351346492767334,551400.0
2023-12-22,5.359978027348271,5.532601952718625,5.3254532422742,5.385871410369873,1167600.0
2023-12-26,5.4117650596075215,5.515339412047883,5.4117650596075215,5.454921245574951,877700.0
2023-12-27,5.43765893243237,5.463552315134372,5.351346559244636,5.3686089515686035,539800.0
2023-12-28,5.35134528063237,5.394501456914808,5.204615186721239,5.221877574920654,629600.0
2023-12-29,5.239141025425998,5.282296798891047,5.161460056993874,5.195984840393066,668400.0
2024-01-02,5.230509246243788,5.325452599522309,5.230509246243788,5.273665428161621,832200.0
2024-01-03,5.3081901090474135,5.437658240793516,5.3081901090474135,5.316821098327637,624500.0
2024-01-04,5.316820881391635,5.34271467131148,5.066516028960395,5.1441969871521,683400.0
2024-01-05,5.126935075411408,5.164912500309644,5.023360729217529,5.023360729217529,685200.0
2024-01-08,5.006098801238412,5.006098801238412,4.83347446338004,4.842105865478516,560300.0
2024-01-09,4.86799859747407,4.8766299984179735,4.695374694274506,4.747161865234375,813900.0
2024-01-10,4.738530775941023,4.7557935789641945,4.617694035753962,4.652218818664551,571200.0
2024-01-11,4.686744147770039,4.695375550287531,4.5745387960181105,4.6694817543029785,500400.0
2024-01-12,4.747162139620899,4.798949313574073,4.652218781589476,4.695374965667725,465600.0
2024-01-16,4.695375039226226,4.768740306367877,4.570222597320096,4.591800689697266,541400.0
2024-01-17,4.531382606566497,4.678113156820471,4.514983271037602,4.6694817543029785,589300.0
2024-01-18,4.652218786117426,4.669481177451952,4.522750645324544,4.574538230895996,608900.0
2024-01-19,4.600431305022632,4.639271785824578,4.488225563054313,4.565906524658203,608300.0
2024-01-22,4.557275569220612,4.652218510144484,4.531381777970925,4.6263251304626465,463900.0
2024-01-23,4.643587791714551,4.747162139620899,4.639272090993151,4.695374965667725,382500.0
2024-01-24,4.7298994064331055,4.80758036753214,4.704005615544147,4.7298994064331055,377400.0
2024-01-25,4.807580574842453,4.816211564465726,4.71263721957929,4.781686782836914,275000.0
2024-01-26,4.790317913587865,4.842105083107407,4.721267942660636,4.8334736824035645,342000.0
2024-01-29,4.859367747285671,4.859367747285671,4.71263721957929,4.781686782836914,414900.0
2024-01-30,4.7644242891506865,4.816211460475733,4.71263711782564,4.807580471038818,247300.0
2024-01-31,4.80758036753214,4.8636832381516815,4.708321315953613,4.7298994064331055,487200.0
2024-02-01,4.729899611336574,4.811895864829382,4.626325266429491,4.6608500480651855,361500.0
2024-02-02,4.71263752997813,4.71263752997813,4.58748508543853,4.68674373626709,358100.0
2024-02-05,4.747162461016549,4.747162461016549,4.56590713412503,4.6004319190979,428500.0
2024-02-06,4.600431673513095,4.721268414467513,4.600431673513095,4.712637424468994,225200.0
2024-02-07,4.704005683650559,4.7644242555543315,4.678975361735369,4.747161865234375,288600.0
2024-02-08,4.7298994749144185,4.798949036194244,4.686743293330602,4.747161865234375,401700.0
2024-02-09,4.76442456140228,4.782550010666603,4.721268377048092,4.755793571472168,266000.0
2024-02-12,4.755793688946125,5.057885752183861,4.755793688946125,5.031991958618164,681900.0
2024-02-13,4.988836124889353,5.006098516536671,4.85936798175053,4.893892765045166,428000.0
2024-02-14,4.902523652638003,4.954310826497771,4.842105488918876,4.937048435211182,317000.0
2024-02-15,4.937048357884971,5.265034198760986,4.937048357884971,5.265034198760986,489500.0
2024-02-16,5.265034229867768,5.359977586801845,5.170090872933692,5.32545280456543,320900.0
2024-02-20,5.308190382085465,5.308190382085465,5.23482511737457,5.265034198760986,233500.0
2024-02-21,5.282296989948767,5.3729246525415695,5.265034597624799,5.3686089515686035,270300.0
2024-02-22,5.316821098327637,5.359977279432286,5.273665328790833,5.316821098327637,277200.0
2024-02-23,5.265035108655815,5.329769394829808,5.1787231386584285,5.308191299438477,226100.0
2024-02-26,5.290927787036499,5.3599773484386315,5.256403006335433,5.334083557128906,215400.0
2024-02-27,5.3513459810027415,5.4031335639466125,5.325452601098659,5.39450216293335,218900.0
2024-02-28,5.394502745838503,5.407449437189504,5.325453176542634,5.3686089515686035,338100.0
2024-02-29,5.412541086172885,5.469653990235233,5.394967917151963,5.403754711151123,656700.0
2024-03-01,5.421328922073922,5.52676795646333,5.4125421263860645,5.482834815979004,338900.0
2024-03-04,5.447687664923478,5.491620798905691,5.271955966949463,5.271955966949463,263700.0
2024-03-05,5.29831648885263,5.394968723423564,5.289529693540294,5.324676036834717,305500.0
2024-03-06,5.36860887046731,5.403755211765178,5.298316187871574,5.315889358520508,272300.0
2024-03-07,5.342248613668356,5.390575144550539,5.315010054005846,5.333462238311768,237500.0
2024-03-08,5.394967874992497,5.403754668922993,5.078650835087782,5.201663017272949,445800.0
2024-03-11,5.1753035406124654,5.289529358574588,5.122584029009356,5.228023052215576,318200.0
2024-03-12,5.245596802101568,5.377395805154643,5.210450457151079,5.368609428405762,304300.0
2024-03-13,5.421328544616699,5.491621229315546,5.403755373441988,5.421328544616699,286800.0
2024-03-14,5.403755384186758,5.4564748978157205,5.394968589093206,5.447688102722168,272200.0
2024-03-15,5.421328806202655,5.491621494293213,5.416935408452627,5.491621494293213,552400.0
2024-03-18,5.4916206427949135,5.4916206427949135,5.368608457709981,5.456474304199219,386100.0
2024-03-19,5.474047743382971,5.531160651161152,5.438901403054462,5.526767253875732,265100.0
2024-03-20,5.4916210745365674,5.665595589956053,5.4520813357635145,5.632206439971924,329100.0
2024-03-21,5.623419672576115,5.693712350399487,5.605846503120271,5.684925556182861,288500.0
2024-03-22,5.684926047288686,5.689319444776532,5.509194337549253,5.570700645446777,391200.0
2024-03-25,5.597059726715088,5.640992859983208,5.575093160081028,5.597059726715088,222700.0
2024-03-26,5.597060267492953,5.627813631342935,5.447688102722168,5.447688102722168,357600.0
2024-03-27,5.447687479783417,5.5267669506729105,5.4213279354718535,5.517980575561523,704200.0
2024-03-28,5.553127527681717,5.7200728630225335,5.535554356539391,5.7112860679626465,660900.0
2024-04-01,5.7288588316331985,5.764005171418026,5.658566152063545,5.737645626068115,363800.0
2024-04-02,5.728859356390311,5.77279249463428,5.64099349887983,5.7024993896484375,246800.0
2024-04-03,5.7200727462768555,5.755219087844176,5.640993268261664,5.7200727462768555,311900.0
2024-04-04,5.7727918756552095,5.843084554126565,5.728858742121905,5.799151420593262,307200.0
2024-04-05,5.799152341690156,5.917771569684279,5.720073275338219,5.887018203735352,220800.0
2024-04-08,5.904590438300296,5.983669911069278,5.790365045273048,5.799151420593262,391100.0
2024-04-09,5.8342979474045045,5.883503075302871,5.755218891070505,5.81672477722168,400100.0
2024-04-10,5.772792418561487,5.843085103643567,5.702499314501954,5.825511932373047,419000.0
2024-04-11,5.825512059735101,6.018816947937012,5.755219373116225,6.018816947937012,552900.0
2024-04-12,6.001243012057365,6.115468822755749,5.952916900905315,6.036389350891113,564800.0
2024-04-15,6.053963462716137,6.071536634868591,5.790365880429333,5.807939052581787,224000.0
2024-04-16,5.781578690018582,5.8738379422626,5.733252574644076,5.860658168792725,333100.0
2024-04-17,5.860658569039147,5.904591289931545,5.794758859234342,5.807939052581787,244200.0
2024-04-18,5.860658326340582,6.023210266763628,5.860658326340582,5.966097354888916,302500.0
2024-04-19,5.957311229961932,6.049570488577851,5.944131036604319,6.010030746459961,370600.0
2024-04-22,5.9573108993061075,6.0188167889845685,5.825511905887696,5.91337776184082,562800.0
2024-04-23,5.922163951680541,6.018816599677734,5.895804405212402,5.895804405212402,325700.0
2024-04-24,5.834298484944409,5.834298484944409,5.588274079717531,5.640993595123291,431600.0
2024-04-25,5.597060098613085,5.667352781330763,5.544340586574826,5.632206439971924,331100.0
2024-04-26,5.65856659581438,5.834298308519581,5.65856659581438,5.825511932373047,442800.0
2024-04-29,5.720072981854538,5.904591073193515,5.720072981854538,5.878231525421143,397200.0
2024-04-30,5.84308525020325,5.84308525020325,5.66735311411278,5.7288594245910645,388600.0
2024-05-01,5.7288589202533675,5.7376457148242075,5.430114608483622,5.526767253875732,401200.0
2024-05-02,5.5970605631459165,5.6322069074217564,5.539947648953309,5.605847358703613,329900.0
2024-05-03,5.658566300703304,5.684925846745629,5.597059994975494,5.667352676391602,211900.0
2024-05-06,5.693712484805278,5.851871013641357,5.676139314934603,5.851871013641357,647400.0
2024-05-07,5.851871020880092,5.851871020880092,5.7288588316331985,5.737645626068115,606400.0
2024-05-08,5.737645928461755,5.781578646019484,5.711285962745165,5.746432304382324,286200.0
2024-05-09,5.746431725866007,5.807938027027671,5.746431725866007,5.781578063964844,329100.0
2024-05-10,5.746432355186209,5.860658176005563,5.553127474472834,5.570700645446777,435700.0
2024-05-13,5.605846452719625,5.614632827879847,5.430114340763745,5.456474304199219,434900.0
2024-05-14,5.4916210745365674,5.632206439971924,5.482834279708139,5.632206439971924,303300.0
2024-05-15,5.764005623437501,5.913377788725648,5.6761397670849,5.825511932373047,722000.0
2024-05-16,5.834297884650065,5.834297884650065,5.636599617475392,5.6761393547058105,478200.0
2024-05-17,5.711285694693423,5.728858864687228,5.667352560220197,5.6761393547058105,277600.0
2024-05-20,5.693712585941903,5.8650513094575185,5.693712585941903,5.81672477722168,450400.0
2024-05-21,5.81672440206368,5.838690968119803,5.755218519879415,5.781578063964844,349700.0
2024-05-22,5.746432489625669,5.768399058601374,5.684926180289188,5.764005661010742,400000.0
2024-05-23,5.764005475200904,5.7947584193890584,5.706892565296159,5.746432304382324,378900.0
2024-05-24,5.772791862487793,5.834297746521233,5.746431898632454,5.772791862487793,314500.0
2024-05-28,5.799151805314606,5.834298146881927,5.69810617805292,5.7200727462768555,583900.0
2024-05-29,5.711286252879764,5.768399165685857,5.66735311411278,5.7288594245910645,349000.0
2024-05-30,5.737646258033543,5.887018009082699,5.737646258033543,5.843085289001465,401600.0
2024-05-31,5.887756317629596,6.003902929142271,5.8520188331604,5.8520188331604,1393200.0
2024-06-03,5.896691297279058,5.950297531451429,5.767142791523041,5.8609538078308105,724900.0
2024-06-04,5.78947833255361,5.793945624857742,5.585774319344276,5.709068775177002,740300.0
2024-06-05,5.718003244176019,5.744806145410013,5.601856202763554,5.682265758514404,566500.0
2024-06-06,5.682265816732228,5.7448062042685955,5.575052932624496,5.637593746185303,454600.0
2024-06-07,5.592922726260103,5.62419292352043,5.416915396206508,5.512513160705566,506700.0
2024-06-10,5.5393156940605905,5.69120022947611,5.521446950248438,5.655462741851807,503000.0
2024-06-11,5.6465284961476225,5.682265983222495,5.597389131901336,5.664397239685059,370300.0
2024-06-12,5.726938086316964,5.76267557624527,5.615258323784889,5.628660202026367,333500.0
2024-06-13,5.628659790482756,5.655462692957029,5.405300281749701,5.467840671539307,357200.0
2024-06-14,5.351693777065173,5.3963658504929635,5.2087438237353885,5.226612567901611,567800.0
2024-06-17,5.208743627257999,5.405300231696669,5.186407591386635,5.280218601226807,540400.0
2024-06-18,5.342759416461738,5.378496903446142,5.280218601226807,5.280218601226807,689300.0
2024-06-20,5.293620474057158,5.405300227298664,5.280218596930573,5.396365642547607,691300.0
2024-06-21,5.423168547740996,5.423168547740996,5.315955669213731,5.351693153381348,720000.0
2024-06-24,5.3606284307359235,5.472308189709588,5.3606284307359235,5.449972152709961,705700.0
2024-06-25,5.441037431158098,5.458906173706055,5.3695624609662715,5.458906173706055,580300.0
2024-06-26,5.423169136047363,5.436570587557908,5.342759574935175,5.423169136047363,342600.0
2024-06-27,5.42316877454479,5.5661187171936035,5.42316877454479,5.5661187171936035,408200.0
2024-06-28,5.6107910953336555,5.655462741851807,5.561651730331895,5.655462741851807,3865000.0
2024-07-01,5.673331260681152,5.704601880630687,5.601856288266971,5.673331260681152,451700.0
2024-07-02,5.682266286380218,5.807347497815545,5.664397541889456,5.753741264343262,331400.0
2024-07-03,5.709069045291541,5.878822326660156,5.709069045291541,5.878822326660156,229300.0
2024-07-05,5.869887889930219,5.887756633122304,5.67333128879283,5.709068775177002,345800.0
2024-07-08,5.718003108792625,5.816281405047378,5.685839116844048,5.807346820831299,406200.0
2024-07-09,5.780544168067167,5.807347497815545,5.709069190104122,5.753741264343262,385300.0
2024-07-10,5.753741514741371,5.771610260009766,5.691200693289745,5.771610260009766,208300.0
2024-07-11,5.852019466935224,6.0753789820697826,5.807347393498525,6.066444396972656,383300.0
2024-07-12,6.12898521457914,6.1379193736518,5.994969420293512,6.066444396972656,338700.0
2024-07-15,6.137919356510827,6.307672638661968,6.084313124151171,6.298738479614258,583300.0
2024-07-16,6.298738541032695,6.321074151881995,6.209394393537618,6.254066467285156,491800.0
2024-07-17,6.254066380083689,6.343410100308564,6.222796184511099,6.263000965118408,528700.0
2024-07-18,6.218329040203724,6.276402566240154,6.160255514167294,6.209394454956055,343800.0
2024-07-19,6.200459929457589,6.200459929457589,6.102181627661116,6.164722442626953,290900.0
2024-07-22,6.191525344737705,6.191525344737705,6.0753787255503635,6.164722442626953,340000.0
2024-07-23,6.102182137547556,6.137026254022599,5.990502375363964,6.08431339263916,326700.0
2024-07-24,6.08431334269432,6.133452284282915,6.003903778254363,6.012838363647461,283900.0
2024-07-25,6.048575455944943,6.133451881482909,5.981567773995205,6.120050430297852,283300.0
2024-07-26,6.137919118440216,6.137919118440216,5.917240158420301,6.048575401306152,399000.0
2024-07-29,6.057510526905623,6.057510526905623,5.887757236181442,6.003903865814209,251300.0
2024-07-30,5.986035120791899,6.012838451337607,5.94136347124837,6.003903865814209,350600.0
2024-07-31,6.0753787843395095,6.137919173886078,6.053042748348113,6.120050430297852,424000.0
2024-08-01,6.146853352602682,6.146853352602682,5.753740593608095,5.807346820831299,336300.0
2024-08-02,5.7448063774420195,5.7448063774420195,5.508045418864967,5.548250198364258,369600.0
2024-08-05,5.235546542848802,5.423168547740996,5.186407182600018,5.351693153381348,513300.0
2024-08-06,5.378496479519268,5.40172588683066,5.298086927129923,5.351693153381348,250600.0
2024-08-07,5.449971785344467,5.494643856332518,5.387431397190528,5.405300140380859,247200.0
2024-08-08,5.441037737049116,5.575053100680818,5.396365665155581,5.548250198364258,264400.0
2024-08-09,5.449972039068451,5.539315759179516,5.382964355491269,5.423169136047363,349300.0
2024-08-12,5.432102744295962,5.619724750518799,5.432102744295962,5.619724750518799,268000.0
2024-08-13,5.619725492416538,5.798412938111628,5.539315928841509,5.789478778839111,404700.0
2024-08-14,5.8162812371397346,5.8252153950734735,5.704601493809319,5.780543327331543,265300.0
2024-08-15,5.887756911691144,5.919027107250678,5.82074880203212,5.878822326660156,406400.0
2024-08-16,5.807347598326533,5.910092774420559,5.776077401432609,5.89669132232666,363800.0
2024-08-19,5.941362544333389,5.97263273673783,5.843084249030892,5.8520188331604,474700.0
2024-08-20,5.834150801531337,5.834150801531337,5.709069164629662,5.718003749847412,258500.0
2024-08-21,5.762674917997128,5.762674917997128,5.597388939452575,5.601856231689453,303500.0
2024-08-22,5.628659559086284,5.659929752695556,5.566118745843303,5.601856231689453,223200.0
2024-08-23,5.709068524576546,5.847551597754808,5.682265623977155,5.807346820831299,400200.0
2024-08-26,5.887757137929236,5.905625882653359,5.798412988284138,5.8609538078308105,369800.0
2024-08-27,5.825215563239033,5.835936893888559,5.776076628123869,5.807346820831299,232500.0
2024-08-28,5.79841223661522,5.852018889862848,5.771609336015829,5.807346820831299,294500.0
2024-08-29,5.834150147455113,5.852018889862848,5.771609336015829,5.807346820831299,409300.0
2024-08-30,5.770994663238525,5.802803590401939,5.743730363793572,5.770994663238525,312400.0
2024-09-03,5.716465745493287,5.7255541343958,5.5256139121228784,5.534702301025391,398500.0
2024-09-04,5.598319401555976,5.598319401555976,5.461997032165527,5.461997032165527,837700.0
2024-09-05,5.48926088582693,5.552878304159509,5.461996587511687,5.507437229156494,283500.0
2024-09-06,5.50743711950142,5.525613462469087,5.39837906169542,5.416555404663086,308800.0
2024-09-09,5.452908643081767,5.525614022318872,5.425643909188731,5.461997032165527,384000.0
2024-09-10,5.452908195711482,5.452908195711482,5.266600568361986,5.343850135803223,330700.0
2024-09-11,5.362026459361667,5.434731832365913,5.298409041303848,5.425643444061279,368400.0
2024-09-12,5.543790202372565,5.602863429586679,5.466540630889356,5.571054935455322,354700.0
2024-09-13,5.616495208758844,5.671024237967197,5.557421985443576,5.661936283111572,743600.0
2024-09-16,5.671024587904422,5.716465665061146,5.521069639988753,5.652848243713379,514300.0
2024-09-17,5.680112912764991,5.852788397316034,5.671024524092619,5.7255539894104,531100.0
2024-09-18,5.68920091179638,5.880052293904723,5.68920091179638,5.7346415519714355,452100.0
2024-09-19,5.907317051182433,5.907317051182433,5.798258994243494,5.81643533706665,372200.0
2024-09-20,5.789170684597731,5.898228743014438,5.661936283111572,5.661936283111572,2766200.0
2024-09-23,5.716465526244429,5.816435633546644,5.652848106441525,5.680112838745117,327900.0
2024-09-24,5.743730258548021,5.779174193863582,5.680112838745117,5.680112838745117,300300.0
2024-09-25,5.661936441285164,5.680112784862395,5.543789991354054,5.552878379821777,277700.0
2024-09-26,5.498349630325677,5.571055008353416,5.334762096405029,5.334762096405029,628900.0
2024-09-27,5.398379482773862,5.484717010265134,5.382020642819498,5.452908515930176,572500.0
2024-09-30,5.452907875784403,5.502892708636814,5.3711141189730185,5.398378849029541,310000.0
2024-10-01,5.362026214599609,5.443819538816639,5.3529378267098355,5.362026214599609,357400.0
2024-10-02,5.434731645643234,5.50289282215333,5.430187451647043,5.489260673522949,305800.0
2024-10-03,5.498349120779233,5.6346714752687745,5.480172777956748,5.616495132446289,208400.0
2024-10-04,5.634671899522335,5.702833515257421,5.625583944105927,5.652848243713379,224800.0
2024-10-07,5.661936181004792,5.770994237454757,5.652847792954864,5.7346415519714355,214600.0
2024-10-08,5.67102442836875,5.67102442836875,5.571054754809443,5.598319053649902,199500.0
2024-10-09,5.561966546641659,5.634671923718037,5.561966546641659,5.571054935455322,149700.0
2024-10-10,5.580142709970191,5.624675033668326,5.498349380090595,5.598319053649902,179700.0
2024-10-11,5.5983192111402476,5.711921470673828,5.571054911532796,5.652848243713379,253300.0
2024-10-14,5.62558352053663,5.666480400226771,5.571054492069174,5.616495132446289,252400.0
2024-10-15,5.5256141483441095,5.571055228082817,5.352938652038574,5.352938652038574,343100.0
2024-10-16,5.407467438287465,5.471084860315614,5.371114749516589,5.452908515930176,220000.0
2024-10-17,5.498349432414687,5.580142763072655,5.44836416180114,5.561966419219971,265300.0
2024-10-18,5.55287864547218,5.55287864547218,5.402923695446607,5.534702301025391,739300.0
2024-10-21,5.589230695160453,5.589230695160453,5.439275762284286,5.443819522857666,279300.0
2024-10-22,5.4801728217290195,5.489260776533753,5.416555404663086,5.416555404663086,181900.0
2024-10-23,5.407466589013018,5.416554976457469,5.325673268803786,5.380202293395996,228600.0
2024-10-24,5.389291021124909,5.407467365264893,5.325674033314078,5.407467365264893,160800.0
2024-10-25,5.452908090598419,5.471084433566086,5.366570569841552,5.416555404663086,156600.0
2024-10-28,5.316585225872132,5.371114253997803,5.2984088831635745,5.371114253997803,273900.0
2024-10-29,5.3983788994423305,5.430187390340165,5.334761484288475,5.362026214599609,154600.0
2024-10-30,5.380202718727753,5.443819702435486,5.3620263757600855,5.416555404663086,178400.0
2024-10-31,5.416556020699985,5.457452905368077,5.375659136031891,5.389291286468506,181700.0
2024-11-01,5.425643080714591,5.43473146841059,5.262056002410202,5.271144390106201,323000.0
2024-11-04,5.2711446609217525,5.457452284679886,5.2711446609217525,5.416555404663086,296700.0
2024-11-05,5.425643593278864,5.516525745391846,5.398379294331544,5.516525745391846,231200.0
2024-11-06,5.634671865939081,5.770994663238525,5.634671865939081,5.770994663238525,707100.0
2024-11-07,5.770994579070029,5.807347266705256,5.6801128599819615,5.761906623840332,447100.0
2024-11-08,5.789170839545593,5.97093470846324,5.757362346662246,5.91640567779541,1088000.0
2024-11-11,5.943670237373014,6.102713575488064,5.880052815455347,6.061816692352295,524000.0
2024-11-12,6.089081102571609,6.11634583627572,5.961846689788321,5.989111423492432,523700.0
2024-11-13,6.03455142501043,6.052727767755472,5.898228637743519,5.934581756591797,850400.0
2024-11-14,6.025463581085205,6.084536804432103,5.907317134391408,6.025463581085205,618400.0
2024-11-15,6.0618161818583625,6.0618161818583625,5.789170606152817,5.81643533706665,485600.0
2024-11-18,5.9073178631780365,6.043640669769181,5.825524092551699,6.007287979125977,746800.0
2024-11-19,5.9709345793088895,5.9709345793088895,5.752818027997329,5.907317161560059,746500.0
2024-11-20,5.916405285859618,5.943669582708286,5.861875825445911,5.925493240356445,467400.0
2024-11-21,5.989111633804375,6.107257661715661,5.916406252517966,6.007287979125977,829600.0
2024-11-22,6.0709039349513265,6.207226718276262,6.025463296081802,6.161786079406738,879100.0
2024-11-25,6.179963147331576,6.179963147331576,6.043640347998424,6.061816692352295,356800.0
2024-11-26,6.034551294467489,6.034551294467489,5.889140555652764,5.925493240356445,451800.0
2024-11-27,5.9164051515099985,6.070903841313197,5.9164051515099985,5.952757835388184,429500.0
2024-11-29,6.008218565895571,6.026705374621761,5.925027706247571,5.962001323699951,230500.0
2024-12-02,5.971244953082916,5.971244953082916,5.832593667148611,5.934271335601807,303000.0
2024-12-03,5.971245090585837,5.971245090585837,5.855702423106639,5.925027847290039,846000.0
2024-12-04,5.934271534231618,5.934271534231618,5.703186196859734,5.74940299987793,307400.0
2024-12-05,5.7309163567105825,5.851080841411108,5.712429546815141,5.767889976501465,461100.0
2024-12-06,5.767890127946187,5.795620563897612,5.56453521375694,5.703186511993408,560200.0
2024-12-09,5.795620223818762,5.818728845628914,5.661590746232248,5.666212558746338,506900.0
2024-12-10,5.675455547678258,5.7078077934031,5.587643316734337,5.5922651290893555,331900.0
2024-12-11,5.656968933718158,5.698564364824369,5.596886693315885,5.666212558746338,967700.0
2024-12-12,5.638482426485244,5.749403288203828,5.5737788108628985,5.6754560470581055,552400.0
2024-12-13,5.69394300292548,5.703186628685196,5.578400325491049,5.638482570648193,427500.0
2024-12-16,5.730916291238884,5.730916291238884,5.559913191469564,5.5737786293029785,476500.0
2024-12-17,5.546048134037093,5.583021753003182,5.462857270983239,5.518317699432373,505900.0
2024-12-18,5.55529195783459,5.5737787679787845,5.208663937060694,5.22252893447876,492900.0
2024-12-19,5.333449765222014,5.334374039609955,5.194798469543457,5.194798469543457,463500.0
2024-12-20,5.130094670945712,5.823350683735116,5.0561469926761875,5.721673011779785,5236000.0
2024-12-23,5.527561474867374,5.527561474867374,5.324206565023966,5.453614234924316,1512300.0
2024-12-24,5.527561384712217,5.5737786293029785,5.441597697642474,5.5737786293029785,256300.0
2024-12-26,5.564534636509839,5.573778261121518,5.472100594194449,5.5090742111206055,483100.0
2024-12-27,5.509074378718654,5.583021614820601,5.462857135774789,5.527561187744141,300300.0
2024-12-30,5.555291860379157,5.735538145932951,5.53772932493622,5.712429523468018,357600.0
2024-12-31,5.749403130727643,6.072922963019456,5.717051323802586,5.971245288848877,1004900.0
2025-01-02,6.054436558017941,6.156113798225994,5.985110686137532,6.1468706130981445,506100.0
2025-01-03,6.1653571128845215,6.230060727794229,6.133005305429668,6.1653571128845215,471300.0
2025-01-06,6.211574223180192,6.285521907908341,6.146870605088532,6.174600601196289,508300.0
2025-01-07,6.211574106195662,6.239304542541504,6.077544618838147,6.239304542541504,382000.0
2025-01-08,6.183843662905657,6.322494953075978,6.15149185681136,6.294764518737793,484700.0
2025-01-10,6.387198758258725,6.470389623026654,6.308629706146862,6.368711948394775,679800.0
2025-01-13,6.3409814556593975,6.405685064718191,6.109896130140209,6.285521030426025,798400.0
2025-01-14,6.239304420572886,6.410307525875126,6.183843989725699,6.331738471984863,686200.0
2025-01-15,6.387198590528196,6.424172209285152,6.28552135932672,6.35022497177124,282100.0
2025-01-16,6.294764543635806,6.382577218753804,6.2393041155003734,6.35022497177124,348500.0
2025-01-17,6.368711924747247,6.40568554433786,6.290142872927118,6.313251495361328,436600.0
2025-01-21,6.313251785116639,6.313251785116639,6.183844110610153,6.239304542541504,449700.0
2025-01-22,6.20233039594965,6.220817205027699,6.1025017150802405,6.128383159637451,295400.0
2025-01-23,6.169978558963487,6.169978558963487,6.045192267749255,6.100652694702148,821100.0
2025-01-24,6.0821659244862,6.0821659244862,5.841837406158447,5.841837406158447,329000.0
2025-01-27,5.823350846948103,5.906541271097432,5.731841071851622,5.767889976501465,350500.0
2025-01-28,5.767889194667194,5.8233500575961425,5.684698781794281,5.758646011352539,265000.0
2025-01-29,5.703186092155124,5.814106946274763,5.68654783180909,5.786376953125,200900.0
2025-01-30,5.860324215260582,5.892676020999244,5.786376978852043,5.841837406158447,251600.0
2025-01-31,5.8510806774209225,5.859400028134907,5.689321205559576,5.721673011779785,270400.0
2025-02-03,5.693942834878616,5.726295083322465,5.601508783811169,5.619995594024658,263900.0
2025-02-04,5.592265642787015,5.767890120807473,5.592265642787015,5.730916500091553,246700.0
2025-02-05,5.749403310449512,5.758646936008656,5.693942879375633,5.730916500091553,202100.0
2025-02-06,5.777133414522702,5.777133414522702,5.638482124422097,5.666212558746338,227800.0
2025-02-07,5.666212363728507,5.684699172388294,5.583021504379319,5.5922651290893555,274500.0
2025-02-10,5.684699552352137,5.786377227157221,5.656969117128817,5.767889976501465,245800.0
2025-02-11,5.795619991963583,5.915784467960918,5.730915941635721,5.851080417633057,182800.0
2025-02-12,5.7863771857020545,5.7863771857020545,5.601508647311774,5.629239082336426,292200.0
2025-02-13,5.666212250243189,5.698564054559791,5.619995009139235,5.684699058532715,263500.0
2025-02-14,5.740159815578411,5.8048638687162475,5.705034745567578,5.74940299987793,165700.0
2025-02-18,5.795620157913248,5.906541012428264,5.693942487561003,5.869567394256592,264000.0
2025-02-19,5.869567253382229,5.998974913877192,5.860324069441303,5.906540870666504,338600.0
2025-02-20,5.888054228957519,5.952758281419578,5.823350617255758,5.925027847290039,257500.0
2025-02-21,5.8788110860311855,5.911162892109217,5.619995315126037,5.666212558746338,498300.0
2025-02-24,5.703186177338459,5.72167298663452,5.619995315126037,5.666212558746338,415000.0
2025-02-25,5.684699140141168,5.684699140141168,5.5460478555991335,5.564534664154053,368200.0
2025-02-26,5.564534943520138,5.5783999404423446,5.4767227086657515,5.518317699432373,317600.0
2025-02-27,5.546047965492055,5.546047965492055,5.481343913887609,5.499830722808838,267600.0
2025-02-28,5.509248305147139,5.528083324432373,5.4056554745472125,5.528083324432373,514800.0
2025-03-03,5.575170987053752,5.594006005966949,5.236140197553922,5.30206298828125,526900.0
2025-03-04,5.264393669806824,5.377403798728255,5.1419658056107735,5.31148099899292,509500.0
2025-03-05,5.264393376930338,5.292645683057754,5.113712764355648,5.283228397369385,544800.0
2025-03-06,5.236140799303103,5.273810841458624,4.963032769144407,4.981867790222168,1834700.0
2025-03-07,5.179635389802797,5.443326116325622,4.9771585899560264,5.03837251663208,1239400.0
2025-03-10,5.085459808599492,5.212596068056797,4.9818669848867705,5.123129844665527,536600.0
2025-03-11,5.160800228917344,5.2709852939224096,5.141965209613576,5.170217514038086,450000.0
2025-03-12,5.198470164480227,5.236140202341062,5.113712354762212,5.2173051834106445,581100.0
2025-03-13,5.207887898476573,5.30206299312866,5.198470164480227,5.2173051834106445,384900.0
2025-03-14,5.245558261543202,5.452743482622535,5.21730550686487,5.433908462524414,425800.0
2025-03-17,5.462160927851442,5.626967232714014,5.462160927851442,5.594006061553955,510100.0
2025-03-18,5.603423118591309,5.650510888957525,5.55916084795944,5.603423118591309,393800.0
2025-03-19,5.612841684650884,5.763521853668413,5.5827055610349126,5.735269546508789,321600.0
2025-03-20,5.678764256759937,5.777648226001554,5.669346522040589,5.744686603546143,266000.0
2025-03-21,5.688181255329305,5.697598989573332,5.603423443382208,5.631676197052002,631900.0
2025-03-24,5.65051145491489,5.725851535797119,5.641093720273458,5.725851535797119,312600.0
2025-03-25,5.678763833611046,5.791773947448512,5.67405496660225,5.763521194458008,350200.0
2025-03-26,5.829444180184106,5.885949238990945,5.791774140979548,5.838861465454102,419200.0
2025-03-27,5.848279047964317,5.867114067077637,5.801191275649878,5.867114067077637,263600.0
2025-03-28,5.838861465454102,5.848279199786386,5.754104101774989,5.838861465454102,339900.0
2025-03-31,5.772939310879665,5.824735504220622,5.707016515576561,5.725851535797119,382200.0
2025-04-01,5.744686545485483,5.820026626229586,5.64109370993119,5.810609340667725,311000.0
2025-04-02,5.7258514782778285,5.801191558403226,5.688181438215129,5.791774272918701,380100.0
2025-04-03,5.556336368333122,5.556336368333122,5.236140574684536,5.264393329620361,886700.0
2025-04-04,5.085460400661625,5.085460400661625,4.595749425727531,4.614584445953369,917700.0
2025-04-07,4.595749150224473,4.737012017981074,4.256718357421087,4.605166435241699,662500.0
2025-04-08,4.765264681286809,4.765264681286809,4.369728801378895,4.463903903961182,3016100.0
2025-04-09,4.332058682617605,4.93007135914427,4.305689744180154,4.887692451477051,1190800.0
2025-04-10,4.802934506600602,4.802934506600602,4.365020186995887,4.473321437835693,484100.0
2025-04-11,4.482739035644104,4.614584169321202,4.313223414711272,4.605166435241699,647500.0
2025-04-14,4.7181770841406045,4.7181770841406045,4.426233609272556,4.539244174957275,622500.0
2025-04-15,4.510991421270524,4.6240015378929575,4.510991421270524,4.539244174957275,359700.0
2025-04-16,4.567496445106009,4.718177048527527,4.567496445106009,4.624001502990723,476400.0
2025-04-17,4.661671535157803,4.746429346399236,4.628710363702703,4.708759307861328,529900.0
2025-04-21,4.624001943403055,4.624001943403055,4.407398976350198,4.416816711425781,479300.0
2025-04-22,4.492156781251264,4.548661844335028,4.369728920038615,4.501574516296387,471400.0
2025-04-23,4.55807957938015,4.58633188639087,4.43094285064494,4.501574516296387,495300.0
2025-04-24,4.539244318111132,4.595749378204346,4.468612656197891,4.595749378204346,474800.0
2025-04-25,4.548661277342421,4.652254104614258,4.506282373046567,4.652254104614258,420500.0
2025-04-28,4.633419034092455,4.71817684173584,4.614584015623066,4.71817684173584,293500.0
2025-04-29,4.614584067254002,4.652254104614258,4.548661277342421,4.652254104614258,286800.0
2025-04-30,4.595749436559729,4.595749436559729,4.482739314938335,4.529826641082764,344600.0
2025-05-01,4.529825988560325,4.661671111459632,4.525117121905504,4.642836093902588,317400.0
2025-05-02,4.689924525289189,4.8123523812473685,4.614584444411018,4.802934646606445,444800.0
2025-05-05,4.68992429505403,4.723827150159944,4.614584217874412,4.624001502990723,343500.0
2025-05-06,4.661671111459632,4.69934114657372,4.595748774541099,4.642836093902588,272800.0
2025-05-07,4.652254400949146,4.6899244407088725,4.613642677554771,4.680506706237793,211600.0
2025-05-08,4.746429387931637,4.882983391092004,4.746429387931637,4.812352180480957,239600.0
2025-05-09,4.85002213662774,4.930071080121518,4.755847041065142,4.878274440765381,333900.0
2025-05-12,5.141965436864544,5.236140537545483,5.085460376455981,5.160800457000732,286000.0
2025-05-13,5.236140118172112,5.405655285820977,5.206945682127458,5.367985248565674,265500.0
2025-05-14,5.3397333244186544,5.415073404280414,5.306772151744709,5.330315589904785,378600.0
2025-05-15,5.2549755473898365,5.264393281970637,5.18434433428304,5.245558261871338,346900.0
2025-05-16,5.27381075640131,5.34915083949725,5.179635652531385,5.320898532867432,398400.0
2025-05-19,5.273810567489136,5.292645587588436,5.1513827123125395,5.245558261871338,253600.0
2025-05-20,5.236140574684536,5.29264563549388,5.189053248541236,5.264393329620361,289600.0
2025-05-21,5.245558692605392,5.3208987791890685,5.198470913959425,5.226723670959473,258000.0
2025-05-22,5.170217314093779,5.2173050850633444,5.094877239792285,5.179635047912598,269800.0
2025-05-23,5.10429506982814,5.236140202341062,5.10429506982814,5.2173051834106445,241800.0
2025-05-27,5.264393430696441,5.424491330594606,5.201295684972011,5.405655860900879,343800.0
2025-05-28,5.443326197104625,5.452743482622535,5.372694534939945,5.433908462524414,339600.0
2025-05-29,5.471578169981606,5.537500960847266,5.44709260043684,5.490413188934326,691200.0
2025-05-30,5.442420608996438,5.485614496004048,5.384828912218998,5.394427299499512,334000.0
2025-06-02,5.538406147238246,5.538406147238246,5.389627270693444,5.480814456939697,493300.0
2025-06-03,5.5000117989902275,5.658389064959474,5.461617338009687,5.548005104064941,499000.0
2025-06-04,5.586399924810276,5.643991619989997,5.466417112094662,5.519209384918213,501400.0
2025-06-05,5.595997941585489,5.619994594080581,5.476015136808106,5.586399555206299,544000.0
2025-06-06,5.643991349411429,5.725579694762469,5.595998043546787,5.615195274353027,455500.0
2025-06-09,5.634392402498405,5.7063823599836825,5.576800711129031,5.586399555206299,712900.0
2025-06-10,5.663188802552736,5.773572769597733,5.653589957923725,5.672787189483643,400100.0
2025-06-11,5.730378954512554,5.907953920744419,5.702543128603284,5.855161190032959,611400.0
2025-06-12,5.701583141477875,5.7879709104648125,5.519209216782172,5.720780372619629,590700.0
2025-06-13,5.883957304861744,5.903154536782251,5.6679883313315145,5.739977836608887,657000.0
2025-06-16,5.701583130447148,5.874358210388664,5.663188668237922,5.759174823760986,775000.0
2025-06-17,5.797569274902344,5.9079536968167075,5.759174812766415,5.797569274902344,605100.0
2025-06-18,5.845562478677806,5.970344249577323,5.749575867326984,5.768773555755615,601900.0
2025-06-20,5.816766306170364,6.162316911222507,5.816766306170364,6.1527180671691895,1349600.0
2025-06-23,6.219908849130798,6.2775005426405714,6.123922693281175,6.13352108001709,1391600.0
2025-06-24,6.037534935260146,6.181514398148159,6.037534935260146,6.095126628875732,1161400.0
2025-06-25,6.123922900137055,6.45027584104943,6.123922900137055,6.2295074462890625,2352000.0
2025-06-26,6.287099439385089,6.426279480949584,6.287099439385089,6.392683982849121,1966100.0
2025-06-27,6.392683780489548,6.392683780489548,6.24870477892385,6.258303165435791,2286200.0
2025-06-30,6.239106329298507,6.325494101859883,6.032735742712161,6.11432409286499,1279100.0
2025-07-01,6.123922836958911,6.205511185769817,5.979943370957424,6.085528373718262,1131100.0
2025-07-02,6.143120330049312,6.143120330049312,5.975144202948313,6.027936935424805,630800.0
2025-07-03,6.02793657108061,6.061531611390988,5.970344419551251,6.018337726593018,308200.0
2025-07-07,5.960745852468436,6.0087391580585585,5.768773545504107,5.807168006896973,518400.0
2025-07-08,5.778372393225865,5.95594690576617,5.759175160997133,5.845562934875488,648300.0
2025-07-09,5.845562626970239,5.855161013729966,5.6391920481080025,5.643991470336914,840600.0
2025-07-10,5.643991842590908,5.682386307558346,5.524009025143132,5.576801300048828,724200.0
2025-07-11,5.548005104064941,5.691984103892927,5.528807873574671,5.548005104064941,405600.0
2025-07-14,5.50961057786289,5.53840665449862,5.38962776432722,5.404026031494141,431100.0
2025-07-15,5.432821591235378,5.432821591235378,5.164060348154859,5.183257579803467,561900.0
2025-07-16,5.202454609620895,5.240849071428584,5.029679073788204,5.048876762390137,626900.0
2025-07-17,5.029679305107799,5.107428482887501,5.020080918063482,5.0680742263793945,456600.0
2025-07-18,5.125665996491118,5.207254347199169,5.125665996491118,5.173658847808838,646200.0
2025-07-21,5.212052881019115,5.221651725107914,4.972087271176094,4.981686115264893,656400.0
2025-07-22,4.9816863364004735,5.096869724390542,4.972087491885586,5.039278030395508,519700.0
2025-07-23,5.000883556384399,5.096869712824982,4.981686325096282,5.077672481536865,471700.0
2025-07-24,5.039277768166761,5.172698587633822,5.034478346159064,5.135263919830322,631400.0
2025-07-25,5.125665777149875,5.149661972932814,5.072873047951978,5.116066932678223,486600.0
2025-07-28,5.15446139516864,5.207254124366537,5.116066932678223,5.116066932678223,536400.0
2025-07-29,5.154461503481501,5.192855966778718,5.096869808535676,5.183257579803467,517500.0
2025-07-30,5.164060147813205,5.218772004155214,5.03927791808917,5.048876762390137,533800.0
2025-07-31,5.010481732135132,5.116066728621522,4.938492232261456,4.981686115264893,694100.0
2025-08-01,4.981686566353893,4.981686566353893,4.674530393170694,4.684129238128662,744000.0
2025-08-04,4.703326125315616,4.751318973490397,4.57854389620463,4.59774112701416,647300.0
2025-08-05,4.607339960855344,4.679329461803862,4.568945499323057,4.636135578155518,509700.0
2025-08-06,4.6649314007071006,4.794512586941655,4.6649314007071006,4.693727016448975,458600.0
2025-08-07,4.712924857606329,4.8473059408291705,4.636135928735059,4.684129238128662,593000.0
2025-08-08,4.655333172501885,5.072873317548844,4.578544243440116,5.020081043243408,719000.0
2025-08-11,5.048876874910396,5.15926084064302,5.000883567732152,5.039278030395508,732100.0
2025-08-12,5.058475117648274,5.207253999504731,5.010481811837008,5.164060115814209,718400.0
2025-08-13,5.22165166609335,5.308039431123877,5.154461131325377,5.212052822113037,705200.0
2025-08-14,5.15446139516864,5.22165193337592,5.048876852169039,5.116066932678223,482600.0
2025-08-15,5.106468455101671,5.125665686005516,5.0325589101577295,5.048876762390137,569300.0
2025-08-18,5.010481703181298,5.1352639294261335,4.962488856108874,5.096869468688965,765200.0
2025-08-19,5.077672267662486,5.14486280318984,4.981686115264893,4.981686115264893,465100.0
2025-08-20,5.010481931980524,5.1640602396402935,5.000883545206968,5.116066932678223,795400.0
2025-08-21,5.087271281549351,5.25044751722256,5.087271281549351,5.231250286102295,506000.0
2025-08-22,5.250447461324367,5.533606960607231,5.250447461324367,5.500011920928955,748900.0
2025-08-25,5.490412843140421,5.557603377337762,5.452018382941389,5.480814456939697,515600.0
2025-08-26,5.461617714448927,5.490413333320016,5.406905397816504,5.442420482635498,566600.0
2025-08-27,5.413624457186606,5.556644133050947,5.260046601228951,5.288842678070068,743500.0
2025-08-28,5.317637890642054,5.471215734857597,5.269644585475657,5.432821273803711,795400.0
2025-08-29,5.4132439227702625,5.486660242175339,5.3936662064776035,5.442610263824463,482300.0
2025-09-02,5.39366630546326,5.545393492823499,5.39366630546326,5.520921230316162,723100.0
2025-09-03,5.452399366554002,5.5404988566671225,5.16362770056701,5.178310871124268,670300.0
2025-09-04,5.188100011773701,5.31535493575685,5.139155487093549,5.305566310882568,528200.0
2025-09-05,5.227255446016239,5.305566312106889,5.129366396633346,5.217466354370117,477000.0
2025-09-08,5.2468330600342075,5.269347223549111,5.109788580283358,5.139155387878418,490400.0
2025-09-09,5.119577834956913,5.217466418778638,5.080422401428223,5.080422401428223,453800.0
2025-09-10,5.100000358476805,5.295777535344211,5.100000358476805,5.276199817657471,447200.0
2025-09-11,5.217466453286495,5.295777320861816,5.168522394436714,5.295777320861816,304500.0
2025-09-12,5.315354987744853,5.354510421164111,5.256621837615967,5.256621837615967,342200.0
2025-09-15,5.295777486934957,5.295777486934957,5.197888899396064,5.237044334411621,388400.0
2025-09-16,5.2468331008978755,5.462187980117122,5.2468331008978755,5.442610263824463,399500.0
2025-09-17,5.4034552574157715,5.550288374576394,5.39366663188219,5.4034552574157715,479000.0
2025-09-18,5.442610314123134,5.511132555165486,5.398560335365164,5.4817657470703125,366800.0
2025-09-19,5.481765980760172,5.511132790107264,5.285988807678223,5.285988807678223,969700.0
2025-09-22,5.266411138463134,5.35451063376974,5.207677986002195,5.325144290924072,409400.0
2025-09-23,5.383877437851435,5.58944370463824,5.374088345733205,5.413244247436523,453900.0
2025-09-24,5.462188243865967,5.540499112817944,5.4426105266279725,5.462188243865967,434200.0
2025-09-25,5.46218828718332,5.623704572370061,5.43282194447824,5.589443683624268,1283900.0
2025-09-26,5.599232144642666,5.785220687806072,5.579654427823864,5.648176670074463,496900.0
2025-09-29,5.59923205740486,5.59923205740486,5.364299459239568,5.3936662673950195,486100.0
2025-09-30,5.374088188437138,5.383877280268848,5.22236099920235,5.295777320861816,591300.0
2025-10-01,5.227255491961295,5.45239946733561,5.207677775266554,5.432821750640869,748500.0
2025-10-02,5.403455061446308,5.437715949725708,5.2321496865101205,5.246833324432373,362200.0
2025-10-03,5.29577726898847,5.403454944234604,5.28109409815432,5.344721794128418,272200.0
2025-10-06,5.4132439227702625,5.489596689572928,5.364299398653827,5.442610263824463,312400.0
2025-10-07,5.452399682370238,5.48078720932782,5.33493291079949,5.413244247436523,332400.0
2025-10-08,5.452399355355579,5.452399355355579,5.320249420302952,5.442610263824463,339000.0
2025-10-09,5.403455096619586,5.520921400144673,5.325144227602862,5.374088287353516,352400.0
2025-10-10,5.295777116478963,5.305566207932877,5.051055431365967,5.051055431365967,542800.0
2025-10-13,5.148944629097802,5.271305475225377,5.075527841359505,5.256621837615967,365300.0
2025-10-14,5.129366457659912,5.241938679081732,5.129366457659912,5.168522357940674,480800.0
2025-10-15,5.2174663034232,5.266410827636719,5.168522245979259,5.266410827636719,354700.0
2025-10-16,5.266411160141742,5.285988877709312,5.109788952831584,5.148944854736328,388600.0
2025-10-17,5.168522246342621,5.192994041681525,5.080422289459925,5.178310871124268,378400.0
2025-10-20,5.197888699689263,5.256621849956026,5.104894661792616,5.168522357940674,393000.0
2025-10-21,5.178310934181256,5.188100025851681,5.0256044648636085,5.041266918182373,435300.0
2025-10-22,5.080422499353103,5.178311085061626,5.041267065069694,5.158733367919922,391700.0
2025-10-23,5.285988909885646,5.315355253030952,5.217466664597249,5.276199817657471,393700.0
2025-10-24,5.285988658474201,5.285988658474201,5.139155549422498,5.168522357940674,299200.0
2025-10-27,5.168522195473478,5.217466252439148,5.124472217465674,5.139155387878418,434300.0
2025-10-28,5.119578050995363,5.1489448607659085,5.051055806043826,5.060844898223877,412300.0
2025-10-29,5.060844834676461,5.207677948146241,5.0510557426193285,5.10978889465332,362400.0
2025-10-30,5.100000006163751,5.168522246718562,5.080422289829459,5.090210914611816,315200.0
2025-10-31,5.109788740904324,5.207677791451849,5.0608446824001465,5.168522357940674,351900.0
2025-11-03,5.14894479123527,5.1978888511657715,5.065739375906858,5.1978888511657715,393000.0
2025-11-04,5.109788740904324,5.207677791451849,5.080422399155735,5.168522357940674,444800.0
2025-11-05,5.188100074696262,5.251727304074733,5.16362781205938,5.168522357940674,322900.0
2025-11-06,5.227255655753638,5.344721959602807,5.183205675117799,5.285988807678223,564200.0
2025-11-07,5.011900109940679,5.060844634753642,4.747600702843757,5.041266918182373,729600.0
2025-11-10,5.070633529782594,5.119578057202982,4.894434071254491,4.972744941711426,701000.0
2025-11-11,5.011900098693654,5.165585383479548,4.982533757287442,5.129366397857666,596900.0
2025-11-12,5.10978874555624,5.1342610082154,4.9776392740281095,4.9923224449157715,404600.0
2025-11-13,5.041266857160873,5.100000006163751,4.964913623426259,5.090210914611816,680600.0
2025-11-14,5.070633411407471,5.090211128564658,4.9825339175849255,5.070633411407471,402500.0
2025-11-17,5.100000388450187,5.178311259657393,4.972744989353672,5.011900424957275,547100.0
2025-11-18,4.982533658266854,5.080422238958138,4.94337822599034,5.051055431365967,573100.0
2025-11-19,4.953166859876736,4.9972168379620445,4.835700562828966,4.874855995178223,678100.0
2025-11-20,4.9140115299994696,5.046161467011117,4.835700663667938,4.865067005157471,685800.0
2025-11-21,4.8650673080589595,5.046161781187636,4.818080878688558,5.011900424957275,631900.0
2025-11-24,5.011900328160331,5.060844855104354,4.879750852242833,4.933589458465576,768700.0
2025-11-25,4.865067052503804,5.0461615161198425,4.855278427501892,4.9923224449157715,554000.0
2025-11-26,5.002111792594701,5.1489449092920445,5.002111792594701,5.100000381469727,619200.0
2025-11-28,5.159999847412109,5.159999847412109,5.090000152587891,5.150000095367432,253000.0
2025-12-01,5.150000095367432,5.28000020980835,5.119999885559082,5.179999828338623,589400.0
2025-12-02,5.150000095367432,5.170000076293945,5.019999980926514,5.139999866485596,415300.0
2025-12-03,5.230000019073486,5.375,5.190000057220459,5.309999942779541,530200.0
2025-12-04,5.320000171661377,5.355000019073486,5.269999980926514,5.329999923706055,360500.0
2025-12-05,5.309999942779541,5.460000038146973,5.309999942779541,5.420000076293945,819400.0
2025-12-08,5.369999885559082,5.46999979019165,5.139999866485596,5.150000095367432,685700.0
2025-12-09,5.179999828338623,5.320000171661377,5.179999828338623,5.309999942779541,557200.0
2025-12-10,5.269999980926514,5.414999961853027,5.215000152587891,5.369999885559082,851400.0
2025-12-11,5.329999923706055,5.335000038146973,5.070000171661377,5.139999866485596,692400.0
2025-12-12,5.170000076293945,5.179999828338623,5.050000190734863,5.050000190734863,493600.0
2025-12-15,5.079999923706055,5.079999923706055,4.889999866485596,4.96999979019165,677200.0
2025-12-16,4.909999847412109,4.940000057220459,4.739999771118164,4.78000020980835,681500.0
2025-12-17,4.840000152587891,4.880000114440918,4.739999771118164,4.849999904632568,1028000.0
2025-12-18,4.849999904632568,4.849999904632568,4.7769999504089355,4.820000171661377,510500.0
2025-12-19,4.800000190734863,4.849999904632568,4.619999885559082,4.639999866485596,1275100.0
2025-12-22,4.690000057220459,4.800000190734863,4.675000190734863,4.75,796100.0
2025-12-23,4.760000228881836,4.78000020980835,4.659999847412109,4.699999809265137,691800.0
2025-12-24,4.670000076293945,4.71999979019165,4.599999904632568,4.650000095367432,301600.0
2025-12-26,4.619999885559082,4.75,4.610000133514404,4.650000095367432,532400.0
2025-12-29,4.71999979019165,4.789999961853027,4.695000171661377,4.739999771118164,1269600.0
2025-12-30,4.78000020980835,4.820000171661377,4.744999885559082,4.800000190734863,1481800.0
2025-12-31,4.800000190734863,4.809999942779541,4.664999961853027,4.699999809265137,398100.0
2026-01-02,4.679999828338623,4.710000038146973,4.585000038146973,4.679999828338623,964500.0
2026-01-05,4.739999771118164,4.739999771118164,4.400000095367432,4.480000019073486,1193300.0
2026-01-06,4.449999809265137,4.5,4.320000171661377,4.389999866485596,845300.0
2026-01-07,4.380000114440918,4.389999866485596,4.179999828338623,4.210000038146973,889300.0
2026-01-08,4.28000020980835,4.449999809265137,4.199999809265137,4.369999885559082,1208600.0
2026-01-09,4.369999885559082,4.40500020980835,4.309999942779541,4.329999923706055,505500.0
2026-01-12,4.360000133514404,4.385000228881836,4.289999961853027,4.360000133514404,465900.0
2026-01-13,4.400000095367432,4.585000038146973,4.389999866485596,4.510000228881836,621800.0
2026-01-14,4.510000228881836,4.715000152587891,4.510000228881836,4.610000133514404,694700.0
2026-01-15,4.519999980926514,4.610000133514404,4.449999809265137,4.570000171661377,520300.0
2026-01-16,4.539999961853027,4.573999881744385,4.429999828338623,4.429999828338623,464200.0
2026-01-20,4.429999828338623,4.53000020980835,4.400000095367432,4.440000057220459,493300.0
2026-01-21,4.510000228881836,4.738999843597412,4.510000228881836,4.659999847412109,678500.0
2026-01-22,4.619999885559082,4.650000095367432,4.550000190734863,4.590000152587891,656800.0
2026-01-23,4.670000076293945,4.730000019073486,4.570000171661377,4.599999904632568,455800.0
2026-01-26,4.639999866485596,4.639999866485596,4.514999866485596,4.630000114440918,419500.0
2026-01-27,4.650000095367432,4.829999923706055,4.650000095367432,4.789999961853027,422300.0
2026-01-28,4.829999923706055,4.869999885559082,4.710000038146973,4.78000020980835,512200.0
2026-01-29,4.889999866485596,5.010000228881836,4.829999923706055,4.920000076293945,691300.0
2026-01-30,4.860000133514404,5.03000020980835,4.860000133514404,5.019999980926514,685600.0
2026-02-02,4.860000133514404,5.013999938964844,4.809999942779541,4.900000095367432,691000.0
2026-02-03,4.860000133514404,5.03000020980835,4.84499979019165,5.010000228881836,622900.0
2026-02-04,5.050000190734863,5.114999771118164,4.994999885559082,5.070000171661377,491000.0
2026-02-05,5.03000020980835,5.039999961853027,4.90500020980835,4.960000038146973,430100.0
2026-02-06,4.940000057220459,5.110000133514404,4.940000057220459,5.099999904632568,530300.0
2026-02-09,5.079999923706055,5.195000171661377,5.03000020980835,5.130000114440918,448900.0
2026-02-10,5.150000095367432,5.150000095367432,5.059999942779541,5.059999942779541,455800.0
2026-02-11,5.170000076293945,5.260000228881836,5.113999843597412,5.119999885559082,600400.0
2026-02-12,5.099999904632568,5.105000019073486,4.84499979019165,4.900000095367432,954620.0
