Date,Open,High,Low,Close,Volume
1986-05-14,7.327363967895508,7.392785857735373,7.327363967895508,7.327363967895508,3150.0
1986-05-15,7.327363967895508,7.458209244986313,7.327363967895508,7.327363967895508,1800.0
1986-05-16,7.327363967895508,7.458209244986313,7.327363967895508,7.327363967895508,5850.0
1986-05-19,7.327363967895508,7.458209244986313,7.327363967895508,7.327363967895508,8250.0
1986-05-20,7.327363967895508,7.327363967895508,7.327363967895508,7.327363967895508,0.0
1986-05-21,7.32736521799841,7.392787118999737,7.196518421173096,7.196518421173096,750.0
1986-05-22,7.196515740947689,7.327362489041257,7.065670490264893,7.065670490264893,11400.0
1986-05-23,7.065670490264893,7.065670490264893,7.065670490264893,7.065670490264893,0.0
1986-05-27,7.131093502044678,7.327362116803608,7.131093502044678,7.131093502044678,300.0
1986-05-28,7.131093502044678,7.327362116803608,7.131093502044678,7.131093502044678,450.0
1986-05-29,7.131093502044678,7.327362116803608,7.131093502044678,7.131093502044678,5250.0
1986-05-30,7.131093502044678,7.131093502044678,7.131093502044678,7.131093502044678,0.0
1986-06-02,7.131093502044678,7.131093502044678,7.131093502044678,7.131093502044678,0.0
1986-06-03,7.131093502044678,7.327362116803608,7.131093502044678,7.131093502044678,7650.0
1986-06-04,7.196518421173096,7.392787118999737,7.196518421173096,7.196518421173096,7500.0
1986-06-05,7.196518421173096,7.392787118999737,7.196518421173096,7.196518421173096,2850.0
1986-06-06,7.196518421173096,7.392787118999737,7.196518421173096,7.196518421173096,1500.0
1986-06-09,7.196515740947689,7.2619391149944725,7.065670490264893,7.065670490264893,1500.0
1986-06-10,7.065670490264893,7.327362489041257,7.065670490264893,7.065670490264893,300.0
1986-06-11,7.065670490264893,7.2619391149944725,7.065670490264893,7.065670490264893,0.0
1986-06-12,7.065670490264893,7.065670490264893,7.065670490264893,7.065670490264893,0.0
1986-06-13,7.065670490264893,7.065670490264893,7.065670490264893,7.065670490264893,0.0
1986-06-16,7.065670490264893,7.2619391149944725,7.065670490264893,7.065670490264893,300.0
1986-06-17,7.065670490264893,7.2619391149944725,7.065670490264893,7.065670490264893,150.0
1986-06-18,7.131093502044678,7.327362116803608,7.131093502044678,7.131093502044678,4050.0
1986-06-19,7.131093502044678,7.327362116803608,7.131093502044678,7.131093502044678,2850.0
1986-06-20,7.131093502044678,7.327362116803608,7.131093502044678,7.131093502044678,18000.0
1986-06-23,7.131093502044678,7.131093502044678,7.131093502044678,7.131093502044678,0.0
1986-06-24,7.131093502044678,7.327362116803608,7.131093502044678,7.131093502044678,15600.0
1986-06-25,7.131093502044678,7.327362116803608,7.131093502044678,7.131093502044678,9000.0
1986-06-26,7.327363967895508,7.523632632237253,7.327363967895508,7.327363967895508,13200.0
1986-06-27,7.3927836418151855,7.5236303770969375,7.3927836418151855,7.3927836418151855,4050.0
1986-06-30,7.3927836418151855,7.589052247327188,7.3927836418151855,7.3927836418151855,600.0
1986-07-01,7.3927836418151855,7.589052247327188,7.3927836418151855,7.3927836418151855,450.0
1986-07-02,7.3927836418151855,7.589052247327188,7.3927836418151855,7.3927836418151855,900.0
1986-07-03,7.3927836418151855,7.3927836418151855,7.3927836418151855,7.3927836418151855,0.0
1986-07-07,7.392785857735373,7.523632632237253,7.327363967895508,7.327363967895508,0.0
1986-07-08,7.327364346749311,7.392786239971748,7.261940956115723,7.261940956115723,600.0
1986-07-09,7.261940956115723,7.261940956115723,7.261940956115723,7.261940956115723,0.0
1986-07-10,7.261940956115723,7.261940956115723,7.261940956115723,7.261940956115723,0.0
1986-07-11,7.261940956115723,7.392786239971748,7.261940956115723,7.261940956115723,600.0
1986-07-14,7.261940956115723,7.458209630605337,7.261940956115723,7.261940956115723,900.0
1986-07-15,7.261940956115723,7.458209630605337,7.261940956115723,7.261940956115723,150.0
1986-07-16,7.261940956115723,7.392786239971748,7.261940956115723,7.261940956115723,2700.0
1986-07-17,7.261940956115723,7.392786239971748,7.261940956115723,7.261940956115723,1350.0
1986-07-18,7.261940956115723,7.392786239971748,7.261940956115723,7.261940956115723,3750.0
1986-07-21,7.261940956115723,7.458209630605337,7.261940956115723,7.261940956115723,1950.0
1986-07-22,7.327363967895508,7.458209244986313,7.327363967895508,7.327363967895508,7500.0
1986-07-23,7.327364346749311,7.458209630605337,7.261940956115723,7.261940956115723,7500.0
1986-07-24,7.261940956115723,7.261940956115723,7.261940956115723,7.261940956115723,0.0
1986-07-25,7.261940956115723,7.458209630605337,7.261940956115723,7.261940956115723,150.0
1986-07-28,7.261941819585753,7.392787118999737,7.196518421173096,7.196518421173096,2550.0
1986-07-29,7.196518421173096,7.32736521799841,7.196518421173096,7.196518421173096,150.0
1986-07-30,7.196515740947689,7.196515740947689,7.065670490264893,7.065670490264893,2700.0
1986-07-31,7.065670490264893,7.065670490264893,7.065670490264893,7.065670490264893,0.0
1986-08-01,7.065674561146102,7.131097972886518,6.934829235076903,6.934829235076904,1350.0
1986-08-04,6.934829235076903,7.131097972886518,6.934829235076903,6.934829235076904,150.0
1986-08-05,6.934829235076903,7.131097972886518,6.934829235076903,6.934829235076904,150.0
1986-08-06,6.934829235076903,7.131097972886518,6.934829235076903,6.934829235076904,1200.0
1986-08-07,6.934829235076903,6.934829235076903,6.934829235076903,6.934829235076904,0.0
1986-08-08,6.934829235076903,6.934829235076903,6.934829235076903,6.934829235076904,0.0
1986-08-11,6.934829235076903,6.934829235076903,6.934829235076903,6.934829235076904,0.0
1986-08-12,6.934829235076903,6.934829235076903,6.934829235076903,6.934829235076904,0.0
1986-08-13,6.934829235076903,7.131097972886518,6.934829235076903,6.934829235076904,450.0
1986-08-14,6.934829235076903,6.934829235076903,6.934829235076903,6.934829235076904,0.0
1986-08-15,6.934829235076903,6.934829235076903,6.934829235076903,6.934829235076904,0.0
1986-08-18,6.934826750575718,7.065672029767717,6.86940336227417,6.86940336227417,300.0
1986-08-19,6.86940336227417,6.86940336227417,6.86940336227417,6.86940336227417,0.0
1986-08-20,6.86940336227417,7.065672029767717,6.86940336227417,6.86940336227417,4650.0
1986-08-21,6.86940336227417,7.065672029767717,6.86940336227417,6.86940336227417,1500.0
1986-08-22,6.86940336227417,7.065672029767717,6.86940336227417,6.86940336227417,10500.0
1986-08-25,6.86940336227417,7.065672029767717,6.86940336227417,6.86940336227417,5550.0
1986-08-26,6.86940336227417,7.065672029767717,6.86940336227417,6.86940336227417,10200.0
1986-08-27,7.000247955322266,7.131094719100145,7.000247955322266,7.000247955322266,4650.0
1986-08-28,7.000251149405686,7.065674561146102,6.934829235076903,6.934829235076904,9150.0
1986-08-29,6.934829235076903,7.065674561146102,6.934829235076903,6.934829235076904,600.0
1986-09-02,6.934829235076903,6.934829235076903,6.934829235076903,6.934829235076904,0.0
1986-09-03,6.934826750575718,7.065672029767717,6.86940336227417,6.86940336227417,750.0
1986-09-04,6.803981455908196,6.803981455908196,6.607712745666504,6.607712745666504,1950.0
1986-09-05,6.607712745666504,6.607712745666504,6.607712745666504,6.607712745666504,0.0
1986-09-08,6.607712745666504,6.607712745666504,6.607712745666504,6.607712745666504,0.0
1986-09-09,6.607712745666504,6.607712745666504,6.607712745666504,6.607712745666504,0.0
1986-09-10,6.607712745666504,6.803981455908196,6.607712745666504,6.607712745666504,900.0
1986-09-11,6.607710069454862,6.673133445508552,6.476864814758301,6.476864814758301,1500.0
1986-09-12,6.476864814758301,6.607710069454862,6.476864814758301,6.476864814758301,300.0
1986-09-15,6.476864814758301,6.607710069454862,6.476864814758301,6.476864814758301,150.0
1986-09-16,6.476864814758301,6.607710069454862,6.476864814758301,6.476864814758301,600.0
1986-09-17,6.476869314908981,6.5422927364190855,6.280600547790527,6.280600547790527,7200.0
1986-09-18,6.280600547790527,6.280600547790527,6.280600547790527,6.280600547790527,0.0
1986-09-19,6.280600547790527,6.280600547790527,6.280600547790527,6.280600547790527,0.0
1986-09-22,6.280600547790527,6.5422927364190855,6.280600547790527,6.280600547790527,150.0
1986-09-23,6.346022129058838,6.476867436724206,6.346022129058838,6.346022129058838,750.0
1986-09-24,6.346022129058838,6.476867436724206,6.346022129058838,6.346022129058838,0.0
1986-09-25,6.346022129058838,6.346022129058838,6.346022129058838,6.346022129058838,0.0
1986-09-26,6.346022129058838,6.346022129058838,6.346022129058838,6.346022129058838,0.0
1986-09-29,6.280597317603327,6.280597317603327,6.084328651428223,6.084328651428223,600.0
1986-09-30,6.084328651428223,6.084328651428223,6.084328651428223,6.084328651428223,0.0
1986-10-01,6.018904272278102,6.018904272278102,5.822635650634766,5.822635650634766,1950.0
1986-10-02,5.822635650634766,6.018904272278102,5.822635650634766,5.822635650634766,7950.0
1986-10-03,5.822637670043324,6.018906359756613,5.7572150230407715,5.7572150230407715,3750.0
1986-10-06,5.7572150230407715,6.018906359756613,5.7572150230407715,5.7572150230407715,0.0
1986-10-07,5.7572150230407715,6.018906359756613,5.7572150230407715,5.7572150230407715,1800.0
1986-10-08,5.7572150230407715,6.018906359756613,5.7572150230407715,5.7572150230407715,600.0
1986-10-09,5.7572150230407715,6.018906359756613,5.7572150230407715,5.7572150230407715,3000.0
1986-10-10,5.7572150230407715,6.018906359756613,5.7572150230407715,5.7572150230407715,3150.0
1986-10-13,5.7572150230407715,5.953483712754061,5.7572150230407715,5.7572150230407715,150.0
1986-10-14,5.7572126211361425,5.9534812289663215,5.691789627075195,5.691789627075195,1200.0
1986-10-15,5.691789627075195,5.888058234905375,5.691789627075195,5.691789627075195,2550.0
1986-10-16,5.691789627075195,5.888058234905375,5.691789627075195,5.691789627075195,2550.0
1986-10-17,5.691791647926967,5.757214665216139,5.560945987701416,5.560945987701416,1800.0
1986-10-20,5.560945510762589,5.626368148087944,5.495522499084473,5.495522499084473,750.0
1986-10-21,5.430099098593441,5.430099098593441,5.233830451965332,5.233830451965332,150.0
1986-10-22,5.233830451965332,5.430099098593441,5.233830451965332,5.233830451965332,3300.0
1986-10-23,5.233830451965332,5.233830451965332,5.233830451965332,5.233830451965332,0.0
1986-10-24,5.233830451965332,5.430099098593441,5.233830451965332,5.233830451965332,450.0
1986-10-27,5.233829102281121,5.299252092403651,5.1684064865112305,5.1684064865112305,300.0
1986-10-28,5.1684074205167905,5.233830048109492,5.037561416625977,5.037561416625977,450.0
1986-10-29,5.037561416625977,5.233830048109492,5.037561416625977,5.037561416625977,7950.0
1986-10-30,5.364675521850586,5.56094413393838,5.364675521850586,5.364675521850586,1950.0
1986-10-31,5.364675521850586,5.56094413393838,5.364675521850586,5.364675521850586,1050.0
1986-11-03,5.495522499084473,5.69179115976606,5.495522499084473,5.495522499084473,3750.0
1986-11-04,5.495522499084473,5.495522499084473,5.495522499084473,5.495522499084473,0.0
1986-11-05,5.495522499084473,5.626368148087944,5.495522499084473,5.495522499084473,1500.0
1986-11-06,5.495522499084473,5.495522499084473,5.495522499084473,5.495522499084473,0.0
1986-11-07,5.495522499084473,5.495522499084473,5.495522499084473,5.495522499084473,0.0
1986-11-10,5.495524429310361,5.626370124271547,5.43010139465332,5.43010139465332,150.0
1986-11-11,5.626371383666992,5.822640157217619,5.626371383666992,5.626371383666992,6750.0
1986-11-12,5.888062000274658,6.084330733617146,5.888062000274658,5.888062000274658,3150.0
1986-11-13,6.215175151824951,6.411443470417683,6.215175151824951,6.215175151824951,6450.0
1986-11-14,6.280600547790527,6.476869314908981,6.280600547790527,6.280600547790527,3000.0
1986-11-17,6.346022129058838,6.476867436724206,6.346022129058838,6.346022129058838,2250.0
1986-11-18,6.346022129058838,6.476867436724206,6.346022129058838,6.346022129058838,1800.0
1986-11-19,6.34602157104336,6.34602157104336,6.215175151824951,6.215175151824951,6150.0
1986-11-20,6.215174304094035,6.280597317603327,6.084328651428223,6.084328651428223,4650.0
1986-11-21,6.084328651428223,6.084328651428223,6.084328651428223,6.084328651428223,0.0
1986-11-24,6.084328651428223,6.084328651428223,6.084328651428223,6.084328651428223,0.0
1986-11-25,6.084328651428223,6.280597317603327,6.084328651428223,6.084328651428223,1650.0
1986-11-26,6.084328651428223,6.084328651428223,6.084328651428223,6.084328651428223,0.0
1986-11-28,6.084328651428223,6.280597317603327,6.084328651428223,6.084328651428223,1500.0
1986-12-01,6.14975118637085,6.215173820436254,6.14975118637085,6.14975118637085,3750.0
1986-12-02,6.14975118637085,6.280596828854402,6.14975118637085,6.14975118637085,6000.0
1986-12-03,6.14975118637085,6.215173820436254,6.14975118637085,6.14975118637085,2550.0
1986-12-04,6.14975118637085,6.280596828854402,6.14975118637085,6.14975118637085,1500.0
1986-12-05,6.14975118637085,6.280596828854402,6.14975118637085,6.14975118637085,0.0
1986-12-08,6.14975118637085,6.280596828854402,6.14975118637085,6.14975118637085,18750.0
1986-12-09,6.14975118637085,6.280596828854402,6.14975118637085,6.14975118637085,15150.0
1986-12-10,6.14975118637085,6.280596828854402,6.14975118637085,6.14975118637085,5550.0
1986-12-11,6.14975118637085,6.215173820436254,6.14975118637085,6.14975118637085,1800.0
1986-12-12,6.14975118637085,6.215173820436254,6.14975118637085,6.14975118637085,1050.0
1986-12-15,6.14975118637085,6.346020211625293,6.14975118637085,6.14975118637085,1800.0
1986-12-16,6.14975118637085,6.280596828854402,6.14975118637085,6.14975118637085,2700.0
1986-12-17,6.14975118637085,6.14975118637085,6.14975118637085,6.14975118637085,0.0
1986-12-18,6.17339563369751,6.370419270397009,6.17339563369751,6.17339563369751,3300.0
1986-12-19,6.17339563369751,6.17339563369751,6.17339563369751,6.17339563369751,0.0
1986-12-22,6.173394430995652,6.3047431207472275,6.107719898223877,6.107719898223877,9150.0
1986-12-23,6.107719898223877,6.3047431207472275,6.107719898223877,6.107719898223877,4200.0
1986-12-24,6.107719898223877,6.239068587975453,6.107719898223877,6.107719898223877,450.0
1986-12-26,6.1077167543684245,6.23906537651027,6.042042255401611,6.042042255401611,5400.0
1986-12-29,6.042042255401611,6.23906537651027,6.042042255401611,6.042042255401611,1050.0
1986-12-30,6.042042255401611,6.23906537651027,6.042042255401611,6.042042255401611,2400.0
1986-12-31,6.042042255401611,6.23906537651027,6.042042255401611,6.042042255401611,9000.0
1987-01-02,6.042042255401611,6.042042255401611,6.042042255401611,6.042042255401611,0.0
1987-01-05,6.042042255401611,6.042042255401611,6.042042255401611,6.042042255401611,0.0
1987-01-06,6.042042255401611,6.042042255401611,6.042042255401611,6.042042255401611,0.0
1987-01-07,5.976371116052471,5.976371116052471,5.779347896575928,5.779347896575928,2850.0
1987-01-08,5.779346679022606,5.9106953390713395,5.713672161102295,5.713672161102295,3000.0
1987-01-09,5.713672161102295,5.9106953390713395,5.713672161102295,5.713672161102295,150.0
1987-01-12,5.713674306063859,5.845023015422006,5.6479997634887695,5.6479997634887695,750.0
1987-01-13,5.6479997634887695,5.6479997634887695,5.6479997634887695,5.6479997634887695,0.0
1987-01-14,5.779347896575928,5.976371116052471,5.779347896575928,5.779347896575928,2850.0
1987-01-15,5.779347896575928,5.976371116052471,5.779347896575928,5.779347896575928,900.0
1987-01-16,5.779347896575928,5.976371116052471,5.779347896575928,5.779347896575928,600.0
1987-01-19,5.779347896575928,5.779347896575928,5.779347896575928,5.779347896575928,0.0
1987-01-20,5.779347896575928,5.779347896575928,5.779347896575928,5.779347896575928,0.0
1987-01-21,5.845022201538086,6.042045426037032,5.845022201538086,5.845022201538086,450.0
1987-01-22,5.845022201538086,5.845022201538086,5.845022201538086,5.845022201538086,0.0
1987-01-23,5.845022201538086,5.845022201538086,5.845022201538086,5.845022201538086,0.0
1987-01-26,5.845022201538086,5.845022201538086,5.845022201538086,5.845022201538086,0.0
1987-01-27,5.845022201538086,5.845022201538086,5.845022201538086,5.845022201538086,0.0
1987-01-28,5.845022201538086,5.845022201538086,5.845022201538086,5.845022201538086,0.0
1987-01-29,5.845022201538086,5.845022201538086,5.845022201538086,5.845022201538086,0.0
1987-01-30,5.845022201538086,6.042045426037032,5.845022201538086,5.845022201538086,300.0
1987-02-02,5.845022201538086,6.042045426037032,5.845022201538086,5.845022201538086,1500.0
1987-02-03,5.845022201538086,6.042045426037032,5.845022201538086,5.845022201538086,150.0
1987-02-04,5.910696029663086,6.042044705058288,5.910696029663086,5.910696029663086,5850.0
1987-02-05,5.9763712882995605,6.10771997980558,5.9763712882995605,5.9763712882995605,450.0
1987-02-06,5.9763712882995605,6.10771997980558,5.9763712882995605,5.9763712882995605,450.0
1987-02-09,5.9763712882995605,5.9763712882995605,5.9763712882995605,5.9763712882995605,0.0
1987-02-10,5.976371268398702,5.976371268398702,5.845022201538086,5.845022201538086,1050.0
1987-02-11,5.845022201538086,5.976371268398702,5.845022201538086,5.845022201538086,450.0
1987-02-12,5.845022201538086,5.845022201538086,5.845022201538086,5.845022201538086,0.0
1987-02-13,5.845022052540131,5.910696584296301,5.779347896575928,5.779347896575928,900.0
1987-02-17,5.779347896575928,5.910696584296301,5.779347896575928,5.779347896575928,3750.0
1987-02-18,5.797794380010632,5.929562305581981,5.731910228729248,5.731910228729248,2250.0
1987-02-19,5.731910228729248,5.731910228729248,5.731910228729248,5.731910228729248,0.0
1987-02-20,5.731910228729248,5.863678154300597,5.731910228729248,5.731910228729248,450.0
1987-02-23,5.731910228729248,5.863678154300597,5.731910228729248,5.731910228729248,1800.0
1987-02-24,5.731910228729248,5.863678154300597,5.731910228729248,5.731910228729248,150.0
1987-02-25,5.731910228729248,5.797794380010632,5.731910228729248,5.731910228729248,3600.0
1987-02-26,5.731910228729248,5.731910228729248,5.731910228729248,5.731910228729248,0.0
1987-02-27,5.731911714285733,5.797795882642511,5.666027545928955,5.666027545928955,150.0
1987-03-02,5.666027545928955,5.666027545928955,5.666027545928955,5.666027545928955,0.0
1987-03-03,5.666027545928955,5.797795882642511,5.666027545928955,5.666027545928955,4500.0
1987-03-04,5.666027545928955,5.797795882642511,5.666027545928955,5.666027545928955,1650.0
1987-03-05,5.731910228729248,5.929562305581981,5.731910228729248,5.731910228729248,3600.0
1987-03-06,5.731910228729248,5.929562305581981,5.731910228729248,5.731910228729248,150.0
1987-03-09,5.863680362701416,6.0613325139946275,5.863680362701416,5.863680362701416,10500.0
1987-03-10,6.061328887939453,6.193097161301863,6.061328887939453,6.061328887939453,13500.0
1987-03-11,6.061328887939453,6.193097161301863,6.061328887939453,6.061328887939453,1500.0
1987-03-12,6.061330458740043,6.1272146124952,5.995446681976318,5.995446681976318,600.0
1987-03-13,6.061328887939453,6.193097161301863,6.061328887939453,6.061328887939453,1650.0
1987-03-16,6.061330500082174,6.1272146542867025,5.929562568664551,5.929562568664551,4050.0
1987-03-17,5.92956453879634,5.92956453879634,5.863680362701416,5.863680362701416,6000.0
1987-03-18,5.863680362701416,5.863680362701416,5.863680362701416,5.863680362701416,0.0
1987-03-19,5.863679562666734,5.929563729772487,5.79779577255249,5.79779577255249,150.0
1987-03-20,5.79779577255249,5.79779577255249,5.79779577255249,5.79779577255249,0.0
1987-03-23,5.79779577255249,5.929563729772487,5.79779577255249,5.79779577255249,1500.0
1987-03-24,5.79779577255249,5.79779577255249,5.79779577255249,5.79779577255249,0.0
1987-03-25,5.79779577255249,5.929563729772487,5.79779577255249,5.79779577255249,300.0
1987-03-26,5.79779577255249,5.79779577255249,5.79779577255249,5.79779577255249,0.0
1987-03-27,5.79779577255249,5.929563729772487,5.79779577255249,5.79779577255249,900.0
1987-03-30,5.79779577255249,5.929563729772487,5.79779577255249,5.79779577255249,2250.0
1987-03-31,5.797794380010632,5.863678154300597,5.731910228729248,5.731910228729248,750.0
1987-04-01,5.731910228729248,5.863678154300597,5.731910228729248,5.731910228729248,300.0
1987-04-02,5.731910228729248,5.863678154300597,5.731910228729248,5.731910228729248,0.0
1987-04-03,5.731910228729248,5.863678154300597,5.731910228729248,5.731910228729248,300.0
1987-04-06,5.731911714285733,5.8636796740077735,5.666027545928955,5.666027545928955,7200.0
1987-04-07,5.666027545928955,5.666027545928955,5.666027545928955,5.666027545928955,0.0
1987-04-08,5.731910228729248,5.863678154300597,5.731910228729248,5.731910228729248,300.0
1987-04-09,5.731911714285733,5.797795882642511,5.666027545928955,5.666027545928955,900.0
1987-04-10,5.666027545928955,5.666027545928955,5.666027545928955,5.666027545928955,0.0
1987-04-13,5.666027545928955,5.666027545928955,5.666027545928955,5.666027545928955,0.0
1987-04-14,5.666027545928955,5.731911714285733,5.666027545928955,5.666027545928955,450.0
1987-04-15,5.666027760863082,5.7319119317190985,5.534259796142578,5.534259796142578,150.0
1987-04-16,5.534259796142578,5.534259796142578,5.534259796142578,5.534259796142578,0.0
1987-04-20,5.534259796142578,5.7319119317190985,5.534259796142578,5.534259796142578,750.0
1987-04-21,5.534259796142578,5.7319119317190985,5.534259796142578,5.534259796142578,5100.0
1987-04-22,5.666027545928955,5.666027545928955,5.666027545928955,5.666027545928955,600.0
1987-04-23,5.666027545928955,5.666027545928955,5.666027545928955,5.666027545928955,0.0
1987-04-24,5.666027545928955,5.666027545928955,5.666027545928955,5.666027545928955,0.0
1987-04-27,5.666027545928955,5.666027545928955,5.666027545928955,5.666027545928955,600.0
1987-04-28,5.666027545928955,5.666027545928955,5.666027545928955,5.666027545928955,0.0
1987-04-29,5.666027545928955,5.666027545928955,5.666027545928955,5.666027545928955,0.0
1987-04-30,5.600144598653027,5.600144598653027,5.435434341430664,5.435434341430664,1650.0
1987-05-01,5.435434341430664,5.435434341430664,5.435434341430664,5.435434341430664,0.0
1987-05-04,5.468375417850137,5.666027545928955,5.468375417850137,5.666027545928955,10650.0
1987-05-05,5.666027545928955,5.666027545928955,5.666027545928955,5.666027545928955,1500.0
1987-05-06,5.863680362701416,5.863680362701416,5.863680362701416,5.863680362701416,150.0
1987-05-07,5.863678414460022,5.929562568664551,5.731910483042399,5.929562568664551,3900.0
1987-05-08,5.929562568664551,5.9954467228690795,5.797794637246928,5.929562568664551,8100.0
1987-05-11,5.797794380010632,5.797794380010632,5.731910228729248,5.731910228729248,2550.0
1987-05-12,5.863680362701416,5.863680362701416,5.863680362701416,5.863680362701416,150.0
1987-05-13,5.863680362701416,5.863680362701416,5.863680362701416,5.863680362701416,0.0
1987-05-14,5.79779577255249,5.79779577255249,5.79779577255249,5.79779577255249,1050.0
1987-05-15,5.797795905431272,5.797795905431272,5.666027568199788,5.698969841003418,4950.0
1987-05-18,5.698969841003418,5.698969841003418,5.698969841003418,5.698969841003418,0.0
1987-05-19,5.684428691864014,5.684428691864014,5.684428691864014,5.684428691864014,900.0
1987-05-20,5.684428691864014,5.684428691864014,5.684428691864014,5.684428691864014,0.0
1987-05-21,5.684429678013485,5.684429678013485,5.6183319091796875,5.6183319091796875,1950.0
1987-05-22,5.6183319091796875,5.6183319091796875,5.6183319091796875,5.6183319091796875,0.0
1987-05-26,5.6183319091796875,5.6183319091796875,5.6183319091796875,5.6183319091796875,900.0
1987-05-27,5.6183319091796875,5.684429678013485,5.6183319091796875,5.6183319091796875,2250.0
1987-05-28,5.6183319091796875,5.684429678013485,5.6183319091796875,5.6183319091796875,15150.0
1987-05-29,5.6183319091796875,5.6183319091796875,5.6183319091796875,5.6183319091796875,0.0
1987-06-01,5.618330934497027,5.8166249630296765,5.618330934497027,5.684428691864014,8100.0
1987-06-02,5.684427594269671,5.882721584514146,5.61832984966536,5.717476844787598,3450.0
1987-06-03,5.717476844787598,5.717476844787598,5.717476844787598,5.717476844787598,0.0
1987-06-04,5.816624641418457,5.882722395130785,5.816624641418457,5.816624641418457,1500.0
1987-06-05,5.816624641418457,5.816624641418457,5.816624641418457,5.816624641418457,0.0
1987-06-08,5.948820729409494,6.1471147537231445,5.948820729409494,6.1471147537231445,8100.0
1987-06-09,6.147113878292563,6.2793097496032715,6.014918006981855,6.2793097496032715,2550.0
1987-06-10,6.2793097496032715,6.2793097496032715,6.081015753529318,6.2793097496032715,3900.0
1987-06-11,6.2793097496032715,6.2793097496032715,6.2793097496032715,6.2793097496032715,750.0
1987-06-12,6.279308100333295,6.3454062077357705,6.081014156341553,6.081014156341553,10800.0
1987-06-15,6.213212966918945,6.477604372339934,6.213212966918945,6.213212966918945,750.0
1987-06-16,6.279310451975685,6.609801112758952,6.279310451975685,6.543702602386475,24600.0
1987-06-17,6.675894327786551,6.874188233689741,6.675894327786551,6.708944320678711,63900.0
1987-06-18,6.7089493811077405,6.808096408843995,6.6758993632866,6.808096408843994,2250.0
1987-06-19,6.808095095152386,6.808095095152386,6.642849576523249,6.67589807510376,2850.0
1987-06-22,6.741998672485352,6.741998672485352,6.741998672485352,6.741998672485352,6150.0
1987-06-23,6.741998672485352,6.741998672485352,6.741998672485352,6.741998672485352,1500.0
1987-06-24,6.741998672485352,6.741998672485352,6.741998672485352,6.741998672485352,2100.0
1987-06-25,6.74199826301588,6.74199826301588,6.609802722930908,6.609802722930908,750.0
1987-06-26,6.609802722930908,6.609802722930908,6.609802722930908,6.609802722930908,450.0
1987-06-29,6.609802722930908,6.74199826301588,6.609802722930908,6.609802722930908,1650.0
1987-06-30,6.609797367727116,6.741992800708428,6.609797367727116,6.708944320678711,8100.0
1987-07-01,6.70894812188602,6.74199662064061,6.543702602386475,6.543702602386475,5250.0
1987-07-02,6.543702602386475,6.543702602386475,6.543702602386475,6.543702602386475,0.0
1987-07-06,6.543702602386475,6.543702602386475,6.543702602386475,6.543702602386475,0.0
1987-07-07,6.543704593882841,6.741998672485352,6.543704593882841,6.741998672485352,2250.0
1987-07-08,6.74199662064061,6.74199662064061,6.543702602386475,6.543702602386475,1500.0
1987-07-09,6.543702602386475,6.543702602386475,6.543702602386475,6.543702602386475,600.0
1987-07-10,6.543704593882841,6.741998672485352,6.510656085070342,6.741998672485352,41250.0
1987-07-13,6.74199826301588,6.74199826301588,6.609802722930908,6.609802722930908,4950.0
1987-07-14,6.609802722930908,6.609802722930908,6.609802722930908,6.609802722930908,0.0
1987-07-15,6.543702602386475,6.543702602386475,6.543702602386475,6.543702602386475,1050.0
1987-07-16,6.543702602386475,6.543702602386475,6.543702602386475,6.543702602386475,0.0
1987-07-17,6.741998672485352,6.741998672485352,6.741998672485352,6.741998672485352,750.0
1987-07-20,6.543702602386475,6.543702602386475,6.543702602386475,6.543702602386475,1800.0
1987-07-21,6.543701457486947,6.543701457486947,6.477602958679199,6.477602958679199,7200.0
1987-07-22,6.477602958679199,6.477602958679199,6.477602958679199,6.477602958679199,0.0
1987-07-23,6.477602958679199,6.477602958679199,6.477602958679199,6.477602958679199,0.0
1987-07-24,6.279309586237238,6.279309586237238,6.014917850494385,6.014917850494385,6150.0
1987-07-27,6.081014156341553,6.081014156341553,6.081014156341553,6.081014156341553,450.0
1987-07-28,6.081014156341553,6.081014156341553,6.081014156341553,6.081014156341553,750.0
1987-07-29,5.948818683624268,5.948818683624268,5.948818683624268,5.948818683624268,300.0
1987-07-30,5.948819727450785,6.081015595322212,5.882721604407186,6.014917850494385,6600.0
1987-07-31,5.8166249630296765,5.8166249630296765,5.684428691864014,5.684428691864014,6750.0
1987-08-03,5.6183319091796875,5.6183319091796875,5.55223376212998,5.6183319091796875,6300.0
1987-08-04,5.486135005950928,5.486135005950928,5.486135005950928,5.486135005950928,2100.0
1987-08-05,5.486135615080272,5.6183319091796875,5.486135615080272,5.6183319091796875,5850.0
1987-08-06,5.6183319091796875,5.6183319091796875,5.6183319091796875,5.6183319091796875,150.0
1987-08-07,5.6183319091796875,5.6183319091796875,5.6183319091796875,5.6183319091796875,300.0
1987-08-10,5.6183319091796875,5.6183319091796875,5.486135615080272,5.6183319091796875,1950.0
1987-08-11,5.6183319091796875,5.6183319091796875,5.6183319091796875,5.6183319091796875,0.0
1987-08-12,5.61832966784438,5.61832966784438,5.552231547163372,5.585280418395996,12000.0
1987-08-13,5.684428691864014,5.684428691864014,5.684428691864014,5.684428691864014,1050.0
1987-08-14,5.684428691864014,5.684428691864014,5.684428691864014,5.684428691864014,0.0
1987-08-17,5.684425584862765,5.684425584862765,5.651376724243164,5.651376724243164,3750.0
1987-08-18,5.672607421875,5.705780438147485,5.573087993421053,5.672607421875,14100.0
1987-08-19,5.672610333855436,5.705783367156982,5.639437300553891,5.705783367156982,6000.0
1987-08-20,5.705783367156982,5.705783367156982,5.705783367156982,5.705783367156982,750.0
1987-08-21,5.672607421875,5.672607421875,5.573087993421053,5.672607421875,1050.0
1987-08-24,5.672610231340965,5.672610231340965,5.639437198638916,5.639437198638916,1950.0
1987-08-25,5.639437198638916,5.639437198638916,5.573090753598141,5.639437198638916,3750.0
1987-08-26,5.639437960967371,5.7057840353400024,5.573091506958008,5.573091506958008,1650.0
1987-08-27,5.573091506958008,5.7057840353400024,5.573091506958008,5.573091506958008,3750.0
1987-08-28,5.573089540833581,5.639435971436656,5.506743110230506,5.539916515350342,41700.0
1987-08-31,5.639437198638916,5.639437198638916,5.639437198638916,5.639437198638916,1050.0
1987-09-01,5.639437300553891,5.705783367156982,5.5067444080743355,5.705783367156982,1500.0
1987-09-02,5.705782149914959,5.772128582000732,5.506743233294244,5.772128582000732,1950.0
1987-09-03,5.77212981339676,5.77212981339676,5.705783367156982,5.705783367156982,300.0
1987-09-04,5.772128582000732,5.772128582000732,5.772128582000732,5.772128582000732,900.0
1987-09-08,5.772128582000732,5.772128582000732,5.772128582000732,5.772128582000732,1800.0
1987-09-09,5.772128582000732,5.772128582000732,5.772128582000732,5.772128582000732,0.0
1987-09-10,5.772128582000732,5.772128582000732,5.772128582000732,5.772128582000732,0.0
1987-09-11,5.639437198638916,5.639437198638916,5.639437198638916,5.639437198638916,4500.0
1987-09-14,5.639437960967371,5.7057840353400024,5.573091506958008,5.573091506958008,4800.0
1987-09-15,5.573090348142379,5.705782848933551,5.506743907928467,5.506743907928467,7800.0
1987-09-16,5.506743373903903,5.63943624146364,5.473570346832275,5.473570346832275,19650.0
1987-09-17,5.5067444080743355,5.705783367156982,5.5067444080743355,5.705783367156982,1050.0
1987-09-18,5.705783367156982,5.705783367156982,5.705783367156982,5.705783367156982,0.0
1987-09-21,5.705783367156982,5.705783367156982,5.705783367156982,5.705783367156982,0.0
1987-09-22,5.705783367156982,5.705783367156982,5.705783367156982,5.705783367156982,0.0
1987-09-23,5.705783367156982,5.705783367156982,5.5067444080743355,5.705783367156982,1950.0
1987-09-24,5.705783367156982,5.705783367156982,5.705783367156982,5.705783367156982,0.0
1987-09-25,5.705782848933551,5.705782848933551,5.506743907928467,5.506743907928467,9900.0
1987-09-28,5.573091506958008,5.573091506958008,5.573091506958008,5.573091506958008,900.0
1987-09-29,5.573091506958008,5.573091506958008,5.573091506958008,5.573091506958008,750.0
1987-09-30,5.573090854314113,5.705783367156982,5.573090854314113,5.705783367156982,4050.0
1987-10-01,8.558673858642578,8.558673858642578,8.558673858642578,8.558673858642578,0.0
1987-10-02,8.558673858642578,8.558673858642578,8.558673858642578,8.558673858642578,0.0
1987-10-05,8.558673858642578,8.558673858642578,8.558673858642578,8.558673858642578,0.0
1987-10-06,8.558673858642578,8.558673858642578,8.558673858642578,8.558673858642578,0.0
1987-10-07,5.772128582000732,5.772128582000732,5.772128582000732,5.772128582000732,300.0
1987-10-08,5.573091506958008,5.573091506958008,5.573091506958008,5.573091506958008,800.0
1987-10-09,5.573087993421053,5.9711657072368425,5.573087993421053,5.672607421875,3600.0
1987-10-12,5.672607421875,5.672607421875,5.672607421875,5.672607421875,0.0
1987-10-13,5.971169471740723,5.971169471740723,5.971169471740723,5.971169471740723,100.0
1987-10-14,5.971169471740723,5.971169471740723,5.971169471740723,5.971169471740723,300.0
1987-10-15,5.573091506958008,5.573091506958008,5.274533033370972,5.573091506958008,6200.0
1987-10-16,5.573091506958008,5.573091506958008,5.573091506958008,5.573091506958008,100.0
1987-10-19,5.374051570892334,5.374051570892334,5.175012623822247,5.374051570892334,6900.0
1987-10-20,5.374051767237046,5.374051767237046,4.776934904210708,5.075493335723877,3600.0
1987-10-21,5.075493335723877,5.075493335723877,4.776934904210708,5.075493335723877,3600.0
1987-10-22,5.075491205174872,5.075491205174872,4.677413463592529,4.677413463592529,700.0
1987-10-23,4.677413463592529,4.876452334383701,4.677413463592529,4.677413463592529,2000.0
1987-10-26,4.4783758562664655,4.4783758562664655,4.279336929321289,4.279336929321289,900.0
1987-10-27,4.27933787136543,4.478376842126614,4.080298900604248,4.080298900604248,1400.0
1987-10-28,4.279336929321289,4.279336929321289,4.279336929321289,4.279336929321289,500.0
1987-10-29,4.279336807055351,4.279336807055351,3.881258964538574,3.881258964538574,3400.0
1987-10-30,3.881258964538574,3.881258964538574,3.881258964538574,3.881258964538574,0.0
1987-11-02,3.881258964538574,3.881258964538574,3.881258964538574,3.881258964538574,0.0
1987-11-03,3.980779012044271,4.5778958638509115,3.980779012044271,4.478376388549805,6100.0
1987-11-04,4.080298900604248,4.080298900604248,4.080298900604248,4.080298900604248,3000.0
1987-11-05,4.0802978640017304,4.577895164489746,4.0802978640017304,4.577895164489746,4200.0
1987-11-06,4.577895164489746,4.577895164489746,4.577895164489746,4.577895164489746,100.0
1987-11-09,4.478376388549805,4.478376388549805,4.478376388549805,4.478376388549805,500.0
1987-11-10,4.478376042711866,4.528135776519775,4.279337107480227,4.528135776519775,5500.0
1987-11-11,4.528135776519775,4.528135776519775,4.528135776519775,4.528135776519775,0.0
1987-11-12,4.528135776519775,4.528135776519775,4.528135776519775,4.528135776519775,0.0
1987-11-13,4.52813369997086,4.627653121948242,4.3788545670047885,4.627653121948242,5200.0
1987-11-16,4.627654828808525,4.677414558150551,4.378856182098389,4.378856182098389,900.0
1987-11-17,4.37885624429454,4.577895164489746,4.2793367841969365,4.577895164489746,3500.0
1987-11-18,4.4783758562664655,4.4783758562664655,4.179817465848701,4.279336929321289,3100.0
1987-11-19,4.428615974343342,4.577895164489746,4.428615974343342,4.577895164489746,1500.0
1987-11-20,4.478376388549805,4.478376388549805,4.378856913248698,4.478376388549805,2600.0
1987-11-23,4.499574951503588,4.599565505981445,4.299593842547873,4.599565505981445,4400.0
1987-11-24,4.59956423441569,4.699554761250814,4.299592653910319,4.499573707580566,3200.0
1987-11-25,4.499573859762638,4.699554920196533,4.39958332954569,4.699554920196533,900.0
1987-11-27,4.499573042226392,4.499573042226392,4.299592018127441,4.299592018127441,5500.0
1987-11-30,4.299593842547873,4.599565505981445,4.099612733592158,4.599565505981445,5000.0
1987-12-01,4.599565505981445,4.599565505981445,4.099612733592158,4.599565505981445,12600.0
1987-12-02,4.299592018127441,4.299592018127441,4.199601506077967,4.299592018127441,2800.0
1987-12-03,4.099609851837158,4.099609851837158,4.099609851837158,4.099609851837158,300.0
1987-12-04,4.0996130484121815,4.199603610568577,4.049617767333984,4.049617767333984,4600.0
1987-12-07,4.049615998017161,4.1996017757215,3.7996397018432617,3.7996397018432617,4500.0
1987-12-08,3.899630546569824,4.199602127075195,3.899630546569824,3.899630546569824,1100.0
1987-12-09,3.9996209144592285,4.19960196018219,3.9996209144592285,3.9996209144592285,1200.0
1987-12-10,3.999621073404948,4.199602127075195,3.899630546569824,4.199602127075195,6600.0
1987-12-11,4.199602127075195,4.199602127075195,4.199602127075195,4.199602127075195,0.0
1987-12-14,4.19960196018219,4.2995924830436705,3.9996209144592285,3.9996209144592285,7000.0
1987-12-15,4.299592018127441,4.299592018127441,4.299592018127441,4.299592018127441,200.0
1987-12-16,4.326559543609619,4.427177207414494,4.1253242159998695,4.326559543609619,7200.0
1987-12-17,4.326559543609619,4.326559543609619,4.326559543609619,4.326559543609619,0.0
1987-12-18,4.326556077817591,4.326556077817591,4.125320911407471,4.125320911407471,1200.0
1987-12-21,4.125321090221405,4.225938677787781,3.722850739955902,4.024703502655029,9900.0
1987-12-22,4.024703616187686,4.22593879699707,3.924086025782994,4.22593879699707,900.0
1987-12-23,4.22593879699707,4.22593879699707,3.924086025782994,4.22593879699707,300.0
1987-12-24,4.125320911407471,4.125320911407471,4.125320911407471,4.125320911407471,1000.0
1987-12-28,4.125321090221405,4.225938677787781,3.9240859150886536,4.024703502655029,6900.0
1987-12-29,4.125320911407471,4.225938494612531,4.125320911407471,4.125320911407471,1300.0
1987-12-30,4.024703502655029,4.024703502655029,3.9240859150886536,4.024703502655029,5600.0
1987-12-31,4.024703616187686,4.22593879699707,3.924086025782994,4.22593879699707,25500.0
1988-01-04,3.9240868091583248,3.9240868091583248,3.9240868091583248,3.924086809158325,1500.0
1988-01-05,4.22593879699707,4.22593879699707,4.22593879699707,4.22593879699707,200.0
1988-01-06,4.225938677787781,4.427173852920532,4.024703502655029,4.024703502655029,5100.0
1988-01-07,4.326559543609619,4.427177207414494,4.326559543609619,4.326559543609619,1200.0
1988-01-08,4.326559543609619,4.326559543609619,4.326559543609619,4.326559543609619,0.0
1988-01-11,4.326555175342779,4.376863956451416,4.326555175342779,4.376863956451416,800.0
1988-01-12,4.376867651939392,4.427176475524902,4.225941181182861,4.427176475524902,1400.0
1988-01-13,4.22593879699707,4.22593879699707,4.22593879699707,4.22593879699707,600.0
1988-01-14,4.427176475524902,4.427176475524902,4.427176475524902,4.427176475524902,200.0
1988-01-15,4.22593879699707,4.22593879699707,4.22593879699707,4.22593879699707,1000.0
1988-01-18,4.427176475524902,4.427176475524902,4.427176475524902,4.427176475524902,1900.0
1988-01-19,4.427176475524902,4.427176475524902,4.427176475524902,4.427176475524902,0.0
1988-01-20,4.5781025886535645,4.829646686931232,4.5781025886535645,4.5781025886535645,1100.0
1988-01-21,4.5781025886535645,4.5781025886535645,4.5781025886535645,4.5781025886535645,0.0
1988-01-22,4.578103669484456,4.93026549021403,4.52779483795166,4.52779483795166,1400.0
1988-01-25,4.52779483795166,4.52779483795166,4.52779483795166,4.52779483795166,0.0
1988-01-26,4.52779483795166,4.52779483795166,4.52779483795166,4.52779483795166,0.0
1988-01-27,4.930265426635742,4.930265426635742,4.930265426635742,4.930265426635742,600.0
1988-01-28,4.930265426635742,4.930265426635742,4.930265426635742,4.930265426635742,500.0
1988-01-29,4.93026330947876,5.030880928039551,4.93026330947876,5.030880928039551,1900.0
1988-02-01,5.030883734042828,5.232119083404541,5.030883734042828,5.232119083404541,3500.0
1988-02-02,5.232119083404541,5.232119083404541,5.030883734042828,5.232119083404541,5300.0
1988-02-03,5.232118868360332,5.232118868360332,5.131501197814941,5.131501197814941,3000.0
1988-02-04,4.829645156860352,4.829645156860352,4.829645156860352,4.829645156860352,400.0
1988-02-05,4.879954500198364,5.232116165161133,4.879954500198364,5.030880928039551,2300.0
1988-02-08,5.232119083404541,5.232119083404541,5.232119083404541,5.232119083404541,1000.0
1988-02-09,5.232119083404541,5.232119083404541,5.232119083404541,5.232119083404541,0.0
1988-02-10,5.232119083404541,5.232119083404541,5.232119083404541,5.232119083404541,0.0
1988-02-11,5.030880928039551,5.030880928039551,5.030880928039551,5.030880928039551,800.0
1988-02-12,5.232119083404541,5.232119083404541,5.232119083404541,5.232119083404541,200.0
1988-02-16,5.260444164276123,5.260444164276123,5.209862970388852,5.260444164276123,4200.0
1988-02-17,4.956956386566162,4.956956386566162,4.956956386566162,4.956956386566162,600.0
1988-02-18,5.260444164276123,5.260444164276123,5.260444164276123,5.260444164276123,200.0
1988-02-19,4.956956386566162,4.956956386566162,4.956956386566162,4.956956386566162,1600.0
1988-02-22,4.956956386566162,4.956956386566162,4.956956386566162,4.956956386566162,0.0
1988-02-23,4.956956386566162,4.956956386566162,4.956956386566162,4.956956386566162,0.0
1988-02-24,4.956956386566162,4.956956386566162,4.956956386566162,4.956956386566162,0.0
1988-02-25,5.260444164276123,5.260444164276123,5.260444164276123,5.260444164276123,500.0
1988-02-26,5.007535934448242,5.007535934448242,4.95695476339321,5.007535934448242,3000.0
1988-02-29,5.260444164276123,5.260444164276123,5.260444164276123,5.260444164276123,600.0
1988-03-01,5.260444164276123,5.260444164276123,5.260444164276123,5.260444164276123,0.0
1988-03-02,4.855793476104736,4.855793476104736,4.855793476104736,4.855793476104736,1000.0
1988-03-03,4.855791778564453,5.058116436004639,4.855791778564453,5.058116436004639,4300.0
1988-03-04,5.058116436004639,5.058116436004639,5.058116436004639,5.058116436004639,2100.0
1988-03-07,5.058116436004639,5.058116436004639,5.058116436004639,5.058116436004639,0.0
1988-03-08,5.058116436004639,5.058116436004639,5.058116436004639,5.058116436004639,0.0
1988-03-09,5.058116436004639,5.058116436004639,5.058116436004639,5.058116436004639,400.0
1988-03-10,5.058116436004639,5.058116436004639,5.058116436004639,5.058116436004639,0.0
1988-03-11,5.058116436004639,5.058116436004639,4.653467121124268,5.058116436004639,800.0
1988-03-14,5.058116436004639,5.058116436004639,5.058116436004639,5.058116436004639,0.0
1988-03-15,5.058116436004639,5.058116436004639,4.855791778564453,5.058116436004639,3100.0
1988-03-16,5.058119388727041,5.260444164276123,4.8557946131779595,5.260444164276123,900.0
1988-03-17,4.855793476104736,4.855793476104736,4.855793476104736,4.855793476104736,100.0
1988-03-18,5.260444164276123,5.260444164276123,5.260444164276123,5.260444164276123,100.0
1988-03-21,4.956956386566162,4.956956386566162,4.855794011330119,4.956956386566162,2000.0
1988-03-22,5.260444164276123,5.260444164276123,5.260444164276123,5.260444164276123,200.0
1988-03-23,5.260444164276123,5.260444164276123,5.260444164276123,5.260444164276123,100.0
1988-03-24,5.260442932446797,5.260442932446797,4.855793476104736,4.855793476104736,1100.0
1988-03-25,4.855793476104736,4.855793476104736,4.855793476104736,4.855793476104736,0.0
1988-03-28,4.855793476104736,4.855793476104736,4.855793476104736,4.855793476104736,0.0
1988-03-29,5.260444164276123,5.260444164276123,5.260444164276123,5.260444164276123,200.0
1988-03-30,5.260444164276123,5.260444164276123,4.653469837628878,5.260444164276123,800.0
1988-03-31,5.260444164276123,5.260444164276123,5.260444164276123,5.260444164276123,200.0
1988-04-04,5.260444164276123,5.260444164276123,4.8557946131779595,5.260444164276123,2900.0
1988-04-05,5.260444164276123,5.260444164276123,5.260444164276123,5.260444164276123,700.0
1988-04-06,5.260444164276123,5.260444164276123,5.260444164276123,5.260444164276123,800.0
1988-04-07,5.260444164276123,5.260444164276123,5.260444164276123,5.260444164276123,200.0
1988-04-08,5.260444164276123,5.260444164276123,5.260444164276123,5.260444164276123,200.0
1988-04-11,4.653468608856201,4.653468608856201,4.653468608856201,4.653468608856201,100.0
1988-04-12,5.260444164276123,5.260444164276123,5.260444164276123,5.260444164276123,200.0
1988-04-13,5.260444164276123,5.260444164276123,5.260444164276123,5.260444164276123,800.0
1988-04-14,4.956956386566162,4.956956386566162,4.65346926085803,4.956956386566162,1300.0
1988-04-15,4.855793476104736,4.855793476104736,4.855793476104736,4.855793476104736,6200.0
1988-04-18,4.855793476104736,4.855793476104736,4.855793476104736,4.855793476104736,0.0
1988-04-19,4.855793672449448,5.26044314515357,4.653468936097388,5.159280776977539,3200.0
1988-04-20,5.159280776977539,5.159280776977539,5.159280776977539,5.159280776977539,800.0
1988-04-21,5.159280776977539,5.159280776977539,5.159280776977539,5.159280776977539,0.0
1988-04-22,5.159280776977539,5.159280776977539,5.159280776977539,5.159280776977539,0.0
1988-04-25,5.159278764724731,5.361603422164917,5.058116436004639,5.058116436004639,1300.0
1988-04-26,5.361608982086182,5.361608982086182,5.361608982086182,5.361608982086182,400.0
1988-04-27,5.260444164276123,5.260444164276123,4.8557946131779595,5.260444164276123,400.0
1988-04-28,5.260444164276123,5.260444164276123,5.260444164276123,5.260444164276123,0.0
1988-04-29,5.260440119990596,5.462764739990234,4.85579087999132,5.462764739990234,1000.0
1988-05-02,5.462764739990234,5.462764739990234,5.462764739990234,5.462764739990234,300.0
1988-05-03,4.956956386566162,4.956956386566162,4.956956386566162,4.956956386566162,600.0
1988-05-04,4.956956040625479,5.361605513329599,4.855793672449448,5.159280776977539,1500.0
1988-05-05,5.159280776977539,5.159280776977539,5.159280776977539,5.159280776977539,0.0
1988-05-06,5.1592841148376465,5.361608982086182,5.058121681213379,5.361608982086182,1400.0
1988-05-09,5.361608982086182,5.361608982086182,5.361608982086182,5.361608982086182,0.0
1988-05-10,5.361604017870767,5.665091037750244,5.05811699799129,5.665091037750244,1300.0
1988-05-11,5.2604410934448245,5.2604410934448245,5.058116436004639,5.058116436004639,1100.0
1988-05-12,5.058116436004639,5.058116436004639,5.058116436004639,5.058116436004639,100.0
1988-05-13,5.058116436004639,5.058116436004639,5.058116436004639,5.058116436004639,0.0
1988-05-16,5.058116436004639,5.058116436004639,5.058116436004639,5.058116436004639,0.0
1988-05-17,4.883138656616211,4.883138656616211,4.883138656616211,4.883138656616211,1600.0
1988-05-18,4.8831385803222656,5.086602687835693,4.8831385803222656,5.086602687835693,5700.0
1988-05-19,5.493531227111816,5.493531227111816,5.493531227111816,5.493531227111816,100.0
1988-05-20,5.49353131881127,5.49353131881127,5.086603072973398,5.290067195892334,27200.0
1988-05-23,5.290066795349121,5.290066795349121,4.9848706340789795,5.086602687835693,11100.0
1988-05-24,5.493531227111816,5.493531227111816,5.493531227111816,5.493531227111816,200.0
1988-05-25,5.391798933347067,5.391798933347067,4.883138656616211,4.883138656616211,1500.0
1988-05-26,4.883138868543837,5.493531227111816,4.883138868543837,5.493531227111816,1000.0
1988-05-27,5.493531227111816,5.493531227111816,5.493531227111816,5.493531227111816,0.0
1988-05-31,5.493531227111816,5.493531227111816,5.493531227111816,5.493531227111816,0.0
1988-06-01,4.883138656616211,4.883138656616211,4.883138656616211,4.883138656616211,500.0
1988-06-02,5.290067195892334,5.290067195892334,5.290067195892334,5.290067195892334,1400.0
1988-06-03,5.290067195892334,5.290067195892334,5.290067195892334,5.290067195892334,100.0
1988-06-06,5.391798496246338,5.391798496246338,5.391798496246338,5.391798496246338,200.0
1988-06-07,5.290067195892334,5.290067195892334,4.883138950054462,5.290067195892334,1000.0
1988-06-08,4.883138656616211,4.883138656616211,4.679674545923869,4.883138656616211,2500.0
1988-06-09,4.883138950054462,5.290067195892334,4.883138950054462,5.290067195892334,4200.0
1988-06-10,5.188333511352539,5.188333511352539,5.188333511352539,5.188333511352539,2000.0
1988-06-13,5.290067195892334,5.290067195892334,5.290067195892334,5.290067195892334,200.0
1988-06-14,5.290067195892334,5.290067195892334,5.290067195892334,5.290067195892334,0.0
1988-06-15,5.239197731018066,5.239197731018066,5.239197731018066,5.239197731018066,2000.0
1988-06-16,5.18833403684655,5.18833403684655,4.78140587709388,4.984869956970215,3200.0
1988-06-17,5.086602687835693,5.086602687835693,5.086602687835693,5.086602687835693,2700.0
1988-06-20,5.188333511352539,5.188333511352539,5.188333511352539,5.188333511352539,200.0
1988-06-21,5.086602687835693,5.086602687835693,4.8831385803222656,5.086602687835693,300.0
1988-06-22,5.086602687835693,5.086602687835693,5.086602687835693,5.086602687835693,0.0
1988-06-23,5.0866014817181755,5.188333511352539,4.883137422449448,5.188333511352539,1400.0
1988-06-24,5.188333511352539,5.188333511352539,5.188333511352539,5.188333511352539,500.0
1988-06-27,5.188333511352539,5.188333511352539,5.188333511352539,5.188333511352539,0.0
1988-06-28,5.188333511352539,5.188333511352539,5.188333511352539,5.188333511352539,0.0
1988-06-29,5.188335134432866,5.290067195892334,4.883138950054462,5.290067195892334,3100.0
1988-06-30,4.883137966724153,4.883137966724153,4.781405925750732,4.781405925750732,1200.0
1988-07-01,5.290067195892334,5.290067195892334,5.290067195892334,5.290067195892334,200.0
1988-07-05,5.290067195892334,5.290067195892334,5.290067195892334,5.290067195892334,0.0
1988-07-06,5.290067195892334,5.290067195892334,5.290067195892334,5.290067195892334,200.0
1988-07-07,5.290067195892334,5.290067195892334,5.290067195892334,5.290067195892334,200.0
1988-07-08,5.290067195892334,5.290067195892334,5.290067195892334,5.290067195892334,0.0
1988-07-11,4.984869956970215,4.984869956970215,4.78140587709388,4.984869956970215,2800.0
1988-07-12,5.290067195892334,5.290067195892334,5.290067195892334,5.290067195892334,200.0
1988-07-13,4.781405925750732,4.781405925750732,4.781405925750732,4.781405925750732,500.0
1988-07-14,5.035737042243664,5.290067195892334,5.035737042243664,5.290067195892334,500.0
1988-07-15,5.290067195892334,5.290067195892334,5.290067195892334,5.290067195892334,0.0
1988-07-18,5.2900668780008955,5.2900668780008955,4.679674545923869,4.883138656616211,2900.0
1988-07-19,4.679675102233887,4.679675102233887,4.679675102233887,4.679675102233887,700.0
1988-07-20,4.679675102233887,4.679675102233887,4.679675102233887,4.679675102233887,0.0
1988-07-21,5.086602687835693,5.086602687835693,5.086602687835693,5.086602687835693,300.0
1988-07-22,5.086602687835693,5.086602687835693,5.086602687835693,5.086602687835693,0.0
1988-07-25,4.984870711962382,4.984870711962382,4.883138656616211,4.883138656616211,900.0
1988-07-26,4.883137966724153,4.883137966724153,4.425343782343763,4.781405925750732,10100.0
1988-07-27,4.883138656616211,4.883138656616211,4.883138656616211,4.883138656616211,1400.0
1988-07-28,4.883138656616211,4.883138656616211,4.883138656616211,4.883138656616211,0.0
1988-07-29,4.883138656616211,4.883138656616211,4.883138656616211,4.883138656616211,0.0
1988-08-01,4.679675102233887,4.679675102233887,4.679675102233887,4.679675102233887,200.0
1988-08-02,4.883138656616211,4.883138656616211,4.883138656616211,4.883138656616211,500.0
1988-08-03,4.883138020833334,4.883138020833334,4.57794189453125,4.57794189453125,7000.0
1988-08-04,4.57794189453125,4.57794189453125,4.57794189453125,4.57794189453125,0.0
1988-08-05,4.883138656616211,4.883138656616211,4.883138656616211,4.883138656616211,200.0
1988-08-08,5.086602687835693,5.086602687835693,5.086602687835693,5.086602687835693,200.0
1988-08-09,5.086602687835693,5.086602687835693,5.086602687835693,5.086602687835693,200.0
1988-08-10,5.086602687835693,5.086602687835693,4.8831385803222656,5.086602687835693,9900.0
1988-08-11,5.086602687835693,5.086602687835693,5.086602687835693,5.086602687835693,0.0
1988-08-12,5.086602687835693,5.086602687835693,5.086602687835693,5.086602687835693,0.0
1988-08-15,4.57794189453125,4.57794189453125,4.57794189453125,4.57794189453125,100.0
1988-08-16,4.508270263671875,4.508270263671875,4.508270263671875,4.508270263671875,800.0
1988-08-17,5.123033046722412,5.123033046722412,5.123033046722412,5.123033046722412,1000.0
1988-08-18,5.123033046722412,5.123033046722412,5.123033046722412,5.123033046722412,200.0
1988-08-19,5.123033046722412,5.123033046722412,5.123033046722412,5.123033046722412,0.0
1988-08-22,5.123034767482592,5.3279561581818955,4.713191986083984,4.713191986083984,300.0
1988-08-23,4.713191986083984,5.3279561581818955,4.713191986083984,4.713191986083984,100.0
1988-08-24,4.9181117248535156,5.123033046722412,4.9181117248535156,5.123033046722412,4100.0
1988-08-25,5.123033046722412,5.123033046722412,5.123033046722412,5.123033046722412,0.0
1988-08-26,4.713191986083984,4.713191986083984,4.713191986083984,4.713191986083984,400.0
1988-08-29,4.9181117248535156,5.123033046722412,4.9181117248535156,5.123033046722412,1400.0
1988-08-30,5.123033046722412,5.123033046722412,5.123033046722412,5.123033046722412,0.0
1988-08-31,5.123033046722412,5.123033046722412,5.123033046722412,5.123033046722412,0.0
1988-09-01,5.123032355795101,5.225493002911003,5.020571708679199,5.020571708679199,800.0
1988-09-02,5.020571708679199,5.020571708679199,5.020571708679199,5.020571708679199,0.0
1988-09-06,4.713191986083984,4.713191986083984,4.713191986083984,4.713191986083984,600.0
1988-09-07,4.81564998626709,5.3279531762955035,4.81564998626709,4.81564998626709,400.0
1988-09-08,4.918112534743089,5.32795524597168,4.918112534743089,5.32795524597168,900.0
1988-09-09,5.327954368591309,5.327954368591309,4.9181117248535156,5.123033046722412,8100.0
1988-09-12,4.713191986083984,4.713191986083984,4.713191986083984,4.713191986083984,300.0
1988-09-13,4.918112277984619,5.123033622900644,4.918112277984619,4.918112277984619,2200.0
1988-09-14,4.918112277984619,4.918112277984619,4.918112277984619,4.918112277984619,0.0
1988-09-15,4.918111061563297,5.327953650026905,4.918111061563297,5.020571708679199,1600.0
1988-09-16,5.020571708679199,5.020571708679199,5.020571708679199,5.020571708679199,0.0
1988-09-19,5.020573212550237,5.32795524597168,4.918112534743089,5.32795524597168,1200.0
1988-09-20,5.32795524597168,5.32795524597168,4.713191179128794,5.32795524597168,4200.0
1988-09-21,5.32795524597168,5.32795524597168,5.32795524597168,5.32795524597168,0.0
1988-09-22,5.123033046722412,5.123033046722412,5.123033046722412,5.123033046722412,100.0
1988-09-23,5.123033890357384,5.32795524597168,4.815651856935941,5.32795524597168,1000.0
1988-09-26,5.020571708679199,5.020571708679199,4.815650414447395,5.020571708679199,2900.0
1988-09-27,5.020571708679199,5.020571708679199,5.020571708679199,5.020571708679199,0.0
1988-09-28,5.123033046722412,5.123033046722412,5.123033046722412,5.123033046722412,1000.0
1988-09-29,4.81564998626709,4.81564998626709,4.81564998626709,4.81564998626709,100.0
1988-09-30,4.81564998626709,4.81564998626709,4.81564998626709,4.81564998626709,0.0
1988-10-03,4.81564998626709,4.81564998626709,4.81564998626709,4.81564998626709,0.0
1988-10-04,4.918112277984619,4.918112277984619,4.918112277984619,4.918112277984619,500.0
1988-10-05,4.918112277984619,4.918112277984619,4.918112277984619,4.918112277984619,0.0
1988-10-06,5.32795524597168,5.32795524597168,5.32795524597168,5.32795524597168,100.0
1988-10-07,4.81564998626709,4.81564998626709,4.81564998626709,4.81564998626709,500.0
1988-10-10,4.81564998626709,4.81564998626709,4.81564998626709,4.81564998626709,0.0
1988-10-11,5.123033046722412,5.123033046722412,5.123033046722412,5.123033046722412,500.0
1988-10-12,5.123033046722412,5.123033046722412,5.123033046722412,5.123033046722412,0.0
1988-10-13,4.918112277984619,4.918112277984619,4.918112277984619,4.918112277984619,600.0
1988-10-14,4.918112277984619,4.918112277984619,4.918112277984619,4.918112277984619,0.0
1988-10-17,4.918112277984619,4.918112277984619,4.918112277984619,4.918112277984619,0.0
1988-10-18,4.81564998626709,4.81564998626709,4.81564998626709,4.81564998626709,200.0
1988-10-19,5.020571708679199,5.020571708679199,5.020571708679199,5.020571708679199,600.0
1988-10-20,5.020571708679199,5.020571708679199,5.020571708679199,5.020571708679199,0.0
1988-10-21,5.020571708679199,5.020571708679199,5.020571708679199,5.020571708679199,0.0
1988-10-24,5.020571708679199,5.020571708679199,5.020571708679199,5.020571708679199,0.0
1988-10-25,5.020571262278455,5.123031900284138,4.81564998626709,4.81564998626709,1500.0
1988-10-26,4.81564998626709,5.020571262278455,4.81564998626709,4.81564998626709,2000.0
1988-10-27,4.81564998626709,4.81564998626709,4.81564998626709,4.81564998626709,0.0
1988-10-28,4.815651605526606,5.123033622900644,4.815651605526606,4.918112277984619,2500.0
1988-10-31,4.918112277984619,4.918112277984619,4.918112277984619,4.918112277984619,0.0
1988-11-01,4.918112277984619,4.918112277984619,4.918112277984619,4.918112277984619,0.0
1988-11-02,4.918112277984619,4.918112277984619,4.918112277984619,4.918112277984619,0.0
1988-11-03,5.32795524597168,5.32795524597168,5.32795524597168,5.32795524597168,500.0
1988-11-04,5.32795524597168,5.32795524597168,5.32795524597168,5.32795524597168,0.0
1988-11-07,5.32795524597168,5.32795524597168,5.32795524597168,5.32795524597168,0.0
1988-11-08,5.32795524597168,5.32795524597168,5.32795524597168,5.32795524597168,0.0
1988-11-09,5.32795524597168,5.32795524597168,5.32795524597168,5.32795524597168,0.0
1988-11-10,5.32795524597168,5.32795524597168,5.32795524597168,5.32795524597168,0.0
1988-11-11,5.32795524597168,5.32795524597168,5.32795524597168,5.32795524597168,0.0
1988-11-14,5.32795524597168,5.32795524597168,5.32795524597168,5.32795524597168,0.0
1988-11-15,5.225494295358658,5.225494295358658,4.713190933068593,4.918112277984619,2200.0
1988-11-16,4.918112277984619,4.918112277984619,4.6107302606105804,4.918112277984619,6000.0
1988-11-17,4.918113376783288,5.225495462832244,4.713191986083984,4.713191986083984,5600.0
1988-11-18,4.713187609220806,4.866878509521484,4.713187609220806,4.866878509521484,2000.0
1988-11-21,4.713191986083984,4.713191986083984,4.713191986083984,4.713191986083984,3000.0
1988-11-22,4.713191986083984,4.866883029108463,4.713191986083984,4.713191986083984,8600.0
1988-11-23,4.713191986083984,4.713191986083984,4.713191986083984,4.713191986083984,0.0
1988-11-25,4.713191986083984,4.713191986083984,4.713191986083984,4.713191986083984,0.0
1988-11-28,4.866878509521484,4.866878509521484,4.866878509521484,4.866878509521484,1000.0
1988-11-29,5.123033046722412,5.123033046722412,5.123033046722412,5.123033046722412,300.0
1988-11-30,5.123033046722412,5.123033046722412,5.123033046722412,5.123033046722412,0.0
1988-12-01,5.123033831196447,5.123033831196447,4.661960786388766,4.764421463012695,3100.0
1988-12-02,4.610729217529297,4.610729217529297,4.610729217529297,4.610729217529297,200.0
1988-12-05,4.610729217529297,4.610729217529297,4.610729217529297,4.610729217529297,700.0
1988-12-06,4.918112277984619,4.918112277984619,4.918112277984619,4.918112277984619,200.0
1988-12-07,4.508270263671875,4.508270263671875,4.508270263671875,4.508270263671875,500.0
1988-12-08,4.405807971954346,4.405807971954346,4.405807971954346,4.405807971954346,100.0
1988-12-09,4.559498310089111,4.559498310089111,4.559498310089111,4.559498310089111,200.0
1988-12-12,4.713191986083984,4.713191986083984,4.713191986083984,4.713191986083984,200.0
1988-12-13,4.303346633911133,4.303346633911133,4.303346633911133,4.303346633911133,900.0
1988-12-14,4.303348888050426,4.508270263671875,4.303348888050426,4.508270263671875,2800.0
1988-12-15,4.508270263671875,4.713191639293323,4.098427512428977,4.508270263671875,10600.0
1988-12-16,4.334872722625732,4.334872722625732,4.334872722625732,4.334872722625732,1600.0
1988-12-19,4.334872722625732,4.334872722625732,4.334872722625732,4.334872722625732,0.0
1988-12-20,4.3348735809326175,4.64450740814209,4.3348735809326175,4.64450740814209,500.0
1988-12-21,4.334872722625732,4.334872722625732,4.334872722625732,4.334872722625732,400.0
1988-12-22,4.747721195220947,4.747721195220947,4.747721195220947,4.747721195220947,900.0
1988-12-23,4.5412983894348145,4.5412983894348145,4.5412983894348145,4.5412983894348145,700.0
1988-12-27,4.64450740814209,4.64450740814209,4.64450740814209,4.64450740814209,200.0
1988-12-28,4.64450648852757,4.747717743828183,4.334872722625732,4.334872722625732,300.0
1988-12-29,4.334872722625732,4.334872722625732,4.334872722625732,4.334872722625732,700.0
1988-12-30,4.334873332533725,4.747718411822651,4.334873332533725,4.438084602355957,4200.0
1989-01-03,4.438083977926345,4.541295233226958,4.334872722625732,4.334872722625732,900.0
1989-01-04,4.334872722625732,4.334872722625732,4.334872722625732,4.334872722625732,0.0
1989-01-05,4.334872722625732,4.334872722625732,4.334872722625732,4.334872722625732,300.0
1989-01-06,4.747721195220947,4.747721195220947,4.747721195220947,4.747721195220947,300.0
1989-01-09,4.747721195220947,4.747721195220947,4.747721195220947,4.747721195220947,200.0
1989-01-10,4.5412983894348145,4.5412983894348145,4.334875735369596,4.5412983894348145,1900.0
1989-01-11,4.747721195220947,4.747721195220947,4.747721195220947,4.747721195220947,600.0
1989-01-12,4.747721195220947,4.747721195220947,4.747721195220947,4.747721195220947,0.0
1989-01-13,4.747718683878581,4.747718683878581,4.438084856669108,4.64450740814209,14200.0
1989-01-16,4.64450740814209,4.64450740814209,4.64450740814209,4.64450740814209,0.0
1989-01-17,4.747721195220947,4.747721195220947,4.747721195220947,4.747721195220947,100.0
1989-01-18,4.747721195220947,4.747721195220947,4.747721195220947,4.747721195220947,400.0
1989-01-19,4.438084602355957,4.438084602355957,4.438084602355957,4.438084602355957,100.0
1989-01-20,4.438084602355957,4.438084602355957,4.438084602355957,4.438084602355957,0.0
1989-01-23,4.438084602355957,4.438084602355957,4.438084602355957,4.438084602355957,0.0
1989-01-24,4.438084602355957,4.438084602355957,4.438084602355957,4.438084602355957,0.0
1989-01-25,4.438084602355957,4.438084602355957,4.438084602355957,4.438084602355957,0.0
1989-01-26,4.5412983894348145,4.850932370532643,4.5412983894348145,4.5412983894348145,2900.0
1989-01-27,4.644507651633405,4.850930213928223,4.644507651633405,4.850930213928223,2900.0
1989-01-30,4.850930213928223,4.850930213928223,4.850930213928223,4.850930213928223,0.0
1989-01-31,4.850930213928223,4.850930213928223,4.850930213928223,4.850930213928223,0.0
1989-02-01,4.850932525551837,4.850932525551837,4.541298534559167,4.747721195220947,3900.0
1989-02-02,4.5412983894348145,4.5412983894348145,4.5412983894348145,4.5412983894348145,400.0
1989-02-03,4.5412983894348145,4.5412983894348145,4.5412983894348145,4.5412983894348145,0.0
1989-02-06,4.5412983894348145,4.5412983894348145,4.5412983894348145,4.5412983894348145,0.0
1989-02-07,4.541296370485996,4.850930213928223,4.541296370485996,4.850930213928223,200.0
1989-02-08,4.747718748155531,4.747718748155531,4.438084916754083,4.696113109588623,6200.0
1989-02-09,4.850930213928223,4.850930213928223,4.850930213928223,4.850930213928223,400.0
1989-02-10,4.850930213928223,4.850930213928223,4.850930213928223,4.850930213928223,0.0
1989-02-13,4.850930213928223,4.850930213928223,4.850930213928223,4.850930213928223,0.0
1989-02-14,4.850930213928223,4.850930213928223,4.850930213928223,4.850930213928223,0.0
1989-02-15,4.5412983894348145,4.5412983894348145,4.5412983894348145,4.5412983894348145,800.0
1989-02-16,4.850930213928223,4.850930213928223,4.850930213928223,4.850930213928223,2300.0
1989-02-17,4.850930213928223,4.850930213928223,4.850930213928223,4.850930213928223,500.0
1989-02-21,4.799326860386392,4.799326860386392,4.541298534559167,4.747721195220947,3000.0
1989-02-22,4.696113109588623,4.696113109588623,4.438084916754083,4.696113109588623,19100.0
1989-02-23,4.696113109588623,4.696113109588623,4.696113109588623,4.696113109588623,0.0
1989-02-24,4.696113109588623,4.696113109588623,4.696113109588623,4.696113109588623,0.0
1989-02-27,4.696113109588623,4.696113109588623,4.696113109588623,4.696113109588623,0.0
1989-02-28,4.850930213928223,4.850930213928223,4.850930213928223,4.850930213928223,400.0
1989-03-01,4.850932370532643,4.850932370532643,4.5412983894348145,4.5412983894348145,200.0
1989-03-02,4.5412983894348145,4.5412983894348145,4.5412983894348145,4.5412983894348145,100.0
1989-03-03,4.541298534559167,4.747721195220947,4.541298534559167,4.747721195220947,2000.0
1989-03-06,4.5412983894348145,4.5412983894348145,4.5412983894348145,4.5412983894348145,100.0
1989-03-07,4.5412983894348145,4.5412983894348145,4.5412983894348145,4.5412983894348145,0.0
1989-03-08,4.541298534559167,4.850932525551837,4.541298534559167,4.747721195220947,7500.0
1989-03-09,4.696113109588623,4.696113109588623,4.696113109588623,4.696113109588623,100.0
1989-03-10,4.696113292207109,4.850930213928223,4.541296370485996,4.850930213928223,500.0
1989-03-13,4.5412983894348145,4.5412983894348145,4.5412983894348145,4.5412983894348145,500.0
1989-03-14,4.7825026512146,4.834486375684324,4.7825026512146,4.7825026512146,900.0
1989-03-15,4.886469841003418,4.886469841003418,4.886469841003418,4.886469841003418,100.0
1989-03-16,4.5745673179626465,4.5745673179626465,4.5745673179626465,4.5745673179626465,4200.0
1989-03-17,4.5745652092827696,4.678532600402832,4.366630427042644,4.678532600402832,21000.0
1989-03-20,4.678532600402832,4.678532600402832,4.678532600402832,4.678532600402832,0.0
1989-03-21,4.678534954152209,4.886469841003418,4.574567510726604,4.886469841003418,1600.0
1989-03-22,4.886469841003418,4.886469841003418,4.886469841003418,4.886469841003418,200.0
1989-03-23,4.886469841003418,4.886469841003418,4.886469841003418,4.886469841003418,200.0
1989-03-27,4.886469841003418,4.886469841003418,4.886469841003418,4.886469841003418,0.0
1989-03-28,4.886469841003418,4.886469841003418,4.886469841003418,4.886469841003418,400.0
1989-03-29,4.47059965133667,4.47059965133667,4.47059965133667,4.47059965133667,300.0
1989-03-30,4.47059965133667,4.47059965133667,4.47059965133667,4.47059965133667,0.0
1989-03-31,4.47059965133667,4.47059965133667,4.47059965133667,4.47059965133667,0.0
1989-04-03,4.4705998789180414,4.5745673179626465,4.3666324398734355,4.5745673179626465,2000.0
1989-04-04,4.5745673179626465,4.5745673179626465,4.5745673179626465,4.5745673179626465,0.0
1989-04-05,4.5745673179626465,4.5745673179626465,4.5745673179626465,4.5745673179626465,0.0
1989-04-06,4.886469841003418,4.886469841003418,4.886469841003418,4.886469841003418,100.0
1989-04-07,4.262664318084717,4.262664318084717,4.262664318084717,4.262664318084717,1400.0
1989-04-10,4.26266500082883,4.5745673179626465,4.26266500082883,4.5745673179626465,1700.0
1989-04-11,4.574567510726604,4.886469841003418,4.26266518044979,4.886469841003418,200.0
1989-04-12,4.886469841003418,4.886469841003418,4.886469841003418,4.886469841003418,0.0
1989-04-13,4.834485669468724,4.834485669468724,4.47059965133667,4.47059965133667,700.0
1989-04-14,4.47059965133667,4.47059965133667,4.47059965133667,4.47059965133667,0.0
1989-04-17,4.470598900318146,4.678533732891083,4.15869665145874,4.15869665145874,2400.0
1989-04-18,4.262664318084717,4.470599162869337,4.262664318084717,4.262664318084717,4200.0
1989-04-19,4.26266362553551,4.470598436537243,4.26266362553551,4.366631031036377,1900.0
1989-04-20,4.262664318084717,4.262664318084717,4.262664318084717,4.262664318084717,700.0
1989-04-21,4.47059965133667,4.47059965133667,4.47059965133667,4.47059965133667,2000.0
1989-04-24,4.47059965133667,4.47059965133667,4.47059965133667,4.47059965133667,0.0
1989-04-25,4.470600304396256,4.7825026512146,4.366632855456809,4.7825026512146,600.0
1989-04-26,4.7825026512146,4.7825026512146,4.7825026512146,4.7825026512146,400.0
1989-04-27,4.678533247538975,4.678533247538975,4.366631031036377,4.366631031036377,1400.0
1989-04-28,4.366631031036377,4.366631031036377,4.366631031036377,4.366631031036377,0.0
1989-05-01,4.366631031036377,4.366631031036377,4.366631031036377,4.366631031036377,0.0
1989-05-02,4.366631031036377,4.366631031036377,4.366631031036377,4.366631031036377,0.0
1989-05-03,4.366631031036377,4.366631031036377,4.366631031036377,4.366631031036377,0.0
1989-05-04,4.678532600402832,4.678532600402832,4.678532600402832,4.678532600402832,800.0
1989-05-05,4.366631031036377,4.366631031036377,4.366631031036377,4.366631031036377,1000.0
1989-05-08,4.366631031036377,4.366631031036377,4.366631031036377,4.366631031036377,0.0
1989-05-09,4.366631031036377,4.366631031036377,4.366631031036377,4.366631031036377,0.0
1989-05-10,4.47059965133667,4.47059965133667,4.47059965133667,4.47059965133667,100.0
1989-05-11,4.47059965133667,4.47059965133667,4.47059965133667,4.47059965133667,0.0
1989-05-12,4.4705998789180414,4.5745673179626465,4.3666324398734355,4.5745673179626465,200.0
1989-05-15,4.5745673179626465,4.5745673179626465,4.5745673179626465,4.5745673179626465,6000.0
1989-05-16,4.574565842038109,4.678533247538975,4.366631031036377,4.366631031036377,2800.0
1989-05-17,4.366632217584654,4.5745670850886855,4.262664783832639,4.47059965133667,10300.0
1989-05-18,4.47059965133667,4.47059965133667,4.47059965133667,4.47059965133667,1400.0
1989-05-19,4.47059965133667,4.47059965133667,4.262664783832639,4.47059965133667,2200.0
1989-05-22,4.47059965133667,4.47059965133667,4.47059965133667,4.47059965133667,1000.0
1989-05-23,4.47059965133667,4.47059965133667,4.47059965133667,4.47059965133667,0.0
1989-05-24,4.5745673179626465,4.5745673179626465,4.5745673179626465,4.5745673179626465,500.0
1989-05-25,4.366631031036377,4.366631031036377,4.366631031036377,4.366631031036377,1500.0
1989-05-26,4.3666324398734355,4.5745673179626465,4.3666324398734355,4.5745673179626465,1700.0
1989-05-30,4.5745673179626465,4.5745673179626465,4.5745673179626465,4.5745673179626465,0.0
1989-05-31,4.5745673179626465,4.5745673179626465,4.5745673179626465,4.5745673179626465,400.0
1989-06-01,4.5745673179626465,4.5745673179626465,4.4705998789180414,4.5745673179626465,2500.0
1989-06-02,4.5745670850886855,4.990436820096748,4.47059965133667,4.47059965133667,5000.0
1989-06-05,4.5745673179626465,4.7825021960518574,4.5745673179626465,4.5745673179626465,20700.0
1989-06-06,4.5745673179626465,4.5745673179626465,4.5745673179626465,4.5745673179626465,2300.0
1989-06-07,4.5745673179626465,4.5745673179626465,4.5745673179626465,4.5745673179626465,0.0
1989-06-08,4.5745673179626465,4.886469635096463,4.5745673179626465,4.5745673179626465,2800.0
1989-06-09,4.5745673179626465,4.5745673179626465,4.5745673179626465,4.5745673179626465,0.0
1989-06-12,4.574566404024759,4.99043607711792,4.574566404024759,4.99043607711792,2900.0
1989-06-13,4.99043607711792,4.99043607711792,4.99043607711792,4.99043607711792,0.0
1989-06-14,4.919264316558838,4.919264316558838,4.60526872188487,4.919264316558838,3000.0
1989-06-15,4.500603675842285,4.500603675842285,4.500603675842285,4.500603675842285,200.0
1989-06-16,4.500603675842285,4.500603675842285,4.500603675842285,4.500603675842285,500.0
1989-06-19,4.500603169202805,5.023929119110107,4.500603169202805,5.023929119110107,1600.0
1989-06-20,4.500603675842285,4.500603675842285,4.500603675842285,4.500603675842285,400.0
1989-06-21,4.500603675842285,4.500603675842285,4.500603675842285,4.500603675842285,0.0
1989-06-22,4.605268359184265,5.023929119110107,4.605268359184265,5.023929119110107,1600.0
1989-06-23,5.023929119110107,5.023929119110107,5.023929119110107,5.023929119110107,200.0
1989-06-26,5.023929119110107,5.023929119110107,5.023929119110107,5.023929119110107,100.0
1989-06-27,5.023929119110107,5.023929119110107,5.023929119110107,5.023929119110107,100.0
1989-06-28,5.023930425229279,5.023930425229279,4.814599990844727,4.814599990844727,3100.0
1989-06-29,4.814599990844727,4.919265208037003,4.605269556460173,4.814599990844727,23200.0
1989-06-30,4.919264316558838,4.919264316558838,4.919264316558838,4.919264316558838,200.0
1989-07-03,4.919264316558838,4.919264316558838,4.919264316558838,4.919264316558838,0.0
1989-07-05,5.023929119110107,5.023929119110107,5.023929119110107,5.023929119110107,200.0
1989-07-06,5.023929119110107,5.023929119110107,5.023929119110107,5.023929119110107,200.0
1989-07-07,5.023926905581826,5.023926905581826,4.971594333648682,4.971594333648682,300.0
1989-07-10,4.971594333648682,4.971594333648682,4.971594333648682,4.971594333648682,0.0
1989-07-11,4.971594333648682,4.971594333648682,4.971594333648682,4.971594333648682,0.0
1989-07-12,4.605268955230713,4.605268955230713,4.605268955230713,4.605268955230713,1200.0
1989-07-13,4.971594333648682,4.971594333648682,4.971594333648682,4.971594333648682,1000.0
1989-07-14,4.814599990844727,4.814599990844727,4.605269556460173,4.814599990844727,6000.0
1989-07-17,4.814599990844727,4.814599990844727,4.814599990844727,4.814599990844727,0.0
1989-07-18,4.814599118334182,4.919264316558838,4.60526872188487,4.919264316558838,2900.0
1989-07-19,4.919264316558838,4.919264316558838,4.919264316558838,4.919264316558838,200.0
1989-07-20,4.9192645658146255,5.023929769342596,4.605268955230713,4.605268955230713,700.0
1989-07-21,4.605268955230713,4.605268955230713,4.605268955230713,4.605268955230713,500.0
1989-07-24,4.605268955230713,4.605268955230713,4.605268955230713,4.605268955230713,400.0
1989-07-25,4.605268955230713,4.605268955230713,4.605268955230713,4.605268955230713,300.0
1989-07-26,4.814599990844727,4.971597816633142,4.814599990844727,4.814599990844727,4300.0
1989-07-27,4.814598739147186,5.023929119110107,4.605268359184265,5.023929119110107,2500.0
1989-07-28,5.023929119110107,5.023929119110107,5.023929119110107,5.023929119110107,0.0
1989-07-31,4.605268955230713,4.605268955230713,4.605268955230713,4.605268955230713,2000.0
1989-08-01,5.023929119110107,5.023929119110107,5.023929119110107,5.023929119110107,100.0
1989-08-02,4.814599990844727,4.814599990844727,4.605269556460173,4.814599990844727,3600.0
1989-08-03,5.023929119110107,5.023929119110107,5.023929119110107,5.023929119110107,300.0
1989-08-04,5.023929119110107,5.023929119110107,5.023929119110107,5.023929119110107,0.0
1989-08-07,5.023929119110107,5.023929119110107,5.023929119110107,5.023929119110107,0.0
1989-08-08,4.919264316558838,4.919264316558838,4.919264316558838,4.919264316558838,400.0
1989-08-09,4.709932804107666,4.709932804107666,4.605267630683051,4.709932804107666,3500.0
1989-08-10,4.709934158758684,5.023929769342596,4.605268955230713,4.605268955230713,500.0
1989-08-11,4.814599990844727,4.814599990844727,4.814599990844727,4.814599990844727,500.0
1989-08-14,4.814599362286654,5.023929769342596,4.605268955230713,4.605268955230713,700.0
1989-08-15,4.605268955230713,4.605268955230713,4.605268955230713,4.605268955230713,0.0
1989-08-16,4.605268955230713,4.605268955230713,4.605268955230713,4.605268955230713,0.0
1989-08-17,4.919264316558838,4.919264316558838,4.919264316558838,4.919264316558838,1500.0
1989-08-18,4.919264316558838,4.919264316558838,4.919264316558838,4.919264316558838,0.0
1989-08-21,4.919264316558838,4.919264316558838,4.919264316558838,4.919264316558838,0.0
1989-08-22,4.919264316558838,4.919264316558838,4.919264316558838,4.919264316558838,0.0
1989-08-23,4.605268955230713,4.605268955230713,4.605268955230713,4.605268955230713,500.0
1989-08-24,4.605268955230713,4.605268955230713,4.605268955230713,4.605268955230713,0.0
1989-08-25,4.605268955230713,4.605268955230713,4.605268955230713,4.605268955230713,0.0
1989-08-28,4.605268955230713,4.605268955230713,4.605268955230713,4.605268955230713,0.0
1989-08-29,4.605268955230713,4.605268955230713,4.605268955230713,4.605268955230713,0.0
1989-08-30,4.605267630683051,4.709932804107666,4.605267630683051,4.709932804107666,2200.0
1989-08-31,4.709932804107666,4.709932804107666,4.709932804107666,4.709932804107666,0.0
1989-09-01,4.709932804107666,4.709932804107666,4.709932804107666,4.709932804107666,0.0
1989-09-05,4.709932804107666,4.709932804107666,4.709932804107666,4.709932804107666,0.0
1989-09-06,4.709932804107666,4.709932804107666,4.709932804107666,4.709932804107666,0.0
1989-09-07,4.70993167751438,4.814596825903588,4.6052665291251715,4.762264251708984,7100.0
1989-09-08,4.709932804107666,4.709932804107666,4.709932804107666,4.709932804107666,4000.0
1989-09-11,4.709932804107666,4.709932804107666,4.709932804107666,4.709932804107666,0.0
1989-09-12,4.605268955230713,4.605268955230713,4.605268955230713,4.605268955230713,1900.0
1989-09-13,4.186607360839844,4.186607360839844,4.186607360839844,4.186607360839844,500.0
1989-09-14,4.224628448486328,4.224628448486328,4.224628448486328,4.224628448486328,0.0
1989-09-15,4.224628448486328,4.224628448486328,4.224628448486328,4.224628448486328,0.0
1989-09-18,4.541477680206299,4.541477680206299,4.541477680206299,4.541477680206299,1000.0
1989-09-19,4.33024263381958,4.33024263381958,4.33024263381958,4.33024263381958,3000.0
1989-09-20,4.330246160196704,4.647093440211097,4.224630400191906,4.541477680206299,2400.0
1989-09-21,4.5414770733226435,4.647092819213867,4.224629835648971,4.647092819213867,1000.0
1989-09-22,4.647092819213867,4.647092819213867,4.647092819213867,4.647092819213867,1300.0
1989-09-25,4.647092819213867,4.647092819213867,4.647092819213867,4.647092819213867,0.0
1989-09-26,4.435858249664307,4.435858249664307,4.2246269044421965,4.435858249664307,5500.0
1989-09-27,4.435858249664307,4.435858249664307,4.435858249664307,4.435858249664307,0.0
1989-09-28,4.435858249664307,4.435858249664307,4.435858249664307,4.435858249664307,900.0
1989-09-29,4.330244259956555,4.330244259956555,4.119012832641602,4.119012832641602,1100.0
1989-10-02,4.33024263381958,4.33024263381958,4.33024263381958,4.33024263381958,500.0
1989-10-03,3.907780408859253,3.907780408859253,3.907780408859253,3.907780408859253,3000.0
1989-10-04,3.9077813148498537,4.224628448486328,3.8021656036376954,4.224628448486328,1500.0
1989-10-05,4.224628448486328,4.224628448486328,4.224628448486328,4.224628448486328,2100.0
1989-10-06,4.013397693634033,4.013397693634033,3.802166236074347,4.013397693634033,4400.0
1989-10-09,4.013397693634033,4.013397693634033,4.013397693634033,4.013397693634033,0.0
1989-10-10,4.013397693634033,4.013397693634033,4.013397693634033,4.013397693634033,0.0
1989-10-11,4.119012832641602,4.119012832641602,4.119012832641602,4.119012832641602,500.0
1989-10-12,3.7493579387664795,3.7493579387664795,3.7493579387664795,3.7493579387664795,1200.0
1989-10-13,3.696551561355591,3.696551561355591,3.696551561355591,3.696551561355591,100.0
1989-10-16,3.696550507294504,4.013397693634033,3.590934778514661,4.013397693634033,500.0
1989-10-17,4.013397693634033,4.013397693634033,4.013397693634033,4.013397693634033,0.0
1989-10-18,4.013397693634033,4.013397693634033,4.013397693634033,4.013397693634033,0.0
1989-10-19,4.013397693634033,4.013397693634033,4.013397693634033,4.013397693634033,0.0
1989-10-20,4.224628448486328,4.224628448486328,4.224628448486328,4.224628448486328,100.0
1989-10-23,4.224628448486328,4.224628448486328,4.224628448486328,4.224628448486328,600.0
1989-10-24,4.224628448486328,4.224628448486328,4.224628448486328,4.224628448486328,0.0
1989-10-25,4.224628448486328,4.224628448486328,4.224628448486328,4.224628448486328,0.0
1989-10-26,4.224628448486328,4.224628448486328,4.224628448486328,4.224628448486328,100.0
1989-10-27,4.224628448486328,4.224628448486328,4.224628448486328,4.224628448486328,0.0
1989-10-30,4.224628448486328,4.224628448486328,4.224628448486328,4.224628448486328,0.0
1989-10-31,4.224628448486328,4.224628448486328,4.224628448486328,4.224628448486328,0.0
1989-11-01,3.8021633625030518,3.8021633625030518,3.6965477135446334,3.8021633625030518,3000.0
1989-11-02,3.8021633625030518,3.8021633625030518,3.8021633625030518,3.8021633625030518,0.0
1989-11-03,3.8021633625030518,3.8021633625030518,3.8021633625030518,3.8021633625030518,0.0
1989-11-06,3.802164722133327,3.907780408859253,3.5909333486814754,3.907780408859253,2800.0
1989-11-07,3.8021665919910776,3.8021665919910776,3.3797036373254024,3.4853193759918213,3500.0
1989-11-08,3.27408766746521,3.27408766746521,3.27408766746521,3.27408766746521,600.0
1989-11-09,3.590935230255127,3.8021667143877815,3.590935230255127,3.590935230255127,1500.0
1989-11-10,3.590935230255127,3.590935230255127,3.590935230255127,3.590935230255127,0.0
1989-11-13,3.590935230255127,3.590935230255127,3.590935230255127,3.590935230255127,0.0
1989-11-14,3.5909351146582402,3.5909351146582402,3.2740878986589834,3.4853193759918213,800.0
1989-11-15,3.4853193759918213,3.4853193759918213,3.4853193759918213,3.4853193759918213,0.0
1989-11-16,3.4853193759918213,3.4853193759918213,3.3797036373254024,3.4853193759918213,4200.0
1989-11-17,3.4853200435638425,3.696551561355591,3.3797042846679686,3.696551561355591,400.0
1989-11-20,3.590935230255127,3.590935230255127,3.590935230255127,3.590935230255127,2000.0
1989-11-21,3.538125991821289,3.538125991821289,3.379702439948694,3.538125991821289,4200.0
1989-11-22,3.3797032833099365,3.3797032833099365,3.3797032833099365,3.3797032833099365,1000.0
1989-11-24,3.3797032833099365,3.3797032833099365,3.3797032833099365,3.3797032833099365,0.0
1989-11-27,3.3797032833099365,3.53812687471509,3.3797032833099365,3.3797032833099365,400.0
1989-11-28,3.3797032833099365,3.3797032833099365,3.3797032833099365,3.3797032833099365,0.0
1989-11-29,3.3797032833099365,3.3797032833099365,3.3797032833099365,3.3797032833099365,0.0
1989-11-30,3.3797032833099365,3.53812687471509,3.3797032833099365,3.3797032833099365,7100.0
1989-12-01,3.3797032833099365,3.485319010913372,3.3797032833099365,3.3797032833099365,1400.0
1989-12-04,3.3797032833099365,3.3797032833099365,3.3797032833099365,3.3797032833099365,0.0
1989-12-05,3.3797032833099365,3.3797032833099365,3.3797032833099365,3.3797032833099365,0.0
1989-12-06,3.3797032833099365,3.3797032833099365,3.3797032833099365,3.3797032833099365,300.0
1989-12-07,3.3797036373254024,3.5381272453250308,3.3797036373254024,3.4853193759918213,12000.0
1989-12-08,3.432511329650879,3.432511329650879,3.432511329650879,3.432511329650879,1100.0
1989-12-11,3.432511506658612,3.5381272453250308,3.432511506658612,3.4853193759918213,3900.0
1989-12-12,3.4853193759918213,3.4853193759918213,3.4853193759918213,3.4853193759918213,1000.0
1989-12-13,3.4853193759918213,3.4853193759918213,3.4853193759918213,3.4853193759918213,100.0
1989-12-14,3.4853193759918213,3.4853193759918213,3.4853193759918213,3.4853193759918213,0.0
1989-12-15,3.4853193759918213,3.4853193759918213,3.4853193759918213,3.4853193759918213,200.0
1989-12-18,3.523761054447719,3.7373223304748535,3.523761054447719,3.7373223304748535,4100.0
1989-12-19,3.7373223304748535,3.7373223304748535,3.523761054447719,3.7373223304748535,2000.0
1989-12-20,3.7373223304748535,3.7373223304748535,3.7373223304748535,3.7373223304748535,0.0
1989-12-21,3.7373223304748535,3.7373223304748535,3.7373223304748535,3.7373223304748535,0.0
1989-12-22,3.523758888244629,3.523758888244629,3.523758888244629,3.523758888244629,400.0
1989-12-26,3.523761054447719,3.7373223304748535,3.523761054447719,3.7373223304748535,9400.0
1989-12-27,3.790708541870117,3.790708541870117,3.790708541870117,3.790708541870117,500.0
1989-12-28,3.7373200329867275,3.7373200329867275,3.4169783158735796,3.523758888244629,7600.0
1989-12-29,3.523759234336115,3.523759234336115,3.2034174857601045,3.3101980686187744,6300.0
1990-01-02,3.3101990082684685,3.6305408477783203,3.3101990082684685,3.6305408477783203,2900.0
1990-01-03,3.6305391126208835,3.8441002368927,3.523758550484975,3.8441002368927,1400.0
1990-01-04,3.8441002368927,3.8441002368927,3.8441002368927,3.8441002368927,0.0
1990-01-05,3.8441002368927,3.8441002368927,3.8441002368927,3.8441002368927,0.0
1990-01-08,3.523758888244629,3.523758888244629,3.523758888244629,3.523758888244629,1300.0
1990-01-09,3.523758888244629,3.523758888244629,3.523758888244629,3.523758888244629,100.0
1990-01-10,3.5237602346083694,3.6305408477783203,3.416979621438419,3.6305408477783203,12700.0
1990-01-11,3.4169809818267822,3.4169809818267822,3.4169809818267822,3.4169809818267822,1000.0
1990-01-12,3.4169809818267822,3.4169809818267822,3.4169809818267822,3.4169809818267822,0.0
1990-01-15,3.4169809818267822,3.4169809818267822,3.4169809818267822,3.4169809818267822,0.0
1990-01-16,3.41697998046875,3.5237606048583987,3.203418731689453,3.203418731689453,13500.0
1990-01-17,3.3102003261446953,3.4169809818267822,3.3102003261446953,3.4169809818267822,8000.0
1990-01-18,3.416979621438419,3.6305408477783203,3.3101990082684685,3.6305408477783203,5100.0
1990-01-19,3.6305408477783203,3.6305408477783203,3.6305408477783203,3.6305408477783203,0.0
1990-01-22,3.523759234336115,3.523759234336115,3.3101980686187744,3.3101980686187744,500.0
1990-01-23,3.6305408477783203,3.6305408477783203,3.6305408477783203,3.6305408477783203,400.0
1990-01-24,3.416978563581194,3.416978563581194,2.989856243133545,2.989856243133545,2300.0
1990-01-25,2.9898571687586166,3.6305408477783203,2.9898571687586166,3.6305408477783203,600.0
1990-01-26,3.6305408477783203,3.6305408477783203,3.6305408477783203,3.6305408477783203,0.0
1990-01-29,3.6305408477783203,3.6305408477783203,3.6305408477783203,3.6305408477783203,0.0
1990-01-30,3.6305408477783203,3.6305408477783203,3.6305408477783203,3.6305408477783203,0.0
1990-01-31,3.6305408477783203,3.6305408477783203,3.6305408477783203,3.6305408477783203,0.0
1990-02-01,3.4169809818267822,3.4169809818267822,3.4169809818267822,3.4169809818267822,500.0
1990-02-02,3.09663724899292,3.09663724899292,3.09663724899292,3.09663724899292,100.0
1990-02-05,3.09663724899292,3.09663724899292,3.09663724899292,3.09663724899292,0.0
1990-02-06,2.989856243133545,2.989856243133545,2.77629508290972,2.989856243133545,3500.0
1990-02-07,2.989856243133545,2.989856243133545,2.6695145027978078,2.989856243133545,21100.0
1990-02-08,2.6695151329040527,2.6695151329040527,2.6695151329040527,2.6695151329040527,200.0
1990-02-09,2.7762973308563232,2.7762973308563232,2.7762973308563232,2.7762973308563232,300.0
1990-02-12,2.8830766677856445,2.8830766677856445,2.8830766677856445,2.8830766677856445,400.0
1990-02-13,2.6695151329040527,2.6695151329040527,2.6695151329040527,2.6695151329040527,100.0
1990-02-14,2.6695151329040527,2.6695151329040527,2.6695151329040527,2.6695151329040527,0.0
1990-02-15,2.6695151329040527,2.6695151329040527,2.6695151329040527,2.6695151329040527,0.0
1990-02-16,2.6695151329040527,2.6695151329040527,2.6695151329040527,2.6695151329040527,0.0
1990-02-20,3.203418731689453,3.203418731689453,3.203418731689453,3.203418731689453,200.0
1990-02-21,3.203418731689453,3.203418731689453,3.203418731689453,3.203418731689453,0.0
1990-02-22,3.09663724899292,3.09663724899292,3.09663724899292,3.09663724899292,100.0
1990-02-23,3.09663724899292,3.09663724899292,3.09663724899292,3.09663724899292,0.0
1990-02-26,3.09663724899292,3.09663724899292,3.09663724899292,3.09663724899292,0.0
1990-02-27,3.09663724899292,3.09663724899292,3.09663724899292,3.09663724899292,0.0
1990-02-28,3.09663724899292,3.09663724899292,2.7762954646143423,3.09663724899292,17800.0
1990-03-01,2.6695151329040527,2.6695151329040527,2.6695151329040527,2.6695151329040527,1000.0
1990-03-02,2.6695151329040527,2.776295738220215,2.6695151329040527,2.6695151329040527,3200.0
1990-03-05,2.7762973308563232,2.7762973308563232,2.7762973308563232,2.7762973308563232,700.0
1990-03-06,2.7762973308563232,2.7762973308563232,2.7762973308563232,2.7762973308563232,1800.0
1990-03-07,2.7762973308563232,2.7762973308563232,2.7762973308563232,2.7762973308563232,0.0
1990-03-08,2.77629508290972,2.989856243133545,2.455953342573983,2.989856243133545,700.0
1990-03-09,2.989856243133545,2.989856243133545,2.989856243133545,2.989856243133545,200.0
1990-03-12,2.989856243133545,2.989856243133545,2.989856243133545,2.989856243133545,0.0
1990-03-13,2.989856243133545,2.989856243133545,2.5627339226858954,2.989856243133545,200.0
1990-03-14,2.989856243133545,2.989856243133545,2.989856243133545,2.989856243133545,0.0
1990-03-15,3.0287978649139404,3.0287978649139404,3.0287978649139404,3.0287978649139404,0.0
1990-03-16,2.8124554554621377,2.8124554554621377,2.5961127281188965,2.5961127281188965,400.0
1990-03-19,2.5961127281188965,2.5961127281188965,2.5961127281188965,2.5961127281188965,0.0
1990-03-20,2.5961127281188965,2.5961127281188965,2.5961127281188965,2.5961127281188965,0.0
1990-03-21,2.5961133364973397,3.136970281600952,2.5961133364973397,3.136970281600952,600.0
1990-03-22,2.9206278324127197,2.9206278324127197,2.5961136288113065,2.9206278324127197,1100.0
1990-03-23,2.8124568462371826,2.8124568462371826,2.5961140119112454,2.8124568462371826,4000.0
1990-03-26,2.8124568462371826,2.8124568462371826,2.8124568462371826,2.8124568462371826,0.0
1990-03-27,2.5961124556405206,3.0287978649139404,2.5961124556405206,3.0287978649139404,1100.0
1990-03-28,3.0287978649139404,3.0287978649139404,3.0287978649139404,3.0287978649139404,0.0
1990-03-29,3.0287978649139404,3.0287978649139404,3.0287978649139404,3.0287978649139404,0.0
1990-03-30,3.0287978649139404,3.0287978649139404,3.0287978649139404,3.0287978649139404,0.0
1990-04-02,2.5961124556405206,3.0287978649139404,2.5961124556405206,3.0287978649139404,1000.0
1990-04-03,2.5961127281188965,2.5961127281188965,2.5961127281188965,2.5961127281188965,800.0
1990-04-04,2.596112594604492,2.7042839527130127,2.596112594604492,2.7042839527130127,2800.0
1990-04-05,2.542027473449707,2.7583702371475547,2.4879417825252452,2.542027473449707,9900.0
1990-04-06,2.4338562851366787,2.758370456488236,2.4338562851366787,2.4879419803619385,10100.0
1990-04-09,2.4879419803619385,2.4879419803619385,2.4879419803619385,2.4879419803619385,0.0
1990-04-10,2.5961127281188965,2.5961127281188965,2.5961127281188965,2.5961127281188965,500.0
1990-04-11,2.4879416552456943,2.4879416552456943,2.379770278930664,2.379770278930664,16700.0
1990-04-12,2.379770278930664,2.379770278930664,2.379770278930664,2.379770278930664,500.0
1990-04-16,2.5961127281188965,2.5961127281188965,2.5961127281188965,2.5961127281188965,100.0
1990-04-17,2.5961127281188965,2.5961127281188965,2.5961127281188965,2.5961127281188965,0.0
1990-04-18,2.5961127281188965,2.5961127281188965,2.5961127281188965,2.5961127281188965,0.0
1990-04-19,2.596112932477679,2.596112932477679,2.2715988159179688,2.2715988159179688,1500.0
1990-04-20,2.325684590773149,2.379770278930664,2.271598902615634,2.379770278930664,7700.0
1990-04-23,2.1634274437313987,2.3797701881045388,2.0552560715448287,2.2715988159179688,22700.0
1990-04-24,2.379770278930664,2.379770278930664,2.2175132144581187,2.379770278930664,22600.0
1990-04-25,2.217513036727905,2.3797700881958006,2.1634273529052734,2.1634273529052734,17000.0
1990-04-26,2.379770278930664,2.379770278930664,2.325684590773149,2.379770278930664,3100.0
1990-04-27,2.379770278930664,2.379770278930664,2.379770278930664,2.379770278930664,2100.0
1990-04-30,2.271598720550537,2.271598720550537,2.1634273529052734,2.1634273529052734,5000.0
1990-05-01,2.1634273529052734,2.1634273529052734,2.1634273529052734,2.1634273529052734,0.0
1990-05-02,2.0552560715448287,2.2715988159179688,2.0552560715448287,2.2715988159179688,2100.0
1990-05-03,2.2715988159179688,2.2715988159179688,2.2715988159179688,2.2715988159179688,2000.0
1990-05-04,2.2715988159179688,2.2715988159179688,2.2715988159179688,2.2715988159179688,0.0
1990-05-07,2.379770278930664,2.379770278930664,2.379770278930664,2.379770278930664,200.0
1990-05-08,2.379770278930664,2.379770278930664,2.379770278930664,2.379770278930664,200.0
1990-05-09,2.0552568435668945,2.0552568435668945,2.0552568435668945,2.0552568435668945,200.0
1990-05-10,2.0552568435668945,2.0552568435668945,2.0552568435668945,2.0552568435668945,0.0
1990-05-11,2.379770278930664,2.379770278930664,2.379770278930664,2.379770278930664,200.0
1990-05-14,2.379770278930664,2.379770278930664,2.379770278930664,2.379770278930664,800.0
1990-05-15,2.379770278930664,2.379770278930664,2.379770278930664,2.379770278930664,0.0
1990-05-16,2.379770278930664,2.379770278930664,2.379770278930664,2.379770278930664,200.0
1990-05-17,2.379770278930664,2.379770278930664,2.379770278930664,2.379770278930664,0.0
1990-05-18,2.1634273529052734,2.1634273529052734,2.1634273529052734,2.1634273529052734,1000.0
1990-05-21,2.1634273529052734,2.1634273529052734,2.1634273529052734,2.1634273529052734,0.0
1990-05-22,2.1634273529052734,2.1634273529052734,2.1634273529052734,2.1634273529052734,0.0
1990-05-23,2.1634273529052734,2.1634273529052734,2.1634273529052734,2.1634273529052734,0.0
1990-05-24,2.217512845993042,2.217512845993042,2.217512845993042,2.217512845993042,1000.0
1990-05-25,2.217512845993042,2.217512845993042,2.217512845993042,2.217512845993042,0.0
1990-05-29,2.3797700881958006,2.3797700881958006,2.1634273529052734,2.1634273529052734,2100.0
1990-05-30,1.9470840692520142,1.9470840692520142,1.9470840692520142,1.9470840692520142,8700.0
1990-05-31,2.1634268149351463,2.1634268149351463,2.1093411445617676,2.1093411445617676,3100.0
1990-06-01,2.1093411445617676,2.1093411445617676,2.1093411445617676,2.1093411445617676,0.0
1990-06-04,2.1093411445617676,2.1093411445617676,2.1093411445617676,2.1093411445617676,0.0
1990-06-05,2.1093411445617676,2.1093411445617676,2.1093411445617676,2.1093411445617676,0.0
1990-06-06,2.1093411445617676,2.1093411445617676,2.1093411445617676,2.1093411445617676,0.0
1990-06-07,2.1093411445617676,2.1093411445617676,2.1093411445617676,2.1093411445617676,0.0
1990-06-08,2.217513173125511,2.3256845474243164,2.217513173125511,2.3256845474243164,8000.0
1990-06-11,2.3256845474243164,2.3256845474243164,2.3256845474243164,2.3256845474243164,0.0
1990-06-12,2.3256845474243164,2.3256845474243164,2.3256845474243164,2.3256845474243164,0.0
1990-06-13,2.3256845474243164,2.3256845474243164,2.3256845474243164,2.3256845474243164,0.0
1990-06-14,2.3256845474243164,2.3256845474243164,2.3256845474243164,2.3256845474243164,0.0
1990-06-15,2.1634273529052734,2.271598720550537,2.05525598526001,2.1634273529052734,1500.0
1990-06-18,2.1634273529052734,2.1634273529052734,2.1634273529052734,2.1634273529052734,0.0
1990-06-19,2.1634273529052734,2.1634273529052734,2.1634273529052734,2.1634273529052734,0.0
1990-06-20,1.8929989337921143,2.1634273529052734,1.8929989337921143,2.1634273529052734,3000.0
1990-06-21,1.8930001258850098,1.8930001258850098,1.8930001258850098,1.8930001258850098,200.0
1990-06-22,1.8929984006616805,2.163426743613349,1.8929984006616805,1.9470840692520142,3000.0
1990-06-25,2.0552554064326816,2.0552554064326816,1.7307413948906794,1.9470840692520142,11100.0
1990-06-26,1.9470840692520142,1.9470840692520142,1.7307413948906794,1.9470840692520142,3200.0
1990-06-27,1.947084945790908,2.1634277175454533,1.7307421740363627,1.8389135599136353,10600.0
1990-06-28,2.055256947875023,2.055256947875023,1.7307426929473877,1.7307426929473877,2200.0
1990-06-29,1.7307426929473877,1.7307426929473877,1.7307426929473877,1.7307426929473877,0.0
1990-07-02,1.7307426929473877,1.7307426929473877,1.7307426929473877,1.7307426929473877,0.0
1990-07-03,1.7307426929473877,1.7307426929473877,1.7307426929473877,1.7307426929473877,0.0
1990-07-05,1.8389135599136353,1.947084945790908,1.7307421740363627,1.8389135599136353,34300.0
1990-07-06,1.7307426929473877,1.8389141112565994,1.7307426929473877,1.7307426929473877,1900.0
1990-07-09,1.7307421740363627,1.8389135599136353,1.7307421740363627,1.8389135599136353,2400.0
1990-07-10,2.1634273529052734,2.1634273529052734,2.1634273529052734,2.1634273529052734,100.0
1990-07-11,1.7307413948906794,1.9470840692520142,1.7307413948906794,1.9470840692520142,20500.0
1990-07-12,1.9470840692520142,1.9470840692520142,1.9470840692520142,1.9470840692520142,0.0
1990-07-13,1.7307421740363627,1.947084945790908,1.7307421740363627,1.8389135599136353,18900.0
1990-07-16,1.8389135599136353,1.8389135599136353,1.8389135599136353,1.8389135599136353,0.0
1990-07-17,1.7307426929473877,1.7307426929473877,1.7307426929473877,1.7307426929473877,200.0
1990-07-18,1.784827063481013,1.9470840692520142,1.7307413948906794,1.9470840692520142,13000.0
1990-07-19,1.9470840692520142,1.9470840692520142,1.9470840692520142,1.9470840692520142,0.0
1990-07-20,1.9470840692520142,1.9470840692520142,1.9470840692520142,1.9470840692520142,0.0
1990-07-23,1.9470840692520142,1.9470840692520142,1.9470840692520142,1.9470840692520142,0.0
1990-07-24,1.62257078815909,1.8389135599136353,1.62257078815909,1.8389135599136353,2900.0
1990-07-25,1.8389135599136353,1.8389135599136353,1.8389135599136353,1.8389135599136353,0.0
1990-07-26,1.7307413948906794,1.9470840692520142,1.7307413948906794,1.9470840692520142,4000.0
1990-07-27,1.9470840692520142,1.9470840692520142,1.9470840692520142,1.9470840692520142,0.0
1990-07-30,1.6225708723068237,1.6225708723068237,1.6225708723068237,1.6225708723068237,200.0
1990-07-31,1.7307418823242187,2.1634273529052734,1.7307418823242187,2.1634273529052734,1200.0
1990-08-01,1.6225708723068237,1.6225708723068237,1.6225708723068237,1.6225708723068237,400.0
1990-08-02,1.6225708723068237,1.6225708723068237,1.6225708723068237,1.6225708723068237,500.0
1990-08-03,1.6225708723068237,1.6225708723068237,1.6225708723068237,1.6225708723068237,1800.0
1990-08-06,1.7307426929473877,1.9470855295658112,1.7307426929473877,1.7307426929473877,3100.0
1990-08-07,1.7307426929473877,1.7307426929473877,1.7307426929473877,1.7307426929473877,0.0
1990-08-08,1.622571274638176,1.7307426929473877,1.622571274638176,1.7307426929473877,3500.0
1990-08-09,1.7307426929473877,1.7307426929473877,1.7307426929473877,1.7307426929473877,0.0
1990-08-10,1.622570676188315,1.6766563653945923,1.622570676188315,1.6766563653945923,2100.0
1990-08-13,1.5684855336048564,1.6496140956878662,1.5684855336048564,1.6496140956878662,45000.0
1990-08-14,1.6496140956878662,1.6496140956878662,1.6496140956878662,1.6496140956878662,0.0
1990-08-15,1.568485176563263,1.6225708723068237,1.568485176563263,1.6225708723068237,20000.0
1990-08-16,1.6225708723068237,1.6225708723068237,1.6225708723068237,1.6225708723068237,0.0
1990-08-17,1.6225708723068237,1.6225708723068237,1.6225708723068237,1.6225708723068237,0.0
1990-08-20,1.6225702847753254,1.6225702847753254,1.5143989324569702,1.5143989324569702,2400.0
1990-08-21,1.7307416370936803,1.7307416370936803,1.5143989324569702,1.5143989324569702,10500.0
1990-08-22,1.5143989324569702,1.7307416370936803,1.5143989324569702,1.5143989324569702,1100.0
1990-08-23,1.730742674607497,1.730742674607497,1.4062284231185913,1.4062284231185913,6700.0
1990-08-24,1.4062284231185913,1.4062284231185913,1.4062284231185913,1.4062284231185913,2500.0
1990-08-27,1.40622804039403,1.5414422750473022,1.40622804039403,1.5414422750473022,16000.0
1990-08-28,1.730742674607497,1.730742674607497,1.4062284231185913,1.4062284231185913,9500.0
1990-08-29,1.6225710180070665,1.6225710180070665,1.2980568144056532,1.4603139162063599,42800.0
1990-08-30,1.4603139162063599,1.4603139162063599,1.4603139162063599,1.4603139162063599,0.0
1990-08-31,1.1898852949557097,1.2980566854062288,1.1898852949557097,1.2439709901809692,8900.0
1990-09-04,1.3521419763565063,1.3521419763565063,1.3521419763565063,1.3521419763565063,1000.0
1990-09-05,1.3521419763565063,1.3521419763565063,1.3521419763565063,1.3521419763565063,0.0
1990-09-06,1.3521419763565063,1.3521419763565063,1.3521419763565063,1.3521419763565063,0.0
1990-09-07,1.3521419763565063,1.3521419763565063,1.3521419763565063,1.3521419763565063,0.0
1990-09-10,1.3521419763565063,1.3521419763565063,1.3521419763565063,1.3521419763565063,0.0
1990-09-11,1.1898849391937256,1.3521419763565063,1.1898849391937256,1.3521419763565063,7500.0
1990-09-12,1.3521419763565063,1.3521419763565063,1.3521419763565063,1.3521419763565063,0.0
1990-09-13,1.189885139465332,1.189885139465332,1.189885139465332,1.189885139465332,100.0
1990-09-14,1.5143989324569702,1.5143989324569702,1.1898848755019051,1.5143989324569702,500.0
1990-09-17,1.189885139465332,1.189885139465332,1.189885139465332,1.189885139465332,2800.0
1990-09-18,1.189885139465332,1.4603135802529075,1.189885139465332,1.189885139465332,39300.0
1990-09-19,1.2439705516610828,1.5143989324569702,1.2439705516610828,1.5143989324569702,8900.0
1990-09-20,1.5143989324569702,1.5143989324569702,1.5143989324569702,1.5143989324569702,0.0
1990-09-21,1.5143989324569702,1.5143989324569702,1.5143989324569702,1.5143989324569702,0.0
1990-09-24,1.5143989324569702,1.5143989324569702,1.5143989324569702,1.5143989324569702,0.0
1990-09-25,1.189885139465332,1.189885139465332,1.189885139465332,1.189885139465332,2500.0
1990-09-26,1.1898852949557097,1.2439709901809692,1.1898852949557097,1.2439709901809692,3500.0
1990-09-27,1.2439709901809692,1.2439709901809692,1.2439709901809692,1.2439709901809692,0.0
1990-09-28,1.1898855887926543,1.4062284231185913,1.1898855887926543,1.4062284231185913,1800.0
1990-10-01,1.4062284231185913,1.4062284231185913,1.4062284231185913,1.4062284231185913,100.0
1990-10-02,1.1898852949557097,1.2439709901809692,1.1898852949557097,1.2439709901809692,4800.0
1990-10-03,1.4062284231185913,1.4062284231185913,1.4062284231185913,1.4062284231185913,5000.0
1990-10-04,1.4062284231185913,1.4062284231185913,1.4062284231185913,1.4062284231185913,0.0
1990-10-05,1.189885139465332,1.189885139465332,1.0817137631503018,1.189885139465332,5800.0
1990-10-08,1.189885139465332,1.189885139465332,1.189885139465332,1.189885139465332,0.0
1990-10-09,1.189885139465332,1.189885139465332,1.189885139465332,1.189885139465332,3800.0
1990-10-10,1.2439712973741384,1.4062284231185913,1.2439712973741384,1.4062284231185913,3700.0
1990-10-11,1.4062284231185913,1.4062284231185913,1.4062284231185913,1.4062284231185913,0.0
1990-10-12,1.4062284231185913,1.4062284231185913,1.4062284231185913,1.4062284231185913,200.0
1990-10-15,1.1898855887926543,1.4062284231185913,1.1898855887926543,1.4062284231185913,900.0
1990-10-16,1.3791849613189697,1.3791849613189697,1.3791849613189697,1.3791849613189697,5000.0
1990-10-17,1.0817136764526367,1.0817136764526367,1.0817136764526367,1.0817136764526367,400.0
1990-10-18,1.0817136367162068,1.2980563640594482,1.0817136367162068,1.2980563640594482,13000.0
1990-10-19,1.4062277793884277,1.4062277793884277,1.0817136764526367,1.0817136764526367,4100.0
1990-10-22,1.4062284231185913,1.4062284231185913,1.4062284231185913,1.4062284231185913,1100.0
1990-10-23,1.4062284231185913,1.4062284231185913,1.1898855887926543,1.4062284231185913,6000.0
1990-10-24,1.4062284231185913,1.4062284231185913,1.4062284231185913,1.4062284231185913,0.0
1990-10-25,1.4062284231185913,1.4062284231185913,1.4062284231185913,1.4062284231185913,2000.0
1990-10-26,1.4062284231185913,1.4062284231185913,1.4062284231185913,1.4062284231185913,0.0
1990-10-29,1.4062284231185913,1.4062284231185913,1.4062284231185913,1.4062284231185913,2500.0
1990-10-30,1.4062284231185913,1.4062284231185913,1.4062284231185913,1.4062284231185913,0.0
1990-10-31,1.0817136764526367,1.0817136764526367,1.0817136764526367,1.0817136764526367,300.0
1990-11-01,1.0817136764526367,1.0817136764526367,1.0817136764526367,1.0817136764526367,0.0
1990-11-02,1.4062284231185913,1.4062284231185913,1.4062284231185913,1.4062284231185913,300.0
1990-11-05,1.0817136367162068,1.2980563640594482,1.0817136367162068,1.2980563640594482,13100.0
1990-11-06,1.2980563640594482,1.2980563640594482,1.2980563640594482,1.2980563640594482,0.0
1990-11-07,1.2980563640594482,1.2980563640594482,1.2980563640594482,1.2980563640594482,0.0
1990-11-08,1.2980563640594482,1.2980563640594482,1.2980563640594482,1.2980563640594482,0.0
1990-11-09,1.2980563640594482,1.2980563640594482,1.2980563640594482,1.2980563640594482,0.0
1990-11-12,1.2980563640594482,1.2980563640594482,1.2980563640594482,1.2980563640594482,0.0
1990-11-13,1.2980563640594482,1.2980563640594482,1.2980563640594482,1.2980563640594482,0.0
1990-11-14,1.4062278920953923,1.4062278920953923,1.189885139465332,1.189885139465332,2500.0
1990-11-15,1.4062277277310689,1.4062277277310689,1.2980563640594482,1.2980563640594482,6600.0
1990-11-16,1.2980563640594482,1.2980563640594482,1.2980563640594482,1.2980563640594482,0.0
1990-11-19,1.2980563640594482,1.2980563640594482,1.2980563640594482,1.2980563640594482,0.0
1990-11-20,1.2980563640594482,1.2980563640594482,1.2980563640594482,1.2980563640594482,0.0
1990-11-21,1.2439709901809692,1.2439709901809692,1.2439709901809692,1.2439709901809692,500.0
1990-11-23,1.4062278920953923,1.4062278920953923,1.189885139465332,1.189885139465332,3000.0
1990-11-26,1.4062277277310689,1.4062277277310689,1.2439706822236378,1.2980563640594482,3400.0
1990-11-27,1.3521419763565063,1.4062276554107667,1.298056297302246,1.3521419763565063,37200.0
1990-11-28,1.2980558287422612,1.43326997756958,1.2980558287422612,1.43326997756958,10500.0
1990-11-29,1.2980570059556227,1.51439984028156,1.2980570059556227,1.4062284231185913,50900.0
1990-11-30,1.2980563640594482,1.2980563640594482,1.2980563640594482,1.2980563640594482,1500.0
1990-12-03,1.4603141317000756,1.4603141317000756,1.352142714537107,1.4062284231185913,34000.0
1990-12-04,1.4062278920953923,1.4062278920953923,1.189885139465332,1.189885139465332,1000.0
1990-12-05,1.2439709901809692,1.2439709901809692,1.2439709901809692,1.2439709901809692,13000.0
1990-12-06,1.189885139465332,1.189885139465332,1.189885139465332,1.189885139465332,400.0
1990-12-07,1.2439709901809692,1.2439709901809692,1.2439709901809692,1.2439709901809692,500.0
1990-12-10,1.2439709901809692,1.2439709901809692,1.2439709901809692,1.2439709901809692,0.0
1990-12-11,1.2439709901809692,1.2439709901809692,1.2439709901809692,1.2439709901809692,0.0
1990-12-12,1.2980565157803623,1.2980565157803623,1.189885139465332,1.189885139465332,3900.0
1990-12-13,1.189885139465332,1.2980565157803623,1.189885139465332,1.189885139465332,10100.0
1990-12-14,1.189885139465332,1.189885139465332,1.189885139465332,1.189885139465332,0.0
1990-12-17,1.1898852949557097,1.2439709901809692,1.1898852949557097,1.2439709901809692,1000.0
1990-12-18,1.189885139465332,1.189885139465332,1.189885139465332,1.189885139465332,500.0
1990-12-19,1.1898855887926543,1.4062284231185913,1.1898855887926543,1.4062284231185913,2300.0
1990-12-20,1.189885139465332,1.189885139465332,1.189885139465332,1.189885139465332,2700.0
1990-12-21,1.1898850646673464,1.3791849613189697,1.0817136951521331,1.3791849613189697,29900.0
1990-12-24,1.1898855887926543,1.4062284231185913,1.1898855887926543,1.4062284231185913,11200.0
1990-12-26,1.2980565157803623,1.2980565157803623,1.189885139465332,1.189885139465332,3100.0
1990-12-27,1.189885139465332,1.189885139465332,1.189885139465332,1.189885139465332,300.0
1990-12-28,1.2980562845865886,1.2980562845865886,1.0817135704888239,1.2169277667999268,31100.0
1990-12-31,1.0817136367162068,1.2980563640594482,1.0817136367162068,1.2980563640594482,17000.0
1991-01-02,1.2980563640594482,1.2980563640594482,1.2980563640594482,1.2980563640594482,0.0
1991-01-03,1.0817136764526367,1.0817136764526367,1.0817136764526367,1.0817136764526367,300.0
1991-01-04,1.0817136764526367,1.2980564117431639,1.0817136764526367,1.0817136764526367,12800.0
1991-01-07,1.0817136764526367,1.0817136764526367,1.0817136764526367,1.0817136764526367,4000.0
1991-01-08,1.0817136764526367,1.0817136764526367,1.0817136764526367,1.0817136764526367,0.0
1991-01-09,1.0817136764526367,1.0817136764526367,1.0817136764526367,1.0817136764526367,0.0
1991-01-10,1.2980563640594482,1.2980563640594482,1.2980563640594482,1.2980563640594482,100.0
1991-01-11,1.189885601401329,1.189885601401329,0.8653713464736938,0.8653713464736938,6700.0
1991-01-14,0.8653713464736938,0.8653713464736938,0.8653713464736938,0.8653713464736938,300.0
1991-01-15,0.8653713464736938,0.8653713464736938,0.8653713464736938,0.8653713464736938,0.0
1991-01-16,1.0276277032163408,1.0276277032163408,0.9735420346260071,0.9735420346260071,900.0
1991-01-17,0.8112854361534119,0.8112854361534119,0.8112854361534119,0.8112854361534119,10000.0
1991-01-18,0.8112854361534119,0.8112854361534119,0.8112854361534119,0.8112854361534119,0.0
1991-01-21,0.8653713464736938,0.8653713464736938,0.8653713464736938,0.8653713464736938,600.0
1991-01-22,0.8653708185468402,0.8653708185468402,0.7571994662284851,0.7571994662284851,10000.0
1991-01-23,0.7571994662284851,0.7571994662284851,0.7571994662284851,0.7571994662284851,200.0
1991-01-24,0.7571994662284851,0.7571994662284851,0.7571994662284851,0.7571994662284851,500.0
1991-01-25,0.7571994662284851,0.7571994662284851,0.7571994662284851,0.7571994662284851,6000.0
1991-01-28,0.9735420346260071,0.9735420346260071,0.9735420346260071,0.9735420346260071,3000.0
1991-01-29,0.9735420346260071,0.9735420346260071,0.9735420346260071,0.9735420346260071,100.0
1991-01-30,0.7571993602646723,0.9735420346260071,0.7571993602646723,0.9735420346260071,600.0
1991-01-31,0.9735420346260071,0.9735420346260071,0.9735420346260071,0.9735420346260071,0.0
1991-02-01,0.9735421708651952,0.9735421708651952,0.7571994662284851,0.7571994662284851,200.0
1991-02-04,0.9735420346260071,0.9735420346260071,0.9735420346260071,0.9735420346260071,500.0
1991-02-05,0.9735420346260071,0.9735420346260071,0.9735420346260071,0.9735420346260071,0.0
1991-02-06,1.0817141830921173,1.0817141830921173,0.8653713464736938,0.8653713464736938,3200.0
1991-02-07,1.0817136764526367,1.0817136764526367,1.0817136764526367,1.0817136764526367,500.0
1991-02-08,0.8653713464736938,0.8653713464736938,0.8653713464736938,0.8653713464736938,700.0
1991-02-11,0.9735420346260071,0.9735420346260071,0.9735420346260071,0.9735420346260071,400.0
1991-02-12,0.8653713464736938,0.8653713464736938,0.8653713464736938,0.8653713464736938,2000.0
1991-02-13,0.8653708185468402,0.9735421708651952,0.7571994662284851,0.7571994662284851,4000.0
1991-02-14,0.7571994662284851,0.7571994662284851,0.7571994662284851,0.7571994662284851,0.0
1991-02-15,0.7571994662284851,0.7571994662284851,0.7571994662284851,0.7571994662284851,0.0
1991-02-19,0.7571994662284851,0.7571994662284851,0.7571994662284851,0.7571994662284851,0.0
1991-02-20,0.8653711318969727,0.8653711318969727,0.757199740409851,0.8112854361534119,8600.0
1991-02-21,0.7031142190098763,0.8653713464736938,0.7031142190098763,0.8653713464736938,7900.0
1991-02-22,0.8653713464736938,0.8653713464736938,0.8653713464736938,0.8653713464736938,1000.0
1991-02-25,0.8653713464736938,0.8653713464736938,0.8653713464736938,0.8653713464736938,2500.0
1991-02-26,0.9735420346260071,0.9735420346260071,0.9735420346260071,0.9735420346260071,800.0
1991-02-27,0.9735420346260071,0.9735420346260071,0.9735420346260071,0.9735420346260071,0.0
1991-02-28,0.9735420346260071,0.9735420346260071,0.9735420346260071,0.9735420346260071,300.0
1991-03-01,0.7571994662284851,0.7571994662284851,0.7571994662284851,0.7571994662284851,2000.0
1991-03-04,0.7571994662284851,0.7571994662284851,0.7571994662284851,0.7571994662284851,0.0
1991-03-05,0.7571995735168456,1.0817136764526367,0.7031138896942138,1.0817136764526367,16300.0
1991-03-06,0.8653709411621093,1.0817136764526367,0.8653709411621093,1.0817136764526367,1700.0
1991-03-07,0.8653706974453397,0.9735420346260071,0.8653706974453397,0.9735420346260071,6700.0
1991-03-08,1.0817136764526367,1.0817136764526367,1.0817136764526367,1.0817136764526367,200.0
1991-03-11,1.0817136764526367,1.0817136764526367,1.0817136764526367,1.0817136764526367,0.0
1991-03-12,1.0817136764526367,1.0817136764526367,1.0817136764526367,1.0817136764526367,0.0
1991-03-13,1.0817136764526367,1.0817136764526367,1.0817136764526367,1.0817136764526367,0.0
1991-03-14,1.0817136764526367,1.0817136764526367,1.0817136764526367,1.0817136764526367,0.0
1991-03-15,1.0817136764526367,1.0817136764526367,1.0817136764526367,1.0817136764526367,0.0
1991-03-18,1.0817136764526367,1.0817136764526367,1.0817136764526367,1.0817136764526367,0.0
1991-03-19,1.0817136764526367,1.0817136764526367,1.0817136764526367,1.0817136764526367,0.0
1991-03-20,1.0817136764526367,1.0817136764526367,1.0817136764526367,1.0817136764526367,0.0
1991-03-21,0.9735423496791294,1.1357994079589844,0.9735423496791294,1.1357994079589844,4000.0
1991-03-22,1.1357994079589844,1.1357994079589844,1.1357994079589844,1.1357994079589844,0.0
1991-03-25,1.0817136764526367,1.0817136764526367,1.0817136764526367,1.0817136764526367,100.0
1991-03-26,1.0817136764526367,1.0817136764526367,1.0817136764526367,1.0817136764526367,0.0
1991-03-27,1.0817136764526367,1.0817136764526367,1.0817136764526367,1.0817136764526367,0.0
1991-03-28,1.0817136764526367,1.0817136764526367,1.0817136764526367,1.0817136764526367,0.0
1991-04-01,1.0817136764526367,1.0817136764526367,1.0817136764526367,1.0817136764526367,0.0
1991-04-02,1.0817136764526367,1.0817136764526367,1.0817136764526367,1.0817136764526367,0.0
1991-04-03,1.0817136764526367,1.0817136764526367,1.0817136764526367,1.0817136764526367,0.0
1991-04-04,0.9735420346260071,0.9735420346260071,0.9735420346260071,0.9735420346260071,100.0
1991-04-05,0.9735420346260071,0.9735420346260071,0.9735420346260071,0.9735420346260071,0.0
1991-04-08,0.9735420346260071,0.9735420346260071,0.9735420346260071,0.9735420346260071,0.0
1991-04-09,0.9735420346260071,0.9735420346260071,0.9735420346260071,0.9735420346260071,0.0
1991-04-10,0.9735420346260071,0.9735420346260071,0.9735420346260071,0.9735420346260071,0.0
1991-04-11,1.0817137218656994,1.1357994079589844,1.0276280357724143,1.1357994079589844,4300.0
1991-04-12,0.9735427153737921,1.0817141281931024,0.9735427153737921,1.0276284217834473,35000.0
1991-04-15,1.0817133718066745,1.0817133718066745,0.9194563660356734,0.9735420346260071,3000.0
1991-04-16,0.9735420346260071,0.9735420346260071,0.9735420346260071,0.9735420346260071,0.0
1991-04-17,0.9735420346260071,0.9735420346260071,0.9735420346260071,0.9735420346260071,0.0
1991-04-18,0.8653713464736938,0.8653713464736938,0.8653713464736938,0.8653713464736938,100.0
1991-04-19,0.8653713464736938,0.8653713464736938,0.8653713464736938,0.8653713464736938,0.0
1991-04-22,0.8653713025544819,1.0276284217834473,0.8653713025544819,1.0276284217834473,2000.0
1991-04-23,1.0817135464061391,1.0817135464061391,0.8653708371249113,0.8924136757850647,4300.0
1991-04-24,0.8653713464736938,0.8653713464736938,0.8653713464736938,0.8653713464736938,700.0
1991-04-25,0.8653713464736938,0.8653713464736938,0.8653713464736938,0.8653713464736938,0.0
1991-04-26,0.8653710870181813,1.0276281658340902,0.8653710870181813,0.9194567799568176,10500.0
1991-04-29,0.9735420346260071,0.9735420346260071,0.8653706974453397,0.9735420346260071,2300.0
1991-04-30,0.7571994662284851,0.8653708185468402,0.7571994662284851,0.7571994662284851,45900.0
1991-05-01,0.8112852275371552,0.8112852275371552,0.6490281820297241,0.6490281820297241,17500.0
1991-05-02,0.8653713464736938,0.8653713464736938,0.8653713464736938,0.8653713464736938,1000.0
1991-05-03,0.8653713464736938,0.8653713464736938,0.8653713464736938,0.8653713464736938,2000.0
1991-05-06,0.8653713464736938,0.8653713464736938,0.8653713464736938,0.8653713464736938,0.0
1991-05-07,0.6490281820297241,0.6490281820297241,0.6490281820297241,0.6490281820297241,200.0
1991-05-08,0.6490281820297241,0.6490281820297241,0.6490281820297241,0.6490281820297241,0.0
1991-05-09,0.6490281820297241,0.6490281820297241,0.6490281820297241,0.6490281820297241,300.0
1991-05-10,0.6490281820297241,0.6490281820297241,0.6490281820297241,0.6490281820297241,0.0
1991-05-13,0.6490281820297241,0.6490281820297241,0.6490281820297241,0.6490281820297241,0.0
1991-05-14,0.6490281820297241,0.6490281820297241,0.6490281820297241,0.6490281820297241,600.0
1991-05-15,0.6490281820297241,0.6490281820297241,0.6490281820297241,0.6490281820297241,200.0
1991-05-16,0.6490281820297241,0.6490281820297241,0.6490281820297241,0.6490281820297241,1700.0
1991-05-17,0.649028148651123,0.8653708648681641,0.649028148651123,0.6760709881782532,10900.0
1991-05-20,0.6490285029778113,0.75719992014078,0.6490285029778113,0.7031142115592957,5500.0
1991-05-21,0.7571994662284851,0.7571994662284851,0.7571994662284851,0.7571994662284851,1500.0
1991-05-22,0.6490281139101302,0.7571994662284851,0.6490281139101302,0.7571994662284851,1000.0
1991-05-23,0.6490285029778113,0.75719992014078,0.6490285029778113,0.7031142115592957,11600.0
1991-05-24,0.6490281820297241,0.6490281820297241,0.6490281820297241,0.6490281820297241,300.0
1991-05-28,0.757199740409851,0.8112854361534119,0.757199740409851,0.8112854361534119,1100.0
1991-05-29,0.8112854361534119,0.8112854361534119,0.8112854361534119,0.8112854361534119,0.0
1991-05-30,0.8112854361534119,0.8112854361534119,0.8112854361534119,0.8112854361534119,0.0
1991-05-31,0.6490281139101302,0.7571994662284851,0.6490281139101302,0.7571994662284851,15400.0
1991-06-03,0.7571995457013447,0.7571995457013447,0.6490281820297241,0.6490281820297241,3500.0
1991-06-04,0.7571995457013447,0.7571995457013447,0.6490281820297241,0.6490281820297241,600.0
1991-06-05,0.6490281820297241,0.6490281820297241,0.6490281820297241,0.6490281820297241,500.0
1991-06-06,0.7031142115592957,0.7031142115592957,0.7031142115592957,0.7031142115592957,800.0
1991-06-07,0.6490281139101302,0.7571994662284851,0.4326854092734201,0.7571994662284851,23100.0
1991-06-10,0.7571994662284851,0.7571994662284851,0.7571994662284851,0.7571994662284851,0.0
1991-06-11,0.5408568382263184,0.5408568382263184,0.5408568382263184,0.5408568382263184,100.0
1991-06-12,0.5408568382263184,0.5408568382263184,0.5408568382263184,0.5408568382263184,2000.0
1991-06-13,0.594942569732666,0.594942569732666,0.594942569732666,0.594942569732666,1000.0
1991-06-14,0.594942569732666,0.594942569732666,0.594942569732666,0.594942569732666,0.0
1991-06-17,0.594942569732666,0.594942569732666,0.594942569732666,0.594942569732666,0.0
1991-06-18,0.5408568382263184,0.5408568382263184,0.5408568382263184,0.5408568382263184,500.0
1991-06-19,0.5408568382263184,0.5408568382263184,0.5408568382263184,0.5408568382263184,0.0
1991-06-20,0.5408568382263184,0.5408568382263184,0.5408568382263184,0.5408568382263184,0.0
1991-06-21,0.5408568382263184,0.5408568382263184,0.5408568382263184,0.5408568382263184,7400.0
1991-06-24,0.6490282578901811,0.6490282578901811,0.5408568815751509,0.594942569732666,7800.0
1991-06-25,0.594942569732666,0.594942569732666,0.594942569732666,0.594942569732666,0.0
1991-06-26,0.594942569732666,0.594942569732666,0.594942569732666,0.594942569732666,0.0
1991-06-27,0.594942569732666,0.594942569732666,0.594942569732666,0.594942569732666,0.0
1991-06-28,0.4326856732368469,0.4326856732368469,0.4326856732368469,0.4326856732368469,200.0
1991-07-01,0.4326856732368469,0.4326856732368469,0.4326856732368469,0.4326856732368469,0.0
1991-07-02,0.4326856732368469,0.4326856732368469,0.4326856732368469,0.4326856732368469,0.0
1991-07-03,0.4326856732368469,0.4326856732368469,0.4326856732368469,0.4326856732368469,200.0
1991-07-05,0.4326856732368469,0.4326856732368469,0.4326856732368469,0.4326856732368469,1400.0
1991-07-08,0.4326856732368469,0.4326856732368469,0.4326856732368469,0.4326856732368469,0.0
1991-07-09,0.4326856732368469,0.4326856732368469,0.4326856732368469,0.4326856732368469,0.0
1991-07-10,0.4326856732368469,0.4326856732368469,0.4326856732368469,0.4326856732368469,300.0
1991-07-11,0.4326856732368469,0.4326856732368469,0.4326856732368469,0.4326856732368469,0.0
1991-07-12,0.4597283899784088,0.4597283899784088,0.4597283899784088,0.4597283899784088,1500.0
1991-07-15,0.4326856732368469,0.4326856732368469,0.4326856732368469,0.4326856732368469,100.0
1991-07-16,0.4326856732368469,0.4326856732368469,0.4326856732368469,0.4326856732368469,0.0
1991-07-17,0.6490281820297241,0.6490281820297241,0.6490281820297241,0.6490281820297241,1000.0
1991-07-18,0.6490281820297241,0.6490281820297241,0.4867711365222931,0.6490281820297241,3500.0
1991-07-19,0.43268547058105467,0.5408568382263184,0.43268547058105467,0.5408568382263184,9200.0
1991-07-22,0.6490282058715819,0.6490282058715819,0.5408568382263184,0.5408568382263184,1500.0
1991-07-23,0.6490281820297241,0.6490281820297241,0.6490281820297241,0.6490281820297241,5200.0
1991-07-24,0.6490281820297241,0.6490281820297241,0.6490281820297241,0.6490281820297241,0.0
1991-07-25,0.4326856732368469,0.4326856732368469,0.4326856732368469,0.4326856732368469,600.0
1991-07-26,0.4326856732368469,0.4326856732368469,0.4326856732368469,0.4326856732368469,0.0
1991-07-29,0.4326856732368469,0.4326856732368469,0.4326856732368469,0.4326856732368469,0.0
1991-07-30,0.6490282058715819,0.6490282058715819,0.5408568382263184,0.5408568382263184,6000.0
1991-07-31,0.4867711934176358,0.594942569732666,0.4867711934176358,0.594942569732666,2100.0
1991-08-01,0.594942569732666,0.594942569732666,0.594942569732666,0.594942569732666,0.0
1991-08-02,0.48677101731300354,0.48677101731300354,0.48677101731300354,0.48677101731300354,100.0
1991-08-05,0.6490281820297241,0.6490281820297241,0.6490281820297241,0.6490281820297241,1000.0
1991-08-06,0.6490281820297241,0.6490281820297241,0.6490281820297241,0.6490281820297241,600.0
1991-08-07,0.6490281820297241,0.6490281820297241,0.6490281820297241,0.6490281820297241,0.0
1991-08-08,0.5408568815751509,0.594942569732666,0.5408568815751509,0.594942569732666,1800.0
1991-08-09,0.5408568382263184,0.5408568382263184,0.5408568382263184,0.5408568382263184,400.0
1991-08-12,0.6490281820297241,0.6490281820297241,0.6490281820297241,0.6490281820297241,1300.0
1991-08-13,0.6490281820297241,0.6490281820297241,0.6490281820297241,0.6490281820297241,0.0
1991-08-14,0.4867711544036865,0.6490282058715819,0.4867711544036865,0.5408568382263184,15000.0
1991-08-15,0.48677101731300354,0.48677101731300354,0.48677101731300354,0.48677101731300354,5000.0
1991-08-16,0.48677101731300354,0.48677101731300354,0.48677101731300354,0.48677101731300354,0.0
1991-08-19,0.48677101731300354,0.48677101731300354,0.48677101731300354,0.48677101731300354,0.0
1991-08-20,0.48677101731300354,0.48677101731300354,0.48677101731300354,0.48677101731300354,0.0
1991-08-21,0.48677101731300354,0.48677101731300354,0.48677101731300354,0.48677101731300354,0.0
1991-08-22,0.48677101731300354,0.48677101731300354,0.48677101731300354,0.48677101731300354,0.0
1991-08-23,0.6490280230840048,0.6490280230840048,0.48677101731300354,0.48677101731300354,22000.0
1991-08-26,0.48677135768689606,0.5138142108917236,0.48677135768689606,0.5138142108917236,10000.0
1991-08-27,0.5138142108917236,0.5138142108917236,0.5138142108917236,0.5138142108917236,0.0
1991-08-28,0.6490281820297241,0.6490281820297241,0.6490281820297241,0.6490281820297241,1200.0
1991-08-29,0.6490281820297241,0.6490281820297241,0.6490281820297241,0.6490281820297241,0.0
1991-08-30,0.6490281820297241,0.6490281820297241,0.6490281820297241,0.6490281820297241,1000.0
1991-09-03,0.4867711365222931,0.6490281820297241,0.4867711365222931,0.6490281820297241,22000.0
1991-09-04,0.6490281820297241,0.6490281820297241,0.6490281820297241,0.6490281820297241,0.0
1991-09-05,0.4867711365222931,0.6490281820297241,0.4867711365222931,0.6490281820297241,1400.0
1991-09-06,0.6219852758305414,0.7571994662284851,0.6219852758305414,0.7571994662284851,8800.0
1991-09-09,0.5408568382263184,0.5408568382263184,0.5408568382263184,0.5408568382263184,100.0
1991-09-10,0.5408568382263184,0.5408568382263184,0.5408568382263184,0.5408568382263184,0.0
1991-09-11,0.5408568382263184,0.5408568382263184,0.5408568382263184,0.5408568382263184,0.0
1991-09-12,0.5408568382263184,0.5408568382263184,0.5408568382263184,0.5408568382263184,0.0
1991-09-13,0.5408568382263184,0.5408568382263184,0.5408568382263184,0.5408568382263184,0.0
1991-09-16,0.5408568382263184,0.5408568382263184,0.5408568382263184,0.5408568382263184,0.0
1991-09-17,0.5408568382263184,0.5408568382263184,0.5408568382263184,0.5408568382263184,0.0
1991-09-18,0.7571994662284851,0.7571994662284851,0.7571994662284851,0.7571994662284851,500.0
1991-09-19,0.5408568382263184,0.5408568382263184,0.5408568382263184,0.5408568382263184,2500.0
1991-09-20,0.7031142115592957,0.7031142115592957,0.7031142115592957,0.7031142115592957,2500.0
1991-09-23,0.7031142115592957,0.7031142115592957,0.7031142115592957,0.7031142115592957,0.0
1991-09-24,0.7031142115592957,0.7031142115592957,0.7031142115592957,0.7031142115592957,0.0
1991-09-25,0.7031142115592957,0.7031142115592957,0.7031142115592957,0.7031142115592957,0.0
1991-09-26,0.8653713464736938,0.8653713464736938,0.8653713464736938,0.8653713464736938,2100.0
1991-09-27,0.7301566281488964,0.7571994662284851,0.7301566281488964,0.7571994662284851,5000.0
1991-09-30,0.6490282058715819,0.8653709411621093,0.5408568382263184,0.5408568382263184,13000.0
1991-10-01,0.5408568382263184,0.5408568382263184,0.5408568382263184,0.5408568382263184,400.0
1991-10-02,0.5408569522525953,0.6219854950904846,0.5408569522525953,0.6219854950904846,6900.0
1991-10-03,0.5408568815751509,0.594942569732666,0.5408568815751509,0.594942569732666,2000.0
1991-10-04,0.594942569732666,0.594942569732666,0.594942569732666,0.594942569732666,0.0
1991-10-07,0.8653713464736938,0.8653713464736938,0.8653713464736938,0.8653713464736938,300.0
1991-10-08,0.8653713464736938,0.8653713464736938,0.8653713464736938,0.8653713464736938,0.0
1991-10-09,0.8653713464736938,0.8653713464736938,0.8653713464736938,0.8653713464736938,0.0
1991-10-10,0.8653713464736938,0.8653713464736938,0.8653713464736938,0.8653713464736938,0.0
1991-10-11,0.8653713464736938,0.8653713464736938,0.8653713464736938,0.8653713464736938,2000.0
1991-10-14,0.8653713464736938,0.8653713464736938,0.8653713464736938,0.8653713464736938,0.0
1991-10-15,0.8653713464736938,0.8653713464736938,0.8653713464736938,0.8653713464736938,0.0
1991-10-16,0.8653713464736938,0.8653713464736938,0.8653713464736938,0.8653713464736938,0.0
1991-10-17,0.8653713464736938,0.8653713464736938,0.8653713464736938,0.8653713464736938,0.0
1991-10-18,0.8653713464736938,0.8653713464736938,0.8653713464736938,0.8653713464736938,0.0
1991-10-21,0.8653713464736938,0.8653713464736938,0.8653713464736938,0.8653713464736938,0.0
1991-10-22,0.8653713464736938,0.8653713464736938,0.8653713464736938,0.8653713464736938,0.0
1991-10-23,0.8653713464736938,0.8653713464736938,0.8653713464736938,0.8653713464736938,0.0
1991-10-24,0.8653713464736938,0.8653713464736938,0.8653713464736938,0.8653713464736938,500.0
1991-10-25,0.8653713464736938,0.8653713464736938,0.8653713464736938,0.8653713464736938,0.0
1991-10-28,0.8653713464736938,0.8653713464736938,0.8653713464736938,0.8653713464736938,0.0
1991-10-29,0.8653713464736938,0.8653713464736938,0.8653713464736938,0.8653713464736938,0.0
1991-10-30,0.8653713464736938,0.8653713464736938,0.8653713464736938,0.8653713464736938,0.0
1991-10-31,0.649028148651123,0.6760709881782532,0.649028148651123,0.6760709881782532,400.0
1991-11-01,0.6760709881782532,0.6760709881782532,0.6760709881782532,0.6760709881782532,0.0
1991-11-04,0.8653713464736938,0.8653713464736938,0.8653713464736938,0.8653713464736938,200.0
1991-11-05,0.8653713464736938,0.8653713464736938,0.8653713464736938,0.8653713464736938,0.0
1991-11-06,0.8653713464736938,0.8653713464736938,0.8653713464736938,0.8653713464736938,0.0
1991-11-07,0.6490281139101302,0.7571994662284851,0.6490281139101302,0.7571994662284851,400.0
1991-11-08,0.8653713464736938,0.8653713464736938,0.8653713464736938,0.8653713464736938,200.0
1991-11-11,0.8653713464736938,0.8653713464736938,0.8653713464736938,0.8653713464736938,0.0
1991-11-12,0.8653713464736938,0.8653713464736938,0.8653713464736938,0.8653713464736938,0.0
1991-11-13,0.8653713464736938,0.8653713464736938,0.8653713464736938,0.8653713464736938,0.0
1991-11-14,0.8653713464736938,0.8653713464736938,0.8653713464736938,0.8653713464736938,0.0
1991-11-15,0.6490281820297241,0.6490281820297241,0.6490281820297241,0.6490281820297241,1000.0
1991-11-18,0.6490281820297241,0.6490281820297241,0.6490281820297241,0.6490281820297241,200.0
1991-11-19,0.649028148651123,0.8653708648681641,0.649028148651123,0.6760709881782532,9300.0
1991-11-20,0.6490283489227295,0.8112854361534119,0.6490283489227295,0.8112854361534119,25000.0
1991-11-21,0.8112854361534119,0.8112854361534119,0.8112854361534119,0.8112854361534119,0.0
1991-11-22,0.8112854361534119,0.8112854361534119,0.8112854361534119,0.8112854361534119,0.0
1991-11-25,0.8112854361534119,0.8112854361534119,0.8112854361534119,0.8112854361534119,0.0
1991-11-26,0.811285637319088,0.8653713464736938,0.811285637319088,0.8653713464736938,1000.0
1991-11-27,0.8653713464736938,0.8653713464736938,0.8653713464736938,0.8653713464736938,0.0
1991-11-29,0.8653713464736938,0.8653713464736938,0.8653713464736938,0.8653713464736938,0.0
1991-12-02,0.8653713464736938,0.8653713464736938,0.8653713464736938,0.8653713464736938,0.0
1991-12-03,0.8653713464736938,0.8653713464736938,0.8653713464736938,0.8653713464736938,0.0
1991-12-04,0.8653713464736938,0.8653713464736938,0.8653713464736938,0.8653713464736938,0.0
1991-12-05,0.7031142190098763,0.8653713464736938,0.7031142190098763,0.8653713464736938,2100.0
1991-12-06,0.8653713464736938,0.8653713464736938,0.8653713464736938,0.8653713464736938,0.0
1991-12-09,0.6490281820297241,0.6490281820297241,0.6490281820297241,0.6490281820297241,1100.0
1991-12-10,0.8112852275371552,0.8112852275371552,0.6490281820297241,0.6490281820297241,1100.0
1991-12-11,0.6490281820297241,0.6490281820297241,0.6490281820297241,0.6490281820297241,0.0
1991-12-12,0.6490281820297241,0.6490281820297241,0.6490281820297241,0.6490281820297241,0.0
1991-12-13,0.6760709881782532,0.6760709881782532,0.6760709881782532,0.6760709881782532,100.0
1991-12-16,0.6490281820297241,0.6490281820297241,0.6490281820297241,0.6490281820297241,500.0
1991-12-17,0.6490281820297241,0.6490281820297241,0.6490281820297241,0.6490281820297241,200.0
1991-12-18,0.6490281820297241,0.6490281820297241,0.6490281820297241,0.6490281820297241,600.0
1991-12-19,0.6490281820297241,0.6490281820297241,0.6490281820297241,0.6490281820297241,100.0
1991-12-20,0.6490281820297241,0.6490281820297241,0.6490281820297241,0.6490281820297241,0.0
1991-12-23,0.8653709093729655,0.8653709093729655,0.6490281820297241,0.6490281820297241,9600.0
1991-12-24,0.6490281820297241,0.6490281820297241,0.6490281820297241,0.6490281820297241,0.0
1991-12-26,0.6490281820297241,0.6490281820297241,0.6490281820297241,0.6490281820297241,0.0
1991-12-27,0.6490281820297241,0.6490281820297241,0.6490281820297241,0.6490281820297241,0.0
1991-12-30,0.6490281820297241,0.8653709093729655,0.6490281820297241,0.6490281820297241,4200.0
1991-12-31,0.6490281820297241,0.6490281820297241,0.6490281820297241,0.6490281820297241,1500.0
1992-01-02,0.8653713464736938,0.8653713464736938,0.8653713464736938,0.8653713464736938,1300.0
1992-01-03,0.8653713464736938,0.8653713464736938,0.8653713464736938,0.8653713464736938,0.0
1992-01-06,0.6490285098552704,0.8653713464736938,0.6490285098552704,0.8653713464736938,2200.0
1992-01-07,0.8653713464736938,0.8653713464736938,0.8653713464736938,0.8653713464736938,0.0
1992-01-08,0.8653713464736938,0.8653713464736938,0.8653713464736938,0.8653713464736938,600.0
1992-01-09,0.8653713464736938,0.8653713464736938,0.8653713464736938,0.8653713464736938,0.0
1992-01-10,0.8653713464736938,0.8653713464736938,0.8653713464736938,0.8653713464736938,0.0
1992-01-13,0.8653713464736938,0.8653713464736938,0.8653713464736938,0.8653713464736938,0.0
1992-01-14,0.8653713464736938,0.8653713464736938,0.8653713464736938,0.8653713464736938,0.0
1992-01-15,1.0817136764526367,1.0817136764526367,0.8653709411621093,1.0817136764526367,24900.0
1992-01-16,1.0817141281931024,1.0817141281931024,1.0276284217834473,1.0276284217834473,8200.0
1992-01-17,1.0817136764526367,1.0817136764526367,1.0817136764526367,1.0817136764526367,300.0
1992-01-20,1.0817136764526367,1.0817136764526367,1.0817136764526367,1.0817136764526367,200.0
1992-01-21,1.0817136764526367,1.0817136764526367,1.0817136764526367,1.0817136764526367,1000.0
1992-01-22,0.8653713464736938,0.8653713464736938,0.8653713464736938,0.8653713464736938,1000.0
1992-01-23,0.8653713464736938,0.8653713464736938,0.8653713464736938,0.8653713464736938,0.0
1992-01-24,0.8653713464736938,0.8653713464736938,0.8653713464736938,0.8653713464736938,0.0
1992-01-27,1.0817137631503018,1.189885139465332,1.0817137631503018,1.189885139465332,1200.0
1992-01-28,1.1357994079589844,1.1357994079589844,1.1357994079589844,1.1357994079589844,200.0
1992-01-29,1.1357994079589844,1.1357994079589844,1.1357994079589844,1.1357994079589844,0.0
1992-01-30,1.1357994079589844,1.1357994079589844,1.1357994079589844,1.1357994079589844,3200.0
1992-01-31,1.189885139465332,1.189885139465332,1.189885139465332,1.189885139465332,2900.0
1992-02-03,1.2980564117431639,1.2980564117431639,1.0817136764526367,1.0817136764526367,9800.0
1992-02-04,1.298056297302246,1.4062276554107667,1.081713581085205,1.3521419763565063,10000.0
1992-02-05,1.4062280893325807,1.6225708723068237,1.298056697845459,1.6225708723068237,25700.0
1992-02-06,1.62257078815909,1.947084945790908,1.62257078815909,1.8389135599136353,48900.0
1992-02-07,1.8389127320713468,2.0552554064326816,1.622570057710012,1.9470840692520142,239900.0
1992-02-10,2.05525598526001,2.1634273529052734,2.05525598526001,2.1634273529052734,10600.0
1992-02-11,2.1634273529052734,2.1634273529052734,1.947084617614746,2.1634273529052734,7700.0
1992-02-12,2.163428256386205,2.163428256386205,1.9470854307475842,2.0552568435668945,27200.0
1992-02-13,2.1634277175454533,2.1634277175454533,1.8389135599136353,1.8389135599136353,4700.0
1992-02-14,1.8389135599136353,1.8389135599136353,1.8389135599136353,1.8389135599136353,0.0
1992-02-18,1.8389140179282741,2.0552568435668945,1.8389140179282741,2.0552568435668945,2800.0
1992-02-19,1.9470840692520142,1.9470840692520142,1.9470840692520142,1.9470840692520142,2300.0
1992-02-20,1.9470840692520142,1.9470840692520142,1.9470840692520142,1.9470840692520142,0.0
1992-02-21,1.9470840692520142,1.9470840692520142,1.9470840692520142,1.9470840692520142,800.0
1992-02-24,1.7307421740363627,1.947084945790908,1.62257078815909,1.8389135599136353,39100.0
1992-02-25,1.6225708723068237,1.6225708723068237,1.6225708723068237,1.6225708723068237,100.0
1992-02-26,1.6225708723068237,1.6225708723068237,1.6225708723068237,1.6225708723068237,0.0
1992-02-27,1.6225708723068237,1.6225708723068237,1.6225708723068237,1.6225708723068237,0.0
1992-02-28,1.6766565680503847,1.6766565680503847,1.6225708723068237,1.6225708723068237,1200.0
1992-03-02,1.6225708723068237,1.6225708723068237,1.6225708723068237,1.6225708723068237,0.0
1992-03-03,1.6225708723068237,1.6225708723068237,1.6225708723068237,1.6225708723068237,0.0
1992-03-04,1.62257078815909,1.8389135599136353,1.62257078815909,1.8389135599136353,1900.0
1992-03-05,1.8389135599136353,1.8389135599136353,1.8389135599136353,1.8389135599136353,0.0
1992-03-06,1.8389135599136353,1.8389135599136353,1.8389135599136353,1.8389135599136353,200.0
1992-03-09,1.8389135599136353,1.8389135599136353,1.8389135599136353,1.8389135599136353,200.0
1992-03-10,1.8389135599136353,1.8389135599136353,1.8389135599136353,1.8389135599136353,1000.0
1992-03-11,1.8389135599136353,1.8389135599136353,1.8389135599136353,1.8389135599136353,400.0
1992-03-12,1.6766563653945923,1.6766563653945923,1.6766563653945923,1.6766563653945923,500.0
1992-03-13,1.622571274638176,1.7307426929473877,1.56848556548357,1.7307426929473877,11500.0
1992-03-16,1.568484608616148,1.6225702847753254,1.4062275801386153,1.5143989324569702,18200.0
1992-03-17,1.4062284231185913,1.6225712574445283,1.4062284231185913,1.4062284231185913,1700.0
1992-03-18,1.6225708723068237,1.6225708723068237,1.6225708723068237,1.6225708723068237,1000.0
1992-03-19,1.6225708723068237,1.6225708723068237,1.6225708723068237,1.6225708723068237,0.0
1992-03-20,1.4062284231185913,1.4062284231185913,1.4062284231185913,1.4062284231185913,3000.0
1992-03-23,1.4062277277310689,1.4062277277310689,1.2980563640594482,1.2980563640594482,2500.0
1992-03-24,1.0817136764526367,1.2980564117431639,1.0817136764526367,1.0817136764526367,2100.0
1992-03-25,1.0817136367162068,1.2980563640594482,1.0817136367162068,1.2980563640594482,2400.0
1992-03-26,1.0817137218656994,1.2980564662388394,1.0817137218656994,1.1357994079589844,4000.0
1992-03-27,1.2980566854062288,1.2980566854062288,1.2439709901809692,1.2439709901809692,2000.0
1992-03-30,1.1898850003878274,1.2980563640594482,1.1898850003878274,1.2980563640594482,5000.0
1992-03-31,1.189885139465332,1.189885139465332,1.189885139465332,1.189885139465332,2100.0
1992-04-01,1.2980570059556227,1.4062284231185913,1.1898855887926543,1.4062284231185913,4000.0
1992-04-02,1.4062278920953923,1.4062278920953923,1.189885139465332,1.189885139465332,4500.0
1992-04-03,1.1898852003381608,1.4062279640360082,1.1898852003381608,1.2710137367248535,5200.0
1992-04-06,1.189885139465332,1.189885139465332,1.189885139465332,1.189885139465332,1700.0
1992-04-07,1.1898850440979003,1.2980564117431639,1.0817136764526367,1.0817136764526367,5200.0
1992-04-08,1.0817136367162068,1.2980563640594482,1.0817136367162068,1.2980563640594482,2500.0
1992-04-09,0.9735422730445862,1.2980563640594482,0.9735422730445862,1.2980563640594482,600.0
1992-04-10,1.2980563640594482,1.2980563640594482,1.2980563640594482,1.2980563640594482,0.0
1992-04-13,1.2980563640594482,1.2980563640594482,1.2980563640594482,1.2980563640594482,0.0
1992-04-14,1.0817136367162068,1.2980563640594482,1.0817136367162068,1.2980563640594482,3200.0
1992-04-15,1.0817136764526367,1.0817136764526367,1.0817136764526367,1.0817136764526367,1000.0
1992-04-16,1.0817136764526367,1.0817136764526367,1.0817136764526367,1.0817136764526367,0.0
1992-04-20,1.0817136764526367,1.0817136764526367,1.0817136764526367,1.0817136764526367,0.0
1992-04-21,1.0817136764526367,1.0817136764526367,1.0817136764526367,1.0817136764526367,400.0
1992-04-22,1.0817136764526367,1.0817136764526367,1.0817136764526367,1.0817136764526367,0.0
1992-04-23,1.0817136764526367,1.0817136764526367,1.0817136764526367,1.0817136764526367,0.0
1992-04-24,1.0817136764526367,1.0817136764526367,1.0817136764526367,1.0817136764526367,500.0
1992-04-27,1.2980563640594482,1.2980563640594482,1.2980563640594482,1.2980563640594482,3000.0
1992-04-28,1.2980563640594482,1.2980563640594482,1.2980563640594482,1.2980563640594482,0.0
1992-04-29,1.2980566854062288,1.2980566854062288,1.2439709901809692,1.2439709901809692,5000.0
1992-04-30,1.2980563640594482,1.2980563640594482,1.2980563640594482,1.2980563640594482,400.0
1992-05-01,1.2980563640594482,1.2980563640594482,1.2439706822236378,1.2980563640594482,11800.0
1992-05-04,1.2980564117431639,1.2980564117431639,1.0817136764526367,1.0817136764526367,6900.0
1992-05-05,1.0817136764526367,1.0817136764526367,1.0817136764526367,1.0817136764526367,10000.0
1992-05-06,1.2439709901809692,1.2439709901809692,1.2439709901809692,1.2439709901809692,5000.0
1992-05-07,1.4062276554107667,1.4062276554107667,1.3521419763565063,1.3521419763565063,4500.0
1992-05-08,1.5143989324569702,1.5143989324569702,1.5143989324569702,1.5143989324569702,200.0
1992-05-11,1.5143989324569702,1.5143989324569702,1.5143989324569702,1.5143989324569702,0.0
1992-05-12,1.5143989324569702,1.5143989324569702,1.5143989324569702,1.5143989324569702,100.0
1992-05-13,1.5143989324569702,1.5143989324569702,1.5143989324569702,1.5143989324569702,0.0
1992-05-14,1.2980563640594482,1.2980563640594482,1.2980563640594482,1.2980563640594482,800.0
1992-05-15,1.2980563640594482,1.2980563640594482,1.2980563640594482,1.2980563640594482,0.0
1992-05-18,1.5143989324569702,1.5143989324569702,1.5143989324569702,1.5143989324569702,1000.0
1992-05-19,1.5143989324569702,1.5143989324569702,1.5143989324569702,1.5143989324569702,100.0
1992-05-20,1.5143989324569702,1.5143989324569702,1.5143989324569702,1.5143989324569702,0.0
1992-05-21,1.5143996168065954,1.5143996168065954,1.2980568144056532,1.4603139162063599,4400.0
1992-05-22,1.2980563640594482,1.2980563640594482,1.2980563640594482,1.2980563640594482,300.0
1992-05-26,1.2980563640594482,1.2980563640594482,1.2980563640594482,1.2980563640594482,0.0
1992-05-27,1.4062275801386153,1.5143989324569702,1.4062275801386153,1.5143989324569702,9400.0
1992-05-28,1.5143989324569702,1.5143989324569702,1.5143989324569702,1.5143989324569702,0.0
1992-05-29,1.5143990914026895,1.5143990914026895,1.2980563640594482,1.2980563640594482,300.0
1992-06-01,1.2980563640594482,1.2980563640594482,1.2980563640594482,1.2980563640594482,0.0
1992-06-02,1.5143989324569702,1.5143989324569702,1.5143989324569702,1.5143989324569702,200.0
1992-06-03,1.5143989324569702,1.5143989324569702,1.5143989324569702,1.5143989324569702,0.0
1992-06-04,1.5143989324569702,1.5143989324569702,1.5143989324569702,1.5143989324569702,0.0
1992-06-05,1.2980563640594482,1.2980563640594482,1.2980563640594482,1.2980563640594482,200.0
1992-06-08,1.2980563640594482,1.2980563640594482,1.2980563640594482,1.2980563640594482,0.0
1992-06-09,1.2980563640594482,1.2980563640594482,1.2980563640594482,1.2980563640594482,0.0
1992-06-10,1.5143989324569702,1.5143989324569702,1.5143989324569702,1.5143989324569702,500.0
1992-06-11,1.5143989324569702,1.5143989324569702,1.5143989324569702,1.5143989324569702,0.0
1992-06-12,1.5143989324569702,1.5143989324569702,1.5143989324569702,1.5143989324569702,0.0
1992-06-15,1.5143989324569702,1.5143989324569702,1.5143989324569702,1.5143989324569702,0.0
1992-06-16,1.2980570059556227,1.4062284231185913,1.2980570059556227,1.4062284231185913,1300.0
1992-06-17,1.4062284231185913,1.4062284231185913,1.4062284231185913,1.4062284231185913,0.0
1992-06-18,1.4062284231185913,1.4062284231185913,1.4062284231185913,1.4062284231185913,0.0
1992-06-19,1.2980563640594482,1.2980563640594482,1.2980563640594482,1.2980563640594482,400.0
1992-06-22,1.2980563640594482,1.2980563640594482,1.2980563640594482,1.2980563640594482,0.0
1992-06-23,1.2980563640594482,1.2980563640594482,1.2980563640594482,1.2980563640594482,0.0
1992-06-24,1.2980563640594482,1.2980563640594482,1.2980563640594482,1.2980563640594482,200.0
1992-06-25,1.2980563640594482,1.2980563640594482,1.2980563640594482,1.2980563640594482,1200.0
1992-06-26,1.2980563640594482,1.2980563640594482,1.2980563640594482,1.2980563640594482,0.0
1992-06-29,1.3521419763565063,1.3521419763565063,1.298056297302246,1.3521419763565063,7200.0
1992-06-30,1.2980563640594482,1.4062277277310689,1.2980563640594482,1.2980563640594482,4900.0
1992-07-01,1.2980563640594482,1.2980563640594482,1.2980563640594482,1.2980563640594482,0.0
1992-07-02,1.4062284231185913,1.4062284231185913,1.4062284231185913,1.4062284231185913,1000.0
1992-07-06,1.4062277277310689,1.4062277277310689,1.2980563640594482,1.2980563640594482,3800.0
1992-07-07,1.2980563640594482,1.2980563640594482,1.2980563640594482,1.2980563640594482,0.0
1992-07-08,1.2980563640594482,1.3521420458952584,1.2980563640594482,1.2980563640594482,4500.0
1992-07-09,1.2980563640594482,1.2980563640594482,1.2980563640594482,1.2980563640594482,0.0
1992-07-10,1.2980563640594482,1.2980563640594482,1.2980563640594482,1.2980563640594482,0.0
1992-07-13,1.2980563640594482,1.2980563640594482,1.2980563640594482,1.2980563640594482,0.0
1992-07-14,1.2980563640594482,1.2980563640594482,1.2980563640594482,1.2980563640594482,3000.0
1992-07-15,1.2980563640594482,1.2980563640594482,1.2980563640594482,1.2980563640594482,0.0
1992-07-16,1.4062284231185913,1.4062284231185913,1.4062284231185913,1.4062284231185913,1400.0
1992-07-17,1.1898855887926543,1.4062284231185913,1.1898855887926543,1.4062284231185913,6600.0
1992-07-20,1.4062284231185913,1.4062284231185913,1.4062284231185913,1.4062284231185913,0.0
1992-07-21,1.1898850003878274,1.2980563640594482,1.1898850003878274,1.2980563640594482,10000.0
1992-07-22,1.1898855887926543,1.4062284231185913,1.1898855887926543,1.4062284231185913,3700.0
1992-07-23,1.4062278920953923,1.4062278920953923,1.189885139465332,1.189885139465332,15000.0
1992-07-24,1.189885139465332,1.189885139465332,1.189885139465332,1.189885139465332,1000.0
1992-07-27,1.4062276554107667,1.4062276554107667,1.3521419763565063,1.3521419763565063,2900.0
1992-07-28,1.3521419763565063,1.3521419763565063,1.3521419763565063,1.3521419763565063,0.0
1992-07-29,1.1898850003878274,1.2980563640594482,1.1898850003878274,1.2980563640594482,11600.0
1992-07-30,1.1898852949557097,1.2980566854062288,1.1898852949557097,1.2439709901809692,10600.0
1992-07-31,1.2980566854062288,1.2980566854062288,1.2439709901809692,1.2439709901809692,2000.0
1992-08-03,1.2439709901809692,1.2439709901809692,1.2439709901809692,1.2439709901809692,0.0
1992-08-04,1.2439706822236378,1.2980563640594482,1.2439706822236378,1.2980563640594482,600.0
1992-08-05,1.2980563640594482,1.2980563640594482,1.2980563640594482,1.2980563640594482,1000.0
1992-08-06,1.2439709901809692,1.2439709901809692,1.2439709901809692,1.2439709901809692,300.0
1992-08-07,1.189885139465332,1.189885139465332,1.189885139465332,1.189885139465332,1000.0
1992-08-10,1.1898850440979003,1.1898850440979003,1.0817136764526367,1.0817136764526367,1300.0
1992-08-11,1.1357993185520172,1.2980563640594482,1.1357993185520172,1.2980563640594482,800.0
1992-08-12,1.2980564117431639,1.2980564117431639,1.0817136764526367,1.0817136764526367,4500.0
1992-08-13,1.1628424473430798,1.2439709901809692,1.1628424473430798,1.2439709901809692,8000.0
1992-08-14,1.0817136764526367,1.0817136764526367,1.0817136764526367,1.0817136764526367,100.0
1992-08-17,1.2439709901809692,1.2439709901809692,1.2439709901809692,1.2439709901809692,400.0
1992-08-18,1.2439709901809692,1.2439709901809692,1.2439709901809692,1.2439709901809692,0.0
1992-08-19,1.2980563640594482,1.2980563640594482,1.2980563640594482,1.2980563640594482,1000.0
1992-08-20,1.2980563640594482,1.2980563640594482,1.2980563640594482,1.2980563640594482,0.0
1992-08-21,1.2980563640594482,1.2980563640594482,1.2980563640594482,1.2980563640594482,0.0
1992-08-24,1.0817136764526367,1.1898850440979003,1.0817136764526367,1.0817136764526367,10200.0
1992-08-25,1.1898850940522694,1.1898850940522694,1.1357994079589844,1.1357994079589844,2000.0
1992-08-26,1.1357994079589844,1.1357994079589844,1.1357994079589844,1.1357994079589844,0.0
1992-08-27,1.1357994079589844,1.1357994079589844,1.1357994079589844,1.1357994079589844,0.0
1992-08-28,1.1357994079589844,1.1357994079589844,1.1357994079589844,1.1357994079589844,0.0
1992-08-31,1.1357994079589844,1.1357994079589844,1.1357994079589844,1.1357994079589844,0.0
1992-09-01,1.1357994079589844,1.1357994079589844,1.1357994079589844,1.1357994079589844,0.0
1992-09-02,1.189885139465332,1.189885139465332,1.189885139465332,1.189885139465332,1000.0
1992-09-03,0.8653713464736938,0.8653713464736938,0.8653713464736938,0.8653713464736938,300.0
1992-09-04,1.189885139465332,1.189885139465332,1.189885139465332,1.189885139465332,5000.0
1992-09-08,1.189885139465332,1.189885139465332,1.189885139465332,1.189885139465332,400.0
1992-09-09,1.189885139465332,1.189885139465332,1.189885139465332,1.189885139465332,0.0
1992-09-10,1.135799451307817,1.189885139465332,1.135799451307817,1.189885139465332,7800.0
1992-09-11,1.2980563640594482,1.2980563640594482,1.2980563640594482,1.2980563640594482,200.0
1992-09-14,1.298056297302246,1.4062276554107667,1.081713581085205,1.3521419763565063,8600.0
1992-09-15,1.3521419763565063,1.3521419763565063,1.3521419763565063,1.3521419763565063,0.0
1992-09-16,1.4062284231185913,1.4062284231185913,1.4062284231185913,1.4062284231185913,600.0
1992-09-17,1.4062284231185913,1.4062284231185913,1.4062284231185913,1.4062284231185913,300.0
1992-09-18,1.1898850003878274,1.2980563640594482,1.1898850003878274,1.2980563640594482,1300.0
1992-09-21,1.4062284231185913,1.4062284231185913,1.4062284231185913,1.4062284231185913,1100.0
1992-09-22,1.189885139465332,1.189885139465332,1.189885139465332,1.189885139465332,1500.0
1992-09-23,1.3521423806314883,1.3521423806314883,1.2439709901809692,1.2439709901809692,12500.0
1992-09-24,1.2439709901809692,1.2439709901809692,1.2439709901809692,1.2439709901809692,0.0
1992-09-25,1.189885139465332,1.189885139465332,1.189885139465332,1.189885139465332,700.0
1992-09-28,1.189885139465332,1.189885139465332,1.189885139465332,1.189885139465332,0.0
1992-09-29,1.0817136764526367,1.0817136764526367,1.0817136764526367,1.0817136764526367,100.0
1992-09-30,1.0817136764526367,1.0817136764526367,1.0817136764526367,1.0817136764526367,0.0
1992-10-01,1.0817136764526367,1.0817136764526367,1.0817136764526367,1.0817136764526367,0.0
1992-10-02,1.0817136764526367,1.0817136764526367,1.0817136764526367,1.0817136764526367,0.0
1992-10-05,1.0817136764526367,1.0817136764526367,1.0817136764526367,1.0817136764526367,0.0
1992-10-06,1.0817136764526367,1.0817136764526367,1.0817136764526367,1.0817136764526367,0.0
1992-10-07,1.2980563640594482,1.2980563640594482,1.2980563640594482,1.2980563640594482,1500.0
1992-10-08,1.2980565157803623,1.2980565157803623,1.189885139465332,1.189885139465332,11700.0
1992-10-09,1.189885139465332,1.189885139465332,1.189885139465332,1.189885139465332,0.0
1992-10-12,1.189885139465332,1.189885139465332,1.189885139465332,1.189885139465332,0.0
1992-10-13,1.0817136764526367,1.0817136764526367,1.0817136764526367,1.0817136764526367,1900.0
1992-10-14,1.0817136764526367,1.0817136764526367,1.0817136764526367,1.0817136764526367,0.0
1992-10-15,1.2980566854062288,1.2980566854062288,1.2439709901809692,1.2439709901809692,2000.0
1992-10-16,1.2439709901809692,1.2439709901809692,1.2439709901809692,1.2439709901809692,0.0
1992-10-19,1.2439709901809692,1.2439709901809692,1.2439709901809692,1.2439709901809692,0.0
1992-10-20,1.2980563640594482,1.2980563640594482,1.2980563640594482,1.2980563640594482,200.0
1992-10-21,1.2980563640594482,1.2980563640594482,1.2980563640594482,1.2980563640594482,0.0
1992-10-22,1.2980563640594482,1.2980563640594482,1.2980563640594482,1.2980563640594482,0.0
1992-10-23,1.0817136764526367,1.0817136764526367,1.0817136764526367,1.0817136764526367,1200.0
1992-10-26,1.0817136764526367,1.0817136764526367,1.0817136764526367,1.0817136764526367,0.0
1992-10-27,1.2980563640594482,1.2980563640594482,1.2980563640594482,1.2980563640594482,300.0
1992-10-28,1.2710138377935989,1.2980566854062288,1.2439709901809692,1.2439709901809692,9000.0
1992-10-29,1.4062284231185913,1.4062284231185913,1.4062284231185913,1.4062284231185913,100.0
1992-10-30,1.4062284231185913,1.4062284231185913,1.4062284231185913,1.4062284231185913,0.0
1992-11-02,1.3521419763565063,1.3521419763565063,1.3521419763565063,1.3521419763565063,1000.0
1992-11-03,1.3521419763565063,1.3521419763565063,1.3521419763565063,1.3521419763565063,0.0
1992-11-04,1.189885139465332,1.189885139465332,1.189885139465332,1.189885139465332,3200.0
1992-11-05,1.189885139465332,1.189885139465332,1.189885139465332,1.189885139465332,800.0
1992-11-06,1.2439708276228472,1.3521422039378772,1.189885139465332,1.189885139465332,15900.0
1992-11-09,1.1898849391937256,1.3521419763565063,1.1898849391937256,1.3521419763565063,1200.0
1992-11-10,1.2980563640594482,1.2980563640594482,1.2980563640594482,1.2980563640594482,200.0
1992-11-11,1.2980563640594482,1.2980563640594482,1.2980563640594482,1.2980563640594482,4000.0
1992-11-12,1.189885139465332,1.189885139465332,1.189885139465332,1.189885139465332,4000.0
1992-11-13,1.189885139465332,1.189885139465332,1.189885139465332,1.189885139465332,2500.0
1992-11-16,1.1898850003878274,1.2980563640594482,1.1898850003878274,1.2980563640594482,4100.0
1992-11-17,1.2980564117431639,1.2980564117431639,1.0817136764526367,1.0817136764526367,4900.0
1992-11-18,1.0817136764526367,1.0817136764526367,1.0817136764526367,1.0817136764526367,3400.0
1992-11-19,1.2980563640594482,1.2980563640594482,1.2980563640594482,1.2980563640594482,3000.0
1992-11-20,1.1898850003878274,1.2980563640594482,1.0817136367162068,1.2980563640594482,10600.0
1992-11-23,1.2980563640594482,1.2980563640594482,1.2980563640594482,1.2980563640594482,2000.0
1992-11-24,1.2980563640594482,1.2980563640594482,1.2980563640594482,1.2980563640594482,0.0
1992-11-25,1.0817136764526367,1.0817136764526367,1.0817136764526367,1.0817136764526367,100.0
1992-11-27,1.0817136764526367,1.0817136764526367,1.0817136764526367,1.0817136764526367,0.0
1992-11-30,1.0817136367162068,1.2980563640594482,1.0817136367162068,1.2980563640594482,1100.0
1992-12-01,1.0817136764526367,1.1357993602752685,1.0817136764526367,1.0817136764526367,73100.0
1992-12-02,1.0817136367162068,1.2980563640594482,1.0817136367162068,1.2980563640594482,93800.0
1992-12-03,1.1357993185520172,1.2980563640594482,1.1357993185520172,1.2980563640594482,2600.0
1992-12-04,1.1898852949557097,1.4062280758567478,1.1898852949557097,1.2439709901809692,31500.0
1992-12-07,1.1898849391937256,1.3521419763565063,1.1898849391937256,1.3521419763565063,9700.0
1992-12-08,1.3521420458952584,1.4062277277310689,1.2980563640594482,1.2980563640594482,88200.0
1992-12-09,1.2980562845865886,1.460313320159912,1.1898849275377061,1.2169277667999268,18300.0
1992-12-10,1.189885139465332,1.2980565157803623,1.189885139465332,1.189885139465332,12500.0
1992-12-11,1.0817137631503018,1.189885139465332,1.0817137631503018,1.189885139465332,5800.0
1992-12-14,1.0817137631503018,1.189885139465332,0.9735423868352716,1.189885139465332,13000.0
1992-12-15,1.1357994079589844,1.1357994079589844,1.1357994079589844,1.1357994079589844,200.0
1992-12-16,1.1898850440979003,1.1898850440979003,1.0817136764526367,1.0817136764526367,10400.0
1992-12-17,1.1898850003878274,1.2980563640594482,1.1898850003878274,1.2980563640594482,20300.0
1992-12-18,1.2980563640594482,1.5143990914026895,1.1898850003878274,1.2980563640594482,11100.0
1992-12-21,1.5143989324569702,1.5143989324569702,1.1898848755019051,1.5143989324569702,4700.0
1992-12-22,1.51439984028156,1.51439984028156,1.2439712973741384,1.4062284231185913,295800.0
1992-12-23,1.2980558287422612,1.460312807335044,1.2980558287422612,1.43326997756958,337600.0
1992-12-24,1.4603132562977927,1.568484608616148,1.4062275801386153,1.5143989324569702,107000.0
1992-12-28,1.568484608616148,1.568484608616148,1.5143989324569702,1.5143989324569702,225700.0
1992-12-29,1.5143989324569702,1.5143989324569702,1.3521419039794378,1.5143989324569702,113600.0
1992-12-30,1.514399013519287,1.514399013519287,1.3521419763565063,1.3521419763565063,88300.0
1992-12-31,1.3521425150058888,1.4603139162063599,1.3521425150058888,1.4603139162063599,44000.0
1993-01-04,1.3521425150058888,1.4603139162063599,1.3521425150058888,1.4603139162063599,67600.0
1993-01-05,1.3521419039794378,1.568484608616148,1.3521419039794378,1.5143989324569702,308600.0
1993-01-06,1.568485140800476,1.568485140800476,1.4603137517797535,1.568485140800476,153000.0
1993-01-07,1.568485140800476,1.568485140800476,1.4603137517797535,1.568485140800476,112300.0
1993-01-08,1.4873565990349342,1.568485140800476,1.4603137517797535,1.568485140800476,179500.0
1993-01-11,1.568485140800476,1.568485140800476,1.4062280572693924,1.568485140800476,102000.0
1993-01-12,1.568485317406831,1.568485317406831,1.433271065906242,1.4603139162063599,66100.0
1993-01-13,1.5143996168065954,1.568485317406831,1.4062282156061243,1.4603139162063599,140000.0
1993-01-14,1.568485176563263,1.6766565680503847,1.4603137850761414,1.6225708723068237,212400.0
1993-01-15,1.7307421150854079,1.7307421150854079,1.568485041796151,1.5955278873443604,454100.0
1993-01-18,1.7307426929473877,1.7307426929473877,1.56848556548357,1.7307426929473877,96100.0
1993-01-19,1.7307422637939454,1.7307422637939454,1.568485176563263,1.6225708723068237,177300.0
1993-01-20,1.7307422243315598,1.7307422243315598,1.568485140800476,1.568485140800476,131700.0
1993-01-21,1.56848556548357,1.7307426929473877,1.56848556548357,1.7307426929473877,113500.0
1993-01-22,1.7307422243315598,1.7307422243315598,1.568485140800476,1.568485140800476,205100.0
1993-01-25,1.56848556548357,1.7307426929473877,1.56848556548357,1.7307426929473877,184500.0
1993-01-26,1.7307426929473877,1.7307426929473877,1.622571274638176,1.7307426929473877,133300.0
1993-01-27,1.7307420546008694,1.7307420546008694,1.622570676188315,1.6766563653945923,255100.0
1993-01-28,1.7848277438071465,1.7848277438071465,1.6766563653945923,1.6766563653945923,390300.0
1993-01-29,1.757784899204008,1.7848277438071465,1.6766563653945923,1.6766563653945923,41500.0
1993-02-01,1.7848273515701294,1.7848273515701294,1.6766559969295156,1.7848273515701294,51800.0
1993-02-02,1.6766569837927818,1.7848284021019936,1.6766569837927818,1.7307426929473877,84100.0
1993-02-03,1.7848273515701294,1.7848273515701294,1.6766559969295156,1.7848273515701294,179100.0
1993-02-04,1.8389134330134238,1.8389134330134238,1.6766563653945923,1.6766563653945923,270300.0
1993-02-05,1.7848277438071465,1.8389134330134238,1.6766563653945923,1.6766563653945923,145400.0
1993-02-08,1.8389135599136353,1.8389135599136353,1.6766564810977262,1.8389135599136353,68000.0
1993-02-09,1.7307421740363627,1.8389135599136353,1.7307421740363627,1.8389135599136353,179900.0
1993-02-10,1.838913540341961,1.838913540341961,1.7307421556159632,1.8118706941604614,198300.0
1993-02-11,1.8389141112565994,1.8389141112565994,1.7307426929473877,1.7307426929473877,180400.0
1993-02-12,1.7848284021019936,1.8389141112565994,1.7307426929473877,1.7307426929473877,51500.0
1993-02-16,1.838913327171689,1.838913327171689,1.676656268891834,1.7036991119384766,75200.0
1993-02-17,1.784827641078404,1.784827641078404,1.676656268891834,1.7036991119384766,169000.0
1993-02-18,1.7307420546008694,1.7848277438071465,1.6766563653945923,1.6766563653945923,33000.0
1993-02-19,1.7307420546008694,1.7848277438071465,1.6766563653945923,1.6766563653945923,116100.0
1993-02-22,1.7307420546008694,1.7307420546008694,1.6766563653945923,1.6766563653945923,58600.0
1993-02-23,1.6766569497155361,1.730742657770876,1.6225712416601963,1.6496140956878662,55000.0
1993-02-24,1.6225708723068237,1.7307422637939454,1.6225708723068237,1.6225708723068237,71400.0
1993-02-25,1.6225708723068237,1.7307422637939454,1.568485176563263,1.6225708723068237,43900.0
1993-02-26,1.7307422637939454,1.7307422637939454,1.6225708723068237,1.6225708723068237,50600.0
1993-03-01,1.6225708723068237,1.6766565680503847,1.6225708723068237,1.6225708723068237,105500.0
1993-03-02,1.6225708723068237,1.7307422637939454,1.6225708723068237,1.6225708723068237,37700.0
1993-03-03,1.649614129215479,1.7307426929473877,1.622571274638176,1.7307426929473877,207500.0
1993-03-04,1.7307426929473877,1.8389141112565994,1.7307426929473877,1.7307426929473877,68100.0
1993-03-05,1.7307426929473877,1.8389141112565994,1.7307426929473877,1.7307426929473877,30500.0
1993-03-08,1.784827866974999,1.8929992528522717,1.7307421740363627,1.8389135599136353,406500.0
1993-03-09,1.8929987062107434,1.8929987062107434,1.7848273515701294,1.7848273515701294,217600.0
1993-03-10,1.8929992528522717,1.947084945790908,1.8389135599136353,1.8389135599136353,84800.0
1993-03-11,1.9470849250679587,1.9470849250679587,1.784827847978962,1.8118706941604614,75100.0
1993-03-12,1.8389141112565994,1.8389141112565994,1.7307426929473877,1.7307426929473877,62600.0
1993-03-15,1.8389141112565994,1.8389141112565994,1.7307426929473877,1.7307426929473877,45000.0
1993-03-16,1.8389135599136353,1.8389135599136353,1.7307421740363627,1.8389135599136353,63600.0
1993-03-17,1.8389135599136353,1.8389135599136353,1.7307421740363627,1.8389135599136353,3700.0
1993-03-18,1.7307421740363627,1.8389135599136353,1.7307421740363627,1.8389135599136353,33100.0
1993-03-19,1.7307426929473877,1.8389141112565994,1.7307426929473877,1.7307426929473877,18200.0
1993-03-22,1.8389134330134238,1.8389134330134238,1.6766563653945923,1.6766563653945923,94700.0
1993-03-23,1.784827641078404,1.784827641078404,1.676656268891834,1.7036991119384766,47800.0
1993-03-24,1.7307416742498225,1.7848273515701294,1.6766559969295156,1.7848273515701294,131400.0
1993-03-25,1.784827866974999,1.8659564063829535,1.7307421740363627,1.8389135599136353,98800.0
1993-03-26,1.8389135599136353,1.8929992528522717,1.784827866974999,1.8389135599136353,24500.0
1993-03-29,1.8930001258850098,1.8930001258850098,1.784828690120152,1.8930001258850098,74000.0
1993-03-30,1.8930001258850098,1.8930001258850098,1.784828690120152,1.8930001258850098,8000.0
1993-03-31,1.8929987062107434,1.8929987062107434,1.7848273515701294,1.7848273515701294,20800.0
1993-04-01,1.8929987062107434,1.8929987062107434,1.7848273515701294,1.7848273515701294,29600.0
1993-04-02,1.784827866974999,1.8929992528522717,1.784827866974999,1.8389135599136353,60200.0
1993-04-05,1.7848292537357497,1.8930007236591284,1.7848292537357497,1.8659578561782837,14500.0
1993-04-06,1.8389135599136353,1.8929992528522717,1.784827866974999,1.8389135599136353,37600.0
1993-04-07,1.7848273515701294,1.7848273515701294,1.7848273515701294,1.7848273515701294,3900.0
1993-04-08,1.784828690120152,1.8930001258850098,1.784828690120152,1.8930001258850098,17300.0
1993-04-12,1.8929987062107434,1.8929987062107434,1.7848273515701294,1.7848273515701294,39500.0
1993-04-13,1.8929992528522717,1.8929992528522717,1.784827866974999,1.8389135599136353,68100.0
1993-04-14,1.8929992528522717,1.947084945790908,1.784827866974999,1.8389135599136353,87100.0
1993-04-15,1.8389130288904365,1.8929987062107434,1.7848273515701294,1.7848273515701294,27900.0
1993-04-16,1.7848284021019936,1.8929998204112053,1.7307426929473877,1.7307426929473877,22100.0
1993-04-19,1.8389135599136353,1.8389135599136353,1.7307421740363627,1.8389135599136353,48000.0
1993-04-20,1.7848284021019936,1.8389141112565994,1.6766569837927818,1.7307426929473877,57300.0
1993-04-21,1.6766563653945923,1.8389134330134238,1.6766563653945923,1.6766563653945923,1300.0
1993-04-22,1.838913655281067,1.838913655281067,1.6225708723068237,1.6225708723068237,61700.0
1993-04-23,1.568485176563263,1.7307422637939454,1.568485176563263,1.6225708723068237,35200.0
1993-04-26,1.568484608616148,1.7307416370936803,1.5143989324569702,1.5143989324569702,27700.0
1993-04-27,1.514399480819702,1.6225708723068237,1.4062280893325807,1.6225708723068237,53300.0
1993-04-28,1.568485140800476,1.6225708353108372,1.5143994462901147,1.568485140800476,20800.0
1993-04-29,1.6225708723068237,1.6225708723068237,1.514399480819702,1.6225708723068237,32300.0
1993-04-30,1.6225702847753254,1.6225702847753254,1.5143989324569702,1.5143989324569702,3100.0
1993-05-03,1.6225702847753254,1.6225702847753254,1.5143989324569702,1.5143989324569702,1600.0
1993-05-04,1.514399480819702,1.6225708723068237,1.514399480819702,1.6225708723068237,17300.0
1993-05-05,1.6225708723068237,1.6225708723068237,1.6225708723068237,1.6225708723068237,2400.0
1993-05-06,1.568484608616148,1.6225702847753254,1.5143989324569702,1.5143989324569702,5400.0
1993-05-07,1.5143989324569702,1.568484608616148,1.4603132562977927,1.5143989324569702,11200.0
1993-05-10,1.568485140800476,1.568485140800476,1.4603137517797535,1.568485140800476,5200.0
1993-05-11,1.568484608616148,1.568484608616148,1.4603132562977927,1.5143989324569702,11800.0
1993-05-12,1.6225708723068237,1.6225708723068237,1.514399480819702,1.6225708723068237,122800.0
1993-05-13,1.649614129215479,1.7307426929473877,1.5143998563289642,1.7307426929473877,188400.0
1993-05-14,1.622571274638176,1.7307426929473877,1.622571274638176,1.7307426929473877,34100.0
1993-05-17,1.622571274638176,1.7307426929473877,1.622571274638176,1.7307426929473877,116700.0
1993-05-18,1.622571274638176,1.7307426929473877,1.622571274638176,1.7307426929473877,51300.0
1993-05-19,1.622570676188315,1.7307420546008694,1.622570676188315,1.6766563653945923,36900.0
1993-05-20,1.7848284021019936,1.7848284021019936,1.622571274638176,1.7307426929473877,42900.0
1993-05-21,1.7848277438071465,1.7848277438071465,1.622570676188315,1.6766563653945923,98200.0
1993-05-24,1.622571274638176,1.7307426929473877,1.622571274638176,1.7307426929473877,24300.0
1993-05-25,1.7307422637939454,1.784827959537506,1.6225708723068237,1.6225708723068237,13000.0
1993-05-26,1.6225708723068237,1.784827959537506,1.6225708723068237,1.6225708723068237,9600.0
1993-05-27,1.784827959537506,1.784827959537506,1.6225708723068237,1.6225708723068237,33400.0
1993-05-28,1.568485176563263,1.6225708723068237,1.568485176563263,1.6225708723068237,1000.0
1993-06-01,1.6225708723068237,1.7307422637939454,1.6225708723068237,1.6225708723068237,11400.0
1993-06-02,1.7307422637939454,1.7307422637939454,1.6225708723068237,1.6225708723068237,4900.0
1993-06-03,1.622571274638176,1.7307426929473877,1.622571274638176,1.7307426929473877,20900.0
1993-06-04,1.7307422637939454,1.7307422637939454,1.6225708723068237,1.6225708723068237,74600.0
1993-06-07,1.7307422637939454,1.7307422637939454,1.6225708723068237,1.6225708723068237,18400.0
1993-06-08,1.6766565680503847,1.7307422637939454,1.568485176563263,1.6225708723068237,149000.0
1993-06-09,1.514399480819702,1.6766565680503847,1.514399480819702,1.6225708723068237,10700.0
1993-06-10,1.6225702847753254,1.6766559609345029,1.5143989324569702,1.5143989324569702,56800.0
1993-06-11,1.6766563653945923,1.6766563653945923,1.5143992977757608,1.6766563653945923,44600.0
1993-06-14,1.6766559609345029,1.6766559609345029,1.5143989324569702,1.5143989324569702,29900.0
1993-06-15,1.6766563653945923,1.6766563653945923,1.5143992977757608,1.6766563653945923,20600.0
1993-06-16,1.6766565298211986,1.6766565298211986,1.568485140800476,1.568485140800476,20800.0
1993-06-17,1.6225708723068237,1.6225708723068237,1.568485176563263,1.6225708723068237,16600.0
1993-06-18,1.568485176563263,1.6766565680503847,1.568485176563263,1.6225708723068237,13900.0
1993-06-21,1.568485140800476,1.6766565298211986,1.568485140800476,1.568485140800476,29200.0
1993-06-22,1.6766563653945923,1.6766563653945923,1.5684849869820379,1.6766563653945923,20400.0
1993-06-23,1.6766563653945923,1.6766563653945923,1.5684849869820379,1.6766563653945923,21800.0
1993-06-24,1.622570676188315,1.6766563653945923,1.5684849869820379,1.6766563653945923,46000.0
1993-06-25,1.6766565298211986,1.6766565298211986,1.568485140800476,1.568485140800476,38000.0
1993-06-28,1.6766569837927818,1.7307426929473877,1.56848556548357,1.7307426929473877,216400.0
1993-06-29,1.7307422243315598,1.7307422243315598,1.568485140800476,1.568485140800476,28200.0
1993-06-30,1.7307426929473877,1.7307426929473877,1.56848556548357,1.7307426929473877,18500.0
1993-07-01,1.568485140800476,1.7307422243315598,1.568485140800476,1.568485140800476,18400.0
1993-07-02,1.7307422243315598,1.7307422243315598,1.568485140800476,1.568485140800476,27900.0
1993-07-06,1.7307422243315598,1.7307422243315598,1.568485140800476,1.568485140800476,24300.0
1993-07-07,1.7307426929473877,1.7307426929473877,1.56848556548357,1.7307426929473877,16500.0
1993-07-08,1.7307422243315598,1.7307422243315598,1.568485140800476,1.568485140800476,1700.0
1993-07-09,1.7307420546008694,1.7307420546008694,1.5684849869820379,1.6766563653945923,77200.0
1993-07-12,1.6766569837927818,1.7848284021019936,1.6766569837927818,1.7307426929473877,41100.0
1993-07-13,1.7848273515701294,1.7848273515701294,1.6766559969295156,1.7848273515701294,54000.0
1993-07-14,1.7848277438071465,1.7848277438071465,1.6766563653945923,1.6766563653945923,9900.0
1993-07-15,1.7307420546008694,1.7848277438071465,1.6766563653945923,1.6766563653945923,37400.0
1993-07-16,1.7848273515701294,1.7848273515701294,1.6766559969295156,1.7848273515701294,38700.0
1993-07-19,1.7848275661468505,1.7848275661468505,1.7307418823242187,1.7577847242355347,123200.0
1993-07-20,1.8389141112565994,1.8389141112565994,1.7307426929473877,1.7307426929473877,12500.0
1993-07-21,1.8389135599136353,1.8389135599136353,1.7307421740363627,1.8389135599136353,133000.0
1993-07-22,1.8389135599136353,1.8389135599136353,1.7307421740363627,1.8389135599136353,29200.0
1993-07-23,1.8389135599136353,1.8389135599136353,1.7307421740363627,1.8389135599136353,65800.0
1993-07-26,1.8389135599136353,1.8389135599136353,1.7307421740363627,1.8389135599136353,14900.0
1993-07-27,1.8389130288904365,1.8389130288904365,1.7307416742498225,1.7848273515701294,17700.0
1993-07-28,1.8389130288904365,1.8389130288904365,1.7307416742498225,1.7848273515701294,32300.0
1993-07-29,1.784827866974999,1.8389135599136353,1.7307421740363627,1.8389135599136353,311500.0
1993-07-30,1.7307426929473877,1.8389141112565994,1.7307426929473877,1.7307426929473877,18300.0
1993-08-02,1.7307421556159632,1.838913540341961,1.7307421556159632,1.8118706941604614,65300.0
1993-08-03,1.838914988697439,1.9470864586208179,1.7307435187740603,1.8659578561782837,137400.0
1993-08-04,1.838914408002581,1.9470858437674385,1.838914408002581,1.8930001258850098,58300.0
1993-08-05,1.94708570772714,1.94708570772714,1.8389142795200766,1.8524357080459595,47600.0
1993-08-06,1.9470858437674385,1.9470858437674385,1.838914408002581,1.8930001258850098,49300.0
1993-08-09,1.8929985729423728,2.0011699199676514,1.8929985729423728,2.0011699199676514,315800.0
1993-08-10,2.0011707364696343,2.0011707364696343,1.947085040889374,1.9741278886795044,128900.0
1993-08-11,1.947084246455012,2.0011699199676514,1.947084246455012,2.0011699199676514,40200.0
1993-08-12,1.947085040889374,2.0011707364696343,1.947085040889374,1.9741278886795044,59200.0
1993-08-13,1.9470840692520142,2.001169737842348,1.9470840692520142,1.9470840692520142,76000.0
1993-08-16,2.0011715616498673,2.0011715616498673,1.8930001258850098,1.8930001258850098,87100.0
1993-08-17,2.001169737842348,2.001169737842348,1.8929984006616805,1.9470840692520142,11400.0
1993-08-18,2.0011706387295445,2.0011706387295445,1.8389135599136353,1.8389135599136353,27900.0
1993-08-19,2.001169737842348,2.001169737842348,1.8389127320713468,1.9470840692520142,69500.0
1993-08-20,1.8389127320713468,1.9470840692520142,1.8389127320713468,1.9470840692520142,42100.0
1993-08-23,1.9470840692520142,1.9470840692520142,1.8389127320713468,1.9470840692520142,12700.0
1993-08-24,1.9470840692520142,1.9470840692520142,1.8389127320713468,1.9470840692520142,73800.0
1993-08-25,1.8930001258850098,1.9470858437674385,1.838914408002581,1.8930001258850098,11800.0
1993-08-26,1.8389127320713468,1.9470840692520142,1.8389127320713468,1.9470840692520142,7400.0
1993-08-27,1.9470864586208179,1.9470864586208179,1.838914988697439,1.8659578561782837,4900.0
1993-08-30,1.9470840692520142,1.9470840692520142,1.8389127320713468,1.9470840692520142,41000.0
1993-08-31,1.9470858437674385,2.0011715616498673,1.838914408002581,1.8930001258850098,242100.0
1993-09-01,1.8929985729423728,2.0011699199676514,1.8929985729423728,2.0011699199676514,26000.0
1993-09-02,1.8929985729423728,2.0011699199676514,1.8929985729423728,2.0011699199676514,8800.0
1993-09-03,1.8929985729423728,2.0011699199676514,1.8929985729423728,2.0011699199676514,3500.0
1993-09-07,2.0011715616498673,2.0011715616498673,1.8930001258850098,1.8930001258850098,13300.0
1993-09-08,1.8929984006616805,2.001169737842348,1.8929984006616805,1.9470840692520142,68900.0
1993-09-09,2.0011699199676514,2.0011699199676514,1.8929985729423728,2.0011699199676514,39400.0
1993-09-10,2.0011715616498673,2.0011715616498673,1.8930001258850098,1.8930001258850098,8700.0
1993-09-13,2.001169737842348,2.001169737842348,1.9470840692520142,1.9470840692520142,81700.0
1993-09-14,2.001169737842348,2.001169737842348,1.8929984006616805,1.9470840692520142,22100.0
1993-09-15,2.0011699199676514,2.0011699199676514,1.8929985729423728,2.0011699199676514,98300.0
1993-09-16,2.0011711371572396,2.0552568435668945,1.9470854307475842,2.0552568435668945,68200.0
1993-09-17,2.0552555934802905,2.0552555934802905,1.947084246455012,2.0011699199676514,74400.0
1993-09-20,2.0552568435668945,2.0552568435668945,1.9470854307475842,2.0552568435668945,15000.0
1993-09-21,2.0552555934802905,2.0552555934802905,1.947084246455012,2.0011699199676514,73000.0
1993-09-22,2.0011711371572396,2.0552568435668945,1.9470854307475842,2.0552568435668945,64800.0
1993-09-23,2.0011699199676514,2.1093412669929297,1.947084246455012,2.0011699199676514,155900.0
1993-09-24,2.1093411445617676,2.1093411445617676,2.00116980381501,2.1093411445617676,80600.0
1993-09-27,2.163428256386205,2.163428256386205,2.0552568435668945,2.0552568435668945,25800.0
1993-09-28,2.1093411445617676,2.1093411445617676,2.055255474188389,2.1093411445617676,53000.0
1993-09-29,2.1093416690826414,2.217513036727905,2.05525598526001,2.1634273529052734,92200.0
1993-09-30,2.1093417576381137,2.2715988159179688,2.1093417576381137,2.2715988159179688,106000.0
1993-10-01,2.271598525163604,2.271598525163604,2.16342716682248,2.217512845993042,146200.0
1993-10-04,2.217513036727905,2.217513036727905,2.1634273529052734,2.1634273529052734,61500.0
1993-10-05,2.217513036727905,2.217513036727905,2.1634273529052734,2.1634273529052734,58600.0
1993-10-06,2.217512845993042,2.271598525163604,2.16342716682248,2.217512845993042,51600.0
1993-10-07,2.16342716682248,2.217512845993042,2.16342716682248,2.217512845993042,41500.0
1993-10-08,2.1634278474030673,2.2175135435881437,2.1634278474030673,2.1904706954956055,14700.0
1993-10-11,2.1634274437313987,2.2715988159179688,2.1634274437313987,2.2715988159179688,277200.0
1993-10-12,2.2715988159179688,2.2715988159179688,2.2175131298246837,2.2715988159179688,123100.0
1993-10-13,2.217512845993042,2.271598525163604,2.217512845993042,2.217512845993042,77000.0
1993-10-14,2.2715988159179688,2.2715988159179688,2.2175131298246837,2.2715988159179688,18200.0
1993-10-15,2.271598720550537,2.271598720550537,2.1634273529052734,2.1634273529052734,41800.0
1993-10-18,2.1634268149351463,2.2715981556819034,2.082298309375078,2.1093411445617676,239000.0
1993-10-19,2.1634268149351463,2.217512485308525,2.055255474188389,2.1093411445617676,106500.0
1993-10-20,2.163426940505569,2.163426940505569,2.0011699199676514,2.0011699199676514,50900.0
1993-10-21,2.0011711371572396,2.1093425499765495,1.9470854307475842,2.0552568435668945,29900.0
1993-10-22,2.00116980381501,2.1093411445617676,2.00116980381501,2.1093411445617676,22900.0
1993-10-25,2.055255474188389,2.1634268149351463,2.055255474188389,2.1093411445617676,53300.0
1993-10-26,2.055255474188389,2.1634268149351463,2.055255474188389,2.1093411445617676,53300.0
1993-10-27,2.1634268149351463,2.1634268149351463,2.055255474188389,2.1093411445617676,50600.0
1993-10-28,2.1093411445617676,2.1093411445617676,2.055255474188389,2.1093411445617676,67800.0
1993-10-29,2.1093411445617676,2.1634268149351463,2.1093411445617676,2.1093411445617676,42200.0
1993-11-01,2.0552568435668945,2.163428256386205,2.0552568435668945,2.0552568435668945,41700.0
1993-11-02,2.05525598526001,2.1634273529052734,2.05525598526001,2.1634273529052734,13300.0
1993-11-03,2.1634268149351463,2.1634268149351463,2.00116980381501,2.1093411445617676,23900.0
1993-11-04,2.1093425499765495,2.1093425499765495,1.9470854307475842,2.0552568435668945,75500.0
1993-11-05,2.0552568435668945,2.0552568435668945,1.9470854307475842,2.0552568435668945,24000.0
1993-11-08,1.947085040889374,2.109342127630155,1.947085040889374,1.9741278886795044,75100.0
1993-11-09,1.947084246455012,2.1093412669929297,1.947084246455012,2.0011699199676514,41200.0
1993-11-10,1.9470854307475842,2.0552568435668945,1.9470854307475842,2.0552568435668945,30500.0
1993-11-11,2.0011699199676514,2.0011699199676514,1.947084246455012,2.0011699199676514,52200.0
1993-11-12,2.0552568435668945,2.0552568435668945,1.9470854307475842,2.0552568435668945,33900.0
1993-11-15,1.9470854307475842,2.0552568435668945,1.9470854307475842,2.0552568435668945,8100.0
1993-11-16,1.9470840692520142,2.0552554064326816,1.9470840692520142,1.9470840692520142,31700.0
1993-11-17,1.9470840692520142,2.0552554064326816,1.9470840692520142,1.9470840692520142,44800.0
1993-11-18,1.9470858437674385,2.0552572795322965,1.8930001258850098,1.8930001258850098,71500.0
1993-11-19,1.8929997243379293,2.0552568435668945,1.8929997243379293,2.0552568435668945,227400.0
1993-11-22,2.0552568435668945,2.1093425499765495,1.9470854307475842,2.0552568435668945,160500.0
1993-11-23,2.00116980381501,2.1093411445617676,2.00116980381501,2.1093411445617676,21600.0
1993-11-24,2.1093411445617676,2.1093411445617676,2.00116980381501,2.1093411445617676,35900.0
1993-11-26,2.1093425369262695,2.1093425369262695,2.0011711247762043,2.0282139778137207,15300.0
1993-11-29,2.055255474188389,2.1093411445617676,2.00116980381501,2.1093411445617676,23000.0
1993-11-30,2.1093412669929297,2.1093412669929297,1.947084246455012,2.0011699199676514,72100.0
1993-12-01,2.0552554064326816,2.0552554064326816,1.906519817809264,1.9470840692520142,417800.0
1993-12-02,1.9470840692520142,1.9470840692520142,1.8929984006616805,1.9470840692520142,33800.0
1993-12-03,1.8929984006616805,2.001169737842348,1.8929984006616805,1.9470840692520142,60500.0
1993-12-06,2.0011699199676514,2.0011699199676514,1.947084246455012,2.0011699199676514,65900.0
1993-12-07,1.9470840692520142,2.0552554064326816,1.9470840692520142,1.9470840692520142,48100.0
1993-12-08,1.947084246455012,2.0011699199676514,1.947084246455012,2.0011699199676514,40700.0
1993-12-09,2.001169737842348,2.0552554064326816,1.9470840692520142,1.9470840692520142,41500.0
1993-12-10,2.0552555934802905,2.0552555934802905,1.947084246455012,2.0011699199676514,82800.0
1993-12-13,2.0552568435668945,2.0552568435668945,1.9470854307475842,2.0552568435668945,45100.0
1993-12-14,2.0552568435668945,2.0552568435668945,1.9470854307475842,2.0552568435668945,94000.0
1993-12-15,2.0552554064326816,2.0552554064326816,1.9470840692520142,1.9470840692520142,76700.0
1993-12-16,2.0552554064326816,2.0552554064326816,1.8929984006616805,1.9470840692520142,71000.0
1993-12-17,2.001169737842348,2.001169737842348,1.8929984006616805,1.9470840692520142,18500.0
1993-12-20,1.947084945790908,1.947084945790908,1.8389135599136353,1.8389135599136353,34500.0
1993-12-21,1.9470840692520142,1.9470840692520142,1.8389127320713468,1.9470840692520142,18400.0
1993-12-22,1.9470858437674385,1.9470858437674385,1.8930001258850098,1.8930001258850098,45700.0
1993-12-23,1.9470840692520142,2.001169737842348,1.8929984006616805,1.9470840692520142,19900.0
1993-12-27,2.001170077794035,2.001170077794035,1.8929987222376004,1.920041561126709,44500.0
1993-12-28,2.001169737842348,2.001169737842348,1.8929984006616805,1.9470840692520142,9600.0
1993-12-29,1.8930001258850098,1.9470858437674385,1.8930001258850098,1.8930001258850098,49400.0
1993-12-30,1.8929985729423728,2.0011699199676514,1.8929985729423728,2.0011699199676514,61100.0
1993-12-31,1.8929985729423728,2.0011699199676514,1.8929985729423728,2.0011699199676514,64400.0
1994-01-03,1.8929985729423728,2.0011699199676514,1.8929985729423728,2.0011699199676514,39000.0
1994-01-04,1.8929985591343472,2.001169905370596,1.8929985591343472,1.9876484870910645,36600.0
1994-01-05,2.0011699199676514,2.0011699199676514,1.8929985729423728,2.0011699199676514,12300.0
1994-01-06,1.947084246455012,2.0011699199676514,1.8929985729423728,2.0011699199676514,49900.0
1994-01-07,1.9470840692520142,2.001169737842348,1.8929984006616805,1.9470840692520142,29600.0
1994-01-10,1.9470858437674385,2.0011715616498673,1.8930001258850098,1.8930001258850098,86000.0
1994-01-11,2.0011699199676514,2.0011699199676514,1.8929985729423728,2.0011699199676514,21700.0
1994-01-12,1.8929985729423728,2.0011699199676514,1.8929985729423728,2.0011699199676514,31000.0
1994-01-13,1.8929985729423728,2.0011699199676514,1.8929985729423728,2.0011699199676514,68400.0
1994-01-14,1.8929993453091136,2.0011707364696343,1.8929993453091136,1.9741278886795044,64600.0
1994-01-17,2.0011699199676514,2.0011699199676514,1.8929985729423728,2.0011699199676514,181800.0
1994-01-18,2.028213143348694,2.1634273529052734,2.001170301437378,2.1634273529052734,135000.0
1994-01-19,2.1634268149351463,2.1634268149351463,2.055255474188389,2.1093411445617676,66700.0
1994-01-20,2.055255474188389,2.1634268149351463,2.055255474188389,2.1093411445617676,138000.0
1994-01-21,2.1093411445617676,2.1634268149351463,2.055255474188389,2.1093411445617676,71000.0
1994-01-24,2.0552568435668945,2.163428256386205,2.0552568435668945,2.0552568435668945,58100.0
1994-01-25,2.1634273529052734,2.1634273529052734,2.05525598526001,2.1634273529052734,59800.0
1994-01-26,2.0552568435668945,2.1093425499765495,2.0011711371572396,2.0552568435668945,54500.0
1994-01-27,2.00116980381501,2.1093411445617676,2.00116980381501,2.1093411445617676,21300.0
1994-01-28,2.055255474188389,2.1093411445617676,2.055255474188389,2.1093411445617676,52900.0
1994-01-31,2.1093425499765495,2.1093425499765495,2.0552568435668945,2.0552568435668945,43600.0
1994-02-01,2.082298309375078,2.1093411445617676,2.055255474188389,2.1093411445617676,48800.0
1994-02-02,2.055255474188389,2.1093411445617676,2.00116980381501,2.1093411445617676,72300.0
1994-02-03,2.1093425499765495,2.1093425499765495,2.0552568435668945,2.0552568435668945,42700.0
1994-02-04,2.1093411445617676,2.1093411445617676,2.055255474188389,2.1093411445617676,67500.0
1994-02-07,2.0552555934802905,2.1093412669929297,2.0011699199676514,2.0011699199676514,49000.0
1994-02-08,2.1093411445617676,2.1093411445617676,2.00116980381501,2.1093411445617676,9400.0
1994-02-09,2.00116980381501,2.1093411445617676,2.00116980381501,2.1093411445617676,39800.0
1994-02-10,2.1093412669929297,2.1093412669929297,2.0011699199676514,2.0011699199676514,60300.0
1994-02-11,2.0011711371572396,2.0552568435668945,1.9470854307475842,2.0552568435668945,45000.0
1994-02-14,2.0552554064326816,2.0552554064326816,1.9470840692520142,1.9470840692520142,44100.0
1994-02-15,1.9470854307475842,2.0552568435668945,1.9470854307475842,2.0552568435668945,32500.0
1994-02-16,2.0552568435668945,2.0552568435668945,1.9470854307475842,2.0552568435668945,8000.0
1994-02-17,2.0552568435668945,2.0552568435668945,1.9470854307475842,2.0552568435668945,12900.0
1994-02-18,1.9470840692520142,2.0552554064326816,1.9470840692520142,1.9470840692520142,33200.0
1994-02-22,2.001169737842348,2.001169737842348,1.8929984006616805,1.9470840692520142,54600.0
1994-02-23,1.947084246455012,2.0011699199676514,1.8929985729423728,2.0011699199676514,7900.0
1994-02-24,2.0011715616498673,2.0011715616498673,1.8930001258850098,1.8930001258850098,10600.0
1994-02-25,1.9470854307475842,2.0552568435668945,1.8929997243379293,2.0552568435668945,35900.0
1994-02-28,2.0552568435668945,2.0552568435668945,2.0552568435668945,2.0552568435668945,4400.0
1994-03-01,1.8929984006616805,2.0552554064326816,1.8929984006616805,1.9470840692520142,52300.0
1994-03-02,1.8930001258850098,2.0011715616498673,1.8930001258850098,1.8930001258850098,13000.0
1994-03-03,2.001169737842348,2.001169737842348,1.8929984006616805,1.9470840692520142,14200.0
1994-03-04,2.0011699199676514,2.0011699199676514,1.8929985729423728,2.0011699199676514,31100.0
1994-03-07,2.0011711371572396,2.0552568435668945,1.9470854307475842,2.0552568435668945,110100.0
1994-03-08,2.1093425499765495,2.2175139627958598,2.0552568435668945,2.0552568435668945,117800.0
1994-03-09,2.055255808481356,2.217512845993042,2.055255808481356,2.217512845993042,323900.0
1994-03-10,2.1634273529052734,2.271598720550537,2.1634273529052734,2.1634273529052734,217700.0
1994-03-11,2.1904701948165894,2.217513036727905,2.1634273529052734,2.1634273529052734,182500.0
1994-03-14,2.190470006407761,2.271598525163604,2.16342716682248,2.217512845993042,133300.0
1994-03-15,2.2715988602749135,2.4338559217231217,2.1634274859761082,2.3256845474243164,315700.0
1994-03-16,2.271598902615634,2.379770278930664,2.2175132144581187,2.379770278930664,128000.0
1994-03-17,2.3797697746890716,2.3797697746890716,2.325684097991593,2.352726936340332,68400.0
1994-03-18,2.3797702345737193,2.3797702345737193,2.2715988602749135,2.3256845474243164,98200.0
1994-03-21,2.298641703849615,2.3797702345737193,2.2715988602749135,2.3256845474243164,31000.0
1994-03-22,2.271598902615634,2.379770278930664,2.271598902615634,2.379770278930664,58300.0
1994-03-23,2.2715988602749135,2.3797702345737193,2.2715988602749135,2.3256845474243164,69500.0
1994-03-24,2.3256845020112538,2.3256845020112538,2.2715988159179688,2.2715988159179688,49300.0
1994-03-25,2.3256848946861597,2.5420276755871978,2.2715991994609004,2.4879419803619385,309700.0
1994-03-28,2.4879412121242948,2.4879412121242948,2.3797698550754123,2.4338555335998535,78200.0
1994-03-29,2.3256845474243164,2.4338559217231217,2.3256845474243164,2.3256845474243164,61100.0
1994-03-30,2.379769883504728,2.379769883504728,2.16342716682248,2.217512845993042,129500.0
1994-03-31,2.2715988159179688,2.2715988159179688,2.1634274437313987,2.2715988159179688,232700.0
1994-04-04,2.1634268149351463,2.217512485308525,2.055255474188389,2.1093411445617676,234200.0
1994-04-05,2.1093416690826414,2.1634273529052734,2.001170301437378,2.1634273529052734,272900.0
1994-04-06,2.16342716682248,2.217512845993042,2.109341487651918,2.217512845993042,34800.0
1994-04-07,2.217513036727905,2.217513036727905,2.1634273529052734,2.1634273529052734,36600.0
1994-04-08,2.2175131298246837,2.2715988159179688,2.1634274437313987,2.2715988159179688,135800.0
1994-04-11,2.2175131298246837,2.3797701881045388,2.2175131298246837,2.2715988159179688,43100.0
1994-04-12,2.379769717945772,2.379769717945772,2.2715983671300553,2.2986412048339844,88100.0
1994-04-13,2.3256845474243164,2.3797702345737193,2.2715988602749135,2.3256845474243164,67000.0
1994-04-14,2.379770278930664,2.379770278930664,2.271598902615634,2.379770278930664,33200.0
1994-04-15,2.379770278930664,2.433855967088179,2.325684590773149,2.379770278930664,68800.0
1994-04-18,2.3797698550754123,2.4338555335998535,2.325684176550971,2.4338555335998535,60300.0
1994-04-19,2.325684176550971,2.4338555335998535,2.325684176550971,2.4338555335998535,179600.0
1994-04-20,2.4338555335998535,2.4338555335998535,2.27159849802653,2.4338555335998535,143500.0
1994-04-21,2.3256845474243164,2.4338559217231217,2.2715988602749135,2.3256845474243164,41300.0
1994-04-22,2.379770278930664,2.379770278930664,2.271598902615634,2.379770278930664,60600.0
1994-04-25,2.379770278930664,2.379770278930664,2.271598902615634,2.379770278930664,24000.0
1994-04-26,2.379770278930664,2.379770278930664,2.271598902615634,2.379770278930664,17900.0
1994-04-28,2.325684590773149,2.379770278930664,2.325684590773149,2.379770278930664,18000.0
1994-04-29,2.379770278930664,2.379770278930664,2.325684590773149,2.379770278930664,27800.0
1994-05-02,2.3797702345737193,2.4338559217231217,2.3256845474243164,2.3256845474243164,12800.0
1994-05-03,2.3256845474243164,2.4338559217231217,2.3256845474243164,2.3256845474243164,23100.0
1994-05-04,2.3797702345737193,2.4338559217231217,2.3256845474243164,2.3256845474243164,35100.0
1994-05-05,2.3797705899114194,2.4879419803619385,2.3797705899114194,2.4879419803619385,116200.0
1994-05-06,2.4879419803619385,2.4879419803619385,2.3797705899114194,2.4879419803619385,125800.0
1994-05-09,2.4338560916007834,2.542027473449707,2.4338560916007834,2.542027473449707,86600.0
1994-05-10,2.433855967088179,2.5420273434032095,2.2175132144581187,2.379770278930664,343900.0
1994-05-11,2.3797702345737193,2.3797702345737193,2.217513173125511,2.3256845474243164,83300.0
1994-05-12,2.217513173125511,2.3797702345737193,2.217513173125511,2.3256845474243164,96500.0
1994-05-13,2.3527274348519063,2.433855967088179,2.325684590773149,2.379770278930664,90700.0
1994-05-16,2.3797702345737193,2.3797702345737193,2.3256845474243164,2.3256845474243164,89000.0
1994-05-17,2.325684590773149,2.379770278930664,2.325684590773149,2.379770278930664,78800.0
1994-05-18,2.325684590773149,2.433855967088179,2.325684590773149,2.379770278930664,111300.0
1994-05-19,2.325684176550971,2.4338555335998535,2.325684176550971,2.4338555335998535,114700.0
1994-05-20,2.4338555335998535,2.4879412121242948,2.325684176550971,2.4338555335998535,55000.0
1994-05-23,2.4338562851366787,2.4879419803619385,2.3797705899114194,2.4879419803619385,101900.0
1994-05-24,2.4879419803619385,2.4879419803619385,2.3797705899114194,2.4879419803619385,25700.0
1994-05-25,2.4879416552456943,2.4879416552456943,2.379770278930664,2.379770278930664,59300.0
1994-05-26,2.433855967088179,2.4879416552456943,2.379770278930664,2.379770278930664,31700.0
1994-05-27,2.433855967088179,2.4879416552456943,2.379770278930664,2.379770278930664,65100.0
1994-05-31,2.379770278930664,2.4879416552456943,2.379770278930664,2.379770278930664,21600.0
1994-06-01,2.4879419803619385,2.4879419803619385,2.4338562851366787,2.4879419803619385,74200.0
1994-06-02,2.4879419803619385,2.4879419803619385,2.4338562851366787,2.4879419803619385,134300.0
1994-06-03,2.4338562851366787,2.4879419803619385,2.4338562851366787,2.4879419803619385,48500.0
1994-06-06,2.4338562671954818,2.487941962022048,2.4338562671954818,2.4608991146087646,149400.0
1994-06-07,2.4879412121242948,2.4879412121242948,2.4338555335998535,2.4338555335998535,27200.0
1994-06-08,2.4879417825252452,2.542027473449707,2.3797704006763216,2.542027473449707,188300.0
1994-06-09,2.4879413644472756,2.5961127281188965,2.4879413644472756,2.5961127281188965,114000.0
1994-06-10,2.4879413644472756,2.5961127281188965,2.4879413644472756,2.5961127281188965,52900.0
1994-06-13,2.596112594604492,2.7042839527130127,2.542026915550232,2.7042839527130127,339600.0
1994-06-14,2.7042842378803327,2.7583699226379395,2.650198553122726,2.7583699226379395,733500.0
1994-06-15,2.758369577174284,2.758369577174284,2.650198221206665,2.650198221206665,171400.0
1994-06-16,2.758369631767273,2.758369631767273,2.6501982736587526,2.7042839527130127,92300.0
1994-06-17,2.7583699226379395,2.7583699226379395,2.650198553122726,2.7583699226379395,83900.0
1994-06-20,2.758369631767273,2.8124553108215333,2.6501982736587526,2.7042839527130127,96500.0
1994-06-21,2.758369631767273,2.758369631767273,2.6501982736587526,2.7042839527130127,181400.0
1994-06-22,2.731327080259136,2.7583699226379395,2.7042842378803327,2.7583699226379395,101700.0
1994-06-23,2.7583699226379395,2.7583699226379395,2.7042842378803327,2.7583699226379395,91500.0
1994-06-24,2.7042842378803327,2.7583699226379395,2.650198553122726,2.7583699226379395,75800.0
1994-06-27,2.758369577174284,2.758369577174284,2.596112543222856,2.650198221206665,18800.0
1994-06-28,2.7042838991904747,2.7042838991904747,2.5285054457430935,2.650198221206665,64200.0
1994-06-29,2.650198221206665,2.650198221206665,2.4879411872552364,2.650198221206665,10000.0
1994-06-30,2.650199066037717,2.650199066037717,2.4879419803619385,2.4879419803619385,78200.0
1994-07-01,2.6501984099547067,2.6501984099547067,2.542027046283086,2.5961127281188965,16300.0
1994-07-05,2.6501988552986306,2.6501988552986306,2.542027473449707,2.542027473449707,12100.0
1994-07-06,2.542026865239046,2.650198221206665,2.542026865239046,2.650198221206665,64800.0
1994-07-07,2.6501984099547067,2.6501984099547067,2.542027046283086,2.5961127281188965,14000.0
1994-07-08,2.542026865239046,2.650198221206665,2.542026865239046,2.650198221206665,69700.0
1994-07-11,2.650198221206665,2.650198221206665,2.542026865239046,2.650198221206665,54900.0
1994-07-12,2.6501988552986306,2.6501988552986306,2.542027473449707,2.542027473449707,27900.0
1994-07-13,2.542027046283086,2.6501984099547067,2.542027046283086,2.5961127281188965,59000.0
1994-07-14,2.596112543222856,2.650198221206665,2.542026865239046,2.650198221206665,62000.0
1994-07-15,2.6501984099547067,2.6501984099547067,2.5961127281188965,2.5961127281188965,21800.0
1994-07-18,2.6501989167990145,2.6501989167990145,2.596113224619443,2.6231560707092285,16900.0
1994-07-19,2.650198221206665,2.650198221206665,2.596112543222856,2.650198221206665,76100.0
1994-07-20,2.596112543222856,2.7042838991904747,2.596112543222856,2.650198221206665,145500.0
1994-07-21,2.6772411131858824,2.7042839527130127,2.6501982736587526,2.7042839527130127,55500.0
1994-07-22,2.7042839527130127,2.7042839527130127,2.6501982736587526,2.7042839527130127,25600.0
1994-07-25,2.7042839527130127,2.7042839527130127,2.6501982736587526,2.7042839527130127,107700.0
1994-07-26,2.650198221206665,2.758369577174284,2.650198221206665,2.650198221206665,59100.0
1994-07-27,2.7042838991904747,2.758369577174284,2.650198221206665,2.650198221206665,30500.0
1994-07-28,2.758369577174284,2.758369577174284,2.650198221206665,2.650198221206665,14600.0
1994-07-29,2.7583711376556983,2.866542554818667,2.6501997204927297,2.8124568462371826,100000.0
1994-08-01,2.8665411717423765,2.920626854228082,2.8665411717423765,2.8935840129852295,109600.0
1994-08-02,2.8665411222548713,3.0287981669108075,2.8124554407028923,2.839498281478882,157200.0
1994-08-03,2.9206282634001512,2.9206282634001512,2.8124568462371826,2.8124568462371826,40900.0
1994-08-04,2.8124564312122486,2.9206278324127197,2.8124564312122486,2.9206278324127197,37200.0
1994-08-05,2.9206292672590775,2.974714994430542,2.812457812916149,2.974714994430542,49000.0
1994-08-08,2.974713533012955,2.974713533012955,2.866542131812484,2.9206278324127197,74900.0
1994-08-09,2.9206292672590775,2.974714994430542,2.866543540087613,2.974714994430542,100600.0
1994-08-10,2.9747112742010153,2.9747112742010153,2.86653995513916,2.86653995513916,23700.0
1994-08-11,2.9747112742010153,2.9747112742010153,2.812454295608233,2.86653995513916,95400.0
1994-08-12,2.9206278324127197,2.9206278324127197,2.8124564312122486,2.9206278324127197,61200.0
1994-08-15,2.920625614670088,2.920625614670088,2.812454295608233,2.86653995513916,21300.0
1994-08-16,2.86653995513916,2.86653995513916,2.7583686360773054,2.86653995513916,18800.0
1994-08-17,2.8665412921531526,2.8665412921531526,2.7583699226379395,2.7583699226379395,66000.0
1994-08-18,2.866542131812484,2.9206278324127197,2.758370730612013,2.9206278324127197,42100.0
1994-08-19,2.920625614670088,2.920625614670088,2.812454295608233,2.86653995513916,57800.0
1994-08-22,2.9206282634001512,2.9206282634001512,2.8124568462371826,2.8124568462371826,32500.0
1994-08-23,2.86653995513916,2.920625614670088,2.812454295608233,2.86653995513916,84300.0
1994-08-24,2.893585409109409,2.9206282634001512,2.8124568462371826,2.8124568462371826,40700.0
1994-08-25,2.812454295608233,2.920625614670088,2.7583686360773054,2.86653995513916,34100.0
1994-08-26,2.8124568462371826,2.866542554818667,2.7583711376556983,2.8124568462371826,18300.0
1994-08-29,2.8665412921531526,2.8665412921531526,2.7583699226379395,2.7583699226379395,33700.0
1994-08-30,2.8665412921531526,2.8665412921531526,2.7583699226379395,2.7583699226379395,17500.0
1994-08-31,2.7583711376556983,2.866542554818667,2.7583711376556983,2.8124568462371826,30200.0
1994-09-01,2.7583711376556983,2.8124568462371826,2.704285429074214,2.8124568462371826,41000.0
1994-09-02,2.7042839527130127,2.8124553108215333,2.7042839527130127,2.7042839527130127,15200.0
1994-09-06,2.704285158969388,2.8124565653281635,2.704285158969388,2.731328010559082,18800.0
1994-09-07,2.758369631767273,2.8124553108215333,2.7042839527130127,2.7042839527130127,76900.0
1994-09-08,2.812455607395546,2.812455607395546,2.7042842378803327,2.7583699226379395,58600.0
1994-09-09,2.704285429074214,2.8124568462371826,2.704285429074214,2.8124568462371826,36300.0
1994-09-12,2.812455607395546,2.812455607395546,2.7583699226379395,2.7583699226379395,25500.0
1994-09-13,2.7583711376556983,2.8124568462371826,2.7583711376556983,2.8124568462371826,10800.0
1994-09-14,2.812455607395546,2.9206269769107593,2.7583699226379395,2.7583699226379395,63400.0
1994-09-15,2.86653995513916,2.86653995513916,2.7583686360773054,2.86653995513916,34500.0
1994-09-16,2.86653995513916,2.86653995513916,2.7583686360773054,2.86653995513916,11500.0
1994-09-19,2.866542554818667,2.866542554818667,2.7583711376556983,2.8124568462371826,7100.0
1994-09-20,2.866540825482711,2.866540825482711,2.7583694735777033,2.785412311553955,23300.0
1994-09-21,2.7583699226379395,2.812455607395546,2.650198553122726,2.7583699226379395,54700.0
1994-09-22,2.6501989167990145,2.7583703011581577,2.596113224619443,2.6231560707092285,150400.0
1994-09-23,2.650198221206665,2.758369577174284,2.650198221206665,2.650198221206665,39700.0
1994-09-26,2.650198553122726,2.7583699226379395,2.650198553122726,2.7583699226379395,11100.0
1994-09-27,2.650198221206665,2.758369577174284,2.650198221206665,2.650198221206665,4600.0
1994-09-28,2.7042845462230924,2.7042845462230924,2.542027473449707,2.542027473449707,90500.0
1994-09-29,2.5961133708124575,2.5961133708124575,2.4879419803619385,2.4879419803619385,39300.0
1994-09-30,2.4879417825252452,2.542027473449707,2.4879417825252452,2.542027473449707,61500.0
1994-10-03,2.4879419803619385,2.5420276755871978,2.4879419803619385,2.4879419803619385,31500.0
1994-10-04,2.4879412121242948,2.542026890648736,2.325684176550971,2.4338555335998535,115400.0
1994-10-05,2.3256845474243164,2.4338559217231217,2.3256845474243164,2.3256845474243164,14200.0
1994-10-06,2.3256845474243164,2.4338559217231217,2.3256845474243164,2.3256845474243164,35800.0
1994-10-07,2.4475159645080566,2.4475159645080566,2.3931267208523224,2.4475159645080566,55300.0
1994-10-10,2.3931267208523224,2.4475159645080566,2.3931267208523224,2.4475159645080566,8800.0
1994-10-11,2.3387379483743147,2.447516457601027,2.3387379483743147,2.393127202987671,20700.0
1994-10-12,2.3931267208523224,2.4475159645080566,2.3387374771965876,2.4475159645080566,25800.0
1994-10-13,2.447516457601027,2.447516457601027,2.3387379483743147,2.393127202987671,43200.0
1994-10-14,2.3931267208523224,2.4475159645080566,2.3931267208523224,2.4475159645080566,90700.0
1994-10-17,2.4475159645080566,2.4475159645080566,2.3931267208523224,2.4475159645080566,35200.0
1994-10-18,2.4475164746129234,2.4475164746129234,2.338737964630127,2.338737964630127,81200.0
1994-10-19,2.365932592125826,2.393127219621525,2.338737964630127,2.338737964630127,59100.0
1994-10-20,2.393127202987671,2.393127202987671,2.3387379483743147,2.393127202987671,45400.0
1994-10-21,2.338737602891593,2.3931268494704674,2.338737602891593,2.3659322261810303,61200.0
1994-10-24,2.393127219621525,2.393127219621525,2.338737964630127,2.338737964630127,18700.0
1994-10-25,2.338737749471897,2.3931269994596156,2.1755699995087414,2.22995924949646,51100.0
1994-10-26,2.2299594708851407,2.284348726272583,2.175570215497698,2.284348726272583,37900.0
1994-10-27,2.175570249557495,2.28434876203537,2.175570249557495,2.175570249557495,49700.0
1994-10-28,2.2843486937609585,2.393127202987671,2.175570184534246,2.393127202987671,79600.0
1994-10-31,2.393127202987671,2.393127202987671,2.2843486937609585,2.393127202987671,39200.0
1994-11-01,2.393127219621525,2.393127219621525,2.2843487096387287,2.338737964630127,46400.0
1994-11-02,2.393127202987671,2.393127202987671,2.3387379483743147,2.393127202987671,52300.0
1994-11-03,2.3387379483743147,2.447516457601027,2.3387379483743147,2.393127202987671,157700.0
1994-11-04,2.447516457601027,2.447516457601027,2.393127202987671,2.393127202987671,22400.0
1994-11-07,2.338737964630127,2.4475164746129234,2.338737964630127,2.338737964630127,32400.0
1994-11-08,2.338737964630127,2.393127219621525,2.2843487096387287,2.338737964630127,25000.0
1994-11-09,2.3931272370474677,2.3931272370474677,2.284348726272583,2.284348726272583,33300.0
1994-11-10,2.2843484994841785,2.3931269994596156,2.22995924949646,2.22995924949646,73400.0
1994-11-11,2.175570249557495,2.28434876203537,2.175570249557495,2.175570249557495,63900.0
1994-11-14,2.284348876387985,2.284348876387985,2.1755703584647472,2.2027649879455566,101100.0
1994-11-15,2.175570249557495,2.2299595057964328,2.121180993318558,2.175570249557495,138300.0
1994-11-16,2.121180993318558,2.2299595057964328,2.100785022228956,2.175570249557495,74100.0
1994-11-17,2.1755693587788776,2.2299585927483494,2.1211801248094053,2.2163612842559814,43200.0
1994-11-18,2.1755699995087414,2.22995924949646,2.121180749521023,2.22995924949646,79500.0
1994-11-21,2.2299595057964328,2.28434876203537,2.121180993318558,2.175570249557495,26500.0
1994-11-22,2.28434876203537,2.28434876203537,2.175570249557495,2.175570249557495,113600.0
1994-11-23,2.1211809601102556,2.284348726272583,2.1211809601102556,2.284348726272583,34400.0
1994-11-25,2.284348726272583,2.3387379816600253,2.284348726272583,2.284348726272583,2700.0
1994-11-28,2.338737964630127,2.338737964630127,2.2299594546473305,2.338737964630127,89300.0
1994-11-29,2.22995924949646,2.338737749471897,2.22995924949646,2.22995924949646,13900.0
1994-11-30,2.338737964630127,2.338737964630127,2.2843487096387287,2.338737964630127,12300.0
1994-12-01,2.338737749471897,2.338737749471897,2.22995924949646,2.22995924949646,61900.0
1994-12-02,2.338737964630127,2.338737964630127,2.2299594546473305,2.338737964630127,23100.0
1994-12-05,2.338737749471897,2.338737749471897,2.22995924949646,2.22995924949646,8000.0
1994-12-06,2.3387379483743147,2.393127202987671,2.2299594391476023,2.393127202987671,29100.0
1994-12-07,2.2843484994841785,2.338737749471897,2.22995924949646,2.22995924949646,25100.0
1994-12-08,2.338737749471897,2.338737749471897,2.22995924949646,2.22995924949646,19700.0
1994-12-09,2.338737964630127,2.338737964630127,2.2299594546473305,2.338737964630127,15700.0
1994-12-12,2.3387379816600253,2.3387379816600253,2.2299594708851407,2.284348726272583,18200.0
1994-12-13,2.22995924949646,2.338737749471897,2.22995924949646,2.22995924949646,10700.0
1994-12-14,2.22995924949646,2.338737749471897,2.22995924949646,2.22995924949646,28300.0
1994-12-15,2.338737749471897,2.338737749471897,2.22995924949646,2.22995924949646,20900.0
1994-12-16,2.3387379816600253,2.3387379816600253,2.284348726272583,2.284348726272583,26300.0
1994-12-19,2.3566936254501343,2.3566936254501343,2.2470799684524536,2.301886796951294,56300.0
1994-12-20,2.3018871633017937,2.3018871633017937,2.2470803260803223,2.2470803260803223,16700.0
1994-12-21,2.301886796951294,2.301886796951294,2.2470799684524536,2.301886796951294,68500.0
1994-12-22,2.301886796951294,2.301886796951294,2.1922731399536133,2.301886796951294,60400.0
1994-12-23,2.192273488858851,2.3018871633017937,2.192273488858851,2.2470803260803223,22000.0
1994-12-27,2.274483382701874,2.301886796951294,2.2470799684524536,2.301886796951294,8500.0
1994-12-28,2.2470803260803223,2.3018871633017937,2.2470803260803223,2.2470803260803223,8400.0
1994-12-29,2.2470799684524536,2.301886796951294,2.1922731399536133,2.301886796951294,15200.0
1994-12-30,2.301886796951294,2.301886796951294,2.2470799684524536,2.301886796951294,23800.0
1995-01-03,2.301886796951294,2.301886796951294,2.2470799684524536,2.301886796951294,32900.0
1995-01-04,2.2470799684524536,2.301886796951294,2.2470799684524536,2.301886796951294,12100.0
1995-01-05,2.2470799684524536,2.301886796951294,2.2470799684524536,2.301886796951294,31100.0
1995-01-06,2.301886569369923,2.4115002155303955,2.301886569369923,2.4115002155303955,41600.0
1995-01-09,2.411500575930573,2.411500575930573,2.356693744659424,2.356693744659424,10500.0
1995-01-10,2.3018866856892903,2.52111398908827,2.3018866856892903,2.4663071632385254,58600.0
1995-01-11,2.4115002155303955,2.4663070386106316,2.4115002155303955,2.4115002155303955,15400.0
1995-01-12,2.466306257783697,2.5211130635122236,2.4114994520551702,2.4389028549194336,55300.0
1995-01-13,2.4115003373887802,2.52111398908827,2.4115003373887802,2.4663071632385254,64900.0
1995-01-16,2.4115003373887802,2.52111398908827,2.4115003373887802,2.4663071632385254,12200.0
1995-01-17,2.5211141109466553,2.5211141109466553,2.4115004539489746,2.5211141109466553,36300.0
1995-01-18,2.52111376092789,2.6307274027073637,2.4663069400381534,2.575920581817627,88000.0
1995-01-19,2.6307274027073637,2.6307274027073637,2.4663069400381534,2.575920581817627,37300.0
1995-01-20,2.575920508458064,2.575920508458064,2.466306869800274,2.4937102794647217,17300.0
1995-01-23,2.52111398908827,2.52111398908827,2.4115003373887802,2.4663071632385254,22700.0
1995-01-24,2.5211130635122236,2.5211130635122236,2.4114994520551702,2.4389028549194336,43700.0
1995-01-25,2.411500575930573,2.4663074072017226,2.356693744659424,2.356693744659424,43300.0
1995-01-26,2.4663070386106316,2.4663070386106316,2.356693392450159,2.4115002155303955,38100.0
1995-01-27,2.4663071632385254,2.4663071632385254,2.3566935115390355,2.4663071632385254,44000.0
1995-01-30,2.4663069400381534,2.575920581817627,2.35669329825868,2.575920581817627,40300.0
1995-01-31,2.466307282447815,2.5759209394454956,2.466307282447815,2.5211141109466553,31500.0
1995-02-01,2.5759217398507253,2.685535430908203,2.5211148943219865,2.685535430908203,75600.0
1995-02-02,2.6855345964431763,2.6855345964431763,2.5759209394454956,2.630727767944336,33500.0
1995-02-03,2.6307274027073637,2.6307274027073637,2.575920581817627,2.575920581817627,13700.0
1995-02-06,2.6307274027073637,2.6307274027073637,2.575920581817627,2.575920581817627,3800.0
1995-02-07,2.630728100973462,2.630728100973462,2.575921265536515,2.589622974395752,16400.0
1995-02-08,2.630727767944336,2.630727767944336,2.5759209394454956,2.630727767944336,18800.0
1995-02-09,2.6307274027073637,2.6307274027073637,2.575920581817627,2.575920581817627,22000.0
1995-02-10,2.6307268644634045,2.6307268644634045,2.5759200547870837,2.603323459625244,72100.0
1995-02-13,2.575920508458064,2.630727327786959,2.466306869800274,2.4937102794647217,37800.0
1995-02-14,2.4115004539489746,2.5211141109466553,2.4115004539489746,2.5211141109466553,25900.0
1995-02-15,2.52111398908827,2.52111398908827,2.4663071632385254,2.4663071632385254,23700.0
1995-02-16,2.52111398908827,2.52111398908827,2.4115003373887802,2.4663071632385254,35400.0
1995-02-17,2.521113689129169,2.521113689129169,2.466306869800274,2.4937102794647217,12700.0
1995-02-21,2.466307282447815,2.630727767944336,2.466307282447815,2.5211141109466553,57000.0
1995-02-22,2.5211141109466553,2.6855345964431763,2.5211141109466553,2.630727767944336,59800.0
1995-02-23,2.685533565633437,2.795147180557251,2.63072675817153,2.795147180557251,128100.0
1995-02-24,2.7951473680514733,2.904760990328002,2.685533745774945,2.8225507736206055,119400.0
1995-02-27,2.9047607954810646,2.9047607954810646,2.795147180557251,2.795147180557251,77100.0
1995-02-28,2.9047607954810646,2.9047607954810646,2.795147180557251,2.795147180557251,126300.0
1995-03-01,2.795147785773644,2.904761424431434,2.795147785773644,2.849954605102539,62500.0
1995-03-02,2.904761424431434,2.904761424431434,2.795147785773644,2.849954605102539,39600.0
1995-03-03,2.849953988019158,2.9047607954810646,2.795147180557251,2.795147180557251,35700.0
1995-03-06,2.795148983001709,2.849955825805664,2.740342140197754,2.740342140197754,51100.0
1995-03-07,2.849954605102539,2.849954605102539,2.740340966444749,2.849954605102539,20100.0
1995-03-08,2.849954605102539,2.849954605102539,2.740340966444749,2.849954605102539,32700.0
1995-03-09,2.849953988019158,2.849953988019158,2.795147180557251,2.795147180557251,22200.0
1995-03-10,2.795147180557251,2.849953988019158,2.795147180557251,2.795147180557251,14500.0
1995-03-13,2.795147180557251,2.9047607954810646,2.740340373095344,2.795147180557251,28200.0
1995-03-14,2.740340966444749,2.849954605102539,2.740340966444749,2.849954605102539,14600.0
1995-03-15,2.740340373095344,2.9047607954810646,2.740340373095344,2.795147180557251,46800.0
1995-03-16,2.904761424431434,2.904761424431434,2.795147785773644,2.849954605102539,36900.0
1995-03-17,2.795148138730031,2.904761791229248,2.795148138730031,2.904761791229248,35800.0
1995-03-20,2.8121274057424293,2.9224069118499756,2.8121274057424293,2.9224069118499756,24600.0
1995-03-21,2.8672668606627223,2.922406607983159,2.812127113342285,2.812127113342285,65600.0
1995-03-22,2.8672657938836847,2.8672657938836847,2.7569863402727735,2.839695930480957,35200.0
1995-03-23,2.8672671587962024,2.9224069118499756,2.8121274057424293,2.9224069118499756,23900.0
1995-03-24,2.8121274057424293,2.9224069118499756,2.8121274057424293,2.9224069118499756,66200.0
1995-03-27,2.92240688434014,2.92240688434014,2.8121273792707004,2.86726713180542,11500.0
1995-03-28,2.8948370353230892,2.9224069118499756,2.8121274057424293,2.9224069118499756,30200.0
1995-03-29,2.92240688434014,2.92240688434014,2.8121273792707004,2.86726713180542,26400.0
1995-03-30,2.812127113342285,2.922406607983159,2.812127113342285,2.812127113342285,18000.0
1995-03-31,2.812127113342285,2.922406607983159,2.812127113342285,2.812127113342285,22000.0
1995-04-03,2.922406296502976,2.922406296502976,2.812126813616071,2.89483642578125,20100.0
1995-04-04,2.8948370353230892,2.9224069118499756,2.8121274057424293,2.9224069118499756,45400.0
1995-04-05,2.8121274057424293,2.9224069118499756,2.8121274057424293,2.9224069118499756,47400.0
1995-04-06,2.8121273792707004,2.92240688434014,2.8121273792707004,2.86726713180542,11900.0
1995-04-07,2.8672671587962024,2.9224069118499756,2.8672671587962024,2.9224069118499756,12200.0
1995-04-10,2.92240688434014,2.92240688434014,2.86726713180542,2.86726713180542,39800.0
1995-04-11,2.8672671587962024,2.9224069118499756,2.8672671587962024,2.9224069118499756,35300.0
1995-04-12,2.9224069383409286,2.9775466918945312,2.8672671847873263,2.9775466918945312,22900.0
1995-04-13,2.9775466368748593,2.9775466368748593,2.86726713180542,2.86726713180542,59400.0
1995-04-17,2.9775466918945312,3.0878261990017357,2.9224069383409286,2.9775466918945312,91200.0
1995-04-18,3.0878255367279053,3.0878255367279053,2.977546053273337,3.0878255367279053,44900.0
1995-04-19,3.0878274397416545,3.0878274397416545,2.97754788832231,3.0326876640319824,31500.0
1995-04-20,2.97754788832231,3.0326876640319824,2.97754788832231,3.0326876640319824,51100.0
1995-04-21,3.032685795000621,3.0878255367279053,2.977546053273337,3.0878255367279053,50100.0
1995-04-24,3.0878255367279053,3.1429652784551894,3.032685795000621,3.0878255367279053,49200.0
1995-04-25,3.0602566317508093,3.1429662704467773,3.032686752185487,3.1429662704467773,36400.0
1995-04-26,3.1429662704467773,3.1429662704467773,3.032686752185487,3.1429662704467773,59000.0
1995-04-27,3.142967215451327,3.142967215451327,3.0326876640319824,3.0326876640319824,52600.0
1995-04-28,3.0326876640319824,3.0878274397416545,2.9224081126126373,3.0326876640319824,34400.0
1995-05-01,2.9775456419778523,3.0326853760885535,2.9775456419778523,3.005115509033203,28700.0
1995-05-02,2.97754788832231,3.0326876640319824,2.97754788832231,3.0326876640319824,13200.0
1995-05-03,3.0051165686713324,3.0326864454481335,2.9775466918945312,2.9775466918945312,49000.0
1995-05-04,3.032686417957522,3.032686417957522,2.9224069118499756,2.9224069118499756,17400.0
1995-05-05,2.922406607983159,2.922406607983159,2.812127113342285,2.812127113342285,17800.0
1995-05-08,2.8121274057424293,2.9224069118499756,2.8121274057424293,2.9224069118499756,73500.0
1995-05-09,2.9224069118499756,2.9224069118499756,2.8121274057424293,2.9224069118499756,8300.0
1995-05-10,2.9224065732955933,2.9224065732955933,2.7569873332977295,2.7569873332977295,22500.0
1995-05-11,2.756987366021848,2.8672668606627223,2.756987366021848,2.812127113342285,12100.0
1995-05-12,2.812127079963684,2.8672668266296384,2.7569873332977295,2.7569873332977295,5400.0
1995-05-15,2.756987626735981,2.86726713180542,2.756987626735981,2.86726713180542,17100.0
1995-05-16,2.812126813616071,2.922406296502976,2.812126813616071,2.89483642578125,85300.0
1995-05-17,2.92240688434014,2.92240688434014,2.86726713180542,2.86726713180542,28300.0
1995-05-18,2.9224081126126373,3.0326876640319824,2.8672683369029652,3.0326876640319824,75600.0
1995-05-19,2.8672671587962024,3.032686417957522,2.8672671587962024,2.9224069118499756,61200.0
1995-05-22,2.9224069118499756,3.032686417957522,2.9224069118499756,2.9224069118499756,25000.0
1995-05-23,2.9224069118499756,3.032686417957522,2.9224069118499756,2.9224069118499756,13300.0
1995-05-24,3.032686417957522,3.032686417957522,2.9224069118499756,2.9224069118499756,16100.0
1995-05-25,2.9775466368748593,2.9775466368748593,2.86726713180542,2.86726713180542,17100.0
1995-05-26,2.86726713180542,2.9775466368748593,2.86726713180542,2.86726713180542,13100.0
1995-05-30,2.9224069118499756,2.9224069118499756,2.8672671587962024,2.9224069118499756,17100.0
1995-05-31,2.92240688434014,2.92240688434014,2.86726713180542,2.86726713180542,47500.0
1995-06-01,2.8672671587962024,2.9224069118499756,2.8672671587962024,2.9224069118499756,38100.0
1995-06-02,2.8948370615641275,2.9775466918945312,2.8672671847873263,2.9775466918945312,13900.0
1995-06-05,2.9224069383409286,2.9775466918945312,2.8672671847873263,2.9775466918945312,8200.0
1995-06-06,2.8672671847873263,2.9775466918945312,2.8672671847873263,2.9775466918945312,26200.0
1995-06-07,2.9775466368748593,2.9775466368748593,2.86726713180542,2.86726713180542,27800.0
1995-06-08,2.8672671587962024,2.9775466649037488,2.8121274057424293,2.9224069118499756,60400.0
1995-06-09,2.812127113342285,2.977546355303596,2.812127113342285,2.812127113342285,13800.0
1995-06-12,2.922406607983159,2.922406607983159,2.812127113342285,2.812127113342285,19600.0
1995-06-13,2.812127113342285,2.922406607983159,2.812127113342285,2.812127113342285,24900.0
1995-06-14,2.812127113342285,2.8672668606627223,2.812127113342285,2.812127113342285,27600.0
1995-06-15,2.8672668606627223,2.8672668606627223,2.812127113342285,2.812127113342285,39900.0
1995-06-16,2.86726713180542,2.86726713180542,2.8121273792707004,2.86726713180542,21600.0
1995-06-19,2.8121274312337237,2.9775466918945312,2.8121274312337237,2.9775466918945312,113000.0
1995-06-20,2.9775465685745766,3.2532453249240745,2.9224068173046773,3.198105573654175,242400.0
1995-06-21,3.3267400139256527,3.3267400139256527,3.16040301322937,3.16040301322937,112200.0
1995-06-22,3.215848680128131,3.215848680128131,3.16040301322937,3.16040301322937,65300.0
1995-06-23,3.215848207473755,3.215848207473755,3.10495688997466,3.215848207473755,28300.0
1995-06-26,3.2158478984126337,3.2158478984126337,2.994065284729004,2.994065284729004,42900.0
1995-06-27,2.994066012533087,3.16040301322937,2.994066012533087,3.16040301322937,34500.0
1995-06-28,3.049511679431848,3.16040301322937,3.049511679431848,3.16040301322937,70900.0
1995-06-29,3.049513101577759,3.1604044870896773,3.049513101577759,3.049513101577759,15700.0
1995-06-30,3.1049570994334177,3.1604027619233004,3.0495114369435354,3.0772342681884766,16100.0
1995-07-03,3.049513101577759,3.049513101577759,3.049513101577759,3.049513101577759,2000.0
1995-07-05,3.049511679431848,3.16040301322937,3.049511679431848,3.16040301322937,15300.0
1995-07-06,3.1604044870896773,3.1604044870896773,2.9940674088218,3.049513101577759,35600.0
1995-07-07,3.049513101577759,3.1049587943337182,2.9940674088218,3.049513101577759,26100.0
1995-07-10,3.1049561500549316,3.1049561500549316,3.0495105045182367,3.1049561500549316,12900.0
1995-07-11,3.0495105045182367,3.1049561500549316,3.0495105045182367,3.1049561500549316,17300.0
1995-07-12,3.1049573463306093,3.16040301322937,3.049511679431848,3.16040301322937,32800.0
1995-07-13,3.0495105045182367,3.160401795591627,3.0495105045182367,3.1049561500549316,21500.0
1995-07-14,3.1604014089552024,3.3267383252160023,3.0495101314480024,3.2712926864624023,177600.0
1995-07-17,3.3267383252160023,3.3267383252160023,3.1604014089552024,3.2712926864624023,60000.0
1995-07-18,3.215848207473755,3.2712938662233024,3.1604025487242073,3.215848207473755,80100.0
1995-07-19,3.1604014089552024,3.2712926864624023,3.1604014089552024,3.2712926864624023,88900.0
1995-07-20,3.16040301322937,3.271294347026892,3.16040301322937,3.16040301322937,9100.0
1995-07-21,3.215848207473755,3.3267395249728495,3.215848207473755,3.215848207473755,56200.0
1995-07-24,3.215848207473755,3.3267395249728495,3.215848207473755,3.215848207473755,45100.0
1995-07-25,3.215848922729492,3.326740264892578,3.215848922729492,3.326740264892578,41000.0
1995-07-26,3.326738732201713,3.326738732201713,3.1049561500549316,3.1049561500549316,56100.0
1995-07-27,3.1049561500549316,3.2158474411283224,3.1049561500549316,3.1049561500549316,20700.0
1995-07-28,3.1049573463306093,3.215848680128131,3.1049573463306093,3.16040301322937,17200.0
1995-07-31,3.215848207473755,3.215848207473755,3.10495688997466,3.215848207473755,1200.0
1995-08-01,3.1604044870896773,3.2158501798456367,3.049513101577759,3.049513101577759,49800.0
1995-08-02,3.049513101577759,3.1604044870896773,3.049513101577759,3.049513101577759,71100.0
1995-08-03,3.049511679431848,3.16040301322937,3.049511679431848,3.16040301322937,12200.0
1995-08-04,3.049513101577759,3.1604044870896773,3.049513101577759,3.049513101577759,11200.0
1995-08-07,3.1604044870896773,3.1604044870896773,3.049513101577759,3.049513101577759,22600.0
1995-08-08,3.160401795591627,3.160401795591627,3.0495105045182367,3.1049561500549316,23500.0
1995-08-09,3.049513101577759,3.1604044870896773,3.049513101577759,3.049513101577759,37600.0
1995-08-10,3.049513101577759,3.1604044870896773,3.049513101577759,3.049513101577759,12200.0
1995-08-11,3.0495109381499113,3.104956591570819,2.994065284729004,2.994065284729004,67200.0
1995-08-14,2.994065284729004,3.104956591570819,2.9386196313080966,2.994065284729004,23400.0
1995-08-15,3.0495109381499113,3.0495109381499113,2.994065284729004,2.994065284729004,28600.0
1995-08-16,3.049513101577759,3.049513101577759,2.9940674088218,3.049513101577759,74500.0
1995-08-17,2.994065284729004,3.0495109381499113,2.994065284729004,2.994065284729004,8500.0
1995-08-18,2.9940648589815413,3.1049561500549316,2.9940648589815413,3.1049561500549316,20200.0
1995-08-21,3.1049561500549316,3.160401795591627,2.9940648589815413,3.1049561500549316,54500.0
1995-08-22,3.1604014089552024,3.2712926864624023,3.1049557702016024,3.2712926864624023,137500.0
1995-08-23,3.1604014089552024,3.2712926864624023,3.1604014089552024,3.2712926864624023,9900.0
1995-08-24,3.160403251647949,3.326740264892578,3.160403251647949,3.326740264892578,31200.0
1995-08-25,3.326740264892578,3.326740264892578,3.215848922729492,3.326740264892578,18700.0
1995-08-28,3.215848922729492,3.326740264892578,3.215848922729492,3.326740264892578,39000.0
1995-08-29,3.326740264892578,3.326740264892578,3.215848922729492,3.326740264892578,38700.0
1995-08-30,3.2712926864624023,3.3267383252160023,3.2712926864624023,3.2712926864624023,50700.0
1995-08-31,3.271293764616314,3.326739421643709,3.215848107588919,3.292085886001587,26100.0
1995-09-01,3.326739326852267,3.3821849822998047,3.271293671404729,3.3821849822998047,26700.0
1995-09-05,3.271294593811035,3.382185935974121,3.215848922729492,3.326740264892578,31600.0
1995-09-06,3.215848207473755,3.3267395249728495,3.215848207473755,3.215848207473755,13100.0
1995-09-07,3.326740264892578,3.326740264892578,3.215848922729492,3.326740264892578,21100.0
1995-09-08,3.3267383252160023,3.3267383252160023,3.2158470477088024,3.2712926864624023,45400.0
1995-09-11,3.3267383252160023,3.3267383252160023,3.2158470477088024,3.2712926864624023,24400.0
1995-09-12,3.3267395249728495,3.3267395249728495,3.215848207473755,3.215848207473755,72500.0
1995-09-13,3.215848922729492,3.326740264892578,3.215848922729492,3.326740264892578,45500.0
1995-09-14,3.2712938662233024,3.3267395249728495,3.1604025487242073,3.215848207473755,18700.0
1995-09-15,3.271294347026892,3.271294347026892,3.16040301322937,3.16040301322937,24000.0
1995-09-18,3.1604014089552024,3.2712926864624023,3.1604014089552024,3.2712926864624023,56700.0
1995-09-19,3.271294347026892,3.271294347026892,3.16040301322937,3.16040301322937,27500.0
1995-09-20,3.16040301322937,3.271294347026892,3.16040301322937,3.16040301322937,10300.0
1995-09-21,3.271294347026892,3.271294347026892,3.16040301322937,3.16040301322937,40400.0
1995-09-22,3.2712938662233024,3.2712938662233024,3.1604025487242073,3.215848207473755,59200.0
1995-09-25,3.16040301322937,3.271294347026892,3.16040301322937,3.16040301322937,23600.0
1995-09-26,3.271294347026892,3.271294347026892,3.16040301322937,3.16040301322937,37300.0
1995-09-27,3.182737112045288,3.2944120984328418,3.182737112045288,3.182737112045288,20200.0
1995-09-28,3.2944119963152656,3.3502494877782363,3.1827370133893242,3.238574504852295,42100.0
1995-09-29,3.350250005722046,3.350250005722046,3.2385750055313114,3.350250005722046,11200.0
1995-10-02,3.3502494877782363,3.3502494877782363,3.238574504852295,3.238574504852295,14600.0
1995-10-03,3.2385750055313114,3.350250005722046,3.2385750055313114,3.350250005722046,25900.0
1995-10-04,3.3502494877782363,3.3502494877782363,3.238574504852295,3.238574504852295,7700.0
1995-10-05,3.3502494877782363,3.3502494877782363,3.238574504852295,3.238574504852295,12600.0
1995-10-06,3.238574504852295,3.2944119963152656,3.238574504852295,3.238574504852295,31500.0
1995-10-09,3.2944119963152656,3.3502494877782363,3.238574504852295,3.238574504852295,25200.0
1995-10-10,3.182737112045288,3.2944120984328418,3.182737112045288,3.182737112045288,26800.0
1995-10-11,3.1827375054359437,3.350250005722046,3.1827375054359437,3.350250005722046,317600.0
1995-10-12,3.3502494877782363,3.3502494877782363,3.238574504852295,3.238574504852295,17200.0
1995-10-13,3.3502494877782363,3.3502494877782363,3.238574504852295,3.238574504852295,58000.0
1995-10-16,3.3502494877782363,3.3502494877782363,3.238574504852295,3.238574504852295,47000.0
1995-10-17,3.2944133281707764,3.350250842207569,3.2385758141339833,3.2944133281707764,42300.0
1995-10-18,3.350250005722046,3.350250005722046,3.2385750055313114,3.350250005722046,82300.0
1995-10-19,3.238574504852295,3.3502494877782363,3.238574504852295,3.238574504852295,20300.0
1995-10-20,3.238574504852295,3.3502494877782363,3.238574504852295,3.238574504852295,19400.0
1995-10-23,3.238574605239065,3.2944120984328418,3.182737112045288,3.182737112045288,21800.0
1995-10-24,3.2944119963152656,3.2944119963152656,3.1827370133893242,3.238574504852295,22600.0
1995-10-25,3.2944120984328418,3.2944120984328418,3.182737112045288,3.182737112045288,13900.0
1995-10-26,3.1827397910031405,3.2944148713892156,3.0710647106170654,3.0710647106170654,27800.0
1995-10-27,3.015225418976375,3.1269004344940186,3.015225418976375,3.1269004344940186,9800.0
1995-10-30,3.1827356682883368,3.1827356682883368,3.015223264694214,3.015223264694214,4400.0
1995-10-31,3.1827356682883368,3.1827356682883368,3.015223264694214,3.015223264694214,42700.0
1995-11-01,3.126898200423629,3.126898200423629,3.015223264694214,3.015223264694214,15000.0
1995-11-02,3.1269004344940186,3.1269004344940186,3.015225418976375,3.1269004344940186,13000.0
1995-11-03,3.126902250810103,3.126902250810103,3.0710647106170654,3.0710647106170654,6900.0
1995-11-06,3.071062125657734,3.182737112045288,3.071062125657734,3.182737112045288,19000.0
1995-11-07,3.0710615526955083,3.1827365182480722,2.9593865871429443,2.9593865871429443,34700.0
1995-11-08,3.0710647106170654,3.0710647106170654,2.9593896302309903,3.0710647106170654,133000.0
1995-11-09,2.9593896302309903,3.0710647106170654,2.9593896302309903,3.0710647106170654,139800.0
1995-11-10,2.959385796829506,3.071060732558921,2.959385796829506,3.015223264694214,142300.0
1995-11-13,2.959387911217553,3.1269004344940186,2.959387911217553,3.1269004344940186,19600.0
1995-11-14,3.1268987743132706,3.1268987743132706,3.015223818087797,3.043142557144165,52300.0
1995-11-15,3.1269004344940186,3.1269004344940186,3.015225418976375,3.1269004344940186,29600.0
1995-11-16,3.126898200423629,3.126898200423629,3.015223264694214,3.015223264694214,30600.0
1995-11-17,3.126898200423629,3.126898200423629,3.015223264694214,3.015223264694214,38500.0
1995-11-20,3.015223264694214,3.126898200423629,3.015223264694214,3.015223264694214,26000.0
1995-11-21,3.015223264694214,3.126898200423629,3.015223264694214,3.015223264694214,28400.0
1995-11-22,3.1269006127709744,3.1269006127709744,3.0152255908862964,3.0989818572998047,18300.0
1995-11-24,3.0989818572998047,3.0989818572998047,3.0989818572998047,3.0989818572998047,0.0
1995-11-27,3.1269004344940186,3.1269004344940186,3.0710629267351965,3.1269004344940186,31800.0
1995-11-28,3.126902250810103,3.126902250810103,3.0710647106170654,3.0710647106170654,17500.0
1995-11-29,3.0710631018286354,3.182738123713313,3.0710631018286354,3.0989818572998047,21800.0
1995-11-30,3.0710629267351965,3.18273794225284,3.0710629267351965,3.1269004344940186,11900.0
1995-12-01,3.1827397910031405,3.1827397910031405,3.0710647106170654,3.0710647106170654,278200.0
1995-12-04,3.071061826385228,3.182736801890145,3.071061826385228,3.154818058013916,38300.0
1995-12-05,3.0710647106170654,3.1827397910031405,3.0710647106170654,3.0710647106170654,26800.0
1995-12-06,3.0989834807135845,3.1827397910031405,3.0710647106170654,3.0710647106170654,35300.0
1995-12-07,3.0710629267351965,3.18273794225284,3.0710629267351965,3.1269004344940186,48900.0
1995-12-08,3.0710629267351965,3.18273794225284,3.0710629267351965,3.1269004344940186,19500.0
1995-12-11,3.071062125657734,3.182737112045288,3.071062125657734,3.182737112045288,25500.0
1995-12-12,3.0710620304633833,3.238574504852295,3.0710620304633833,3.238574504852295,101900.0
1995-12-13,3.238574605239065,3.238574605239065,3.1268996188515112,3.182737112045288,59400.0
1995-12-14,3.2385758141339833,3.2944133281707764,3.1827383000971907,3.2944133281707764,63100.0
1995-12-15,3.2944133281707764,3.2944133281707764,3.1827383000971907,3.2944133281707764,41100.0
1995-12-18,3.2944129577704837,3.2944129577704837,3.0710629267351965,3.1269004344940186,29800.0
1995-12-19,3.1269007860603977,3.2944133281707764,3.1269007860603977,3.2944133281707764,97800.0
1995-12-20,3.1827383000971907,3.2944133281707764,3.1827383000971907,3.2944133281707764,56400.0
1995-12-21,3.1827375054359437,3.350250005722046,3.1827375054359437,3.350250005722046,38000.0
1995-12-22,3.3502494877782363,3.3502494877782363,3.238574504852295,3.238574504852295,12700.0
1995-12-26,3.3502494877782363,3.3502494877782363,3.1827370133893242,3.238574504852295,14000.0
1995-12-27,3.2048394680023193,3.3735152294761255,3.2048394680023193,3.2048394680023193,8800.0
1995-12-28,3.2048395132196363,3.2610647678375244,3.2048395132196363,3.2610647678375244,8100.0
1995-12-29,3.2048400175773493,3.3172905445098877,3.2048400175773493,3.3172905445098877,17200.0
1996-01-02,3.2610652810436185,3.3172905445098877,3.2610652810436185,3.3172905445098877,34500.0
1996-01-03,3.2610655466715497,3.373516082763672,3.2610655466715497,3.373516082763672,46600.0
1996-01-04,3.3735152294761255,3.3735152294761255,3.2048394680023193,3.2048394680023193,9400.0
1996-01-05,3.2048394680023193,3.3172899756515233,3.2048394680023193,3.2048394680023193,8600.0
1996-01-08,3.2048400175773493,3.3172905445098877,3.2048400175773493,3.3172905445098877,7700.0
1996-01-09,3.2048394680023193,3.3172899756515233,3.2048394680023193,3.2048394680023193,13400.0
1996-01-10,3.2048403918743134,3.261065661907196,3.1486151218414307,3.1486151218414307,64400.0
1996-01-11,3.261064721826921,3.261064721826921,3.2048394680023193,3.2048394680023193,10000.0
1996-01-12,3.148614258601748,3.2610647678375244,3.148614258601748,3.2610647678375244,44600.0
1996-01-15,3.1486151218414307,3.261065661907196,3.1486151218414307,3.1486151218414307,8200.0
1996-01-16,3.148614214177717,3.2048394680023193,3.092388960353115,3.2048394680023193,52800.0
1996-01-17,3.092388960353115,3.261064721826921,3.092388960353115,3.2048394680023193,10600.0
1996-01-18,3.092388960353115,3.261064721826921,3.092388960353115,3.2048394680023193,21400.0
1996-01-19,3.148614214177717,3.2048394680023193,3.092388960353115,3.2048394680023193,18200.0
1996-01-22,3.2048403918743134,3.2048403918743134,3.092389851808548,3.1486151218414307,10200.0
1996-01-23,3.1486163052645595,3.204841596429998,3.092391014099121,3.092391014099121,11800.0
1996-01-24,3.092389851808548,3.1486151218414307,3.092389851808548,3.1486151218414307,15900.0
1996-01-25,3.092389851808548,3.1486151218414307,3.092389851808548,3.1486151218414307,7800.0
1996-01-26,3.1486151218414307,3.1486151218414307,3.092389851808548,3.1486151218414307,9300.0
1996-01-29,3.2048403918743134,3.2048403918743134,3.092389851808548,3.1486151218414307,13000.0
1996-01-30,3.092391014099121,3.204841596429998,3.092391014099121,3.092391014099121,98800.0
1996-01-31,3.092389851808548,3.2048403918743134,3.092389851808548,3.1486151218414307,39100.0
1996-02-01,3.2048394680023193,3.2048394680023193,3.092388960353115,3.2048394680023193,15600.0
1996-02-02,3.092391014099121,3.204841596429998,3.092391014099121,3.092391014099121,34700.0
1996-02-05,3.092391014099121,3.204841596429998,3.092391014099121,3.092391014099121,18100.0
1996-02-06,3.092391014099121,3.204841596429998,3.092391014099121,3.092391014099121,29900.0
1996-02-07,3.204839886845769,3.204839886845769,3.0923893645003036,3.12050199508667,75800.0
1996-02-08,3.092388960353115,3.2048394680023193,3.092388960353115,3.2048394680023193,15300.0
1996-02-09,3.12050365968184,3.204841596429998,3.092391014099121,3.092391014099121,25400.0
1996-02-12,3.092391014099121,3.204841596429998,3.092391014099121,3.092391014099121,26200.0
1996-02-13,3.092391014099121,3.204841596429998,3.092391014099121,3.092391014099121,48000.0
1996-02-14,3.092391014099121,3.204841596429998,3.092391014099121,3.092391014099121,222300.0
1996-02-15,3.2048394680023193,3.2048394680023193,3.092388960353115,3.2048394680023193,63800.0
1996-02-16,3.092391014099121,3.204841596429998,3.092391014099121,3.092391014099121,14600.0
1996-02-20,3.2048394680023193,3.2048394680023193,3.092388960353115,3.2048394680023193,20200.0
1996-02-21,3.204841596429998,3.204841596429998,3.092391014099121,3.092391014099121,28200.0
1996-02-22,3.204841596429998,3.204841596429998,3.092391014099121,3.092391014099121,30800.0
1996-02-23,3.092389851808548,3.1486151218414307,3.092389851808548,3.1486151218414307,30300.0
1996-02-26,3.1486163052645595,3.176728950847279,3.0361657229336823,3.092391014099121,243600.0
1996-02-27,3.092389851808548,3.2048403918743134,3.092389851808548,3.1486151218414307,13400.0
1996-02-28,3.1415881438688795,3.204841596429998,3.092391014099121,3.092391014099121,91500.0
1996-02-29,3.1486151218414307,3.2048403918743134,3.092389851808548,3.1486151218414307,161300.0
1996-03-01,3.092388960353115,3.2048394680023193,3.092388960353115,3.2048394680023193,207100.0
1996-03-04,3.148614258601748,3.317290022455413,3.0923890039838593,3.2610647678375244,108600.0
1996-03-05,3.2048394680023193,3.3172899756515233,3.2048394680023193,3.2048394680023193,42200.0
1996-03-06,3.2048385454260786,3.3172890207041865,3.2048385454260786,3.2329511642456055,39600.0
1996-03-07,3.2048385454260786,3.2610637830651323,3.2048385454260786,3.2329511642456055,18500.0
1996-03-08,3.1486151218414307,3.261065661907196,3.1486151218414307,3.1486151218414307,28400.0
1996-03-11,3.1486151218414307,3.261065661907196,3.1486151218414307,3.1486151218414307,6000.0
1996-03-12,3.148614214177717,3.261064721826921,3.148614214177717,3.2048394680023193,131100.0
1996-03-13,3.1486151218414307,3.261065661907196,3.1486151218414307,3.1486151218414307,30200.0
1996-03-14,3.204839444793431,3.204839444793431,3.1486141913760024,3.176726818084717,15400.0
1996-03-15,3.148614258601748,3.2610647678375244,3.148614258601748,3.2610647678375244,4100.0
1996-03-18,3.261064721826921,3.261064721826921,3.148614214177717,3.2048394680023193,34600.0
1996-03-19,3.2048395132196363,3.2610647678375244,3.2048395132196363,3.2610647678375244,27700.0
1996-03-20,3.261064721826921,3.261064721826921,3.148614214177717,3.2048394680023193,17200.0
1996-03-21,3.14861475411108,3.373515807976157,3.14861475411108,3.3172905445098877,159900.0
1996-03-22,3.2610651047761774,3.4859661464848792,3.2610651047761774,3.401628255844116,126600.0
1996-03-25,3.37351612928437,3.4859666669271823,3.37351612928437,3.4578540325164795,68300.0
1996-03-26,3.4859661464848792,3.4859661464848792,3.3735156256305285,3.401628255844116,37400.0
1996-03-27,3.4004932153420366,3.5138429891867715,3.3438183284196694,3.4571681022644043,99800.0
1996-03-28,3.4571681022644043,3.4571681022644043,3.3438183284196694,3.4571681022644043,17300.0
1996-03-29,3.4571684060558194,3.513843297958374,3.4004935141532653,3.513843297958374,27600.0
1996-04-01,3.4571684060558194,3.513843297958374,3.4004935141532653,3.513843297958374,26400.0
1996-04-02,3.4004932153420366,3.5138429891867715,3.4004932153420366,3.4571681022644043,33300.0
1996-04-03,3.4571703486144543,3.627195119857788,3.4004954248666763,3.627195119857788,117700.0
1996-04-04,3.627195119857788,3.683870043605566,3.57052019611001,3.627195119857788,110300.0
1996-04-08,3.4571699698766074,3.570519804954529,3.4004950523376465,3.4004950523376465,40800.0
1996-04-09,3.5705178761091387,3.5705178761091387,3.4571681022644043,3.4571681022644043,20200.0
1996-04-10,3.570519621779279,3.570519621779279,3.457169792516445,3.4855072498321533,77600.0
1996-04-11,3.457170085301475,3.5705199241638184,3.457170085301475,3.5705199241638184,26500.0
1996-04-12,3.57052019611001,3.683870043605566,3.513845272362232,3.627195119857788,195200.0
1996-04-15,3.683870043605566,3.683870043605566,3.57052019611001,3.627195119857788,34000.0
1996-04-16,3.627195119857788,3.683870043605566,3.57052019611001,3.627195119857788,107000.0
1996-04-17,3.6271949181189904,3.6838698387145996,3.6271949181189904,3.6838698387145996,45200.0
1996-04-18,3.683870043605566,3.683870043605566,3.627195119857788,3.627195119857788,80700.0
1996-04-19,3.683870043605566,3.683870043605566,3.627195119857788,3.627195119857788,12000.0
1996-04-22,3.627195119857788,3.683870043605566,3.57052019611001,3.627195119857788,58100.0
1996-04-23,3.5705199241638184,3.62719484359499,3.5705199241638184,3.5705199241638184,24600.0
1996-04-24,3.5988573838794045,3.62719484359499,3.5705199241638184,3.5705199241638184,32500.0
1996-04-25,3.513843297958374,3.6271930817634828,3.513843297958374,3.513843297958374,13600.0
1996-04-26,3.513843297958374,3.6271930817634828,3.513843297958374,3.513843297958374,8800.0
1996-04-29,3.570518189860928,3.6271930817634828,3.513843297958374,3.513843297958374,42100.0
1996-04-30,3.627195119857788,3.627195119857788,3.513845272362232,3.627195119857788,23500.0
1996-05-01,3.627195119857788,3.627195119857788,3.513845272362232,3.627195119857788,34900.0
1996-05-02,3.513845272362232,3.627195119857788,3.513845272362232,3.627195119857788,19000.0
1996-05-03,3.513845272362232,3.627195119857788,3.513845272362232,3.627195119857788,11300.0
1996-05-06,3.513844512939453,3.6271943359375,3.513844512939453,3.542181968688965,6500.0
1996-05-07,3.5138429891867715,3.5705178761091387,3.4571681022644043,3.4571681022644043,11800.0
1996-05-08,3.4571681022644043,3.5705178761091387,3.4571681022644043,3.4571681022644043,41100.0
1996-05-09,3.4571681022644043,3.5705178761091387,3.4571681022644043,3.4571681022644043,19500.0
1996-05-10,3.4571681022644043,3.5705178761091387,3.4571681022644043,3.4571681022644043,39400.0
1996-05-13,3.513843297958374,3.513843297958374,3.4571684060558194,3.513843297958374,28200.0
1996-05-14,3.4571684060558194,3.570518189860928,3.4571684060558194,3.513843297958374,56700.0
1996-05-15,3.513843297958374,3.570518189860928,3.513843297958374,3.513843297958374,7800.0
1996-05-16,3.513843297958374,3.570518189860928,3.513843297958374,3.513843297958374,9200.0
1996-05-17,3.5705199241638184,3.5705199241638184,3.457170085301475,3.5705199241638184,50000.0
1996-05-20,3.513843297958374,3.570518189860928,3.513843297958374,3.513843297958374,14900.0
1996-05-21,3.5138450047326466,3.5705199241638184,3.5138450047326466,3.5705199241638184,3800.0
1996-05-22,3.513843297958374,3.570518189860928,3.513843297958374,3.513843297958374,20100.0
1996-05-23,3.513843297958374,3.570518189860928,3.513843297958374,3.513843297958374,19100.0
1996-05-24,3.513843297958374,3.570518189860928,3.513843297958374,3.513843297958374,23200.0
1996-05-28,3.570518189860928,3.570518189860928,3.513843297958374,3.513843297958374,31100.0
1996-05-29,3.5138450047326466,3.5705199241638184,3.5138450047326466,3.5705199241638184,41100.0
1996-05-30,3.5705199241638184,3.5705199241638184,3.5138450047326466,3.5705199241638184,120100.0
1996-05-31,3.570518189860928,3.570518189860928,3.513843297958374,3.513843297958374,28600.0
1996-06-03,3.5705199241638184,3.5705199241638184,3.5138450047326466,3.5705199241638184,7700.0
1996-06-04,3.5138450047326466,3.5705199241638184,3.5138450047326466,3.5705199241638184,37100.0
1996-06-05,3.513844512939453,3.5705194244384764,3.513844512939453,3.542181968688965,18800.0
1996-06-06,3.570518189860928,3.570518189860928,3.513843297958374,3.513843297958374,17700.0
1996-06-07,3.513843297958374,3.570518189860928,3.513843297958374,3.513843297958374,17900.0
1996-06-10,3.513843297958374,3.570518189860928,3.513843297958374,3.513843297958374,5000.0
1996-06-11,3.513843297958374,3.570518189860928,3.513843297958374,3.513843297958374,30000.0
1996-06-12,3.513844512939453,3.5705194244384764,3.513844512939453,3.542181968688965,25800.0
1996-06-13,3.5138450047326466,3.5705199241638184,3.5138450047326466,3.5705199241638184,6000.0
1996-06-14,3.5705199241638184,3.5705199241638184,3.5138450047326466,3.5705199241638184,160200.0
1996-06-17,3.513843297958374,3.5421807439096513,3.513843297958374,3.513843297958374,18600.0
1996-06-18,3.513843297958374,3.570518189860928,3.513843297958374,3.513843297958374,53800.0
1996-06-19,3.513843297958374,3.570518189860928,3.513843297958374,3.513843297958374,11000.0
1996-06-20,3.513844512939453,3.5705194244384764,3.513844512939453,3.542181968688965,2600.0
1996-06-21,3.513844512939453,3.542181968688965,3.513844512939453,3.542181968688965,6100.0
1996-06-24,3.5138450047326466,3.5705199241638184,3.5067606398037503,3.5705199241638184,33700.0
1996-06-25,3.5138429891867715,3.5138429891867715,3.4004932153420366,3.4571681022644043,20800.0
1996-06-26,3.427464723587036,3.5988379597663878,3.427464723587036,3.427464723587036,4300.0
1996-06-27,3.427464723587036,3.5417135477066037,3.427464723587036,3.427464723587036,12000.0
1996-06-28,3.4274653465517106,3.5417141914367676,3.4274653465517106,3.5417141914367676,9500.0
1996-07-01,3.484588146209717,3.54171254204922,3.427463750370213,3.484588146209717,22400.0
1996-07-02,3.484589768994239,3.598838613879296,3.484589768994239,3.5417141914367676,66400.0
1996-07-03,3.5988400972806494,3.7702134352463945,3.5417156512920673,3.7130889892578125,110000.0
1996-07-05,3.7702134352463945,3.7702134352463945,3.655964543269231,3.7130889892578125,6900.0
1996-07-08,3.7702115401625633,3.7702115401625633,3.6559627056121826,3.6559627056121826,10400.0
1996-07-09,3.6559627056121826,3.713087122887373,3.6559627056121826,3.6559627056121826,8000.0
1996-07-10,3.6559646848648315,3.6559646848648315,3.5988402366638184,3.5988402366638184,10200.0
1996-07-11,3.598838613879296,3.6559630363218245,3.5417141914367676,3.5417141914367676,66400.0
1996-07-12,3.5417141914367676,3.5417141914367676,3.5417141914367676,3.5417141914367676,1600.0
1996-07-15,3.6559630363218245,3.6559630363218245,3.5417141914367676,3.5417141914367676,11900.0
1996-07-16,3.5417141914367676,3.598838613879296,3.5417141914367676,3.5417141914367676,26500.0
1996-07-17,3.5417141914367676,3.598838613879296,3.5417141914367676,3.5417141914367676,8900.0
1996-07-18,3.5417141914367676,3.598838613879296,3.5417141914367676,3.5417141914367676,56200.0
1996-07-19,3.59883678817749,3.59883678817749,3.5417123947143554,3.570274591445923,42500.0
1996-07-22,3.5417141914367676,3.598838613879296,3.5417141914367676,3.5417141914367676,22800.0
1996-07-23,3.5417157884628057,3.5988402366638184,3.5417157884628057,3.5988402366638184,13400.0
1996-07-24,3.5417141914367676,3.598838613879296,3.5417141914367676,3.5417141914367676,58400.0
1996-07-25,3.5417157884628057,3.6559646848648315,3.5417157884628057,3.5988402366638184,24200.0
1996-07-26,3.5988402366638184,3.5988402366638184,3.5988402366638184,3.5988402366638184,3100.0
1996-07-29,3.5988402366638184,3.6559646848648315,3.5988402366638184,3.5988402366638184,6700.0
1996-07-30,3.5988402366638184,3.6559646848648315,3.5988402366638184,3.5988402366638184,8500.0
1996-07-31,3.5988402366638184,3.6559646848648315,3.5988402366638184,3.5988402366638184,9000.0
1996-08-01,3.5988382883369923,3.6559627056121826,3.5988382883369923,3.6559627056121826,16300.0
1996-08-02,3.5988402366638184,3.5988402366638184,3.5988402366638184,3.5988402366638184,4400.0
1996-08-05,3.5988402366638184,3.6559646848648315,3.5988402366638184,3.5988402366638184,28400.0
1996-08-06,3.5988382883369923,3.6559627056121826,3.541713871061802,3.6559627056121826,12700.0
1996-08-07,3.598836937888724,3.598836937888724,3.484588146209717,3.484588146209717,67700.0
1996-08-08,3.484588146209717,3.598836937888724,3.484588146209717,3.484588146209717,30000.0
1996-08-09,3.54171254204922,3.598836937888724,3.484588146209717,3.484588146209717,72100.0
1996-08-12,3.5417141914367676,3.598838613879296,3.484589768994239,3.5417141914367676,9800.0
1996-08-13,3.5988402366638184,3.5988402366638184,3.4845913402617925,3.5988402366638184,18200.0
1996-08-14,3.5417157884628057,3.5988402366638184,3.4845913402617925,3.5988402366638184,12300.0
1996-08-15,3.484588146209717,3.598836937888724,3.484588146209717,3.484588146209717,12300.0
1996-08-16,3.54171254204922,3.54171254204922,3.484588146209717,3.484588146209717,15100.0
1996-08-19,3.484590383079963,3.5702770318442245,3.484590383079963,3.513152599334717,31300.0
1996-08-20,3.484589768994239,3.598838613879296,3.484589768994239,3.5417141914367676,11900.0
1996-08-21,3.4845913402617925,3.5988402366638184,3.4845913402617925,3.5988402366638184,34700.0
1996-08-22,3.5417141914367676,3.598838613879296,3.5417141914367676,3.5417141914367676,9600.0
1996-08-23,3.5417141914367676,3.598838613879296,3.5417141914367676,3.5417141914367676,6800.0
1996-08-26,3.5417141914367676,3.598838613879296,3.5417141914367676,3.5417141914367676,20300.0
1996-08-27,3.5988402366638184,3.6559646848648315,3.5417157884628057,3.5988402366638184,47300.0
1996-08-28,3.6559627056121826,3.713087122887373,3.6559627056121826,3.6559627056121826,12000.0
1996-08-29,3.7130889892578125,3.7130889892578125,3.5988400972806494,3.7130889892578125,22300.0
1996-08-30,3.7130889892578125,3.7702134352463945,3.5988400972806494,3.7130889892578125,58800.0
1996-09-03,3.713084694110986,3.7702090740203857,3.713084694110986,3.7702090740203857,12800.0
1996-09-04,3.713087003622482,3.827335834503174,3.713087003622482,3.827335834503174,13700.0
1996-09-05,3.713084694110986,3.827333453929785,3.713084694110986,3.7702090740203857,5300.0
1996-09-06,3.8273353261106156,3.8844597339630127,3.770210918258218,3.8844597339630127,19900.0
1996-09-09,3.7702090740203857,3.884457833839185,3.7702090740203857,3.7702090740203857,14300.0
1996-09-10,3.884457833839185,3.884457833839185,3.7702090740203857,3.7702090740203857,11700.0
1996-09-11,3.827333453929785,3.827333453929785,3.7702090740203857,3.7702090740203857,14700.0
1996-09-12,3.7702114190628278,3.827335834503174,3.713087003622482,3.827335834503174,33100.0
1996-09-13,3.827333453929785,3.884457833839185,3.7702090740203857,3.7702090740203857,81400.0
1996-09-16,3.8844594679016997,3.9415838718414307,3.7702106600222383,3.9415838718414307,12500.0
1996-09-17,3.8844594679016997,3.9415838718414307,3.827335063961969,3.9415838718414307,28600.0
1996-09-18,3.827335063961969,3.9987082757811616,3.827335063961969,3.9415838718414307,27000.0
1996-09-19,3.998708549667807,3.998708549667807,3.8844597339630127,3.8844597339630127,5400.0
1996-09-20,3.884460599081857,4.0558338608060565,3.884460599081857,3.9987094402313232,51100.0
1996-09-23,3.9415838718414307,4.055832679720893,3.9415838718414307,3.9415838718414307,9900.0
1996-09-24,3.941584976626114,4.05583381652832,3.941584976626114,4.05583381652832,45000.0
1996-09-25,3.9684135896696464,4.083440070529636,3.9684135896696464,3.9971702098846436,11100.0
1996-09-26,3.968413829803467,4.025927073713662,3.968413829803467,3.968413829803467,11800.0
1996-09-27,4.083440794263567,4.083440794263567,3.968414293016706,4.025927543640137,2900.0
1996-09-30,4.0834403176238565,4.0834403176238565,3.968413829803467,3.968413829803467,2800.0
1996-10-01,3.9684133529663086,4.083439826965332,3.9684133529663086,4.083439826965332,2100.0
1996-10-02,3.9684133529663086,4.083439826965332,3.9684133529663086,4.083439826965332,46200.0
1996-10-03,4.02592613272471,4.313492285062189,4.02592613272471,4.198465824127197,70600.0
1996-10-04,4.198465824127197,4.313492285062189,4.140952593659701,4.198465824127197,52800.0
1996-10-07,4.198464889784117,4.255978107452393,4.198464889784117,4.255978107452393,39700.0
1996-10-08,4.198464889784117,4.313491325120668,4.198464889784117,4.255978107452393,30000.0
1996-10-09,4.255978097721022,4.313491315257793,4.198464880184251,4.227221488952637,19500.0
1996-10-10,4.198464889784117,4.255978107452393,4.198464889784117,4.255978107452393,46300.0
1996-10-11,4.255979054594693,4.313492285062189,4.198465824127197,4.198465824127197,35400.0
1996-10-14,4.255979054594693,4.255979054594693,4.198465824127197,4.198465824127197,8200.0
1996-10-15,4.198465824127197,4.255979054594693,4.198465824127197,4.198465824127197,8800.0
1996-10-16,4.198464367124769,4.2559775776333275,4.140951156616211,4.140951156616211,17200.0
1996-10-17,4.1409516721158415,4.255978107452393,4.1409516721158415,4.255978107452393,2500.0
1996-10-18,4.1409516721158415,4.255978107452393,4.1409516721158415,4.255978107452393,3400.0
1996-10-21,4.2559775776333275,4.2559775776333275,4.140951156616211,4.140951156616211,12200.0
1996-10-22,4.140953063964844,4.140953063964844,4.083439826965332,4.083439826965332,28100.0
1996-10-23,4.083439826965332,4.140953063964844,4.083439826965332,4.083439826965332,8400.0
1996-10-24,4.083439826965332,4.083439826965332,4.083439826965332,4.083439826965332,3800.0
1996-10-25,4.083437946107653,4.140951156616211,4.083437946107653,4.140951156616211,17400.0
1996-10-28,4.0834403176238565,4.140953561534052,3.968413829803467,3.968413829803467,17200.0
1996-10-29,4.0834403176238565,4.0834403176238565,3.968413829803467,3.968413829803467,18300.0
1996-10-30,3.9684133529663086,4.140953063964844,3.9684133529663086,4.054683208465576,29600.0
1996-10-31,4.025927543640137,4.083440794263567,4.025927543640137,4.025927543640137,1400.0
1996-11-01,4.02592658996582,4.140953063964844,4.02592658996582,4.083439826965332,9300.0
1996-11-04,4.083439826965332,4.140953063964844,4.083439826965332,4.083439826965332,42000.0
1996-11-05,4.198465824127197,4.371005515529685,4.140952593659701,4.198465824127197,70700.0
1996-11-06,4.198464889784117,4.371004542788944,4.198464889784117,4.255978107452393,15100.0
1996-11-07,4.371006011962891,4.371006011962891,4.255979537963867,4.371006011962891,29900.0
1996-11-08,4.371004542788944,4.371004542788944,4.255978107452393,4.255978107452393,16600.0
1996-11-11,4.313491325120668,4.428517760457219,4.255978107452393,4.255978107452393,33200.0
1996-11-12,4.255978107452393,4.313491325120668,4.255978107452393,4.255978107452393,21100.0
1996-11-13,4.255978107452393,4.255978107452393,4.198464889784117,4.255978107452393,17800.0
1996-11-14,4.198464889784117,4.255978107452393,4.198464889784117,4.255978107452393,9900.0
1996-11-15,4.255979054594693,4.255979054594693,4.198465824127197,4.198465824127197,9400.0
1996-11-18,4.198465824127197,4.255979054594693,4.198465824127197,4.198465824127197,37800.0
1996-11-19,4.198464889784117,4.313491325120668,4.198464889784117,4.255978107452393,8000.0
1996-11-20,4.313491325120668,4.313491325120668,4.255978107452393,4.255978107452393,9700.0
1996-11-21,4.255978107452393,4.313491325120668,4.255978107452393,4.255978107452393,30300.0
1996-11-22,4.255978107452393,4.313491325120668,4.255978107452393,4.255978107452393,18400.0
1996-11-25,4.284736156463623,4.371006011962891,4.255979537963867,4.371006011962891,87200.0
1996-11-26,4.371006495157878,4.371006495157878,4.313493251800537,4.313493251800537,19500.0
1996-11-27,4.313493251800537,4.342249873479208,4.313493251800537,4.313493251800537,14500.0
1996-11-29,4.313493251800537,4.371006495157878,4.313493251800537,4.313493251800537,2700.0
1996-12-02,4.371006495157878,4.371006495157878,4.2559800084431965,4.313493251800537,37600.0
1996-12-03,4.313492774963379,4.428519248962402,4.284736156463623,4.371006011962891,116200.0
1996-12-04,4.313492774963379,4.428519248962402,4.313492774963379,4.371006011962891,5500.0
1996-12-05,4.428518295288086,4.428518295288086,4.313491846059824,4.428518295288086,11900.0
1996-12-06,4.198464889784117,4.313491325120668,4.198464889784117,4.255978107452393,9400.0
1996-12-09,4.313491325120668,4.313491325120668,4.255978107452393,4.255978107452393,4100.0
1996-12-10,4.255978117053141,4.3134913348511565,4.255978117053141,4.284734725952148,16500.0
1996-12-11,4.255978107452393,4.313491325120668,4.255978107452393,4.255978107452393,22900.0
1996-12-12,4.255978107452393,4.313491325120668,4.255978107452393,4.255978107452393,7300.0
1996-12-13,4.255978107452393,4.313491325120668,4.255978107452393,4.255978107452393,22800.0
1996-12-16,4.255978117053141,4.3134913348511565,4.255978117053141,4.284734725952148,10400.0
1996-12-17,4.2559800084431965,4.313493251800537,4.2559800084431965,4.313493251800537,7900.0
1996-12-18,4.255978107452393,4.313491325120668,4.255978107452393,4.255978107452393,3500.0
1996-12-19,4.313493251800537,4.313493251800537,4.2559800084431965,4.313493251800537,4800.0
1996-12-20,4.284736156463623,4.371006011962891,4.255979537963867,4.371006011962891,55900.0
1996-12-23,4.313491846059824,4.428518295288086,4.313491846059824,4.428518295288086,15600.0
1996-12-24,4.345094203948975,4.345094203948975,4.345094203948975,4.345094203948975,200.0
1996-12-26,4.460962949654995,4.634766700940254,4.345093782131489,4.518897533416748,50700.0
1996-12-27,4.692700011389596,4.866503715515137,4.692700011389596,4.866503715515137,36000.0
1996-12-30,4.866502963795381,4.924437522888184,4.808568404702579,4.924437522888184,20400.0
1996-12-31,4.9244382835569835,4.9244382835569835,4.80856914747329,4.866503715515137,25700.0
1997-01-02,4.8085704522255135,4.8665050359872675,4.518897533416748,4.518897533416748,165900.0
1997-01-03,4.518897621494949,4.634766791276871,4.518897621494949,4.54786491394043,11200.0
1997-01-06,4.518897533416748,4.634766700940254,4.518897533416748,4.518897533416748,39100.0
1997-01-07,4.518897533416748,4.634766700940254,4.518897533416748,4.518897533416748,20500.0
1997-01-08,4.634766101837158,4.634766101837158,4.518896949291229,4.634766101837158,34400.0
1997-01-09,4.576832117178501,4.634766700940254,4.518897533416748,4.518897533416748,9300.0
1997-01-10,4.634765431850772,4.634765431850772,4.5188962960545025,4.576830863952637,56100.0
1997-01-13,4.634765431850772,4.634765431850772,4.576830863952637,4.576830863952637,75700.0
1997-01-14,4.576830863952637,4.634765431850772,4.576830863952637,4.576830863952637,3500.0
1997-01-15,4.576830863952637,4.634765431850772,4.576830863952637,4.576830863952637,39000.0
1997-01-16,4.634765431850772,4.634765431850772,4.576830863952637,4.576830863952637,57400.0
1997-01-17,4.634767697181231,4.692702293395996,4.576833100966465,4.692702293395996,17400.0
1997-01-20,4.576831525564194,4.692700678110123,4.576831525564194,4.634766101837158,9000.0
1997-01-21,4.692700678110123,4.692700678110123,4.576831525564194,4.634766101837158,22000.0
1997-01-22,4.692700678110123,4.750635254383087,4.576831525564194,4.634766101837158,157300.0
1997-01-23,4.750635533245063,4.808570112918783,4.634766373897622,4.721668243408203,55100.0
1997-01-24,4.750636889610761,4.750636889610761,4.692702293395996,4.692702293395996,12300.0
1997-01-27,4.692702293395996,4.750636889610761,4.692702293395996,4.692702293395996,9500.0
1997-01-28,4.750635147094727,4.750635147094727,4.692700572130157,4.750635147094727,5900.0
1997-01-29,4.692702293395996,4.750636889610761,4.692702293395996,4.692702293395996,13000.0
1997-01-30,4.750635147094727,4.750635147094727,4.692700572130157,4.750635147094727,11600.0
1997-01-31,4.808570384979248,4.866504967930806,4.692701219076134,4.808570384979248,112300.0
1997-02-03,4.808570384979248,4.808570384979248,4.750635802027691,4.808570384979248,13200.0
1997-02-04,4.808570384979248,4.808570384979248,4.750635802027691,4.808570384979248,16600.0
1997-02-05,4.750635802027691,4.808570384979248,4.750635802027691,4.808570384979248,5100.0
1997-02-06,4.750635147094727,4.808569722059296,4.750635147094727,4.750635147094727,7600.0
1997-02-07,4.808570384979248,4.808570384979248,4.750635802027691,4.808570384979248,8600.0
1997-02-10,4.750635147094727,4.866504297023866,4.750635147094727,4.750635147094727,56000.0
1997-02-11,4.750635802027691,4.866504967930806,4.750635802027691,4.808570384979248,21800.0
1997-02-12,4.924439550882362,4.924439550882362,4.808570384979248,4.808570384979248,3200.0
1997-02-13,4.866502963795381,4.982372081980985,4.866502963795381,4.924437522888184,122200.0
1997-02-14,4.92443937725491,5.329981443617079,4.866504796346029,5.214112281799316,220500.0
1997-02-18,5.214110937985507,5.214110937985507,5.040307240052657,5.098241806030273,103000.0
1997-02-19,5.156177429156115,5.156177429156115,5.040308273444741,5.1272101402282715,50500.0
1997-02-20,5.040306568145752,5.098241126400301,5.040306568145752,5.040306568145752,66100.0
1997-02-21,5.098241998908225,5.156176567077637,5.040307430738814,5.156176567077637,34100.0
1997-02-24,5.040307240052657,5.156176372007891,5.040307240052657,5.098241806030273,28900.0
1997-02-25,5.156176372007891,5.214110937985507,5.098241806030273,5.098241806030273,38900.0
1997-02-26,5.214110937985507,5.214110937985507,5.098241806030273,5.098241806030273,4500.0
1997-02-27,5.098241806030273,5.098241806030273,5.098241806030273,5.098241806030273,7300.0
1997-02-28,5.214112026746883,5.214112026746883,4.9823737144470215,4.9823737144470215,19500.0
1997-03-03,5.09824120016659,5.09824120016659,4.866502963795381,4.924437522888184,55900.0
1997-03-04,4.924437820566872,5.040306945756681,4.924437820566872,5.0113396644592285,33200.0
1997-03-05,5.040308292521987,5.040308292521987,4.9823737144470215,4.9823737144470215,18000.0
1997-03-06,5.011339957063848,5.098241806030273,4.98237267407504,5.098241806030273,13200.0
1997-03-07,5.098241126400301,5.156175684654849,4.982372009891203,5.040306568145752,26300.0
1997-03-10,5.156176372007891,5.156176372007891,5.098241806030273,5.098241806030273,24400.0
1997-03-11,5.156176567077637,5.156176567077637,5.098241998908225,5.156176567077637,9900.0
1997-03-12,5.040307240052657,5.156176372007891,5.040307240052657,5.098241806030273,6000.0
1997-03-13,5.040308539072673,5.214112281799316,5.040308539072673,5.214112281799316,25500.0
1997-03-14,5.214110937985507,5.214110937985507,5.040307240052657,5.098241806030273,68000.0
1997-03-17,5.098241806030273,5.214110937985507,5.040307240052657,5.098241806030273,78200.0
1997-03-18,5.214110937985507,5.214110937985507,5.098241806030273,5.098241806030273,39800.0
1997-03-19,5.098241806030273,5.156176372007891,5.098241806030273,5.098241806030273,15600.0
1997-03-20,5.098241126400301,5.098241126400301,4.9244374516366545,5.040306568145752,31600.0
1997-03-21,5.156175684654849,5.156175684654849,5.040306568145752,5.040306568145752,14600.0
1997-03-24,5.040308273444741,5.156177429156115,5.040308273444741,5.1272101402282715,53500.0
1997-03-25,5.135378837585449,5.193735415285284,5.135378837585449,5.135378837585449,5300.0
1997-03-26,5.193736553192139,5.193736553192139,5.135379962706834,5.193736553192139,41100.0
1997-03-27,5.193734739018582,5.193734739018582,5.077021598815918,5.077021598815918,19900.0
1997-03-31,5.13537816891725,5.13537816891725,5.018665028714586,5.077021598815918,54200.0
1997-04-01,5.018667052773868,5.077023646410773,4.960310459136963,4.960310459136963,31300.0
1997-04-02,4.960311096768047,5.018667697906494,4.9019544956295995,5.018667697906494,28800.0
1997-04-03,5.01866736866179,5.01866736866179,4.901954174041748,4.901954174041748,12600.0
1997-04-04,4.901954174041748,4.901954174041748,4.785240979421706,4.901954174041748,11200.0
1997-04-07,4.843598365783691,4.960311579417033,4.843598365783691,4.843598365783691,35400.0
1997-04-08,4.843594613159902,4.931129455566406,4.843594613159902,4.931129455566406,15800.0
1997-04-09,4.843598365783691,4.960311579417033,4.843598365783691,4.843598365783691,75300.0
1997-04-10,4.960311579417033,4.960311579417033,4.843598365783691,4.843598365783691,10100.0
1997-04-11,4.843598047892253,4.901954650878906,4.726884841918945,4.726884841918945,13500.0
1997-04-14,4.726884841918945,4.7852414449055996,4.726884841918945,4.726884841918945,13100.0
1997-04-15,4.726885152150349,4.843598365783691,4.726885152150349,4.843598365783691,36200.0
1997-04-16,4.726885152150349,4.843598365783691,4.726885152150349,4.843598365783691,16700.0
1997-04-17,4.726884841918945,4.7852414449055996,4.726884841918945,4.726884841918945,3500.0
1997-04-18,4.726884841918945,4.843598047892253,4.726884841918945,4.726884841918945,2900.0
1997-04-21,4.72688405688216,4.8435972434718435,4.72688405688216,4.785240650177002,3400.0
1997-04-22,4.726884841918945,4.843598047892253,4.726884841918945,4.726884841918945,16600.0
1997-04-23,4.785240793228149,4.785240793228149,4.668527603149414,4.668527603149414,32700.0
1997-04-24,4.668528238932292,4.7852414449055996,4.668528238932292,4.726884841918945,15000.0
1997-04-25,4.668527603149414,4.726884198188782,4.668527603149414,4.668527603149414,11000.0
1997-04-28,4.668527603149414,4.726884198188782,4.668527603149414,4.668527603149414,4200.0
1997-04-29,4.668528238932292,4.726884841918945,4.668528238932292,4.726884841918945,8500.0
1997-04-30,4.6977059006690975,4.726884198188782,4.668527603149414,4.668527603149414,51000.0
1997-05-01,4.726884198188782,4.726884198188782,4.668527603149414,4.668527603149414,9200.0
1997-05-02,4.726884198188782,4.726884198188782,4.668527603149414,4.668527603149414,75100.0
1997-05-05,4.726884841918945,4.7852414449055996,4.668528238932292,4.726884841918945,60100.0
1997-05-06,4.726884084589341,4.960310459136963,4.726884084589341,4.960310459136963,62800.0
1997-05-07,4.843597576731727,4.960310771351769,4.843597576731727,4.901954174041748,43800.0
1997-05-08,4.960311579417033,4.960311579417033,4.843598365783691,4.843598365783691,7500.0
1997-05-09,4.9603093408905305,4.9603093408905305,4.785239599447335,4.945720195770264,212900.0
1997-05-12,4.960310771351769,5.01866736866179,4.843597576731727,4.901954174041748,6900.0
1997-05-13,4.8435972718631515,5.018667052773868,4.8435972718631515,4.960310459136963,8900.0
1997-05-14,4.843597576731727,5.01866736866179,4.843597576731727,4.901954174041748,19500.0
1997-05-15,4.901954174041748,5.01866736866179,4.843597576731727,4.901954174041748,36400.0
1997-05-16,4.901954174041748,5.01866736866179,4.843597576731727,4.901954174041748,5200.0
1997-05-19,4.901954972600362,5.018668186233704,4.843598365783691,4.843598365783691,13200.0
1997-05-20,4.843598047892253,4.901954650878906,4.726884841918945,4.726884841918945,11200.0
1997-05-21,4.785240497011127,4.843597088438092,4.785240497011127,4.814418792724609,13100.0
1997-05-22,4.901954972600362,4.901954972600362,4.78524175896702,4.843598365783691,2700.0
1997-05-23,4.9019544956295995,5.018667697906494,4.785241293352704,5.018667697906494,33200.0
1997-05-27,4.843597576731727,5.01866736866179,4.843597576731727,4.901954174041748,18800.0
1997-05-28,4.9019544956295995,5.018667697906494,4.9019544956295995,5.018667697906494,11500.0
1997-05-29,5.01866736866179,5.01866736866179,4.901954174041748,4.901954174041748,16500.0
1997-05-30,4.9019544956295995,5.018667697906494,4.843597894491151,5.018667697906494,15500.0
1997-06-02,4.901953865500057,5.018667052773868,4.901953865500057,4.960310459136963,14200.0
1997-06-03,5.018667697906494,5.077024299044942,4.9019544956295995,5.018667697906494,26200.0
1997-06-04,4.960310459136963,5.135380240047679,4.960310459136963,4.960310459136963,3500.0
1997-06-05,4.960311096768047,5.13538090018339,4.960311096768047,5.018667697906494,18300.0
1997-06-06,5.13537835562101,5.42716121673584,5.018665211175078,5.42716121673584,151200.0
1997-06-09,5.310449179182662,5.485518932342529,5.252092594796038,5.485518932342529,54800.0
1997-06-10,5.485518932342529,5.485518932342529,5.368805763569284,5.485518932342529,70700.0
1997-06-11,5.427162347955907,5.485518932342529,5.368805763569284,5.485518932342529,30200.0
1997-06-12,5.4855177889588065,5.4855177889588065,5.368804644512874,5.42716121673584,42800.0
1997-06-13,5.368805763569284,5.485518932342529,5.368805763569284,5.485518932342529,23300.0
1997-06-16,5.427162230014801,5.718945145606995,5.368805646896362,5.602231979370117,135600.0
1997-06-17,5.660586752072729,5.777299880981445,5.602230187618371,5.777299880981445,137500.0
1997-06-18,5.777299880981445,5.777299880981445,5.718943316527087,5.777299880981445,165200.0
1997-06-19,5.777301020622254,5.894014172554016,5.718944444656372,5.835657596588135,141500.0
1997-06-20,5.894017219543457,6.010730431811645,5.835660613409364,5.894017219543457,111100.0
1997-06-23,5.894014431880071,6.069084167480469,5.835657853346605,6.069084167480469,109900.0
1997-06-24,6.010725897834415,6.127439022064209,5.952369335719518,6.127439022064209,108500.0
1997-06-25,6.165017187595367,6.165017187595367,6.106302738189697,6.106302738189697,99500.0
1997-06-26,6.165017801172593,6.165017801172593,5.871445524926279,5.988874435424805,63900.0
1997-06-27,5.93016272146725,6.047591686248779,5.93016272146725,6.047591686248779,27200.0
1997-06-30,6.106306168639544,6.165020651030309,5.9888772038580145,6.047591686248779,66400.0
1997-07-01,6.165017187595367,6.165017187595367,6.047588288784027,6.106302738189697,23200.0
1997-07-02,6.106302738189697,6.106302738189697,6.047588288784027,6.106302738189697,21100.0
1997-07-03,6.165017052520093,6.165017052520093,6.047588156281615,6.120981216430664,25200.0
1997-07-07,6.165016438972437,6.165016438972437,6.106301996696509,6.135659217834473,28700.0
1997-07-08,6.106301734561012,6.165016174316406,6.047587294805617,6.165016174316406,44300.0
1997-07-09,6.223733901977539,6.223733901977539,6.1356621958174795,6.223733901977539,18500.0
1997-07-10,6.135662039120993,6.34116268157959,6.135662039120993,6.34116268157959,33400.0
1997-07-11,6.341162002918332,6.458590928898301,6.282447539928348,6.31180477142334,37100.0
1997-07-14,6.3998759133475165,6.634733745029994,6.311804226466587,6.576019287109375,64400.0
1997-07-15,6.576019621731943,6.693448543548584,6.517305160823621,6.693448543548584,81300.0
1997-07-16,6.693449729528182,6.928307614774785,6.576020786904881,6.869593143463135,107700.0
1997-07-17,6.869589113882172,6.869589113882172,6.752160240140596,6.840231895446777,69800.0
1997-07-18,6.810878672151484,6.928307614774785,6.752164200839833,6.869593143463135,92800.0
1997-07-21,6.869595149467731,6.869595149467731,6.752166172553753,6.810880661010742,83800.0
1997-07-22,6.810877874623174,6.810877874623174,6.693448945750361,6.752163410186768,60200.0
1997-07-23,6.693447653171235,6.810876559367222,6.634733200073242,6.634733200073242,21500.0
1997-07-24,6.634735027949016,6.752163966496786,6.047590335210165,6.34116268157959,86000.0
1997-07-25,6.458590030670166,6.51730448549444,6.341161121021618,6.458590030670166,26800.0
1997-07-28,6.517308235168457,6.517308235168457,6.399879257958214,6.517308235168457,17000.0
1997-07-29,6.517304293877255,6.634733200073242,6.458589840779262,6.634733200073242,51400.0
1997-07-30,6.576019287109375,6.634733745029994,6.517304829188755,6.576019287109375,42600.0
1997-07-31,6.634733200073242,6.634733200073242,6.517304293877255,6.634733200073242,16100.0
1997-08-01,6.576019287109375,6.634733745029994,6.458590371268136,6.576019287109375,25700.0
1997-08-04,6.458590371268136,6.576019287109375,6.458590371268136,6.576019287109375,11200.0
1997-08-05,6.634733745029994,6.664090973990304,6.341161455426898,6.576019287109375,58100.0
1997-08-06,6.458593746563336,6.576022723773578,6.458593746563336,6.517308235168457,10100.0
1997-08-07,6.458590371268136,6.576019287109375,6.458590371268136,6.576019287109375,29900.0
1997-08-08,6.399875575845892,6.51730448549444,6.223732211373069,6.458590030670166,28400.0
1997-08-11,6.341161121021618,6.51730448549444,6.223732211373069,6.458590030670166,51700.0
1997-08-12,6.282444477081299,6.4585877801770355,6.282444477081299,6.282444477081299,15700.0
1997-08-13,6.282444477081299,6.4585877801770355,6.282444477081299,6.282444477081299,12500.0
1997-08-14,6.282448212305705,6.45859162012736,6.282448212305705,6.34116268157959,9500.0
1997-08-15,6.282448372750912,6.341162843524285,6.223733901977539,6.223733901977539,10500.0
1997-08-18,6.2237306140718,6.341159493582589,6.165016174316406,6.165016174316406,9000.0
1997-08-19,6.165016174316406,6.341159493582589,6.165016174316406,6.165016174316406,28900.0
1997-08-20,6.165016174316406,6.341159493582589,6.106301734561012,6.165016174316406,21800.0
1997-08-21,6.282446086406708,6.282446086406708,6.106302738189697,6.106302738189697,17600.0
1997-08-22,6.047591686248779,6.223735133421074,5.9888772038580145,6.047591686248779,15200.0
1997-08-25,6.047588555709176,6.223731911700705,6.047588555709176,6.076945781707764,24400.0
1997-08-26,6.047588288784027,6.223731637001038,6.047588288784027,6.106302738189697,22400.0
1997-08-27,6.047588555709176,6.223731911700705,6.047588555709176,6.076945781707764,89900.0
1997-08-28,6.047591686248779,6.165020651030309,6.047591686248779,6.047591686248779,3600.0
1997-08-29,6.223735133421074,6.223735133421074,6.047591686248779,6.047591686248779,4300.0
1997-09-02,5.98887230525507,6.282444477081299,5.98887230525507,6.282444477081299,33000.0
1997-09-03,6.165019431204166,6.341162843524285,6.165019431204166,6.223733901977539,77300.0
1997-09-04,6.282444477081299,6.282444477081299,6.223730042716053,6.282444477081299,30700.0
1997-09-05,6.282448372750912,6.341162843524285,6.165019431204166,6.223733901977539,35600.0
1997-09-08,6.165015608350807,6.282444477081299,6.165015608350807,6.282444477081299,9600.0
1997-09-09,6.223730042716053,6.282444477081299,6.165015608350807,6.282444477081299,48000.0
1997-09-10,6.282446666197344,6.51730448549444,6.165017756548795,6.458590030670166,42800.0
1997-09-11,6.517305804837134,6.576020271547379,6.341162404706401,6.370519638061523,29900.0
1997-09-12,6.576019287109375,6.576019287109375,6.3998759133475165,6.576019287109375,8100.0
1997-09-15,6.576018746975249,6.634733200073242,6.517304293877255,6.634733200073242,16000.0
1997-09-16,6.6347343554055636,6.693448818727737,6.517305428761217,6.66409158706665,28900.0
1997-09-17,6.576018746975249,6.693447653171235,6.576018746975249,6.634733200073242,16300.0
1997-09-18,6.693451684096764,6.810880661010742,6.576022707182785,6.810880661010742,33800.0
1997-09-19,6.810880661010742,6.810880661010742,6.722808928325258,6.810880661010742,29700.0
1997-09-22,6.810880661010742,6.810880661010742,6.752166172553753,6.810880661010742,13100.0
1997-09-23,6.810877874623174,6.810877874623174,6.752163410186768,6.752163410186768,6200.0
1997-09-24,6.824247608924734,6.912874201248432,6.824247608924734,6.853789806365967,52200.0
1997-09-25,6.853787823727256,6.853787823727256,6.735619068145752,6.735619068145752,23400.0
1997-09-26,6.853788733482361,6.853788733482361,6.617451190948486,6.617451190948486,11000.0
1997-09-29,6.61744980263499,6.735618549110615,6.61744980263499,6.676534175872803,23700.0
1997-09-30,6.676534175872803,6.676534175872803,6.61744980263499,6.676534175872803,17100.0
1997-10-01,6.617450968424479,6.676535352071126,6.5879087766011555,6.646993160247803,17700.0
1997-10-02,6.61744980263499,6.676534175872803,6.558365429397178,6.676534175872803,41300.0
1997-10-03,6.676534175872803,6.85378729558624,6.61744980263499,6.676534175872803,34500.0
1997-10-06,6.735626584392483,6.971964359283447,6.676542140669741,6.971964359283447,61700.0
1997-10-07,6.912874761691763,7.267381159727239,6.912874761691763,7.14921236038208,113400.0
1997-10-08,7.267380871350253,7.267380871350253,7.001501083374023,7.001501083374023,84400.0
1997-10-09,7.001496849521514,7.444629561516547,7.001496849521514,7.326460838317871,41900.0
1997-10-10,7.385547036555276,7.976390799479699,7.385547036555276,7.917306423187256,90200.0
1997-10-13,7.917308849446914,8.212730821441202,7.858224455048056,8.035477638244629,93900.0
1997-10-14,7.976391727763011,8.153644877268857,7.621885428751321,7.858222961425781,48300.0
1997-10-15,7.858223964549877,7.97639274597168,7.799139573838976,7.97639274597168,31100.0
1997-10-16,7.97639274597168,7.97639274597168,7.799139573838976,7.97639274597168,44000.0
1997-10-17,7.799138578257167,7.917307344594396,7.799138578257167,7.858222961425781,24800.0
1997-10-20,7.976391727763011,7.976391727763011,7.740054195088551,7.858222961425781,33100.0
1997-10-21,7.740056529189601,7.858225331161961,7.740056529189601,7.799140930175781,116200.0
1997-10-22,7.858223838072556,7.858223838072556,7.680970668792725,7.680970668792725,37400.0
1997-10-23,7.680970132350922,7.799138903617859,7.503716975450516,7.562801361083984,36900.0
1997-10-24,7.562801361083984,7.680970132350922,7.562801361083984,7.562801361083984,134700.0
1997-10-27,7.562798284715222,7.6218826463145595,7.326460838317871,7.326460838317871,49900.0
1997-10-28,7.267381175619657,7.5037187748268,6.971959176610728,7.208296775817871,104300.0
1997-10-29,7.20829253468087,7.267376899719238,7.031039439565767,7.267376899719238,43700.0
1997-10-30,7.031043561036922,7.267381159727239,7.031043561036922,7.14921236038208,5500.0
1997-10-31,7.267383098602295,7.267383098602295,6.97196102142334,7.090129852294922,55900.0
1997-11-03,7.267383098602295,7.267383098602295,7.031045436859131,7.090129852294922,90600.0
1997-11-04,7.0901279762142995,7.326465575421443,7.0901279762142995,7.208296775817871,110300.0
1997-11-05,7.326461264757605,7.326461264757605,7.1492081696425025,7.267376899719238,50400.0
1997-11-06,7.267381175619657,7.267381175619657,7.149212376016085,7.208296775817871,35400.0
1997-11-07,7.14921236038208,7.208296760054659,6.971959161364342,7.14921236038208,26000.0
1997-11-10,7.090133246728929,7.14921769045167,6.971964359283447,6.971964359283447,16700.0
1997-11-11,7.090127928918149,7.149212328325801,6.971959130102847,7.031043529510498,34400.0
1997-11-12,6.853795471837965,7.031048803006188,6.853795471837965,6.971964359283447,22000.0
1997-11-13,6.971964359283447,6.971964359283447,6.853795471837965,6.971964359283447,10600.0
1997-11-14,7.031043282038049,7.031043282038049,6.735621295397795,7.001501083374023,26700.0
1997-11-17,6.912870303357495,7.090123388058969,6.912870303357495,7.060581207275391,16700.0
1997-11-18,7.208294698636826,7.562800995291096,7.208294698636826,7.548029899597168,54800.0
1997-11-19,7.74005329430993,8.03547517577214,7.621884541725045,7.917306423187256,69400.0
1997-11-20,7.976390799479699,7.976390799479699,7.74005329430993,7.917306423187256,44400.0
1997-11-21,7.917306423187256,7.917306423187256,7.74005329430993,7.917306423187256,16400.0
1997-11-24,7.680968918017487,7.917306423187256,7.680968918017487,7.917306423187256,31500.0
1997-11-25,7.680970132350922,7.917307674884796,7.3855482041835785,7.562801361083984,42000.0
1997-11-26,7.5628033262310606,7.799140930175781,7.5628033262310606,7.799140930175781,5800.0
1997-11-28,7.799140930175781,7.799140930175781,7.5628033262310606,7.799140930175781,4500.0
1997-12-01,7.799137670602372,7.917306423187256,7.562800165432603,7.917306423187256,28600.0
1997-12-02,7.799139448312612,7.799139448312612,7.62188627903278,7.680970668792725,42100.0
1997-12-03,7.799137670602372,7.917306423187256,7.74005329430993,7.917306423187256,26300.0
1997-12-04,7.917306423187256,8.00593298762592,7.917306423187256,7.917306423187256,8500.0
1997-12-05,7.680969811919937,7.858222961425781,7.562801045582707,7.858222961425781,22500.0
1997-12-08,7.917306423187256,7.917306423187256,7.74005329430993,7.917306423187256,16700.0
1997-12-09,7.917307766339252,7.917307766339252,7.740054607391357,7.740054607391357,7700.0
1997-12-10,7.917307766339252,7.917307766339252,7.740054607391357,7.740054607391357,19400.0
1997-12-11,7.740056423187255,7.740056423187255,6.97195922088623,7.385550022125244,49300.0
1997-12-12,7.385545199917209,7.444629561516547,7.149207753519859,7.326460838317871,33200.0
1997-12-15,7.503720760345459,8.330902576446533,7.444636344909668,8.271818161010742,89800.0
1997-12-16,8.271818161010742,8.862662315368652,8.271818161010742,8.271818161010742,96300.0
1997-12-17,8.567236397001478,8.567236397001478,8.094561285442776,8.50815200805664,47500.0
1997-12-18,8.508155822753906,8.508155822753906,8.242275953292847,8.271818161010742,23600.0
1997-12-19,8.153646996680726,8.449068989314085,8.094562598154054,8.330900192260742,23200.0
1997-12-22,8.360443833848121,8.508154855647557,8.212732812048683,8.389986038208008,49800.0
1997-12-23,8.492127418518066,8.55151292494127,8.313970899248456,8.492127418518066,16400.0
1997-12-24,8.551513347219913,8.551513347219913,8.373356819152832,8.373356819152832,7900.0
1997-12-26,8.492122477955288,8.551507949829102,8.432737006081474,8.551507949829102,9300.0
1997-12-29,8.55151292494127,8.55151292494127,8.37335640567166,8.492127418518066,18700.0
1997-12-30,8.55151099127692,8.789052963256836,8.373354512291986,8.789052963256836,41200.0
1997-12-31,9.085977651634995,9.085977651634995,8.610893852856695,8.72966480255127,46900.0
1998-01-02,8.78905142170109,8.78905142170109,8.551509491384845,8.670280456542969,30900.0
1998-01-05,8.670283521454909,8.670283521454909,8.373356003596864,8.6108980178833,13300.0
1998-01-06,8.610896694828087,8.670282189275177,8.373354717039726,8.432740211486816,24900.0
1998-01-07,8.432741220850144,8.610897725515992,8.076428211518447,8.13581371307373,34100.0
1998-01-08,7.83888874883237,8.195201873779297,7.83888874883237,8.195201873779297,40000.0
1998-01-09,8.19520232256721,8.19520232256721,7.957660226260915,8.076431274414062,33900.0
1998-01-12,7.720114231109619,7.838885219280536,7.007488302084116,7.720114231109619,99100.0
1998-01-13,7.601345539093018,7.720116563141346,7.482574515044689,7.601345539093018,33800.0
1998-01-14,7.720115327123386,8.017042839705054,7.601344322090719,7.957657337188721,67500.0
1998-01-15,7.957655619857903,7.957655619857903,7.838884640457038,7.898270130157471,14600.0
1998-01-16,7.898273044162326,8.076429578993055,7.838887532552083,8.017044067382812,96600.0
1998-01-20,8.076428342221389,8.076428342221389,7.8982718346723875,7.957657337188721,95700.0
1998-01-21,8.076429742755312,8.076429742755312,7.838887691497803,7.838887691497803,37500.0
1998-01-22,7.838884640457038,8.017041109558335,7.720113661056174,7.898270130157471,28200.0
1998-01-23,7.720116665869049,7.89827320431218,7.720116665869049,7.838887691497803,165200.0
1998-01-26,7.779500484466553,8.017042483992249,7.720114984585129,7.779500484466553,16500.0
1998-01-27,7.77950082963972,8.017042839705054,7.77950082963972,7.957657337188721,9500.0
1998-01-28,8.017042483992249,8.017042483992249,7.779500484466553,7.779500484466553,14700.0
1998-01-29,7.779502178683426,8.017044229940934,7.720116665869049,7.838887691497803,16500.0
1998-01-30,7.927963460408725,7.927963460408725,7.720114231109619,7.720114231109619,14800.0
1998-02-02,7.957655619857903,8.017041109558335,7.720113661056174,7.898270130157471,35400.0
1998-02-03,7.89827320431218,7.957658717126558,7.838887691497803,7.838887691497803,13900.0
1998-02-04,7.957660226260915,8.076431274414062,7.898274702184341,8.076431274414062,56900.0
1998-02-05,8.195201437813894,8.492129026140486,8.076430402483258,8.313972473144531,25300.0
1998-02-06,8.195199886402051,8.729669444210879,8.195199886402051,8.492127418518066,50000.0
1998-02-09,8.610896694828087,8.610896694828087,8.313969222592636,8.432740211486816,24900.0
1998-02-10,8.432742328508526,8.49212783786422,8.254585800441445,8.373356819152832,55200.0
1998-02-11,8.551513347219913,8.551513347219913,8.313971309797138,8.373356819152832,11600.0
1998-02-12,8.551509491384845,8.670280456542969,8.373353043647661,8.670280456542969,6300.0
1998-02-13,8.670278893576727,8.670278893576727,8.373351534207663,8.551507949829102,11700.0
1998-02-17,8.551514543805803,8.551514543805803,8.313972473144531,8.313972473144531,15700.0
1998-02-18,8.551514543805803,8.551514543805803,8.313972473144531,8.313972473144531,22400.0
1998-02-19,8.373356003596864,8.670283521454909,8.373356003596864,8.6108980178833,28500.0
1998-02-20,8.640586157639822,8.670278893576727,8.373351534207663,8.551507949829102,45700.0
1998-02-23,8.55151261590344,8.670283624457653,8.373356103072117,8.581205368041992,32900.0
1998-02-24,8.551507949829102,8.72966436545054,8.373351534207663,8.551507949829102,23000.0
1998-02-25,8.313970899248456,8.492127418518066,8.313970899248456,8.492127418518066,9500.0
1998-02-26,8.610898431364474,8.610898431364474,8.432741912094864,8.492127418518066,29900.0
1998-02-27,8.610898856575607,8.610898856575607,8.373356819152832,8.373356819152832,38900.0
1998-03-02,8.551513347219913,8.551513347219913,8.373356819152832,8.373356819152832,7500.0
1998-03-03,8.551507949829102,8.551507949829102,8.373351534207663,8.551507949829102,11500.0
1998-03-04,8.432737006081474,8.670278893576727,8.432737006081474,8.551507949829102,39900.0
1998-03-05,8.373356819152832,8.551513347219913,8.313971309797138,8.373356819152832,23400.0
1998-03-06,8.55151251431169,8.6108980178833,8.373356003596864,8.6108980178833,14600.0
1998-03-09,8.551513347219913,8.670284365931302,8.373356819152832,8.373356819152832,3300.0
1998-03-10,8.492125705933907,8.551511200380997,8.343661969816182,8.432740211486816,36500.0
1998-03-11,8.551513347219913,8.551513347219913,8.373356819152832,8.373356819152832,39100.0
1998-03-12,8.432741912094864,8.492127418518066,8.254585392825254,8.492127418518066,51600.0
1998-03-13,8.373354717039726,8.670282189275177,8.373354717039726,8.432740211486816,28000.0
1998-03-16,8.551511200380997,8.551511200380997,8.373354717039726,8.432740211486816,13300.0
1998-03-17,8.551507949829102,8.551507949829102,8.432737006081474,8.551507949829102,10100.0
1998-03-18,8.462431267516253,8.72966593912203,8.432738526226723,8.670280456542969,44600.0
1998-03-19,8.610898211032529,9.382909774780273,8.610898211032529,9.382909774780273,67900.0
1998-03-20,9.442295487519281,9.501680993730094,9.264138968886842,9.323524475097656,33500.0
1998-03-23,9.501677449544271,9.501677449544271,8.78905164082845,8.907822608947754,53000.0
1998-03-24,8.78905164082845,8.907822608947754,8.729666156768799,8.907822608947754,17300.0
1998-03-25,8.83618123907792,9.254108730115389,8.83618123907792,9.074996948242188,96000.0
1998-03-26,9.074996948242188,9.194404802824321,9.01529302095112,9.074996948242188,35500.0
1998-03-27,9.134700875533253,9.134700875533253,9.01529302095112,9.074996948242188,15800.0
1998-03-30,9.015290260314941,9.07499416932365,8.895882442297525,9.015290260314941,15800.0
1998-03-31,8.955589093660054,9.074996948242188,8.895885166368986,9.074996948242188,18700.0
1998-04-01,9.074996948242188,9.074996948242188,8.895885166368986,9.074996948242188,41000.0
1998-04-02,8.895881576538086,9.134697189331055,8.895881576538086,8.955585479736328,48600.0
1998-04-03,8.895881576538086,8.98543743133545,8.895881576538086,8.955585479736328,9700.0
1998-04-06,8.895882442297525,9.015290260314941,8.836178533288816,9.015290260314941,22100.0
1998-04-07,8.836180982918576,9.015292759599356,8.657069206237793,8.657069206237793,13800.0
1998-04-08,8.657065319688353,8.895880914714239,8.657065319688353,8.716769218444824,32200.0
1998-04-09,8.895881576538086,8.955585479736328,8.657065963745117,8.955585479736328,32900.0
1998-04-13,8.955584320367551,9.194399902244019,8.955584320367551,9.134696006774902,65700.0
1998-04-14,9.164547886167254,9.31380762372698,9.074992043631417,9.1943998336792,39000.0
1998-04-15,9.194400713520666,9.283956564626386,9.134696812783519,9.254104614257812,48700.0
1998-04-16,9.134698738172215,9.313810478136377,9.134698738172215,9.224254608154297,47300.0
1998-04-17,9.373512415732108,9.373512415732108,9.07499291204637,9.254104614257812,15500.0
1998-04-20,9.31380762372698,9.31380762372698,9.134695938655309,9.1943998336792,29800.0
1998-04-21,9.134696006774902,9.403363536385928,9.134696006774902,9.134696006774902,22400.0
1998-04-22,9.134696812783519,9.254104614257812,9.134696812783519,9.254104614257812,6800.0
1998-04-23,9.373512415732108,9.373512415732108,9.134696812783519,9.254104614257812,13200.0
1998-04-24,9.25410372870309,9.25410372870309,9.1943998336792,9.1943998336792,8300.0
1998-04-27,9.074992111305786,9.313807693182254,9.074992111305786,9.134696006774902,86400.0
1998-04-28,9.134696006774902,9.313807693182254,9.074992111305786,9.134696006774902,35800.0
1998-04-29,9.134696006774902,9.194399902244019,9.134696006774902,9.134696006774902,34400.0
1998-04-30,9.134695938655309,9.1943998336792,9.134695938655309,9.1943998336792,6700.0
1998-05-01,9.134696812783519,9.254104614257812,9.134696812783519,9.254104614257812,79300.0
1998-05-04,9.313807693182254,9.313807693182254,9.134696006774902,9.134696006774902,10900.0
1998-05-05,9.134695938655309,9.1943998336792,9.134695938655309,9.1943998336792,14000.0
1998-05-06,9.134695938655309,9.1943998336792,9.134695938655309,9.1943998336792,17500.0
1998-05-07,9.134695938655309,9.1943998336792,9.074992043631417,9.1943998336792,41700.0
1998-05-08,9.313812255859375,9.373516180576422,9.134700481708233,9.313812255859375,88100.0
1998-05-11,9.194399902244019,9.283955745447695,9.134696006774902,9.134696006774902,55400.0
1998-05-12,9.134700481708233,9.313812255859375,9.134700481708233,9.313812255859375,36100.0
1998-05-13,9.134695938655309,9.25410372870309,9.134695938655309,9.1943998336792,24300.0
1998-05-14,9.134702379401194,9.313814190762,9.134702379401194,9.298888206481934,17600.0
1998-05-15,9.224254608154297,9.313810478136377,9.224254608154297,9.224254608154297,9200.0
1998-05-18,9.134695938655309,9.373511518750872,9.134695938655309,9.1943998336792,38400.0
1998-05-19,9.134700481708233,9.313812255859375,9.134700481708233,9.313812255859375,27900.0
1998-05-20,9.134696812783519,9.254104614257812,9.134696812783519,9.254104614257812,7800.0
1998-05-21,9.134695938655309,9.25410372870309,9.134695938655309,9.1943998336792,10800.0
1998-05-22,9.254104614257812,9.31380851499496,9.194400713520666,9.254104614257812,45800.0
1998-05-26,9.1943998336792,9.31380762372698,9.1943998336792,9.1943998336792,19100.0
1998-05-27,9.25410372870309,9.25410372870309,8.955584253583636,9.1943998336792,44900.0
1998-05-28,9.074993286132813,9.25410499572754,8.955585479736328,8.955585479736328,18100.0
1998-05-29,9.134699226225782,9.134699226225782,8.477956144601707,8.895883560180664,109200.0
1998-06-01,8.895882458522403,11.582558368814402,8.776474640287201,10.388480186462402,293300.0
1998-06-02,10.030252871306047,10.030252871306047,9.373510123780054,9.612325668334961,216900.0
1998-06-03,9.61233187944461,9.67203580416166,9.313812255859375,9.313812255859375,50600.0
1998-06-04,9.552621136140976,9.552621136140976,9.254101725636572,9.283953666687012,12100.0
1998-06-05,9.254103797713137,9.254103797713137,9.134696006774902,9.134696006774902,7200.0
1998-06-08,9.074996948242188,9.254108730115389,9.074996948242188,9.074996948242188,12300.0
1998-06-09,9.074996948242188,9.254108730115389,9.01529302095112,9.074996948242188,5700.0
1998-06-10,9.194401987341067,9.254105896349774,9.015290260314941,9.015290260314941,18100.0
1998-06-11,9.074992111305786,9.194399902244019,9.015288215836668,9.134696006774902,9000.0
1998-06-12,9.194401092529297,9.194401092529297,8.955585479736328,8.955585479736328,73600.0
1998-06-15,8.95558481347071,9.074992610983653,8.716769218444824,8.716769218444824,95900.0
1998-06-16,8.776475727158106,9.015291393203224,8.657067894135546,8.895883560180664,163400.0
1998-06-17,9.07499416932365,9.07499416932365,8.836178533288816,9.015290260314941,14500.0
1998-06-18,9.015287243970443,9.25410280010211,8.89587946590461,9.164546966552734,25600.0
1998-06-19,9.07499291204637,9.31380851499496,9.07499291204637,9.254104614257812,26600.0
1998-06-22,9.194400713520666,9.31380851499496,9.194400713520666,9.254104614257812,9500.0
1998-06-23,9.1943998336792,9.298881649971008,9.119769964899335,9.1943998336792,51100.0
1998-06-24,9.182397848599917,9.272421356919525,9.182397848599917,9.242413520812988,8900.0
1998-06-25,9.332438948846633,9.332438948846633,9.182399737450385,9.302431106567383,26300.0
1998-06-26,9.242415422008884,9.302431106567383,9.182399737450385,9.302431106567383,26000.0
1998-06-29,9.30242919302606,9.36244486523913,9.122382176386845,9.242413520812988,41600.0
1998-06-30,9.182399737450385,9.362446791125883,9.122384052891885,9.302431106567383,72800.0
1998-07-01,9.152390956878662,9.242414474487305,8.762289047241211,9.06236743927002,47000.0
1998-07-02,9.002351760864258,9.06236743927002,8.942336082458496,9.06236743927002,31500.0
1998-07-06,9.122383117675781,9.182398796081543,9.002351760864258,9.06236743927002,16300.0
1998-07-07,9.06236743927002,9.122383117675781,8.942336082458496,9.06236743927002,12000.0
1998-07-08,8.942336082458496,9.002351760864258,8.882320404052734,8.942336082458496,12100.0
1998-07-09,8.942337939941805,9.422463466918547,8.912330094505759,9.182400703430176,87900.0
1998-07-10,9.122385012558084,9.242416394302268,9.122385012558084,9.182400703430176,18400.0
1998-07-13,9.182401172501256,9.362448254315007,9.062369784625423,9.212409019470215,51900.0
1998-07-14,9.122380772069048,9.272419929504395,9.122380772069048,9.272419929504395,23600.0
1998-07-15,9.249915479839622,9.30242919302606,9.212405684706452,9.242413520812988,208400.0
1998-07-16,9.24241471098625,9.317434310913086,9.24241471098625,9.317434310913086,7000.0
1998-07-17,9.362443423965603,9.362443423965603,9.242412098017326,9.272419929504395,2300.0
1998-07-20,9.242415422008884,9.302431106567383,9.182399737450385,9.302431106567383,22500.0
1998-07-21,9.242413508264642,9.302429180396231,9.062366491869877,9.122382164001465,30100.0
1998-07-22,9.06236743927002,9.122383117675781,8.972343921661377,9.002351760864258,16200.0
1998-07-23,8.942336082458496,9.002351760864258,8.822304725646973,8.822304725646973,33300.0
1998-07-24,8.822302805234308,8.882318470576038,8.762287139892578,8.762287139892578,21000.0
1998-07-27,8.762289047241211,9.002351760864258,8.582242012023926,9.002351760864258,34400.0
1998-07-28,8.672263077569601,9.002349215470176,8.43220043182373,8.43220043182373,17200.0
1998-07-29,8.582243960244314,8.582243960244314,8.402196884155273,8.402196884155273,11000.0
1998-07-30,8.582242012023926,8.642257690429688,8.40219497680664,8.642257690429688,16700.0
1998-07-31,8.582242965698242,8.702274335847868,8.582242965698242,8.582242965698242,8000.0
1998-08-03,8.582242965698242,8.702274335847868,8.582242965698242,8.582242965698242,63700.0
1998-08-04,8.552236114229474,8.582243960244314,8.282165500095912,8.402196884155273,56200.0
1998-08-05,8.282163125231751,8.34217880005227,7.98208475112915,7.98208475112915,36500.0
1998-08-06,7.922072008252144,8.04210340231657,7.682009220123291,7.682009220123291,17400.0
1998-08-07,8.04210376739502,8.102119467151699,7.802040968368303,8.04210376739502,14500.0
1998-08-10,8.162134184660735,8.162134184660735,7.982087107057924,8.102118492126465,7600.0
1998-08-11,8.042101415504973,8.042101415504973,7.486956355106308,7.531968116760254,28100.0
1998-08-12,7.5019607038208935,7.922070503234863,7.5019607038208935,7.922070503234863,58700.0
1998-08-13,7.922070503234863,8.042101874495998,7.862054817604296,7.922070503234863,53200.0
1998-08-14,7.922070503234863,8.042101874495998,7.922070503234863,7.922070503234863,65900.0
1998-08-17,7.862050099642771,7.952073574066162,7.802034450027178,7.952073574066162,29200.0
1998-08-18,7.862054817604296,7.952078346050147,7.862054817604296,7.922070503234863,15600.0
1998-08-19,7.832046974789012,8.012094031680714,7.682007760712595,7.922070503234863,54900.0
1998-08-20,7.922070503234863,7.922070503234863,7.862054817604296,7.922070503234863,14500.0
1998-08-21,7.982086188865431,7.982086188865431,7.862054817604296,7.922070503234863,14300.0
1998-08-24,7.8620529026948205,7.982084244720696,7.742021560668945,7.742021560668945,8500.0
1998-08-25,7.742024467104957,7.862055854191856,7.561977386474609,7.561977386474609,20900.0
1998-08-26,7.44194162747025,7.44194162747025,7.081847677753948,7.111855506896973,63800.0
1998-08-27,7.081851614846124,7.201882998148601,6.301647623380026,6.48169469833374,78700.0
1998-08-28,6.541709886956538,6.781772635101732,6.4216785128839415,6.631733417510986,59500.0
1998-08-31,6.721759541829427,6.721759541829427,6.301649570465088,6.301649570465088,32400.0
1998-09-01,6.601727511904655,6.721758921212013,6.301648988636262,6.541711807250977,158300.0
1998-09-02,6.84179322719574,7.561981987953186,6.84179322719574,7.201887607574463,55200.0
1998-09-03,7.441945999387711,7.561977386474609,7.081851838127015,7.561977386474609,29600.0
1998-09-04,7.441945091622775,7.441945091622775,7.2018823467317175,7.321913719177246,55600.0
1998-09-08,7.321914612300812,7.682008773561508,7.261898918757363,7.561977386474609,38900.0
1998-09-09,7.3219118272104575,7.471951003997557,7.3219118272104575,7.441943168640137,23600.0
1998-09-10,7.321911823411702,7.53196667080466,7.321911823411702,7.411935329437256,29500.0
1998-09-11,7.3219118272104575,7.441943168640137,7.3219118272104575,7.441943168640137,23800.0
1998-09-14,7.561977826058865,7.922072008252144,7.561977826058865,7.682009220123291,115500.0
1998-09-15,7.682009220123291,7.802040614187717,7.682009220123291,7.682009220123291,60200.0
1998-09-16,7.922068091433021,7.922068091433021,7.682005421995656,7.772028923034668,29000.0
1998-09-17,7.621989754636315,7.772028923034668,7.621989754636315,7.772028923034668,6400.0
1998-09-18,7.922068573707758,7.922068573707758,7.682005889656008,7.742021560668945,16000.0
1998-09-21,7.621993468917963,7.862056255340576,7.621993468917963,7.862056255340576,20100.0
1998-09-22,7.712017961845544,7.862057221803628,7.712017961845544,7.832049369812012,11500.0
1998-09-23,7.729389537464488,7.970932960510254,7.729389537464488,7.970932960510254,30500.0
1998-09-24,7.7293895776721016,8.333248138427734,7.7293895776721016,8.333248138427734,23500.0
1998-09-25,8.212481115137079,8.212481115137079,7.9709375529271655,8.18228816986084,8700.0
1998-09-28,8.031318896346622,8.695563316345215,8.031318896346622,8.695563316345215,28100.0
1998-09-29,8.816336489738303,8.816336489738303,8.454021291529878,8.51440715789795,24600.0
1998-09-30,8.514407010639415,8.635178741286783,8.031320088049945,8.212477684020996,6400.0
1998-10-01,8.031318816271694,8.091704672033137,7.850161248987371,7.970932960510254,98500.0
1998-10-02,7.8803573535038876,7.910550293555626,7.729392653245192,7.850164413452148,45000.0
1998-10-05,7.789779554201862,7.789779554201862,7.608621890150656,7.669007778167725,22700.0
1998-10-06,7.608620643615723,7.669006521739656,7.608620643615723,7.608620643615723,9900.0
1998-10-07,7.6086176057015695,7.669003459715074,7.427460043661056,7.4878458976745605,205900.0
1998-10-08,7.427459384574265,7.6690027791945665,6.763215049368436,7.3670735359191895,46300.0
1998-10-09,7.246301838609039,7.3670735359191895,6.883986746678588,7.3670735359191895,18700.0
1998-10-12,7.125535114606222,7.487850459416707,7.125535114606222,7.246306896209717,10600.0
1998-10-13,7.246307561426987,7.487851146807887,7.246307561426987,7.336886405944824,32000.0
1998-10-14,7.246302481620543,7.4878458976745605,7.246302481620543,7.4878458976745605,19800.0
1998-10-15,7.246301838609039,7.608616930539491,7.246301838609039,7.3670735359191895,4400.0
1998-10-16,7.608622178435326,7.72939395904541,7.487850397825241,7.72939395904541,5900.0
1998-10-19,7.4878488873678535,7.669006521739656,7.4878488873678535,7.608620643615723,8800.0
1998-10-20,7.669008068740368,7.910551629960537,7.669008068740368,7.72939395904541,21900.0
1998-10-21,7.850163149279217,7.850163149279217,7.608619667762934,7.7897772789001465,11600.0
1998-10-22,7.729388627849642,7.729388627849642,7.246301838609039,7.3670735359191895,21200.0
1998-10-23,7.21611201666235,7.427462577819824,7.125533204737717,7.427462577819824,16300.0
1998-10-26,7.427459531579136,7.487845381429373,7.306687831878662,7.306687831878662,7800.0
1998-10-27,7.4878488873678535,7.608620643615723,7.306691252996051,7.608620643615723,10100.0
1998-10-28,7.608620643615723,7.608620643615723,7.367077131119985,7.608620643615723,6500.0
1998-10-29,7.306687831878662,7.608617081129847,7.306687831878662,7.306687831878662,5700.0
1998-10-30,7.30669095993042,7.578427400588989,7.30669095993042,7.548234462738037,6900.0
1998-11-02,7.6086176057015695,7.669003459715074,7.4878458976745605,7.4878458976745605,26700.0
1998-11-03,7.397271282090916,7.669007778167725,7.397271282090916,7.669007778167725,41600.0
1998-11-04,7.427460043661056,7.669003459715074,7.427460043661056,7.4878458976745605,5800.0
1998-11-05,7.729392399863591,7.759585338925558,7.4878488873678535,7.608620643615723,15800.0
1998-11-06,7.6086208930382355,7.850164413452148,7.6086208930382355,7.850164413452148,11200.0
1998-11-09,7.669003681703047,8.091704672033137,7.669003681703047,7.970932960510254,14300.0
1998-11-10,7.91055426668765,8.09171199798584,7.91055426668765,8.09171199798584,8400.0
1998-11-11,7.910550364741573,8.152093887329102,7.910550364741573,8.152093887329102,4200.0
1998-11-12,7.910545615430149,8.001124382019043,7.729388082252359,8.001124382019043,20900.0
1998-11-13,8.001127971037652,8.001127971037652,7.729391549379771,7.910549163818359,20900.0
1998-11-16,7.72939395904541,7.910551629960537,7.669008068740368,7.72939395904541,4600.0
1998-11-17,7.7293893137285785,7.7293893137285785,7.397267116654303,7.4878458976745605,56700.0
1998-11-18,7.487848587036133,7.578427400588989,7.427462711334228,7.548234462738037,37800.0
1998-11-19,7.4878458976745605,7.819968094748836,7.4878458976745605,7.4878458976745605,11300.0
1998-11-20,7.548236002133588,7.7293936661847935,7.487850114116519,7.669007778167725,22100.0
1998-11-23,7.608620643615723,7.729392399863591,7.608620643615723,7.608620643615723,12400.0
1998-11-24,7.608621890150656,7.7293936661847935,7.608621890150656,7.669007778167725,29400.0
1998-11-25,7.669007778167725,7.7293936661847935,7.608621890150656,7.669007778167725,3900.0
1998-11-27,7.669007778167725,7.669007778167725,7.669007778167725,7.669007778167725,0.0
1998-11-30,7.608620643615723,7.8803570951734265,7.608620643615723,7.608620643615723,33800.0
1998-12-01,7.6086208930382355,7.850164413452148,7.6086208930382355,7.850164413452148,23400.0
1998-12-02,7.6086178259416055,7.970932960510254,7.6086178259416055,7.970932960510254,10000.0
1998-12-03,7.85016329233883,7.970935035297889,7.729391549379771,7.910549163818359,3900.0
1998-12-04,7.774683376774192,7.910551629960537,7.72939395904541,7.72939395904541,4100.0
1998-12-07,7.729391549379771,7.970935035297889,7.729391549379771,7.910549163818359,17200.0
1998-12-08,7.85016448409469,8.212479767975983,7.85016448409469,8.152093887329102,12200.0
1998-12-09,7.970934067329352,8.272863388061523,7.970934067329352,8.272863388061523,11400.0
1998-12-10,8.212476426276607,8.333248138427734,8.212476426276607,8.333248138427734,6400.0
1998-12-11,8.333248138427734,8.333248138427734,8.212476426276607,8.333248138427734,5000.0
1998-12-14,8.091705953373628,8.333249414668364,8.091705953373628,8.212477684020996,18200.0
1998-12-15,8.152093887329102,8.272865648622865,8.152093887329102,8.152093887329102,20900.0
1998-12-16,8.152091818697311,8.27286354934468,8.152091818697311,8.212477684020996,31200.0
1998-12-17,8.182284751359154,8.27286354934468,8.182284751359154,8.212477684020996,18400.0
1998-12-18,8.212478859641335,8.454022355513139,8.18228592265736,8.303057670593262,54900.0
1998-12-21,8.272863388061523,8.393635116354393,8.212477523915089,8.272863388061523,12100.0
1998-12-22,8.321452970985028,8.442934036254883,8.321452970985028,8.442934036254883,1800.0
1998-12-23,8.321456303234996,8.442937417150835,8.321456303234996,8.412567138671875,23400.0
1998-12-24,8.442935129151726,8.442935129151726,8.321454048156738,8.321454048156738,300.0
1998-12-28,8.442935129151726,8.4581202642761,8.321454048156738,8.321454048156738,13100.0
1998-12-29,8.321456819340803,8.382197380065918,8.321456819340803,8.382197380065918,13200.0
1998-12-30,8.503678501516148,8.503678501516148,8.321456819340803,8.382197380065918,7100.0
1998-12-31,8.321452970985028,8.442934036254883,8.321452970985028,8.442934036254883,18600.0
1999-01-04,8.382194209362748,8.41256447823725,8.230342864990234,8.230342864990234,53700.0
1999-01-05,8.230342864990234,8.41256447823725,8.230342864990234,8.230342864990234,11700.0
1999-01-06,8.260714516272913,8.382195612100455,7.774790132962741,7.896271228790283,16000.0
1999-01-07,7.774792671203613,8.078495509922504,7.774792671203613,7.774792671203613,8500.0
1999-01-08,7.774790132962741,8.078492872531598,7.774790132962741,7.896271228790283,49000.0
1999-01-11,7.957011854925821,8.07849295194759,7.835530757904053,7.835530757904053,20300.0
1999-01-12,8.017754942178726,8.017754942178726,7.744422387331724,7.774792671203613,17900.0
1999-01-13,7.653309345245361,7.774790445963542,7.653309345245361,7.653309345245361,15600.0
1999-01-14,7.653309345245361,8.017752647399902,7.5925687948862715,7.653309345245361,11600.0
1999-01-15,7.6533139397116265,7.835535700180952,7.6533139397116265,7.744424819946289,7800.0
1999-01-19,7.653310212563341,7.83553188429104,7.653310212563341,7.714050769805908,12500.0
1999-01-20,7.653310212563341,7.83553188429104,7.653310212563341,7.714050769805908,21400.0
1999-01-21,7.65330819614598,7.774789278624488,7.410346031188965,7.410346031188965,55000.0
1999-01-22,7.349604513207261,7.486270712833016,7.349604513207261,7.440715312957764,11900.0
1999-01-25,7.349607944488525,7.379978225250874,7.349607944488525,7.349607944488525,19700.0
1999-01-26,7.288864948710458,7.65330819614598,7.288864948710458,7.410346031188965,4900.0
1999-01-27,7.410346031188965,7.531827113667473,7.410346031188965,7.410346031188965,35800.0
1999-01-28,7.410346031188965,7.410346031188965,7.410346031188965,7.410346031188965,11500.0
1999-01-29,7.349604887347068,7.562196764253801,7.349604887347068,7.531826496124268,144200.0
1999-02-01,7.501456843047846,7.531827113667473,7.410346031188965,7.410346031188965,18000.0
1999-02-02,7.501459348300272,7.501459348300272,7.349607944488525,7.349607944488525,18700.0
1999-02-03,7.349607255294738,7.501458644866943,7.349607255294738,7.501458644866943,29600.0
1999-02-04,7.410346031188965,7.501456843047846,7.410346031188965,7.410346031188965,27800.0
1999-02-05,7.410351506868999,7.440721799929936,7.288870334625244,7.288870334625244,14600.0
1999-02-08,7.288870334625244,7.37998121380806,7.288870334625244,7.288870334625244,8300.0
1999-02-09,7.288870334625244,7.349610920747121,7.288870334625244,7.288870334625244,136400.0
1999-02-10,7.288870334625244,7.349610920747121,7.288870334625244,7.288870334625244,17500.0
1999-02-11,7.288867382963827,7.349607944488525,7.288867382963827,7.349607944488525,6400.0
1999-02-12,7.288870334625244,7.349610920747121,7.288870334625244,7.288870334625244,31300.0
1999-02-16,7.319240627686183,7.349610920747121,7.2585000415643055,7.288870334625244,15100.0
1999-02-17,7.228124618530273,7.258494890036704,7.228124618530273,7.228124618530273,6800.0
1999-02-18,7.228125057459875,7.258495330810547,7.228125057459875,7.258495330810547,14100.0
1999-02-19,7.258494890036704,7.288865161543133,7.228124618530273,7.228124618530273,15400.0
1999-02-22,7.228124618530273,7.288865161543133,7.228124618530273,7.228124618530273,8200.0
1999-02-23,7.228129748503367,7.349610920747121,7.228129748503367,7.288870334625244,41800.0
1999-02-24,7.228128538293354,7.288869114245399,7.167387962341309,7.167387962341309,29000.0
1999-02-25,7.1673891623814905,7.288870334625244,7.1673891623814905,7.288870334625244,23400.0
1999-02-26,7.167386771237702,7.319238185882568,7.167386771237702,7.319238185882568,27700.0
1999-03-01,7.319238185882568,7.319238185882568,7.228127337095649,7.319238185882568,6400.0
1999-03-02,7.349606593449911,7.714049895604452,7.319236318270366,7.653309345245361,20800.0
1999-03-03,7.592567032383334,7.6533075686424015,7.531826496124268,7.531826496124268,10900.0
1999-03-04,7.622937300512868,7.6533075686424015,7.531826496124268,7.531826496124268,31000.0
1999-03-05,7.531826496124268,7.6533075686424015,7.531826496124268,7.531826496124268,11400.0
1999-03-08,7.744421664462147,7.744421664462147,7.562199978239508,7.622940540313721,16400.0
1999-03-09,7.562198519706726,7.653309345245361,7.531828244527182,7.653309345245361,25400.0
1999-03-10,7.531826496124268,7.592567032383334,7.531826496124268,7.531826496124268,32200.0
1999-03-11,7.653309345245361,7.653309345245361,7.531828244527182,7.653309345245361,11000.0
1999-03-12,7.531826496124268,7.531826496124268,7.531826496124268,7.531826496124268,9300.0
1999-03-15,7.653311535716057,7.987384658306837,7.5318304002285,7.774792671203613,23400.0
1999-03-16,7.683681032874367,7.714051313636716,7.349607944488525,7.349607944488525,13900.0
1999-03-17,7.349607688968192,7.379977968674672,7.106645451316351,7.197756290435791,13100.0
1999-03-18,7.410346697563906,7.410346697563906,7.167384510758532,7.258495330810547,64400.0
1999-03-19,7.19775637971594,7.258496939882319,7.1370158195495605,7.1370158195495605,11300.0
1999-03-22,7.258494063320323,7.258494063320323,7.106642723083496,7.106642723083496,36400.0
1999-03-23,7.076274958523837,7.076274958523837,7.015534400939941,7.015534400939941,9000.0
1999-03-24,7.033883524792535,7.033883524792535,6.850390911102295,6.850390911102295,8000.0
1999-03-25,6.850389336480035,7.0032998127407495,6.850389336480035,6.880971431732178,2700.0
1999-03-26,6.972719042582283,7.064465345774155,6.850390638326454,7.00330114364624,19000.0
1999-03-29,7.003300044847571,7.156210526176121,7.003300044847571,7.033882141113281,48300.0
1999-03-30,7.033883524792535,7.156211933919362,6.789226706538882,6.850390911102295,41300.0
1999-03-31,6.850392171781357,6.850392171781357,6.697481632232666,6.697481632232666,21400.0
1999-04-01,6.6668959224925315,6.6668959224925315,6.238746643066406,6.238746643066406,29600.0
1999-04-05,6.605735778808594,6.605735778808594,6.238750457763672,6.422243118286133,16100.0
1999-04-06,6.422242466996356,6.5445708949391435,6.2387498250821745,6.269331932067871,23700.0
1999-04-07,6.361077308654785,6.361077308654785,6.238748898872962,6.361077308654785,29800.0
1999-04-08,6.361077308654785,6.422241513545696,6.299913103763873,6.361077308654785,18700.0
1999-04-09,6.483404247038956,6.850389393097764,6.361075865019353,6.666896820068359,29300.0
1999-04-12,6.636315161682838,6.850389844317768,6.361076284009357,6.575150966644287,53200.0
1999-04-13,6.544568438048756,6.728061011078161,6.361075865019353,6.666896820068359,10400.0
1999-04-14,6.972717775117367,6.972717775117367,6.544568438048756,6.666896820068359,10500.0
1999-04-15,6.544570179672929,6.850391216106243,6.544570179672929,6.78922700881958,15200.0
1999-04-16,6.605737398255546,6.850394338931677,6.4834089279174805,6.4834089279174805,14200.0
1999-04-19,6.483406532324102,6.666899170031388,6.361078107185912,6.391660213470459,23500.0
1999-04-20,6.2999123052698405,6.4834048966854665,6.2999123052698405,6.330494403839111,22200.0
1999-04-21,6.361075499347438,6.544568061828613,6.361075499347438,6.544568061828613,173500.0
1999-04-22,6.483403874334888,6.605732249322339,6.483403874334888,6.544568061828613,381700.0
1999-04-23,6.666896820068359,6.69747891557326,6.483404247038956,6.666896820068359,17500.0
1999-04-26,6.666896436816065,6.666896436816065,6.483403874334888,6.544568061828613,24100.0
1999-04-27,6.666898423975164,6.850391041148793,6.483405806801536,6.728062629699707,27500.0
1999-04-28,6.636314343069202,6.72806062430979,6.483403874334888,6.544568061828613,5000.0
1999-04-29,6.605732249322339,6.72806062430979,6.483403874334888,6.544568061828613,41100.0
1999-04-30,6.575150966644287,6.6668972592021145,6.48340467408646,6.575150966644287,7000.0
1999-05-03,6.605732629058558,6.666896820068359,6.605732629058558,6.666896820068359,307300.0
1999-05-04,6.728062762154473,6.758644865618812,6.605734348297119,6.605734348297119,20900.0
1999-05-05,6.605734348297119,6.728062762154473,6.605734348297119,6.605734348297119,20800.0
1999-05-06,6.605734218250622,6.728062629699707,6.605734218250622,6.728062629699707,26700.0
1999-05-07,6.605732298117079,6.666896486062607,6.605732298117079,6.636314392089844,10700.0
1999-05-10,6.7586427679809,6.789224861953665,6.575150204144315,6.636314392089844,40800.0
1999-05-11,6.636316073568244,6.972719192504883,6.636316073568244,6.972719192504883,24100.0
1999-05-12,6.850391200331391,7.553779582508275,6.850391200331391,7.462033271789551,16100.0
1999-05-13,7.767855481495933,7.8290196978856645,7.400870183157542,7.706691265106201,7600.0
1999-05-14,7.767854774699491,7.767854774699491,7.156212666455437,7.278541088104248,37800.0
1999-05-17,7.400869509753059,7.400869509753059,7.278541088104248,7.278541088104248,13900.0
1999-05-18,7.339704686945135,7.523197304118764,7.339704686945135,7.400868892669678,7900.0
1999-05-19,7.339704990386963,7.400869198640187,7.217376573880514,7.339704990386963,10900.0
1999-05-20,7.21737627549605,7.278540481220593,6.605734218250622,6.728062629699707,28100.0
1999-05-21,6.728060955471462,6.972717717488607,6.728060955471462,6.880971431732178,10600.0
1999-05-24,6.972717948581861,7.064464237378991,6.8503895635190215,7.033882141113281,8500.0
1999-05-25,6.850390911102295,7.095047729355949,6.789226706538882,6.850390911102295,8300.0
1999-05-26,6.911554989061858,7.033883395947909,6.789226582175807,6.972719192504883,7700.0
1999-05-27,7.125629701112446,7.125629701112446,6.972719192504883,6.972719192504883,500.0
1999-05-28,6.819808808820588,7.125629831637656,6.819808808820588,6.850390911102295,12400.0
1999-06-01,6.9727217140844315,7.217378616333008,6.9727217140844315,7.217378616333008,2500.0
1999-06-02,7.339701530260918,7.339701530260918,7.033880633166713,7.1562089920043945,3300.0
1999-06-03,7.095048157374064,7.400869198640187,7.095048157374064,7.339704990386963,5900.0
1999-06-04,7.339703867754598,7.829017458938238,7.339703867754598,7.767853260040283,15600.0
1999-06-07,7.584361686081182,7.645525893226998,7.462033271789551,7.462033271789551,3600.0
1999-06-08,7.706690100372815,7.706690100372815,7.462033271789551,7.462033271789551,4000.0
1999-06-09,7.584361686081182,7.584361686081182,7.462033271789551,7.462033271789551,2000.0
1999-06-10,7.462033098394221,7.523197304118764,7.400868892669678,7.400868892669678,3900.0
1999-06-11,7.400869509753059,7.400869509753059,7.278541088104248,7.278541088104248,6000.0
1999-06-14,7.278542841895152,7.278542841895152,7.156214390770863,7.217378616333008,2400.0
1999-06-15,7.217375851093942,7.217375851093942,7.00330114364624,7.00330114364624,3600.0
1999-06-16,7.033882429433423,7.033882429433423,6.575150966644287,6.575150966644287,22900.0
1999-06-17,6.8198089382865215,6.850391041148793,6.6974805268374356,6.728062629699707,3900.0
1999-06-18,6.804519807342934,6.972721420558153,6.728064528608744,6.911557197570801,18200.0
1999-06-21,6.911557488522287,7.278542841895152,6.911557488522287,7.217378616333008,43400.0
1999-06-22,7.278540650352102,7.584361686081182,7.156212236060471,7.462033271789551,16500.0
1999-06-23,7.603639738618835,7.6344237051719475,7.418935939300159,7.4497199058532715,12200.0
1999-06-24,7.434327922576715,7.6344237051719475,7.388151972747046,7.4497199058532715,16400.0
1999-06-25,7.32658236588889,7.572854042053223,7.32658236588889,7.572854042053223,5100.0
1999-06-28,7.5728551826477055,7.695991039276123,7.449719326019287,7.695991039276123,8200.0
1999-06-29,7.388151397705078,7.757558967590333,7.388151397705078,7.695991039276123,12300.0
1999-06-30,7.388156709216889,7.819132517254541,7.388156709216889,7.757564544677734,6400.0
1999-07-01,7.81912780219111,7.81912780219111,7.018744641336902,7.141880512237549,21600.0
1999-07-02,7.018744641336902,7.203448447687872,6.957176705886578,7.141880512237549,24100.0
1999-07-06,6.987959138348571,7.203446865081787,6.926391216424795,7.203446865081787,18200.0
1999-07-07,7.203450228038586,7.203450228038586,6.987962400704099,7.018746376037598,12000.0
1999-07-08,6.895610474703604,7.018746376037598,6.895610474703604,7.018746376037598,103600.0
1999-07-09,6.957173747933789,7.141877475755039,6.957173747933789,7.111093521118164,10800.0
1999-07-12,7.141879002253215,7.388150691986084,7.111095041036606,7.388150691986084,21700.0
1999-07-13,7.203451455649683,7.265019416809082,7.172667475069983,7.265019416809082,5700.0
1999-07-14,7.265019416809082,7.265019416809082,7.203451455649683,7.265019416809082,8700.0
1999-07-15,7.203451455649683,7.265019416809082,7.203451455649683,7.265019416809082,27900.0
1999-07-16,7.203446865081787,7.265014787005563,7.203446865081787,7.203446865081787,14700.0
1999-07-19,7.141883494490283,7.265019416809082,7.141883494490283,7.265019416809082,4500.0
1999-07-20,7.203451455649683,7.265019416809082,7.203451455649683,7.265019416809082,31500.0
1999-07-21,7.203449407536933,7.265017351191095,7.141881463882771,7.234233379364014,40400.0
1999-07-22,7.141875926005482,7.172659873962402,7.080308030091642,7.172659873962402,23900.0
1999-07-23,7.080311298370361,7.080311298370361,6.95717544970305,7.080311298370361,33900.0
1999-07-26,7.141881959628215,7.141881959628215,6.957178115844727,6.957178115844727,24900.0
1999-07-27,6.957178115844727,7.018746063772555,6.957178115844727,6.957178115844727,2500.0
1999-07-28,7.018746376037598,7.14188227737159,6.957178425370601,7.018746376037598,20800.0
1999-07-29,7.14188227737159,7.14188227737159,6.957178425370601,7.018746376037598,16500.0
1999-07-30,6.95717544970305,7.080311298370361,6.95717544970305,7.080311298370361,44500.0
1999-08-02,6.957178425370601,7.080314326704594,6.957178425370601,7.018746376037598,27100.0
1999-08-03,6.957178115844727,6.957178115844727,6.926394141880811,6.957178115844727,37700.0
1999-08-04,7.018746063772555,7.018746063772555,6.864826193952982,6.957178115844727,79000.0
1999-08-05,6.9263914333922525,6.9571753953184405,6.8956074714660645,6.8956074714660645,23300.0
1999-08-06,6.772473494931044,6.834041435794053,6.741689524499539,6.803257465362549,14100.0
1999-08-09,6.803255585687501,6.8956074714660645,6.803255585687501,6.8956074714660645,53600.0
1999-08-10,6.803255585687501,6.8956074714660645,6.5261999283518115,6.8956074714660645,37000.0
1999-08-11,6.895607065271448,6.895607065271448,6.6493353843688965,6.6493353843688965,3400.0
1999-08-12,6.587767124176025,6.895606709417896,6.526199207127651,6.587767124176025,24500.0
1999-08-13,6.834038792369522,6.834038792369522,6.587767124176025,6.587767124176025,600.0
1999-08-16,6.526199151803781,6.834038734436035,6.526199151803781,6.834038734436035,2500.0
1999-08-17,6.710902901383133,6.957174567488936,6.710902901383133,6.834038734436035,4900.0
1999-08-18,6.556983890277999,6.8956074714660645,6.556983890277999,6.8956074714660645,16900.0
1999-08-19,6.710906028747559,6.710906028747559,6.710906028747559,6.710906028747559,2700.0
1999-08-20,6.710906028747559,6.741690001356492,6.710906028747559,6.710906028747559,2400.0
1999-08-23,6.710906028747559,6.834041919183293,6.710906028747559,6.710906028747559,4100.0
1999-08-24,6.710906028747559,6.957177809619028,6.710906028747559,6.710906028747559,38800.0
1999-08-25,6.710902958272773,6.710902958272773,6.526199207127651,6.587767124176025,14900.0
1999-08-26,6.6185541109207575,6.710906028747559,6.5262021930939556,6.710906028747559,12700.0
1999-08-27,6.587767464143258,6.6493353843688965,6.587767464143258,6.6493353843688965,5400.0
1999-08-30,6.587767124176025,6.772470875321147,6.587767124176025,6.587767124176025,9700.0
1999-08-31,6.587767464143258,6.6493353843688965,6.464631623691982,6.6493353843688965,8300.0
1999-09-01,6.464631290079277,6.6493350412244,6.464631290079277,6.587767124176025,14900.0
1999-09-02,6.649338414809283,6.649338414809283,6.4646345699534695,6.541594505310059,5800.0
1999-09-03,6.587770138311823,6.710906028747559,6.495418220485022,6.710906028747559,11100.0
1999-09-07,6.526200934754851,6.618552834774967,6.526200934754851,6.556984901428223,20700.0
1999-09-08,6.710903586081739,6.710903586081739,6.526199817657471,6.526199817657471,8300.0
1999-09-09,6.526200934754851,6.587768868101595,6.4030650680613626,6.556984901428223,66100.0
1999-09-10,6.464631894849382,6.526199817657471,6.464631894849382,6.526199817657471,12200.0
1999-09-13,6.526202365330287,6.526202365330287,6.40306647164481,6.464634418487549,3800.0
1999-09-14,6.464631894849382,6.526199817657471,6.464631894849382,6.526199817657471,11300.0
1999-09-15,6.403063972041292,6.618551701869605,6.403063972041292,6.526199817657471,17100.0
1999-09-16,6.4338483810424805,6.464632344588138,6.4338483810424805,6.4338483810424805,10700.0
1999-09-17,6.480023904179418,6.618551731109619,6.4338479618693505,6.618551731109619,5300.0
1999-09-20,6.464631894849382,6.58776774046556,6.433847933445337,6.526199817657471,19000.0
1999-09-21,6.433845404765052,6.52619725268034,6.433845404765052,6.495413303375244,11500.0
1999-09-22,6.451988798747131,6.545046329498291,6.451988798747131,6.545046329498291,25300.0
1999-09-23,6.4519901549416865,6.5760668886905655,6.4519901549416865,6.483009338378906,66300.0
1999-09-24,6.389951592624778,6.389951592624778,6.04874058525161,6.265874862670898,10600.0
1999-09-27,6.327911523672251,6.451988220214844,6.327911523672251,6.451988220214844,4200.0
1999-09-28,6.483007975664184,6.545046329498291,6.451988798747131,6.545046329498291,41000.0
1999-09-29,6.451988220214844,6.51402656848614,6.451988220214844,6.451988220214844,20600.0
1999-09-30,6.4519901549416865,6.5760668886905655,6.4519901549416865,6.483009338378906,41500.0
1999-10-01,6.51402656848614,6.638103265028733,6.451988220214844,6.451988220214844,2200.0
1999-10-04,6.6381052834647045,6.700143650599888,6.514028549194336,6.514028549194336,14500.0
1999-10-05,6.451988220214844,6.638103265028733,6.451988220214844,6.451988220214844,35500.0
1999-10-06,6.4519901549416865,6.5760668886905655,6.420970971504468,6.483009338378906,7100.0
1999-10-07,6.420969046079196,6.4830073943504924,6.358930697807899,6.451988220214844,3400.0
1999-10-08,6.358935049286595,6.700146198272705,6.358935049286595,6.700146198272705,12500.0
1999-10-11,6.762184588997452,6.762184588997452,6.669127002910331,6.700146198272705,66800.0
1999-10-12,6.7931998489059024,6.7931998489059024,6.63810396194458,6.63810396194458,14300.0
1999-10-13,6.63810293179638,6.63810293179638,6.451987896325453,6.576064586639404,6800.0
1999-10-14,6.451990015366498,6.576066746431239,6.327913284301758,6.327913284301758,6600.0
1999-10-15,6.327913992183724,6.343423585301822,5.893645384876998,6.017722129821777,14800.0
1999-10-18,6.079762487700491,6.265877665895404,5.924666505871397,6.141800880432129,215600.0
1999-10-19,6.048740639406092,6.327913284301758,6.048740639406092,6.327913284301758,40000.0
1999-10-20,6.327914118167743,6.327914118167743,6.1417989970451625,6.172818183898926,2600.0
1999-10-21,6.172818183898926,6.203837370752689,6.110779810191399,6.172818183898926,7400.0
1999-10-22,6.1417977833053445,6.389951229095459,6.1417977833053445,6.389951229095459,20600.0
1999-10-25,6.451988220214844,6.51402656848614,6.327911523672251,6.451988220214844,12100.0
1999-10-26,6.327913284301758,6.576066746431239,6.327913284301758,6.327913284301758,15100.0
1999-10-27,6.327911523672251,6.51402656848614,6.327911523672251,6.451988220214844,10800.0
1999-10-28,6.4519901549416865,6.514028521816126,6.4519901549416865,6.483009338378906,37800.0
1999-10-29,6.514027252375523,6.886257381082696,6.514027252375523,6.63810396194458,119100.0
1999-11-01,6.669123139336844,6.7931998489059024,6.63810396194458,6.63810396194458,24300.0
1999-11-02,6.653616983596593,6.8862609340719985,6.638107386898232,6.793203353881836,10700.0
1999-11-03,6.700146373949552,7.072376728057861,6.700146373949552,7.072376728057861,14200.0
1999-11-04,6.824221157919767,7.072374654571395,6.824221157919767,6.855240345001221,6400.0
1999-11-05,6.824221157919767,7.072374654571395,6.824221157919767,6.855240345001221,10300.0
1999-11-08,6.762184160485115,6.9482993208654396,6.762184160485115,6.793203353881836,2200.0
1999-11-09,6.762183666229248,6.9482988130062,6.762183666229248,6.762183666229248,3400.0
1999-11-10,6.948298367587003,6.948298367587003,6.7001448544588955,6.824221611022949,2900.0
1999-11-11,6.824222979722199,6.886261370446947,6.700146198272705,6.700146198272705,2700.0
1999-11-12,6.700145283970264,6.762183666229248,6.700145283970264,6.762183666229248,9700.0
1999-11-15,6.9482968238092235,6.9482968238092235,6.700143365816037,6.7311625480651855,8700.0
1999-11-16,6.824221157919767,6.948297906245581,6.824221157919767,6.855240345001221,7800.0
1999-11-17,6.824222048488232,6.917279621876708,6.731164475099757,6.762183666229248,2700.0
1999-11-18,6.917277641560076,6.917277641560076,6.700143365816037,6.7311625480651855,26600.0
1999-11-19,6.700145773691673,6.8242225472785565,6.700145773691673,6.793203353881836,20200.0
1999-11-22,6.7311625480651855,6.7311625480651855,6.63810500131774,6.7311625480651855,4500.0
1999-11-23,6.700143365816037,6.793200912563482,6.700143365816037,6.7311625480651855,26000.0
1999-11-24,6.731164043599909,6.917279178445989,6.731164043599909,6.824221611022949,28700.0
1999-11-26,6.824221611022949,6.824221611022949,6.824221611022949,6.824221611022949,0.0
1999-11-29,6.762183232740922,6.824221611022949,6.762183232740922,6.824221611022949,13300.0
1999-11-30,6.700143365816037,6.7621817303143334,6.700143365816037,6.7311625480651855,13900.0
1999-12-01,6.731161135092549,6.824218662305809,6.731161135092549,6.746670722961426,14100.0
1999-12-02,6.700143365816037,6.7621817303143334,6.700143365816037,6.7311625480651855,19900.0
1999-12-03,6.731161494121373,6.77769026020977,6.545046429767787,6.63810396194458,29200.0
1999-12-06,6.6070876121521,6.7621835654890035,6.576068421484719,6.6070876121521,15700.0
1999-12-07,6.6070837592178915,6.63810293179638,6.545045414060916,6.576064586639404,26200.0
1999-12-08,6.57606941682321,6.700146198272705,6.57606941682321,6.700146198272705,24300.0
1999-12-09,6.576066746431239,6.6070859291974235,6.327913284301758,6.327913284301758,34800.0
1999-12-10,6.358930697807899,6.451988220214844,6.327911523672251,6.451988220214844,16500.0
1999-12-13,6.389951229095459,6.60708549416181,6.389951229095459,6.389951229095459,19200.0
1999-12-14,6.46749918090487,6.514027951990516,6.389951229095459,6.389951229095459,10200.0
1999-12-15,6.389951733575351,6.420970916748047,6.389951733575351,6.420970916748047,21400.0
1999-12-16,6.389951592624778,6.451989957601717,6.265874862670898,6.265874862670898,11100.0
1999-12-17,6.389950240530618,6.389950240530618,6.265873536830995,6.358931064605713,20100.0
1999-12-20,6.327916058627042,6.343425656809951,6.141800880432129,6.141800880432129,10000.0
1999-12-21,6.2968973876231935,6.38995498448462,6.141801392854149,6.234858989715576,34500.0
1999-12-22,6.203836441040039,6.26587480545044,6.079759712219238,6.203836441040039,24900.0
1999-12-23,6.234858989715576,6.234858989715576,6.079762994946532,6.234858989715576,14500.0
1999-12-27,6.079761572051467,6.296895913910448,6.079761572051467,6.188328742980957,11000.0
1999-12-28,6.11078168406631,6.234858469529585,6.079762487700491,6.141800880432129,30000.0
1999-12-29,6.191832175254821,6.41073533296585,6.129288415908813,6.25437593460083,18200.0
1999-12-30,6.254376149645038,6.3794636726379395,6.254376149645038,6.3794636726379395,18000.0
1999-12-31,6.254375934600829,6.379463453292846,6.254375934600829,6.25437593460083,33600.0
2000-01-03,6.379464045609579,6.379464045609579,6.129288984997438,6.316920280456543,28800.0
2000-01-04,6.066745239755382,6.066745239755382,5.691482647605564,5.754026412963867,43700.0
2000-01-05,5.7227542679360575,6.004201199146028,5.316219811743879,5.879113674163818,31700.0
2000-01-06,5.816569656133652,6.0042009353637695,5.75402589639028,6.0042009353637695,13500.0
2000-01-07,5.847843170166015,5.879115058776528,5.847843170166015,5.847843170166016,20000.0
2000-01-10,5.847844562222881,6.0042040424962195,5.785300770113546,5.816572666168213,7700.0
2000-01-11,5.879113996351087,5.941657762269716,5.754026464513831,5.7852983474731445,27300.0
2000-01-12,5.847844562222881,5.879116458277549,5.816572666168213,5.816572666168213,9600.0
2000-01-13,6.004201474397078,6.004201474397078,5.722754530284716,5.754026412963867,43200.0
2000-01-14,5.754028874058878,5.879116458277549,5.754028874058878,5.816572666168213,30000.0
2000-01-18,5.847841536005339,6.0042009353637695,5.847841536005339,6.0042009353637695,25100.0
2000-01-19,5.941657137870788,6.254375934600829,5.941657137870788,6.25437593460083,31900.0
2000-01-20,6.098017643407448,6.129289528758255,6.004201987355025,6.066745758056641,38500.0
2000-01-21,6.035473346710205,6.191832759837412,6.004201464084764,6.035473346710205,34800.0
2000-01-24,6.19183329945987,6.19183329945987,6.004201987355025,6.066745758056641,13900.0
2000-01-25,6.0042040424962195,6.0042040424962195,5.816572666168213,5.816572666168213,8500.0
2000-01-26,5.879114723205566,6.066746044158935,5.879114723205566,5.9416584968566895,10700.0
2000-01-27,6.066744695107142,6.129288454850515,5.9416571756203975,6.0042009353637695,24400.0
2000-01-28,6.004201920306096,6.098017575310879,5.722754955291748,5.722754955291748,16600.0
2000-01-31,5.754026865114634,5.754026865114634,5.597667439432171,5.738390922546387,14400.0
2000-02-01,5.6914844091425945,5.707120355321558,5.660212516784668,5.660212516784668,4200.0
2000-02-02,5.66021118528856,5.754026840293342,5.66021118528856,5.722754955291748,4800.0
2000-02-03,5.754027504334474,5.847843170166015,5.6914837271134475,5.847843170166016,13600.0
2000-02-04,5.6914850819495415,5.816572666168213,5.6914850819495415,5.816572666168213,4500.0
2000-02-07,5.691482067108153,5.8322055248113776,5.691482067108153,5.691482067108154,7600.0
2000-02-08,5.691482067108153,5.785297705576969,5.6289383081289435,5.691482067108154,8200.0
2000-02-09,5.628940105438232,5.75402766333686,5.628940105438232,5.628940105438232,9000.0
2000-02-10,5.6289369951594965,5.6289369951594965,5.441305761987513,5.503849506378174,10300.0
2000-02-11,5.5038498013005785,5.628937296784683,5.316218558074422,5.4100341796875,29600.0
2000-02-14,5.4256722156159185,5.47258004456937,5.159861184879691,5.222404956817627,52700.0
2000-02-15,5.2536761512054255,5.2536761512054255,5.097316741943359,5.097316741943359,25300.0
2000-02-16,5.253676205146603,5.253676205146603,5.066044912105653,5.128588676452637,21000.0
2000-02-17,5.066044083560806,5.222403468855893,5.066044083560806,5.191131591796875,21800.0
2000-02-18,5.128588623795772,5.191132387500598,5.066044860090946,5.097316741943359,24300.0
2000-02-22,5.12859050138497,5.253678074589482,5.066046714782715,5.066046714782715,21100.0
2000-02-23,5.066046714782715,5.253678074589482,5.034774821481586,5.066046714782715,6500.0
2000-02-24,5.066044912105653,5.19113244079962,5.066044912105653,5.128588676452637,22700.0
2000-02-25,5.159862309694291,5.191134202480317,4.9409590601921085,5.00350284576416,38000.0
2000-02-28,4.940957383411686,5.128588676452637,4.940957383411686,5.128588676452637,33400.0
2000-02-29,5.066046493394034,5.253677845001221,5.066046493394034,5.253677845001221,13600.0
2000-03-01,5.191134287987226,5.378765647793993,5.066046714782715,5.066046714782715,13600.0
2000-03-02,5.066044860090946,5.222404269353012,5.066044860090946,5.097316741943359,22600.0
2000-03-03,5.128588623795772,5.378763678615078,5.097316741943359,5.097316741943359,35400.0
2000-03-06,5.09731856636379,5.128590459408967,5.003502887228261,5.0347747802734375,43400.0
2000-03-07,4.9409604402458145,4.972232341766357,4.878416637204728,4.972232341766357,7500.0
2000-03-08,4.878414154052734,5.003501696464343,4.878414154052734,4.878414154052734,11700.0
2000-03-09,5.0035017463052345,5.128589289962865,4.878414202647604,4.909686088562012,31400.0
2000-03-10,4.909685990118211,4.909685990118211,4.847142219543457,4.847142219543457,21600.0
2000-03-13,4.753324632520799,4.878412122850294,4.753324632520799,4.815868377685547,11000.0
2000-03-14,4.753329031122555,5.066048046327986,4.753329031122555,4.972232341766357,13100.0
2000-03-15,4.972229869065885,5.222404956817628,4.940957983096917,5.222404956817627,25100.0
2000-03-16,5.191131790032547,5.628938085577461,5.159859911779339,5.566394329071045,16700.0
2000-03-17,5.472580658064948,5.628940105438232,5.441308768590291,5.628940105438232,43500.0
2000-03-20,5.597669393785538,5.816572666168213,5.597669393785538,5.816572666168213,5400.0
2000-03-21,5.691481842083878,5.754025598590293,5.566394329071045,5.566394329071045,22000.0
2000-03-22,5.503851565568807,5.597667217254639,5.503851565568807,5.597667217254639,19600.0
2000-03-23,5.503852547539605,5.628940105438232,5.503852547539605,5.628940105438232,4800.0
2000-03-24,5.75402614918161,5.879113674163818,5.75402614918161,5.879113674163818,14000.0
2000-03-27,5.847841792918266,5.879113674163818,5.847841792918266,5.879113674163818,10100.0
2000-03-28,5.847843170166015,5.910386947387042,5.847843170166015,5.847843170166016,11100.0
2000-03-29,6.0560176118891285,6.0560176118891285,5.89830881991285,5.9298505783081055,13400.0
2000-03-30,5.992933817558888,6.024475574493409,5.803683275951766,6.024475574493408,68200.0
2000-03-31,5.929850303689848,6.024475574493409,5.929850303689848,6.024475574493408,7300.0
2000-04-03,5.992934095098617,6.024475853493873,5.9298505783081055,5.9298505783081055,1800.0
2000-04-04,5.97716471631691,5.97716471631691,5.772143235282293,5.9613938331604,13200.0
2000-04-05,5.866767317056656,6.056017875671387,5.866767317056656,6.056017875671387,7500.0
2000-04-06,5.992934672373266,6.040247314523582,5.977163791656495,5.977163791656494,3800.0
2000-04-07,5.929852066847382,5.9613938331604,5.929852066847382,5.9613938331604,7100.0
2000-04-10,6.024474513986723,6.024474513986723,5.64597349740117,5.7721405029296875,7900.0
2000-04-11,5.929850795994635,5.929850795994635,5.740600238675657,5.803683757781982,4800.0
2000-04-12,5.835225517335146,5.835225517335146,5.803683757781982,5.803683757781982,16500.0
2000-04-13,5.866767276888308,5.866767276888308,5.77214199822882,5.803683757781982,17900.0
2000-04-14,5.835224005693946,5.835224005693946,5.64597349740117,5.7721405029296875,17500.0
2000-04-17,5.7721440022991555,5.866769313812256,5.677518690786054,5.866769313812256,19100.0
2000-04-18,5.803680734320001,5.86676422056261,5.740597248077393,5.740597248077393,14400.0
2000-04-19,5.787912127706739,5.80368300543891,5.677515983581543,5.677515983581543,9400.0
2000-04-20,5.740598751547558,5.803682254311817,5.740598751547558,5.7721405029296875,19000.0
2000-04-24,5.677516119820731,5.693286997931344,5.488265582493374,5.5198073387146,154100.0
2000-04-25,5.519808647949572,5.519808647949572,5.456725120544434,5.456725120544434,30300.0
2000-04-26,5.456725480263693,5.488267246045565,5.393641948699951,5.393641948699951,21700.0
2000-04-27,5.299015045166016,5.362098557608468,5.078222751617432,5.078222751617432,19200.0
2000-04-28,5.078222484123415,5.172847747802734,5.078222484123415,5.172847747802734,12900.0
2000-05-01,5.109763909535235,5.362097929759197,5.109763909535235,5.235930919647217,19100.0
2000-05-02,5.141306812380567,5.204390331550881,5.078223293210254,5.10976505279541,9100.0
2000-05-03,5.362098557608468,5.362098557608468,5.078222751617432,5.078222751617432,7000.0
2000-05-04,5.0782221570072394,5.235930919647216,5.0782221570072394,5.235930919647217,19200.0
2000-05-05,5.172847747802734,5.299014766041825,5.109764238683188,5.172847747802734,55100.0
2000-05-08,5.299014837091619,5.3305565920743065,5.141306062178177,5.204389572143555,61200.0
2000-05-09,5.172848571965725,5.172848571965725,5.109765052795411,5.10976505279541,34900.0
2000-05-10,5.109767231760146,5.204392550866816,4.98360013961792,4.98360013961792,28200.0
2000-05-11,5.046680729563643,5.204389502362507,5.046680729563643,5.172847747802734,12800.0
2000-05-12,5.109766312365262,5.109766312365262,4.888973940843306,5.015141010284424,30400.0
2000-05-15,4.9205157082035855,5.109766312365262,4.9205157082035855,5.015141010284424,21500.0
2000-05-16,5.1413076519966125,5.1570785343647,4.983598828315735,5.046682357788086,35600.0
2000-05-17,5.046681657005042,5.046681657005042,4.920514615579916,4.936285495758057,21100.0
2000-05-18,4.936285375077048,5.109765052795411,4.936285375077048,5.10976505279541,30900.0
2000-05-19,5.046680995396206,5.109764507838658,5.046680995396206,5.078222751617432,42200.0
2000-05-22,5.157076870522848,5.362098275161371,5.141305993242961,5.172847747802734,10100.0
2000-05-23,5.172847817160866,5.235931327126242,5.172847817160866,5.204389572143555,16100.0
2000-05-24,5.299018007166245,5.3621015548706055,5.299018007166245,5.3621015548706055,30700.0
2000-05-25,5.3621009857423845,6.056019936838458,5.299017444733651,5.866769313812256,177900.0
2000-05-26,5.866767061517594,5.9298505783081055,5.866767061517594,5.9298505783081055,34100.0
2000-05-30,5.9613938331604,5.992935599473419,5.929852066847382,5.9613938331604,17200.0
2000-05-31,5.9929334878921505,6.371434550285339,5.9929334878921505,6.308351039886475,42000.0
2000-06-01,6.371434900773134,6.371434900773134,5.992933817558888,6.024475574493408,23900.0
2000-06-02,6.024475853493873,6.0560176118891285,5.9298505783081055,5.9298505783081055,7900.0
2000-06-05,5.803683757781982,5.99293431510096,5.803683757781982,5.803683757781982,14000.0
2000-06-06,5.898309036441471,5.898309036441471,5.803683757781982,5.803683757781982,2200.0
2000-06-07,5.803684405108404,5.898309694322128,5.645975589752197,5.645975589752197,18000.0
2000-06-08,5.645974363599505,5.701172436986651,5.5198073387146,5.5198073387146,6700.0
2000-06-09,5.55134986303643,5.677516905378167,5.55134986303643,5.661746025085449,23800.0
2000-06-12,5.677517466462417,5.709059230164986,5.425183356841865,5.456725120544434,60100.0
2000-06-13,5.425182474070582,5.535578629066205,5.425182474070582,5.4882659912109375,8200.0
2000-06-14,5.425183356841865,5.58289217535471,5.425183356841865,5.456725120544434,8900.0
2000-06-15,5.456725120544434,5.645975702759848,5.3305580657341585,5.456725120544434,58200.0
2000-06-16,5.645974965743077,5.645974965743077,5.109765052795411,5.10976505279541,35700.0
2000-06-19,5.10976430719549,5.235931327126242,5.10976430719549,5.204389572143555,7700.0
2000-06-20,5.393640102039684,5.393640102039684,5.141306062178177,5.204389572143555,26700.0
2000-06-21,5.172848637118661,5.2043903971010925,5.1097651171538,5.1413068771362305,20800.0
2000-06-22,5.1097659443962495,5.3621000651071755,5.1097659443962495,5.3305583000183105,26500.0
2000-06-23,5.2674730114820525,5.299014766041825,5.109764238683188,5.172847747802734,30700.0
2000-06-26,5.172849416732788,5.29901647567749,5.1413076519966125,5.29901647567749,47200.0
2000-06-27,5.330556520601598,5.330556520601598,5.141305993242961,5.172847747802734,20000.0
2000-06-28,5.191959065127086,5.383074122739126,5.191959065127086,5.2875165939331055,32600.0
2000-06-29,5.287516599382673,5.606041695731027,5.160106560843332,5.574189186096191,92000.0
2000-06-30,5.478633322109833,6.115683708401675,5.223813167593097,5.765305995941162,302700.0
2000-07-03,5.73345396802833,6.24309432074196,5.73345396802833,6.147536754608154,113900.0
2000-07-05,6.020126139864009,6.051978659122548,5.924568582088389,5.988273620605469,15900.0
2000-07-06,5.860861348581839,5.988271377898835,5.733451319264842,5.79715633392334,30000.0
2000-07-07,5.988272134881271,6.051977157592774,5.797157066746762,6.051977157592773,15800.0
2000-07-10,5.988274252933005,5.988274252933005,5.860864162445068,5.860864162445068,4500.0
2000-07-11,5.988271377898835,5.988271377898835,5.733451319264842,5.79715633392334,17300.0
2000-07-12,5.860861938990903,5.860861938990903,5.606041854686951,5.6697468757629395,38300.0
2000-07-13,5.66974419453105,5.924564158330198,5.606039203581262,5.829006671905518,17600.0
2000-07-14,5.924569368362427,6.115684509277344,5.924569368362427,6.115684509277344,28600.0
2000-07-17,6.08383321762085,6.179390807426413,6.08383321762085,6.08383321762085,40200.0
2000-07-18,6.083831830900543,6.274946966949774,6.020126785550799,6.243094444274902,19600.0
2000-07-19,6.274946842786562,6.274946842786562,6.147536754608154,6.147536754608154,16300.0
2000-07-20,6.115683697639628,6.115683697639628,5.86086354357131,5.988273620605469,8800.0
2000-07-21,5.988273416610963,6.179388525651738,5.924568380264038,5.9564208984375,17200.0
2000-07-24,5.95641962352552,6.051977157592774,5.95641962352552,6.051977157592773,12800.0
2000-07-25,6.051978659122548,6.051978659122548,5.988273620605469,5.988273620605469,16300.0
2000-07-26,6.004199880234738,6.020126139864009,5.988273620605469,5.988273620605469,10900.0
2000-07-27,6.020126139864009,6.020126139864009,5.988273620605469,5.988273620605469,19200.0
2000-07-28,6.020126337597457,6.020126337597457,5.868826866149902,5.868826866149902,2900.0
2000-07-31,5.8608629381334465,6.020125517974029,5.8608629381334465,5.8927154541015625,16800.0
2000-08-01,5.89271606282985,5.988273620605469,5.89271606282985,5.988273620605469,19300.0
2000-08-02,5.924569207689037,5.988274252933005,5.860864162445068,5.860864162445068,17500.0
2000-08-03,5.8608629381334465,5.892715454101563,5.8608629381334465,5.8927154541015625,4000.0
2000-08-04,5.924568582088389,5.988273620605469,5.86086354357131,5.988273620605469,4500.0
2000-08-07,5.89271606282985,6.020126139864009,5.89271606282985,5.988273620605469,13400.0
2000-08-08,5.988275627815287,6.1156857475560376,5.988275627815287,6.08383321762085,29800.0
2000-08-09,6.0519806876856626,6.08383321762085,6.0519806876856626,6.08383321762085,5100.0
2000-08-10,6.0519745770622695,6.625319536994485,6.0519745770622695,6.4979095458984375,44600.0
2000-08-11,6.274945589048522,7.198668543781553,6.274945589048522,7.134963512420654,35300.0
2000-08-14,6.943848481049409,7.134963576858109,6.943848481049409,7.071258544921875,54400.0
2000-08-15,7.07126053463329,7.07126053463329,6.752735285325484,7.0075554847717285,24800.0
2000-08-16,6.784583875111171,6.864215141250973,6.689026355743408,6.689026355743408,12700.0
2000-08-17,6.6253238555799605,6.7527339297257285,6.6253238555799605,6.712918281555176,6100.0
2000-08-18,6.720877681622666,6.720877681622666,6.625320179040353,6.657172679901123,2900.0
2000-08-21,6.561614541446461,6.657172034768497,6.497909545898437,6.4979095458984375,6200.0
2000-08-22,6.625321342831566,6.689026355743408,6.561616329919724,6.689026355743408,5500.0
2000-08-23,6.625325315936482,6.7208828926086435,6.561620264821709,6.720882892608643,5200.0
2000-08-24,6.816440025965372,6.880145072937011,6.816440025965372,6.880145072937012,1400.0
2000-08-25,6.880143309292729,7.071258401217527,6.880143309292729,6.975700855255127,5000.0
2000-08-28,6.975700855255128,7.007553370575927,6.848290793971929,6.975700855255127,16100.0
2000-08-29,6.94385011990865,6.94385011990865,6.880145072937011,6.880145072937012,15300.0
2000-08-30,6.880145072937011,6.94385011990865,6.880145072937011,6.880145072937012,26500.0
2000-08-31,6.943848748012905,7.134963851169223,6.880143713627465,7.0394062995910645,22700.0
2000-09-01,7.134963576858109,7.134963576858109,7.007553512985643,7.071258544921875,22900.0
2000-09-05,6.975702959840948,7.0075554847717285,6.975702959840948,7.0075554847717285,15000.0
2000-09-06,6.975700934018407,7.134963512420654,6.975700934018407,7.134963512420654,15100.0
2000-09-07,6.975701334202184,7.326079026787681,6.975701334202184,7.198668956756592,24800.0
2000-09-08,7.198664887886215,7.3260748859019005,7.198664887886215,7.230517387390137,46300.0
2000-09-11,7.19867171728023,7.19867171728023,7.007556538945357,7.103114128112793,26400.0
2000-09-12,7.103110996740204,7.262373575142451,7.103110996740204,7.134963512420654,3600.0
2000-09-13,7.230517387390137,7.262369886894058,7.134959888878373,7.230517387390137,10100.0
2000-09-14,7.262376604409053,7.421639249242585,7.19867154647564,7.389786720275879,28600.0
2000-09-15,7.389783114322777,7.4534881411703875,7.389783114322777,7.421635627746582,53000.0
2000-09-18,7.389783114322777,7.421635627746582,7.389783114322777,7.421635627746582,3000.0
2000-09-19,7.405709661699239,7.612751007080078,7.389783404362252,7.612751007080078,16900.0
2000-09-20,7.612749738141526,7.7083072662353525,7.580897228776917,7.708307266235352,12800.0
2000-09-21,6.625321083068847,7.134961166381836,6.3705010414123535,6.3705010414123535,9700.0
2000-09-22,6.1156795726102935,6.625319536994485,5.797154594870174,6.4979095458984375,24500.0
2000-09-25,6.561614541446461,6.625319536994485,6.497909545898437,6.4979095458984375,10700.0
2000-09-26,6.497909545898437,6.497909545898437,6.497909545898437,6.4979095458984375,11700.0
2000-09-27,6.5492778913623795,6.5492778913623795,6.324547767639161,6.32454776763916,56700.0
2000-09-28,6.32455093276744,6.32455093276744,6.2603422938560955,6.292446613311768,3800.0
2000-09-29,6.228235830863317,6.420861681302388,6.164027214050293,6.164027214050293,13000.0
2000-10-02,6.164030655570652,6.164030655570652,5.907196044921875,5.907196044921875,35800.0
2000-10-03,5.907195956207985,5.907195956207985,5.521944046020508,5.521944046020508,19700.0
2000-10-04,5.586146831512452,5.586146831512452,5.586146831512452,5.586146831512451,2700.0
2000-10-05,5.6824635830554335,5.842985153198243,5.61825495499831,5.842985153198242,54600.0
2000-10-06,5.714564000052968,5.778772584323226,5.586146831512452,5.586146831512451,14100.0
2000-10-09,5.586146831512452,5.586146831512452,5.586146831512452,5.586146831512451,7100.0
2000-10-10,5.650360319349501,5.778777599334717,5.586151679356893,5.778777599334717,4600.0
2000-10-11,5.65035541578271,5.65035541578271,5.586146831512452,5.586146831512451,1600.0
2000-10-12,5.714566573411404,5.714566573411404,5.361419200897216,5.361419200897217,6400.0
2000-10-13,5.425630079375373,5.778777599334717,5.393525759379069,5.778777599334717,43400.0
2000-10-16,5.778777770574581,5.87509073341749,5.714569128679307,5.810882091522217,18300.0
2000-10-17,5.810879629649473,5.8750882443417325,5.618253785572695,5.714566707611084,22800.0
2000-10-18,5.778776894916187,5.778776894916187,5.618255314501849,5.650359630584717,3000.0
2000-10-19,5.682462400264955,5.714566707611084,5.682462400264955,5.714566707611084,6200.0
2000-10-20,5.810879629649473,5.810879629649473,5.714566707611084,5.714566707611084,2100.0
2000-10-23,5.650361349416334,5.650361349416334,5.521944046020508,5.521944046020508,4600.0
2000-10-24,5.66641178862615,5.66641178862615,5.554046682336113,5.650359630584717,3200.0
2000-10-25,5.650358122897286,5.810879660479595,5.5540452003479,5.5540452003479,3400.0
2000-10-26,5.55404504045041,5.55404504045041,5.361419200897216,5.361419200897217,2000.0
2000-10-27,5.425627814081614,5.425627814081614,5.329314894305018,5.361419200897217,6000.0
2000-10-30,5.361419200897216,5.5219407338582105,5.2651062811206195,5.361419200897217,18500.0
2000-10-31,5.393526742624682,5.586152697718421,5.393526742624682,5.521944046020508,16900.0
2000-11-01,5.650358857408081,5.778776104167356,5.618254545718263,5.6824631690979,3800.0
2000-11-02,5.77877865281216,5.77877865281216,5.521944046020508,5.521944046020508,7400.0
2000-11-03,5.554046682336113,5.7145682627504515,5.554046682336113,5.650359630584717,2400.0
2000-11-06,5.586151297433036,5.650359933035714,5.586151297433036,5.618255615234375,2800.0
2000-11-07,5.618256124388298,5.810882048653039,5.618256124388298,5.802855968475342,9800.0
2000-11-08,5.810881527507074,5.810881527507074,5.778777209675543,5.794829368591309,1800.0
2000-11-09,5.746674537658691,5.778778864684718,5.746674537658691,5.746674537658691,65000.0
2000-11-10,5.5861513076290015,5.971403121948243,5.5861513076290015,5.971403121948242,25800.0
2000-11-13,5.730620428232046,6.356654592660758,5.618255321796124,6.260341644287109,39400.0
2000-11-14,6.356653178365607,6.356653178365607,6.003505779567518,6.099818706512451,12000.0
2000-11-15,6.035610088549162,6.099818706512451,6.003505779567518,6.099818706512451,5000.0
2000-11-16,5.9392991993162365,5.9392991993162365,5.778777599334717,5.778777599334717,11600.0
2000-11-17,6.003508017208036,6.003508017208036,5.810882091522217,5.810882091522217,2100.0
2000-11-20,5.746670519719358,5.875087738037109,5.746670519719358,5.875087738037109,1000.0
2000-11-21,5.778778739597486,5.907196044921875,5.778778739597486,5.907196044921875,1600.0
2000-11-22,5.842987392259681,5.907196044921875,5.842987392259681,5.907196044921875,2600.0
2000-11-24,5.9071937812553665,5.9071937812553665,5.842985153198243,5.842985153198242,600.0
2000-11-27,5.907192042616547,5.907192042616547,5.778774824298796,5.875087738037109,8700.0
2000-11-28,5.810882091522217,5.810882091522217,5.778777770574581,5.810882091522217,3200.0
2000-11-29,5.810882091522217,5.810882091522217,5.714569128679307,5.810882091522217,33300.0
2000-11-30,5.810879962508744,5.9392971992492685,5.7787756533236125,5.939297199249268,8300.0
2000-12-01,5.907194351823363,5.907194351823363,5.778777083305464,5.85903787612915,2600.0
2000-12-04,5.842986239327325,5.9392991993162365,5.778777599334717,5.778777599334717,15100.0
2000-12-05,5.778777841578194,6.003508090972901,5.778777841578194,6.0035080909729,78700.0
2000-12-06,5.778777214788622,6.164029029107864,5.778777214788622,5.971403121948242,12400.0
2000-12-07,5.97140240931249,5.97140240931249,5.842985153198243,5.842985153198242,4800.0
2000-12-08,5.842984234659295,6.099818706512451,5.842984234659295,6.099818706512451,12200.0
2000-12-11,5.9392971616042285,6.131923015494095,5.9392971616042285,6.099818706512451,11100.0
2000-12-12,6.099818706512451,6.292444560402318,6.003505779567518,6.099818706512451,26700.0
2000-12-13,5.9714015084344,6.035610126804662,5.875088580879006,5.939297199249268,29900.0
2000-12-14,5.939298804088306,5.971403121948243,5.939298804088306,5.971403121948242,16400.0
2000-12-15,6.003505817619531,6.035610126804662,5.9392971992492685,5.939297199249268,14500.0
2000-12-18,5.778777841578194,6.099821054999204,5.778777841578194,6.0035080909729,15900.0
2000-12-19,5.971405363831845,6.164031343310292,5.971405363831845,6.131927013397217,19100.0
2000-12-20,5.971401470585873,6.1640273244757395,5.971401470585873,6.099818706512451,1900.0
2000-12-21,6.196131706237792,6.196131706237792,6.035610159444067,6.196131706237793,4800.0
2000-12-22,6.131923794115663,6.147975950644761,6.0035065418828735,6.067715167999268,8400.0
2000-12-26,6.067718982696533,6.3566579818725595,6.003510316212973,6.356657981872559,11700.0
2000-12-27,6.084779807499477,6.3437066078186035,6.084779807499477,6.3437066078186035,24000.0
2000-12-28,6.1818773576191495,6.3437066078186035,6.1818773576191495,6.3437066078186035,26400.0
2000-12-29,6.2142430114746094,6.473169803619385,6.2142430114746094,6.473169803619385,23100.0
2001-01-02,6.287070292172973,6.408442305535385,6.2789788246154785,6.2789788246154785,4500.0
2001-01-03,6.46507834136486,6.473169803619385,6.149511313438415,6.473169803619385,5700.0
2001-01-04,6.3113419692403765,7.573610363088451,6.214244400482832,7.5412445068359375,80200.0
2001-01-05,7.249952089988579,7.767805810702049,7.249952089988579,7.638342380523682,72200.0
2001-01-08,7.379417896270752,7.638344839999551,7.120490952541954,7.379417896270752,17000.0
2001-01-09,7.4117793238540575,7.4117793238540575,7.12048668667202,7.152852535247803,6200.0
2001-01-10,7.1528564804005175,7.282319946109124,6.602636751138939,6.861563682556152,27700.0
2001-01-11,6.926291547380052,7.185218334197999,6.893925699027809,7.185218334197998,1800.0
2001-01-12,6.861561111041477,7.314683071204594,6.861561111041477,7.249951362609863,35900.0
2001-01-16,7.249954088599281,7.314685821533203,7.023393023330553,7.314685821533203,6200.0
2001-01-17,7.314683071204594,7.379414779799324,7.1204879454204,7.249951362609863,7100.0
2001-01-18,7.120490965442122,7.379417909640018,6.926295757293701,6.926295757293701,11200.0
2001-01-19,6.861564443661615,6.9910279237307025,6.732100963592528,6.732100963592529,12900.0
2001-01-22,6.764466404914856,7.379417896270752,6.764466404914856,7.379417896270752,48600.0
2001-01-23,7.28231909973868,7.508880138397217,7.249953237073175,7.508880138397217,5100.0
2001-01-24,7.249951362609862,7.314683071204594,7.1204879454204,7.249951362609863,4300.0
2001-01-25,7.120490622731436,7.314685821533203,7.120490622731436,7.314685821533203,7400.0
2001-01-26,7.120489452196204,7.525062716525534,7.120489452196204,7.444148063659668,31100.0
2001-01-29,7.476513619118549,7.638342918233669,7.444147759295525,7.6059770584106445,91200.0
2001-01-30,7.508879478941573,7.703074637879717,7.508879478941573,7.6059770584106445,45700.0
2001-01-31,7.703075314390248,7.703075314390248,7.508880138397217,7.508880138397217,59700.0
2001-02-01,7.508879478941573,7.638342918233669,7.508879478941573,7.6059770584106445,9800.0
2001-02-02,7.638343941452156,7.7030756697695475,7.573612213134766,7.573612213134766,12600.0
2001-02-05,7.589793594206793,7.638342380523682,7.573610665434497,7.638342380523682,16300.0
2001-02-06,7.6221594517513855,7.638342380523682,7.573610665434497,7.638342380523682,1700.0
2001-02-07,7.573610665434497,7.703074095612865,7.573610665434497,7.638342380523682,14500.0
2001-02-08,7.638342380523682,7.638342380523682,7.573610665434497,7.638342380523682,5100.0
2001-02-09,7.605978077293461,7.605978077293461,7.573612213134766,7.573612213134766,3400.0
2001-02-12,7.70307493209839,7.70307493209839,7.605977348920678,7.703074932098389,16600.0
2001-02-13,7.703076227506001,7.767807960510254,7.670710361003875,7.767807960510254,22200.0
2001-02-14,7.638344494501749,7.767807960510254,7.605978627999623,7.767807960510254,10400.0
2001-02-15,7.767807039721259,7.767807039721259,7.508880138397217,7.508880138397217,7000.0
2001-02-16,7.573613104067351,7.573613104067351,7.379417896270752,7.379417896270752,2800.0
2001-02-20,7.379417554467125,7.379417554467125,7.314685821533203,7.314685821533203,10200.0
2001-02-21,7.2499509258206185,7.282316778168031,7.1204875164309644,7.225676536560059,18200.0
2001-02-22,7.379417554467125,7.379417554467125,7.314685821533203,7.314685821533203,1600.0
2001-02-23,7.411782202513321,7.444148063659668,7.314684619074282,7.444148063659668,7400.0
2001-02-26,7.444148756499983,7.573612213134766,7.330868231944549,7.573612213134766,25400.0
2001-02-27,7.638344839999551,7.67071070796565,7.379417896270752,7.379417896270752,8300.0
2001-02-28,7.379415225573363,7.638342075593481,7.379415225573363,7.5412445068359375,3300.0
2001-03-01,7.444148413066206,7.541246001062722,7.444148413066206,7.508880138397217,10300.0
2001-03-02,7.508881028493245,7.832539693514506,7.508881028493245,7.767807960510254,18500.0
2001-03-05,7.767806675123132,7.767806675123132,7.444148063659668,7.444148063659668,14200.0
2001-03-06,7.476513904683731,7.767806654216863,7.4441480436244944,7.703074932098389,50100.0
2001-03-07,7.7354399531574565,7.767805810702049,7.638342380523682,7.638342380523682,1900.0
2001-03-08,7.767807398086939,7.767807398086939,7.573612213134766,7.573612213134766,8500.0
2001-03-09,7.444148413066206,7.703075314390248,7.444148413066206,7.508880138397217,8400.0
2001-03-12,7.444147560033905,7.573610995860581,7.185220688380552,7.201403617858887,11700.0
2001-03-13,7.217588556440253,7.508881368135151,7.055759216609754,7.379417896270752,6200.0
2001-03-14,6.991023292368893,7.2499500809751485,6.991023292368893,7.152852535247803,10600.0
2001-03-15,7.1528564804005175,7.185222346827669,6.861563682556152,6.861563682556152,7400.0
2001-03-16,6.991027493343175,7.120490965442122,6.7321005491452794,6.926295757293701,21600.0
2001-03-19,6.796831639167759,7.023392693806684,6.796831639167759,7.01530122756958,9300.0
2001-03-20,6.991023292368893,7.217584232399366,6.958657443793111,7.152852535247803,15800.0
2001-03-21,7.217588569516333,7.217588569516333,6.926295757293701,6.926295757293701,1500.0
2001-03-22,7.185219654015132,7.249951362609862,6.93438428321055,7.249951362609863,23100.0
2001-03-23,6.861562070290604,7.249952376156109,6.861562070290604,7.217586517333984,11800.0
2001-03-26,7.217585508312498,7.298500144055911,7.185219654015132,7.249951362609863,8700.0
2001-03-27,7.2499544244063525,7.379417896270752,7.217588556440253,7.379417896270752,6800.0
2001-03-28,7.273730930415066,7.306348557905717,7.078025165471163,7.175878047943115,26300.0
2001-03-29,7.241115906408854,7.30635118484497,7.175880627972738,7.306351184844971,24900.0
2001-03-30,7.371584955851237,7.8282318115234375,7.371584955851237,7.8282318115234375,25100.0
2001-04-02,7.632524722555409,7.6977599765943445,7.436818960438604,7.502054214477539,19500.0
2001-04-03,7.534673959673238,7.567291595862301,7.3063505063498075,7.404203414916992,25800.0
2001-04-04,7.371588787502713,7.436824086507161,7.338971138000488,7.338971138000488,7300.0
2001-04-05,7.436822309332378,7.697763442993163,7.338969384209584,7.697763442993164,35500.0
2001-04-06,7.5672926902771005,7.6977632539025675,7.469439767558,7.5672926902771,8100.0
2001-04-09,7.697763295277939,7.697763295277939,7.515104306138214,7.572511672973633,9800.0
2001-04-10,7.624699592590332,7.624699592590332,7.515104298755306,7.624699592590332,25200.0
2001-04-11,7.697762909787671,7.932609814273955,7.697762909787671,7.85432767868042,28800.0
2001-04-12,7.828234009823555,7.828234009823555,7.520323392470915,7.697763442993164,15900.0
2001-04-16,7.697764297781572,7.906517028808595,7.697764297781572,7.906517028808594,47500.0
2001-04-17,7.8282318115234375,7.932608136135968,7.8282318115234375,7.8282318115234375,12600.0
2001-04-18,7.82823356984288,7.896078320506201,7.6977630103455,7.864765167236328,15900.0
2001-04-19,7.729075490556018,7.896077632904053,7.729075490556018,7.896077632904053,14000.0
2001-04-20,7.807356546600931,7.843888135788923,7.802137605943911,7.8282318115234375,11900.0
2001-04-23,7.843889795158253,7.896078217357729,7.807358198242027,7.85432767868042,14700.0
2001-04-24,7.8804226938375574,7.896079023012579,7.859547422368951,7.890860080718994,17100.0
2001-04-25,7.932609638289376,8.736308236556082,7.833452235556989,8.537993431091309,22500.0
2001-04-26,8.29792830109318,8.480587303638458,8.193551941512624,8.350116729736328,116200.0
2001-04-27,8.350116506715452,8.350116506715452,8.115269579505226,8.32402229309082,12800.0
2001-04-30,8.350111462193363,8.360549340419709,8.224859909709766,8.245735168457031,54700.0
2001-05-01,8.344897787330865,8.42839887499531,8.245740370155772,8.350116729736328,168700.0
2001-05-02,8.344897860175678,8.3501168026267,8.297928373527984,8.303147315979004,54100.0
2001-05-03,8.193551579270206,8.219645792438138,8.0891752243042,8.0891752243042,13200.0
2001-05-04,8.0891752243042,8.219645792438138,7.854328301204254,8.0891752243042,452400.0
2001-05-07,8.125710698401742,8.19355548590403,7.906519999611572,8.15180492401123,6300.0
2001-05-08,7.974360207183314,8.376209259033203,7.974360207183314,8.376209259033203,23600.0
2001-05-09,8.391867483657213,8.532775945897885,8.350116938779776,8.428399085998535,156100.0
2001-05-10,8.454493074834508,8.506680504904567,8.370991992228706,8.402304649353027,47600.0
2001-05-11,8.402304649353027,8.438836248566638,8.402304649353027,8.402304649353027,13600.0
2001-05-14,8.402304933674019,8.470149192307693,8.402304933674019,8.43361759185791,6800.0
2001-05-15,8.402303777975677,8.558868042771897,8.402303777975677,8.412741661071777,11800.0
2001-05-16,8.444055847311803,8.553650653475326,8.402305302762153,8.53277587890625,33200.0
2001-05-17,8.50668064330508,8.861560747859215,8.50668064330508,8.689339637756348,63500.0
2001-05-18,8.75196567306038,8.814590986357445,8.699777248371886,8.715434074401855,5800.0
2001-05-21,8.762400437647337,8.89808889995607,8.762400437647337,8.845901489257812,41700.0
2001-05-22,8.898093409611207,9.393882025804395,8.845905972463761,9.252973556518555,39700.0
2001-05-23,9.10684499734722,9.132938709782069,8.871997603788296,8.898091316223145,65600.0
2001-05-24,8.898092651491723,8.898092651491723,8.558869361877441,8.558869361877441,26300.0
2001-05-25,8.558868913967794,8.58496362436419,8.48580571568073,8.506680488586426,7600.0
2001-05-29,8.485803094552116,8.485803094552116,8.271831512451172,8.271831512451172,9200.0
2001-05-30,8.271834363547285,8.350116506715452,8.271834363547285,8.32402229309082,28700.0
2001-05-31,8.297927798390063,8.517118389083148,8.271834083355033,8.402304649353027,15800.0
2001-06-01,8.350115875699627,8.741527557373047,8.350115875699627,8.741527557373047,28300.0
2001-06-04,8.663250802945374,8.892879410919752,8.663250802945374,8.882441520690918,4900.0
2001-06-05,8.798935085536748,8.924186706542969,8.798935085536748,8.924186706542969,14000.0
2001-06-06,8.8719996391384,9.237317669502838,8.8719996391384,9.0807523727417,25100.0
2001-06-07,9.028560382789959,9.237314029545578,9.028560382789959,9.15903091430664,72000.0
2001-06-08,9.080749558057251,9.29994010925293,9.080749558057251,9.29994010925293,8200.0
2001-06-11,9.294721375213719,10.432424690322584,9.200782423263627,9.967949867248535,51300.0
2001-06-12,9.889668636401408,10.046232906916078,9.132939006287344,9.367786407470703,104300.0
2001-06-13,9.289506184147015,9.654824256896973,9.289506184147015,9.654824256896973,24100.0
2001-06-14,9.654824721075647,9.654824721075647,9.315601348876953,9.315601348876953,7200.0
2001-06-15,9.388664512085716,9.550447781773768,9.367789733131634,9.534791946411133,30900.0
2001-06-18,9.446067388333546,9.879229545593262,9.446067388333546,9.879229545593262,13100.0
2001-06-19,9.884447224039793,10.103637745220352,9.879228283605599,9.89488410949707,20300.0
2001-06-20,9.842700560892773,10.161048089094622,9.785293188985712,10.124516487121582,44500.0
2001-06-21,10.041019600420954,10.041019600420954,9.712234049653842,9.889674186706543,14300.0
2001-06-22,9.78529728417722,10.072332273014986,9.78529728417722,9.889674186706543,7100.0
2001-06-25,10.072326929519196,10.072326929519196,9.560882568359375,9.560882568359375,7100.0
2001-06-26,9.54522526677488,10.145389556884767,9.341690545734432,10.145389556884766,55400.0
2001-06-27,10.077160940926648,10.234616173941518,9.972190118199428,10.155888557434082,31000.0
2001-06-28,10.113901470726827,10.182131811777019,9.998433353613494,10.066664695739746,14900.0
2001-06-29,10.003676248247013,10.392066507505449,9.97218541670592,10.360575675964355,74700.0
2001-07-02,10.392072677612305,10.497043513174482,10.108653023316156,10.392072677612305,37900.0
2001-07-03,10.486545216253829,10.491793857632452,9.977439015439145,10.365829467773438,6100.0
2001-07-05,10.37107575172398,10.47079791309822,10.37107575172398,10.449803352355957,4200.0
2001-07-06,10.423561721779718,10.602011493531847,10.423561721779718,10.444555282592773,23100.0
2001-07-09,10.497043136544024,10.706983799059696,10.439309078948698,10.581019401550293,58900.0
2001-07-10,10.52853298571686,10.706982782176123,10.52853298571686,10.554776191711426,31400.0
2001-07-11,10.706981658935547,10.727976221528719,10.523283240548675,10.706981658935547,18400.0
2001-07-12,10.706983516838864,10.706983516838864,10.449806086901491,10.680741310119629,29000.0
2001-07-13,10.680741797667968,11.22658753073745,10.449806563908233,11.10062313079834,37000.0
2001-07-16,11.04813740621247,11.04813740621247,10.654498291961536,10.670244216918945,38500.0
2001-07-17,10.759467274672591,10.759467274672591,9.599544697773084,9.730757713317871,50200.0
2001-07-18,9.55756288627192,9.715019226074219,9.55756288627192,9.715019226074219,12500.0
2001-07-19,9.704518275297897,10.491796674061584,9.68352470522385,10.26086139678955,35900.0
2001-07-20,10.266107523274705,10.418315123578356,10.050918227109959,10.407817840576172,22600.0
2001-07-23,10.407817374403216,10.523284479027376,10.234616216928995,10.491793632507324,53300.0
2001-07-24,10.523283004760742,10.581017049522512,10.470798601605484,10.523283004760742,29100.0
2001-07-25,10.339586267353772,10.628254507878133,10.339586267353772,10.623005867004395,46900.0
2001-07-26,10.617757551639723,10.874934955881843,10.512787734174568,10.575769424438477,22800.0
2001-07-27,10.654493540512307,10.916919499648824,10.628251345028891,10.785706520080566,12500.0
2001-07-30,10.890683778778309,10.943169202023803,10.497044606051382,10.549530029296875,11200.0
2001-07-31,10.60201617044815,10.943169943030497,10.260861396789553,10.26086139678955,16000.0
2001-08-01,10.62300483424294,10.995650291442871,10.523282669488621,10.995650291442871,45400.0
2001-08-02,10.995649202279985,10.995649202279985,10.7069800173378,10.775211334228516,9600.0
2001-08-03,10.706982556412944,10.995651809810731,10.628254942241158,10.654497146606445,19700.0
2001-08-06,10.985155719190228,11.074380625216694,10.722729642768392,10.864439964294434,50900.0
2001-08-07,10.838195469715243,10.91692308308309,10.444556401800094,10.575769424438477,42600.0
2001-08-08,10.476048749032019,10.680741774429267,10.18213181648025,10.234617233276367,4100.0
2001-08-09,10.260859168954896,10.539031169842229,9.814735640712016,10.502291679382324,15500.0
2001-08-10,10.260858215008303,10.260858215008303,9.872467778849712,10.024675369262695,42000.0
2001-08-13,10.024673844989602,10.182129051545271,9.945946241711766,10.029922485351562,8400.0
2001-08-14,10.029924834745984,10.229368209838867,10.00368162678901,10.229368209838867,21800.0
2001-08-15,10.234616436535799,10.512788423146946,10.10340340529816,10.365829467773438,32300.0
2001-08-16,10.470799062914757,10.916922515844128,10.239863874769247,10.890680313110352,11300.0
2001-08-17,10.83819221162431,10.890677605117107,10.476044097707195,10.507535934448242,17600.0
2001-08-20,10.70698328622648,11.368297092282878,10.523284839920368,11.284320831298828,28800.0
2001-08-21,11.221336465726543,11.494259773862387,10.937916877336125,11.441774368286133,25500.0
2001-08-22,11.284319152633216,11.441774368286133,10.911674675085921,11.441774368286133,39300.0
2001-08-23,11.084879420525464,11.441778092236786,11.084879420525464,11.389293670654297,37000.0
2001-08-24,11.363051074212132,11.441778711925945,11.053388164938406,11.410287857055664,30500.0
2001-08-27,11.410282708755242,11.415531349044814,10.864437132624685,11.263323783874512,13100.0
2001-08-28,11.10587088386764,11.284320686436907,10.329089979199056,10.365829467773438,22900.0
2001-08-29,10.323837304633981,10.586263264587997,9.604789733886719,9.604789733886719,14100.0
2001-08-30,9.683522889604891,9.783244080642762,9.289883764028692,9.589049339294434,18900.0
2001-08-31,9.589046605366763,9.589046605366763,9.258389273553686,9.384353637695312,8900.0
2001-09-04,9.368608815881325,10.035171125713523,9.368608815881325,10.029922485351562,12200.0
2001-09-05,9.819979562985695,9.819979562985695,9.032701633255442,9.137672424316406,26500.0
2001-09-06,9.289879968954507,9.316122166175443,8.995962154486612,9.022205352783203,23400.0
2001-09-07,9.106182806295156,9.106182806295156,8.875247635695652,8.922484397888184,18300.0
2001-09-10,8.922487351063246,9.04845175824324,8.88574785743693,9.027458190917969,17500.0
2001-09-17,8.922483950372477,9.289880748759286,8.738785551179072,9.006460189819336,21300.0
2001-09-18,8.917236677771072,8.917236677771072,8.660059279891286,8.754532814025879,16400.0
2001-09-19,8.786027293152156,8.870003580218084,8.408134001355483,8.765033721923828,19700.0
2001-09-20,8.63381906679104,8.765032116431778,8.30316162109375,8.30316162109375,6900.0
2001-09-21,8.003996142008482,8.586582411049857,7.815049528030184,8.324155807495117,47700.0
2001-09-24,8.455366625821696,8.686300801037802,8.434372063851606,8.681053161621094,11700.0
2001-09-25,8.759783172471954,8.896244859525252,8.11421473020476,8.738788604736328,45500.0
2001-09-26,8.876157434001497,8.876157434001497,8.44820010616416,8.559152603149414,19200.0
2001-09-27,8.712370865510175,8.76520533622877,8.400648596777557,8.738788604736328,8700.0
2001-09-28,8.833891127093857,8.965976825208063,8.374233461987409,8.611987113952637,33700.0
2001-10-01,8.62255220974914,8.62255220974914,7.988541106773497,8.247428894042969,25800.0
2001-10-02,8.030810553384631,8.527452569506098,7.740221909204204,8.294981956481934,18100.0
2001-10-03,8.294980932919733,8.744071960449219,8.131194965375334,8.744071960449219,35400.0
2001-10-04,8.670106236702143,8.87615962926413,8.590855009388612,8.849742889404297,30500.0
2001-10-05,8.902574046957335,9.16146183013916,8.71765391390356,9.16146183013916,31600.0
2001-10-08,8.965976717588507,9.510170150071229,8.802190736058325,9.261849403381348,18700.0
2001-10-09,9.510166717657551,9.510166717657551,9.145610044648624,9.166744232177734,7400.0
2001-10-10,9.298830857052508,10.091344833374023,9.140327457148025,10.091344833374023,18500.0
2001-10-11,10.086062285583482,10.117762565612793,9.56300313029806,10.117762565612793,14200.0
2001-10-12,9.774341972246722,10.03322982788086,9.631689171876706,10.03322982788086,10000.0
2001-10-15,10.038505713144938,10.038505713144938,9.510163307189941,9.510163307189941,117200.0
2001-10-16,9.932837425408625,10.429479598999023,9.589415042459192,10.429479598999023,53500.0
2001-10-17,10.281544332207794,10.61968420976803,10.0120905501478,10.043790817260742,42000.0
2001-10-18,10.350233018328533,10.91555951576136,10.350233018328533,10.487602233886719,34300.0
2001-10-19,10.61968547205613,10.693653106689453,10.408348653294171,10.693653106689453,30700.0
2001-10-22,10.487600144684038,10.98424243927002,10.487600144684038,10.98424243927002,12400.0
2001-10-23,11.068777031469414,11.185012031847313,10.566851196540362,10.989524841308594,32300.0
2001-10-24,10.862726394873105,10.97367889370879,10.831026112805965,10.88386058807373,7700.0
2001-10-25,10.973681610637847,10.973681610637847,10.514022872057204,10.619691848754883,45300.0
2001-10-26,10.672518829742188,10.868004989067957,10.519299022083247,10.86272144317627,18400.0
2001-10-29,10.883861606128708,10.883861606128708,9.673956141033303,9.72150707244873,23400.0
2001-10-30,10.24456562453232,10.249849172973018,9.695089687239447,10.064929008483887,13300.0
2001-10-31,9.90642487910156,10.276265144348145,9.84830686400273,10.276265144348145,21400.0
2001-11-01,9.975107502397455,10.276263620562352,9.975107502397455,10.239278793334961,14000.0
2001-11-02,10.075496364047197,10.35551839219063,10.075496364047197,10.165314674377441,8400.0
2001-11-05,10.091346661562984,10.350234486467802,10.091346661562984,10.228715896606445,3100.0
2001-11-06,10.276260817216825,10.566848754882812,10.14417520778079,10.566848754882812,9100.0
2001-11-07,10.329098560501615,10.566853159688055,10.21814708603704,10.223430633544922,14000.0
2001-11-08,10.302681922912598,10.482318508853869,10.302681922912598,10.302681922912598,11600.0
2001-11-09,10.482314045462408,10.698934364318847,10.30267753601074,10.566848754882812,25400.0
2001-11-12,10.683089818314432,10.989528566582587,10.677806269997108,10.936695098876953,6700.0
2001-11-13,10.984243540403456,11.07934436539376,10.899707794189455,10.899707794189453,23300.0
2001-11-14,10.767621509172184,10.93669198397177,10.593268495293609,10.69893741607666,9100.0
2001-11-15,10.603834422978835,10.91027305027515,10.540433883666994,10.540433883666992,3800.0
2001-11-16,10.672521450064012,10.841590929174687,10.492884876575523,10.704221725463867,25300.0
2001-11-19,10.698941723637992,11.095198824513473,10.698941723637992,11.08991527557373,16800.0
2001-11-20,10.936694307375607,11.517870471947576,10.910276567700873,11.502020835876465,74500.0
2001-11-21,11.502021763062487,11.718642207188596,11.206149101257324,11.206149101257324,35600.0
2001-11-23,11.491455271051,11.517872006511595,11.28011836416465,11.48617172241211,2300.0
2001-11-26,11.623538516655021,11.634105611708055,11.200864791870115,11.200864791870117,17400.0
2001-11-27,11.359370225097127,11.459755639484413,11.015947605885161,11.08991527557373,7300.0
2001-11-28,11.010659623879796,11.010659623879796,10.64081940887263,10.69893741607666,13600.0
2001-11-29,10.799320241285635,11.623534202575684,10.698934891007164,11.623534202575684,18800.0
2001-11-30,10.836307672018565,11.243131746850727,10.72535519354906,10.778189659118652,21900.0
2001-12-03,10.778188602797192,10.783472149609695,10.69893741607666,10.69893741607666,3000.0
2001-12-04,11.095195387083784,11.105762481689453,10.783473150351789,11.105762481689453,10800.0
2001-12-05,11.148028373718262,11.148028373718262,10.973675366785107,11.148028373718262,22300.0
2001-12-06,11.148029418272401,11.148029418272401,10.862723921430817,10.873291015625,19600.0
2001-12-07,10.873290583611379,11.07934387354331,10.78347230199657,10.831023216247559,3200.0
2001-12-10,10.963109636283738,11.037077282439334,10.593269390038557,10.672521591186523,6200.0
2001-12-11,10.593270003889748,10.920842898780316,10.593270003889748,10.709506034851074,4400.0
2001-12-12,10.709497932486588,10.746481729727083,10.514010851415966,10.640812873840332,11600.0
2001-12-13,10.566854402440173,10.614405327869855,10.461185455322266,10.461185455322266,7100.0
2001-12-14,10.566852804573896,10.778189659118652,10.450617786507683,10.778189659118652,14600.0
2001-12-17,10.572134481276056,10.80460548400879,10.197010749066408,10.804605484008789,40400.0
2001-12-18,10.56685345145728,10.868008613586426,10.461184513849238,10.868008613586426,10200.0
2001-12-19,10.651388299114329,10.936693828712203,10.651388299114329,10.78347396850586,28800.0
2001-12-20,10.778187417686507,10.778187417686507,10.487599429084856,10.540433883666992,30700.0
2001-12-21,10.387216791487301,10.598553657531738,10.355516513514054,10.598553657531738,64700.0
2001-12-24,10.566848754882812,10.566848754882812,10.381928700125718,10.566848754882812,5100.0
2001-12-26,10.657168065505882,10.837798118591309,10.609354168318161,10.837798118591309,3600.0
2001-12-27,10.944048574433085,11.501875877380371,10.779356868098287,11.501875877380371,27400.0
2001-12-28,11.528440029184774,11.714381793117903,11.395623904485902,11.608129501342773,31800.0
2001-12-31,11.608135293181492,12.213776799732956,11.395629590295638,11.416879653930664,49800.0
2002-01-02,11.406246882956246,11.58687686920166,11.406246882956246,11.58687686920166,23600.0
2002-01-03,11.671888447142647,11.810017430419204,11.50188385643528,11.74095344543457,7800.0
2002-01-04,11.740951181258424,11.98001971084741,11.55500831604004,11.95345687866211,20400.0
2002-01-07,11.63469092736994,11.974700854921553,11.613440876882867,11.687817573547363,23200.0
2002-01-08,11.64000783755941,11.810012355209395,11.416876654817091,11.666570663452148,8000.0
2002-01-09,11.666573022907748,11.71438692983008,11.454067332867973,11.682511329650879,24600.0
2002-01-10,11.528438972460505,11.794071197509764,11.422185677118192,11.794071197509766,13400.0
2002-01-11,11.666567644453025,11.926888134710717,11.613442006415056,11.884387016296387,30000.0
2002-01-14,11.900328489916113,11.948142391620488,11.517818289588051,11.767512321472168,23500.0
2002-01-15,11.480627746805235,11.953452892517776,11.480627746805235,11.820636749267578,56300.0
2002-01-16,11.68782060601738,11.953452892517776,11.68782060601738,11.820636749267578,11500.0
2002-01-17,11.772822724872908,11.953452758736127,11.772822724872908,11.847199440002441,27700.0
2002-01-18,11.804697647342763,11.980014904020395,11.767509291881854,11.825948715209961,31700.0
2002-01-22,11.75157601352016,11.75157601352016,11.470005348057724,11.512506484985352,13300.0
2002-01-23,11.454067585489096,11.94814395904541,11.395629152756202,11.94814395904541,64900.0
2002-01-24,11.900331079589717,12.123462331664214,11.69313813598739,11.756889343261719,18900.0
2002-01-25,12.139396825735998,12.139396825735998,11.395626556961723,11.475316047668457,68800.0
2002-01-28,11.64000542052982,11.64531818726655,11.395624230480067,11.491250991821289,20600.0
2002-01-29,11.400935657764034,11.608129501342773,11.395623904485902,11.608129501342773,15100.0
2002-01-30,11.395624322228617,12.080955023878326,11.395624322228617,12.033141136169434,26300.0
2002-01-31,11.932208103326714,11.932208103326714,11.69845229775773,11.74095344543457,41000.0
2002-02-01,11.740944219724787,11.847196498773139,11.671879275702189,11.687817573547363,10800.0
2002-02-04,11.693137029231078,11.693137029231078,11.395629059059958,11.52844524383545,19200.0
2002-02-05,11.395623588551004,11.501875877380371,11.347809703920484,11.501875877380371,23600.0
2002-02-06,11.634693815841814,11.889700564834566,11.384999834116421,11.847199440002441,23800.0
2002-02-07,11.92157420874413,11.92157420874413,11.512500350476412,11.687817573547363,37500.0
2002-02-08,11.714383298238706,11.926889935706077,11.687820475208657,11.847199440002441,27500.0
2002-02-11,11.953452758736127,11.953452758736127,11.682507707941298,11.847199440002441,55900.0
2002-02-12,11.794073925940241,11.900326232556344,11.74094726597881,11.820636749267578,29200.0
2002-02-13,11.794072433743558,12.219083633048687,11.794072433743558,12.213770866394043,64400.0
2002-02-14,12.219084783696015,12.484717061602451,12.219084783696015,12.378463745117188,33100.0
2002-02-15,12.272214518386647,12.85129311045296,12.272214518386647,12.835354804992676,26700.0
2002-02-19,12.915041465083924,13.775690517811455,12.357214069655893,13.281614303588867,126400.0
2002-02-20,13.212549276646381,13.308176040649414,12.755661457636311,13.308176040649414,29100.0
2002-02-21,13.180670889923247,13.281611420444456,12.644093666940508,12.649406433105469,27800.0
2002-02-22,12.883166446901228,12.883166446901228,12.309400724025116,12.856603622436523,23900.0
2002-02-25,12.81941607787678,12.877855516001993,12.335965307859862,12.341278076171875,12500.0
2002-02-26,12.341278854571712,12.511283398051068,12.341278854571712,12.431593894958496,11900.0
2002-02-27,12.399712125009053,12.484714354442868,12.383773827000274,12.479401588439941,10500.0
2002-02-28,12.373154534283136,12.458156799618896,12.335965156555176,12.335965156555176,5900.0
2002-03-01,12.325345187386889,13.148805317072549,12.325345187386889,13.106304168701172,34500.0
2002-03-04,12.750350047093459,13.355991350072228,12.750350047093459,13.13286018371582,16100.0
2002-03-05,13.361302588963683,13.387866423173577,12.989418029785156,12.989418029785156,21300.0
2002-03-06,12.994730949401855,13.217862110254298,12.98941919538989,12.994730949401855,12100.0
2002-03-07,13.281622406679292,13.547254854812877,12.941613197326662,12.94161319732666,19500.0
2002-03-08,12.962855358796293,13.297552606728335,12.962855358796293,12.994730949401855,20600.0
2002-03-11,12.962863266558863,13.090366720069063,12.915049344829116,12.973488807678223,18300.0
2002-03-12,12.936291374672034,13.281613112947333,12.936291374672034,12.989418029785156,11600.0
2002-03-13,12.93628864129152,13.180669784545898,12.883161997403823,13.180669784545898,10400.0
2002-03-14,13.095676525844574,13.095676525844574,12.745041854746308,12.776917457580566,27300.0
2002-03-15,12.830040442937996,12.872541572246217,12.745038184321555,12.750350952148438,42500.0
2002-03-18,12.851283969307824,12.851283969307824,12.559087990217408,12.691904067993164,8600.0
2002-03-19,12.617534796396892,12.750350952148438,12.569720899261787,12.750350952148438,26500.0
2002-03-20,12.569724363525518,12.824731209655697,12.537848761086028,12.739728927612305,49500.0
2002-03-21,12.830039531935924,13.834130287170408,12.65472225932463,13.83413028717041,38900.0
2002-03-22,13.786317397805906,13.812880223682553,12.750350975706972,12.909729957580566,39000.0
2002-03-25,13.28160999878373,13.28160999878373,12.883161698820219,12.888474464416504,73000.0
2002-03-26,13.18213254509704,13.326286315917969,13.08602935232019,13.326286315917969,18900.0
2002-03-27,13.347641651159567,13.646628539009154,13.240860110612594,13.513152122497559,15100.0
2002-03-28,13.352978056210999,13.828153674414025,13.342299700705665,13.817475318908691,25700.0
2002-04-01,13.838832604543363,13.87086665404547,13.513149876515703,13.790781021118164,22400.0
2002-04-02,13.58790104185396,14.0203643918436,13.550526785878258,13.80146312713623,14000.0
2002-04-03,13.678659355245,13.881542997131751,13.358315851642404,13.385010719299316,16100.0
2002-04-04,13.374327134462696,13.812130328564916,13.294241544467928,13.614584922790527,16200.0
2002-04-05,13.37433458518141,13.748068904485649,13.37433458518141,13.41170883178711,5400.0
2002-04-08,13.69467937284061,13.82281660340197,13.507812196392893,13.774765014648438,5000.0
2002-04-09,13.587897027947454,14.041715943233644,13.587897027947454,13.96696949005127,11600.0
2002-04-10,13.881539263044086,14.015015602111818,13.454415385364806,14.015015602111816,28200.0
2002-04-11,13.454425269787551,14.12180745542494,13.37967777252197,13.379677772521973,27500.0
2002-04-12,13.481111707218208,14.041711984735322,13.443738491162902,13.988322257995605,26000.0
2002-04-15,13.982985008564649,14.308666663600963,13.92959425612371,14.201886177062988,26700.0
2002-04-16,14.175189439035817,14.874606319088924,14.068408958920665,14.842571258544922,43000.0
2002-04-17,14.842565765207356,14.922652368582908,14.281965651639274,14.308660507202148,31400.0
2002-04-18,14.297995326090472,14.490200689830486,14.260621070861815,14.260621070861816,19800.0
2002-04-19,14.378074214636714,14.378074214636714,14.036375045776367,14.036375045776367,23700.0
2002-04-22,14.036378390467593,14.05773408443823,13.545185209013805,13.62527084350586,13500.0
2002-04-23,13.721366388345904,13.822807660445632,13.336953927021373,13.614584922790527,16700.0
2002-04-24,13.36899528686132,13.662642928203066,13.251535415649416,13.251535415649414,15900.0
2002-04-25,13.34764145330504,13.716036642552643,13.192808323641472,13.555864334106445,50600.0
2002-04-26,13.347637609632862,13.443740763357248,13.064667325704828,13.150092124938965,26900.0
2002-04-29,13.267552182581563,13.401028560639034,13.155431495474431,13.208822250366211,144000.0
2002-04-30,13.08068405546799,13.342297614376086,13.08068405546799,13.320941925048828,123000.0
2002-05-01,13.422382354097197,13.427721530665982,13.080683200445376,13.08602237701416,33700.0
2002-05-02,13.427724463074156,13.748067998752735,13.160771686399347,13.187467575073242,27900.0
2002-05-03,13.032639964129759,13.545190040730468,13.021961604163307,13.422390937805176,53400.0
2002-05-06,13.609248856295206,13.6145880326269,12.600167951511686,12.77635669708252,50500.0
2002-05-07,12.797716106270657,12.84042851100331,12.098300096894452,12.279828071594238,60600.0
2002-05-08,12.199738763104893,12.482707977294922,11.772613826166523,12.482707977294922,69200.0
2002-05-09,12.279824447631837,12.32787601606833,12.012871742248535,12.012871742248535,50600.0
2002-05-10,11.959484979244307,12.27982853602687,11.959484979244307,12.071605682373047,16100.0
2002-05-13,12.071606112496875,12.407966197179764,11.959485405373158,12.189064979553223,19100.0
2002-05-14,12.46669125773605,12.46669125773605,12.27448498842005,12.413300514221191,14200.0
2002-05-15,12.413304130724034,12.669578552246094,12.274488564480246,12.669578552246094,73200.0
2002-05-16,12.552114853833196,13.347633700161591,12.413299341150278,12.690930366516113,56700.0
2002-05-17,12.941872671344841,13.555863957468826,12.86712620715325,13.529169082641602,38400.0
2002-05-20,13.529170612816767,13.529170612816767,13.246200223260363,13.310269355773926,20500.0
2002-05-21,13.326278256784725,13.40636488122888,12.162365343548204,12.413300514221191,43600.0
2002-05-22,12.338561161095264,12.696278023966673,12.237118792069078,12.621530532836914,76600.0
2002-05-23,12.621523400379527,12.968562726986082,12.279824268347674,12.829747200012207,30000.0
2002-05-24,12.573474357900642,12.755002312836563,12.253131866455078,12.253131866455078,13900.0
2002-05-28,12.231775792265838,12.541440963525327,12.018213780766878,12.327878952026367,27700.0
2002-05-29,12.098299148923292,12.15168990524165,11.826007208209248,11.863380432128906,181900.0
2002-05-30,11.863381775027056,12.173046974713902,11.639141387781816,11.77795696258545,78100.0
2002-05-31,12.119659332654257,12.333221400797148,11.665839301385445,11.745924949645996,44700.0
2002-06-03,11.639141096810011,11.793974201954741,11.318798567334412,11.425579071044922,33500.0
2002-06-04,11.596427606756752,11.95948352576385,11.35083155468958,11.874058723449707,27100.0
2002-06-05,11.826008546876865,11.895416843450727,11.398884484668834,11.77795696258545,32300.0
2002-06-06,11.612441789383007,11.783291344728596,11.078536419756201,11.09455394744873,29000.0
2002-06-07,11.078540651883646,11.516343059288094,10.678111471695079,11.425579071044922,53500.0
2002-06-10,11.47896371112486,11.612440033347243,10.784887242905882,11.04116153717041,37500.0
2002-06-11,11.07853647424451,11.089214826092048,10.656750741359872,10.859635353088379,50100.0
2002-06-12,10.81158452459496,11.062519700043538,10.784889661501362,11.025146484375,58800.0
2002-06-13,10.97175494939561,11.745918143461205,10.97175494939561,11.329471588134766,43800.0
2002-06-14,11.612449137731002,11.820672037778754,11.212019857119587,11.8099946975708,33700.0
2002-06-17,11.820670358141223,13.417048074476234,11.809993019450447,12.680258750915527,75000.0
2002-06-18,12.813730271628446,12.813730271628446,12.028889659094967,12.039566993713379,55900.0
2002-06-19,12.044908461175265,12.920514222086716,12.044908461175265,12.157029151916504,17000.0
2002-06-20,12.279824370548415,12.653558563076519,12.279824370548415,12.482707977294922,24700.0
2002-06-21,12.594828605651854,12.808390564326206,12.322536726463152,12.594828605651855,38600.0
2002-06-24,12.279826628477668,12.733646511894543,12.279826628477668,12.600170135498047,21700.0
2002-06-25,12.60017198715292,12.626866859017582,12.253133561191879,12.509407997131348,26200.0
2002-06-26,12.606005705087236,12.606005705087236,12.037152599712215,12.326945304870605,27400.0
2002-06-27,12.455746845724715,12.98703554758746,12.241085312621395,12.944103240966797,28200.0
2002-06-28,12.369871611968549,12.87969321100526,12.14984360150076,12.28400707244873,129300.0
2002-07-01,12.155214929364954,12.208880543062739,11.672226453257784,11.725892066955566,99700.0
2002-07-02,12.07471290109801,12.07471290109801,11.323397636413574,11.323397636413574,54000.0
2002-07-03,11.269733950952627,11.774188995361328,11.269733950952627,11.774188995361328,26000.0
2002-07-05,11.854690992011806,12.208882671133587,11.656128493795475,12.203516006469727,8200.0
2002-07-08,12.208879085571043,12.219612411746548,11.758089622063052,11.779556274414062,42800.0
2002-07-09,11.806391991145468,12.074719081853319,11.704427410072231,11.81712532043457,26700.0
2002-07-10,11.817124090501073,11.951287621891176,11.677593895024984,11.806390762329102,39900.0
2002-07-11,11.699059527782413,11.860056379602446,11.699059527782413,11.806390762329102,90000.0
2002-07-12,11.924450835217273,11.929817497743258,11.699056127057016,11.768821716308594,44700.0
2002-07-15,11.876153638861203,11.876153638861203,11.135571502562742,11.430730819702148,23500.0
2002-07-16,11.269733219111254,11.876151746714072,11.269733219111254,11.849319458007812,62000.0
2002-07-17,11.860055705406381,11.88688800072449,11.403899519893356,11.677593231201172,20700.0
2002-07-18,11.430728760229346,11.720522385429515,11.02823829650879,11.028238296508789,8200.0
2002-07-19,11.108736290952614,11.26973205371409,10.840409337292755,11.167767524719238,25300.0
2002-07-22,11.114106868099144,11.269737061701326,10.196428770110723,10.947744369506836,24600.0
2002-07-23,10.572083277260031,10.92090814178577,9.665137810624165,10.201791763305664,49500.0
2002-07-24,10.37889112173525,10.73308277130127,9.928101563453675,10.73308277130127,34500.0
2002-07-25,10.786749498526875,10.867247422867827,10.529155731201172,10.529155731201172,9600.0
2002-07-26,10.808210907870954,11.0014066696167,10.56135056660583,11.0014066696167,17600.0
2002-07-29,10.743814334803552,11.307300678296075,10.743814334803552,11.259001731872559,26300.0
2002-07-30,11.269734382629395,11.269734382629395,11.13020421506172,11.269734382629395,33000.0
2002-07-31,11.269734026437783,11.377065236124082,11.135570526123047,11.135570526123047,14300.0
2002-08-01,11.012141360006918,11.32340066829937,11.012141360006918,11.259001731872559,16500.0
2002-08-02,11.24290137179888,11.403897157529505,10.996040006947512,11.0014066696167,15100.0
2002-08-05,11.157040032089208,11.275103574082369,10.73308277130127,10.73308277130127,14300.0
2002-08-06,10.733080790635265,11.269734830167028,10.711614137732548,11.216069221496582,12800.0
2002-08-07,11.216066308344308,11.403895378112793,10.84577483063913,11.403895378112793,7000.0
2002-08-08,11.377066948245158,11.51123046875,11.301934680723674,11.51123046875,11600.0
2002-08-09,11.511228068440143,11.865419606830343,11.398530202450779,11.784920692443848,64500.0
2002-08-12,11.833224507097267,12.021053678743673,11.779559906843984,11.860057830810547,37900.0
2002-08-13,11.860053678627901,12.047882784515688,11.860053678627901,11.8654203414917,45100.0
2002-08-14,11.83858575234419,11.967382576447106,11.672223315826198,11.886884689331055,38700.0
2002-08-15,11.940553498160261,11.940553498160261,11.527329603349699,11.725892066955566,49400.0
2002-08-16,11.725891218195398,11.725891218195398,11.403898582902066,11.53806209564209,37600.0
2002-08-19,11.538058416504006,11.538058416504006,11.441460554359509,11.457560539245605,13600.0
2002-08-20,11.564896533719043,11.699060071342636,11.409267362340687,11.42536735534668,9100.0
2002-08-21,11.430730241818845,11.462930220072128,11.081905332765464,11.377065658569336,32900.0
2002-08-22,11.232172540412877,11.446834015134419,11.162406921386717,11.162406921386719,1500.0
2002-08-23,11.425367398008067,12.101550729399612,11.425367398008067,11.548797607421875,97400.0
2002-08-26,11.564894388755548,11.672225608382114,11.511229802528634,11.53806209564209,82600.0
2002-08-27,11.43610240624355,11.801027479972229,11.43610240624355,11.597099304199219,19100.0
2002-08-28,11.430729817380955,11.56489331769569,11.135570526123047,11.135570526123047,8200.0
2002-08-29,11.269738382211619,11.350236308795797,11.108742529043264,11.189240455627441,11100.0
2002-08-30,11.323399898778915,11.53269463666656,11.006773948669434,11.006773948669434,7300.0
2002-09-03,11.006775180176374,11.135572035101395,10.598917961120605,10.598917961120605,9100.0
2002-09-04,10.867246648414117,11.130207061767576,10.61501956383098,11.130207061767578,6700.0
2002-09-05,11.092639758641008,11.119472052926078,10.894077300737678,11.033607482910156,48200.0
2002-09-06,11.038975225034923,11.538063726756851,11.038975225034923,11.52733039855957,12400.0
2002-09-09,11.479026596585754,11.59172444788128,11.301930850480858,11.403895378112793,15600.0
2002-09-10,11.645394547003605,11.897621609141847,11.645394547003605,11.843955993652344,42500.0
2002-09-11,11.913722617151217,11.913722617151217,11.811758041381836,11.811758041381836,2700.0
2002-09-12,11.817125940461656,11.817125940461656,11.457567579104175,11.559532165527344,15600.0
2002-09-13,11.49513598869958,11.752729825901602,11.296573432781198,11.607832908630371,5900.0
2002-09-16,11.56489599639231,12.128383442382653,11.56489599639231,11.806390762329102,19800.0
2002-09-17,12.096184865578358,12.096184865578358,11.430732827995293,11.521964073181152,20700.0
2002-09-18,11.538061100978656,11.806388103326997,11.46292986786873,11.69369125366211,18500.0
2002-09-19,11.688325598402011,11.715157891515467,11.53806209564209,11.53806209564209,41700.0
2002-09-20,11.806392206970624,11.919089095806486,11.67222865916414,11.860057830810547,43100.0
2002-09-23,11.645389086769015,11.645389086769015,11.21606538773872,11.575623512268066,25400.0
2002-09-24,11.216069950090594,11.409265744419626,11.028240819335858,11.033607482910156,21700.0
2002-09-25,11.092983632272125,11.114576309532204,10.715121046580423,10.931042671203613,42000.0
2002-09-26,10.812289214201073,11.044404385422709,10.812289214201073,10.99582290649414,27200.0
2002-09-27,10.92564156275553,11.039001028684803,10.715118164080765,10.747506141662598,12100.0
2002-09-30,10.715119276096166,10.747507257039222,10.553177312190185,10.73131275177002,19000.0
2002-10-01,10.580171072251026,10.715122231260363,10.445219913241692,10.644947052001953,109500.0
2002-10-02,10.634151781996529,10.796092761582003,10.418229103088377,10.418229103088379,72400.0
2002-10-03,10.407432381705323,10.580169677734375,10.407432381705323,10.580169677734375,69400.0
2002-10-04,10.682733844430459,10.688130984546124,10.391238857595908,10.536986351013184,21400.0
2002-10-07,10.661143565420554,10.661143565420554,10.456018218196652,10.628755569458008,25400.0
2002-10-08,10.634150340142329,10.688129972954783,10.499199198920195,10.580169677734375,16700.0
2002-10-09,10.671934775372616,10.677332943703151,9.824441909790039,9.824441909790039,24500.0
2002-10-10,9.802852145148808,10.418229103088377,9.77046415515084,10.418229103088379,50300.0
2002-10-11,10.283278850431955,11.335898399353027,10.283278850431955,11.335898399353027,34200.0
2002-10-14,11.335896425468976,11.848711199411746,11.238731434229669,11.605798721313477,18200.0
2002-10-15,11.740750992902985,11.848712333411617,11.60579983206502,11.659780502319336,25300.0
2002-10-16,11.697565543084428,11.821720352069965,11.605798721313475,11.605798721313477,15800.0
2002-10-17,11.713760817902461,11.794731306034473,11.56261515168592,11.778536796569824,16300.0
2002-10-18,11.810927740850442,11.95667527370965,11.47085119377483,11.875704765319824,22600.0
2002-10-21,11.821722029572383,12.005255699157715,11.729955194779716,12.005255699157715,43900.0
2002-10-22,11.74074927201264,11.999855215740343,11.670575131684698,11.827117919921875,9800.0
2002-10-23,11.94047907151482,11.94047907151482,11.82172139195569,11.929682731628418,9100.0
2002-10-24,11.821722029572383,12.010653869392073,11.821722029572383,12.005255699157715,10700.0
2002-10-25,12.053838201671226,12.124012355526467,11.951275026409848,12.005255699157715,66500.0
2002-10-28,12.113216992773577,12.280556150939141,11.794732157480466,11.864906311035156,14500.0
2002-10-29,11.8703031539917,11.8703031539917,11.78393449946044,11.8703031539917,9400.0
2002-10-30,11.79473425693,12.134810804005612,11.79473425693,11.875704765319824,17900.0
2002-10-31,11.794729186542698,11.87569966012446,11.605797395121632,11.767738342285156,8700.0
2002-11-01,11.670572385010917,12.064629377054771,11.670572385010917,12.010648727416992,23700.0
2002-11-04,12.064635114992067,12.194188117980959,11.91888760053116,12.194188117980957,15100.0
2002-11-05,11.605800817300986,12.302149360544998,11.605800817300986,12.280556678771973,98400.0
2002-11-06,12.302148779408066,12.323740430565394,12.03764358816206,12.275157928466797,34800.0
2002-11-07,12.20498079539227,12.210378964262572,11.724554061889648,11.724554061889648,28700.0
2002-11-08,12.091625213623047,12.237372731408014,11.95127586645187,12.091625213623047,15300.0
2002-11-11,12.09162230805808,12.318340271378972,11.902690500358082,12.134806632995605,29000.0
2002-11-12,12.22117196154495,12.226570129394531,11.859502952384977,12.226570129394531,5700.0
2002-11-13,12.010651501698739,12.329136275572099,11.98366168544323,12.097020149230957,21500.0
2002-11-14,12.145603736931106,12.307544708251953,11.843313443320918,12.307544708251953,23300.0
2002-11-15,12.291342260991351,12.291342260991351,11.95666319362571,11.983654022216797,16000.0
2002-11-18,11.956673133069124,12.280556138238508,11.89189714979266,12.11861515045166,28200.0
2002-11-19,12.118612936116675,12.410106866789835,12.118612936116675,12.350728034973145,22200.0
2002-11-20,12.194187222462531,12.555856382011278,12.194187222462531,12.518070220947266,25800.0
2002-11-21,12.52346867315104,12.712399482727049,12.52346867315104,12.71239948272705,9900.0
2002-11-22,12.685410224467313,12.793371574386182,12.54506088141108,12.787973403930664,14700.0
2002-11-25,12.814963224902932,13.133448074565793,12.733992727272453,13.08486557006836,18700.0
2002-11-26,12.955311981468967,13.225214314416236,12.868943317293494,13.149641990661621,24100.0
2002-11-27,13.171235744749582,13.711040496826172,13.122653234695022,13.711040496826172,41400.0
2002-11-29,13.592285857717838,13.92156713527114,13.592285857717838,13.905372619628906,16300.0
2002-12-02,13.72723910260264,13.943160861887767,13.484326479909267,13.678656578063965,31100.0
2002-12-03,13.678655244509772,13.678655244509772,12.944520304916173,12.982306480407715,19000.0
2002-12-04,13.15504634815151,13.15504634815151,12.879745715510273,12.960716247558594,20700.0
2002-12-05,12.998496326592523,13.009292667024207,12.712399482727049,12.71239948272705,24300.0
2002-12-06,12.733992163590418,12.933719313598111,12.685409661243533,12.71239948272705,9200.0
2002-12-09,12.653020858764648,12.777175676986353,12.642224519024772,12.653020858764648,9500.0
2002-12-10,12.976905802046808,12.982302943135565,12.701605274710007,12.76638126373291,8200.0
2002-12-11,12.966104749638278,12.982298226212457,12.685406153604555,12.863541603088379,21100.0
2002-12-12,12.69080754558028,12.895932861183066,12.44249686922357,12.518070220947266,10000.0
2002-12-13,12.45329467821671,12.464091019678568,12.172595977783203,12.172595977783203,19400.0
2002-12-16,12.17798812889025,12.63142395019531,12.17798812889025,12.631423950195312,50100.0
2002-12-17,12.647627373693862,12.685413547184154,12.41551113128662,12.415511131286621,6600.0
2002-12-18,12.518070968518778,12.57744878391009,12.431702301044387,12.507274627685547,22300.0
2002-12-19,12.626032633061572,12.83655718335295,12.501877789040913,12.825760841369629,67700.0
2002-12-20,12.922918032957314,13.300780507149618,12.653015824422004,13.111849784851074,79000.0
2002-12-23,12.955313768633209,13.24141065167836,12.955313768633209,13.165837287902832,15900.0
2002-12-24,13.344854306171664,13.344854306171664,13.154988288879393,13.154988288879395,5200.0
2002-12-26,13.046488336438127,13.182106722616014,12.807800721739094,13.11158561706543,18300.0
2002-12-27,13.030214613260174,13.11701029644655,12.612509741246889,12.775251388549805,25700.0
2002-12-30,12.612512071948684,12.612512071948684,12.07546329498291,12.07546329498291,33500.0
2002-12-31,12.314154028727033,12.558266585302063,12.1785355968454,12.368400573730469,125800.0
2003-01-02,12.395530666471933,12.585396766662598,12.34128306146217,12.585396766662598,34200.0
2003-01-03,12.596242081335133,12.74271026516951,12.476898210073823,12.666764259338379,39700.0
2003-01-06,12.661336077445398,13.106164340157338,12.661336077445398,13.100739479064941,53900.0
2003-01-07,13.100740979465604,13.230934556534548,12.840353825327714,12.916299819946289,43500.0
2003-01-08,13.073616981506348,13.122439699538996,13.019369402060459,13.073616981506348,49200.0
2003-01-09,13.041065334358159,13.437070798659393,13.041065334358159,13.290602684020996,47700.0
2003-01-10,13.171265091643415,13.171265091643415,12.476898210073823,12.666764259338379,88600.0
2003-01-13,12.666760869647925,12.737281994092626,12.395524024622,12.455195426940918,28500.0
2003-01-14,12.422642970906056,12.699304580688477,12.108008381588299,12.699304580688477,63300.0
2003-01-15,12.693887974383811,12.748135566711424,12.493173227864432,12.748135566711426,109300.0
2003-01-16,12.693885888250984,13.057343352022045,12.639638304838503,12.927149772644043,38500.0
2003-01-17,12.9596954547691,13.100738731058964,12.780679187687042,12.965120315551758,62400.0
2003-01-21,12.862048901040275,13.057339733327927,12.856625075420112,12.937995910644531,83200.0
2003-01-22,12.965120158370777,13.013942870136388,12.802378475609665,12.83492660522461,15500.0
2003-01-23,12.748132797506026,12.834928512501357,12.33042777241191,12.628788948059082,35000.0
2003-01-24,12.455192786481284,12.623360339720637,12.373821957161143,12.406371116638184,8800.0
2003-01-27,12.3683913538756,12.531133971631128,12.314144849309507,12.422638893127441,14200.0
2003-01-28,12.314151576302637,12.617936513504993,12.314151576302637,12.509441375732422,16100.0
2003-01-29,12.482314938747185,12.634207886118293,12.368394969547342,12.498589515686035,10900.0
2003-01-30,12.4931736946878,12.552845117259787,12.0537691116333,12.0537691116333,9900.0
2003-01-31,12.379250296605766,12.39552488091871,12.048340991714891,12.368400573730469,9000.0
2003-02-03,12.232781690931077,12.395524424002023,12.140561119263486,12.227357864379883,8700.0
2003-02-04,12.151410202988878,12.178534507751465,11.93442093832034,12.178534507751465,13300.0
2003-02-05,11.874749604035802,12.097163750288086,11.874749604035802,11.999519348144531,18500.0
2003-02-06,12.097159548395986,12.097159548395986,11.79879951477051,11.798799514770508,14300.0
2003-02-07,11.912720458710885,11.966968028832854,11.21293001166514,11.26717758178711,57700.0
2003-02-10,11.207504837481517,11.478741645812988,11.207504837481517,11.478741645812988,30400.0
2003-02-11,11.370246826863875,11.500441409031136,11.256327860825447,11.26717758178711,37600.0
2003-02-12,11.212929016031634,11.391945257258243,11.12070846541876,11.28345012664795,30500.0
2003-02-13,11.147832472877516,11.451618444935905,11.142408647203542,11.359397888183594,7400.0
2003-02-14,11.305148330962531,11.641481336657122,11.256325630992972,11.59808349609375,4900.0
2003-02-18,11.603508528864658,11.603508528864658,11.429917164017596,11.462465286254883,11200.0
2003-02-19,11.646907469100306,11.646907469100306,11.180380890723045,11.28345012664795,14100.0
2003-02-20,11.299730508751596,11.413650557855894,11.126139038389598,11.370251655578613,8600.0
2003-02-21,11.272603140525776,11.54383997325048,11.272603140525776,11.41907024383545,19700.0
2003-02-24,11.283452134082438,11.386522423030785,11.283452134082438,11.310576438903809,24000.0
2003-02-25,11.348547983089563,11.5546875,11.31057499587077,11.5546875,16800.0
2003-02-26,11.446199554473857,11.603516448227477,11.391951957263801,11.429924964904785,27300.0
2003-02-27,11.326849049143476,11.619785308837892,11.310575502284685,11.61978530883789,54500.0
2003-02-28,11.53841209411621,11.663180756206772,11.53841209411621,11.538412094116211,32600.0
2003-03-03,11.717428856356314,11.717428856356314,11.467890485970761,11.500439643859863,23800.0
2003-03-04,11.500442455181474,11.581813300423246,11.500442455181474,11.516716003417969,31500.0
2003-03-05,11.516714512781206,11.581811801360782,11.419069097254994,11.5546875,25700.0
2003-03-06,11.46246682391482,11.549263552668057,11.397370570707755,11.408220291137695,27500.0
2003-03-07,11.397371835254402,11.478742678134532,11.39194697443754,11.41907024383545,44200.0
2003-03-10,11.391948001370396,11.440770718436903,11.14783441603786,11.15325927734375,12200.0
2003-03-11,11.250907079408341,11.299729806750365,11.126138347172821,11.23463249206543,9400.0
2003-03-12,11.174962469005802,11.44619941711426,11.174962469005802,11.446199417114258,20400.0
2003-03-13,11.500441528941728,12.17853357582069,11.446193958254142,12.07546329498291,45800.0
2003-03-14,12.151409737650054,12.151409737650054,11.52756523761075,11.847624778747559,26000.0
2003-03-17,11.695733839996533,11.934422581335483,11.636062430676725,11.874750137329102,62700.0
2003-03-18,11.663181649266072,11.928993571993976,11.663181649266072,11.863897323608398,9500.0
2003-03-19,11.874745479398195,11.880170338969624,11.527562744316015,11.798799514770508,18300.0
2003-03-20,11.500439764833045,11.863897087595126,11.500439764833045,11.587235450744629,42300.0
2003-03-21,11.690309347971146,11.766256379477221,11.50586818310677,11.663186073303223,50500.0
2003-03-24,11.646914179289885,11.657763905539065,11.44619941711426,11.446199417114258,9300.0
2003-03-25,11.446191427893302,11.625207647307539,11.332271451164537,11.451616287231445,12600.0
2003-03-26,11.467996025021888,11.467996025021888,11.102286452056678,11.118661880493164,18700.0
2003-03-27,11.118658901832756,11.238742221570021,11.053158246732142,11.102283477783203,11600.0
2003-03-28,11.151410731427848,11.178702068696156,10.862117767333984,10.862117767333984,32600.0
2003-03-31,10.873035857189866,11.096828177736061,10.873035857189866,10.922161102294922,24800.0
2003-04-01,11.184160814942064,11.184160814942064,10.86757650592093,10.965826988220215,8900.0
2003-04-02,11.058614816619698,11.282407034595087,10.927614570080257,10.933073043823242,51700.0
2003-04-03,11.135034162202828,11.135034162202828,10.87303360335045,10.91670036315918,43500.0
2003-04-04,10.878493194353638,11.031326348812616,10.862117767333984,10.862117767333984,20000.0
2003-04-07,10.971281318926737,11.042239395390737,10.927614570080257,10.933073043823242,21800.0
2003-04-08,11.025861543107267,11.298778897727773,10.993110710962904,11.233278274536133,44700.0
2003-04-09,11.244202872650472,11.271494210251234,11.069535813370882,11.091368675231934,34500.0
2003-04-10,11.1241188862593,11.162328217803264,11.014952490855759,11.069536209106445,19600.0
2003-04-11,11.21691513849971,11.21691513849971,10.752955960590059,10.88941478729248,44600.0
2003-04-14,10.976741194444221,11.05861622884997,10.80207417675261,10.982199668884277,22200.0
2003-04-15,10.922163065524474,10.971288319459664,10.671078318622607,10.780245780944824,51900.0
2003-04-16,10.998578484672741,10.998578484672741,10.57828515324461,10.64924430847168,60500.0
2003-04-17,10.780245780944824,10.780245780944824,10.627411541913336,10.780245780944824,38000.0
2003-04-21,10.780242714431278,10.867576243007203,10.687450710182135,10.862117767333984,32500.0
2003-04-22,10.73657604674529,11.102285591359102,10.73657604674529,11.020410537719727,103900.0
2003-04-23,11.058619597764517,11.09136941328426,10.943993681798618,10.960369110107422,9800.0
2003-04-24,10.927614570080257,10.976739792669724,10.731113679722387,10.933073043823242,7600.0
2003-04-25,10.938529310424002,10.938529310424002,10.731111514432273,10.802070617675781,33300.0
2003-04-28,10.916697797551695,10.916697797551695,10.687447102159213,10.807530403137207,46000.0
2003-04-29,10.834825756514949,10.943992139899596,10.6710746197914,10.823908805847168,83200.0
2003-04-30,10.703826650254024,11.178702604509986,10.698368174319173,11.069536209106445,118800.0
2003-05-01,11.18416278336501,11.18962126013098,10.998578737714023,11.151412963867188,75400.0
2003-05-02,11.18961756199043,11.457076588540435,11.102284044794414,11.407951354980469,25200.0
2003-05-05,11.407953449110048,11.517120886193487,11.407953449110048,11.467995643615723,31400.0
2003-05-06,11.462534590935812,11.582617911855241,11.462534590935812,11.571702003479004,85300.0
2003-05-07,11.571703399367188,11.59353625985095,11.40795226079919,11.478911399841309,22600.0
2003-05-08,11.473448272611897,11.511656543790485,11.435240001433307,11.451614379882812,13400.0
2003-05-09,11.435244432955798,11.713619385449647,11.435244432955798,11.702703475952148,9800.0
2003-05-12,11.702704904576628,11.708163380540583,11.331536867810344,11.467995643615723,118800.0
2003-05-13,11.462533464587505,11.653575897216797,11.435242134682248,11.653575897216797,15600.0
2003-05-14,11.735450839995604,11.735450839995604,11.566242305437848,11.609909057617188,13500.0
2003-05-15,11.549870543472258,11.735454559326174,11.549870543472258,11.735454559326172,20800.0
2003-05-16,11.54986822668674,11.773660487779347,11.54440975189209,11.54440975189209,16300.0
2003-05-19,11.549870174521526,11.702704371253716,11.489827982752132,11.517120361328125,25000.0
2003-05-20,11.604450407374694,11.67540848817786,11.495283008034075,11.522575378417969,8900.0
2003-05-21,11.598994132002298,11.598994132002298,11.46799385261964,11.484369277954102,12700.0
2003-05-22,11.473453105958955,11.89920378255623,11.473453105958955,11.779120445251465,36200.0
2003-05-23,11.653580180201343,11.899205362914595,11.653580180201343,11.888289451599121,9500.0
2003-05-27,11.921032424397325,11.921032424397325,11.800949140078608,11.899198532104492,36100.0
2003-05-28,11.899204705025827,11.926497084550268,11.68087087431943,11.806412696838379,12500.0
2003-05-29,11.860997070565725,11.981081464916896,11.713621336279045,11.888289451599121,26600.0
2003-05-30,11.975622326596437,11.981080802501324,11.702704777938983,11.806412696838379,27100.0
2003-06-02,11.981082693484165,12.008374036218191,11.675414241153511,11.948331832885742,19200.0
2003-06-03,11.768198301639359,11.910115478250908,11.768198301639359,11.899198532104492,21600.0
2003-06-04,11.817327933065872,12.412288186053505,11.817327933065872,12.292204856872559,26800.0
2003-06-05,12.215790748596193,12.221249225273562,12.008373840346051,12.215790748596191,24100.0
2003-06-06,12.319499992857336,12.319499992857336,12.106624603271484,12.106624603271484,7900.0
2003-06-09,12.335875653282192,12.49962579584824,11.87191552788103,11.910123825073242,6800.0
2003-06-10,12.177580191011446,12.177580191011446,11.790037788784621,11.855537414550781,23300.0
2003-06-11,11.790037375625637,12.112080140800938,11.735453662001431,12.062954902648926,12200.0
2003-06-12,11.735456509871948,12.106624603271484,11.735456509871948,12.106624603271484,17500.0
2003-06-13,12.139368146152455,12.445035401039371,11.997450946109163,12.183034896850586,134000.0
2003-06-16,12.172126346716402,12.390461291938543,12.144834999112723,12.308585166931152,47000.0
2003-06-17,12.65791468470744,12.65791468470744,12.281288221086758,12.466872215270996,30200.0
2003-06-18,12.368616725230199,12.510533900921567,12.308574562911506,12.335866928100586,10900.0
2003-06-19,12.466877898107386,12.499627723451438,12.308585166931152,12.308585166931152,15600.0
2003-06-20,12.499619067901486,12.554202766409714,12.314035117631981,12.423202514648438,35000.0
2003-06-23,12.417747334073402,12.548747620578052,12.308579908103994,12.472331047058105,39300.0
2003-06-24,12.499624110880442,12.636082891656642,12.42320752679709,12.625165939331055,58900.0
2003-06-25,12.625166398238742,12.866691613794886,12.625166398238742,12.696525573730469,28500.0
2003-06-26,12.811794866839538,12.811794866839538,12.652607539648367,12.74592399597168,16600.0
2003-06-27,12.68554914068113,12.844735491691091,12.559296669280027,12.575764656066895,19300.0
2003-06-30,12.762394564242268,12.762394564242268,12.367172399811578,12.383639335632324,22000.0
2003-07-01,12.680059290253977,12.680059290253977,12.213476820306465,12.487936973571777,59200.0
2003-07-02,12.61967956564293,12.888650429510356,12.564787317571861,12.81180191040039,25800.0
2003-07-03,12.78984375312684,13.300339846819378,12.78984375312684,13.157620429992676,102000.0
2003-07-07,13.14663797262737,13.701046401152558,13.14663797262737,13.613219261169434,47300.0
2003-07-08,13.65164817869722,13.65164817869722,13.448547209152068,13.585777282714844,23400.0
2003-07-09,13.607736487206074,13.72300926245912,13.366211231031688,13.421103477478027,37000.0
2003-07-10,13.448544563800302,13.448544563800302,13.207019388683166,13.294846534729004,31700.0
2003-07-11,13.421099990687997,13.695560104632683,13.300336870483699,13.62968921661377,37700.0
2003-07-14,13.723008915382984,13.772411831236962,13.613224425266923,13.695563316345215,30000.0
2003-07-15,13.596751596983788,13.602240923810855,13.272888643061002,13.503435134887695,46300.0
2003-07-16,13.497950437837986,13.74496499487152,13.44854752643128,13.646159172058105,69000.0
2003-07-17,13.492453308483501,13.717510420560952,13.492453308483501,13.60772705078125,69200.0
2003-07-18,13.662621291841983,13.723002839369459,13.503435003335952,13.635175704956055,44000.0
2003-07-21,13.618712207214845,13.717518027697224,13.580287954134448,13.585777282714844,39800.0
2003-07-22,13.684572413447242,13.706528663635252,13.591255994439695,13.706528663635254,12200.0
2003-07-23,13.701048248686536,13.777897791771208,13.591264832394804,13.766919136047363,59900.0
2003-07-24,13.777896252153512,13.82180982315951,13.591263313632497,13.668111801147461,47700.0
2003-07-25,13.67360708408712,14.217038154602053,13.443060474142975,14.21703815460205,336000.0
2003-07-28,14.233512657055808,14.859281864561684,13.909649388999913,14.562865257263184,84400.0
2003-07-29,14.052353802513348,14.628719449063263,14.041375149993062,14.496978759765625,73600.0
2003-07-30,14.491495025342937,14.68361733065451,14.480516368586313,14.639703750610352,37900.0
2003-07-31,14.562859270347666,14.705578706663788,14.562859270347666,14.678132057189941,19600.0
2003-08-01,14.683610375718276,14.776926819985292,14.337791227541592,14.601272583007812,39700.0
2003-08-04,14.683618904620067,14.683618904620067,14.321331568675886,14.573834419250488,33500.0
2003-08-05,14.573826005301154,14.573826005301154,14.299365997314451,14.299365997314453,17700.0
2003-08-06,14.299368674870468,14.34877156931731,14.074311509937978,14.277412414550781,20200.0
2003-08-07,14.167630442404576,14.32681780715334,13.80534318461068,13.887681007385254,14800.0
2003-08-08,13.893169789854971,14.321327917252466,13.893169789854971,14.282903671264648,20700.0
2003-08-11,14.27741513172447,14.820846027079517,14.27741513172447,14.73301887512207,34900.0
2003-08-12,14.820842209094037,15.210574964633684,14.776928644427851,15.199597358703613,40200.0
2003-08-13,15.067857531989025,15.331338935151742,14.798885755072304,14.87573528289795,14000.0
2003-08-14,14.952588300234934,15.089818370222755,14.886718452950895,14.985523223876953,67500.0
2003-08-15,14.99101021788604,15.232535396608904,14.925140380859375,14.925140380859375,12200.0
2003-08-18,14.930625085873709,15.133724908638133,14.930625085873709,15.095300674438477,69600.0
2003-08-19,15.122746256871986,15.150192886287352,14.936113364774924,15.095300674438477,17400.0
2003-08-20,15.051387114355748,15.095300674438477,15.045897788472676,15.095300674438477,12800.0
2003-08-21,15.095304780345197,15.1501970071247,15.067859190446518,15.144707679748535,10500.0
2003-08-22,15.067854804342891,15.139213945496802,14.409150368695505,14.601272583007812,20400.0
2003-08-25,14.700082647029694,14.722038909574508,14.546384621287425,14.667146682739258,25100.0
2003-08-26,14.62323042564808,14.683611968778214,14.167626806440033,14.546381950378418,39300.0
2003-08-27,14.540896129935545,14.81535623290975,14.540896129935545,14.809866905212402,28100.0
2003-08-28,14.809869309521874,14.848293562659098,14.612258715247236,14.738510131835938,20300.0
2003-08-29,14.639707255599804,14.75498003819557,14.5409014150991,14.579325675964355,11700.0
2003-09-02,14.540893678681563,14.87573528289795,14.540893678681563,14.87573528289795,35300.0
2003-09-03,14.73851166161881,15.023950495954406,14.73851166161881,15.001993179321289,38800.0
2003-09-04,14.95258340388974,15.111770735499949,14.656167094210804,14.974540710449219,22000.0
2003-09-05,14.914159007805603,15.089813270509184,14.332304000854492,14.332304000854492,21600.0
2003-09-08,14.326814428997023,14.903180099498513,14.326814428997023,14.897690773010254,36000.0
2003-09-09,14.89769951881356,14.958081098649878,14.754980087280275,14.754980087280273,31600.0
2003-09-10,14.711056288037776,14.897689180763578,14.58480493324734,14.65616512298584,46200.0
2003-09-11,14.5518732215908,14.903181780611977,14.5518732215908,14.864757537841797,17200.0
2003-09-12,14.787907429574343,15.034920840412207,14.694590972951511,14.908669471740723,16200.0
2003-09-15,14.903179566588024,15.012963998463556,14.815352439880373,14.815352439880371,10900.0
2003-09-16,14.980032111571214,15.303894052316918,14.87573698493458,15.161175727844238,16200.0
2003-09-17,15.139217081100568,15.26546845920433,15.139217081100568,15.254490852355957,31100.0
2003-09-18,15.13921579184292,15.259977832747357,15.029431356852003,15.194108009338379,20400.0
2003-09-19,15.12823424259879,15.314867118162711,15.106277987993382,15.183126449584961,37600.0
2003-09-22,15.040412037866856,15.117261571516034,14.809865530883537,15.062369346618652,15500.0
2003-09-23,15.111778902296729,15.133735173739943,14.958080814263962,15.051397323608398,21800.0
2003-09-24,14.919019989274295,15.161695662030073,14.698406219482422,14.698406219482422,22600.0
2003-09-25,14.698408376503107,14.731500183835818,14.229603389416413,14.235118865966797,20600.0
2003-09-26,14.213056682660614,14.350940427617813,13.788374495719768,14.240633010864258,20000.0
2003-09-29,14.240636876591452,14.339913368225098,14.069661280983382,14.339913368225098,25000.0
2003-09-30,14.295788951043333,14.339911714239129,14.102751467573107,14.135843276977539,28600.0
2003-10-01,14.290272205851965,14.74804622786843,14.290272205851965,14.643254280090332,32900.0
2003-10-02,14.665321948709726,14.858359490904895,14.665321948709726,14.742536544799805,15400.0
2003-10-03,14.764591159663663,14.957628606423517,14.731498304582919,14.924535751342773,26600.0
2003-10-06,14.863873817222105,15.222371480953626,14.836296426492055,15.216856002807617,10400.0
2003-10-07,15.216849070362075,15.272002774725529,15.012780679808122,15.249940872192383,17000.0
2003-10-08,15.233395497261935,15.260971823458956,15.012780679808122,15.249940872192383,13600.0
2003-10-09,15.194784403003048,15.944872121134301,15.101023438236641,15.696681022644043,29600.0
2003-10-10,15.713236087375487,15.900758120028264,15.575352301717258,15.795966148376465,52200.0
2003-10-13,15.580864782169318,16.21512986379291,15.448496499636798,15.95590877532959,54900.0
2003-10-14,15.889727444098622,16.01106585087208,15.597414486623986,15.977972984313965,60600.0
2003-10-15,15.983485685154061,16.04415487800032,15.71874911050252,15.818025588989258,7600.0
2003-10-16,15.76287503991792,16.187557371226845,15.702205834882404,16.09931182861328,61400.0
2003-10-17,16.066206556988377,16.386096664978815,15.944869292567533,16.07172203063965,20800.0
2003-10-20,16.071737722812223,16.30889806153101,16.000038599277968,16.2923526763916,16700.0
2003-10-21,16.226152378070054,16.37506701295995,16.033115005283417,16.270275115966797,25400.0
2003-10-22,16.137922625771076,16.137922625771076,15.542264557819207,15.54778003692627,32600.0
2003-10-23,15.509170366891247,15.691176941751571,15.376800992474724,15.569838523864746,23200.0
2003-10-24,15.476074357297534,15.680142803812961,15.354737015999257,15.387828826904297,13100.0
2003-10-27,15.431954972583833,16.00003661940624,15.431954972583833,15.994521141052246,22300.0
2003-10-28,15.994516615853758,16.23167685812811,15.520196131305054,16.220645904541016,56700.0
2003-10-29,16.14343546906045,16.60120964050293,16.121373556234353,16.60120964050293,31600.0
2003-10-30,16.51296543947568,16.601210994035107,16.17652860523661,16.35301971435547,23300.0
2003-10-31,16.413681761543053,16.54605003559144,16.11585235595703,16.11585235595703,15900.0
2003-11-03,16.39713442301288,16.76666289538346,16.34749619150269,16.6618709564209,38000.0
2003-11-04,16.606722313226502,16.739090611911525,16.297861897658386,16.52950668334961,19300.0
2003-11-05,16.52950460959331,16.5625974690901,16.22616076132655,16.43022918701172,28300.0
2003-11-06,16.16548776415022,16.479862491551945,16.066211312977185,16.474348068237305,45200.0
2003-11-07,16.485373086763612,16.57361856124587,16.07172203063965,16.07172203063965,21400.0
2003-11-10,16.055185858483686,16.490898006830967,15.249944127608357,15.272006034851074,98800.0
2003-11-11,15.382308583652744,15.602923393249513,15.283032129728072,15.602923393249512,44700.0
2003-11-12,15.85663746225211,16.606725692749023,15.851121983854933,16.606725692749023,42700.0
2003-11-13,16.479870470679707,16.667392513251144,16.408171361211735,16.612239837646484,36000.0
2003-11-14,16.612237734665914,16.700483266825994,15.928333282470703,15.928333282470703,22700.0
2003-11-17,15.86214636191985,15.950391875735495,15.58086339214392,15.71874713897705,22500.0
2003-11-18,15.834570790090728,15.966940127903714,15.112060168707101,15.117575645446777,24800.0
2003-11-19,15.117579500119218,15.591900100977167,15.101033065681188,15.216856002807617,14900.0
2003-11-20,15.145151862304125,15.459527722263493,15.029330007558267,15.2333984375,15900.0
2003-11-21,15.288558133024772,15.569841262182697,15.17825170423761,15.442988395690918,18200.0
2003-11-24,15.514677895661992,16.11033560783884,15.514677895661992,16.07724380493164,21400.0
2003-11-25,15.79595489460004,16.46331248875343,15.79595489460004,16.270275115966797,24500.0
2003-11-26,16.29234789490152,16.29234789490152,16.022094761277874,16.2647705078125,9200.0
2003-11-28,16.259256743407214,16.297864037429605,16.03864288330078,16.03864288330078,6100.0
2003-12-01,16.30337794184951,16.535022735595703,16.15446425813177,16.535022735595703,18600.0
2003-12-02,16.48537836575506,16.540532067960193,16.28131103515625,16.28131103515625,25900.0
2003-12-03,16.391626179731666,16.529509983217878,15.944882950987925,16.165496826171875,17900.0
2003-12-04,16.17101424152893,16.325444498640483,15.911793038634238,16.2923526763916,19400.0
2003-12-05,16.176524034560217,16.297861374803073,16.0662165965433,16.121370315551758,17300.0
2003-12-08,16.066212126587157,16.375072446315254,15.591892799807221,15.900752067565918,43300.0
2003-12-09,15.80148227901221,16.601208689665384,15.663598487656136,15.972457885742188,41600.0
2003-12-10,16.237194206840257,16.601207301422846,16.016580369512894,16.5074462890625,19600.0
2003-12-11,16.49641086731457,16.893515666976004,16.35301164888891,16.876970291137695,30900.0
2003-12-12,16.849392677158832,17.263043898876017,16.766662643209287,17.169282913208008,38800.0
2003-12-15,17.34577457797962,17.417473658529122,16.96521516837373,17.03139877319336,28500.0
2003-12-16,16.832847301550597,17.169282913208008,16.060698564739077,17.169282913208008,52700.0
2003-12-17,16.910060706758888,16.981760836071107,16.364041257554664,16.71150779724121,39700.0
2003-12-18,16.661876384831665,16.711514632513907,16.44126253511603,16.650846481323242,38000.0
2003-12-19,16.628790348493094,16.628790348493094,16.165500577122703,16.40817642211914,44500.0
2003-12-22,16.126886227637666,16.546053030650512,16.110339795897914,16.215131759643555,26400.0
2003-12-23,16.28714942932129,16.553061822921507,16.120954447481633,16.28714942932129,24100.0
2003-12-24,16.13203632646764,16.342550065782337,16.120956377913696,16.20405387878418,8000.0
2003-12-26,16.231750360569112,16.314848906138053,16.159732818603516,16.159732818603516,13800.0
2003-12-29,16.508739604466665,16.508739604466665,15.93259620666504,15.932596206665039,107400.0
2003-12-30,15.888279756591588,16.01015599786218,15.694384919892398,15.899359703063965,75200.0
2003-12-31,15.910439451519599,16.120954219288027,15.677765846252443,15.677765846252441,40800.0
2004-01-02,15.87720066695055,16.065555540578337,15.677765846252443,15.677765846252441,13200.0
2004-01-05,15.683307712926133,16.0655574798584,15.650068924344819,16.0655574798584,12300.0
2004-01-06,16.065554053329897,16.065554053329897,15.794101715087892,15.79410171508789,14200.0
2004-01-07,16.00461882025762,16.0655574798584,15.727626449915235,16.0655574798584,24900.0
2004-01-08,15.893822506105888,16.20405366502959,15.882742557698105,16.0655574798584,18800.0
2004-01-09,16.342544657722776,16.342544657722776,15.810719982828967,15.932596206665039,52900.0
2004-01-12,15.954765052990636,15.988004908514071,15.744251251220705,15.744251251220703,32700.0
2004-01-13,15.888281483170545,15.976918951298087,15.317676857537768,15.838422775268555,45100.0
2004-01-14,15.97137740195294,15.976917375244664,15.627906454359152,15.733163833618164,59400.0
2004-01-15,15.672226240692938,15.954757482077772,15.467251455466638,15.733163833618164,84800.0
2004-01-16,15.733166424119126,16.0655574798584,15.661148872752603,16.0655574798584,137400.0
2004-01-20,15.73869943686141,16.060010402072262,15.73869943686141,15.93813419342041,78000.0
2004-01-21,15.982453701581834,16.06001119668478,15.234574384123796,16.032312393188477,42600.0
2004-01-22,16.032316979510387,16.043395870093242,15.583588626684074,15.971378326416016,36200.0
2004-01-23,15.910441689819839,16.043397903442383,15.727626764008585,16.043397903442383,29600.0
2004-01-26,16.065556849040107,17.01287021122638,16.04339695309465,16.979631423950195,198000.0
2004-01-27,17.1181233863355,17.2898583110349,17.046105855539537,17.251079559326172,120200.0
2004-01-28,17.866009666073705,17.877089615584765,17.06827126419387,17.17352867126465,49700.0
2004-01-29,17.45052106918827,17.45052106918827,16.824518714803425,17.17352867126465,50500.0
2004-01-30,17.45051019878908,17.45051019878908,16.929764519219567,17.112579345703125,57000.0
2004-02-02,17.179068395002865,17.38404217475171,17.001793431984797,17.11812973022461,35000.0
2004-02-03,16.896533791113363,17.406199770684758,16.896533791113363,17.223384857177734,18500.0
2004-02-04,17.10705008105213,17.356343662571962,16.813438814642268,17.090431213378906,43900.0
2004-02-05,17.228917955232454,17.328635333102266,16.957465680276613,17.079341888427734,25000.0
2004-02-06,17.312019640066204,17.505914471363308,17.035027325825144,17.284320831298828,43700.0
2004-02-09,17.367423307370096,17.367423307370096,16.9519347165557,17.11812973022461,29900.0
2004-02-10,17.007330805982022,17.328641891479492,16.99071088449972,17.328641891479492,29800.0
2004-02-11,17.0627199243327,17.439429503653535,17.0627199243327,17.256614685058594,35500.0
2004-02-12,17.162451484869752,17.31202765742405,17.029495239257812,17.029495239257812,20300.0
2004-02-13,17.029493932954427,17.184610069257484,16.458889164744615,16.830059051513672,26000.0
2004-02-17,16.774657669664716,17.151366390959485,16.774657669664716,16.979631423950195,27700.0
2004-02-18,17.007334817602683,17.14583102603058,16.769121170043945,16.769121170043945,21600.0
2004-02-19,16.951931545785907,17.134746449283988,16.558601870597958,17.068267822265625,35000.0
2004-02-20,17.04056679540436,17.06826560335331,16.61953836340118,16.69709587097168,35800.0
2004-02-23,16.902069354512506,17.140282888633116,16.453342148751418,16.481040954589844,27200.0
2004-02-24,16.807896936185845,16.807896936185845,16.536444542966056,16.62508201599121,16100.0
2004-02-25,16.663855731499904,16.807891845703125,16.636156925809235,16.807891845703125,9800.0
2004-02-26,16.508747779032092,17.22338872850824,16.508747779032092,17.140291213989258,18000.0
2004-02-27,16.89099668412098,17.16798908836693,16.758040456879986,16.83559799194336,15100.0
2004-03-01,17.17353724290777,17.17353724290777,16.741428506081956,16.879924774169922,7900.0
2004-03-02,16.70818216837938,17.339724528142415,16.636164606349745,16.64724349975586,17900.0
2004-03-03,17.17352343812439,17.17352343812439,16.564140137056132,16.65831756591797,12100.0
2004-03-04,16.758040508956814,16.758040508956814,16.564145614053672,16.752500534057617,10200.0
2004-03-05,16.758035084107846,17.16798358416173,16.53644144308437,17.12366485595703,8900.0
2004-03-08,17.023944625365587,17.023944625365587,16.63615608215332,16.63615608215332,26900.0
2004-03-09,16.818973416985326,16.835592279350042,16.342546305216352,16.353626251220703,31400.0
2004-03-10,16.719256744761264,16.719256744761264,16.359166937063655,16.45888328552246,36700.0
2004-03-11,16.359167837862437,16.691557797644837,16.342547917216553,16.38132667541504,25300.0
2004-03-12,16.453346397665673,16.780197462845354,16.342549032416226,16.758037567138672,23100.0
2004-03-15,16.758035339776875,16.758035339776875,16.331466913897604,16.46996307373047,14100.0
2004-03-16,16.586301837489113,16.61954062287512,16.253910813703225,16.503204345703125,54700.0
2004-03-17,16.497661126647532,16.619537353515625,16.497661126647532,16.619537353515625,23900.0
2004-03-18,16.619545145059654,16.619545145059654,16.23729531086346,16.60846519470215,15400.0
2004-03-19,16.619540326425074,16.619540326425074,16.35916790836884,16.530902862548828,23200.0
2004-03-22,16.397947085398474,16.602920829604862,15.954758698060063,16.259450912475586,18700.0
2004-03-23,16.337011711393632,16.436729144982465,16.065559284758564,16.231754302978516,13600.0
2004-03-24,16.059196092575238,16.537909701874014,16.059196092575238,16.14269256591797,11300.0
2004-03-25,16.34864552558029,16.576869631108018,16.114854848976904,16.393177032470703,13500.0
2004-03-26,16.588003331541465,16.588003331541465,16.142688219147526,16.487808227539062,116300.0
2004-03-29,16.615833914115104,16.88858951581714,16.421008180980838,16.838491439819336,79300.0
2004-03-30,16.860754851625916,17.0611460597729,16.654796011855392,16.966516494750977,17700.0
2004-03-31,16.92199675339305,16.949829622273825,16.671507303758425,16.871898651123047,22200.0
2004-04-01,16.96651496649028,17.133508863571194,16.671494219895404,16.89415168762207,10300.0
2004-04-02,16.9776515483828,17.139078908793792,16.738294323891893,17.100112915039062,20600.0
2004-04-05,17.228142554159135,17.228142554159135,16.626966716180842,16.921987533569336,22100.0
2004-04-06,16.960955932579285,17.31720910093441,16.62697011346171,16.72716522216797,7600.0
2004-04-07,16.777262971393245,16.938690367553647,16.61583663694785,16.677066802978516,16400.0
2004-04-08,16.738296271745057,16.97765352409022,16.576869954263483,16.710464477539062,16800.0
2004-04-12,16.710461755114185,16.710461755114185,16.343076610531053,16.454404830932617,18600.0
2004-04-13,16.549029105027042,16.626960002249376,15.94228694130671,16.009084701538086,25900.0
2004-04-14,15.93116330428595,16.28184881153364,14.611915600094292,15.574910163879395,50200.0
2004-04-15,15.02939537730538,15.697368929871496,14.545114392437743,15.608305931091309,32000.0
2004-04-16,15.658403358721554,15.825397282197695,15.45244556666345,15.519242286682129,19900.0
2004-04-19,15.725207370537094,15.725207370537094,15.285457699047479,15.591612815856934,17000.0
2004-04-20,15.279895813486636,15.66954642498783,14.890244140270047,14.98487377166748,21200.0
2004-04-21,14.979298388061142,15.485844628297817,14.901368523936968,15.224222183227539,41900.0
2004-04-22,15.496972723990128,15.669532107676554,15.135154250435583,15.580469131469727,14500.0
2004-04-23,14.867973328524032,15.469150377167695,14.862407818116655,15.291023254394531,15900.0
2004-04-26,14.890242158124979,15.535949770512058,14.890242158124979,15.257627487182617,8600.0
2004-04-27,15.496972723990128,15.580469131469727,15.240915871109676,15.580469131469727,15900.0
2004-04-28,15.31328601831911,15.580475048408983,15.007130992340656,15.062795639038086,23000.0
2004-04-29,15.22421973105715,15.474708994701935,14.86240119798273,15.00712776184082,14500.0
2004-04-30,14.823438722478418,15.268754843987479,14.678712124331438,14.84013843536377,17700.0
2004-05-03,15.246491780596536,15.246491780596536,14.595217704509675,15.018267631530762,10700.0
2004-05-04,15.151856660859897,15.263185939646267,14.806737807708593,14.918066024780273,12900.0
2004-05-05,15.085065878818623,15.218660428901893,14.867973805932591,14.951471328735352,6100.0
2004-05-06,14.851272217134722,14.862405359537947,14.639746758333041,14.795607566833496,55100.0
2004-05-07,14.706548431622641,14.929206029864831,14.250100089797362,14.383694648742676,100300.0
2004-05-10,14.33915803187331,14.55624898027451,14.250095024236163,14.33359146118164,38500.0
2004-05-11,14.333591283474634,14.717676162719727,14.333591283474634,14.717676162719727,12200.0
2004-05-12,14.333590983513943,14.940333366394045,14.20556304701643,14.940333366394043,34300.0
2004-05-13,14.500582216652079,14.951464821373905,14.500582216652079,14.834568977355957,16800.0
2004-05-14,14.600784105501532,15.029400599636103,14.584085450999577,14.862407684326172,12800.0
2004-05-17,14.834572740664687,15.00156669423781,14.444922305757222,14.823439598083496,15300.0
2004-05-18,14.673145237655097,15.029397277825172,14.623047161791828,14.929201126098633,12500.0
2004-05-19,15.029406210697905,15.263197016444046,14.517293067716617,14.539559364318848,11700.0
2004-05-20,14.834572793103314,14.834572793103314,14.417089500267114,14.561817169189453,23400.0
2004-05-21,14.634181841753156,14.8902377571121,14.394824578960701,14.879104614257812,11500.0
2004-05-24,14.879106513236264,15.112897234439625,14.879106513236264,15.018267631530762,12400.0
2004-05-25,15.007135464689501,15.124031363762299,14.778911300759198,15.023835182189941,23800.0
2004-05-26,14.795611018259638,15.124031363762299,14.717681126687868,15.023835182189941,12900.0
2004-05-27,14.801176626740167,15.018267631530763,14.801176626740167,15.018267631530762,8500.0
2004-05-28,14.806737576050578,15.034961638448747,14.762206077575684,14.762206077575684,11100.0
2004-06-01,14.572950617769521,15.029398857645857,14.572950617769521,14.879104614257812,22900.0
2004-06-02,14.5952168266449,15.034966443628946,14.5952168266449,15.029399871826172,13000.0
2004-06-03,14.795602881100427,14.957030209678834,14.767771095621523,14.812302589416504,8200.0
2004-06-04,15.04610147219053,15.480283510050551,14.862408826546258,15.023835182189941,22000.0
2004-06-07,14.996002166173088,15.296589624816304,14.951470651495757,15.129596710205078,18400.0
2004-06-08,14.968161555128487,15.107322599149287,14.901364848558629,14.962594985961914,14200.0
2004-06-09,14.840139074731498,15.279888644224801,14.717677693440717,14.795607566833496,7400.0
2004-06-10,14.706534066052205,15.062785875247418,14.706534066052205,15.040520668029785,25900.0
2004-06-14,14.962606477140111,15.096202116309373,14.712117042557228,14.973739624023438,36200.0
2004-06-15,15.135164508762594,15.135164508762594,14.723247699188017,15.023835182189941,31200.0
2004-06-16,15.001569953904498,15.252059346120248,14.734379782473166,15.023835182189941,55300.0
2004-06-17,15.201957075497702,15.201957075497702,14.795606950150797,14.979299545288086,53600.0
2004-06-18,15.04053301543172,15.207525922654895,14.906938477310177,15.029399871826172,63000.0
2004-06-21,14.934766413863992,15.34111649498696,14.934766413863992,15.14629077911377,103400.0
2004-06-22,15.140730491455564,15.625010601236632,14.918071846983931,15.508115768432617,115300.0
2004-06-23,15.58084733209079,15.87735828194031,15.345875806828028,15.63679313659668,35500.0
2004-06-24,15.944482502642748,15.944482502642748,15.496918508346628,15.692727088928223,31300.0
2004-06-25,15.888539684740056,15.888539684740056,15.52489373851456,15.743081092834473,115800.0
2004-06-28,15.771059826595991,15.910923781259118,15.687141667213572,15.888545036315918,30600.0
2004-06-29,15.944486851809431,16.34729455654952,15.664759012304003,16.285755157470703,110300.0
2004-06-30,16.224215644896628,16.364079572869873,15.793434490640527,16.196243286132812,22900.0
2004-07-01,15.815818837816982,16.33051831789594,15.815818837816982,15.916521072387695,23500.0
2004-07-02,15.86056658352614,16.224212512635347,15.86056658352614,15.94448471069336,8600.0
2004-07-06,16.252191251275914,16.252191251275914,15.715114172733514,15.860572814941406,20600.0
2004-07-07,15.709520773170173,15.961276341280827,15.670359033036823,15.703926086425781,24700.0
2004-07-08,15.675950914760506,15.944489427975245,15.608815752918222,15.664761543273926,39400.0
2004-07-09,15.882950536381733,15.882950536381733,15.664763106012721,15.681547164916992,29300.0
2004-07-12,15.88294328366348,15.88294328366348,15.636783601269942,15.854970932006836,19200.0
2004-07-13,15.882946969633164,15.98364916629003,15.564057391604461,15.793434143066406,13100.0
2004-07-14,15.575241361877818,16.011617040410453,15.429782802366939,15.508106231689453,15900.0
2004-07-15,15.77105758602083,16.022812028401635,15.385032827211027,15.994839668273926,60300.0
2004-07-16,16.179461453598673,16.22421787401632,15.79343666057321,15.810220718383789,31600.0
2004-07-19,15.787841043368159,15.787841043368159,15.608815372257661,15.631194114685059,16200.0
2004-07-20,15.485734896891946,16.028406575040957,15.446573166221427,16.022811889648438,29300.0
2004-07-21,15.888547015558954,16.084356789894898,15.429793357849121,15.429793357849121,33700.0
2004-07-22,15.659171687252154,15.681550437127541,15.161256240377616,15.625604629516602,36000.0
2004-07-23,15.62560316001022,15.62560316001022,15.334685841454622,15.480144500732422,15600.0
2004-07-26,15.586441362796206,15.754277702167657,15.3011187322028,15.37944221496582,24100.0
2004-07-27,15.36265109355478,15.743081092834473,15.36265109355478,15.743081092834473,83500.0
2004-07-28,15.524887132592783,15.910911651968394,15.468941379960937,15.614399909973145,62800.0
2004-07-29,15.944490555924448,16.006031036376953,15.664762651434545,16.006031036376953,24700.0
2004-07-30,15.989246347240508,16.06197513002499,15.664762033515071,15.849382400512695,14700.0
2004-08-02,15.703921067907862,16.00043296813965,15.569651830183197,16.00043296813965,7300.0
2004-08-03,15.888537967410171,15.994834824443682,15.720701723316685,15.854970932006836,28300.0
2004-08-04,15.709509882858068,16.050778068146673,15.631186456887562,15.799022674560547,17500.0
2004-08-05,15.54728069700822,16.1011419357442,15.440983772277832,15.440983772277832,28800.0
2004-08-06,15.385033554501003,15.603220961627407,15.105305671691895,15.105305671691895,23500.0
2004-08-09,15.368244439073143,15.608810509841291,14.993409156799318,14.993409156799316,13100.0
2004-08-10,15.099703612095595,15.564051628112795,14.937462074176574,15.564051628112793,12000.0
2004-08-11,15.172439951658319,15.43538376207574,14.88152271433875,15.295519828796387,19200.0
2004-08-12,14.937470860288206,15.334683981340342,14.909497428967939,15.161252975463867,31500.0
2004-08-13,15.385036526803706,15.496928128375055,15.15006501716579,15.345874786376953,19000.0
2004-08-16,15.385029027822574,15.927700576656276,15.183624669993751,15.715107917785645,24400.0
2004-08-17,15.94448471069336,16.039592206036712,15.821404861986561,15.94448471069336,12600.0
2004-08-18,15.720708393068008,16.24100246440809,15.720708393068008,16.04519271850586,40100.0
2004-08-19,16.02281599269009,16.420030220658678,16.02281599269009,16.246599197387695,17200.0
2004-08-20,16.392054716105154,16.50394630432129,16.280164194966286,16.50394630432129,36800.0
2004-08-23,16.392047730544615,16.503939271077563,16.112319946289062,16.112319946289062,20900.0
2004-08-24,16.392050740120983,16.44799652065909,16.22980915034519,16.30253791809082,10400.0
2004-08-25,16.36408568056595,16.78927230834961,16.36408568056595,16.78927230834961,68800.0
2004-08-26,16.64380516491808,16.72772329687203,16.369672031427488,16.66058921813965,25000.0
2004-08-27,16.59905356147842,16.85080909729004,16.559891826369338,16.85080909729004,45300.0
2004-08-30,16.61583839541142,16.688567182998938,16.39764989849426,16.59905433654785,11900.0
2004-08-31,16.727727153746756,16.945915627626576,16.515134432641265,16.800457000732422,14800.0
2004-09-01,16.43680927031216,17.31515568372732,16.43680927031216,16.643808364868164,36000.0
2004-09-02,16.487164207689563,17.024242401123047,16.487164207689563,17.024242401123047,11500.0
2004-09-03,17.01864303776532,17.03542709350586,16.654997033337104,17.03542709350586,6200.0
2004-09-07,17.03542988116757,17.164104461669922,16.576675219549877,17.164104461669922,14300.0
2004-09-08,17.17528987723193,17.28718037347041,16.87877798139975,16.923534393310547,13000.0
2004-09-09,16.861994064712498,17.34312629699707,16.83961639211256,17.34312629699707,32500.0
2004-09-10,17.013050941008643,17.460615158081055,17.013050941008643,17.460615158081055,20700.0
2004-09-13,17.460612340261836,17.56690922481616,17.320748411613497,17.510963439941406,89100.0
2004-09-14,17.460617298553906,17.583698273645094,17.208862795742416,17.303970336914062,15500.0
2004-09-15,17.41026392587374,17.49418207744718,17.253615927080038,17.39907455444336,14900.0
2004-09-16,17.404666673661335,17.427044346145077,17.17528992854853,17.421449661254883,34500.0
2004-09-17,17.38229523629709,17.533348590557836,17.264810005479276,17.34872817993164,52000.0
2004-09-20,17.303966848494458,17.33193920969747,16.923536760501253,17.05780601501465,11700.0
2004-09-21,17.248022421740973,17.460615158081055,17.15291489222843,17.460615158081055,15900.0
2004-09-22,17.42127582925769,17.449374232486214,16.870538979649776,16.971694946289062,13100.0
2004-09-23,17.07846721390042,17.07846721390042,16.724422454833984,16.724422454833984,20400.0
2004-09-24,16.7974797846679,16.99979169829553,16.71880340576172,16.71880340576172,6700.0
2004-09-27,16.6232705791656,16.662608776275917,16.314183825968385,16.426578521728516,30800.0
2004-09-28,16.52211396578002,16.836820602416992,16.52211396578002,16.836820602416992,11800.0
2004-09-29,16.870540959334292,17.162769103498288,16.634510700107295,17.15152931213379,47000.0
2004-09-30,17.168385097808,17.404415318135328,16.971694140772993,17.370697021484375,68200.0
2004-10-01,17.421268948070278,17.921427616802017,17.398789376858314,17.915807723999023,33000.0
2004-10-04,17.629208064493692,18.03944969177246,17.629208064493692,18.03944969177246,17400.0
2004-10-05,18.039450550385194,18.123747909799597,18.033831726850654,18.084409713745117,38600.0
2004-10-06,18.123748565050057,18.314820728696,17.98325439012719,18.11250877380371,53900.0
2004-10-07,18.01697230519847,18.320438069197102,18.01697230519847,18.129365921020508,46400.0
2004-10-08,18.20242352596776,18.489032820742313,18.185564912311897,18.224903106689453,45600.0
2004-10-11,18.404743182150447,18.404743182150447,18.16309294749376,18.31482696533203,15500.0
2004-10-12,18.236144703960598,18.629528830485047,18.123748932986324,18.48903465270996,26900.0
2004-10-13,18.65763081273025,18.65763081273025,18.202428817749023,18.202428817749023,23300.0
2004-10-14,18.157467293251454,18.365398064489032,18.07878875732422,18.07878875732422,13300.0
2004-10-15,18.06755387047892,18.798123236961427,18.06755387047892,18.74754524230957,52900.0
2004-10-18,18.691336172867025,18.691336172867025,18.415968907145505,18.545223236083984,41100.0
2004-10-19,18.545233799849715,18.60143062052256,18.348542783723463,18.410358428955078,20200.0
2004-10-20,18.337292545510785,18.545223236083984,18.281093613078788,18.545223236083984,16100.0
2004-10-21,18.269855125370164,18.68009985809218,18.269855125370164,18.60704231262207,18800.0
2004-10-22,18.629525639233965,18.629525639233965,18.163084019912365,18.168704986572266,46500.0
2004-10-25,18.163083714163207,18.393494036615433,18.123745523288726,18.320436477661133,24800.0
2004-10-26,18.213664655913085,18.477794389392244,18.073170481725615,18.376638412475586,28500.0
2004-10-27,18.40473755240162,18.584569931030273,18.106890577254987,18.584569931030273,16100.0
2004-10-28,18.545223236083984,18.635139384205104,18.404729120659105,18.545223236083984,49900.0
2004-10-29,18.601432980347422,18.685730365822163,18.48903932474319,18.528377532958984,147300.0
2004-11-01,18.62952056284694,18.62952056284694,18.455307087962865,18.545223236083984,30500.0
2004-11-02,18.680104852677047,18.69696346622763,18.2923395908473,18.393495559692383,43200.0
2004-11-03,18.489034704896742,18.719445071347394,18.427216923497852,18.57332992553711,67800.0
2004-11-04,18.573321630414945,18.573321630414945,18.342911366868947,18.545223236083984,38500.0
2004-11-05,18.539612223847932,18.607048827401417,18.399118049245107,18.460933685302734,22400.0
2004-11-08,18.472173421913002,18.584569190017174,18.337300215204774,18.376638412475586,17300.0
2004-11-09,18.466554652798592,18.770022584445726,18.32043951069991,18.460933685302734,46100.0
2004-11-10,18.511506817080374,18.51712778310147,18.376633645359835,18.500267028808594,35000.0
2004-11-11,18.545228300074847,18.62390468319307,18.410352969178852,18.51712989807129,72400.0
2004-11-12,18.657618957177903,18.657618957177903,18.382249547686307,18.545223236083984,38300.0
2004-11-15,18.505885055266624,18.680098530150698,18.427208693631904,18.545223236083984,82000.0
2004-11-16,18.444066391089407,18.51712392775989,18.24175453186035,18.24175453186035,17100.0
2004-11-17,18.62952566008603,18.88241342202757,18.432832558411803,18.865554809570312,38300.0
2004-11-18,18.578947409179985,18.803736765838632,18.49465006057635,18.7643985748291,38100.0
2004-11-19,18.52837012752364,18.66886428464767,18.185564041137695,18.185564041137695,20300.0
2004-11-22,18.12936122136993,18.612661361694336,18.123742399543712,18.612661361694336,23500.0
2004-11-23,18.623901295069352,18.81497339521198,18.337294216740553,18.79249382019043,48100.0
2004-11-24,18.826219783947646,18.865557982143766,18.66886699116317,18.831838607788086,17500.0
2004-11-26,18.85431513979883,19.39381217956543,18.82621673760132,19.39381217956543,15500.0
2004-11-29,19.44439631162416,19.584890510823094,18.994815302941834,19.421918869018555,32100.0
2004-11-30,19.472496866481027,19.483734515898153,19.33200266728209,19.421918869018555,11600.0
2004-12-01,19.33199743614872,20.287356017169564,19.33199743614872,20.231159210205078,38300.0
2004-12-02,20.107531871249673,20.31546485820251,20.040095246607166,20.169349670410156,14000.0
2004-12-03,20.040075974251167,20.287344789325324,19.9164404948293,20.068174362182617,130200.0
2004-12-06,20.085047463362358,20.16934267900288,19.75909996032715,19.75909996032715,13200.0
2004-12-07,19.770339092064614,19.820917077271123,18.93299292448371,18.938613891601562,51000.0
2004-12-08,18.994804031425318,19.410667557540147,18.994804031425318,19.33199119567871,26300.0
2004-12-09,19.3319935651008,19.3319935651008,19.0847225189209,19.0847225189209,29300.0
2004-12-10,18.80373416093995,19.556782796155677,18.629522808823015,19.517444610595703,43600.0
2004-12-13,19.568019504040667,19.669175434921865,19.320750641758845,19.641077041625977,13900.0
2004-12-14,19.517447392329423,19.556785583496094,19.43877100999609,19.556785583496094,13800.0
2004-12-15,19.612989928752537,19.809680938720707,19.52869255661119,19.809680938720703,23700.0
2004-12-16,19.669181038351617,19.669181038351617,19.062245280158308,19.10720443725586,38900.0
2004-12-17,19.27017799789509,19.51744692846173,19.017288100855012,19.19150161743164,51800.0
2004-12-20,19.444390812900966,19.444390812900966,18.85993673877871,19.0791072845459,29000.0
2004-12-21,19.242081735554812,19.242081735554812,18.994810633733948,19.19712257385254,33500.0
2004-12-22,19.275803416483072,19.275803416483072,19.02291343290791,19.13530921936035,15300.0
2004-12-23,19.287034264812505,19.287034264812505,18.989187391050752,19.16339874267578,8600.0
2004-12-27,19.26455432490257,19.26455432490257,18.882410121679296,18.972326278686523,10000.0
2004-12-28,19.16340107260562,19.19150161743164,18.904892352862692,19.19150161743164,17800.0
2004-12-29,18.903712853624633,19.095571517944336,18.892426796594616,19.095571517944336,6500.0
2004-12-30,19.101217926384702,19.32693481445312,19.101217926384702,19.326934814453125,11100.0
2004-12-31,19.050428405794946,19.287431312118297,19.04478645324707,19.04478645324707,18100.0
2005-01-03,18.960148708319622,19.27051002156163,18.62157546990526,18.655433654785156,23100.0
2005-01-04,18.960143113906128,19.073001544276092,18.644142091984854,18.73442840576172,26000.0
2005-01-05,18.62721623651699,18.649788358330774,18.141928533096706,18.452287673950195,50900.0
2005-01-06,18.13063070924992,18.576417986572547,18.124986606160295,18.305559158325195,33600.0
2005-01-07,18.491788794287825,18.491788794287825,17.6058534156416,17.679210662841797,33400.0
2005-01-10,17.600204333929444,18.401496128383847,17.49298893906857,17.82592010498047,20400.0
2005-01-11,18.19270668405899,18.19270668405899,17.775131225585938,17.775131225585938,19700.0
2005-01-12,17.775133272624526,18.045992187991178,17.60020369098744,18.029064178466797,13000.0
2005-01-13,17.741275845229666,17.882348328880003,17.600203361579332,17.611488342285156,18700.0
2005-01-14,17.910559991430773,18.164489782144525,17.233412806563276,17.408342361450195,88500.0
2005-01-18,17.408344918763778,17.61713159449079,17.097984805013475,17.2052001953125,39100.0
2005-01-19,17.20520819133144,17.492996324536037,16.84406280517578,16.84406280517578,51000.0
2005-01-20,16.66912550477533,16.832769029276722,16.49983787536621,16.49983787536621,38100.0
2005-01-21,16.74812075088457,16.95690736561462,16.45468980858022,16.595762252807617,34200.0
2005-01-24,16.95127900356077,16.95127900356077,16.409559823797156,16.640918731689453,21600.0
2005-01-25,16.765060732170095,16.765060732170095,16.364415220969452,16.449058532714844,50100.0
2005-01-26,16.65219433657349,16.860980987548828,16.279763105263,16.860980987548828,38900.0
2005-01-27,16.646561917480007,16.92870703472543,16.646561917480007,16.75942039489746,44600.0
2005-01-28,16.646556136954544,16.6916992969859,16.465983496829132,16.505483627319336,22000.0
2005-01-31,16.646558187689568,16.832773880296546,16.544985796031582,16.674772262573242,33800.0
2005-02-01,16.84405810901262,17.01898772212371,16.635270318165567,16.928701400756836,66100.0
2005-02-02,16.92870267833425,17.052846110508113,16.75377305202155,17.041561126708984,55700.0
2005-02-03,16.900481056997652,16.968195234744453,16.753765570149657,16.9569091796875,40300.0
2005-02-04,16.78762589039712,17.103627958735366,16.65219643253787,16.97948455810547,44800.0
2005-02-07,17.15441065766138,17.492984771728516,17.013338199824858,17.492984771728516,48100.0
2005-02-08,17.492990384340438,17.492990384340438,17.14877313236232,17.239059448242188,53900.0
2005-02-09,17.306776866169525,17.380134103293102,16.53934200987157,16.618343353271484,63300.0
2005-02-10,16.601407658641165,16.849695497423202,16.477264277398895,16.79326629638672,79500.0
2005-02-11,16.488549488520153,16.979482145257,16.370049133344278,16.87226676940918,29200.0
2005-02-14,16.686062061686652,16.860991733015318,16.53934647156325,16.75942039489746,11500.0
2005-02-15,16.623989637344334,16.917420814870535,16.539346318215138,16.640918731689453,28000.0
2005-02-16,16.550627026421353,16.928701400756836,16.544983996798692,16.928701400756836,34000.0
2005-02-17,16.691696239958585,17.03591344484159,16.55626678466797,16.55626678466797,24500.0
2005-02-18,16.76505353245865,16.81583971295551,16.17819255692492,16.42083740234375,19700.0
2005-02-22,16.155617368066967,16.810194561414637,15.946830733580606,15.991973876953125,64800.0
2005-02-23,16.138691541705665,16.341835176170182,16.025833129882812,16.025833129882812,25500.0
2005-02-24,16.217693097697573,16.657839647897706,15.884761939782925,16.623981475830078,34500.0
2005-02-25,16.398259232791162,16.87226269152707,16.285401932704715,16.83840560913086,31300.0
2005-02-28,16.578832900506193,16.810192695443483,16.296688016672345,16.60704803466797,42200.0
2005-03-01,16.787623965050564,17.06976890563965,16.544979143936345,17.06976890563965,36000.0
2005-03-02,16.748132171349194,17.069777391308307,16.748132171349194,17.030277252197266,43100.0
2005-03-03,17.069778671523068,17.069778671523068,16.528060592289577,16.84406280517578,37700.0
2005-03-04,17.086700450729776,17.210843855003617,16.68605401770899,17.047199249267578,31100.0
2005-03-07,17.205204692924625,17.49299276761206,16.92305964828572,17.041561126708984,34100.0
2005-03-08,16.928696415561777,17.20519832786025,16.928696415561777,17.114912033081055,33800.0
2005-03-09,16.923056740626816,17.10927239504167,16.7876272716249,16.91741371154785,36900.0
2005-03-10,16.65219433657349,17.199555127730417,16.65219433657349,16.860980987548828,52700.0
2005-03-11,16.860980713783622,17.013339235836177,16.65783709401105,16.87226676940918,24200.0
2005-03-14,16.663487194427226,17.109275817871094,16.663487194427226,17.109275817871094,42500.0
2005-03-15,17.041548048855464,17.210834515207516,16.84968947963135,16.93997573852539,53500.0
2005-03-16,16.80455174160848,17.097981639007024,16.80455174160848,16.9569091796875,31500.0
2005-03-17,17.013346456932847,17.15441898323627,16.75941655536547,17.109275817871094,36100.0
2005-03-18,17.035909681408924,17.18262516130366,16.65783546529871,16.94562339782715,98100.0
2005-03-21,17.092343169419898,17.092343169419898,16.228979155053448,16.623981475830078,43900.0
2005-03-22,16.89622471236365,16.89622471236365,16.045458136679013,16.124862670898438,14800.0
2005-03-23,16.02276785735112,16.43113535665488,16.02276785735112,16.232624053955078,26200.0
2005-03-24,16.476521627565724,16.79414210883323,16.079497648690726,16.487865447998047,19800.0
2005-03-28,16.465176180327617,16.879215821739304,16.255319864077187,16.374427795410156,74500.0
2005-03-29,16.136210848951578,16.646670716056338,15.994416381322146,16.130538940429688,105300.0
2005-03-30,16.028444670064037,16.714729285039976,16.028444670064037,16.56159210205078,64600.0
2005-03-31,16.646664944328474,16.646664944328474,16.056799644241156,16.448152542114258,51300.0
2005-04-01,16.57293288473294,16.618307059870524,15.903664071905009,15.994412422180176,61000.0
2005-04-04,16.0057572458574,16.39143832582121,15.966054972650385,16.283674240112305,30800.0
2005-04-05,16.448163146196016,16.56159918682332,16.295024815891036,16.555927276611328,37900.0
2005-04-06,16.57860593753235,16.771446465644935,16.544575574278877,16.62965202331543,18100.0
2005-04-07,16.794133853601952,16.867866486555936,16.385765173223817,16.743087768554688,19900.0
2005-04-08,16.572935050085164,16.85085204434007,16.158895512632288,16.283674240112305,55500.0
2005-04-11,16.158894083932395,16.44248296097257,15.983069283073089,16.000083923339844,51500.0
2005-04-12,15.977400682168513,16.55592237068636,15.778888210797964,16.516220092773438,29600.0
2005-04-13,16.346063817343925,16.470843624130417,16.005756925262446,16.011428833007812,10800.0
2005-04-14,16.232627284625192,16.419795894282668,15.603059651320187,15.659777641296387,43000.0
2005-04-15,15.767542752385037,16.425468928240733,15.228724479675295,15.228724479675293,51600.0
2005-04-18,15.580370409964933,15.67679065840281,15.2911096646513,15.364843368530273,30600.0
2005-04-19,15.31380190461481,15.614406553674037,15.172007442535044,15.353504180908203,50200.0
2005-04-20,15.302462091939196,15.31380591150713,14.826032488147813,14.950812339782715,30000.0
2005-04-21,15.26842735334561,15.676795004878144,15.18902280266575,15.620078086853027,40800.0
2005-04-22,15.580371638509252,15.688135708626785,15.319470405578613,15.319470405578613,29900.0
2005-04-25,15.455593710974075,15.659778047462018,15.376189172031301,15.654106140136719,13800.0
2005-04-26,15.43291547542555,15.648443757752485,15.160670248934403,15.25709056854248,41500.0
2005-04-27,15.296785925644441,15.665452386373214,14.967822822355501,15.495298385620117,34100.0
2005-04-28,15.387530977380365,15.625745661655813,15.143645467927138,15.279767990112305,33800.0
2005-04-29,15.44425893006446,15.586053450719051,15.115295685418065,15.563366889953613,19800.0
2005-05-02,15.682462977287113,15.863959665752194,15.455592116705763,15.705150604248047,19300.0
2005-05-03,15.449931356831192,15.659787730405283,15.228732243398634,15.240076065063477,22600.0
2005-05-04,15.432905744289071,15.937694667148273,15.432905744289071,15.880976676940918,40700.0
2005-05-05,15.784567402734794,15.937705758323132,15.489634513854979,15.48963451385498,37900.0
2005-05-06,15.79023193069312,15.818590391369003,15.126633781901704,15.166336059570312,21700.0
2005-05-09,15.058564216184202,15.172000164152351,15.058564216184202,15.098267555236816,33000.0
2005-05-10,15.001849338986393,15.172002201987409,14.735275149997811,14.76363468170166,19500.0
2005-05-11,14.797673173840918,15.38186686646917,14.633191044941329,15.308133125305176,25200.0
2005-05-12,15.308127560232103,15.517983806708948,14.87707233428955,14.87707233428955,14600.0
2005-05-13,14.774979881495138,14.984836123948782,14.20780213430829,14.355268478393555,28000.0
2005-05-16,14.28720897950057,15.041555404663086,14.28720897950057,15.041555404663086,22900.0
2005-05-17,14.860059799827484,15.410221913663323,14.809013707823492,15.370519638061523,21900.0
2005-05-18,15.398879479162074,15.875308992750366,15.398879479162074,15.84695053100586,28200.0
2005-05-19,15.875306801208037,15.880978709135142,15.750528072229214,15.824260711669922,11200.0
2005-05-20,15.903667709403875,15.909338536013149,15.693811425265523,15.790231704711914,12900.0
2005-05-23,15.880982132538955,15.880982132538955,15.773218022305317,15.8015775680542,7700.0
2005-05-24,15.620074718221518,15.85261749375301,15.563356730622356,15.739181518554688,16200.0
2005-05-25,15.512309694482648,15.614401849511644,15.313797291015774,15.364843368530273,41400.0
2005-05-26,15.427231342937603,15.614399909973145,15.330811106476538,15.614399909973145,10900.0
2005-05-27,15.353508327084386,15.949045877726356,15.353508327084386,15.829937934875488,23200.0
2005-05-31,16.011430040467033,16.011430040467033,15.631420847316397,15.841277122497559,49100.0
2005-06-01,15.91501262107183,16.164571216441892,15.875310338541468,16.158899307250977,35200.0
2005-06-02,15.909342053027004,16.153228759765625,15.478287736240322,16.153228759765625,60000.0
2005-06-03,15.99441636762219,16.164569295909388,15.93769836425781,15.937698364257812,29200.0
2005-06-06,15.880982234381054,16.448160171323234,15.80157766938709,16.380098342895508,48200.0
2005-06-07,16.448152501620388,16.635321090263155,16.10217377523611,16.35173225402832,31900.0
2005-06-08,16.35173280213082,16.47651150480667,16.215610285992003,16.357404708862305,112000.0
2005-06-09,16.380101295797765,16.686377956227094,15.898000827931703,16.584285736083984,22800.0
2005-06-10,16.68069478000799,16.68069478000799,16.44815202754235,16.510541915893555,16400.0
2005-06-13,16.69771485937099,16.69771485937099,15.932024607302345,16.283674240112305,20100.0
2005-06-14,16.295022396249387,16.58995519264091,16.158899816793166,16.578611373901367,23600.0
2005-06-15,16.64667238532113,16.64667238532113,16.323381139796563,16.589954376220703,29900.0
2005-06-16,16.652339105097088,16.652339105097088,16.425467139394765,16.623979568481445,25000.0
2005-06-17,16.737417470275233,16.737417470275233,16.40278247248473,16.595623016357422,67300.0
2005-06-20,16.527556256133742,16.601289955915334,16.19859326476833,16.459495544433594,13400.0
2005-06-21,16.482199198915087,16.482199198915087,16.107861650524935,16.119205474853516,7800.0
2005-06-22,16.32337508825265,16.516215598618952,15.971724427641849,16.124862670898438,13300.0
2005-06-23,16.005127935306433,16.24460620488271,15.491960525512695,15.491960525512695,21000.0
2005-06-24,15.417834919249758,15.537573495727903,15.269586381078836,15.497660636901855,101300.0
2005-06-27,15.474855549659987,15.64591208904353,15.326606983878532,15.503365516662598,23700.0
2005-06-28,15.62880842091422,16.37005027193423,15.611702438182053,16.364349365234375,52300.0
2005-06-29,16.238903586736363,16.45557496339242,16.00512731919015,16.449872970581055,10900.0
2005-06-30,16.48408020176139,16.546801021299554,15.999421795202148,16.084949493408203,19800.0
2005-07-01,16.20469474530675,16.20469474530675,15.834073866539235,16.079254150390625,19400.0
2005-07-05,16.1590699791432,16.643728256225586,16.10205116639056,16.643728256225586,24100.0
2005-07-06,16.62093028083713,16.677949127842837,16.4384708404541,16.4384708404541,15700.0
2005-07-07,16.31302787392525,16.63233184814453,16.23320106471251,16.63233184814453,26300.0
2005-07-08,16.67795214632539,16.85470962524414,16.529703552297185,16.85470962524414,61200.0
2005-07-11,16.906014872136996,17.67006420771131,16.906014872136996,17.578834533691406,38200.0
2005-07-12,17.493311142522767,17.550329974661626,17.36786949430853,17.51041603088379,62600.0
2005-07-13,17.510417838034908,17.510417838034908,17.185411875108294,17.248132705688477,15300.0
2005-07-14,17.441992296732973,17.960861543199695,17.2025140993219,17.37356948852539,34300.0
2005-07-15,17.099882697646233,17.24242923672719,16.695051048677335,16.9288272857666,31200.0
2005-07-18,16.88891255061499,16.900315445940073,16.301620483398438,16.301620483398438,19300.0
2005-07-19,16.421363860230663,16.866109534742804,16.301625267598926,16.826196670532227,40600.0
2005-07-20,16.649441470568533,17.082782129523487,16.638037482821264,17.00295639038086,39300.0
2005-07-21,17.020056601318192,17.111286297276482,16.449870457806988,16.495485305786133,69300.0
2005-07-22,16.535402459613348,16.82049560546875,16.42706675967596,16.82049560546875,46500.0
2005-07-25,16.82049017804539,17.105583231910565,16.444167433946852,16.478378295898438,24600.0
2005-07-26,16.59242104212098,17.071377606535986,16.41566359901716,16.51259422302246,51000.0
2005-07-27,16.56961120713326,16.780580586523495,16.39285378388884,16.523996353149414,57200.0
2005-07-28,16.546806063477185,17.293749783817763,16.546806063477185,17.288047790527344,35900.0
2005-07-29,17.156907198750034,17.470509253312322,17.10559034072433,17.31085777282715,59800.0
2005-08-01,17.34506710882015,17.618756268958588,17.270943369111674,17.613054275512695,57000.0
2005-08-02,17.487613385408185,17.97797393798828,17.333662827615264,17.97797393798828,21200.0
2005-08-03,17.63015858601292,18.08630714303962,17.63015858601292,17.909549713134766,77100.0
2005-08-04,17.90384318235132,17.995072870633738,17.008651186365306,17.065670013427734,67900.0
2005-08-05,17.037167880271955,17.242435316946224,16.843305519300237,17.082782745361328,106100.0
2005-08-08,17.151201007311776,17.35646838917864,17.151201007311776,17.248132705688477,47700.0
2005-08-09,17.24813241391599,17.39067896279133,17.23102643653516,17.333660125732422,52600.0
2005-08-10,17.219630147028774,17.613057989867343,17.219630147028774,17.327964782714844,98900.0
2005-08-11,17.299450704412372,17.556034948850982,17.248133855524653,17.413488388061523,25700.0
2005-08-12,17.33366337271916,17.510420821922963,17.059974208620872,17.390682220458984,45700.0
2005-08-15,17.367868039610844,17.56173140011909,17.162601783664922,17.45909881591797,41200.0
2005-08-16,17.390673334784104,17.390673334784104,17.174003129132167,17.356462478637695,80000.0
2005-08-17,17.248135591938333,17.379278180056545,17.248135591938333,17.25383758544922,38600.0
2005-08-18,17.248131371547302,17.248131371547302,16.991547164060485,17.077075958251953,27900.0
2005-08-19,17.077086082382436,17.322265363448338,17.02006721496582,17.02006721496582,63200.0
2005-08-22,17.071375548234315,17.3849775308536,17.020058701981135,17.276641845703125,42300.0
2005-08-23,17.282341716047288,17.379273404006153,17.191112020032328,17.25953483581543,22000.0
2005-08-24,17.19111807491912,17.390683513069735,17.042869494794214,17.31085777282715,22700.0
2005-08-25,17.105587995274973,17.39638312169993,17.105587995274973,17.236730575561523,23400.0
2005-08-26,17.2766440585364,17.29375003865973,17.134097486807406,17.191116333007812,99400.0
2005-08-29,17.105594989207287,17.527532868435735,17.025769227271876,17.430601119995117,28400.0
2005-08-30,17.476215586840663,17.476215586840663,16.87181821590088,17.09419059753418,28600.0
2005-08-31,17.03715950674921,17.493309020996094,16.769172442004002,17.493309020996094,36300.0
2005-09-01,17.26524187634741,17.903849935189676,17.26524187634741,17.698583602905273,26700.0
2005-09-02,17.56744003301167,17.909552038982493,17.28804886960632,17.441999435424805,25500.0
2005-09-06,17.56742845109423,17.675764083862305,17.32795031355307,17.675764083862305,26300.0
2005-09-07,17.447700256006595,17.675774548804952,17.270942815030867,17.670072555541992,34100.0
2005-09-08,17.595938400529707,17.675764083862305,17.35075827310145,17.675764083862305,18900.0
2005-09-09,17.738484885076982,17.738484885076982,17.459093905869526,17.675764083862305,15600.0
2005-09-12,17.58454117587069,17.898143127327785,17.219622383259704,17.818317413330078,43200.0
2005-09-13,17.70427965897338,17.93805589527217,17.53322424767214,17.681472778320312,32900.0
2005-09-14,17.755600514676715,17.84112932721045,16.786284485553345,17.04286766052246,62500.0
2005-09-15,16.96303915986903,17.082777737799997,16.803386635083886,17.05997085571289,44400.0
2005-09-16,17.191102443030946,17.715673446655273,17.054257975243274,17.715673446655273,84900.0
2005-09-19,17.670070474136196,17.670070474136196,17.16260509649258,17.27094078063965,11900.0
2005-09-20,17.305147949209136,17.630153844627827,16.74066385386978,16.780576705932617,26100.0
2005-09-21,16.74066581119983,16.74066581119983,16.261709355358587,16.409957885742188,28200.0
2005-09-22,16.484472122616147,16.960206145398452,16.18642160170048,16.834108352661133,24000.0
2005-09-23,16.954475079157707,17.246793746948242,16.736669591735957,17.246793746948242,14800.0
2005-09-26,17.281187442282118,17.48179846296456,17.034722567721584,17.109235763549805,28700.0
2005-09-27,16.994598344155648,17.498991763631437,16.994598344155648,17.401552200317383,17000.0
2005-09-28,17.309845368689597,17.401553068946225,16.43862112300962,16.87423324584961,20700.0
2005-09-29,16.753866976663826,17.510456085205078,16.622037288136017,17.510456085205078,33100.0
2005-09-30,17.453138440252502,17.458869214817916,17.16081974152627,17.413015365600586,13900.0
2005-10-03,17.498987758087424,17.59642729909742,17.05764389038086,17.05764389038086,25000.0
2005-10-04,17.23532322696218,17.23532322696218,16.38129502862663,16.40422248840332,27800.0
2005-10-05,16.3641010753722,16.513126299145913,15.773733139038084,15.773733139038086,31600.0
2005-10-06,15.756546564797807,15.934230124668746,15.189104672377303,15.52154541015625,58800.0
2005-10-07,15.636166017821601,15.939947128295898,15.515799071730127,15.939947128295898,51300.0
2005-10-10,15.957155277299666,16.215083869604673,15.773739875323676,15.99727725982666,23600.0
2005-10-11,15.9972710022679,16.17495446677349,15.762269973754883,15.762269973754883,17500.0
2005-10-12,15.762278417772144,15.836790525629596,15.366788216818412,15.704960823059082,18000.0
2005-10-13,15.62471389770508,15.699225991500585,15.269345752143026,15.624713897705078,25100.0
2005-10-14,15.853980916271837,15.853980916271837,15.320929319318799,15.630443572998047,32700.0
2005-10-17,15.63044435219539,15.842517972221682,15.275076238763875,15.71642017364502,47100.0
2005-10-18,15.704959729150454,15.745081714682298,15.458494854321005,15.464226722717285,14700.0
2005-10-19,15.389706943755359,16.36983299255371,15.389706943755359,16.36983299255371,42500.0
2005-10-20,16.266661419090543,16.46154047223132,15.790927517186061,16.003002166748047,11700.0
2005-10-21,15.693497370291547,16.742405327581295,15.64191273667998,16.690820693969727,23200.0
2005-10-24,16.736669179500655,17.132158167439144,16.736669179500655,17.05191421508789,32300.0
2005-10-25,17.00033347612928,17.00033347612928,16.507403697273368,16.662160873413086,21200.0
2005-10-26,16.622032893893238,16.931547134604546,16.57044718710802,16.66788673400879,34500.0
2005-10-27,16.518861163896197,16.725203987084477,16.409957885742188,16.409957885742188,33000.0
2005-10-28,16.52459338300926,16.90861970477969,16.50739778296278,16.788253784179688,16900.0
2005-10-31,16.908619206142287,17.30984111612711,16.851301634252778,17.18947410583496,32600.0
2005-11-01,17.023246543367588,17.023246543367588,16.484463363869235,16.61629295349121,28000.0
2005-11-02,16.736671020385984,17.43594247994794,16.736671020385984,17.195209503173828,61400.0
2005-11-03,17.309837844254503,17.332764212731757,17.06337309698513,17.178007125854492,21000.0
2005-11-04,17.189475299060863,17.189475299060863,16.80544896195782,17.000328063964844,9800.0
2005-11-07,17.08629732258158,17.19520056560467,16.83410183475319,17.160810470581055,18800.0
2005-11-08,17.028991035725678,17.132162482299982,16.828381104322457,16.9602108001709,6600.0
2005-11-09,17.006064654954795,17.126430613796728,16.616306342670597,16.9602108001709,29600.0
2005-11-10,17.069104466463536,17.40727686429925,16.799712265302684,17.309837341308594,18000.0
2005-11-11,17.23533073426324,17.304112050311364,17.23533073426324,17.292648315429688,28300.0
2005-11-14,17.309835854194457,17.32703035526521,17.074834864801847,17.218128204345703,19100.0
2005-11-15,17.22959544785108,17.22959544785108,16.220809936523438,16.220809936523438,61400.0
2005-11-16,16.226545737122418,16.421424865722656,16.048862211601726,16.421424865722656,87000.0
2005-11-17,16.478738505959356,16.845569204602494,16.455811040673304,16.77105712890625,53400.0
2005-11-18,16.937278904496218,17.051914058150267,16.736669025464398,16.994596481323242,21900.0
2005-11-21,16.874236435609944,16.931554032415665,16.753869372993705,16.908626556396484,18600.0
2005-11-22,16.908623026865932,16.97740434732373,16.736671365584435,16.902891159057617,47600.0
2005-11-23,16.868504429506466,17.09777372162374,16.771064843701346,16.851308822631836,8500.0
2005-11-25,16.971673052558295,16.971673052558295,16.788257649467205,16.891427993774414,1300.0
2005-11-28,16.765333462142422,16.82838292927347,16.622040013748045,16.759601593017578,87100.0
2005-11-29,16.914352892757798,16.977402337944994,16.558984783396145,16.679351806640625,8700.0
2005-11-30,16.68508216811291,16.897155766572954,16.42142177013881,16.753862380981445,30700.0
2005-12-01,16.960205522014796,17.16081648422836,16.799716533595586,17.011791229248047,24900.0
2005-12-02,16.988867002353,17.034720851611688,16.518864774140944,17.023258209228516,18000.0
2005-12-05,16.851305442024767,16.983135121890047,16.656426309510003,16.902891159057617,17400.0
2005-12-06,17.02325940056337,17.160820957966372,16.920087959200597,16.977405548095703,13000.0
2005-12-07,16.736673699906707,16.7882594241344,16.455817604337213,16.467281341552734,20500.0
2005-12-08,16.46728157087299,16.839844289628427,16.398501333106353,16.604843139648438,13800.0
2005-12-09,16.518862075674463,16.811180726912145,16.46154450015381,16.776790618896484,5800.0
2005-12-12,16.70800549346089,16.94873838107,16.69654176232675,16.94300651550293,15200.0
2005-12-13,16.943013389463992,17.04045295715332,16.713744139972047,17.04045295715332,11200.0
2005-12-14,17.155080251432892,17.155080251432892,16.673614501953125,16.673614501953125,18100.0
2005-12-15,16.80545761089111,16.828385090334784,16.295333218935674,16.553260803222656,23300.0
2005-12-16,16.4787430972183,16.49593870097383,16.123374938964844,16.123374938964844,103100.0
2005-12-19,16.134841148133898,16.272402719539073,16.134841148133898,16.232280731201172,31000.0
2005-12-20,16.23227958819341,16.43289060899894,16.192157602680727,16.255207061767578,26300.0
2005-12-21,16.416541566092576,16.479926248670306,16.278248612422278,16.42806625366211,26900.0
2005-12-22,16.324346587518274,16.491451263427734,16.284011279279362,16.491451263427734,23000.0
2005-12-23,16.537552374015487,16.796851309372656,16.53179002891133,16.744991302490234,12300.0
2005-12-27,16.710416474105216,17.056149448552844,16.566361159673274,16.647031784057617,44200.0
2005-12-28,16.825661071984683,16.906331695921754,16.670081069487622,16.842947006225586,13700.0
2005-12-29,16.710414504787472,16.9812380683433,16.387730946223442,16.42806625366211,46300.0
2005-12-30,16.39349090224377,16.566356794389495,16.272483898498127,16.43958854675293,37200.0
2006-01-03,16.32434935093957,16.958192999426583,16.32434935093957,16.883283615112305,30200.0
2006-01-04,16.929376746152975,16.992761423761653,16.61245555621882,16.802608489990234,23100.0
2006-01-05,16.854471788537158,16.900569445193188,16.462641157433506,16.647031784057617,23700.0
2006-01-06,16.791088508911322,17.419169820516693,16.791088508911322,17.361547470092773,40500.0
2006-01-09,17.28663074813731,17.390350708474834,17.142575491902832,17.159862518310547,20100.0
2006-01-10,17.07920390245272,17.286643981933594,17.015820288543182,17.286643981933594,32200.0
2006-01-11,17.20020045615545,17.257822787310896,17.027333462689104,17.142578125,26100.0
2006-01-12,17.07920057017445,17.119535889080407,16.71041925554283,16.768041610717773,15200.0
2006-01-13,16.647024845029854,17.217483520507812,16.647024845029854,17.217483520507812,21000.0
2006-01-17,16.96971649038756,17.217490708160426,16.94090476805014,17.131057739257812,51200.0
2006-01-18,17.061907520815105,17.229011072205896,16.96394988756721,17.142578125,22700.0
2006-01-19,17.200205845931745,17.344261169433594,16.969717548139766,17.344261169433594,26200.0
2006-01-20,17.48255305839057,17.48255305839057,17.131057739257812,17.131057739257812,44700.0
2006-01-23,17.292401452102393,17.373072082904994,16.88904609997956,17.021577835083008,43900.0
2006-01-24,17.0964803654362,17.171388626098633,16.986998046879222,17.171388626098633,47700.0
2006-01-25,17.177153798605772,17.177153798605772,16.7161772746224,16.877519607543945,38700.0
2006-01-26,16.837192941123465,17.2808837890625,16.837192941123465,17.2808837890625,42400.0
2006-01-27,17.275112517457977,17.286637206035152,16.99276424164598,17.24053955078125,51300.0
2006-01-30,17.154108455369315,17.229016741180768,16.75651544853413,16.854473114013672,21900.0
2006-01-31,16.76804136110789,17.021579060670458,16.606698988830804,16.992767333984375,51100.0
2006-02-01,16.877516940361314,17.223248729184895,16.802607580142865,17.142578125,39600.0
2006-02-02,17.038863507848934,17.252065870464815,16.762277550175543,16.8602352142334,56400.0
2006-02-03,16.727703899608436,17.401882830915444,16.727703899608436,17.315448760986328,37600.0
2006-02-06,17.223256084510204,17.384598460837065,17.004292451474843,17.079200744628906,42700.0
2006-02-07,17.0849578051443,17.1656295178807,16.38196835964225,16.433828353881836,70500.0
2006-02-08,16.57788439224792,16.687365630278887,16.4511150232893,16.681604385375977,31900.0
2006-02-09,16.57213138746399,17.096492893509502,16.560606693054005,16.710424423217773,39700.0
2006-02-10,16.56637230139039,16.65280532836914,16.445366283431255,16.65280532836914,41600.0
2006-02-13,16.520264284436973,16.664319605682827,16.23215364194526,16.479928970336914,54300.0
2006-02-14,16.53754662981476,17.177151327444207,16.347393703645803,17.136816024780273,24600.0
2006-02-15,16.987005414301017,17.280878439532863,16.900572430186948,17.246305465698242,11100.0
2006-02-16,17.113777820982047,17.52289453049836,17.01005778221588,17.482559204101562,46200.0
2006-02-17,17.574751701600523,17.574751701600523,17.205970378248157,17.45950698852539,24500.0
2006-02-21,17.424925935420532,17.574743553335512,17.108004769982195,17.373065948486328,31600.0
2006-02-22,17.407641564157796,17.764899184347506,17.31544626199039,17.6208438873291,18700.0
2006-02-23,17.534419142508494,17.713047486750177,17.43069910422132,17.580516815185547,24500.0
2006-02-24,17.424934062726127,17.747617721557617,17.298165757234656,17.747617721557617,22900.0
2006-02-27,17.747618021702756,18.035728711009977,17.666947380394355,17.978107452392578,18600.0
2006-02-28,17.79947768313649,17.816764719814273,17.292403363526986,17.45950698852539,22900.0
2006-03-01,17.580509911794945,17.85709583924946,17.30392398434043,17.828285217285156,24800.0
2006-03-02,17.58627290328639,17.799474151400876,17.511363524934406,17.689992904663086,23600.0
2006-03-03,17.59780064656694,18.00691727961335,17.488318281771488,17.75914192199707,25100.0
2006-03-06,17.718805791614102,17.718805791614102,17.275115106392363,17.321212768554688,24400.0
2006-03-07,17.269355136188608,17.3845998569708,16.96395849450948,16.9697208404541,16200.0
2006-03-08,16.96395866737184,17.19444701222979,16.88904926838356,17.06191635131836,14700.0
2006-03-09,17.015817206566346,17.19444552095695,16.958194850585663,16.981243133544922,22300.0
2006-03-10,16.986998046879222,17.229010956868336,16.917852129199215,17.171388626098633,13600.0
2006-03-13,17.182913427092448,17.315444019411792,17.067669863836105,17.142578125,12100.0
2006-03-14,17.182912990493286,17.574743513528883,17.09071770260897,17.568981170654297,25300.0
2006-03-15,17.56898745195351,17.638134492115594,17.24054148405717,17.626609802246094,14200.0
2006-03-16,17.713042586203652,17.845573221101937,17.471029596841394,17.534414291381836,23300.0
2006-03-17,17.620840173938856,18.035718946261223,17.465260222172546,17.83980369567871,413800.0
2006-03-20,17.839810610796246,18.145208290155022,17.71880466744298,18.024202346801758,83300.0
2006-03-21,17.86286163330078,18.122161677277145,17.799476933872118,17.86286163330078,64100.0
2006-03-22,17.85133724432576,18.14521026611328,17.85133724432576,18.14521026611328,48900.0
2006-03-23,18.127828983181857,18.243662200927737,18.064121707622313,18.0988712310791,26800.0
2006-03-24,18.185754389863956,18.39425384080634,18.127837752972408,18.38846206665039,25300.0
2006-03-27,18.266839579602173,18.440588399460015,18.220505382660825,18.29579734802246,28800.0
2006-03-28,18.203121786884743,18.53324503736603,18.116247421705587,18.162580490112305,15400.0
2006-03-29,18.1973307627279,18.7243709564209,18.1973307627279,18.7243709564209,34200.0
2006-03-30,18.388456952562652,18.457957118437132,18.133624483913106,18.347915649414062,55000.0
2006-03-31,18.469533361190855,18.631698519368783,18.127826628362666,18.6201171875,22900.0
2006-04-03,18.71279278660132,18.71279278660132,18.127835810866586,18.266836166381836,24300.0
2006-04-04,18.15679807120258,18.504296815586315,18.15679807120258,18.29579734802246,19600.0
2006-04-05,18.307379660660597,18.446378928091583,18.069922440715832,18.434795379638672,14700.0
2006-04-06,18.290004734987868,18.550627952827615,18.20892210339346,18.405838012695312,17100.0
2006-04-07,18.585368280637113,18.706992160505067,17.728206036422595,17.768747329711914,35300.0
2006-04-10,17.693459402483057,18.081499318869913,17.66450164493219,17.699251174926758,44100.0
2006-04-11,17.66450456776883,17.77454605307176,17.66450456776883,17.687671661376953,24600.0
2006-04-12,17.577630012836043,17.77454588800508,17.46179675520679,17.762962341308594,126900.0
2006-04-13,18.388463087783826,18.486921044566557,18.179963625263216,18.26104736328125,46200.0
2006-04-17,18.417413644838295,18.434788961468353,18.09887390596043,18.35370635986328,31400.0
2006-04-18,18.31316772236113,19.100830078125004,18.22629223124406,19.100830078125,84800.0
2006-04-19,19.008160241115714,19.106619259288564,18.817037290704434,18.967618942260742,37200.0
2006-04-20,19.054498838208502,19.054498838208502,18.637499999694622,18.811248779296875,21100.0
2006-04-21,19.054493488466505,19.0602841554487,18.423203634660922,18.533245086669922,67800.0
2006-04-24,18.44636838340495,18.44636838340495,18.249452590942383,18.249452590942383,30600.0
2006-04-25,18.34212611117307,18.388459192510794,17.9540861407192,18.029376983642578,40200.0
2006-04-26,18.04095728852784,18.469538490060867,18.04095728852784,18.35370635986328,27400.0
2006-04-27,18.168367295078887,18.979196322874667,17.94249268175921,18.052534103393555,134000.0
2006-04-28,17.896169856542436,18.446376174577917,17.606587816453825,18.429000854492188,26500.0
2006-05-01,18.457963098417693,18.608545919374922,18.336338044900383,18.394254684448242,33900.0
2006-05-02,18.440580604653224,18.909704208374023,18.342122687106986,18.909704208374023,33600.0
2006-05-03,18.747535662268614,18.91549373101554,18.562203382732367,18.741744995117188,61100.0
2006-05-04,18.79386079328005,18.822818533772907,18.58536152679713,18.59115219116211,97700.0
2006-05-05,18.74175127565631,18.81704322986616,18.579586029052734,18.579586029052734,31800.0
2006-05-08,18.68962067769779,18.68962067769779,18.428996461871677,18.527454376220703,28800.0
2006-05-09,18.417417703339908,18.556418057675586,18.36529284663099,18.400043487548828,27700.0
2006-05-10,18.382666514896126,18.48691621894423,17.93091816557693,18.017793655395508,21400.0
2006-05-11,17.90195817898681,17.971458341264537,17.623959739211116,17.739791870117188,46100.0
2006-05-12,17.606585177513665,17.734001963042356,17.479169496652624,17.623960494995117,43500.0
2006-05-15,17.450205090525937,17.84982842830407,17.450205090525937,17.74557876586914,33400.0
2006-05-16,17.78612514029819,17.942499678653373,17.76295915572758,17.78033447265625,12600.0
2006-05-17,17.571838490159518,17.95408669925408,17.456005230877842,17.925128936767578,33900.0
2006-05-18,18.011994681457665,18.19732692359732,17.901953248437007,17.994619369506836,78000.0
2006-05-19,17.849839816878273,18.220504537879,17.83825626818,18.174171447753906,60100.0
2006-05-22,18.011997926253873,18.388454249000702,17.68187467238869,18.093080520629883,81500.0
2006-05-23,18.214713868197865,18.457962867521594,18.087297041852864,18.174171447753906,35600.0
2006-05-24,18.035162332129776,18.59695198597159,17.79191346559363,18.51007652282715,54500.0
2006-05-25,18.64908564170422,18.788083797269966,18.51587705072919,18.683834075927734,26100.0
2006-05-26,18.770700875682913,18.78807508473778,18.382661039891225,18.49270248413086,42200.0
2006-05-30,18.39424879853353,18.666455481237534,18.023584191503787,18.040958404541016,27300.0
2006-05-31,17.919339624831938,18.53325333215245,17.919339624831938,18.434795379638672,44400.0
2006-06-01,18.43479080954535,19.037120819091797,18.43479080954535,19.037120819091797,53500.0
2006-06-02,19.054495241871543,19.11241075436281,18.828619440751154,18.915494918823242,40200.0
2006-06-05,18.822823699922502,18.886532072092695,18.122036024719534,18.127826690673828,58100.0
2006-06-06,18.12204808982352,18.463753946656254,17.959881718455485,18.26104736328125,39100.0
2006-06-07,18.35370666472078,18.921285990051445,18.336331347802115,18.463747024536133,39800.0
2006-06-08,18.365292778902813,18.915499106726624,18.081502507127407,18.770708084106445,60700.0
2006-06-09,18.857582248762846,18.938664862206398,18.40583389243216,18.61433219909668,17500.0
2006-06-12,18.353713148193762,18.759127410833816,18.290004734987868,18.405838012695312,22900.0
2006-06-13,18.38846246334918,18.909711101950165,18.226296097487985,18.30158805847168,55400.0
2006-06-14,18.353711069025987,18.521668087540263,18.13362808724715,18.42321014404297,72700.0
2006-06-15,18.625911972502546,19.095035552978516,18.585370673992472,19.095035552978516,29800.0
2006-06-16,19.00816684616738,19.10662589855327,18.272628125254844,18.3073787689209,221800.0
2006-06-19,18.400043377565584,18.44637646051125,18.00041984674184,18.0467529296875,42800.0
2006-06-20,18.035162968160655,18.21470456730133,17.635540684139666,17.658706665039062,69900.0
2006-06-21,17.600796672478605,18.15679478375793,17.600796672478605,17.844045639038086,31000.0
2006-06-22,17.65192472424162,17.908087533739835,17.320078028755162,17.69849967956543,30900.0
2006-06-23,17.64609823496058,17.657742248443274,17.419045524219232,17.564592361450195,23700.0
2006-06-26,17.675210959654347,18.05363257198133,17.640278913887983,17.989591598510742,53700.0
2006-06-27,17.972120385455497,18.065270253974138,17.407398058322954,17.459794998168945,51200.0
2006-06-28,17.43651511303039,17.535487027020576,17.290968246011552,17.413227081298828,38200.0
2006-06-29,17.500552230722274,18.58342110660209,17.49473022370381,18.536846160888672,68300.0
2006-06-30,18.455342788275203,18.903627395629883,18.21082401248487,18.903627395629883,136900.0
2006-07-03,18.583418685995582,18.81047248840332,18.501912819222326,18.81047248840332,19500.0
2006-07-05,18.583418685995582,18.83375829257546,18.356365994021996,18.81047248840332,31100.0
2006-07-06,18.740609890978206,18.769721035008327,18.338901421263188,18.478626251220703,45600.0
2006-07-07,18.391292376929666,18.915261706533038,18.16423974105746,18.327251434326172,51900.0
2006-07-10,18.269035283165458,18.67074479365716,18.094379553612917,18.635812759399414,32100.0
2006-07-11,18.560137283365595,18.96767009394541,18.338906518715156,18.956026077270508,63300.0
2006-07-12,18.851228169259837,18.903625122803277,18.33890264804273,18.344724655151367,83800.0
2006-07-13,18.338904142403354,18.455342073195553,18.111851398836418,18.24575424194336,48500.0
2006-07-14,18.205004185655902,18.44370098223374,18.007060338186292,18.39130401611328,33200.0
2006-07-17,18.251584798649834,18.63582748520249,18.15843485455799,18.30398178100586,103800.0
2006-07-18,18.612535733307407,18.653289794921875,18.21082711987652,18.653289794921875,45600.0
2006-07-19,18.63000131612824,19.75362344817676,18.50774246549976,19.27040672302246,74900.0
2006-07-20,19.148145060985765,19.20636513907209,18.71732758749143,18.903627395629883,36300.0
2006-07-21,18.78136393069358,18.97348683240794,18.76972213743993,18.827939987182617,132800.0
2006-07-24,18.85122626269647,19.695398330688477,18.85122626269647,19.695398330688477,58300.0
2006-07-25,19.707048344546916,19.76526843403423,19.386845625409347,19.53821563720703,43700.0
2006-07-26,19.392660491452652,19.637178100626908,19.095743713605764,19.40430450439453,40900.0
2006-07-27,19.555673632013416,19.637179507577844,19.177250957328813,19.212182998657227,31200.0
2006-07-28,19.410129950991426,19.939920449276123,19.410129950991426,19.823482513427734,37500.0
2006-07-31,19.520745823667745,19.800195552286812,19.270405025366884,19.74197769165039,55400.0
2006-08-01,19.677929258254586,19.677929258254586,19.21800078249716,19.2354679107666,15500.0
2006-08-02,19.415950242889473,19.65464700454369,19.36355328443519,19.456703186035156,13900.0
2006-08-03,19.375193508654192,19.928271912814818,19.142319910654415,19.806013107299805,53500.0
2006-08-04,19.96902944408143,20.114576309156174,19.264583150128193,19.5964298248291,30500.0
2006-08-07,19.43341907918524,19.654648726827897,19.35773408348168,19.631362915039062,18300.0
2006-08-08,19.683757207624716,19.683757207624716,18.903625986377367,18.973487854003906,35500.0
2006-08-09,19.229647349466745,19.357729276409625,18.56013212289582,18.595064163208008,39700.0
2006-08-10,18.542673352598488,19.06082101777739,18.29233253297856,18.979312896728516,27000.0
2006-08-11,18.827946298391193,19.037534181109397,18.560139435980744,18.67075538635254,16500.0
2006-08-14,18.629994473716085,19.223825814069993,18.600885551524584,18.775541305541992,19800.0
2006-08-15,19.142320591726904,19.561493971387804,18.909444764573138,19.47998809814453,25400.0
2006-08-16,19.526563802890113,20.050531073317572,19.340264032844555,19.93409538269043,33800.0
2006-08-17,19.800184217119895,20.02141595845227,19.520734648479515,19.578954696655273,21900.0
2006-08-18,19.683748562503883,19.707034360906434,19.49162573482551,19.578954696655273,24000.0
2006-08-21,19.38101907501416,19.561495747621006,19.252937136362576,19.305334091186523,13900.0
2006-08-22,19.188896320863652,19.48581314086914,19.12485535102448,19.48581314086914,29700.0
2006-08-23,19.5323880845347,19.654646913404832,19.107391521651262,19.171432495117188,17000.0
2006-08-24,19.328617961963644,19.410123825073242,19.13649509531827,19.410123825073242,30500.0
2006-08-25,19.22382493986001,19.58478044453053,19.22382493986001,19.38101577758789,16600.0
2006-08-28,19.520742963786,19.520742963786,19.351910304327554,19.48581314086914,17900.0
2006-08-29,19.503276934824694,20.085464306013492,19.439235968654955,20.02142333984375,49800.0
2006-08-30,19.829297021506445,20.289223226053597,19.654639083138626,20.137855529785156,16700.0
2006-08-31,20.295053035021276,20.33580597518247,19.85258936917307,19.88170051574707,136500.0
2006-09-01,20.07381941416662,20.196078223760882,20.009778450797683,20.0505313873291,14800.0
2006-09-05,20.201903462935924,20.201903462935924,19.87005681868339,20.00395965576172,20100.0
2006-09-06,19.87005548857703,20.00395831669187,19.46834478336395,19.503276824951172,24500.0
2006-09-07,19.398488438976944,19.450885405827865,19.031709671020508,19.031709671020508,32600.0
2006-09-08,18.990949983519332,19.14814082830214,18.833759138736525,19.11903190612793,26000.0
2006-09-11,19.06663253997271,19.20053534168819,18.79300382032431,19.04916763305664,14200.0
2006-09-12,19.177253085195417,19.823481485829692,19.177253085195417,19.79437255859375,39700.0
2006-09-13,19.79437255859375,19.79437255859375,19.573140714036796,19.79437255859375,35500.0
2006-09-14,19.643004804445596,19.79437255859375,19.54985490476932,19.79437255859375,23200.0
2006-09-15,19.87586925849163,19.969019115123025,19.503269831966044,19.92244529724121,101400.0
2006-09-18,19.77107864585037,19.93409258743294,19.619710936739555,19.846763610839844,38200.0
2006-09-19,19.794370362252902,19.794370362252902,19.049171247528374,19.212182998657227,54700.0
2006-09-20,19.427594864064567,19.823482513427734,19.316980046486496,19.823482513427734,30000.0
2006-09-21,19.852588333281062,19.99813517508186,19.43341493908539,19.6138916015625,18900.0
2006-09-22,19.45669956118473,19.567316575573685,19.031703075508894,19.177249908447266,29700.0
2006-09-25,19.194708746355786,19.718675786055822,19.066626878024294,19.672101974487305,43300.0
2006-09-26,19.408882008421532,19.584368739620157,19.326988349291163,19.438129425048828,18900.0
2006-09-27,19.309435521337157,19.60776493260715,19.262640107304044,19.596065521240234,16300.0
2006-09-28,19.742309395525446,19.742309395525446,19.1456526660218,19.508325576782227,29700.0
2006-09-29,19.43227465717841,19.520016879168857,18.99940544181613,19.022804260253906,27700.0
2006-10-02,19.05790862153946,19.05790862153946,18.484649658203125,18.484649658203125,30200.0
2006-10-03,18.61919190847716,18.987714538216682,18.426156032762638,18.765432357788086,38600.0
2006-10-04,18.695233059576914,19.250942889949144,18.671835349893744,19.245094299316406,39400.0
2006-10-05,19.11640029443778,19.57266616821289,19.057905470622586,19.57266616821289,31000.0
2006-10-06,19.58435895070128,20.028927494391382,19.321127869757632,19.870988845825195,53600.0
2006-10-09,20.00553475523613,20.00553475523613,19.3796307901668,19.800798416137695,41300.0
2006-10-10,19.865147089962264,19.865147089962264,19.338686919313226,19.69550895690918,19900.0
2006-10-11,19.543414910350286,19.79494661983871,19.192441573658282,19.280183792114258,29100.0
2006-10-12,19.449829286947637,19.824201583862305,19.151502060167164,19.824201583862305,96200.0
2006-10-13,19.91194455234243,20.005537619450717,19.648713353777012,19.947040557861328,25800.0
2006-10-16,19.97628623270647,20.16347232970688,19.765701315722435,20.128374099731445,22300.0
2006-10-17,19.92364254382079,20.29216396409681,19.74230501297773,20.122528076171875,20200.0
2006-10-18,20.204423491081563,20.204423491081563,19.5726686043594,19.666261672973633,31800.0
2006-10-19,19.560971603479643,19.929495332835334,19.560971603479643,19.759857177734375,26900.0
2006-10-20,20.181020300285077,20.181020300285077,19.467371911839212,19.473222732543945,20700.0
2006-10-23,19.46152128055109,19.46152128055109,18.905811637927037,19.280183792114258,65800.0
2006-10-24,19.157351371662468,19.53172368265925,19.157351371662468,19.525875091552734,22200.0
2006-10-25,19.531720273577736,19.648712158203125,19.26264050094356,19.648712158203125,18800.0
2006-10-26,19.660418444942476,20.09328566856257,19.467381433091482,20.069889068603516,23300.0
2006-10-27,19.929495332835334,20.069886068782516,19.514176179120614,19.759857177734375,24200.0
2006-10-30,19.631168095018676,19.999689593086643,19.449830525896708,19.68966293334961,22600.0
2006-10-31,19.596058548822715,19.70135098222661,19.356226279721337,19.5902099609375,20600.0
2006-11-01,19.736451642280542,19.742300230888347,18.970157111483882,19.016952514648438,33400.0
2006-11-02,19.011114230058347,19.438132835761273,18.71863554959591,19.122255325317383,39600.0
2006-11-03,19.22754203705649,19.543419452351426,19.139799798208724,19.344533920288086,24600.0
2006-11-06,19.37378351219922,20.011387004516127,19.33868750528671,19.911945343017578,34300.0
2006-11-07,19.935341993673457,20.37990847373087,19.771552464023184,19.900243759155273,54100.0
2006-11-08,19.78325705961118,20.450108070158837,19.78325705961118,20.210275650024414,27500.0
2006-11-09,20.204421216430557,20.204421216430557,19.525870987511095,19.806650161743164,21600.0
2006-11-10,19.724752889477816,20.181018684814713,19.724752889477816,20.140071868896484,21000.0
2006-11-13,19.888549052859126,20.151780295433987,19.812503975796364,20.116682052612305,61400.0
2006-11-14,20.069881840213217,20.1400760776799,19.888544309370157,20.122528076171875,66300.0
2006-11-15,20.099124307744205,20.765974978183177,19.987981041715024,20.619735717773438,90200.0
2006-11-16,20.719178972187812,20.76597661028532,20.46179865695411,20.760128021240234,16600.0
2006-11-17,20.760135387796907,20.871276470564656,20.6021966503259,20.748435974121094,20200.0
2006-11-20,20.537841985190976,20.970708944213374,20.537841985190976,20.871267318725586,20600.0
2006-11-21,20.806928501797685,20.912220981759084,20.608042954252237,20.765981674194336,18000.0
2006-11-22,20.730889939504735,20.730889939504735,20.25707586249686,20.27462387084961,14700.0
2006-11-24,20.221967571204964,20.356507441773473,20.192720161330826,20.2512149810791,4400.0
2006-11-27,20.140081733397,20.175179977703884,19.332839965820312,19.332839965820312,40100.0
2006-11-28,19.42642759722579,20.145924667704385,19.303587123800448,20.122528076171875,47600.0
2006-11-29,20.186869326091255,20.33310860679194,19.870994175667875,20.181020736694336,44300.0
2006-11-30,20.069879406351145,20.438400781936803,19.91778930694353,20.0991268157959,48700.0
2006-12-01,20.104980209123124,20.385759423465693,19.584368609731598,19.88269805908203,39300.0
2006-12-04,19.993838286803335,20.43840479948051,19.993838286803335,20.280466079711914,40000.0
2006-12-05,20.309721838385435,20.47350919790938,20.198578503192405,20.333118438720703,17900.0
2006-12-06,20.21027805849222,20.415014490744877,20.145932386396684,20.303871154785156,19400.0
2006-12-07,20.327250772394184,20.543684184593886,20.13421393857554,20.414995193481445,35400.0
2006-12-08,20.403310668423824,20.485204331064736,19.876848220825195,19.876848220825195,24000.0
2006-12-11,20.058175891329842,20.19856432050754,19.8826892391408,20.017229080200195,15700.0
2006-12-12,20.064037445855675,20.169329951501275,19.61947082424614,20.104984283447266,22700.0
2006-12-13,20.181016264804338,20.41499995465097,20.005529613136286,20.186864852905273,30000.0
2006-12-14,20.186871206736914,20.76597979409354,20.186871206736914,20.473501205444336,51300.0
2006-12-15,20.584646742921084,20.76598431064047,20.502753077317177,20.678239822387695,120400.0
2006-12-18,20.73672750608282,20.73672750608282,20.064026017775348,20.257062911987305,42400.0
2006-12-19,20.12837804968183,20.391609247567807,20.040633573241596,20.239519119262695,69600.0
2006-12-20,20.181029897114794,20.49690742235325,20.16348188952444,20.39161491394043,76600.0
2006-12-21,20.567912496246812,20.838233093897877,20.479763403144503,20.591419219970703,34700.0
2006-12-22,20.52675709143927,20.73831291786053,20.450361433737722,20.491497039794922,37900.0
2006-12-26,20.632550150515947,21.22020465897052,20.60904343216399,21.214326858520508,25900.0
2006-12-27,21.214325756531085,21.71383340780471,21.173190122414002,21.690326690673828,51000.0
2006-12-28,21.707948988212138,21.813726941322113,21.39061737060547,21.39061737060547,29700.0
2006-12-29,21.290724337686463,21.655069535456338,21.126181779027338,21.173192977905273,82100.0
2007-01-03,21.067403861671785,21.361230985219358,20.57377420444294,21.161428451538086,59900.0
2007-01-04,21.167314098636147,21.267214281660237,20.638424183438367,21.13793182373047,126100.0
2007-01-05,21.0850428447544,21.184943027837924,20.56790628755602,20.626670837402344,84200.0
2007-01-08,20.567907361877527,20.914623604218136,20.39748702000821,20.66193199157715,62900.0
2007-01-09,20.556149117951662,20.891111921763194,20.556149117951662,20.708940505981445,51200.0
2007-01-10,20.59141895303849,20.861739547185316,20.515023222788464,20.791221618652344,67800.0
2007-01-11,20.685432496131078,21.249580104875292,20.656050228498774,21.020395278930664,107700.0
2007-01-12,20.985141477519413,21.149686260484543,20.79709221846555,20.99689483642578,30400.0
2007-01-16,21.14381406822573,21.173196352422824,20.632555149677586,20.673690795898438,47600.0
2007-01-17,20.573768251909325,20.849966385484016,20.356336871075207,20.491497039794922,30000.0
2007-01-18,20.491511315952568,20.614920461824045,20.197684072711453,20.48563575744629,70200.0
2007-01-19,20.567902837039938,20.62079181971841,20.050766366597497,20.068397521972656,212000.0
2007-01-22,19.71580204486974,19.739308755751555,18.951851874997455,19.28093910217285,473400.0
2007-01-23,19.304441974059095,19.504244516575948,18.987110370304332,19.122270584106445,149100.0
2007-01-24,19.116397438071157,19.169286425188247,18.56987977263098,18.79906463623047,176200.0
2007-01-25,19.09289128109365,19.09289128109365,18.564001456572246,18.740297317504883,89900.0
2007-01-26,18.734416894223383,18.898960486832422,18.511108773625384,18.834318161010742,112300.0
2007-01-29,18.746172311312847,18.969480456487464,18.658024388766595,18.875455856323242,63000.0
2007-01-30,18.834324996867746,18.975363053642813,18.60514011611664,18.96360969543457,43600.0
2007-01-31,18.89896011352539,18.951849084359967,18.487601700559022,18.89896011352539,63000.0
2007-02-01,18.951857043094623,19.11639958069076,18.828450139897523,18.981239318847656,65800.0
2007-02-02,19.045882775783312,19.12227849055364,18.863709068784544,19.110525131225586,34300.0
2007-02-05,19.05175580850097,19.05175580850097,18.834324294071493,18.945980072021484,46700.0
2007-02-06,18.963601696537577,19.098761896335663,18.95184834328693,19.028244018554688,43300.0
2007-02-07,19.08701286050456,19.280939870421545,18.88721029349468,19.151655197143555,33400.0
2007-02-08,19.15165621606087,19.37496550676982,18.992989265430055,19.333829879760742,36600.0
2007-02-09,19.374970998671124,19.45136447521423,19.139908284798324,19.263315200805664,49100.0
2007-02-12,19.139897161271435,19.45723096805769,19.13402160561519,19.39846420288086,55300.0
2007-02-13,19.50425255633768,19.539512634277344,19.333834450606158,19.539512634277344,44200.0
2007-02-14,19.539508338761735,19.557137252994032,19.39259474222969,19.416101455688477,50700.0
2007-02-15,19.439601071495527,19.44547662685319,19.33382314127547,19.392587661743164,35500.0
2007-02-16,19.392591809428126,19.474863052368164,19.245678235114276,19.474863052368164,35500.0
2007-02-20,19.386723644821625,19.786326656935454,19.24568557334538,19.76869773864746,45600.0
2007-02-21,19.66291675274586,19.81570816040039,19.498374229170604,19.81570816040039,33100.0
2007-02-22,19.82158022959978,19.944987100560596,19.433728462491946,19.65703773498535,56700.0
2007-02-23,19.662916217672205,19.662916217672205,19.410224639501525,19.421977996826172,26500.0
2007-02-26,19.42198491638241,19.52776292826654,19.034132953382098,19.310331344604492,47200.0
2007-02-27,19.175168756092933,19.18692211619908,18.246673483225344,18.44059944152832,75900.0
2007-02-28,18.411210661699933,18.65802553247581,18.152642434967646,18.28192710876465,52500.0
2007-03-01,18.093879805599155,18.45822491178801,17.91170613164289,18.328941345214844,44900.0
2007-03-02,18.205536249247963,18.229042967401504,17.89408007974765,17.99985694885254,56600.0
2007-03-05,17.88232487067341,18.15852205523173,17.73541125999862,17.7589168548584,84900.0
2007-03-06,17.964598497951513,18.658031010923775,17.776549230880132,18.534624099731445,64100.0
2007-03-07,18.24666899754819,18.264299033373323,18.058619765527446,18.088003158569336,58700.0
2007-03-08,18.193782668067534,18.381833048414162,18.18790710946289,18.19965934753418,34800.0
2007-03-09,18.287808308874272,18.299560546875,18.07625233279322,18.299560546875,19500.0
2007-03-12,18.311311859438703,18.38183088387251,18.052743597663895,18.305435180664062,16700.0
2007-03-13,18.170280830132196,18.19966311268203,17.682527542114258,17.682527542114258,64700.0
2007-03-14,17.641388463907155,18.105634938819442,17.641388463907155,17.99985694885254,36000.0
2007-03-15,18.02924001820432,18.340696182032538,18.02924001820432,18.299560546875,49100.0
2007-03-16,18.270175680095463,18.593385156959304,18.217286693574202,18.328941345214844,151600.0
2007-03-19,18.48760886081882,18.91072079136688,18.48760886081882,18.816696166992188,41000.0
2007-03-20,18.887215787440656,19.110525131225586,18.74030215842606,19.110525131225586,17300.0
2007-03-21,19.134027154221883,19.392594270812243,19.063507015559807,19.210420608520508,127900.0
2007-03-22,19.440803396497802,19.553040587764286,19.322657680013965,19.476247787475586,132200.0
2007-03-23,19.405355849376424,19.63574097309835,19.287212405549894,19.57076072692871,82900.0
2007-03-26,19.53532654375801,19.58849202262155,19.228148471817875,19.558956146240234,17700.0
2007-03-27,19.53532402962208,19.53532402962208,19.34629174097801,19.46443748474121,92900.0
2007-03-28,19.358107411848316,19.428993959919204,19.186796188354492,19.186796188354492,24000.0
2007-03-29,19.26358484065478,19.558947988157144,19.26358484065478,19.482152938842773,53700.0
2007-03-30,19.393552402824472,19.558955104504626,19.157260897473282,19.45853042602539,66200.0
2007-04-02,19.458530238849047,19.51760424134,19.17498178722082,19.24587059020996,24300.0
2007-04-03,19.588489501643387,19.612119101084556,19.352198014116986,19.46443748474121,46400.0
2007-04-04,19.39354932463649,19.39945559728355,18.94459598641667,18.985946655273438,28300.0
2007-04-05,18.985952129225222,18.985952129225222,18.791012400752514,18.885528564453125,35200.0
2007-04-09,19.027296123177493,19.027296123177493,18.69058226748634,18.92096519470215,50800.0
2007-04-10,18.844172957653523,19.109999176051776,18.844172957653523,19.062742233276367,20500.0
2007-04-11,19.074559106669444,19.1690752559413,18.554719158952857,19.151351928710938,70000.0
2007-04-12,18.926876629003768,19.033207573819503,18.05260059758624,18.60197639465332,145200.0
2007-04-13,18.572437079490808,18.655138409365026,18.353867830467507,18.54290008544922,78000.0
2007-04-16,18.678765075539303,18.85007510723255,18.489731723479224,18.844167709350586,89700.0
2007-04-17,18.844168340064485,18.86189053430354,18.43656688633396,18.655136108398438,37000.0
2007-04-18,18.737834552898125,18.737834552898125,18.359770147577052,18.407028198242188,58300.0
2007-04-19,18.259355093945892,18.720122146074313,18.19437482170794,18.424758911132812,50400.0
2007-04-20,18.726029539178786,18.903247029390794,18.38340823183993,18.60197639465332,50700.0
2007-04-23,18.489732763726437,18.61378587278516,18.418846238596593,18.436567306518555,24000.0
2007-04-24,18.60197167655001,18.60197167655001,18.30660851663009,18.353866577148438,36200.0
2007-04-25,18.401120462828697,18.418842654022665,18.271161107568627,18.412935256958008,27500.0
2007-04-26,18.389304094697,18.483821312920657,18.377490428299645,18.46019172668457,34400.0
2007-04-27,18.395211751683572,18.395211751683572,18.11166347316037,18.17073631286621,20700.0
2007-04-30,18.158931589035276,18.300705806913232,17.54457664489746,17.54457664489746,42600.0
2007-05-01,17.59183777999077,17.910829544067383,17.4323413345917,17.910829544067383,27500.0
2007-05-02,17.95808641679403,18.460204196277054,17.95808641679403,18.442481994628906,26100.0
2007-05-03,18.460195917745743,18.460195917745743,18.27116369182338,18.347957611083984,35600.0
2007-05-04,18.336143264508838,18.448380440302643,18.05850120706304,18.359771728515625,37300.0
2007-05-07,18.33024543252665,18.42476159131916,18.099861309588594,18.306615829467773,20600.0
2007-05-08,18.306616162042758,18.383411246657737,18.076233161640843,18.17665672302246,27700.0
2007-05-09,18.058509972690633,18.489740072302517,18.058509972690633,18.442481994628906,48200.0
2007-05-10,18.24754167111037,18.312521948251792,17.61546448091388,17.62727928161621,52900.0
2007-05-11,17.91673170565231,18.158929440038047,17.733606836738478,18.04078483581543,93500.0
2007-05-14,17.993526354230895,18.040785549855855,17.839938475334723,17.975805282592773,50000.0
2007-05-15,17.893103439480715,17.90491711133282,17.491409301757812,17.491409301757812,45400.0
2007-05-16,17.644999987238283,17.644999987238283,17.231491011473203,17.515039443969727,90100.0
2007-05-17,17.503232656892393,17.509140059447187,16.947950337403423,17.072002410888672,71400.0
2007-05-18,17.148780831503913,17.24329692697223,16.971562307460264,17.09561538696289,38400.0
2007-05-21,17.054274496993518,17.373266220092773,17.054274496993518,17.373266220092773,55100.0
2007-05-22,17.272843606157206,17.55639207021241,17.21377072779868,17.461875915527344,21800.0
2007-05-23,17.526853699366036,17.526853699366036,17.22558307667409,17.314191818237305,29400.0
2007-05-24,17.225584769959095,17.367358995740982,16.812075766387558,16.983386993408203,70100.0
2007-05-25,16.971575174126208,17.27875328063965,16.965667772840767,17.27875328063965,31200.0
2007-05-29,17.29057481817022,17.503235713673053,17.29057481817022,17.450071334838867,35000.0
2007-05-30,17.33191072282219,17.509128172263463,17.219672403924818,17.39098358154297,50100.0
2007-05-31,17.461880361221798,17.574118746006107,17.136981137614576,17.503231048583984,138500.0
2007-06-01,17.532761948000765,17.86356845832493,17.414616202381467,17.562297821044922,49000.0
2007-06-04,17.54458212147863,17.633190894471614,17.337827566680538,17.56821060180664,21500.0
2007-06-05,17.444150120939828,17.444150120939828,17.14878693578371,17.266931533813477,53000.0
2007-06-06,17.101535413321873,17.45006419527147,17.04246252834843,17.40871238708496,67600.0
2007-06-07,17.290568083210534,17.467785614887433,17.107442023526602,17.27875328063965,43200.0
2007-06-08,17.20194829665539,17.55638313293457,17.20194829665539,17.55638313293457,28900.0
2007-06-11,17.544574768616503,17.66271937418599,17.30237703146967,17.491409301757812,32900.0
2007-06-12,17.367357725321092,17.934455713686877,17.367357725321092,17.497318267822266,56300.0
2007-06-13,17.568192544431273,17.92853579451039,17.467769071133183,17.763132095336914,30900.0
2007-06-14,17.822219248046277,18.02897375648775,17.692259818576332,17.727703094482422,26300.0
2007-06-15,18.13530129144554,18.43066449732106,17.981712289183722,18.265260696411133,90000.0
2007-06-18,18.147116288126913,18.312520101111456,17.686350374426382,17.94036293029785,51500.0
2007-06-19,17.828123307404958,18.147114984221986,17.633183636371992,18.03487777709961,34200.0
2007-06-20,18.11758045181157,18.158931123458952,17.82812462355859,17.887197494506836,52200.0
2007-06-21,17.76314857656302,17.94036723154679,17.721797895083274,17.77496337890625,93300.0
2007-06-22,17.620503159353163,17.727438289574046,17.47792336343315,17.501686096191406,224900.0
2007-06-25,17.47791657516462,17.602673423218864,17.008590604393586,17.09770393371582,94900.0
2007-06-26,17.22246969908712,17.69179591286225,17.22246969908712,17.608623504638672,1061000.0
2007-06-27,17.42444885292845,18.232401840881543,17.42444885292845,18.155170440673828,53200.0
2007-06-28,18.05417884424872,18.190818771482736,17.798723017705683,17.822486877441406,82000.0
2007-06-29,17.953190872922708,17.994777641743852,17.54921531677246,17.54921531677246,45600.0
2007-07-02,17.685844830639276,17.988827187807576,17.543265097817073,17.893774032592773,27900.0
2007-07-03,17.875961510596184,17.935370050348023,17.691796057176777,17.739322662353516,30600.0
2007-07-05,17.792779913536673,17.91159579099368,17.691785794480573,17.893774032592773,29800.0
2007-07-06,17.923482909305378,18.238347285340797,17.881897283496105,18.190820693969727,44600.0
2007-07-09,18.18487066921792,18.18487066921792,17.828420844946482,17.905651092529297,26600.0
2007-07-10,17.774962564803204,17.78090353049708,17.079885442346267,17.180879592895508,94700.0
2007-07-11,17.163057790485695,17.44227753029008,17.109590228953934,17.335342407226562,52100.0
2007-07-12,17.477914370840637,18.357156559862016,17.477914370840637,18.178932189941406,106100.0
2007-07-13,18.11952337776504,18.17893187775934,18.06011487777074,18.137346267700195,40300.0
2007-07-16,18.137342409932586,18.184868973194668,17.935354232788086,17.935354232788086,38700.0
2007-07-17,17.941301867828088,18.214579424945775,17.84030774169262,17.858129501342773,31300.0
2007-07-18,17.82842939307392,17.90565967768604,17.186819855004416,17.40069007873535,94000.0
2007-07-19,17.584854183757017,17.69773025278338,17.20464035470064,17.38286590576172,40800.0
2007-07-20,17.34722196555883,17.376925658734713,16.669966656540737,16.84819221496582,107300.0
2007-07-23,16.94919183541023,17.264055164069063,16.76502525221034,16.91948699951172,63500.0
2007-07-24,16.705607086962914,16.931358028772472,16.319452400861014,16.384801864624023,130400.0
2007-07-25,16.473923089099724,16.563035322055164,15.778845859049655,16.0343017578125,148600.0
2007-07-26,15.766966680789182,16.396694475990195,15.52933252429947,15.802611351013184,94700.0
2007-07-27,15.71348823924291,16.230339565896934,15.665961667445726,15.921416282653809,97700.0
2007-07-30,15.873893434897441,16.62243796615498,15.51150366484776,16.40262794494629,95700.0
2007-07-31,16.586798832789132,16.770964261363904,15.832313085908277,16.09370994567871,105900.0
2007-08-01,16.081820493369307,16.384802843754155,15.671903062481224,16.260046005249023,141200.0
2007-08-02,16.337279818803257,16.47391861442913,16.135291541302742,16.43233299255371,63400.0
2007-08-03,16.355108006507585,16.355108006507585,15.820432314729944,15.879840850830078,118300.0
2007-08-06,15.986766191535885,16.236280983739952,15.553086070100184,16.10558319091797,147900.0
2007-08-07,16.04023797765281,16.248167215098874,15.802605049052962,16.010534286499023,92300.0
2007-08-08,16.040236438104348,17.67396422346683,15.921419418646938,17.353158950805664,132600.0
2007-08-09,16.91948017263462,17.644262012383756,16.91948017263462,17.133350372314453,78000.0
2007-08-10,16.877895333085267,17.780901625593707,16.770960228298314,17.34722137451172,78500.0
2007-08-13,17.590795229315898,17.590795229315898,16.634321386965926,16.711551666259766,38200.0
2007-08-14,16.812551465751035,16.812551465751035,16.248173194280657,16.366989135742188,51900.0
2007-08-15,16.378872342972095,17.121476284043542,16.212529785371252,16.218469619750977,38100.0
2007-08-16,16.188758273084627,17.673965454101562,16.153113618014704,17.673965454101562,100000.0
2007-08-17,18.291812699818298,19.13540931456649,17.98288932552778,18.161113739013672,120200.0
2007-08-20,18.576966141625352,18.576966141625352,17.602669751457817,17.88188934326172,45600.0
2007-08-21,17.822479373269704,18.083876054685355,17.57296461671902,17.887828826904297,45400.0
2007-08-22,17.93536002358544,18.20863756729497,17.780898359831912,18.048234939575195,36200.0
2007-08-23,18.125473408124787,18.125473408124787,17.495745712666515,17.584857940673828,16800.0
2007-08-24,17.56108765410244,17.953182220458984,17.406625986579705,17.953182220458984,17500.0
2007-08-27,17.858131438676356,17.965066540670385,17.37692461282643,17.44227409362793,17600.0
2007-08-28,17.394743092496164,17.394743092496164,16.527381700011496,16.551145553588867,36000.0
2007-08-29,16.634313670850077,17.145225096196874,16.52737861595212,17.139284133911133,32800.0
2007-08-30,16.937294708112866,17.133341916692054,16.57490396708486,16.782833099365234,22700.0
2007-08-31,17.06206139638723,17.64426353082781,16.693730613155157,17.495742797851562,57200.0
2007-09-04,17.38881318812255,18.02448194499513,16.961072616676606,17.911605834960938,29800.0
2007-09-05,17.82249043001606,17.83437236225236,17.19870371821487,17.299697875976562,42800.0
2007-09-06,17.323456214879574,17.501680620740707,17.22840304733722,17.430391311645508,15900.0
2007-09-07,17.115527576858508,17.204639782865595,16.93730316484433,17.198699951171875,29400.0
2007-09-10,17.275931690472806,17.56703219241207,16.509565294168052,16.92542266845703,20100.0
2007-09-11,17.11553010338619,17.22840618532319,16.77096202500466,17.180879592895508,16300.0
2007-09-12,17.258108619784657,17.264049585044486,16.699671482839882,16.84819221496582,14700.0
2007-09-13,16.95512366238879,17.370980942674155,16.711548671822385,17.026412963867188,26100.0
2007-09-14,16.794730023280003,17.13929818650729,16.574918770974012,17.02048110961914,27100.0
2007-09-17,17.008588400981836,17.008588400981836,16.634316772181823,16.75313377380371,15300.0
2007-09-18,16.877894196421796,17.828427012251446,16.64620224040248,17.709609985351562,68900.0
2007-09-19,17.86406698529442,18.68390176317211,17.86406698529442,18.50567626953125,68500.0
2007-09-20,18.45220460904881,18.56508061647128,18.208630842010514,18.464086532592773,53600.0
2007-09-21,18.637323625324026,18.804580924581856,18.54772019860173,18.697057723999023,82700.0
2007-09-24,18.73289828519201,18.846393976492816,17.95036888462746,18.03997230529785,76300.0
2007-09-25,17.90258878288147,18.207237584550892,17.454576040312666,17.55612564086914,903100.0
2007-09-26,17.68157322135286,18.147505834561116,17.52626197049826,17.777149200439453,36700.0
2007-09-27,17.89661566435071,18.09374237060547,17.49639202977632,18.09374237060547,49100.0
2007-09-28,18.045957868800052,18.219190058873494,17.735336477968893,17.741310119628906,55500.0
2007-10-01,17.8070055142168,18.517852426377758,17.400807278696252,18.505905151367188,70400.0
2007-10-02,18.565647559608728,18.565647559608728,18.183343726412296,18.32073402404785,46600.0
2007-10-03,18.17736824993757,18.219182585049047,17.717408285000925,18.063871383666992,37500.0
2007-10-04,18.063871647822864,18.18334215505003,17.801037215536212,17.956348419189453,63500.0
2007-10-05,18.17138925298444,18.661216130190507,17.932449451829633,18.589534759521484,52300.0
2007-10-08,18.595507257614866,18.738872277662594,18.362541093908284,18.589534759521484,57900.0
2007-10-09,18.565639317092653,18.625374549347995,18.3804611225204,18.55966567993164,29600.0
2007-10-10,18.559668597465755,18.792634786593034,18.195284648847217,18.619403839111328,23400.0
2007-10-11,18.607458236696313,18.756795784566034,17.860770497347705,18.069843292236328,45400.0
2007-10-12,18.195282084576995,18.290859141353174,17.585985895854453,18.057891845703125,136700.0
2007-10-15,18.034003797200157,18.296837078566984,17.663646152575776,18.045949935913086,88100.0
2007-10-16,18.03400704410566,18.326708573341687,17.90258924040618,18.11763572692871,80200.0
2007-10-17,18.32670097965346,18.380462579007915,17.771165212560664,18.237098693847656,57600.0
2007-10-18,18.099707485807695,18.159442723386757,17.615854226191576,18.15346908569336,57300.0
2007-10-19,18.051925223325934,18.23113099264551,17.454574937637855,17.466522216796875,82500.0
2007-10-22,17.29926686648203,17.908564541917674,17.126035844655497,17.70546531677246,52800.0
2007-10-23,17.87869353658393,17.87869353658393,17.490416093880746,17.818958282470703,73300.0
2007-10-24,17.645729088972786,17.854800790546374,16.98864350577706,17.412761688232422,47100.0
2007-10-25,17.436654691558974,17.890641033253512,17.066297023028753,17.424707412719727,47200.0
2007-10-26,17.741297800297943,18.033999202256588,17.484437084056417,17.968290328979492,52600.0
2007-10-29,17.603915600727124,18.06387567493216,17.382896594245267,17.53223419189453,31800.0
2007-10-30,17.418734496730217,17.681568945333595,17.32315854075722,17.59196662902832,40900.0
2007-10-31,17.747269798629308,17.830899582087078,17.25146929264573,17.669614791870117,55600.0
2007-11-01,17.35900023842951,17.789093204415384,16.558550706572834,16.75567626953125,99000.0
2007-11-02,17.01253212708121,17.01253212708121,16.319606038994685,16.809432983398438,53700.0
2007-11-05,16.480889682466803,16.982663867732903,16.1881882642874,16.83332633972168,71700.0
2007-11-06,16.899041345750422,17.293292471542525,16.725809203537512,17.275371551513672,45400.0
2007-11-07,16.994608965617903,17.060316694761273,16.182212552749107,16.313629150390625,58800.0
2007-11-08,16.504787792251676,17.239529505106596,16.224033569847105,17.20368766784668,62600.0
2007-11-09,16.934885979418656,17.50236823986068,16.642184387102233,17.137985229492188,108100.0
2007-11-12,16.970721414589274,17.568071696382223,16.731781529743145,17.436655044555664,72800.0
2007-11-13,17.6337754185887,17.801032719233543,17.323153089741268,17.76519203186035,96400.0
2007-11-14,17.854789823768378,17.980233907017524,16.994606707294036,17.323148727416992,85700.0
2007-11-15,17.20369613907777,17.37095471058439,16.827365777382635,17.114093780517578,45900.0
2007-11-16,17.185760669011806,17.3112036286585,16.875138379379848,17.102130889892578,58700.0
2007-11-19,16.90501631645666,17.143957394332563,16.486871708884827,16.63023567199707,60700.0
2007-11-20,16.707892117530886,17.233561165451142,16.07470094283001,17.01851463317871,85400.0
2007-11-21,16.910982312408755,17.3112069557596,16.660095205541733,16.749698638916016,49900.0
2007-11-23,16.958768908458097,17.31717919493531,16.958768908458097,17.191736221313477,18300.0
2007-11-26,17.191741794982878,17.323158448910164,16.200140402504026,16.26584815979004,40900.0
2007-11-27,16.164294004807047,16.71982980133734,16.086638990155095,16.355445861816406,80500.0
2007-11-28,16.60633225968024,17.323152832634666,16.57049157283899,17.191736221313477,100600.0
2007-11-29,17.01253427113177,17.591964723220737,16.91098468649232,16.958772659301758,85900.0
2007-11-30,17.27536237293492,17.472487831096174,16.994608277782444,17.287309646606445,107000.0
2007-12-03,17.257448644692676,17.38886643106391,16.58841699161353,16.6123104095459,52100.0
2007-12-04,16.427134381723995,17.30523897305186,16.277796796435595,16.62425994873047,72800.0
2007-12-05,16.95877201170612,17.311208724975586,16.773593766560246,17.311208724975586,71900.0
2007-12-06,17.26342134057414,18.016082763671875,16.89903847669371,18.016082763671875,53100.0
2007-12-07,18.05192436922911,18.135554180030205,17.72338218338719,17.956348419189453,67300.0
2007-12-10,17.99816694133829,17.99816694133829,17.460551812475586,17.68157196044922,40700.0
2007-12-11,17.681564369827765,17.884663508552695,16.397261796847168,16.48686408996582,78400.0
2007-12-12,17.018517205708463,17.108119561247793,16.373378650727215,16.922941207885742,76000.0
2007-12-13,16.719839469005247,17.024488344524677,16.498820433799676,16.99462127685547,49800.0
2007-12-14,16.70788246257464,16.821379304505037,16.4092074022825,16.468942642211914,72700.0
2007-12-17,16.373371259357043,16.4569999348608,15.895491485970929,16.09261703491211,63000.0
2007-12-18,16.349476888814074,17.10213720325302,15.991066509956601,17.09616470336914,78000.0
2007-12-19,17.03044950132716,17.084211095204914,16.39725878820055,16.564516067504883,69900.0
2007-12-20,16.798922941388746,16.798922941388746,16.095712186949616,16.582550048828125,74400.0
2007-12-21,16.90710654464403,17.369903564453125,16.39622793840526,17.369903564453125,163800.0
2007-12-24,17.454057375466903,17.802657638103913,16.88908414071612,17.62835693359375,33800.0
2007-12-26,17.43602028557568,17.71249575282598,17.195606586579125,17.387937545776367,48800.0
2007-12-27,17.243691989775165,17.25571181679432,16.360169933220735,16.366180419921875,42900.0
2007-12-28,16.600583558006875,16.901100991996707,16.113744489547564,16.143796920776367,38200.0
2007-12-31,16.053642412842205,16.372191338098965,15.644939623841784,16.360170364379883,44300.0
2008-01-02,16.35415683362964,16.432292001877745,15.48265703609941,15.602863311767578,62200.0
2008-01-03,15.668982729920433,15.837272947594863,15.188155174255371,15.188155174255371,68400.0
2008-01-04,15.043903258643535,15.206181802830113,14.785458080265931,15.031882286071777,84900.0
2008-01-07,15.134060153890498,15.356442442379521,15.025873679973381,15.242246627807617,67800.0
2008-01-08,15.284318605962747,15.476649602062214,15.025873400060402,15.091987609863281,87200.0
2008-01-09,14.995816905224473,15.536747930537267,14.88763047088536,15.368457794189453,87800.0
2008-01-10,15.128047833716433,15.89136239929666,14.935716857339724,15.608875274658203,42900.0
2008-01-11,15.452604690929805,16.125764194565715,15.200171166747149,15.332398414611816,85200.0
2008-01-14,15.51872106962739,15.861310782187415,15.128048610504255,15.302348136901855,122400.0
2008-01-15,15.013849546922414,15.572812113630734,15.013849546922414,15.332398414611816,55900.0
2008-01-16,15.320373362889608,15.807211117044446,15.055917791208062,15.464621543884277,112600.0
2008-01-17,15.75311769473406,15.89135653608594,14.587111294059515,15.001824378967285,183600.0
2008-01-18,14.5811061320782,15.524730697683468,14.5811061320782,15.031882286071777,124000.0
2008-01-22,14.575096159904934,15.74110417368459,14.575096159904934,14.827530860900879,162400.0
2008-01-23,14.611160420306502,16.474369135720995,14.424839892680037,16.05364418029785,90200.0
2008-01-24,16.113737301581352,16.173840990845058,15.39850695312908,16.137779235839844,107100.0
2008-01-25,16.402239379391734,16.618611116468696,16.15581406968315,16.239959716796875,68800.0
2008-01-28,16.227944460049468,16.738824422327674,16.029602962504192,16.606595993041992,66400.0
2008-01-29,16.702765472156596,16.859033584594727,16.42628873843121,16.859033584594727,71800.0
2008-01-30,16.702757466113557,17.00327486294425,16.516435854682847,16.582550048828125,90400.0
2008-01-31,16.25198941828421,17.580276419733334,16.25198941828421,17.454059600830078,50200.0
2008-02-01,17.55622876446959,17.55622876446959,16.582552874781392,17.075401306152344,87300.0
2008-02-04,17.351877879232987,17.754571303721228,16.738822012749438,16.991256713867188,110700.0
2008-02-05,16.576540389152473,17.05135845006372,16.534468134921443,16.810943603515625,63300.0
2008-02-06,16.97923743307177,17.315816685978998,16.804936746326746,16.92514419555664,84900.0
2008-02-07,16.85301531708034,17.580266830577212,16.822962891078713,17.117469787597656,51700.0
2008-02-08,17.207626495383856,17.207626495383856,16.522447163317448,16.810943603515625,26200.0
2008-02-11,16.91312324239676,16.91312324239676,16.426285250538147,16.6005859375,68700.0
2008-02-12,16.714780561254162,17.387940166277993,16.45032602569401,17.06939125061035,79000.0
2008-02-13,17.291778213562473,17.574264267011923,17.02732247745837,17.42400550842285,36400.0
2008-02-14,17.46606787021359,17.5922857519538,16.390216365085198,16.594568252563477,57500.0
2008-02-15,16.450328676971637,16.55250467420935,16.017582737431542,16.468358993530273,48300.0
2008-02-19,16.720785660852982,16.77487887714968,16.300062046346472,16.55850601196289,28500.0
2008-02-20,16.42027438989617,17.195610013351146,16.372191640514846,17.01529884338379,39700.0
2008-02-21,17.18358676782751,17.417989996776672,16.71477916354616,16.822965621948242,52700.0
2008-02-22,16.883069327395944,17.129493528552192,16.300065925262405,17.105451583862305,75900.0
2008-02-25,17.07540518086201,17.405973990169105,16.756856200953038,17.339860916137695,44400.0
2008-02-26,17.189591905749612,17.730522883075377,17.12347772476688,17.393943786621094,53100.0
2008-02-27,17.237675156884578,17.47808880450432,16.64866143362054,16.792909622192383,89000.0
2008-02-28,16.630630532709183,16.7989206648258,16.005553881746952,16.432289123535156,82000.0
2008-02-29,16.203902215161058,16.40224485547346,15.789188911916654,15.909395217895508,70200.0
2008-03-03,15.951463026164292,16.444311344259184,15.951463026164292,16.131772994995117,73700.0
2008-03-04,15.939444973952638,16.660686127698416,15.867320285386542,16.143796920776367,125200.0
2008-03-05,16.25799340348482,16.30607614908839,16.023590161965306,16.10773468017578,81200.0
2008-03-06,16.005562203072376,16.167841934870538,15.62090015411377,15.62090015411377,60800.0
2008-03-07,15.392501795529189,16.047629827781346,15.392501795529189,15.705039024353027,43600.0
2008-03-10,15.75312599071637,15.927426682028937,15.242247184059758,15.656960487365723,53900.0
2008-03-11,16.149800306420342,16.81694793701172,15.296331123279701,16.81694793701172,50000.0
2008-03-12,16.828972626349863,17.634359265178656,16.528455258022188,17.213634490966797,132400.0
2008-03-13,16.949179199242213,17.90482447526828,16.889075499254005,17.466068267822266,117300.0
2008-03-14,17.592291607349157,17.592291607349157,16.71478006674628,16.991256713867188,51400.0
2008-03-17,16.546489026096953,17.676433984572235,15.96949500212228,17.387937545776367,55500.0
2008-03-18,17.73053099254556,18.24742141544205,17.291775754980637,18.09115219116211,79900.0
2008-03-19,18.19333073667014,18.31954754342374,17.381933212280273,17.381933212280273,151900.0
2008-03-20,16.997261805329803,18.632075784002573,16.564516085693835,18.59601402282715,265300.0
2008-03-24,18.626066110803006,19.17901810723913,18.403683903087245,18.541921615600586,73000.0
2008-03-25,18.56597035030759,18.884519305578877,17.766593864799702,18.73426055908203,47600.0
2008-03-26,18.499852434599536,18.50586292045071,17.742548413096085,18.397676467895508,53200.0
2008-03-27,18.560915423308355,18.64555766324329,17.787039726364267,18.11351776123047,54200.0
2008-03-28,18.53674103462521,18.542787076829782,17.605672445249535,17.805187225341797,60000.0
2008-03-31,17.90190350539065,18.39766693357717,17.635883683011244,17.86562728881836,646100.0
2008-04-01,18.155841991319903,18.74229400138545,18.08329066843844,18.59114646911621,72700.0
2008-04-02,18.54882202043932,19.032493575756092,18.27071001125922,19.01435661315918,48800.0
2008-04-03,18.8088003286129,19.207829743699403,18.433953920386436,18.633468627929688,76300.0
2008-04-04,18.72415903329709,18.875306591001614,18.161891087294322,18.349313735961914,64700.0
2008-04-07,18.439992112449353,18.603231663646724,18.059100979485883,18.403717041015625,115100.0
2008-04-08,18.22234780004271,18.615332342676503,17.883777619455877,18.361404418945312,78100.0
2008-04-09,18.391635958431795,18.391635958431795,17.787045691755093,17.91400909423828,55900.0
2008-04-10,17.956330181296096,18.48232303237344,17.68426411821172,18.282808303833008,55000.0
2008-04-11,18.101431697642358,18.186073960308654,17.54520864334024,17.660079956054688,82500.0
2008-04-14,17.690301608954144,17.690301608954144,17.1401248612133,17.273134231567383,51000.0
2008-04-15,17.400101474547643,17.738671568384067,17.242907928404026,17.641937255859375,58800.0
2008-04-16,17.799135264612428,18.778570712780553,17.799135264612428,18.440000534057617,106400.0
2008-04-17,18.409769101338128,18.409769101338128,17.926096326941867,18.204208374023438,103200.0
2008-04-18,18.433948516845703,18.77251858579078,18.22234179131857,18.433948516845703,72900.0
2008-04-21,18.31303645354119,18.718110752677696,17.81727155493877,17.847501754760742,89900.0
2008-04-22,17.72657835389131,18.143745770620797,17.33964112861404,17.454513549804688,158700.0
2008-04-23,17.521021500420797,17.79913355684679,16.759237806511525,17.121992111206055,87100.0
2008-04-24,17.164310143959103,18.25257286204094,16.946658522873886,17.75680923461914,94700.0
2008-04-25,17.865637736525144,17.889821895049405,17.19454348177498,17.599618911743164,110300.0
2008-04-28,17.539160586540916,18.258623195994005,17.236865508151375,18.071199417114258,86500.0
2008-04-29,18.083290607235615,18.167932856007386,17.62380197231257,17.744720458984375,90500.0
2008-04-30,17.81726445144648,18.107468488216085,17.61774982482199,17.672163009643555,49400.0
2008-05-01,17.73262640308981,18.724153731885533,17.73262640308981,18.37953758239746,44500.0
2008-05-02,18.59113781118724,18.742285273066813,17.787033360114467,17.811216354370117,69500.0
2008-05-05,17.805180226605994,18.089337179538536,17.527068160337308,17.77495002746582,45300.0
2008-05-06,17.490789052450662,17.8354051712534,17.079667663996897,17.750762939453125,65800.0
2008-05-07,17.80518094420992,18.10747602880999,16.72901002789454,16.80156135559082,47200.0
2008-05-08,16.89224644457023,17.055484882870473,16.650410653418003,16.77132797241211,43800.0
2008-05-09,16.880153221947833,16.98897960887698,16.553674061160397,16.789464950561523,68800.0
2008-05-12,16.84387993315848,17.80517824892173,16.747145612982912,17.629846572875977,99000.0
2008-05-13,17.684261172717033,17.865637749120268,17.442425353124673,17.617755889892578,77100.0
2008-05-14,17.678215735089328,18.24048475551647,17.678215735089328,17.901914596557617,94600.0
2008-05-15,17.88377240976198,18.04096595039084,17.363824633309896,17.895864486694336,113900.0
2008-05-16,18.02887494476654,18.08328814103155,17.42428490018999,17.73262596130371,102100.0
2008-05-19,17.690309087283424,17.962373980723434,17.430335121231394,17.47265625,79200.0
2008-05-20,17.36383209912438,17.71449440878725,17.248960778368293,17.418245315551758,114600.0
2008-05-21,17.460560731944458,17.684259565463872,17.007118178983845,17.194541931152344,75900.0
2008-05-22,17.21872608937168,17.635893588965164,17.21872608937168,17.527067184448242,74500.0
2008-05-23,17.375915968207924,17.611705692499907,17.09780512962393,17.261043548583984,49500.0
2008-05-27,17.3154668250496,17.641946159462215,17.170365283032176,17.5633487701416,63400.0
2008-05-28,17.684264045229813,17.684264045229813,17.109902871383966,17.35173988342285,146700.0
2008-05-29,17.333606193587904,17.83541616149665,17.29733109377265,17.73868179321289,124400.0
2008-05-30,17.750769040947176,17.901916594352613,17.496841105099467,17.714492797851562,221100.0
2008-06-02,17.73262942772695,17.74472150774163,17.188498511872638,17.43638038635254,51700.0
2008-06-03,17.539161539873106,17.575436628365587,17.18245323573161,17.47265625,66500.0
2008-06-04,17.36988167107577,17.72659009431477,17.230826157789963,17.684268951416016,105100.0
2008-06-05,17.696344246330643,18.028868184903423,17.696344246330643,17.835399627685547,63300.0
2008-06-06,17.75076135318001,17.75076135318001,16.995023913458976,17.079666137695312,95800.0
2008-06-09,17.230814067423754,17.345686484092457,16.81969270516848,16.964794158935547,84300.0
2008-06-10,16.795514505957243,17.194543906142552,16.747147340879152,17.00712013244629,63900.0
2008-06-11,16.916430154658208,17.019210514342348,16.432758552123474,16.644365310668945,89700.0
2008-06-12,16.807607842882184,17.164316168928398,16.38439537604325,16.52345085144043,112300.0
2008-06-13,16.668547901485745,16.819695417680812,16.082095953787935,16.571813583374023,97800.0
2008-06-16,16.475081621487888,16.928524234923337,16.112327300106692,16.807605743408203,104300.0
2008-06-17,16.825752353906374,16.825752353906374,16.184886793068653,16.245346069335938,73300.0
2008-06-18,16.19092170761707,16.541583885151347,15.75561614022004,16.045820236206055,68400.0
2008-06-19,16.082098274082586,16.3239341042535,15.767711118278296,16.106281280517578,73600.0
2008-06-20,16.039772140965177,16.263469781607135,15.731431121312566,15.99744987487793,155400.0
2008-06-23,16.154646095046953,16.154646095046953,15.435184749160333,15.459367752075195,55000.0
2008-06-24,15.453325739066447,16.02768691077251,15.132893659688067,15.568198204040527,112500.0
2008-06-25,15.604475772783262,16.22115817343204,15.217538338571252,15.47751235961914,118600.0
2008-06-26,15.276579971344798,15.276579971344798,14.996498588494308,15.020853996276855,90600.0
2008-06-27,14.953875790601444,15.459238821350711,14.728594105325655,14.990408897399902,252700.0
2008-06-30,14.978231832072188,15.215691229711918,14.50940072685507,14.51548957824707,106800.0
2008-07-01,14.375448761722742,15.173069672934504,14.375448761722742,14.9112548828125,72200.0
2008-07-02,14.868630594757327,15.100001075105576,14.150162593752214,14.180606842041016,105600.0
2008-07-03,14.217140237614416,14.478954993118771,14.01012397332397,14.02230167388916,28700.0
2008-07-07,14.095363650651905,14.296291037518943,12.96895204977275,13.389073371887207,103400.0
2008-07-08,13.395163794151955,14.771212577819822,13.322098753380724,14.771212577819824,109000.0
2008-07-09,14.746858478657948,14.801656973740458,13.772665591256727,13.778753280639648,68400.0
2008-07-10,13.754403738723443,14.393718184687618,13.626540152732654,14.113637924194336,85000.0
2008-07-11,14.01621319413005,14.491131915432641,13.547382161941538,14.448511123657227,92000.0
2008-07-14,14.198874727016856,14.198874727016856,13.090729443646483,13.175971031188965,122700.0
2008-07-15,12.987224989925377,13.437789619760363,12.250491262599619,12.871539115905762,108800.0
2008-07-16,12.95068801918687,14.345002174377441,12.731494060980904,14.345002174377441,92000.0
2008-07-17,14.558111366134014,15.294846176024592,14.004038626429486,15.28875732421875,216900.0
2008-07-18,15.142625181776603,15.373995695114136,13.839640202466835,15.22177791595459,175600.0
2008-07-21,15.215695979154502,15.367913827478972,14.692066209292715,14.844284057617188,128500.0
2008-07-22,14.679880550064091,16.05592918395996,14.345000794861647,16.05592918395996,148900.0
2008-07-23,16.09855573479693,16.743958916969618,15.891539422553473,16.22032928466797,77200.0
2008-07-24,16.293390021701782,16.348188511073413,15.392261114102958,15.520123481750488,92300.0
2008-07-25,15.763681126626322,15.763681126626322,15.191342812210152,15.684528350830078,67800.0
2008-07-28,15.593186246920235,15.769758228106559,15.093912226651623,15.319193840026855,75400.0
2008-07-29,15.294849859174835,16.16553497314453,15.221784781239677,16.16553497314453,75000.0
2008-07-30,16.177708427106047,16.177708427106047,15.538394098880508,16.068111419677734,127700.0
2008-07-31,15.745409177830835,16.348191510170558,15.471416680708407,15.928070068359375,93600.0
2008-08-01,16.031577913867057,16.220327652033138,15.574924534822614,16.135086059570312,82400.0
2008-08-04,16.04375190791447,16.695243725629062,15.593187484086894,16.42125129699707,125600.0
2008-08-05,16.62218007577975,16.98750295728325,16.019397843897213,16.835285186767578,165600.0
2008-08-06,16.71960232428337,16.768313134372406,16.250772390472708,16.506498336791992,126700.0
2008-08-07,16.18379436939051,16.46996337852959,15.556656695919903,15.660164833068848,146500.0
2008-08-08,15.617544148647845,16.987504182061333,15.617544148647845,16.810932159423828,145400.0
2008-08-11,16.74395678744657,17.943432546505008,16.65262634632641,17.66944122314453,129000.0
2008-08-12,17.541570799144253,17.718143922568057,17.200603410688593,17.693788528442383,130300.0
2008-08-13,17.584200124150662,17.754684481905176,16.987506614004374,17.34674072265625,110500.0
2008-08-14,17.200617571235192,17.730336216272622,16.908359569098025,17.517230987548828,75900.0
2008-08-15,17.803397378801098,18.296582826190633,17.036219371011878,17.474607467651367,139400.0
2008-08-18,17.279765795557953,17.63291107883679,16.640451439023256,16.914443969726562,85200.0
2008-08-19,16.719602547099555,16.75004680381092,16.329925351831225,16.555208206176758,107600.0
2008-08-20,16.567388387608258,17.218881688417543,16.31775123437466,16.658720016479492,196200.0
2008-08-21,16.317743791114026,16.676977806066308,16.12290523954588,16.281211853027344,79500.0
2008-08-22,16.09855237552289,16.81093161633727,16.09855237552289,16.561294555664062,120100.0
2008-08-25,16.42125788683499,16.652629621935596,15.59319374162332,15.89154052734375,89700.0
2008-08-26,15.89154193659201,16.427348195714398,15.879364231279482,16.354284286499023,118800.0
2008-08-27,16.372543380260904,16.98141447553373,16.372543380260904,16.780487060546875,144900.0
2008-08-28,16.792674540101444,17.15799764227076,16.634367823783737,16.969247817993164,148000.0
2008-08-29,16.780488005729417,17.157988617046737,16.61000483270119,16.84137535095215,86800.0
2008-09-02,17.34673247323432,17.718144108239148,16.3542733787952,16.963144302368164,120000.0
2008-09-03,16.841378619892552,17.62682308692991,16.841378619892552,17.559846878051758,107600.0
2008-09-04,17.279757142581968,17.590281468104934,16.99358821262748,17.13971710205078,134700.0
2008-09-05,16.908348643537735,17.68161512403278,16.561292345088756,17.413711547851562,130800.0
2008-09-08,17.815572104087245,18.564483428806774,16.883998715877546,18.229604721069336,147400.0
2008-09-09,17.979970620243087,18.327027089196093,17.35283273828931,17.474607467651367,131300.0
2008-09-10,17.803392254752573,17.846013049363503,17.084924113226702,17.49895668029785,155600.0
2008-09-11,16.94488677846345,18.193072371821568,16.652628858262,17.559846878051758,117400.0
2008-09-12,17.20060980714067,18.2113358126362,17.20060980714067,18.132183074951172,127400.0
2008-09-15,17.25541734923162,18.38791864170289,17.25541734923162,17.687715530395508,130900.0
2008-09-16,16.963153887976837,19.155089522404207,16.963153887976837,19.112468719482422,167500.0
2008-09-17,18.491420935235972,18.704524950146062,17.29194379304602,17.82775115966797,174400.0
2008-09-18,18.35746731506405,21.006057392467152,17.541579775609673,20.092750549316406,253400.0
2008-09-19,23.55113931452665,23.84948491593329,17.572024033845853,20.092750549316406,3800.0
2008-09-22,20.031865662611853,20.031865662611853,17.82775115966797,17.82775115966797,43700.0
2008-09-23,18.26004159787905,18.266130447387695,17.5537513134864,18.266130447387695,74200.0
2008-09-24,18.27222740313928,19.173356626265974,17.979969465043563,18.241783142089844,43500.0
2008-09-25,17.708864898845974,18.805332714452753,17.708864898845974,18.137651443481445,69000.0
2008-09-26,17.763992005677004,18.56030842135044,17.549598765042102,18.36429214477539,60600.0
2008-09-29,18.02739315402713,19.270872111454935,17.16982117723396,17.74561882019043,44800.0
2008-09-30,18.8114606487572,19.60165283966394,17.200450320071127,19.09323501586914,50000.0
2008-10-01,19.160611214173272,19.546518142553165,18.223407004751735,19.03197479248047,15400.0
2008-10-02,18.92171118680375,19.368874568737116,18.3214111328125,18.3214111328125,47000.0
2008-10-03,18.149899667571287,19.583270210754012,17.476093980589866,17.518972396850586,68100.0
2008-10-06,17.090184613519067,18.670567251578916,16.318369673766707,18.058015823364258,53300.0
2008-10-07,18.088640816668313,18.088640816668313,15.718066705142618,16.986047744750977,121300.0
2008-10-08,16.16522703299322,18.3765374083344,15.96308516823549,16.226482391357422,119000.0
2008-10-09,16.244867226609706,16.244867226609706,13.978426046564019,14.039681434631348,137100.0
2008-10-10,13.494513083337422,15.411799207227759,13.261742805283287,15.062644958496094,252000.0
2008-10-13,15.62006176300928,16.20198609995125,14.995259012085112,16.116228103637695,103900.0
2008-10-14,15.35053714442022,17.12081141426877,15.35053714442022,16.238737106323242,87300.0
2008-10-15,15.699694349919206,16.00597009833889,14.713487234485328,14.82987117767334,203500.0
2008-10-16,17.139180322933584,17.139180322933584,14.180558414195087,16.563383102416992,207400.0
2008-10-17,16.079472901357857,17.169814722512704,15.61393373620238,15.736444473266602,160700.0
2008-10-20,15.969215590789664,16.44700612672431,15.601684499174487,16.287742614746094,69000.0
2008-10-21,15.926337242126465,16.60014405142472,15.779325038554886,15.926337242126465,115700.0
2008-10-22,15.485296512287789,16.45925312418033,15.215773626592359,15.448542594909668,100900.0
2008-10-23,15.650689098273856,15.773199855755314,14.33370371291946,15.123895645141602,86100.0
2008-10-24,13.91716928272251,16.140731821816807,13.843663758987544,15.001385688781738,102400.0
2008-10-27,14.548102082684759,16.12848533588032,14.443968252622083,14.68898868560791,58900.0
2008-10-28,14.848250102823348,17.090188783673568,14.37045945162516,16.802289962768555,132700.0
2008-10-29,16.69815267034732,17.20657032720912,16.348998530717417,16.63077163696289,115400.0
2008-10-30,17.18207128665607,17.18207128665607,16.177487073128482,16.802289962768555,69600.0
2008-10-31,16.587897286067392,17.9477614178552,16.31837425485153,17.623109817504883,107100.0
2008-11-03,17.476089913976413,18.156021097684953,16.75327915563583,17.92325210571289,51000.0
2008-11-04,18.223408428843612,18.48680577962498,17.776246082253984,18.266286849975586,41300.0
2008-11-05,17.868121062967663,18.437793945998692,16.90641573068898,17.04730224609375,47700.0
2008-11-06,16.832911052917833,17.27394877882682,16.520509719848633,16.520509719848633,60600.0
2008-11-07,16.68589833233509,16.845161820659563,16.22648482813528,16.373497009277344,55300.0
2008-11-10,16.728776927348374,16.728776927348374,15.166771462833713,15.313783645629883,127600.0
2008-11-11,16.04884977138602,16.04884977138602,15.081018447875977,15.081018447875977,96500.0
2008-11-12,14.750237717112551,15.283157951059339,14.327576922489174,14.382706642150879,130100.0
2008-11-13,14.505218986807371,15.620062474523783,13.874290552524812,15.503677368164062,135400.0
2008-11-14,15.215775789270152,15.840578453317963,14.358204123820661,14.45008659362793,107600.0
2008-11-17,14.33370022110659,14.921750078074734,14.131558338350109,14.431708335876465,92300.0
2008-11-18,14.903375754632732,14.909501408933007,13.70277555215716,14.278573036193848,127000.0
2008-11-19,14.076432779957907,14.303077342436,12.881958090727874,12.94933795928955,98900.0
2008-11-20,12.90033020167615,13.451626144451405,12.2571517964965,12.385787010192871,92000.0
2008-11-21,12.71657226413819,13.077977827409736,11.650732544241432,12.863584518432617,181200.0
2008-11-24,12.728815863582286,14.039675212904603,12.483794419895005,13.990671157836914,119200.0
2008-11-25,13.800786441557056,14.162191939035711,13.169857942763112,14.082559585571289,133200.0
2008-11-26,13.647645879229078,14.811493328296443,13.647645879229078,14.79924201965332,104800.0
2008-11-28,14.7134858846722,14.903376504134071,14.131561548720757,14.511343955993652,18700.0
2008-12-01,14.051928966030403,14.076430413656981,12.863578963240894,12.986089706420898,137700.0
2008-12-02,13.353616702367212,13.966167948684033,13.133099048170328,13.880411148071289,139300.0
2008-12-03,13.414879033466818,14.578726772744872,13.249489830591417,14.186694145202637,225000.0
2008-12-04,13.862038909356857,14.829870161298107,13.641521180085514,14.015176773071289,170000.0
2008-12-05,13.764032663904437,15.044265474178184,13.598644636281723,14.9891357421875,141600.0
2008-12-08,15.270906733258125,15.613935193362275,14.54197023323135,15.32603645324707,160700.0
2008-12-09,15.093262974662911,15.846701927490226,14.621599382966318,14.878870964050293,143600.0
2008-12-10,15.087138063980337,15.546551540778566,14.621600102305154,15.154519081115723,58400.0
2008-12-11,14.872747041311133,15.246402566382038,14.094806554634895,14.162187576293945,94400.0
2008-12-12,14.009048167574335,15.111639994782308,13.764026722995819,14.84824275970459,87000.0
2008-12-15,14.915626522390973,15.160646843772023,13.764029259376457,14.131560325622559,55400.0
2008-12-16,14.474588417071526,15.356662720546492,13.868162698541559,15.258654594421387,111100.0
2008-12-17,14.983008650458725,15.448547915785834,14.81149498368242,14.940130233764648,85700.0
2008-12-18,14.995260290069528,15.6261887493839,14.62160467327297,14.860499382019043,76500.0
2008-12-19,14.548098890261578,14.646107041949078,13.917170391467634,14.082559585571289,164400.0
2008-12-22,14.125432017185851,14.358202155019,13.598638717295398,13.990671157836914,57800.0
2008-12-23,14.137689169487265,14.137689169487265,13.65989855873192,13.953924179077148,42500.0
2008-12-24,14.793621375719196,15.52218892183886,14.503429716525009,14.96650218963623,250800.0
2008-12-26,15.00354872262515,15.404879169929497,14.97885213468655,15.287567138671875,43500.0
2008-12-29,15.299915940819355,15.775336149433468,15.133209556908994,15.756814002990723,132100.0
2008-12-30,15.744476951382952,16.602704926000843,15.275229653866253,16.49774169921875,198300.0
2008-12-31,16.48538659323395,17.42387958981574,15.781515373729318,16.151973724365234,1621000.0
2009-01-02,16.21371925166114,16.540957723159956,15.74447209877134,16.145801544189453,217500.0
2009-01-05,16.201364314538832,16.201364314538832,15.491319995030223,15.861778259277344,143300.0
2009-01-06,16.10874575029122,16.448331715061084,15.688893241202193,16.213708877563477,127600.0
2009-01-07,15.867958048472586,16.189020886538767,15.756820413980357,15.979094505310059,148700.0
2009-01-08,15.89882945393088,16.466865349488195,15.775342928857855,16.022315979003906,67400.0
2009-01-09,16.071708186856778,16.084055895575645,15.497497924690276,15.6148099899292,97500.0
2009-01-12,15.5901130475275,15.651856305028844,15.281397937675472,15.386361122131348,68800.0
2009-01-13,15.262870126581547,15.577759587510663,15.225824654017632,15.435750961303711,71500.0
2009-01-14,15.145561140407366,15.63950476119887,14.676314111828194,14.701010704040527,56600.0
2009-01-15,14.694844062650626,14.892422793510669,13.972450397710647,14.571358680725098,105500.0
2009-01-16,14.676319524212238,14.725713904507218,13.63903636036271,14.472567558288574,122100.0
2009-01-20,14.29350434577401,14.435512963944765,12.79314924881495,12.842543601989746,139600.0
2009-01-21,13.003082205195547,14.318209445851313,12.61410162189116,14.108283042907715,151200.0
2009-01-22,13.756348283469977,14.447869598967786,13.175963439007422,13.601990699768066,109400.0
2009-01-23,13.243882663095551,13.63286330021783,13.077176171048128,13.558771133422852,221100.0
2009-01-26,13.583464248307868,13.799565051425512,12.496786967124683,13.10804271697998,170200.0
2009-01-27,12.490610147175643,12.836371837434575,11.885528955704126,12.039886474609375,250800.0
2009-01-28,12.293034692044678,12.743758437231161,12.027539528326594,12.521484375,233500.0
2009-01-29,12.397998564633664,12.397998564633664,11.706476211547852,11.706476211547852,106400.0
2009-01-30,11.805269339089358,12.021369029147504,11.336022110746697,11.447159767150879,142600.0
2009-02-02,11.311319621200216,11.681777929098745,11.138439941127535,11.521245956420898,124700.0
2009-02-03,11.663254068167019,11.780566115462044,11.150787138599632,11.261924743652344,93100.0
2009-02-04,11.231051954965304,11.934921773429478,11.231051954965304,11.329840660095215,93900.0
2009-02-05,11.187835927144437,11.731173993959784,11.064349414040889,11.274275779724121,117200.0
2009-02-06,11.274278447625553,11.663259053935656,11.237232955990054,11.564470291137695,102400.0
2009-02-09,11.47802889373164,11.768220698704052,11.329845769214572,11.397762298583984,66700.0
2009-02-10,11.323670146459945,11.576816438366519,10.576578979923598,10.595102310180664,79900.0
2009-02-11,10.625974319006637,10.81120410551143,10.274039255598739,10.434571266174316,108600.0
2009-02-12,10.218468781605228,10.4901383845312,9.56399313504476,10.1258544921875,150700.0
2009-02-13,10.169075013893472,10.31725812121388,9.607214212510419,9.854186058044434,90600.0
2009-02-17,9.57016924583305,9.786270077237658,9.144142615909052,9.199710845947266,93100.0
2009-02-18,9.32319262506755,9.520770023705909,8.921862798049514,9.107091903686523,61900.0
2009-02-19,9.205880580636252,9.403457978794515,8.446442014845104,8.477313041687012,96000.0
2009-02-20,8.298258067569003,8.650193530932137,7.78579126860955,8.563753128051758,155700.0
2009-02-23,8.508186520326584,8.87247036956557,8.180948735767506,8.199471473693848,87700.0
2009-02-24,8.285912456659888,8.934214216007412,8.180949286630895,8.816902160644531,143500.0
2009-02-25,8.73663688639102,9.150315157644746,8.304435874450096,8.810729026794434,146400.0
2009-02-26,8.921865241804639,9.545469813100052,8.767507709632145,9.033002853393555,128700.0
2009-02-27,8.989784353982044,9.255278950887561,8.823077910244473,9.05152702331543,116900.0
2009-03-02,8.90951799328084,8.977435103446743,8.421748157801618,8.458793640136719,119300.0
2009-03-03,8.60080174360232,8.724287649601086,8.026591544674,8.0389404296875,75800.0
2009-03-04,8.174773794616803,8.341480192261598,7.767270052143555,8.100682258605957,74800.0
2009-03-05,7.927804649739001,7.9771990235395185,7.1313196361714315,7.174539566040039,86800.0
2009-03-06,7.29184921695969,7.316546395634802,6.822602233305386,7.137491703033447,75800.0
2009-03-09,7.020183025663295,7.223934994545353,6.637376278405265,6.754687786102295,71400.0
2009-03-10,6.921393205996461,7.909281852937705,6.557109260076535,7.853713035583496,111100.0
2009-03-11,7.884584541173191,8.329133895302526,7.859886766005304,7.927804470062256,104000.0
2009-03-12,7.847541128889259,8.995961566472722,7.687009068814749,8.952741622924805,97000.0
2009-03-13,9.033005214108652,9.434334667110981,8.928042017693752,9.21205997467041,100600.0
2009-03-16,9.279976381006048,9.638085874592411,8.866298071375702,9.020655632019043,79300.0
2009-03-17,9.094744468525887,9.2182309511445,8.903341480355975,9.16883659362793,77000.0
2009-03-18,8.810730226101924,10.076461807184566,8.810730226101924,10.002370834350586,99100.0
2009-03-19,10.187597971370986,10.317257743914222,9.675130969008205,9.780094146728516,159600.0
2009-03-20,9.724525808990572,10.064111953480756,9.434333445374438,9.440507888793945,165300.0
2009-03-23,9.681308093596463,10.490141523787704,9.533124361824756,10.459270477294922,124100.0
2009-03-24,10.34195692914144,10.43457123327444,9.43433427556303,9.496077537536621,92300.0
2009-03-25,9.915928466682004,9.915928466682004,8.761334088442446,9.366415977478027,141700.0
2009-03-26,9.628852701456726,9.691337383662818,9.197710301108584,9.603858947753906,88200.0
2009-03-27,9.428900060876279,9.603856288348856,9.07273902026119,9.085235595703125,92700.0
2009-03-30,8.791558585170366,8.94776965083948,8.447894717416656,8.760316848754883,84300.0
2009-03-31,8.791554683151011,9.753814396750139,8.691579740839048,9.216448783874512,105700.0
2009-04-01,9.05398961824021,9.747566855031831,8.8227974046089,9.3289213180542,131400.0
2009-04-02,9.653842884506812,9.916277499269144,9.53512274730379,9.803805351257324,122400.0
2009-04-03,9.766314778516556,10.247444495802375,9.528873914387997,10.147469520568848,74400.0
2009-04-06,10.047495619033572,10.15996777613925,9.785060983052269,10.059992790222168,111600.0
2009-04-07,9.716327864913485,10.041246553617746,9.572613382601643,9.59135913848877,59800.0
2009-04-08,9.641346977943876,10.02250235220425,9.485135915285797,9.966265678405762,61100.0
2009-04-09,10.266192314350356,11.415905952453613,10.247446555802297,11.415905952453613,122100.0
2009-04-13,11.315929826920009,12.34067402261295,11.016003679086607,12.228201866149902,888900.0
2009-04-14,11.978268551882373,12.584367259459835,11.303436571147996,11.497138023376465,216900.0
2009-04-15,11.372167261012853,12.509383748754942,11.1347257486603,12.465644836425781,132300.0
2009-04-16,12.640599660168597,12.840549641640616,11.822053976594065,12.684338569641113,280700.0
2009-04-17,12.753072122819288,13.484140004653334,12.259445743418004,13.146724700927734,146800.0
2009-04-20,11.722081618471965,13.071745488319415,11.5033858301975,11.553373336791992,199600.0
2009-04-21,11.534626894737965,12.628104579835481,11.253447633647689,12.171968460083008,241500.0
2009-04-22,11.990759762689168,12.296933258037592,11.62835019760372,11.928275108337402,190400.0
2009-04-23,11.903280372250606,12.103231497856036,11.272188840586729,11.815802574157715,136800.0
2009-04-24,11.909533496712694,12.609359723624763,11.647098810595178,12.478141784667969,203700.0
2009-04-27,12.140723674685294,12.509381868616646,11.522128025155345,11.740823745727539,197200.0
2009-04-28,11.572116628119225,11.915780513611903,11.278439046753132,11.584613800048828,165700.0
2009-04-29,11.728325393294144,11.890785021013324,11.434647869734379,11.834548950195312,230300.0
2009-04-30,12.028253451001587,12.596861700614348,12.028253451001587,12.471892356872559,275700.0
2009-05-01,12.471895325774312,12.709336897046853,12.090741001041456,12.321932792663574,229300.0
2009-05-04,12.453146199278736,13.05924469789574,12.278189378741738,13.01550579071045,182500.0
2009-05-05,12.921774434545492,12.921774434545492,12.096980524560951,12.509377479553223,139200.0
2009-05-06,12.628096584161133,12.984258662906381,12.396904973100295,12.846792221069336,129700.0
2009-05-07,13.059241889820779,13.12172654027645,12.378161702624688,12.5656156539917,102000.0
2009-05-08,12.746817301282242,13.59660551863284,12.746817301282242,13.584108352661133,175500.0
2009-05-11,13.23419797449481,13.534122850703149,12.921775930495576,12.996756553649902,100100.0
2009-05-12,13.046747591937264,13.252946149552216,12.34067410428481,12.584362983703613,132900.0
2009-05-13,12.328177871582668,12.55937078919726,11.790812578833716,11.865793228149414,226100.0
2009-05-14,11.959515348538066,12.634346909450658,11.822050079539475,11.890783309936523,180400.0
2009-05-15,11.847046465358337,12.234450426626173,11.778314407946368,12.015754699707031,126100.0
2009-05-18,12.234450503806928,13.021754410605025,12.184463010921135,12.946772575378418,214300.0
2009-05-19,12.890543293341528,13.04050704286191,12.321934815048014,12.990519523620605,216100.0
2009-05-20,13.096736691989523,13.302936466702272,12.371917358597523,12.471892356872559,169600.0
2009-05-21,12.309434826217679,12.453148748327981,11.890789041786217,12.246950149536133,179300.0
2009-05-22,12.303183046348654,12.690585795999416,12.121977650179659,12.278188705444336,173200.0
2009-05-26,12.171965825452878,13.090487644869633,12.171965825452878,12.934276580810547,128800.0
2009-05-27,12.928027267407355,12.934275852633434,12.159467969740366,12.278188705444336,118000.0
2009-05-28,12.371918553010751,12.63435324676776,12.05324896011648,12.365671157836914,104100.0
2009-05-29,12.353173497976162,12.809309602674492,12.196962405260619,12.696837425231934,159500.0
2009-06-01,12.940523088538246,13.259193780414487,12.696834226666434,13.07798957824707,104800.0
2009-06-02,12.940521532244084,13.29043510778798,12.740571598673636,12.978013038635254,91600.0
2009-06-03,13.015506446689397,13.196711861927843,12.690587131514462,12.965518951416016,104300.0
2009-06-04,13.09673225811727,13.590359687805176,12.828050286087343,13.590359687805176,129400.0
2009-06-05,13.74032534586304,13.74032534586304,13.009257502739278,13.359169960021973,112400.0
2009-06-08,13.215453150741626,13.365415599375522,12.8093047033837,13.134223937988281,85300.0
2009-06-09,13.177965036514133,13.527877475075673,13.127977545291055,13.265442848205566,46200.0
2009-06-10,13.359170327719415,13.359170327719415,12.671842565659379,12.965518951416016,80400.0
2009-06-11,13.046748308467157,13.534127285867552,13.046748308467157,13.171717643737793,84300.0
2009-06-12,13.015506908488568,13.49663731243815,12.840550072926192,13.365419387817383,87600.0
2009-06-15,13.121730644494393,13.346674979774717,12.54062523955086,12.771818161010742,92100.0
2009-06-16,12.715581499118553,12.959270390063088,12.465644022278532,12.684338569641113,104900.0
2009-06-17,12.628101667596743,12.953020962268143,12.384412792491103,12.5968599319458,110600.0
2009-06-18,12.540626561282604,12.584365477353474,12.334427962808455,12.459397315979004,242000.0
2009-06-19,12.403161014869687,12.559372107772841,12.321930579154253,12.484390258789062,287200.0
2009-06-22,12.378163617840316,12.509381523279517,12.134474754333496,12.134474754333496,144000.0
2009-06-23,12.271943593080548,12.365671206200139,11.853297798825963,11.940776824951172,87300.0
2009-06-24,12.028250721583694,12.346921403196982,11.903281406199602,11.959517478942871,99500.0
2009-06-25,11.972136339257466,12.255986213684082,11.915366364372142,12.255986213684082,113400.0
2009-06-26,12.14874824190489,12.634446144104006,12.003670022736834,12.634446144104004,619200.0
2009-06-29,12.571369142956488,12.697523653909911,12.104594925897704,12.527215003967285,104200.0
2009-06-30,12.407368699098406,12.722756819357024,12.249674638969097,12.426292419433594,253700.0
2009-07-01,12.520911953278897,13.057072141294366,12.520911953278897,12.766914367675781,137800.0
2009-07-02,12.552449648738769,12.665989588979405,11.978443242509295,12.104598999023438,141400.0
2009-07-06,12.079367799478371,12.508295943269436,12.079367799478371,12.35690975189209,93500.0
2009-07-07,12.401059568385923,12.55244570679564,12.09828729156649,12.173979759216309,117700.0
2009-07-08,12.27490434219396,12.634447788789073,12.098287775210531,12.382136344909668,146600.0
2009-07-09,12.489371223431204,12.514602854873038,12.167676344320663,12.268600463867188,79200.0
2009-07-10,12.218137092669245,12.394753681363447,12.03521139368136,12.21182918548584,121100.0
2009-07-13,12.38213479375415,12.905678928930397,12.23074866825728,12.72275447845459,147100.0
2009-07-14,12.678602436543317,12.678602436543317,12.3127522720491,12.565062522888184,88400.0
2009-07-15,12.81106445571414,13.113837950109396,12.583985838805372,12.836296081542969,137100.0
2009-07-16,12.754296787220838,13.050762428307413,12.722758452390943,12.981376647949219,70700.0
2009-07-17,13.019219517891072,13.139067324798143,12.703831438848285,12.77321720123291,104700.0
2009-07-20,12.893068347937227,13.006608278301417,12.716450544802893,12.981376647949219,131000.0
2009-07-21,13.019226751447142,13.075996733465372,12.716454316090397,13.044458389282227,177900.0
2009-07-22,12.893065148481673,13.088605422745855,12.697523671107435,12.899373054504395,83600.0
2009-07-23,12.84891416075689,13.504920907581523,12.77322047302964,13.372458457946777,185700.0
2009-07-24,13.20214929609472,13.397689629176746,12.937223179001801,13.006608963012695,262200.0
2009-07-27,12.962451528763388,13.221069696461191,12.848912813740874,13.208455085754395,302200.0
2009-07-28,13.05706654139665,13.20845267018464,12.848910463924414,13.000296592712402,98700.0
2009-07-29,12.893068719182669,13.12014738333924,12.867837088103945,13.082301139831543,78700.0
2009-07-30,13.094916540427333,13.61846083761722,13.094916540427333,13.372458457946777,181600.0
2009-07-31,13.265223009885926,13.675227271161116,13.265223009885926,13.454455375671387,83200.0
2009-08-03,13.58692613224891,13.80769694061295,13.416616191701788,13.662618637084961,66300.0
2009-08-04,13.511223930129999,14.078922171945225,13.340914096652456,13.946459770202637,58600.0
2009-08-05,13.914921153013818,14.066307280516064,13.813997068012322,13.927536964416504,81900.0
2009-08-06,14.04108906400765,14.148321147906477,13.706776989944,13.845548629760742,54800.0
2009-08-07,14.034770972051806,14.82324125138056,13.978001015691323,14.451083183288574,92700.0
2009-08-10,14.306002760094756,14.880008939706338,14.28707904315559,14.785392761230469,77100.0
2009-08-11,14.646631300341415,14.835864990340477,14.34385884007589,14.728632926940918,104800.0
2009-08-12,14.703393176770618,15.132321193776015,14.596161172519269,14.892626762390137,111100.0
2009-08-13,15.03770566430837,15.378324208437382,14.652931772747824,14.9683198928833,97200.0
2009-08-14,14.98724789731173,14.98724789731173,14.085237423387191,14.564627647399902,75900.0
2009-08-17,14.287081936160847,14.545700104480725,14.060003302459386,14.104157447814941,81700.0
2009-08-18,14.242932344577488,14.438472709289227,14.14200820775139,14.21770191192627,79000.0
2009-08-19,14.047389946395242,14.58355009761461,14.047389946395242,14.526780128479004,110500.0
2009-08-20,14.463706723430882,14.810633350429612,14.432167173542298,14.728632926940918,59600.0
2009-08-21,14.924165931658479,15.277400293672999,14.747548149096112,15.157553672790527,133600.0
2009-08-24,15.245863303530848,15.542327733052465,14.747549446279058,15.258479118347168,281600.0
2009-08-25,15.529708026408215,15.643246713174724,15.271088719961938,15.353090286254883,126400.0
2009-08-26,15.37832404798221,15.397247768112562,15.025089693986926,15.144937515258789,74100.0
2009-08-27,15.062934252299094,15.233244105159839,14.545697990819844,15.006165504455566,81500.0
2009-08-28,15.208017702283854,15.359403877120451,14.665549673453276,14.741243362426758,82600.0
2009-08-31,14.608782461315503,14.760168664689012,14.425857916738986,14.615090370178223,105400.0
2009-09-01,14.583546972466571,15.271091956564414,14.19877308702625,14.274465560913086,105300.0
2009-09-02,14.268165484250714,14.564630017036885,13.946469313043217,14.034777641296387,104600.0
2009-09-03,14.12939523078728,14.306013107299805,13.896008568617683,14.306013107299805,64900.0
2009-09-04,14.293390958979915,14.457392942468752,14.097850641520667,14.388007164001465,73000.0
2009-09-08,14.488926213341728,14.501542023765476,14.097845715084752,14.413233757019043,91100.0
2009-09-09,14.444775134278405,14.911549390666162,14.36277475540508,14.6970853805542,69000.0
2009-09-10,14.671858353591675,14.747550843439955,14.249238142089084,14.463702201843262,57000.0
2009-09-11,14.444776724181446,14.46370044590133,14.198774357374408,14.242928504943848,43000.0
2009-09-14,14.160930411690051,14.482625311283668,14.160930411690051,14.362778663635254,56300.0
2009-09-15,14.324930659983554,14.577242168266295,14.091544078865587,14.552010536193848,54900.0
2009-09-16,14.596158729018068,14.97462463378906,14.55200459403161,14.974624633789062,45000.0
2009-09-17,14.993556554966094,15.100788599946107,14.78540037390026,14.854784965515137,35700.0
2009-09-18,14.665553229554252,15.044019359971333,14.476320765901043,15.031403541564941,161700.0
2009-09-21,14.829551011298568,15.144939162445427,14.766473140447133,14.804319381713867,37700.0
2009-09-22,14.974629253461508,15.107092902395861,14.558316990714085,14.690780639648438,53300.0
2009-09-23,14.760169546725148,14.816939526771492,14.38170341411975,14.444781303405762,53500.0
2009-09-24,14.565571513328988,14.724514896244095,14.082383483750052,14.355766296386719,105400.0
2009-09-25,14.349414603307386,14.470211965952801,14.063317118274309,14.2413330078125,46600.0
2009-09-28,14.317623326339467,14.921607584701851,14.234972070235516,14.730875968933105,46300.0
2009-09-29,14.521067718316607,14.711799294835703,14.241327021799046,14.336692810058594,47400.0
2009-09-30,14.387550683232288,14.52106372014817,13.700915499120265,14.069664001464844,69000.0
2009-10-01,13.942515634099308,14.126889352710277,13.478401184082031,13.478401184082031,61900.0
2009-10-02,13.294029694066245,13.630990235317176,13.173232335860476,13.344891548156738,50500.0
2009-10-05,13.376678311001953,13.815361260759223,13.344888900600838,13.656417846679688,127000.0
2009-10-06,13.707280778367235,14.177753175858122,13.484759738470192,14.012453079223633,74700.0
2009-10-07,13.815357680428004,13.948870744227966,13.688203709702282,13.764495849609375,35300.0
2009-10-08,13.834429564475858,14.241324159341119,13.732705915759542,13.993372917175293,95300.0
2009-10-09,13.885301822916768,14.432067755114305,13.859870285306437,14.343058586120605,83700.0
2009-10-12,14.482929617692509,14.559221805238586,14.27312428297711,14.343058586120605,43500.0
2009-10-13,14.29219728567591,14.412994668791208,13.955237887583111,14.190473556518555,27900.0
2009-10-14,14.355774897646183,14.559222355650336,13.777220734205935,14.419352531433105,73700.0
2009-10-15,14.349409208929448,14.476564407348633,14.19046581722639,14.476564407348633,82900.0
2009-10-16,14.31126918879352,14.571936364449538,14.044244129262676,14.400277137756348,77200.0
2009-10-19,14.501993867139605,14.648222700520094,14.209538625662173,14.495635986328125,35800.0
2009-10-20,14.476566420452755,14.680013796101267,14.05059802294793,14.126890182495117,87700.0
2009-10-21,14.126895490291604,14.55922193230059,13.809008543242934,13.91073226928711,51200.0
2009-10-22,14.107816204998953,14.406629353700955,13.783571530803053,14.362125396728516,48200.0
2009-10-23,14.343054104412339,14.463851445031505,13.783573790870339,14.247688293457031,88100.0
2009-10-26,14.222258892105629,14.33669714503462,13.967948429662123,14.184111595153809,64400.0
2009-10-27,14.279483131201694,14.368492313762083,13.88530393930083,13.936165809631348,58100.0
2009-10-28,13.885294974245413,13.993376530495127,13.688205505546005,13.7454252243042,84400.0
2009-10-29,13.885295926512258,13.974303845066203,13.573766998931514,13.847149848937988,79200.0
2009-10-30,13.688206638420146,13.83443428173024,13.459327744444721,13.522905349731445,93400.0
2009-11-02,13.580123369053819,13.592837918402045,12.969780132592058,13.262236595153809,58600.0
2009-11-03,13.109655838820366,13.35124934095118,13.014288801985488,13.160517692565918,48100.0
2009-11-04,13.230447455373703,13.376676295906535,12.855340957641602,12.855340957641602,72400.0
2009-11-05,12.950708690626268,13.185944242185666,12.798121960384297,13.116008758544922,65200.0
2009-11-06,12.93799282803477,13.274952055399408,12.93799282803477,13.096936225891113,33600.0
2009-11-09,13.26859679172594,13.446612640085732,13.26859679172594,13.35124683380127,107600.0
2009-11-10,13.351244820126931,13.351244820126931,13.007926514112729,13.224089622497559,71000.0
2009-11-11,13.40846656010035,13.548336328474761,13.096937612828697,13.35124683380127,42500.0
2009-11-12,13.287667174622007,13.49747240112397,12.747259405558816,12.753617286682129,47600.0
2009-11-13,12.79176188497729,13.052428893039531,12.581956702570084,12.842623710632324,31900.0
2009-11-16,12.81083898133329,13.484758720071113,12.664611330854314,13.35124683380127,143200.0
2009-11-17,13.268597841427079,13.414825503474374,13.249524193604431,13.376679420471191,108100.0
2009-11-18,13.402108677995784,13.402108677995784,13.128725810709511,13.35124683380127,27700.0
2009-11-19,13.268599964547883,13.268599964547883,12.683688010124296,12.925281524658203,62300.0
2009-11-20,12.861703108278926,13.24952549699577,12.861703108278926,13.236809730529785,80100.0
2009-11-23,13.478399113922869,13.783570112599024,13.42117940009087,13.491113662719727,131300.0
2009-11-24,13.465683409533398,13.567407076189749,13.249520314728212,13.554691314697266,39800.0
2009-11-25,13.586482498608522,13.847149580149761,13.262237813916316,13.268595695495605,13800.0
2009-11-27,12.759977605028022,13.230449984239304,12.759977605028022,12.766335487365723,31200.0
2009-11-30,12.709113280631284,13.039715821870281,12.41665802597959,13.001569747924805,88000.0
2009-12-01,13.166873900824392,13.173231783899588,12.715475116265234,12.779052734375,66000.0
2009-12-02,12.772692693420579,13.35124661645563,12.772692693420579,13.039717674255371,66100.0
2009-12-03,13.128725583560522,13.42753997409507,12.728188719038931,12.772692680358887,38200.0
2009-12-04,13.07150608441043,13.446612640085732,12.925278433931453,13.35124683380127,86500.0
2009-12-07,13.332178247361606,13.522911144960153,12.99521885642972,13.19230842590332,22400.0
2009-12-08,13.052432680841074,13.30038400128436,12.91256171021815,13.185944557189941,25500.0
2009-12-09,13.160512868498733,13.287666849932416,12.88077216911775,12.995211601257324,27800.0
2009-12-10,13.014288346750051,13.14144358298721,12.887134323155099,13.109655380249023,55800.0
2009-12-11,13.147797474033405,13.446610612028042,13.071504112927414,13.224089622497559,64300.0
2009-12-14,13.274947992465481,13.414818915860943,13.033354635228394,13.395745277404785,36200.0
2009-12-15,13.338529759785738,13.49111527738581,13.058790250506556,13.116008758544922,69600.0
2009-12-16,13.262236482358045,13.28766679348002,12.734544490677738,12.931633949279785,42900.0
2009-12-17,12.798123882966824,13.166872575722294,12.562888296069447,13.077864646911621,125400.0
2009-12-18,13.205020361441134,13.45932960510254,12.982499318496606,13.459329605102539,304100.0
2009-12-21,13.478407109166643,13.828082267659667,13.294032096862793,13.294032096862793,70700.0
2009-12-22,13.281310452753731,13.414823542713265,13.16051433879265,13.31309986114502,110800.0
2009-12-23,13.44777102085726,13.531138910877514,13.165605976736066,13.460597038269043,39600.0
2009-12-24,13.505485384326692,13.70428496278222,13.428531734668468,13.543963432312012,12700.0
2009-12-28,13.627332515188314,13.627332515188314,13.216909715552697,13.537552833557129,32400.0
2009-12-29,13.569616299376882,13.569616299376882,13.402881735618925,13.44135856628418,27600.0
2009-12-30,13.370814247425963,13.627328420114555,13.370814247425963,13.620915412902832,50700.0
2009-12-31,13.531136292897562,13.71710861676147,13.35798876080778,13.377227783203125,98500.0
2010-01-04,13.582438641239154,13.71069511646293,13.204079776490296,13.608089447021484,63100.0
2010-01-05,13.608092061167813,13.620918078100917,13.39005466593023,13.467009544372559,70500.0
2010-01-06,13.428533780633753,13.595268344505119,13.357991905069147,13.505487442016602,132100.0
2010-01-07,13.524723528262069,13.608090180493155,13.441355652874853,13.59526538848877,34800.0
2010-01-08,13.576027056017239,13.755587607925762,13.505485192203857,13.678632736206055,85500.0
2010-01-11,13.77482959434357,13.77482959434357,13.61450801743597,13.646573066711426,31000.0
2010-01-12,13.627330896891559,13.691459757508186,13.614504880136977,13.665807723999023,56300.0
2010-01-13,13.685045192894885,13.9672114136269,13.627329347218877,13.697871208190918,80700.0
2010-01-14,13.646567346092285,14.037750998016811,13.646567346092285,13.94797134399414,45400.0
2010-01-15,13.980037759173783,13.980037759173783,13.62733086143446,13.742762565612793,66700.0
2010-01-19,13.755588593498508,14.10188248315829,13.723523551669459,14.09546947479248,69600.0
2010-01-20,13.92873367658635,14.082642194082997,13.755587358875227,13.967211723327637,70600.0
2010-01-21,14.044171905058054,14.69187131536135,13.67863885303149,14.332751274108887,95000.0
2010-01-22,14.24937982815115,14.448179443442646,13.960801753727308,14.121123313903809,97700.0
2010-01-25,14.230143096949758,14.371225640208834,13.755591389816653,14.223730087280273,46500.0
2010-01-26,14.121123379915588,14.550785212123401,14.005691660343869,14.236555099487305,115100.0
2010-01-27,14.19166424493371,15.160006634031285,14.050581709567957,14.986860275268555,91400.0
2010-01-28,15.025338623418909,15.198486222801618,14.922732910412101,14.967622756958008,127700.0
2010-01-29,15.006094913240748,15.153590426790547,14.832947367861658,14.94196605682373,178400.0
2010-02-01,14.948378342859293,15.12793888752395,14.775232028998389,14.935553550720215,78000.0
2010-02-02,14.935558370929147,14.967622196359136,14.7239327197277,14.858603477478027,87600.0
2010-02-03,14.84577371478497,14.941966389977155,14.762407055793403,14.909902572631836,111100.0
2010-02-04,14.832946388020956,14.929140277870168,14.627735039567392,14.653387069702148,100500.0
2010-02-05,14.749573578955362,14.974023856309717,14.608491141579634,14.88424301147461,57700.0
2010-02-08,14.826536482118216,14.826536482118216,14.621323884508753,14.666214942932129,53400.0
2010-02-09,14.82653959865643,14.897080258979686,14.698281851085273,14.871429443359375,45900.0
2010-02-10,14.781649581701341,15.012513054480094,14.6854568757624,14.97403621673584,58200.0
2010-02-11,14.897076891399106,15.185656146620733,14.813710230533,15.166417121887207,63000.0
2010-02-12,14.95479563064794,15.692274597007462,14.95479563064794,15.685861587524414,117000.0
2010-02-16,15.794879433067873,15.99367904663086,15.679448938195835,15.99367904663086,67400.0
2010-02-17,16.00009030062435,16.00009030062435,15.69227201192923,15.955199241638184,57700.0
2010-02-18,15.910309384333008,16.096282958984375,15.852593531727845,16.096282958984375,75000.0
2010-02-19,16.057807155863618,16.256605536874723,16.057807155863618,16.211715698242188,157800.0
2010-02-22,16.23736546834572,16.38486099243164,16.13475978001149,16.38486099243164,35200.0
2010-02-23,16.333556103124298,16.429749994154864,16.198886612731325,16.28225326538086,76100.0
2010-02-24,16.295077401935945,16.468224918041315,16.23094855636107,16.34638023376465,72700.0
2010-02-25,16.089871975522456,16.320735414997927,15.89748659139719,16.198890686035156,58400.0
2010-02-26,16.09628168688168,16.166822327591547,15.640967910442141,15.762812614440918,101400.0
2010-03-01,15.910306783967217,16.038564485051104,15.583250747043788,15.948784828186035,95700.0
2010-03-02,16.07704229071231,16.243776823070167,15.910307758354453,16.237363815307617,61500.0
2010-03-03,16.256606282108933,16.62213923990932,16.070632687070045,16.41051483154297,70400.0
2010-03-04,16.45539800994932,16.71832516167591,16.365618364917587,16.711912155151367,32000.0
2010-03-05,16.731148877673224,17.199287281289823,16.21170765205968,17.160810470581055,74000.0
2010-03-08,16.647790405660263,16.917130678660698,16.596487554762867,16.654203414916992,74800.0
2010-03-09,16.53235980417506,16.76963502939443,16.53235980417506,16.679855346679688,48300.0
2010-03-10,16.667024111321343,16.93636429831615,16.5387676366109,16.673437118530273,67900.0
2010-03-11,16.54518460609755,17.01973750303981,16.448991914127905,16.74398422241211,38000.0
2010-03-12,16.788865424171266,16.82092923060884,16.397680625222655,16.60289192199707,67900.0
2010-03-15,16.61572776584035,16.72474648465576,16.55159889186249,16.583663940429688,29100.0
2010-03-16,16.65420307782321,16.65420307782321,16.269432315459028,16.538772583007812,75500.0
2010-03-17,16.570836248632812,16.72474479675293,16.50670738112699,16.72474479675293,46400.0
2010-03-18,16.63496497755467,16.73757067544662,16.39127552769399,16.493881225585938,41600.0
2010-03-19,16.59648441672389,16.59648441672389,16.2181267273677,16.590072631835938,122100.0
2010-03-22,16.404102570503973,16.84017742536509,16.269433042291467,16.801700592041016,47100.0
2010-03-23,16.81452433044499,17.013323940291595,16.493881218874026,16.97484588623047,33700.0
2010-03-24,16.936371426895892,16.936371426895892,16.54518638459232,16.641380310058594,55800.0
2010-03-25,16.783446807326502,16.78990461075003,16.34432602812718,16.37015724182129,88700.0
2010-03-26,16.49284809194949,16.54450927212781,16.014980635675418,16.079557418823242,43300.0
2010-03-29,16.176422626107197,16.189338229594405,15.982693500598026,16.027896881103516,38000.0
2010-03-30,16.02789623864492,16.27328776826671,15.91811607680353,16.079557418823242,46800.0
2010-03-31,15.976236992095014,16.447645472239934,15.86645681696676,15.924575805664062,79400.0
2010-04-01,15.982690171344906,16.111843715914354,15.614604170531305,15.87936782836914,43200.0
2010-04-05,15.866455620724695,15.866455620724695,15.27880920749043,15.575861930847168,250000.0
2010-04-06,15.49191244007044,15.976236510137376,15.440251255197959,15.91811752319336,101300.0
2010-04-07,15.853537891051209,15.93103027031258,15.63397758679351,15.763131141662598,136800.0
2010-04-08,15.743764116143474,15.892291133915645,15.395051347465522,15.72439193725586,116000.0
2010-04-09,15.763131141662598,15.995607047747123,15.55002863831831,15.763131141662598,59000.0
2010-04-12,15.730847181975282,15.918118527060765,15.58877799084159,15.776050567626953,100000.0
2010-04-13,15.569406704243924,15.931035041809082,15.414423131001714,15.931035041809082,43800.0
2010-04-14,15.982697825221669,16.28620719909668,15.814798629556746,16.28620719909668,112300.0
2010-04-15,15.730853051276764,16.718873796872494,15.588783807135952,16.525144577026367,105600.0
2010-04-16,16.518680755834822,16.654292145696076,15.885830887682017,16.486392974853516,93500.0
2010-04-19,16.454104750656306,16.944886681629878,16.42181696812776,16.93842887878418,80200.0
2010-04-20,16.977173433944966,17.338801723223774,16.938426622033113,17.2354793548584,67300.0
2010-04-21,17.429209197364155,17.700430733292787,17.20319104547366,17.59065055847168,94100.0
2010-04-22,17.39046460606981,18.074975671276928,17.37754900083762,18.036230087280273,88600.0
2010-04-23,17.939364222800485,18.229957929451032,17.70688827212019,18.139551162719727,86000.0
2010-04-26,18.042682773787472,18.15246292373244,17.429205247912734,17.46795082092285,64600.0
2010-04-27,17.345263726607985,17.797298889774265,17.080499939577717,17.119245529174805,73800.0
2010-04-28,17.19673014142141,17.584189584532698,17.119238991818918,17.203187942504883,40600.0
2010-04-29,17.306516166267425,17.900620518753026,17.138618207949786,17.73272132873535,92300.0
2010-04-30,17.78437675329953,17.78437675329953,16.75115203857422,16.75115203857422,91100.0
2010-05-03,16.79636320413145,17.20319498534704,16.79636320413145,17.099872589111328,54900.0
2010-05-04,16.873852299956138,16.873852299956138,16.221630216216322,16.31849479675293,106500.0
2010-05-05,16.169967948198426,16.421816087170406,16.002068778317145,16.20871353149414,83500.0
2010-05-06,16.07955471392225,16.312030601467466,15.117364625148253,15.87936782836914,107600.0
2010-05-07,15.847082149346528,16.09247243837218,15.285265757538303,15.511283874511719,92200.0
2010-05-10,16.16996759725816,16.337865531795632,16.014982804039196,16.29911994934082,106800.0
2010-05-11,16.04081268803968,16.906138425461933,15.737303392439244,16.7124080657959,80400.0
2010-05-12,16.712416063715626,17.203198152026022,16.712416063715626,17.1773681640625,82800.0
2010-05-13,17.06757973477544,17.209647679494243,16.86093500365727,17.048206329345703,62800.0
2010-05-14,16.93196922685043,16.93196922685043,15.982694482799142,16.602628707885742,159200.0
2010-05-17,16.718865556299953,16.90613811065328,16.447644043177718,16.854476928710938,54000.0
2010-05-18,17.041744318768533,17.041744318768533,16.312030138261157,16.337860107421875,37700.0
2010-05-19,16.318497182698962,16.62846437841675,16.20225917637975,16.324954986572266,48800.0
2010-05-20,15.98269570435952,16.008526914895654,15.356303629257196,15.478998184204102,100100.0
2010-05-21,15.369216549285172,16.499306037664958,15.233606401895498,15.847084045410156,101800.0
2010-05-24,15.879375121411988,15.976239708477078,15.110913764855518,15.143202781677246,50000.0
2010-05-25,15.123824906335994,15.123824906335994,14.665330856436345,14.988213539123535,117700.0
2010-05-26,15.072161514912917,15.4789930934586,15.001126941000374,15.272348403930664,189300.0
2010-05-27,15.621066615824793,16.060187319893263,15.433794043683887,16.021440505981445,80900.0
2010-05-28,16.014976116311026,16.014976116311026,15.433787695389134,15.640432357788086,65100.0
2010-06-01,15.562944560921759,15.78250486970494,15.317553047952506,15.324010848999023,64900.0
2010-06-02,15.388589187965765,15.866455428560998,15.388589187965765,15.78896427154541,93200.0
2010-06-03,15.730845572538703,16.002067090399706,15.562946420367629,15.801878929138184,62700.0
2010-06-04,15.395052102413523,15.4596289091725,15.046338084935128,15.059253692626953,161600.0
2010-06-07,15.175489420144885,15.349846402707731,15.078624840398845,15.16257381439209,84800.0
2010-06-08,15.265893003487184,15.265893003487184,14.762196801497824,15.110909461975098,48000.0
2010-06-09,15.233614277886609,15.233614277886609,14.891357983899812,15.033427238464355,44900.0
2010-06-10,15.27235662560832,15.453171442134357,15.11737302502893,15.41442584991455,83300.0
2010-06-11,15.349840639760334,15.795417785644531,15.349840639760334,15.795417785644531,40400.0
2010-06-14,15.995616242292286,16.060193056846654,15.640444378093415,15.769598007202148,64700.0
2010-06-15,15.924572796292507,16.05372635381281,15.491909979808987,15.995607376098633,75900.0
2010-06-16,15.872913469770472,16.28620293128907,15.847083494275436,16.1247615814209,38400.0
2010-06-17,16.279750177643887,16.479938400380185,16.176427780225215,16.383073806762695,64300.0
2010-06-18,16.505763874404447,16.718866414822,16.286203531950022,16.408899307250977,119800.0
2010-06-21,16.628456918835617,16.628456918835617,16.240997482153897,16.363693237304688,66200.0
2010-06-22,16.467019244464556,16.69949520441272,16.312035681732404,16.395984649658203,70900.0
2010-06-23,16.467020259952598,16.467020259952598,16.18288309490488,16.253917694091797,56200.0
2010-06-24,16.22139135068142,16.351473934352452,15.967728017466024,16.149845123291016,66100.0
2010-06-25,16.26042091777684,16.696200247996128,16.019766142342213,16.53359603881836,158800.0
2010-06-28,16.572623133440324,16.650673711149913,16.377498550024114,16.52058982849121,43300.0
2010-06-29,16.20838435833655,16.292937984240055,15.961226555981261,16.045780181884766,55800.0
2010-06-30,16.013261489070917,16.21489034123964,15.948219563689266,16.05228614807129,130000.0
2010-07-01,16.000252599062428,16.266923372332506,15.779110800657259,16.05879020690918,89200.0
2010-07-02,16.20188029875858,16.20188029875858,15.66853879004955,15.675043106079102,75300.0
2010-07-06,15.967729294776898,16.013259505303722,15.492925407282504,15.610000610351562,152400.0
2010-07-07,15.76610216767542,16.065294523400098,15.694555926846832,16.05879020690918,106700.0
2010-07-08,16.182368155114233,16.364485291280676,15.96773067775483,16.24090576171875,56400.0
2010-07-09,16.253912296535486,16.423020778169352,15.935208279807886,16.325458526611328,162200.0
2010-07-12,16.273423265157092,16.364481190134295,16.097810489354323,16.10431480407715,59600.0
2010-07-13,16.279931140795544,16.650668477089894,16.227897852202855,16.618146896362305,83200.0
2010-07-14,16.49457553262323,16.49457553262323,16.247416377668568,16.384004592895508,21900.0
2010-07-15,16.351480530343167,16.42953110448748,15.922205473978918,16.01976776123047,40700.0
2010-07-16,15.844156024980549,16.00676024940581,15.252276747318335,15.330326080322266,96600.0
2010-07-19,15.343331627356003,15.34983594389229,14.940072686106973,15.083165168762207,49500.0
2010-07-20,14.855520427186253,14.91405804085907,14.634378606771529,14.875033378601074,143800.0
2010-07-21,14.946574446302977,15.089666904484845,14.419737302685032,14.432745933532715,43900.0
2010-07-22,14.679908292196059,15.122191954297081,14.679908292196059,14.998612403869629,100100.0
2010-07-23,14.87502636866338,15.525442889118654,14.764455510563142,15.505929946899414,77600.0
2010-07-26,15.596997556911235,15.818139410559837,15.258780458322569,15.668543815612793,79900.0
2010-07-27,15.785616177179994,15.83114515510226,15.5254497029302,15.55797004699707,74800.0
2010-07-28,15.499430925390628,15.499430925390628,14.979098027577646,15.128693580627441,51800.0
2010-07-29,15.232759818323853,16.279931147313917,15.232759818323853,15.889680862426758,168600.0
2010-07-30,15.68155217172646,16.019768023701783,15.427888732030208,15.48642635345459,102800.0
2010-08-02,15.675048568666652,15.82464416776455,15.440898072289512,15.68155288696289,63100.0
2010-08-03,15.603497628511592,15.97423497621051,15.49943104812493,15.544960021972656,42700.0
2010-08-04,15.596990305419059,15.675040845948423,15.278286309352392,15.349832534790039,123400.0
2010-08-05,15.258778507252044,15.421382717639155,14.862025077496233,14.953083038330078,83900.0
2010-08-06,14.87503508819189,14.888042483391734,14.237625581671564,14.439255714416504,56800.0
2010-08-09,14.59535338457673,14.614865094671359,14.302665327441341,14.588849067687988,121800.0
2010-08-10,14.361201119954432,14.731938451655893,14.309167832006358,14.452259063720703,62400.0
2010-08-11,14.172585330254073,14.419743214839194,13.99046814543168,14.042501449584961,131200.0
2010-08-12,13.775831464510151,14.27014850488842,13.775831464510151,14.185593605041504,84000.0
2010-08-13,14.107537240196928,14.237619823588936,13.944933080528452,13.996966361999512,113100.0
2010-08-16,13.87989780238684,14.31567720820018,13.834368814410679,14.302668571472168,84500.0
2010-08-17,14.478280026184912,14.60836265899654,14.283154216109832,14.400229454040527,67000.0
2010-08-18,14.367710514540345,14.504297478468825,14.205106277155842,14.302668571472168,30800.0
2010-08-19,14.211606714879002,14.406731250230678,14.107540130615234,14.107540130615234,96100.0
2010-08-20,14.016482269658232,14.237624092356471,13.87989533005902,14.153070449829102,62900.0
2010-08-23,14.224617607778665,14.237625002449336,13.743308028383444,13.847375869750977,59000.0
2010-08-24,13.658755211993023,14.02298833695273,13.333546754564619,13.9124174118042,82000.0
2010-08-25,13.840872532996395,13.918921868838526,13.613226362408502,13.853879928588867,43800.0
2010-08-26,13.892908484791114,14.140066416156966,13.743311621535193,13.749815940856934,25100.0
2010-08-27,13.899405680101653,14.211605404097787,13.567693008141477,14.179083824157715,45100.0
2010-08-30,14.114047786069653,14.114047786069653,13.580704864834033,13.600217819213867,75900.0
2010-08-31,13.574197677115324,13.788835148015565,13.574197677115324,13.639238357543945,265900.0
2010-09-01,13.89290315362538,14.19209428418358,13.665257027008026,14.094532012939453,118000.0
2010-09-02,14.13355755372055,14.205103802689692,13.827862087294358,14.009979248046875,41600.0
2010-09-03,14.159578550171082,14.296165526263414,14.009982936192246,14.26364517211914,42400.0
2010-09-07,14.211609998226075,14.231121711926164,13.899410173306398,14.042501449584961,111600.0
2010-09-08,14.075023360084737,14.50429847708966,14.035998687785735,14.192098617553711,80400.0
2010-09-09,14.426246724945909,14.471775708458566,14.19860056681086,14.400229454040527,35000.0
2010-09-10,14.413234407902506,14.653889140019501,14.322176464136236,14.452259063720703,35900.0
2010-09-13,14.608359540020121,14.901047572356132,14.478276934981945,14.849014282226562,62600.0
2010-09-14,14.790475222298925,14.790475222298925,14.45225824940757,14.504291534423828,36200.0
2010-09-15,14.471771653389716,14.673400484121892,14.348192132360326,14.6278715133667,27200.0
2010-09-16,14.556328898279432,14.653892420523208,14.556328898279432,14.608362197875977,117600.0
2010-09-17,14.790478190686592,14.790478190686592,14.543320347398659,14.582345008850098,115500.0
2010-09-20,14.64088156886699,15.154710169518294,14.43925271852824,15.083165168762207,60800.0
2010-09-21,15.076663500477782,15.154712831479706,14.647388458251953,14.647388458251953,37800.0
2010-09-22,14.367709458244313,14.868530770306073,14.367709458244313,14.439255714416504,41900.0
2010-09-23,14.373679987498207,14.740890438620916,14.275320201572262,14.321221351623535,47600.0
2010-09-24,14.557286721198084,14.754006304979432,14.413024525759992,14.688432693481445,73400.0
2010-09-27,14.68842358798451,14.68842358798451,14.498261608307486,14.55072021484375,21900.0
2010-09-28,14.727778205043686,14.727778205043686,14.347452711567131,14.708106994628906,114200.0
2010-09-29,14.609743360059877,14.90482269533311,14.465481184372464,14.72121810913086,47600.0
2010-09-30,14.754007295354285,14.911383223085874,14.642532523538655,14.767122268676758,58800.0
2010-10-01,14.872037803433301,14.957282618570904,14.504827348612585,14.806464195251465,53100.0
2010-10-04,14.799908230085164,14.944170433050973,14.413025277843058,14.655647277832031,57700.0
2010-10-05,14.852359767695601,15.337602284859607,14.694983917592038,15.245800018310547,67000.0
2010-10-06,15.160567266295274,15.226139651174563,14.891715235295285,15.003190040588379,49900.0
2010-10-07,15.15399982391338,15.15399982391338,14.662199756074173,14.911377906799316,38500.0
2010-10-08,14.963838408427652,15.44252356768855,14.806462517056085,15.376951217651367,48800.0
2010-10-11,15.337609447544079,15.403183061721549,15.042530059814451,15.042530059814453,20100.0
2010-10-12,15.042530323823787,15.193348763580099,14.69499103808244,15.140890121459961,15900.0
2010-10-13,15.180233261321215,15.711377150615654,14.911382573486211,15.370396614074707,47300.0
2010-10-14,15.331057292824537,15.331057292824537,14.872044335374005,15.23925495147705,52800.0
2010-10-15,15.416296254433725,15.48186986103879,14.911381109500997,15.08187198638916,80300.0
2010-10-18,15.16711973887065,15.580232665045243,15.06220244825454,15.567117691040039,39500.0
2010-10-19,15.344162940979002,15.606456078718955,15.140885915569584,15.344162940979004,41100.0
2010-10-20,15.403175520289729,15.540880167713157,15.278585839423208,15.449076652526855,43500.0
2010-10-21,15.567112400268607,15.73104576747958,14.88515024304137,15.350720405578613,87300.0
2010-10-22,15.45563811852734,15.593342801435519,15.370393315365035,15.586785316467285,92300.0
2010-10-25,15.632689143746536,15.921212278309458,15.41629710550249,15.462198257446289,64500.0
2010-10-26,15.331057396770559,15.5933519464785,15.239255054800642,15.29171371459961,105800.0
2010-10-27,15.180238481473832,15.42941804658219,14.79335540726328,15.003190040588379,82600.0
2010-10-28,15.16056169569686,15.16056169569686,14.681875207260386,14.688432693481445,67400.0
2010-10-29,14.688435037837445,15.475315999978642,14.688435037837445,15.40318489074707,78300.0
2010-11-01,15.363840749884854,15.521216687376999,14.950727819594297,15.193349838256836,56100.0
2010-11-02,15.38351487002,15.67203810201672,15.311385000055578,15.665480613708496,44500.0
2010-11-03,15.632689168847351,15.88842487335205,15.619574196638753,15.88842487335205,31700.0
2010-11-04,15.960555047481414,16.813008180378482,15.960555047481414,16.760549545288086,113600.0
2010-11-05,16.832677586039235,17.160544308594957,16.54415451999076,16.721202850341797,45100.0
2010-11-08,16.760547136014054,16.780219590362293,16.413009197514818,16.53759765625,32400.0
2010-11-09,16.563823755940575,16.662183503457637,16.386775459982633,16.544151306152344,35800.0
2010-11-10,16.60318058928211,17.081865991174933,16.49170578671815,17.07530975341797,32400.0
2010-11-11,16.852350528687754,16.85890676270231,16.563827454266622,16.583499908447266,25700.0
2010-11-12,16.393330245818973,16.826114064251648,16.235954425544534,16.603164672851562,33100.0
2010-11-15,16.65563027863622,16.917923422647743,16.531040566213612,16.7933349609375,22000.0
2010-11-16,16.68841777906415,16.747433893073598,16.235961321895818,16.406452178955078,38900.0
2010-11-17,16.406453452390124,16.439239629068002,15.967111931059193,16.045799255371094,26700.0
2010-11-18,16.28842463313945,16.622848958421113,16.18350734489964,16.334325790405273,28300.0
2010-11-19,16.35399696989797,16.35399696989797,15.783508165408884,16.163833618164062,60700.0
2010-11-22,16.13103897611565,16.13103897611565,15.652353980759676,15.829401016235352,43800.0
2010-11-23,15.698262634006369,15.940883364058811,15.501541804834376,15.842523574829102,44400.0
2010-11-24,16.032684875456127,16.314649235136777,15.357278907554408,16.2359619140625,41100.0
2010-11-26,16.11137113561379,16.275304502888186,16.11137113561379,16.176944732666016,12000.0
2010-11-29,16.05891759609759,16.419571868795575,15.947442821003703,16.334325790405273,28900.0
2010-11-30,16.157274451762063,16.157274451762063,15.82285018745112,15.92776870727539,72700.0
2010-12-01,16.22940947334697,16.95071681119384,16.09826222984288,16.911373138427734,60300.0
2010-12-02,16.93759723305118,17.003170836980274,16.76710636312051,16.950712203979492,52300.0
2010-12-03,16.806450025192984,16.963827174907802,16.62940292051063,16.950712203979492,40300.0
2010-12-06,16.858909690623083,17.127761608267956,16.858909690623083,17.016286849975586,24800.0
2010-12-07,17.12120473379407,17.304809341740867,17.035958665207982,17.193334579467773,39500.0
2010-12-08,17.298245478951625,17.573653540060143,17.186770757771697,17.38349151611328,41400.0
2010-12-09,17.4425109144255,17.68513160296585,17.3638223460777,17.534313201904297,41600.0
2010-12-10,17.58022091267527,18.013005073472307,17.50809105301765,17.9802188873291,33600.0
2010-12-13,17.999888405153314,18.1834930186631,17.71136526157884,17.914642333984375,55500.0
2010-12-14,17.993334703948175,18.09169451769271,17.816286288780287,17.92776107788086,51900.0
2010-12-15,17.947428125405796,18.065459115856488,17.494971617851025,17.665462493896484,62400.0
2010-12-16,17.60644233935988,18.039226290657968,17.586769886769158,17.921194076538086,64200.0
2010-12-17,17.986767869190572,18.098242600361715,17.921194277199504,18.05234146118164,162900.0
2010-12-20,18.065461517503753,18.098248950359288,17.81628328136507,17.88841438293457,48000.0
2010-12-21,18.019559816683547,18.190050710232754,17.901527563402354,18.03267478942871,34700.0
2010-12-22,18.13167718408034,18.46170407955364,18.13167718408034,18.30329132080078,39100.0
2010-12-23,18.316492472129024,18.4155002877554,17.82805282394657,18.098674774169922,28200.0
2010-12-27,18.078881173951213,18.441911679861658,18.078881173951213,18.422109603881836,30200.0
2010-12-28,18.382505529422236,18.5805212406808,18.3032984895469,18.540918350219727,44300.0
2010-12-29,18.501310987404427,18.752130911631014,18.35609832589435,18.514511108398438,58700.0
2010-12-30,18.547524060982223,18.547524060982223,18.270301234828338,18.402311325073242,36200.0
2010-12-31,18.309895408011503,18.448507384491396,17.84785842396869,17.85445785522461,62800.0
2011-01-03,18.08548078240807,18.765336909544526,18.08548078240807,18.653127670288086,69600.0
2011-01-04,18.732331042059847,18.76533449580376,17.821457120929455,18.065677642822266,58500.0
2011-01-05,18.07887312793173,18.580514165585296,18.065673008773178,18.48150634765625,66900.0
2011-01-06,18.53431884986095,18.55412092584077,18.184489727937056,18.422109603881836,43800.0
2011-01-07,18.435310563494696,18.448511947177355,17.709250827340696,17.7884578704834,53300.0
2011-01-10,17.66964177183727,18.03927157334713,17.39241910596667,17.940263748168945,79200.0
2011-01-11,18.059076125382514,18.13828189283603,17.702646394982764,17.861059188842773,33500.0
2011-01-12,18.04587549077219,18.06567756293097,17.821457042118166,17.979869842529297,49000.0
2011-01-13,17.755447460860456,18.164681382154445,17.748846771602985,17.821453094482422,29400.0
2011-01-14,17.841254422509774,18.31649269876836,17.841254422509774,18.30329132080078,34300.0
2011-01-18,18.23069199971095,18.48151196530067,18.177887730168216,18.3429012298584,39900.0
2011-01-19,18.283496951520707,18.349501346697327,17.550836582691343,17.57063865661621,34900.0
2011-01-20,17.438624154937965,17.709246154254956,17.37261851289538,17.53763198852539,57600.0
2011-01-21,17.643236056487563,18.81153147104868,17.610233873277284,18.613515853881836,161300.0
2011-01-24,18.52771395794482,18.73233032754012,18.43530680889268,18.725730895996094,32300.0
2011-01-25,18.54090595783901,18.81152783652547,18.164675602540875,18.77192497253418,107100.0
2011-01-26,18.74553447171295,19.101964257372863,18.51451530607632,19.02935791015625,81400.0
2011-01-27,19.009555072840797,19.009555072840797,18.692729448715845,18.864343643188477,49300.0
2011-01-28,18.8115368805455,19.049156696638388,18.072275929897046,18.210887908935547,74400.0
2011-01-31,18.36269780703736,18.40230068531807,17.92046167955219,17.940263748168945,69600.0
2011-02-01,18.039274640246227,18.573917994266623,17.946867488896604,18.53431510925293,73200.0
2011-02-02,18.408910802637752,18.606927813357647,18.389109982833176,18.494718551635742,56900.0
2011-02-03,18.501312255859375,18.646523668372303,18.171285288277563,18.501312255859375,34000.0
2011-02-04,18.468310008990247,18.56071842203184,18.26369362824288,18.428707122802734,37600.0
2011-02-07,18.375899668896594,18.725728669933392,18.32309541015074,18.415502548217773,32700.0
2011-02-08,18.46170685230291,18.61352020382541,18.08547633639001,18.507911682128906,27100.0
2011-02-09,18.375902782271215,18.422106359132865,18.111881443809597,18.336299896240234,23500.0
2011-02-10,18.13168522810857,18.382506484957343,18.01947598350849,18.085481643676758,23400.0
2011-02-11,18.01947256826287,18.53431510925293,17.834658265563633,18.53431510925293,47200.0
2011-02-14,18.441901971584898,18.48150484374333,18.105274410856687,18.290088653564453,34700.0
2011-02-15,18.17129191730097,18.408910564556916,18.032679885694357,18.045881271362305,82200.0
2011-02-16,18.25048627117257,18.29668983308942,18.012867772892672,18.158079147338867,22900.0
2011-02-17,18.191087595814324,18.243891864609527,17.960068447727902,18.03267478942871,39700.0
2011-02-18,18.17128003708915,18.369295656833927,18.131675905978106,18.290088653564453,31400.0
2011-02-22,18.019473690850234,18.28349629793112,17.583838151701105,17.590438842773438,57800.0
2011-02-23,17.43202704013302,17.788456824894702,17.234011332345304,17.247211456298828,81300.0
2011-02-24,17.260408313136026,17.425421779339914,16.884177811623616,17.168001174926758,54400.0
2011-02-25,17.20760892683821,17.781856505771685,17.141603269875837,17.735652923583984,40200.0
2011-02-28,17.887459490810393,18.03927157334713,17.755448217937616,17.940263748168945,73900.0
2011-03-01,18.00627186076251,18.125080511942784,17.676244892149253,17.861059188842773,223900.0
2011-03-02,17.801653428199288,17.841257569086817,17.405622090947332,17.66964340209961,22000.0
2011-03-03,17.814856430180672,18.072277074618015,17.814856430180672,18.065677642822266,48900.0
2011-03-04,18.039273531890398,18.045874222145958,17.73564933385212,17.986469268798828,28800.0
2011-03-07,18.03267297116359,18.04587435176954,17.326415475133476,17.432024002075195,31800.0
2011-03-08,17.425423772005033,18.032673447434817,17.425423772005033,17.946866989135742,29900.0
2011-03-09,17.920471184837492,18.039281141651006,17.70925404337056,17.89406967163086,19900.0
2011-03-10,17.623441251597423,17.623441251597423,17.029391679895134,17.108598709106445,58300.0
2011-03-11,17.068997051866052,17.26041205955422,16.857779970712304,17.055795669555664,32200.0
2011-03-14,16.85777728048265,17.062393637827732,16.692763804795636,16.8709774017334,54000.0
2011-03-15,16.40894112771977,17.05579367795874,16.40894112771977,16.969985961914062,38800.0
2011-03-16,16.950187578227737,16.950187578227737,16.64656207180708,16.81817626953125,61800.0
2011-03-17,17.03599020779985,17.03599020779985,16.791770978396034,16.837974548339844,28500.0
2011-03-18,16.983195796874657,17.399030685424805,16.983195796874657,17.399030685424805,92000.0
2011-03-21,17.57064186352851,17.709252629441778,17.438630531174894,17.636646270751953,34900.0
2011-03-22,17.669647810828355,17.768655669844655,17.5244351092481,17.61024284362793,17300.0
2011-03-23,17.55742872476591,17.55742872476591,17.055787760178024,17.339611053466797,35700.0
2011-03-24,17.372855718677986,17.386153272378543,17.16009993196716,17.27312660217285,36200.0
2011-03-25,17.339613201261287,17.851557608526413,17.23323530730029,17.346261978149414,42400.0
2011-03-28,17.419407064796175,17.472596041727794,17.100271935081217,17.12021827697754,35100.0
2011-03-29,17.213293075561523,17.372859954499976,17.166752894386743,17.213293075561523,32200.0
2011-03-30,17.299723672690117,17.665397564079264,17.113561704130834,17.64545249938965,45900.0
2011-03-31,17.532420037109606,18.03106677997465,17.452636000276534,17.957931518554688,80900.0
2011-04-01,18.13080152675464,18.323611001341465,18.08426135247936,18.183990478515625,60600.0
2011-04-04,18.28371882952121,18.39674550573778,18.03107163639719,18.303665161132812,65800.0
2011-04-05,18.223882046883748,18.476530521220596,18.01112623783671,18.277070999145508,46800.0
2011-04-06,18.416696218046955,18.735829990995992,18.390101102905426,18.65604591369629,50800.0
2011-04-07,18.695941174111898,18.695941174111898,18.297023268648974,18.44329261779785,30800.0
2011-04-08,18.589557064432174,18.589557064432174,18.17069419844163,18.237180709838867,28400.0
2011-04-11,18.217232230817707,18.33025890644617,18.217232230817707,18.23052978515625,22600.0
2011-04-12,18.137448828720835,18.37679845811135,17.984529495239258,17.984529495239258,38200.0
2011-04-13,18.097560732975083,18.097560732975083,17.525779720833786,17.685346603393555,38200.0
2011-04-14,17.459293507867628,17.977886836343853,17.459293507867628,17.87150764465332,25300.0
2011-04-15,17.791724052991757,18.762422879837153,17.519130477336553,18.523073196411133,168400.0
2011-04-18,18.303668030949538,18.70923335897699,18.217235181872116,18.596206665039062,35100.0
2011-04-19,18.709233755063252,18.709233755063252,18.29037086167556,18.376802444458008,35300.0
2011-04-20,18.58291133097327,18.629451512962763,18.503127256044962,18.622802734375,153700.0
2011-04-21,18.775720837519003,18.815612240920732,18.316965259962142,18.622802734375,48000.0
2011-04-25,18.549664343609333,18.59620451783507,18.516421724340848,18.589555740356445,47800.0
2011-04-26,18.616156859491173,18.95523701160691,18.536372772118334,18.82891273498535,86100.0
2011-04-27,18.88210322560831,19.181291992212422,18.82226547228749,19.1214542388916,73000.0
2011-04-28,19.141399023081497,19.41399264687972,19.048317376525365,19.380748748779297,33000.0
2011-04-29,19.453882531124425,19.580206797751032,19.247775451562557,19.48047637939453,50000.0
2011-05-02,19.593504238051914,19.593504238051914,19.28101921081543,19.28101921081543,36000.0
2011-05-03,19.194578224737675,19.40733399181921,19.154685567316587,19.354145050048828,90000.0
2011-05-04,19.38074231898333,19.52701288584806,19.314255812965236,19.413986206054688,55100.0
2011-05-05,19.247777263401993,19.686586580226955,19.167993174831516,19.460533142089844,118100.0
2011-05-06,19.706524803534894,19.706524803534894,19.32755336779378,19.413986206054688,84000.0
2011-05-09,19.447231531718927,19.540311892224654,19.394042573126395,19.453880310058594,44000.0
2011-05-10,19.513719924522725,19.939231634203992,19.513719924522725,19.93258285522461,20200.0
2011-05-11,19.85280029485961,19.919285549244652,19.719827249839643,19.779664993286133,51600.0
2011-05-12,19.6932340410398,19.83950338081036,19.493774467034513,19.726476669311523,35400.0
2011-05-13,19.753065617233066,19.753065617233066,19.287662596278416,19.360797882080078,28000.0
2011-05-16,19.28101921081543,19.407343484857847,19.247776581495067,19.28101921081543,38000.0
2011-05-17,19.281012862469208,19.56690394574369,19.247770244094102,19.33420181274414,37700.0
2011-05-18,19.221177431535796,19.447230814245383,19.221177431535796,19.43393325805664,111400.0
2011-05-19,19.46717626057967,19.573554168987915,19.14804126723023,19.320905685424805,69600.0
2011-05-20,19.28101921081543,19.387397146390615,19.214532684049683,19.28101921081543,108200.0
2011-05-23,19.015072898194127,19.327557901212774,19.015072898194127,19.061613082885742,47700.0
2011-05-24,19.187935275860575,19.334204593119896,19.061611025244694,19.28766441345215,74000.0
2011-05-25,19.281012862469208,19.46717482249377,19.167986184619405,19.33420181274414,63200.0
2011-05-26,19.314255838328545,19.61344448174054,19.094851255867958,19.57355308532715,115200.0
2011-05-27,19.60680088571942,19.613449664899466,19.347504838322433,19.487125396728516,55200.0
2011-05-31,19.61344924702199,19.739773512501518,19.387395832216487,19.70652961730957,127200.0
2011-06-01,19.48047021246804,19.48047021246804,18.902040563363364,18.921985626220703,115000.0
2011-06-02,19.035018369023287,19.12810000849739,18.902046591113777,19.00177574157715,48800.0
2011-06-03,18.695935875423075,18.948583092008317,17.891451512793665,18.616151809692383,72000.0
2011-06-06,18.55631852100161,18.78237194855815,18.463238145463627,18.56296730041504,81000.0
2011-06-07,18.7624211173865,18.848853960938477,18.503125122979974,18.616151809692383,36300.0
2011-06-08,18.476525225387412,18.689280973453343,18.270416984839787,18.290363311767578,59800.0
2011-06-09,18.310315518154024,18.35020691669448,18.13080232253494,18.2238826751709,191300.0
2011-06-10,18.183984810103446,18.237173745284082,17.851553648193416,17.957931518554688,126600.0
2011-06-13,18.051021512355003,18.051021512355003,17.81831932067871,17.81831932067871,83300.0
2011-06-14,17.951291401104644,18.090911947746637,17.705291664670124,18.004480361938477,87100.0
2011-06-15,17.79837663216792,17.977889884164966,17.379512377508146,17.439350128173828,67500.0
2011-06-16,17.4459966606147,17.818319408251693,17.326321174700148,17.731887817382812,53400.0
2011-06-17,17.85155865633767,17.931341447429066,17.53907246487666,17.691991806030273,114600.0
2011-06-20,17.638810555763015,17.971241956050196,17.59226909449768,17.94464683532715,49500.0
2011-06-21,18.04436721961802,18.117502497886402,17.89144915426098,17.984529495239258,67900.0
2011-06-22,17.898100582961277,17.94464076034574,17.53242667369074,17.54572296142578,52900.0
2011-06-23,17.37160444078444,17.565812149133798,17.29124179356754,17.411785125732422,95600.0
2011-06-24,17.431882033113823,17.69305849004822,17.358216354564583,17.378307342529297,326200.0
2011-06-27,17.41178581030879,17.760021833072003,17.351514141856658,17.672962188720703,55200.0
2011-06-28,17.6930596905228,17.71315067985069,17.512244618536197,17.62609100341797,44400.0
2011-06-29,17.739931670467026,17.780112358850527,17.445270308572205,17.552419662475586,48800.0
2011-06-30,17.63278496637483,17.760025322251852,17.539029586950313,17.57921028137207,50000.0
2011-07-01,17.54572826893426,17.92075110000501,17.518940285197093,17.786813735961914,63300.0
2011-07-05,17.79350660045228,18.121651661112917,17.512239223125867,18.041290283203125,54000.0
2011-07-06,17.95423532124744,18.38952985098582,17.95423532124744,18.295774459838867,96800.0
2011-07-07,18.416318888191373,18.918582130596594,18.268988796921576,18.690889358520508,89300.0
2011-07-08,18.483281544041482,18.744457936115595,18.268982834922102,18.423009872436523,49000.0
2011-07-11,18.228803775932487,18.443103796547515,18.2221067805394,18.268985748291016,84400.0
2011-07-12,18.228805481991493,18.59043560313613,18.135050092356092,18.302471160888672,36200.0
2011-07-13,18.36274425793289,18.684192427644266,18.248897871494922,18.617223739624023,46300.0
2011-07-14,18.684185221283432,18.684185221283432,18.335949199747585,18.402917861938477,59200.0
2011-07-15,18.342644438337,18.409613094119102,17.505539434362937,17.71314239501953,132400.0
2011-07-18,17.55911574069128,17.82029339486091,17.55911574069128,17.646175384521484,136900.0
2011-07-19,17.726540876101417,17.873872222257464,17.4184867474502,17.813600540161133,67200.0
2011-07-20,17.840386950030254,17.934143608031693,17.746631569350075,17.820297241210938,33600.0
2011-07-21,17.93414135399426,18.503371839233527,17.88726239222485,18.409616470336914,127400.0
2011-07-22,18.44310144302935,18.463191149323706,18.108259380031615,18.409616470336914,53100.0
2011-07-25,18.268977848701873,18.42970183667441,18.14843453839229,18.202009201049805,62100.0
2011-07-26,18.25558988549132,18.610522941000912,17.974322494430414,18.02120018005371,70300.0
2011-07-27,17.981018248313948,17.981018248313948,17.478755175887976,17.525632858276367,98400.0
2011-07-28,17.612701119060585,17.87387893196242,17.539036695650836,17.61939811706543,59300.0
2011-07-29,17.485451245626972,17.880564943896974,17.485451245626972,17.78011131286621,101000.0
2011-08-01,18.088164675763824,18.128345357408662,17.458661369164112,17.853775024414062,96900.0
2011-08-02,17.806903850911755,18.047990583443266,17.605999092016365,17.63278579711914,64900.0
2011-08-03,17.719842029542242,17.833688386351323,17.37160724164489,17.739933013916016,41200.0
2011-08-04,17.579207917266057,17.693054267251668,17.023370156117725,17.03676414489746,135300.0
2011-08-05,17.190798678263715,17.45867218403306,16.501023283251225,16.59477996826172,121900.0
2011-08-08,16.206357277648042,16.809072769706436,15.074590682983398,15.074590682983398,157500.0
2011-08-09,15.47640576112104,15.72418825570328,14.465182237782265,15.563464164733887,176200.0
2011-08-10,15.175042097237458,15.349160122177508,14.291059260865737,14.398208618164062,96500.0
2011-08-11,14.532138866333113,15.329061662926515,14.230780647573948,15.14155101776123,182300.0
2011-08-12,15.255404674363444,15.275494380426492,14.873683653991392,15.054498672485352,87600.0
2011-08-15,15.221921618595623,15.576854705810547,15.221921618595623,15.576854705810547,50800.0
2011-08-16,15.375948460017064,15.570157489124638,15.308981062565985,15.429524421691895,91200.0
2011-08-17,15.496488687983058,15.764363332946592,15.329067673541337,15.362552642822266,59900.0
2011-08-18,15.12816872942045,15.201834412576588,14.63929948759861,14.940656661987305,142500.0
2011-08-19,14.63259741461593,15.000923147968232,14.465176394488337,14.49866008758545,122900.0
2011-08-22,14.900471469991665,14.900471469991665,14.130334997793389,14.50535774230957,93800.0
2011-08-23,14.525452135273019,15.329072490740389,14.42499975050477,15.288891792297363,67800.0
2011-08-24,15.03440721055853,15.67060628223495,15.000922242162337,15.503185272216797,59000.0
2011-08-25,15.724183604408125,15.757668578447676,14.880381418428728,15.007621765136719,75600.0
2011-08-26,14.900470217074512,15.402733258099495,14.786623876682677,15.262100219726562,47900.0
2011-08-29,15.43621499178219,16.092506252899852,15.43621499178219,16.052324295043945,53700.0
2011-08-30,15.97865858815691,16.199654228564782,15.590241969339415,16.112594604492188,87300.0
2011-08-31,16.11930449188866,16.152789480750034,15.750978555665577,15.97197437286377,70900.0
2011-09-01,15.938479376017574,16.05902270558431,15.248705643773787,15.436216354370117,102000.0
2011-09-02,15.041113103678198,15.402743343109139,14.88708597680434,14.907176971435547,141200.0
2011-09-06,14.391509446602056,15.195130782093313,14.391509446602056,14.98083209991455,177300.0
2011-09-07,15.255410066210956,15.91170042753121,15.041109999668235,15.68400764465332,147900.0
2011-09-08,15.53667145005602,15.724182178387611,14.98752942149925,15.067892074584961,115200.0
2011-09-09,14.940653820680202,15.121468857320178,14.33124131406803,14.512056350708008,138300.0
2011-09-12,14.337940594359148,14.954050194299333,14.250882198391276,14.90047550201416,57700.0
2011-09-13,14.95404709281034,15.255405472738195,14.913866401260345,15.181739807128906,81600.0
2011-09-14,15.355856800609033,15.838028898527096,15.094680407235217,15.583549499511719,76400.0
2011-09-15,15.757664366236272,15.931782352734668,15.42282237927493,15.918388366699219,35800.0
2011-09-16,16.038932679326006,16.038932679326006,15.596941331359591,15.764362335205078,84600.0
2011-09-19,15.489794204402545,15.509885189227047,14.880381715258983,15.175043106079102,49000.0
2011-09-20,15.523283540668514,15.610341944726358,14.826811198919623,14.840205192565918,62200.0
2011-09-21,14.866987159125054,14.967439516148666,14.063365748294125,14.09684944152832,78100.0
2011-09-22,13.6711086565788,14.47529189783507,13.6711086565788,14.096853256225586,127000.0
2011-09-23,14.110369348044443,14.603692647482424,14.083338658310625,14.353652000427246,88400.0
2011-09-26,14.488800503064853,14.968606232357722,14.26579197034544,14.928059577941895,45500.0
2011-09-27,15.272718240703995,15.495726903055559,14.880763582966226,15.042951583862305,58900.0
2011-09-28,15.076739945204766,15.124044616669217,14.292830646479427,14.313104629516602,62600.0
2011-09-29,14.637479153714462,15.01591777636303,14.421228512200994,14.982129096984863,48200.0
2011-09-30,14.698298711241188,15.272715240506061,14.684782724916037,14.691540718078613,91800.0
2011-10-03,14.590174347166085,14.853729652865193,13.79274914751132,13.799507141113281,134800.0
2011-10-04,13.704898923451797,15.367326816103821,13.684624940996677,15.272717475891113,125900.0
2011-10-05,15.205136607157943,15.576817208639644,14.813182026176088,15.40787124633789,78200.0
2011-10-06,15.333536282262932,15.955257490614757,15.056465000286563,15.92822551727295,76100.0
2011-10-07,15.99580571594154,16.02959439694652,15.06998116231165,15.164591789245605,87000.0
2011-10-10,15.414632313651495,15.995806952339175,15.26596030120017,15.989048957824707,67400.0
2011-10-11,15.853891910541304,16.239089870572975,15.5903365648484,16.157995223999023,74000.0
2011-10-12,16.272871608720756,17.185179870721775,16.124199657243715,16.968929290771484,107600.0
2011-10-13,16.85405200634706,17.06354466909973,16.41479269839898,16.691864013671875,59900.0
2011-10-14,16.83377873714547,16.968936047912486,16.38776141615221,16.90811538696289,50600.0
2011-10-17,16.67158635718964,16.67158635718964,16.266115820380385,16.333694458007812,84400.0
2011-10-18,16.441820893822825,16.908112107681955,16.40127422403889,16.658071517944336,78500.0
2011-10-19,16.60400157687645,16.955409331370777,16.286383773172822,16.49587631225586,148200.0
2011-10-20,16.50939468313559,16.671582603551315,15.982282975068223,16.414785385131836,59900.0
2011-10-21,16.793229577613637,16.92162887497051,16.137718392914426,16.6040096282959,397400.0
2011-10-24,16.64455860070453,17.110849900540774,16.347214582189377,17.029756546020508,189100.0
2011-10-25,16.90135385399513,17.137878453839868,16.536429964699465,16.66482925415039,113900.0
2011-10-26,16.948653340742933,17.3135771186057,16.576972860879724,17.158145904541016,70200.0
2011-10-27,17.746085668985558,18.34077494390886,17.577139691126543,18.178586959838867,150600.0
2011-10-28,18.063705154113464,18.293471806334942,17.671750504257233,17.71905517578125,72100.0
2011-10-31,17.401432167154972,18.029911282725838,17.32033754719685,17.516315460205078,52800.0
2011-11-01,16.840534649628104,17.279793921882973,16.232329404278634,16.40803337097168,83000.0
2011-11-02,16.67833798347275,17.340605543722265,16.67833798347275,17.320331573486328,52600.0
2011-11-03,17.543349153060145,17.887999091386458,17.083817190913873,17.80690574645996,62100.0
2011-11-04,17.637958412411418,17.8812397173648,17.17842519678615,17.55686378479004,50200.0
2011-11-07,17.543345017663608,17.759596894054514,17.036507220002914,17.73256492614746,51900.0
2011-11-08,17.908273399397103,18.30022801092003,17.441982146203376,18.185344696044922,76600.0
2011-11-09,17.664993254831963,17.874487221780676,16.901357905979864,16.928388595581055,78600.0
2011-11-10,17.259520747302368,17.259520747302368,16.94190150183667,17.077058792114258,34100.0
2011-11-11,17.327096798364476,17.496042754008297,17.21897148986886,17.414949417114258,49900.0
2011-11-14,17.340611633118314,17.482526896695756,16.901352435392898,17.090572357177734,49100.0
2011-11-15,16.948653921833042,17.678500213626616,16.948653921833042,17.583890914916992,60600.0
2011-11-16,17.41495320238085,17.637961860745033,17.002724568543332,17.029756546020508,32700.0
2011-11-17,17.07705885421657,17.36764612710132,16.522916282183076,16.570220947265625,72700.0
2011-11-18,16.590493860578256,16.813502491062113,16.3674852300944,16.79998779296875,45900.0
2011-11-21,16.42830813358618,16.685106766874302,16.144478811452583,16.32018280029297,40000.0
2011-11-22,16.27287140379135,16.685099872227216,16.185020090151056,16.34720802307129,54600.0
2011-11-23,16.18502816759233,16.286395515137357,15.570064798335967,15.597095489501953,69100.0
2011-11-25,15.468690553660336,15.874161085792835,15.252439946911078,15.299744606018066,26800.0
2011-11-28,15.630878132119097,16.00931797376763,15.630878132119097,15.934981346130371,71500.0
2011-11-29,15.907951175049742,15.907951175049742,15.563301284447363,15.651152610778809,22200.0
2011-11-30,16.353973258737852,17.68526727008639,16.21881594362537,17.664993286132812,174400.0
2011-12-01,17.509563276022433,18.023159268911918,17.259523918706723,17.664993286132812,65500.0
2011-12-02,17.942058555077036,18.18534112443301,17.725807955185168,17.90826988220215,37400.0
2011-12-05,18.1853416485147,18.46241289873045,17.1784239581529,18.401592254638672,77900.0
2011-12-06,18.361045703928752,18.48268699287881,18.077216459363708,18.212373733520508,44700.0
2011-12-07,18.124521243737476,18.44214045351175,17.631199380883977,18.32725715637207,55400.0
2011-12-08,18.117761053348186,18.117761053348186,17.61092326667561,17.658227920532227,59400.0
2011-12-09,17.786629472474484,18.55702259472483,17.786629472474484,18.475929260253906,65900.0
2011-12-12,18.1853416485147,18.408350247199458,18.002879716239367,18.401592254638672,40200.0
2011-12-13,18.266437831679887,18.584055775454626,17.644716641451918,17.786630630493164,39200.0
2011-12-14,17.563622801624177,18.111007380870635,17.42846679965079,17.462255477905273,50900.0
2011-12-15,17.84069137671518,18.02315330505371,17.617682782842063,18.02315330505371,65000.0
2011-12-16,18.198856997242718,18.44213956510251,17.887995795093513,18.30022430419922,244100.0
2011-12-19,18.442142553363045,18.58405654830604,17.935304647500153,18.00288200378418,108300.0
2011-12-20,18.43538573465496,18.719215031582134,18.43538573465496,18.678667068481445,73400.0
2011-12-21,18.678661346435547,18.98486812225512,18.358843736602267,18.678661346435547,54000.0
2011-12-22,18.821558513726345,19.148179609915836,18.719489583401735,18.780731201171875,65900.0
2011-12-23,18.88960569014324,18.998479393427775,18.77392721816881,18.835168838500977,21500.0
2011-12-27,18.705880962341848,18.991674759967967,18.5425704062522,18.882801055908203,28200.0
2011-12-28,18.896417355233883,18.937244684396617,18.147909398570985,18.243173599243164,42000.0
2011-12-29,18.26357989207692,19.33190383745491,18.26357989207692,19.018892288208008,79900.0
2011-12-30,19.018898156946168,19.09374803432373,18.535769849748235,18.569793701171875,43600.0
2012-01-03,19.080137252807617,19.284275142677767,19.02569909777339,19.080137252807617,52700.0
2012-01-04,18.903220642398452,19.216232304535236,18.739910040690916,18.964462280273438,19200.0
2012-01-05,18.86919239964045,19.25705515070154,18.63103067418349,19.209423065185547,41600.0
2012-01-06,19.250251758580674,19.250251758580674,18.841974698674424,19.005285263061523,48500.0
2012-01-09,19.148180792536653,19.35231996367068,19.018894078483076,19.202617645263672,37800.0
2012-01-10,19.45438955969865,19.461194328754793,18.998480415953146,19.209423065185547,49100.0
2012-01-11,19.080135052862826,19.277468150601138,18.930432739533522,19.195812225341797,63500.0
2012-01-12,19.270662946716346,19.50201988220215,18.95765138569254,19.50201988220215,49100.0
2012-01-13,19.154990661944776,19.468003621881795,19.073336010049754,19.216232299804688,57100.0
2012-01-17,19.345513133691004,19.467996363746142,19.08693713737976,19.154983520507812,60900.0
2012-01-18,19.257060302502914,19.495222091674805,19.025703284207626,19.495222091674805,32900.0
2012-01-19,19.542848678125658,19.971540037303672,19.325101262996434,19.583677291870117,62700.0
2012-01-20,19.937516763499413,20.270943962576528,19.502021920768993,19.549654006958008,238200.0
2012-01-23,19.556453365432713,19.63130450752184,19.297878698570546,19.44077491760254,38900.0
2012-01-24,19.25705300339694,19.50882423889182,19.10735199448559,19.35912322998047,78200.0
2012-01-25,19.379541229898575,19.48841495495261,19.22303541236805,19.311494827270508,44900.0
2012-01-26,19.420364525982475,19.529238221188077,18.637833057111575,19.018892288208008,56500.0
2012-01-27,18.991672053729935,19.10735051004433,18.83516628868009,19.052913665771484,47300.0
2012-01-30,18.882805231430726,18.971264648836318,18.644643464431834,18.7739315032959,62900.0
2012-01-31,18.923631541958002,18.998482712747585,18.685469787708815,18.875999450683594,53700.0
2012-02-01,19.052916513992923,19.522435177207576,18.848778641922344,19.399951934814453,120700.0
2012-02-02,19.37273536088311,19.712966056845858,19.073333282907406,19.631311416625977,97500.0
2012-02-03,19.889882952763838,20.100826884563936,19.624503468219267,19.8626651763916,109500.0
2012-02-06,19.386347623773645,19.889888968795095,19.386347623773645,19.712968826293945,38700.0
2012-02-07,19.67213911765784,20.025979359801195,19.610897487368522,19.774208068847656,35000.0
2012-02-08,19.77421094501464,20.0736143702133,19.644924193712054,19.9171085357666,45400.0
2012-02-09,19.93071515139955,19.93071515139955,19.461196419110077,19.522438049316406,72400.0
2012-02-10,19.27067007221342,19.325106941992885,18.950853624493735,19.066532135009766,70200.0
2012-02-13,19.31149135071771,19.31149135071771,19.059721393559105,19.202617645263672,56200.0
2012-02-14,19.120963383296637,19.120963383296637,18.71268633104392,18.869192123413086,44800.0
2012-02-15,18.984868165315802,18.984868165315802,18.603810237755752,18.68546485900879,45900.0
2012-02-16,18.624231530995274,19.223037070442153,18.624231530995274,19.216232299804688,85600.0
2012-02-17,19.291081208459897,19.53604643319086,18.944045734057458,19.325103759765625,30200.0
2012-02-21,19.39314942276634,19.56326476858008,19.08694128115077,19.291080474853516,63200.0
2012-02-22,19.22303404810565,19.352322074135664,18.787539178796667,18.794343948364258,102900.0
2012-02-23,18.79434630830719,19.229841232299805,18.678667806886995,19.229841232299805,35400.0
2012-02-24,19.209429544345024,19.209429544345024,18.855589221340644,18.991682052612305,43800.0
2012-02-27,18.814759236646008,19.086943562911014,18.705885506140003,18.93724250793457,41800.0
2012-02-28,18.916825383459038,19.297884681436322,18.81475643852396,19.080137252807617,35100.0
2012-02-29,19.066526077661454,19.284273487601954,18.678663341470322,18.705881118774414,61000.0
2012-03-01,18.81476376433048,19.27067310724077,18.692280463566885,18.699085235595703,34700.0
2012-03-02,18.644639177390754,18.875996120949683,18.018614735621338,18.120683670043945,79600.0
2012-03-05,18.02542415132634,18.508552469031905,18.02542415132634,18.467723846435547,31800.0
2012-03-06,18.202343133905106,18.338435938169283,17.984595685384157,18.005008697509766,70600.0
2012-03-07,18.12748532515661,18.229555539924615,17.998198636103403,18.147899627685547,31000.0
2012-03-08,18.311212688646382,18.345235233026802,17.943764277405702,18.134292602539062,48600.0
2012-03-09,18.15470525225672,18.726292771284047,18.073049336162775,18.671855926513672,62100.0
2012-03-12,18.644642466313197,18.923631541958002,18.508550962368766,18.875999450683594,51200.0
2012-03-13,19.114163450359005,19.542853620065976,18.92363376500185,19.529245376586914,55900.0
2012-03-14,19.53604634863903,19.570070197674642,19.18901217361569,19.29788589477539,38300.0
2012-03-15,19.365928090884733,19.563262492046302,19.141375912456322,19.399951934814453,54600.0
2012-03-16,19.43397781959409,19.672139576510205,19.20262083263297,19.461196899414062,117000.0
2012-03-19,19.413569335917458,20.05320228635843,19.413569335917458,19.76740837097168,48600.0
2012-03-20,19.59728404462211,19.815032741102826,19.461192569433145,19.50201988220215,32700.0
2012-03-21,19.56326314843332,19.59048222449035,19.352320500499246,19.406757354736328,23400.0
2012-03-22,19.269660802224134,19.283369990223655,18.87206558513204,19.105138778686523,36800.0
2012-03-23,19.125699878172078,19.48216485407461,18.920047711500008,19.468454360961914,45000.0
2012-03-26,19.756369021588768,20.044282851714478,19.523295858748686,19.83863067626953,68900.0
2012-03-27,19.804351005442296,19.879757400189256,19.591843620024267,19.619264602661133,37200.0
2012-03-28,19.674103231845507,19.907176330209158,19.598696844873658,19.831769943237305,31900.0
2012-03-29,19.6261253721672,19.914039252547628,19.290226062974178,19.886619567871094,41900.0
2012-03-30,20.051136595242554,20.051136595242554,19.639830967685388,19.694671630859375,50500.0
2012-04-02,19.680959549233453,20.15396104811131,19.598699214866095,20.119686126708984,65700.0
2012-04-03,20.057993236776635,20.1196891505769,19.687817753975054,19.8797607421875,31900.0
2012-04-04,19.632977526258788,19.674109008049005,19.214817921428903,19.358774185180664,51900.0
2012-04-05,19.235384014948163,19.413616528907642,19.194253837112832,19.365631103515625,30800.0
2012-04-09,18.91319457783851,19.303934522669856,18.824077670154853,19.084571838378906,42600.0
2012-04-10,19.07770873896672,19.23537543996957,18.638983550957324,18.920042037963867,60100.0
2012-04-11,19.125696182250977,19.242232736179744,18.769231275233054,19.125696182250977,70000.0
2012-04-12,19.057148369263786,19.19425068285745,18.858351452807995,19.1394100189209,68200.0
2012-04-13,19.29707745457754,19.72209359591753,18.885771806588266,19.043439865112305,89600.0
2012-04-16,19.146275120997743,19.509594216283627,18.89949135249772,19.42733383178711,67600.0
2012-04-17,19.660402772900976,19.914040428026276,19.60556209280592,19.646692276000977,65800.0
2012-04-18,19.482161089268896,19.523291253154245,19.05029109971189,19.125696182250977,35400.0
2012-04-19,19.105131072951743,19.283362212602327,18.830926503480068,18.974884033203125,40700.0
2012-04-20,19.29022234016642,19.564426979042437,19.118845094621218,19.454744338989258,55500.0
2012-04-23,19.09828143961052,19.09828143961052,18.85835302457681,18.885772705078125,51300.0
2012-04-24,18.865209431565244,19.38619646817151,18.865209431565244,19.283369064331055,48100.0
2012-04-25,19.461605071363095,19.632982365214495,19.26280809039807,19.386199951171875,40600.0
2012-04-26,19.269657779679903,19.441035024088283,18.94746772338919,19.420469284057617,21000.0
2012-04-27,19.413613171964233,19.694671735664635,19.153120347377723,19.653541564941406,34900.0
2012-04-30,19.57814021969589,19.57814021969589,19.173689731845485,19.24224090576172,45000.0
2012-05-01,19.22167109170914,19.756367222167423,19.180539614362715,19.194250106811523,70000.0
2012-05-02,18.995449383546354,19.73580018808436,18.995449383546354,19.591842651367188,90000.0
2012-05-03,19.51644946624254,19.578145408367547,19.29708669757818,19.42733383178711,41000.0
2012-05-04,19.29022261881524,19.33820803906031,19.118845370794478,19.201107025146484,51200.0
2012-05-07,19.08458048181359,19.694683387252393,19.08458048181359,19.3519287109375,31000.0
2012-05-08,19.166823865915894,19.584984618403276,19.166823865915894,19.52328872680664,40500.0
2012-05-09,19.214815374840672,19.406757034404507,19.064002576606807,19.20796012878418,41000.0
2012-05-10,19.345065511577808,19.59184919552224,19.26966040287629,19.530153274536133,28000.0
2012-05-11,19.39989680641247,19.605550212781544,19.214810440435706,19.317636489868164,44400.0
2012-05-14,19.036580068281996,19.23537694433221,19.00230384309796,19.009159088134766,31800.0
2012-05-15,18.968036438652778,19.262805554471964,18.968036438652778,19.105138778686523,25000.0
2012-05-16,19.146258513928338,19.420461736920576,19.029721980718627,19.036577224731445,28600.0
2012-05-17,19.00230538080833,19.85919146718594,18.94060947798879,18.981740951538086,54300.0
2012-05-18,18.906331548962527,19.20795576947108,18.885765815460513,18.920042037963867,55400.0
2012-05-21,18.995457301304967,19.249096253860664,18.769239341460107,19.070863723754883,70700.0
2012-05-22,19.043437603418695,19.228524011653164,18.64584249600052,18.789798736572266,48000.0
2012-05-23,18.543016353911625,18.755525067286918,18.426479781497754,18.638988494873047,46000.0
2012-05-24,18.71438987789328,18.844636917114258,18.27566466052275,18.844636917114258,56500.0
2012-05-25,18.782942722143936,18.85149387044644,18.584145830321518,18.680116653442383,33300.0
2012-05-29,18.90633767271259,18.90633767271259,18.405916429615242,18.700685501098633,19400.0
2012-05-30,18.474467266312118,18.65955369452676,18.38535036800081,18.447046279907227,36500.0
2012-05-31,18.55672608839435,18.69382839416375,18.275667538321123,18.529306411743164,59700.0
2012-06-01,18.159139404668384,18.255110278777874,17.85751497638914,17.960342407226562,48300.0
2012-06-04,17.987751671760822,18.02888183575563,17.734114135037768,17.891780853271484,64800.0
2012-06-05,17.75468494622372,17.994613386207448,17.75468494622372,17.8712215423584,69600.0
2012-06-06,17.94662584742195,18.049451936025417,17.720407929492456,18.00832176208496,120100.0
2012-06-07,18.21397458081989,18.344221661640965,18.042597324609684,18.159133911132812,60100.0
2012-06-08,18.090586673222067,18.41963207025967,17.85751344959355,18.323659896850586,63100.0
2012-06-11,18.474469547251505,18.474469547251505,17.939772013881342,17.967191696166992,49100.0
2012-06-12,18.07001669630252,18.28252410888672,17.960335366742637,18.28252410888672,71700.0
2012-06-13,18.234540939331055,18.666411064293364,18.131714843626195,18.234540939331055,39600.0
2012-06-14,18.20026211286694,18.700684640437984,18.20026211286694,18.63213348388672,42500.0
2012-06-15,18.56358427842741,19.502732214626697,18.481322620419014,19.2696590423584,210900.0
2012-06-18,19.070863723754883,19.39305385058279,19.022878294015808,19.070863723754883,116100.0
2012-06-19,19.125706320819358,19.66040396479034,19.070865637399645,19.537012100219727,62700.0
2012-06-20,19.454743844034734,19.63297633176783,19.31764283558938,19.393049240112305,25900.0
2012-06-21,19.317641201254283,19.46845269003641,18.78294378329214,18.913190841674805,46600.0
2012-06-22,19.10513986543414,19.3861985017363,19.00231245080734,19.24224090576172,100200.0
2012-06-25,18.93375910965408,19.221672941260127,18.70754119249966,18.98859977722168,29100.0
2012-06-26,18.95432296583725,19.255947282029997,18.824075894014644,19.043439865112305,18800.0
2012-06-27,19.070857960530024,19.571279158731222,19.057147468317922,19.543859481811523,24500.0
2012-06-28,19.44026762907781,19.51623357343216,19.164029627616568,19.47479820251465,60300.0
2012-06-29,19.868442927722977,20.28970550067258,19.675075615459406,20.172304153442383,58800.0
2012-07-02,20.289710153962613,20.559043493029108,20.11015635086142,20.55213737487793,52500.0
2012-07-03,20.48997542608906,20.67643658990384,19.63363687626655,20.66262435913086,40700.0
2012-07-05,20.545222904957825,20.676436462076307,20.48997529941428,20.572847366333008,45200.0
2012-07-06,20.275898316139017,20.669537812468295,20.23446160910951,20.57975959777832,38900.0
2012-07-09,20.469255447387695,20.586656765180958,20.41400784590891,20.469255447387695,55600.0
2012-07-10,20.538324207956105,20.655725576791795,20.37258133145995,20.57975959777832,28300.0
2012-07-11,20.54523022865099,20.67644383254277,20.407110506953615,20.655725479125977,35500.0
2012-07-12,20.510699049121605,20.63500520643873,20.310425603008657,20.489980697631836,48200.0
2012-07-13,20.559038971061888,21.159856628783373,20.559038971061888,21.03554916381836,77300.0
2012-07-16,20.945774169614275,21.104610914847214,20.786937424381335,20.869808197021484,21800.0
2012-07-17,20.911234948653817,21.13913144076647,20.6419017727341,20.862892150878906,35700.0
2012-07-18,20.8767093051589,21.132230313439045,20.81455558198824,20.95958137512207,46500.0
2012-07-19,20.980303084050327,21.049362938221254,20.545228242025637,20.731689453125,45900.0
2012-07-20,20.683345588719845,20.786934699544737,20.372576939038154,20.393295288085938,65700.0
2012-07-23,20.12396548527449,20.248272966556836,19.999658003992142,20.144683837890625,50600.0
2012-07-24,20.275896130840415,20.275896130840415,19.854632208561178,19.868444442749023,49300.0
2012-07-25,20.075617956030726,20.179207053615077,19.95821662751331,20.061805725097656,37800.0
2012-07-26,20.407104159806067,20.559036069859808,20.28279802958966,20.434728622436523,62600.0
2012-07-27,20.441635090337147,20.876709846608826,20.179207959653297,20.814556121826172,48000.0
2012-07-30,20.75239963972307,20.75239963972307,20.379478657783142,20.634998321533203,31400.0
2012-07-31,20.61427957388887,20.70405642515073,20.469253808365416,20.517595291137695,53700.0
2012-08-01,20.57284881824893,20.704061067420813,19.958217681342095,19.992748260498047,73000.0
2012-08-02,19.930600438310286,20.04109568992222,19.6129256020205,19.675079345703125,61500.0
2012-08-03,19.992746474398807,20.483068799747024,19.992746474398807,20.32423210144043,47300.0
2012-08-06,20.3104212485175,20.56594225994643,20.24826752458092,20.358762741088867,46000.0
2012-08-07,20.393299048425405,20.524511331634688,20.13777796521502,20.193025588989258,54200.0
2012-08-08,20.03418461918307,20.621191321505904,20.03418461918307,20.427824020385742,37700.0
2012-08-09,20.35876671608853,20.62119389443833,20.35876671608853,20.483074188232422,23400.0
2012-08-10,20.49688439891083,20.655721123322802,20.35185858999037,20.393295288085938,40000.0
2012-08-13,20.393294461322018,20.393294461322018,19.951312253336777,20.2137393951416,20400.0
2012-08-14,20.282796269590612,20.414008504078957,19.97893379305707,20.151582717895508,39000.0
2012-08-15,20.00656216185425,20.40710771941479,20.00656216185425,20.386390686035156,25900.0
2012-08-16,20.386390686035156,20.448544420588266,20.193023365513582,20.386390686035156,34700.0
2012-08-17,20.37947858893719,20.60737510968802,20.22064189933652,20.469255447387695,128700.0
2012-08-20,20.386392210045496,20.614288814707894,20.35876774053141,20.545228958129883,38800.0
2012-08-21,20.655722657627226,20.869807011528433,20.310424717757556,20.386390686035156,47200.0
2012-08-22,20.303519007688156,20.317331241689384,20.047999264701094,20.11705780029297,15500.0
2012-08-23,20.158494066176097,20.158494066176097,19.744136275553625,19.77866554260254,21200.0
2012-08-24,19.744134603511657,20.047997133196333,19.661262525522385,19.937501907348633,17500.0
2012-08-27,19.93749626756092,20.255169622709968,19.83390587007555,20.103239059448242,17700.0
2012-08-28,20.082520225090466,20.434724143185075,20.07561411094666,20.37947654724121,27000.0
2012-08-29,20.36567210779526,20.731688394160237,19.965126554712132,20.50379180908203,32700.0
2012-08-30,20.386388345252737,20.414011492322903,20.117055087378635,20.2137393951416,21000.0
2012-08-31,20.372580051409454,20.372580051409454,20.061811354250832,20.13777732849121,25800.0
2012-09-04,20.13086896485741,20.524508392530706,19.97203223390276,20.46235466003418,25100.0
2012-09-05,20.524506221625273,20.524506221625273,20.199926677413462,20.414011001586914,34300.0
2012-09-06,20.586660562022885,20.897429200910985,20.455448307565213,20.710968017578125,62200.0
2012-09-07,20.849088414928687,20.931959176647954,20.662627225249818,20.80074691772461,40100.0
2012-09-10,20.717867709173838,21.049353276391045,20.717867709173838,20.862892150878906,42400.0
2012-09-11,20.869809032751064,21.0493641369379,20.71787839868862,20.91815185546875,37300.0
2012-09-12,20.91123804638937,20.95957953411891,20.66952929053494,20.88361358642578,36000.0
2012-09-13,20.98720306821874,21.3670314965602,20.828366372086546,21.13222885131836,81100.0
2012-09-14,21.208196269531896,21.546589368819816,20.890522835531904,21.477529525756836,80800.0
2012-09-17,21.367033202075977,21.40846857889462,21.152947567898078,21.380844116210938,34700.0
2012-09-18,21.32559264330685,21.512053781009534,21.297969502836068,21.456806182861328,39700.0
2012-09-19,21.373936431308106,21.698515920767328,21.373936431308106,21.594926834106445,59300.0
2012-09-20,21.50514545532404,21.705418801272334,21.380838042970826,21.61564064025879,42600.0
2012-09-21,21.884972954402407,21.919502204398313,21.539675185617543,21.677793502807617,133200.0
2012-09-24,21.581114475436813,21.857352477281065,21.373936303355297,21.636362075805664,41900.0
2012-09-25,21.657083673235423,21.795202036302417,21.34631505122262,21.373939514160156,89200.0
2012-09-26,21.456815465147393,21.62946444869986,21.16676512009096,21.24273109436035,33500.0
2012-09-27,21.34007320137614,21.360932638815278,21.05498272877683,21.17319107055664,98800.0
2012-09-28,21.03412349058617,21.180144868295518,20.922868728637695,20.922868728637695,35100.0
2012-10-01,20.98545135810542,21.36788946677402,20.895056027958052,21.166240692138672,39300.0
2012-10-02,21.214913623439315,21.277494595216595,21.096705268555723,21.22882080078125,25900.0
2012-10-03,21.061939510343734,21.284449051842664,20.978497769150895,21.166240692138672,23000.0
2012-10-04,21.242728321697538,21.479145050048828,21.08975333769557,21.479145050048828,27900.0
2012-10-05,21.500003996539704,21.861582647656622,21.423515847886897,21.625165939331055,33300.0
2012-10-08,21.486099243164062,21.66688858911766,21.38875164390504,21.486099243164062,22100.0
2012-10-09,21.50000625396808,21.50000625396808,21.082800176278816,21.187101364135742,21200.0
2012-10-10,21.284448183887562,21.340075566993875,21.138425474320098,21.22882080078125,23100.0
2012-10-11,21.35397681627678,21.35397681627678,21.138420918974955,21.270536422729492,38900.0
2012-10-12,21.26359102951699,21.270544619369034,20.707317103970183,20.783803939819336,35300.0
2012-10-15,20.825522440506262,21.02717121174848,20.755987878392528,20.915916442871094,23400.0
2012-10-16,21.0132599520603,21.0132599520603,20.51261358936707,20.616914749145508,56000.0
2012-10-17,20.714266543111332,20.964589096317102,20.65863783544184,20.874195098876953,29600.0
2012-10-18,20.839427837908897,20.950682604362473,20.658638510856477,20.686452865600586,48600.0
2012-10-19,20.450040894425154,20.603015902183976,20.24839208084588,20.42222785949707,56100.0
2012-10-22,20.38745022913163,20.69340142566164,20.248382467989703,20.67254066467285,34500.0
2012-10-23,20.53347275616811,20.54737860379973,20.25533458335816,20.51956558227539,28700.0
2012-10-24,20.55433486682449,20.55433486682449,20.345732536319076,20.477848052978516,37400.0
2012-10-25,20.707310060211704,20.707310060211704,20.352685055956048,20.616914749145508,28600.0
2012-10-26,20.540429878390196,20.56128931655835,20.276198833995352,20.415267944335938,22100.0
2012-10-31,20.366590648238798,20.51956558227539,20.25533458335816,20.51956558227539,22100.0
2012-11-01,20.491759188124895,20.818571270146517,20.38050440632312,20.59606170654297,57700.0
2012-11-02,20.700354341504223,20.700354341504223,20.443076936028472,20.491750717163086,71400.0
2012-11-05,20.429183256115355,20.596066796320518,20.241441594342945,20.443090438842773,19800.0
2012-11-06,20.540431660430464,20.846381607705126,20.540431660430464,20.811614990234375,16100.0
2012-11-07,20.616925343808596,20.616925343808596,19.810327348509524,19.85900115966797,55000.0
2012-11-08,19.768600818779152,20.074552096459975,19.64343887217057,19.678205490112305,54400.0
2012-11-09,19.546087647599865,19.77555073164137,19.198416227763577,19.629528045654297,30900.0
2012-11-12,19.768599042232196,20.686451466528453,19.768599042232196,20.547382354736328,137100.0
2012-11-13,20.498710454597898,20.860289117605817,20.324874711951182,20.37354850769043,126900.0
2012-11-14,20.387452381043392,20.39440596877361,19.525227396414934,19.6573429107666,52200.0
2012-11-15,19.601719529436934,19.87290287486839,19.469603988164025,19.615625381469727,32200.0
2012-11-16,19.47656084311471,19.622582260905087,19.184516681272218,19.580862045288086,56500.0
2012-11-19,19.740780395008994,20.018918558087755,19.504363752148677,19.76859474182129,54900.0
2012-11-20,19.67125694245305,19.921579556682218,19.351398426685616,19.69906997680664,121800.0
2012-11-21,19.678208679601443,19.678208679601443,19.39311812223441,19.664302825927734,29700.0
2012-11-23,19.754692755860184,19.754692755860184,19.53218322797656,19.56694984436035,48300.0
2012-11-26,19.5391376920839,19.71992702315614,19.46960312993897,19.678205490112305,143200.0
2012-11-27,19.69906336158568,19.956340805833023,19.57390143337136,19.58780860900879,43600.0
2012-11-28,19.539132828819355,19.636480395835697,19.274901823687657,19.608667373657227,38000.0
2012-11-29,19.810324047429926,19.977206226277104,19.706022851433147,19.886812210083008,29400.0
2012-11-30,19.956344604492188,20.032831432534657,19.678206343845517,19.956344604492188,104600.0
2012-12-03,20.0884582975774,20.0884582975774,19.67125356996808,19.75469398498535,59600.0
2012-12-04,19.733837941000886,19.754698712878554,19.420934320406655,19.518281936645508,72000.0
2012-12-05,19.573905776174048,19.573905776174048,19.35834981101424,19.44874382019043,93500.0
2012-12-06,19.448737918629817,19.504365290380466,19.427878483136546,19.490459442138672,38600.0
2012-12-07,19.539138548851316,19.539138548851316,19.38616224017235,19.441789627075195,33200.0
2012-12-10,19.47655426545498,19.518274466982152,19.33053157071793,19.469600677490234,42500.0
2012-12-11,19.504364972460582,19.89375789462922,19.337482859928794,19.78945541381836,62300.0
2012-12-12,19.768603168672975,20.060647303387803,19.53914001470144,19.733835220336914,74300.0
2012-12-13,19.803370198670372,20.40831924956281,19.803370198670372,20.137134552001953,91800.0
2012-12-14,20.088454166951152,20.144081540944953,19.80336370945027,19.8242244720459,59200.0
2012-12-17,19.893762778492157,20.27620088114901,19.85899483426606,20.192760467529297,50000.0
2012-12-18,20.29706925913261,20.700368279563182,20.213627487960576,20.69341468811035,84000.0
2012-12-19,20.64473843532858,20.74903964227549,20.185812063752742,20.338787078857422,80900.0
2012-12-20,20.359796281983588,20.562904628172415,20.177699558596082,20.541893005371094,43000.0
2012-12-21,20.527877455926873,20.604918707735763,20.10065197480502,20.38780403137207,299400.0
2012-12-24,20.450839718549183,20.450839718549183,20.142676014337603,20.36679458618164,36700.0
2012-12-26,20.436835759098244,20.443839632747114,20.121668124160582,20.205713272094727,30300.0
2012-12-27,20.226720435275606,20.450840349890548,19.911554184834902,20.42282485961914,59900.0
2012-12-28,20.303764028933358,20.415823331181343,19.98159386893346,20.05863380432129,29800.0
2012-12-31,20.205713711731324,20.282753651840526,19.960583472096513,20.2757511138916,105300.0
2013-01-02,20.674961933373105,20.927094703198037,20.47885748052945,20.878068923950195,206400.0
2013-01-03,20.85705712453361,20.95510867590939,20.590915291010504,20.787019729614258,46100.0
2013-01-04,20.94109607710345,21.011133455793136,20.618926005323527,20.990121841430664,42800.0
2013-01-07,20.88506571833109,20.94109535217285,20.801021935494372,20.94109535217285,31200.0
2013-01-08,20.864058173150994,20.96911358338211,20.766005299196866,20.920087814331055,24400.0
2013-01-09,21.074177044369637,21.074177044369637,20.822042894813062,20.892080307006836,32500.0
2013-01-10,20.990130222463424,21.081179251870047,20.73099355444979,20.976123809814453,28600.0
2013-01-11,21.01814088130547,21.165218199157124,20.4368328108331,21.011137008666992,85200.0
2013-01-14,20.90607648599547,21.48738441452538,20.90607648599547,21.410343170166016,77300.0
2013-01-15,21.28427897804186,21.459371766833524,21.200235187498965,21.38233184814453,71000.0
2013-01-16,21.37533232415632,21.43136197453233,21.256269150125778,21.340312957763672,37600.0
2013-01-17,21.382337521616734,21.60645613700015,21.36832977419219,21.550426483154297,39300.0
2013-01-18,21.49438868233686,21.830566477991248,21.42435130761258,21.655473709106445,37500.0
2013-01-22,21.648475500602633,22.02667662152808,21.522408460294148,21.991657257080078,63800.0
2013-01-23,21.977647517148828,22.019670750673434,21.78854830969627,21.998659133911133,60100.0
2013-01-24,22.02667680368801,22.124728353248972,21.823568495766384,22.082706451416016,51400.0
2013-01-25,22.236787983138104,22.236787983138104,21.52240896197292,21.72551727294922,123000.0
2013-01-28,21.823569360668575,22.0266776766397,21.56443273060113,21.683494567871094,122800.0
2013-01-29,21.61345588640128,21.99165564372909,21.550422370871303,21.907611846923828,75700.0
2013-01-30,21.816560569295405,21.85157992752641,21.298286090143876,21.662479400634766,46400.0
2013-01-31,21.599448596914595,21.94263033544901,21.56443057014965,21.704504013061523,71800.0
2013-02-01,21.837576237354405,22.0757025741145,21.739524687812782,21.977649688720703,59100.0
2013-02-04,21.788551586537487,21.788551586537487,21.221249871305602,21.438365936279297,42200.0
2013-02-05,21.606452223891324,21.67648961247737,21.417351675464634,21.55742645263672,39300.0
2013-02-06,21.46637910344126,21.830572483514562,21.459375230456907,21.80255699157715,57800.0
2013-02-07,21.802561485892923,21.823573109177257,21.550428685743185,21.690502166748047,25500.0
2013-02-08,21.753531429308456,21.816564950931983,21.69049790768493,21.72551727294922,19800.0
2013-02-11,21.781552943076232,21.900616146185705,21.585448450939293,21.865596771240234,10400.0
2013-02-12,21.83056435796609,22.09670475305058,21.83056435796609,22.01266098022461,14500.0
2013-02-13,22.08270871670988,22.08270871670988,21.87259651428695,22.0546932220459,23700.0
2013-02-14,21.956640065576405,22.17375479002282,21.956640065576405,21.97064781188965,15600.0
2013-02-15,22.14574456928742,22.152747107836415,21.872598811040906,21.963647842407227,46900.0
2013-02-19,22.040681207160386,22.271803649978676,21.984651564533284,22.257797241210938,58800.0
2013-02-20,22.22978055401379,22.376859192891423,22.00566199558309,22.033676147460938,71000.0
2013-02-21,22.054691258331285,22.25779956900378,21.746527523727455,21.893606185913086,31900.0
2013-02-22,22.04067949007299,22.411876678466797,22.01266533886792,22.411876678466797,79700.0
2013-02-25,22.474912259112816,22.50993028530836,21.67648950635616,21.732519149780273,48200.0
2013-02-26,21.900610147875035,21.977650079949644,21.795554723517153,21.8866024017334,23600.0
2013-02-27,21.879597073379102,22.208771070699946,21.725515883626134,21.95663833618164,35600.0
2013-02-28,21.9006109971704,22.215777282466043,21.788551695396094,22.194766998291016,67800.0
2013-03-01,21.90760847717658,22.110715401424866,21.71850795967339,22.040678024291992,52200.0
2013-03-04,21.928625283015357,22.152743887875523,21.739526045072253,22.01967430114746,37800.0
2013-03-05,22.194768065644663,22.271808004411717,22.019675231220504,22.215778350830078,36100.0
2013-03-06,22.194757602483126,22.194757602483126,21.886593985133967,22.01266098022461,27900.0
2013-03-07,21.95663758513077,22.250793545216954,21.676489369775375,22.243789672851562,42900.0
2013-03-08,22.46791303099487,22.48892331546517,22.04768863965712,22.439897537231445,38800.0
2013-03-11,22.34183840015233,22.446893800696635,22.187757235077477,22.37685775756836,34000.0
2013-03-12,22.26480185155776,22.38386367721648,21.970645884051752,22.138734817504883,140900.0
2013-03-13,22.11071354951399,22.376855293157487,21.977642677692238,22.31382179260254,19800.0
2013-03-14,21.8866033840623,22.460907643123733,21.64847703237552,22.45390510559082,51800.0
2013-03-15,22.502932132413946,22.60798623146555,22.327837959770946,22.460908889770508,194800.0
2013-03-18,22.25779741443609,22.685022941848157,22.25779741443609,22.516935348510742,92500.0
2013-03-19,22.51694159525923,22.629000912473533,22.39787706788504,22.579975128173828,41800.0
2013-03-20,22.762065227454414,22.79008071817415,22.551954390464918,22.769067764282227,55700.0
2013-03-21,22.727052844382982,22.867127661066288,22.523944493777435,22.551959991455078,43100.0
2013-03-22,22.635998126137604,22.818096143590466,22.530941372091394,22.607982635498047,56600.0
2013-03-25,22.755060083300894,22.89513217744129,22.4258847843223,22.825096130371094,45400.0
2013-03-26,23.014197759652458,23.014197759652458,22.720040470198494,22.95116424560547,26300.0
2013-03-27,22.937065779217658,23.14859944015694,22.619770667333203,23.007577896118164,52600.0
2013-03-28,23.05693209100002,23.134494064812543,22.880655855884978,22.9793701171875,64000.0
2013-04-01,22.97937244105313,22.97937244105313,22.26016500628008,22.499900817871094,68500.0
2013-04-02,22.640931557742267,22.676186284703007,22.224919324173715,22.26722526550293,44400.0
2013-04-03,22.281317242152927,22.358877874059463,21.851202781612596,21.872356414794922,52800.0
2013-04-04,21.83709485968848,21.949911518485347,21.70312591791761,21.893503189086914,59300.0
2013-04-05,21.512749221741444,22.020424231634056,21.512749221741444,21.879404067993164,40200.0
2013-04-08,21.99222255679681,22.048630895897322,21.689027229801216,22.027477264404297,44200.0
2013-04-09,22.12619338793211,22.12619338793211,21.78069211368867,21.942867279052734,60000.0
2013-04-10,21.9569726635158,22.358882360457798,21.82300366112264,22.260168075561523,28300.0
2013-04-11,22.21080672448112,22.33067462409102,22.02042805835698,22.097990036010742,32300.0
2013-04-12,22.041582459342514,22.26721584414063,21.844152575203637,22.119144439697266,58200.0
2013-04-15,22.013377671661228,22.020428883064834,21.519804977338328,21.562110900878906,112000.0
2013-04-16,21.837104849060548,21.886463336633764,21.59031913560082,21.8230037689209,43500.0
2013-04-17,21.646717117769132,21.83709438479831,21.16724565586916,21.37877655029297,43900.0
2013-04-18,21.350579090463693,21.357630301587296,21.11789450290883,21.251863479614258,39000.0
2013-04-19,21.23070563616879,21.639666360167254,21.20955200833277,21.540950775146484,39600.0
2013-04-22,21.392884643907088,21.392884643907088,21.103791717223018,21.294170379638672,39300.0
2013-04-23,21.477494377014576,21.717230148021642,21.27301465755611,21.710180282592773,31600.0
2013-04-24,21.625569895806752,21.646723529467028,21.428140016287234,21.463396072387695,33900.0
2013-04-25,21.47044445114634,21.505699157714844,21.32942293511062,21.505699157714844,40600.0
2013-04-26,21.47044676975068,21.57621224575871,21.30122039428064,21.44929313659668,58000.0
2013-04-29,21.505702554531116,21.66787638217088,21.442242996779722,21.562110900878906,52100.0
2013-04-30,21.58326023040978,21.91465903099698,21.56915781041523,21.886455535888672,38700.0
2013-05-01,21.738385710008878,22.048632266792023,21.153148651123047,21.153148651123047,116800.0
2013-05-02,21.30121752259338,21.611464042621773,21.258911606869766,21.406984329223633,32000.0
2013-05-03,21.57621079883503,22.062733569702424,21.57621079883503,21.815946578979492,60000.0
2013-05-06,21.75248901212108,22.21785819368702,21.73838658967823,22.10504150390625,15000.0
2013-05-07,22.231957990317905,22.521050891846556,22.161447231312675,22.506948471069336,30200.0
2013-05-08,22.457598020595082,22.63387295319905,22.344781310595035,22.54926109313965,16300.0
2013-05-09,22.64092158345113,22.70438113992913,22.394134568801267,22.47874641418457,39100.0
2013-05-10,22.549253618378273,22.711427417134843,22.380028609473918,22.605663299560547,15200.0
2013-05-13,22.50695017284524,22.788991885310775,22.436439408508615,22.584510803222656,13300.0
2013-05-14,22.54925567314489,23.04282966941939,22.54925567314489,22.9793701171875,66900.0
2013-05-15,22.965262849512964,23.000517551144203,22.563353333441935,22.951160430908203,81800.0
2013-05-16,22.95116271225788,23.183848607723455,22.95116271225788,23.14859390258789,28500.0
2013-05-17,23.324872150835624,23.360126859043703,23.1485959200334,23.317819595336914,55200.0
2013-05-20,23.27550896182432,23.494092424687025,23.141540014124782,23.479990005493164,48700.0
2013-05-21,23.437688982241227,23.5081983991125,23.261412750301197,23.374229431152344,38700.0
2013-05-22,23.33192523384115,23.59281333826932,22.9652703004426,23.134496688842773,66100.0
2013-05-23,23.000516913719423,23.12743598788357,22.774883601819,23.120386123657227,42000.0
2013-05-24,23.049879120163695,23.40243158404375,22.972319837510028,23.374229431152344,40800.0
2013-05-28,23.7479293486165,23.7479293486165,23.296662717060286,23.550500869750977,68200.0
2013-05-29,23.46588582036564,23.57165261147937,23.212047673501676,23.416528701782227,35600.0
2013-05-30,23.444739461189375,23.691525116455026,23.444739461189375,23.677425384521484,43700.0
2013-05-31,23.465896707421027,23.564610990386566,23.190906150656325,23.233213424682617,40100.0
2013-06-03,22.90886461371415,23.78319338302345,22.90886461371415,23.762041091918945,97600.0
2013-06-04,23.726779993638658,23.776137119445583,23.43063454903547,23.6915225982666,111500.0
2013-06-05,23.712675501925037,23.712675501925037,22.9582135707721,23.049875259399414,37500.0
2013-06-06,23.085135803539778,23.24025705380569,22.73258335057636,23.09923553466797,38800.0
2013-06-07,23.31077003479004,23.451788869468608,23.09218653741928,23.31077003479004,40500.0
2013-06-10,23.465888680871895,23.621012609478736,23.162693378464827,23.59280776977539,35200.0
2013-06-11,23.169747639117706,23.395380993833353,23.021676254415894,23.09923553466797,22200.0
2013-06-12,23.113334498787143,23.25435599683405,22.760782098550553,22.824241638183594,25100.0
2013-06-13,22.901808697027654,23.247311309700915,22.753737301494237,23.197954177856445,32200.0
2013-06-14,23.12744162041074,23.18385130700465,22.612715334169817,22.711429595947266,30000.0
2013-06-17,22.944115306041184,23.16269611516379,22.78899135910627,23.12744140625,32700.0
2013-06-18,23.233207395978724,23.444738331695806,22.972319331586387,23.360126495361328,30400.0
2013-06-19,23.296672687586575,23.508203675439564,23.049884293622714,23.444744110107422,44400.0
2013-06-20,23.063984478398083,23.58576337487774,23.063984478398083,23.487049102783203,73000.0
2013-06-21,23.571651838588163,23.776132860163983,23.437682905363218,23.649213790893555,145500.0
2013-06-24,23.409482263621538,23.754982144270027,23.346022717618116,23.6915225982666,79900.0
2013-06-25,23.797288809996395,24.029974702779686,23.522298347442728,23.94536018371582,87900.0
2013-06-26,24.22740809898053,24.248560388141946,23.825498466340992,23.973569869995117,54300.0
2013-06-27,24.18647221239816,24.449059313449702,24.051628065612565,24.378087997436523,48900.0
2013-06-28,24.3780891287079,24.52712754561229,24.150986321484737,24.48454475402832,147300.0
2013-07-01,24.50583994642516,24.896175516448505,24.37099847232228,24.640684127807617,114000.0
2013-07-02,24.640676284002865,24.91035914636115,24.484542105695326,24.66196632385254,65800.0
2013-07-03,24.61229581593703,24.76843004535353,24.477454340618895,24.76133155822754,39200.0
2013-07-05,24.83940156885268,25.46393585205078,24.768432932996497,25.46393585205078,52100.0
2013-07-08,25.549100456922098,25.648457636645315,25.307803288759963,25.41425895690918,49500.0
2013-07-09,25.62716249052861,25.6697425834981,25.215536876626473,25.634258270263672,63800.0
2013-07-10,25.478121725322236,25.705224533964746,25.357471835386452,25.6413516998291,51300.0
2013-07-11,26.024589187146685,26.024589187146685,25.272312056542884,25.56328773498535,94100.0
2013-07-12,25.598768907978993,25.882648772421643,25.336181793100913,25.6413516998291,67100.0
2013-07-15,25.520699650234125,25.953615188598633,25.520699650234125,25.953615188598633,45800.0
2013-07-16,26.052985064101147,26.052985064101147,25.59168348187697,25.91104507446289,43500.0
2013-07-17,26.060079130893172,26.308472040154435,25.8613620962045,26.102659225463867,47200.0
2013-07-18,26.074274781732214,26.563964846236825,26.074274781732214,26.528480529785156,48400.0
2013-07-19,26.521382256894917,26.783972156779296,26.478802159720022,26.613643646240234,53000.0
2013-07-22,26.556867657620955,26.97558910970419,26.485899021246144,26.79106903076172,35300.0
2013-07-23,26.840744461481773,26.89042304255843,26.507185953727383,26.86913299560547,30300.0
2013-07-24,26.720091651242605,26.99687303272999,26.571053231974812,26.649120330810547,55300.0
2013-07-25,26.51428625926635,26.762679181684604,26.15943768022323,26.56396484375,68400.0
2013-07-26,26.322666387986313,26.883327764639855,26.194920689323997,26.40782928466797,27300.0
2013-07-29,26.34395430433473,26.3510527910638,25.967815726077472,26.287179946899414,64100.0
2013-07-30,26.33686510769816,26.627840868891155,26.33686510769816,26.48590087890625,125200.0
2013-07-31,26.606547211415872,26.975587345160935,26.329763050187427,26.429122924804688,44000.0
2013-08-01,26.59234732679201,26.904613030650378,26.10265466651872,26.769771575927734,57300.0
2013-08-02,26.585254083161875,26.876229800831513,26.535575500189964,26.776872634887695,48400.0
2013-08-05,26.677519096036637,26.996883392333984,26.649130556970185,26.996883392333984,48000.0
2013-08-06,26.691709441123905,26.91171381834172,26.29427807446766,26.386539459228516,83200.0
2013-08-07,26.386534734016948,26.450407572447144,26.01749196834016,26.223304748535156,47100.0
2013-08-08,26.45041119755434,26.492993998103643,26.024591313900075,26.28008270263672,73900.0
2013-08-09,26.258795438500787,26.563965439908998,26.145243998949816,26.372346878051758,97500.0
2013-08-12,26.258791192315456,26.393632658952697,26.23750114686732,26.272985458374023,62200.0
2013-08-13,26.265890779999612,26.422025022002344,26.15233934234667,26.343957901000977,52400.0
2013-08-14,26.400734757269674,26.42202480563031,26.159437615823197,26.2587947845459,89500.0
2013-08-15,26.088463043874142,26.28718006398146,25.84007015283933,25.96072006225586,80600.0
2013-08-16,25.847162378110866,26.52847352763915,25.847162378110866,26.081363677978516,60400.0
2013-08-19,26.08137191350365,26.294280530525242,25.69813477849682,25.85426902770996,65700.0
2013-08-20,25.82587677460043,26.29427674757127,25.82587677460043,26.265888214111328,41300.0
2013-08-21,26.216210211561002,26.35105439482566,25.804587296444797,26.038785934448242,117600.0
2013-08-22,26.13104550506778,26.585251189824206,25.407154179757445,26.272985458374023,38400.0
2013-08-23,26.258792655521383,26.322665502704375,25.996205487004453,26.244598388671875,61000.0
2013-08-26,26.223303599729192,26.414922106625248,25.96071647869938,26.010395050048828,52900.0
2013-08-27,25.71942354929722,25.762003641734502,25.144567935878122,25.243925094604492,84800.0
2013-08-28,25.300697797343965,25.584574957991194,25.18714639162926,25.43553924560547,65400.0
2013-08-29,25.428446271851307,25.75490626087859,25.215534993783688,25.56328773498535,36700.0
2013-08-30,25.485217680746292,25.570380557759247,25.08778640922077,25.201337814331055,70900.0
2013-09-03,25.421345298530042,25.861356662752357,24.98133393430773,25.229726791381836,51800.0
2013-09-04,25.293599627097905,25.49941239854736,25.123273870041118,25.229726791381836,39800.0
2013-09-05,25.31489438727142,25.471028616401238,25.208441446093484,25.35747718811035,38600.0
2013-09-06,25.42135025774189,25.57038600106033,24.88198164546959,25.371671676635742,42400.0
2013-09-09,25.314887708806623,25.58457329508004,25.27940340444196,25.556184768676758,45200.0
2013-09-10,25.72651796286093,25.733613742130515,25.34328090759816,25.683935165405273,33100.0
2013-09-11,25.549093469295553,25.655549108329364,25.442637830261745,25.56328773498535,61700.0
2013-09-12,25.414254477846566,25.648453116307028,25.258120247353173,25.371671676635742,31500.0
2013-09-13,25.506511682307977,25.506511682307977,25.26521457058453,25.40005874633789,49200.0
2013-09-16,25.641354842639565,25.641354842639565,25.2936021014379,25.56328773498535,67100.0
2013-09-17,25.50651556630394,25.747812714770827,25.371674077297104,25.7407169342041,55400.0
2013-09-18,25.747800573613574,26.010390354518414,25.534892062368556,25.66263771057129,60000.0
2013-09-19,25.655553085964524,25.655553085964524,25.194248855003256,25.343284606933594,63000.0
2013-09-20,25.300702255026604,25.584579465689618,24.846493844862604,25.51361083984375,346800.0
2013-09-23,25.449730890496795,25.449730890496795,24.839391132365492,25.286500930786133,120900.0
2013-09-24,25.336186567949536,25.6626465784878,24.98133802416111,25.51361083984375,85300.0
2013-09-25,25.54908899071538,25.71941744185619,25.286501889682228,25.556184768676758,56200.0
2013-09-26,25.563328466292674,25.59903089498769,25.363392686464017,25.527626037597656,42900.0
2013-09-27,25.363395067822548,25.713282715373502,25.363395067822548,25.499065399169922,33300.0
2013-09-30,25.22058469163577,25.56333297055752,25.13489830288563,25.491928100585938,84500.0
2013-10-01,25.456227672961603,26.056037889353245,25.334836115732102,25.741849899291992,130000.0
2013-10-02,25.63473582273559,25.727561591744223,25.42765792463199,25.48478126525879,96100.0
2013-10-03,25.42051191694027,25.613308269421864,25.113466176757026,25.384809494018555,125100.0
2013-10-04,25.327689775373102,25.577609495398903,25.327689775373102,25.556188583374023,35700.0
2013-10-07,25.356259031356263,25.37054055238618,25.120620744166636,25.170604705810547,34600.0
2013-10-08,25.234864203302386,25.27770875623031,24.942099901430655,25.077770233154297,118800.0
2013-10-09,25.092055244395706,25.27057015390213,24.88497729562713,25.049213409423828,73900.0
2013-10-10,25.263429509150217,25.670443264822666,24.799289677772972,25.634740829467773,42300.0
2013-10-11,25.520483936500504,26.23454333040021,25.506202421752057,26.20598030090332,66000.0
2013-10-14,26.04174379663233,26.220258623373336,26.00603865214806,26.120290756225586,158000.0
2013-10-15,26.09887476487795,26.120298402624037,25.88465745486326,25.95606231689453,41700.0
2013-10-16,25.956062329849107,26.42020210504666,25.956062329849107,26.1702823638916,61400.0
2013-10-17,26.01318330981178,26.29166603088379,25.97748088576261,26.29166603088379,137600.0
2013-10-18,28.36959283454883,28.36959283454883,25.627603353836342,26.463054656982422,369200.0
2013-10-21,26.42020988464355,26.741537306403284,26.320241958745346,26.420209884643555,206400.0
2013-10-22,26.420200157720885,26.577294111394384,26.284529840225115,26.427339553833008,80800.0
2013-10-23,26.320234138193577,26.505888413423552,26.29167110387485,26.377357482910156,62800.0
2013-10-24,26.420202935695972,26.484468403145044,26.348798071384103,26.38450050354004,81300.0
2013-10-25,26.420202935695972,26.463047488635677,26.320235036090967,26.38450050354004,44100.0
2013-10-28,26.420200538182705,26.48446599979998,26.370216592916016,26.413061141967773,95200.0
2013-10-29,26.505893411497812,26.648705886099954,26.063177191760417,26.263113021850586,66400.0
2013-10-30,26.348790764162857,26.43447712235819,26.048884424598878,26.155994415283203,69200.0
2013-10-31,26.11316456669036,26.120306689511917,25.613322202129616,25.620464324951172,47800.0
2013-11-01,25.563331160597993,25.59903359305595,24.984944672584536,25.120615005493164,110300.0
2013-11-04,25.142028850694487,25.291980659206725,24.977795528430573,25.192012786865234,55400.0
2013-11-05,25.020647322836098,25.456224084809236,24.999223684038046,25.16345977783203,27300.0
2013-11-06,25.34197232877803,25.34197232877803,25.02778441197448,25.12775230407715,32400.0
2013-11-07,25.16345015663965,25.170589550895258,24.91352777497381,24.949230194091797,91100.0
2013-11-08,24.92782233217221,25.741849899291992,24.92782233217221,25.741849899291992,62400.0
2013-11-11,25.69186177203504,25.69186177203504,25.399097471304515,25.449081420898438,54700.0
2013-11-12,25.44194057336515,25.56332938005138,25.19201811572517,25.370532989501953,45500.0
2013-11-13,25.242007517015438,25.549053384174726,25.242007517015438,25.541913986206055,34600.0
2013-11-14,25.470506386912387,25.61331886157833,25.399101511540113,25.541913986206055,38700.0
2013-11-15,25.491922639018718,25.634735072285945,25.149174433529733,25.420515060424805,121300.0
2013-11-18,25.370537325536056,25.906082038395418,25.341977011030387,25.65616226196289,121000.0
2013-11-19,25.634740829467773,25.827534525168435,25.549051715910576,25.634740829467773,55100.0
2013-11-20,25.634735437925276,25.82038969707632,25.520486034466025,25.66329574584961,109600.0
2013-11-21,25.68471844262011,26.22740240823001,25.527624497136998,26.191699981689453,74800.0
2013-11-22,26.141727027092347,26.513038411801183,26.04175910119414,26.420209884643555,32600.0
2013-11-25,26.427349344229764,26.955754741664766,26.427349344229764,26.620145797729492,65900.0
2013-11-26,26.584432484657725,26.99858826516368,26.513027630601115,26.855775833129883,72900.0
2013-11-27,26.89862440341579,27.119983864791408,26.670125544411857,27.112844467163086,54900.0
2013-11-29,27.29135472047151,27.391322613760728,26.87005951023781,27.25564956665039,64100.0
2013-12-02,27.24137431843324,27.24137431843324,26.448767741477678,26.491609573364258,32700.0
2013-12-03,26.384494150149457,26.97716200820219,26.241681731994,26.47018051147461,123500.0
2013-12-04,26.398778779053504,26.398778779053504,25.81325024706001,26.03460693359375,68000.0
2013-12-05,26.02747205925356,26.134579361174435,25.77754957359598,26.048892974853516,76000.0
2013-12-06,26.34165414189667,26.727246920115046,26.213123215823874,26.53445053100586,65500.0
2013-12-09,26.64157270405073,26.64157270405073,26.027480826728773,26.34880828857422,137500.0
2013-12-10,26.23454969048196,26.23454969048196,25.748988967001303,25.856096267700195,97200.0
2013-12-11,25.7418484844065,25.884660951682793,25.456226273775165,25.713285446166992,66800.0
2013-12-12,25.67757584476831,26.07745009676915,25.67757584476831,25.798967361450195,59000.0
2013-12-13,25.80611011523113,25.963204078231485,25.69186070320929,25.877517700195312,50200.0
2013-12-16,25.963207004674654,26.520172610569414,25.92036244886692,26.491609573364258,73600.0
2013-12-17,26.28452627461673,26.58442990121491,26.28452627461673,26.47018051147461,99900.0
2013-12-18,26.555872191851677,27.134261375466554,26.48446733043195,27.119979858398438,92400.0
2013-12-19,27.041438542031084,27.212814058833118,26.827221188969617,27.020017623901367,77400.0
2013-12-20,27.134271613935674,27.64125340350743,27.09142704656495,27.598411560058594,465500.0
2013-12-23,27.64838901864625,28.169652207976725,27.626965378042772,28.10538673400879,97900.0
2013-12-24,28.155366378490726,28.283897306749406,27.96970938259671,28.13394546508789,28900.0
2013-12-26,27.8395441587203,28.29910802406206,27.8395441587203,28.162675857543945,61600.0
2013-12-27,28.06214192240686,28.30628278832165,27.96160994682187,28.19857406616211,62800.0
2013-12-30,28.126754353325733,28.299092075311467,27.90415477231248,28.105213165283203,32000.0
2013-12-31,28.169856051155936,28.385276276036482,28.06214730832405,28.09086799621582,59500.0
2014-01-02,27.97595932579657,28.105211926786378,27.43022825211797,27.58820152282715,117400.0
2014-01-03,27.602571487426758,27.739006351086132,27.50204226528776,27.602571487426758,89800.0
2014-01-06,27.695929469373606,27.695929469373606,27.222003895913566,27.26508903503418,62500.0
2014-01-07,27.43023468500172,27.595390216283967,27.11428259105683,27.437414169311523,70200.0
2014-01-08,27.48051406762611,27.530778702466378,27.07121476151696,27.34408187866211,92300.0
2014-01-09,27.37997791624542,27.595398117019474,27.200460625730965,27.43024253845215,46900.0
2014-01-10,27.487678777127176,27.487678777127176,27.085561914601946,27.437414169311523,72000.0
2014-01-13,27.300984382130412,27.300984382130412,26.496747849273007,26.89886474609375,108600.0
2014-01-14,27.064023173191543,27.099928819273067,26.719350336695353,27.02094078063965,39100.0
2014-01-15,27.042483067013173,27.300988389609863,26.956315539219716,27.214820861816406,75300.0
2014-01-16,27.207642803400493,27.315354284050272,27.006584294685425,27.279451370239258,76300.0
2014-01-17,27.186100716675355,27.72465262393369,27.186100716675355,27.315353393554688,43700.0
2014-01-21,27.545124567592826,27.961603122215443,27.516401153007656,27.724641799926758,58800.0
2014-01-22,27.782090084011262,27.853898631314777,27.552308211072003,27.78927230834961,51000.0
2014-01-23,27.329695321436425,27.724632553005616,27.150178148976366,27.509212493896484,143600.0
2014-01-24,27.300993593683934,27.300993593683934,26.783982849938752,27.114294052124023,78700.0
2014-01-27,27.150194883639788,27.200459503773217,26.345955483072235,26.40340232849121,62000.0
2014-01-28,26.48956985740332,26.53983447753675,26.2023438479575,26.40340232849121,70300.0
2014-01-29,26.137714185763773,27.14300919954484,25.75713573140071,25.86484718322754,79300.0
2014-01-30,26.08744850851434,26.51828881982535,25.46272649613271,26.389036178588867,97000.0
2014-01-31,26.01563477988591,26.36030750809765,25.87920268097356,25.965370178222656,102800.0
2014-02-03,25.915114637750506,26.022826101384585,25.074972343367094,25.110877990722656,111800.0
2014-02-04,25.175501279058945,25.714053053722548,25.089331022877268,25.434003829956055,96700.0
2014-02-05,25.290388017022742,25.599157869050494,24.888268439233794,25.089326858520508,101800.0
2014-02-06,25.024706843600356,25.24012976328856,24.92417760866117,25.146780014038086,50100.0
2014-02-07,25.189864778586323,25.326296918412485,24.87391262856507,25.0821533203125,65700.0
2014-02-10,25.082149604520644,25.254484625168804,24.723115115751913,25.24012565612793,93700.0
2014-02-11,25.412463058836007,25.749956386462895,25.283210411626392,25.699691772460938,82800.0
2014-02-12,25.843302974968815,26.116167206470426,25.419642180650776,25.627880096435547,72200.0
2014-02-13,25.398109235042508,25.843314153313557,25.30476220246489,25.764326095581055,50600.0
2014-02-14,25.778674632348277,25.979733048007276,25.52016938980644,25.793033599853516,56700.0
2014-02-18,25.886393799398167,26.238248908402376,25.728420439974094,25.958202362060547,63200.0
2014-02-19,25.80022719582685,25.80740668274426,24.787749709037815,24.88827896118164,83400.0
2014-02-20,24.85955601443485,25.189869942555315,24.608232879229128,25.02471160888672,48100.0
2014-02-21,25.146783788753677,25.311939376547137,24.91700186319611,25.189868927001953,100000.0
2014-02-24,25.118057602575462,25.95101767597669,25.118057602575462,25.857667922973633,57800.0
2014-02-25,25.778682708740234,25.864850236845076,25.685332955417127,25.778682708740234,45000.0
2014-02-26,25.72123961329395,26.144900568790437,25.72123961329395,26.015647888183594,34200.0
2014-02-27,25.915109908838936,26.101806640625,25.821760173338003,26.101806640625,36100.0
2014-02-28,26.173626712497718,26.783984526000385,26.044374018473178,26.417770385742188,98100.0
2014-03-03,26.23824846704843,26.259789665876507,25.958201925417264,26.173622131347656,32600.0
2014-03-04,26.52547232186838,27.43024094754751,26.52547232186838,27.099929809570312,117900.0
2014-03-05,26.999401092529297,27.12147428213463,26.88451012895662,26.999401092529297,45800.0
2014-03-06,26.985049469211557,27.35126365934541,26.94914380770142,27.20764923095703,34400.0
2014-03-07,27.423060312870348,27.63130102727907,27.286628158197292,27.43024253845215,46700.0
2014-03-10,27.32252501454931,27.602571487426758,27.32252501454931,27.602571487426758,44600.0
2014-03-11,27.616930776623803,27.616930776623803,27.236355114950264,27.423051834106445,86400.0
2014-03-12,27.29380777701238,27.509230718048293,27.092749287209774,27.50204849243164,69200.0
2014-03-13,27.638484816070918,27.638484816070918,27.186100451407388,27.365617752075195,77300.0
2014-03-14,27.645667909754597,27.947255699400497,27.466150585665282,27.573862075805664,175400.0
2014-03-17,27.753368114619963,28.263196450311465,27.69592127944668,28.08367919921875,99400.0
2014-03-18,28.13395321736297,28.46426441240586,27.98315933343688,28.40682029724121,78500.0
2014-03-19,28.356552257881393,28.665319475777167,28.062144012636765,28.42835807800293,63300.0
2014-03-20,28.112405373428473,29.146423854997725,28.04059682242052,29.045894622802734,74900.0
2014-03-21,29.311588964392463,29.562912126771195,28.751495780110133,28.931013107299805,249000.0
2014-03-24,28.966907428301354,29.203868805475153,28.67249920865135,28.808931350708008,55700.0
2014-03-25,28.916646917687654,29.088981991160068,28.76585304359514,28.959732055664062,34700.0
2014-03-26,29.067434389350993,29.067434389350993,28.44271509198588,28.464256286621094,106800.0
2014-03-27,28.48593733883624,28.67377136972833,27.92243249025771,27.980226516723633,62000.0
2014-03-28,27.95855067594784,28.57985223077587,27.705693917919124,27.915203094482422,61200.0
2014-03-31,27.987444054390174,28.514827132936244,27.82850570669907,28.442581176757812,94900.0
2014-04-01,28.42091575463002,29.251726541562622,28.095815761660646,29.18670654296875,151100.0
2014-04-02,29.23003850104034,29.23003850104034,28.81102306030197,29.092775344848633,47400.0
2014-04-03,29.17948056762381,29.287848150580974,28.984420571842186,29.18670654296875,57900.0
2014-04-04,29.24449045323344,29.381753622397284,28.370335140129722,28.449804306030273,78600.0
2014-04-07,28.399239550615064,28.60152273884549,27.78516125564138,28.543725967407227,88100.0
2014-04-08,28.615972518920902,28.991643273273343,28.428135763793776,28.6159725189209,70000.0
2014-04-09,28.659320335748962,28.782137112452002,28.182507935406168,28.428138732910156,50600.0
2014-04-10,28.334214927640165,28.56539646378817,27.315570422768875,27.539525985717773,70500.0
2014-04-11,27.351688748972926,27.669562634173793,27.185527211988315,27.28666877746582,63000.0
2014-04-14,27.62622347091553,27.691243455713536,27.026594416011545,27.31557273864746,48400.0
2014-04-15,27.351691003979113,27.734584892254716,26.86765278598621,27.553974151611328,50300.0
2014-04-16,27.806834508623613,28.78213153433876,27.37336702038234,27.431163787841797,43900.0
2014-04-17,27.49618222062811,28.117480900324455,27.34446709256486,28.0235652923584,70500.0
2014-04-21,27.68401307698683,27.68401307698683,26.98324254743316,27.568422317504883,129900.0
2014-04-22,27.66956345867892,28.168050840387778,27.46005434914624,27.98744010925293,49100.0
2014-04-23,27.850183100235256,28.117486296183852,27.850183100235256,27.915203094482422,69200.0
2014-04-24,28.0018880167546,28.088583156512286,27.46005579482443,27.553974151611328,80300.0
2014-04-25,27.50341278405643,27.63345278232779,27.192761983286196,27.257781982421875,68800.0
2014-04-28,27.43838534620347,27.604546908746745,25.538359447371576,27.04826545715332,35900.0
2014-04-29,27.27945199760104,27.36614715942519,26.636478038199048,26.70149803161621,41600.0
2014-04-30,26.57145262879956,26.961572509785526,26.195781938505817,26.81708335876465,91300.0
2014-05-01,26.69427011717532,27.575648726802793,26.21745783462229,26.687044143676758,90500.0
2014-05-02,26.701500576016514,27.250558962948592,26.585909771804836,26.752071380615234,60000.0
2014-05-05,26.463083926853784,26.92544693716077,26.224676449469975,26.513654708862305,35000.0
2014-05-06,26.325822930339413,26.585902861187236,26.007948990359537,26.145212173461914,90500.0
2014-05-07,26.145205819334418,26.44863325021472,25.870679519848398,26.268022537231445,148900.0
2014-05-08,26.361950039656353,27.12051474658542,25.870688509170495,26.181339263916016,83900.0
2014-05-09,25.993508654371652,26.622033530774004,23.818955613353065,26.564239501953125,89300.0
2014-05-12,26.159666732811655,27.084395871796353,26.159666732811655,27.004926681518555,89800.0
2014-05-13,26.911002806780168,27.301122703516278,26.470312118530273,26.470312118530273,89700.0
2014-05-14,26.369174742311486,26.520887141056278,25.480570006360995,25.603384017944336,94600.0
2014-05-15,25.372197359621413,25.639503253567735,25.003752642635153,25.50223731994629,111600.0
2014-05-16,25.61060731368335,25.61060731368335,25.08322420471235,25.408321380615234,76100.0
2014-05-19,25.242158315565344,25.704524166782466,25.097671915205268,25.668399810791016,55800.0
2014-05-20,25.66839935231826,25.66839935231826,25.018202294607022,25.256607055664062,113000.0
2014-05-21,25.30718597464624,25.653958401321265,24.967639523721978,25.336084365844727,48200.0
2014-05-22,25.2638421089337,25.53836856810055,25.2638421089337,25.343311309814453,54700.0
2014-05-23,25.40109758531116,25.63227914136279,25.075997660894327,25.523914337158203,79000.0
2014-05-27,25.65394170837832,26.007939880458547,25.502229387158426,25.740636825561523,79000.0
2014-05-28,25.646728749204375,25.79121791305626,25.379425587414403,25.610607147216797,59600.0
2014-05-29,25.718976524632705,25.89236410325429,25.646733307816586,25.80567169189453,62000.0
2014-05-30,25.921259451010645,26.268031811665086,25.921259451010645,26.152441024780273,124400.0
2014-06-02,26.239139781002116,26.788198218611445,26.08020137707798,26.50644302368164,92200.0
2014-06-03,26.33304398571733,26.788183779694922,26.33304398571733,26.513654708862305,105800.0
2014-06-04,26.296932472766738,26.5353372856382,26.296932472766738,26.41252326965332,62500.0
2014-06-05,26.405296304388763,27.308350232417805,26.361951479620572,27.20720863342285,70600.0
2014-06-06,27.43839366864014,27.74904447941563,27.236110445215065,27.4239444732666,70600.0
2014-06-09,27.46728191408627,27.95131737875667,27.22165119526662,27.871850967407227,47300.0
2014-06-10,27.68401923488315,27.806835994345835,27.438388471859483,27.655120849609375,36500.0
2014-06-11,27.48173981678481,27.640675445772995,27.134967413671376,27.199987411499023,57100.0
2014-06-12,27.08438887475558,27.33724281858753,26.83875814821827,27.055490493774414,32300.0
2014-06-13,27.207207317779798,27.36614568331582,26.889333342609497,26.95435333251953,40100.0
2014-06-16,26.867648638785493,26.88209782651478,26.564223964172793,26.780956268310547,30000.0
2014-06-17,26.70149759270768,27.36614670959142,26.70149759270768,27.265005111694336,49900.0
2014-06-18,27.19275166021328,27.691239049648818,27.142180875183747,27.568422317504883,57500.0
2014-06-19,27.59733239520368,27.662352397218882,27.05549996371108,27.532312393188477,38200.0
2014-06-20,27.749035114071056,27.749035114071056,27.30834444956977,27.539525985717773,169000.0
2014-06-23,27.61900113244412,27.61900113244412,27.265005534317197,27.50341033935547,40000.0
2014-06-24,27.431162211950287,28.081359273106724,27.366142230244503,27.52507781982422,97000.0
2014-06-25,27.308349997337718,27.777939138231176,27.134965187953753,27.720142364501953,54100.0
2014-06-26,27.778296550651678,27.807376825983788,27.487502117073667,27.727407455444336,29800.0
2014-06-27,27.480231842056003,28.105443922314457,27.480231842056003,28.025474548339844,175000.0
2014-06-30,27.880078205192348,27.989127864613433,27.683793255431254,27.90188980102539,62000.0
2014-07-01,28.040016995290205,28.970563736524728,28.040016995290205,28.54163932800293,80800.0
2014-07-02,28.59979779089939,28.59979779089939,28.032746258654505,28.112712860107422,59900.0
2014-07-03,28.265386293200677,28.752468508754085,28.265386293200677,28.657958984375,25900.0
2014-07-07,28.49075482181798,28.49075482181798,28.13453105327827,28.24357795715332,53000.0
2014-07-08,28.22176863212516,28.243577457864934,27.836464586730756,27.909162521362305,48600.0
2014-07-09,27.83646881554098,28.17088380284666,27.821928671756098,27.89462661743164,64400.0
2014-07-10,27.53112961620871,27.807386784300938,27.33484184729439,27.523860931396484,38800.0
2014-07-11,27.414804458618164,27.65471259675109,27.247597016850367,27.414804458618164,34200.0
2014-07-14,27.778300124098912,27.829189225852716,26.513338490149998,27.640172958374023,53900.0
2014-07-15,27.749231121082698,27.800123016764765,27.269417414394646,27.552946090698242,52700.0
2014-07-16,27.73468014821599,27.73468014821599,27.058578969444167,27.153085708618164,42100.0
2014-07-17,27.05857370201826,27.080382518620972,26.3970127903456,26.506059646606445,65900.0
2014-07-18,25.728188690618857,26.934992591076384,25.728188690618857,26.636926651000977,87100.0
2014-07-21,26.55695217395695,26.716890911752262,26.244346153673913,26.60057258605957,86000.0
2014-07-22,26.753253514170197,27.203986909472103,26.6805555635002,26.687824249267578,62600.0
2014-07-23,26.69509824075061,26.905923426993446,26.615128823477775,26.84049415588379,56100.0
2014-07-24,26.905916426329714,27.174904900486343,26.789598060538516,26.96407699584961,42900.0
2014-07-25,26.89864158630371,26.964070825416528,26.724162690920206,26.89864158630371,52400.0
2014-07-28,26.898654729671094,26.898654729671094,26.542428081940344,26.811416625976562,67200.0
2014-07-29,26.898636935784765,27.18216266517209,26.75323834364454,26.927717208862305,35500.0
2014-07-30,27.1021980703196,27.262136827144865,26.869561391254464,27.1385498046875,31900.0
2014-07-31,26.76051685861915,27.03677120599603,26.32432096711929,26.542417526245117,53200.0
2014-08-01,26.673280871802998,27.203983612472566,26.06988018927409,26.22254753112793,56200.0
2014-08-04,26.404280490937065,26.404280490937065,25.85176922929012,26.295230865478516,46800.0
2014-08-05,26.077142814321356,26.5933080652709,26.077142814321356,26.39702033996582,31000.0
2014-08-06,26.258890854446257,26.258890854446257,25.45193111641978,25.851778030395508,456800.0
2014-08-07,26.367938858934846,26.367938858934846,25.444660833059782,25.48828125,131300.0
2014-08-08,25.51008867512646,25.85177498933043,25.51008867512646,25.662755966186523,126300.0
2014-08-11,25.815429700281133,26.09168684822957,25.517363726237566,25.89539909362793,105400.0
2014-08-12,25.742719700526123,25.960816179015257,25.691830614653565,25.822689056396484,58600.0
2014-08-13,25.98990843342965,26.091686652106542,25.888130214752756,26.04806900024414,44500.0
2014-08-14,26.018994858526337,26.302520755551075,25.93175398771171,26.03353500366211,56200.0
2014-08-15,26.317050209609814,26.317050209609814,25.859045530265433,26.084413528442383,107000.0
2014-08-18,26.411555660117727,26.636920850336374,26.186187696651512,26.47698211669922,51800.0
2014-08-19,26.46972380703303,26.709632001497184,26.41883469425251,26.498804092407227,30100.0
2014-08-20,26.33885528651067,26.397015835156246,26.171647869026053,26.273426055908203,29600.0
2014-08-21,26.244343448561207,26.76050856553891,26.17164554246441,26.629650115966797,52900.0
2014-08-22,26.673283678791993,26.82595380996094,26.42610676791014,26.702363967895508,56900.0
2014-08-25,26.891375210697536,26.898643894223525,26.593309267664445,26.804134368896484,49400.0
2014-08-26,26.855025194237808,27.0076952905489,26.6587374474793,26.956806182861328,201700.0
2014-08-27,27.036773870651547,27.036773870651547,26.753248038519782,26.934995651245117,47800.0
2014-08-28,26.840481344218045,26.840481344218045,26.5569555624936,26.615116119384766,32600.0
2014-08-29,26.60784323862238,26.789590809304904,26.447907262230295,26.760513305664062,45000.0
2014-09-02,26.8332170244479,27.116742852275085,26.724167349168933,27.029504776000977,64800.0
2014-09-03,27.153100365268887,27.153100365268887,26.760527511860268,26.84049415588379,85200.0
2014-09-04,27.058582484807122,27.203978340348115,26.847754611725232,26.905912399291992,72500.0
2014-09-05,26.767787120094596,27.000423833308748,26.680549045951384,26.956806182861328,46400.0
2014-09-08,26.956805599117942,27.13128174362613,26.825947104112647,27.102201461791992,49200.0
2014-09-09,27.02222300936228,27.02222300936228,26.709619790870292,26.796857833862305,45200.0
2014-09-10,26.775060710483256,27.182173604418203,26.775060710483256,27.12401580810547,46300.0
2014-09-11,26.934987399391066,27.458421251119358,26.934987399391066,27.39299201965332,49300.0
2014-09-12,27.480234542916307,27.68379372574401,27.182168611782682,27.385725021362305,69800.0
2014-09-15,27.356646967071267,27.356646967071267,27.02950076305273,27.05130958557129,36600.0
2014-09-16,27.051303326263344,27.16035296011958,26.81139801432597,26.876827239990234,49000.0
2014-09-17,26.85501988025827,27.094928003240373,26.600574392169214,26.86229133605957,60100.0
2014-09-18,26.971341334696334,27.502046739686154,26.78959374410337,27.269407272338867,57100.0
2014-09-19,27.31302538653064,27.596551160199112,26.82594321602284,26.83321189880371,215600.0
2014-09-22,26.73143764812792,26.97134304079706,26.542418588935675,26.57149887084961,47400.0
2014-09-23,26.47698862125323,26.68781649952363,26.251623375669514,26.258892059326172,65200.0
2014-09-24,26.258892518046657,26.47698908378368,26.171654446401508,26.4042911529541,55800.0
2014-09-25,26.45552160942153,26.46283864400562,26.272565036166046,26.353063583374023,137500.0
2014-09-26,26.353054126004583,26.887289584880797,26.345737094046374,26.47014617919922,58600.0
2014-09-29,26.34573922801256,26.514058893632576,26.19937345174016,26.33110237121582,71000.0
2014-09-30,26.345743344784545,26.426244673898207,26.12619604191709,26.140832901000977,125500.0
2014-10-01,26.2359738292988,26.426250245813254,25.789562095744756,26.06033706665039,107600.0
2014-10-02,26.08960846291056,26.484792539453633,25.848104446199354,26.353063583374023,66500.0
2014-10-03,26.660426973965766,26.74092829745746,26.235966465262365,26.42624282836914,43500.0
2014-10-06,26.45551648438996,26.49210723361345,26.294513837772342,26.30915069580078,49000.0
2014-10-07,26.338426300719355,26.36038019348883,25.862738151614327,25.97251319885254,93800.0
2014-10-08,25.979822995322063,26.667738430188127,25.862730947010935,26.609193801879883,57700.0
2014-10-09,26.565294574021728,26.565294574021728,25.98715111738759,26.089609146118164,107600.0
2014-10-10,26.016422848105506,26.60188329469341,26.016422848105506,26.192062377929688,69000.0
2014-10-13,26.14083667350588,26.916570775033684,26.13351684705987,26.645795822143555,74100.0
2014-10-14,26.792161876784913,27.150755208293354,26.59456843645143,27.011709213256836,92200.0
2014-10-15,26.587247806231435,26.806795113013873,25.884692516153972,26.63847541809082,177900.0
2014-10-16,26.426243572022937,27.326389430433583,26.360379104739458,27.172706604003906,150900.0
2014-10-17,28.8485823117189,28.86321916810825,27.019017138473565,27.494705200195312,148900.0
2014-10-20,27.51666092703267,27.61179910407119,27.07024933996443,27.5971622467041,117700.0
2014-10-21,27.736215463462056,28.175310088421575,27.531302219011476,28.058218002319336,87600.0
2014-10-22,28.10212983494802,28.10212983494802,27.560577167760272,27.648395538330078,78900.0
2014-10-23,27.926478922615036,28.270438022092318,27.61179353196444,27.882568359375,64800.0
2014-10-24,26.375008646829347,28.014297257400575,26.375008646829347,27.882568359375,35500.0
2014-10-27,27.64838846169287,28.468035682873627,27.53129640033776,27.926483154296875,50300.0
2014-10-28,27.970401983734615,28.70954531586194,27.970401983734615,28.672954559326172,111200.0
2014-10-29,28.592453766991454,29.14864332708155,28.365586605415782,29.01691436767578,48700.0
2014-10-30,28.841268583291406,29.273046125307502,28.555856830240895,29.177907943725586,60400.0
2014-10-31,29.4121002616466,29.97560689113447,29.17059901569237,29.8585147857666,101300.0
2014-11-03,29.64628217153046,30.15124410499223,28.943729593848442,29.360870361328125,147700.0
2014-11-04,29.185233612755514,29.485282283954863,28.943729593848442,29.360870361328125,66500.0
2014-11-05,29.346233536456975,29.836558609525333,29.104732308948392,29.477962493896484,48300.0
2014-11-06,29.48528076350083,29.785329419227704,29.251096583016228,29.741418838500977,51900.0
2014-11-07,29.499918111058555,29.96096665367498,29.346232471824063,29.68287467956543,62900.0
2014-11-10,29.617007954963952,30.026828850623993,29.602371095591028,29.924373626708984,55200.0
2014-11-11,29.953636099334837,29.96827295321234,29.704815166806082,29.785316467285156,57500.0
2014-11-12,29.59505380557993,30.217107819593448,29.59505380557993,30.16588020324707,53000.0
2014-11-13,30.01220154393546,30.180524084452326,29.76338043878856,29.80729103088379,52000.0
2014-11-14,29.748738976528866,29.98292315947002,29.536508688333548,29.719465255737305,58200.0
2014-11-17,29.609693124488043,29.690194468771715,29.280370712280273,29.280370712280273,37900.0
2014-11-18,29.419411914273084,29.47795655484218,29.060815870892167,29.177907943725586,33800.0
2014-11-19,29.097414509954472,29.097414509954472,28.533910675940408,28.75345802307129,56600.0
2014-11-20,28.57049746757001,29.05350268086099,28.189947482599,28.958364486694336,68000.0
2014-11-21,29.34623909187763,29.34623909187763,28.6949140077357,28.826642990112305,72300.0
2014-11-24,28.804680023113484,29.24377463168595,28.76808927101502,29.155956268310547,84300.0
2014-11-25,29.25841013533779,29.44136667904928,29.009589124222355,29.382822036743164,29600.0
2014-11-26,29.44136082879348,29.631637159793232,29.41940694125303,29.587726593017578,43300.0
2014-11-28,29.60968007458981,29.93900234165511,28.972992219393372,29.00226593017578,36300.0
2014-12-01,28.343639320028718,28.987647406026696,28.343639320028718,28.511959075927734,57000.0
2014-12-02,28.77541520498545,29.324285031314055,28.658323087036532,29.0974178314209,45100.0
2014-12-03,29.060822034616212,29.53651025172277,28.994957555196777,29.456008911132812,57400.0
2014-12-04,29.170594768191922,29.638963121464762,29.170594768191922,29.46332359313965,48200.0
2014-12-05,29.434057415324475,30.187837681047906,29.434057415324475,29.968290328979492,47000.0
2014-12-08,29.77800985508118,30.443971647632655,29.68287445021359,29.93901252746582,80100.0
2014-12-09,29.54382471606278,30.72938524246543,29.41941559448103,30.71474838256836,92900.0
2014-12-10,30.348822636703858,30.473231706537938,29.734088735201894,29.770679473876953,122300.0
2014-12-11,29.960959160993735,30.14391568374657,29.704821145817764,29.81459617614746,51700.0
2014-12-12,29.397461894864254,30.02683297588947,29.265735725801537,29.61701202392578,55300.0
2014-12-15,29.668233838036667,29.99023635039027,29.199865532178585,29.331594467163086,140100.0
2014-12-16,29.221830718240238,29.902429548143974,29.031554275634683,29.5511531829834,126700.0
2014-12-17,29.573099903158415,30.429338103599072,29.104731529995806,30.334199905395508,114700.0
2014-12-18,30.692775743904036,30.88305203197181,30.326862811751987,30.64154815673828,90600.0
2014-12-19,30.553747263086922,30.941614299072103,30.085378889437862,30.619611740112305,416300.0
2014-12-22,30.57570327566213,30.77329672042225,30.33420203764147,30.700115203857422,56100.0
2014-12-23,30.7367153684448,31.10994568385791,30.7367153684448,31.03676414489746,53800.0
2014-12-24,31.022032579914214,31.169228585125346,30.639316789680834,30.963151931762695,27400.0
2014-12-26,31.147148887440075,31.3237880194426,30.963151078413333,31.161869049072266,34000.0
2014-12-29,31.20603086849538,31.846342485167927,31.20603086849538,31.81690216064453,84500.0
2014-12-30,31.735940481440238,32.221694572211845,31.69178280528698,31.90521812438965,65600.0
2014-12-31,32.000902451579165,32.06714178308593,31.390031112202603,31.507789611816406,62900.0
2015-01-02,31.4783630651854,31.4783630651854,30.58781384652954,30.948448181152344,77100.0
2015-01-05,30.81595093152366,30.81595093152366,30.28603917369448,30.43323516845703,49900.0
2015-01-06,30.49946760659991,30.49946760659991,29.527959660963422,29.682519912719727,94200.0
2015-01-07,29.82972384222456,30.050523458688684,29.55004919451517,29.866525650024414,50600.0
2015-01-08,30.175650013195114,30.59516492291813,29.991652147260996,30.3522891998291,63400.0
2015-01-09,30.433233470932507,30.433233470932507,29.424926363616137,29.45436668395996,48600.0
2015-01-12,29.41021163417525,29.763487120784635,29.10109663623604,29.270374298095703,58900.0
2015-01-13,29.527967113157104,30.227159337293898,29.02749285635921,29.417570114135742,93800.0
2015-01-14,29.0348539366349,29.307169899530322,28.43134136611873,28.8950138092041,69900.0
2015-01-15,28.8434931534072,28.97597178958685,28.446060052451767,28.799335479736328,83000.0
2015-01-16,28.681575554430413,29.469085847707344,28.681575554430413,29.388126373291016,68100.0
2015-01-20,29.402850782579538,29.402850782579538,28.85821602625177,29.012773513793945,42600.0
2015-01-21,28.909737045505224,29.10845503121524,28.431344390352045,28.607980728149414,65700.0
2015-01-22,28.902373421166125,29.601565590272415,28.62269599200691,29.51324462890625,151500.0
2015-01-23,29.660440444946293,29.84443821793924,29.005408822304716,29.66044044494629,96400.0
2015-01-26,29.550040759972582,29.550040759972582,28.784609420588115,29.159963607788086,118900.0
2015-01-27,28.431341189068917,29.02749227149019,28.431341189068917,28.703657150268555,115600.0
2015-01-28,28.70365768502833,28.74045668464624,28.004465461953206,28.048625946044922,132300.0
2015-01-29,28.048636338192058,28.306232238541586,27.88671731078107,28.25471305847168,149000.0
2015-01-30,28.026536570110224,28.247333292384166,27.805737040253636,27.842538833618164,132400.0
2015-02-02,27.87199262525208,28.96125952491012,27.864633946828572,28.850862503051758,75000.0
2015-02-03,28.902379267474068,29.424932427132386,28.902379267474068,29.29245376586914,67100.0
2015-02-04,29.071650350665035,29.424925764851714,28.77725276838443,28.946533203125,86400.0
2015-02-05,29.093726875755465,29.55740204836332,28.99805005555982,29.52796173095703,57200.0
2015-02-06,29.55005525475351,30.263964989625265,29.527973604028258,29.83709144592285,73100.0
2015-02-09,29.660437729110008,29.660437729110008,29.09372430327245,29.159963607788086,67000.0
2015-02-10,29.31453558885052,29.31453558885052,28.674221119741162,29.21149444580078,63400.0
2015-02-11,29.079007710152723,29.196766176216347,28.828770618819618,29.108448028564453,48400.0
2015-02-12,29.329243775591763,29.623641334244866,29.292444782655924,29.6015625,61500.0
2015-02-13,29.542693909849127,29.726691757127792,29.329255733185633,29.623653411865234,104400.0
2015-02-17,29.711964158408694,30.0726010841795,29.62364599993603,30.021081924438477,77700.0
2015-02-18,29.881246421705626,30.44796007411939,29.881246421705626,30.367000579833984,200900.0
2015-02-19,30.367007524223208,30.90428378051286,30.35964884468904,30.749723434448242,127000.0
2015-02-20,30.70556165753803,30.99259785012831,30.35964480616804,30.771800994873047,390800.0
2015-02-23,30.801242549765295,30.9410827288855,30.43324680696005,30.82332420349121,221000.0
2015-02-24,30.764436094828472,30.82331674707425,30.550997941813566,30.74235725402832,154500.0
2015-02-25,30.631951733918324,30.66139205456205,30.278676308944156,30.396434783935547,72100.0
2015-02-26,30.396437743623423,30.698194040644708,30.263959095410783,30.595155715942383,86500.0
2015-02-27,30.506837847710823,30.808594147647266,30.241880548725884,30.77915382385254,210700.0
2015-03-02,30.779162521602128,30.999959397289,30.514205147744036,30.705564498901367,72900.0
2015-03-03,30.528913307304784,30.698190939010225,30.308116518453488,30.337556838989258,56300.0
2015-03-04,30.20508343639031,30.2124421140072,29.910685795203012,30.028444290161133,54300.0
2015-03-05,30.006367706535404,30.190365544220132,29.65309219509083,30.072607040405273,51600.0
2015-03-06,29.792921191334187,30.624591970711393,29.792921191334187,30.197715759277344,63200.0
2015-03-09,30.160926794163,30.867477854013575,30.160926794163,30.771800994873047,77500.0
2015-03-10,30.514189065043407,30.64666768214874,30.24187315547494,30.286033630371094,61100.0
2015-03-11,30.418522035746044,30.67611786990665,30.1830022347626,30.609878540039062,115200.0
2015-03-12,30.904280297346222,31.81690806629666,30.76444013369579,31.73594856262207,143500.0
2015-03-13,31.647617581157753,31.78009620494135,30.92634663365996,31.69913673400879,96900.0
2015-03-16,31.831626057827368,32.21434189878534,31.647628219342817,31.956743240356445,110000.0
2015-03-17,31.77273469098639,32.339448179384505,31.632897391608903,32.25849151611328,117500.0
2015-03-18,32.05977499034639,32.48664839055403,32.05977499034639,32.2216911315918,198500.0
2015-03-19,32.05241209732462,32.29529050988807,31.816895168066086,32.25849151611328,95400.0
2015-03-20,32.494012018639836,33.08280440653389,32.22905474219162,32.96504592895508,265500.0
2015-03-23,32.96504429014635,33.11960175786302,32.61176887497249,32.942962646484375,79300.0
2015-03-24,32.89145130779247,33.472885128438186,32.582336298892685,32.58969497680664,141500.0
2015-03-25,32.62649147174948,32.788407627724666,31.86105994457787,31.87578010559082,79200.0
2015-03-26,31.87578110721709,32.22378706068434,31.51296891382974,32.11272048950195,83000.0
2015-03-27,32.112713987398294,32.20156835616928,31.779517165856255,31.986841201782227,96900.0
2015-03-30,31.986852092199925,33.03086727212296,31.912806759680894,32.786521911621094,131000.0
2015-03-31,32.37187692018892,32.86056478000652,32.35706785479561,32.482940673828125,101600.0
2015-04-01,32.349664041136734,32.75690630493228,32.08310932011683,32.59400939941406,69700.0
2015-04-02,32.653233524163674,32.97162129890716,32.64583040536164,32.8087272644043,59000.0
2015-04-06,32.3940984897449,32.71988954914978,31.898007365796023,32.505165100097656,93000.0
2015-04-07,32.371872711249274,32.586597070183124,32.12012428137575,32.497745513916016,90000.0
2015-04-08,32.40889640404625,32.94941455099413,32.29782983192342,32.85315704345703,94900.0
2015-04-09,32.867958957294825,32.96421644389016,32.23858938429838,32.475528717041016,100000.0
2015-04-10,32.690274234324775,32.690274234324775,32.2237984252009,32.505165100097656,45100.0
2015-04-13,32.453309720131145,32.94940046118371,32.453309720131145,32.705055236816406,37500.0
2015-04-14,32.756907547548494,32.756907547548494,32.17936523541177,32.549583435058594,56300.0
2015-04-15,32.719888034263356,33.06789409435131,32.51996983960906,32.91240310668945,90700.0
2015-04-16,32.60880955330375,32.971621694289716,32.60140360987311,32.84574890136719,74600.0
2015-04-17,31.71289921246036,32.5273782984353,31.04650517881445,31.15757179260254,212600.0
2015-04-20,31.201971051974507,31.379676926023137,30.713283429014574,30.787328720092773,102000.0
2015-04-21,30.69108557538276,31.18717654667258,30.668870565423557,30.97245216369629,95400.0
2015-04-22,30.891009358174514,31.19458818733746,30.631854907960715,31.07611846923828,57500.0
2015-04-23,30.876193117000486,31.239005308651855,30.876193117000486,31.061302185058594,57800.0
2015-04-24,30.979857725612895,31.416715295369194,30.72070612683398,30.9354305267334,51900.0
2015-04-27,30.86879441421826,31.26863077291327,30.343085215493833,30.683685302734375,61500.0
2015-04-28,30.77993328135511,31.305642316965532,30.77993328135511,31.17976951599121,76300.0
2015-04-29,31.53518251578299,31.53518251578299,30.809555271850506,30.97245216369629,59800.0
2015-04-30,30.77994178414806,31.120541859798113,30.483766086036233,30.891008377075195,171800.0
2015-05-01,30.92061064098438,30.942825644921147,30.37268950256375,30.38009262084961,73800.0
2015-05-04,30.20980252729241,30.87619637237775,30.20980252729241,30.757726669311523,64500.0
2015-05-05,30.728110412977415,30.97985890042681,30.565213502115835,30.809558868408203,111400.0
2015-05-06,30.905797272286108,31.238991184510965,30.779921694158027,31.172351837158203,270200.0
2015-05-07,31.113150428007543,31.27604740562566,30.942850326198535,31.13536262512207,33900.0
2015-05-08,31.283435691792892,31.283435691792892,30.928026583825076,30.96504783630371,42300.0
2015-05-11,31.031685457278158,31.57220362146597,30.994664206903167,31.28343391418457,60400.0
2015-05-12,31.1797694639829,31.401899763563545,30.691081675089475,31.33526039123535,35200.0
2015-05-13,31.335265980376935,31.61663258311995,31.21679627783364,31.594417572021484,47400.0
2015-05-14,31.653638827681714,32.031259942828754,31.631426651655172,31.96462059020996,85500.0
2015-05-15,31.801735945010797,32.03126936356438,31.438920957480942,31.490751266479492,88200.0
2015-05-18,31.350069980978056,32.35706370216462,31.22419435355971,32.342254638671875,68800.0
2015-05-19,32.19416554175075,33.23818046767855,32.19416554175075,33.193756103515625,136800.0
2015-05-20,33.208566478015065,33.4529118095042,32.97903303581165,33.38627243041992,130600.0
2015-05-21,33.445493589979854,33.49732670983565,33.238172408713694,33.41587829589844,126500.0
2015-05-22,33.48992962493642,33.54916587784386,33.319629634637515,33.42329025268555,83100.0
2015-05-26,33.26780064318347,33.26780064318347,32.62362190227233,33.119712829589844,85200.0
2015-05-27,33.17154437230113,33.62321094948867,33.04567156202406,33.51955032348633,74800.0
2015-05-28,33.549167593204565,33.80831915157499,33.215970714913915,33.652828216552734,116000.0
2015-05-29,33.54917273791166,33.71206681763539,32.94941826501719,33.401084899902344,71200.0
2015-06-01,33.70466497421597,33.70466497421597,32.89758919224389,33.30482864379883,55900.0
2015-06-02,33.11231966697456,33.689859206664266,33.067892462174974,33.52696228027344,51800.0
2015-06-03,33.504746619592666,34.12671329965624,33.482534431764186,33.95641326904297,108100.0
2015-06-04,33.697255072755766,33.89717321449559,33.33444286424081,33.51214599609375,41600.0
2015-06-05,33.504746561465055,34.12671324044957,33.40108591905775,34.06007385253906,70100.0
2015-06-08,33.91939741526243,34.40808539708459,33.91939741526243,34.23778533935547,52200.0
2015-06-09,34.126714303296424,34.80051132446942,33.91198706617056,34.61540222167969,45300.0
2015-06-10,34.23036234199226,35.30399530766504,33.96380488022084,35.02262878417969,97900.0
2015-06-11,35.044846004176556,35.259570351251895,34.556155410346086,34.978206634521484,62000.0
2015-06-12,34.79309840030667,35.081868067372156,34.578371223679525,34.94858932495117,40900.0
2015-06-15,34.78569110843223,35.24476074534681,34.467303327714426,34.80790328979492,91300.0
2015-06-16,34.6524178250958,35.533538818359375,34.6524178250958,35.533538818359375,58500.0
2015-06-17,35.629806993155064,35.76308580185164,34.72647629753994,34.822731018066406,72600.0
2015-06-18,34.95599999219672,35.31881505258284,34.778296846957424,35.104087829589844,106400.0
2015-06-19,35.17073291172393,35.844529997682685,35.015241928319845,35.577972412109375,238100.0
2015-06-22,35.733445942009176,36.28136991412193,35.49650660934951,36.06664276123047,94500.0
2015-06-23,35.9407695412913,36.488690682229745,35.9407695412913,36.236942291259766,56400.0
2015-06-24,35.511324218842326,35.91116049815476,35.178127319415296,35.51873016357422,155200.0
2015-06-25,35.82395489329549,35.943070176833615,35.407052820878256,35.734619140625,120300.0
2015-06-26,35.80163212241832,36.08453206842831,35.56340148575723,35.74951934814453,184000.0
2015-06-29,35.541058145000484,35.71972965172471,34.63280232603308,34.81892013549805,71000.0
2015-06-30,35.28049986728512,35.421951253551256,34.74447954024097,34.90826416015625,80200.0
2015-07-01,35.30283377367447,35.526177474154345,35.13905199057118,35.503841400146484,91100.0
2015-07-02,35.46661912245027,35.779298605560456,34.60303236138064,34.79659652709961,42600.0
2015-07-06,34.59558831241861,34.88593171616186,34.35735768165835,34.69236755371094,87700.0
2015-07-07,34.63280279527432,34.63280279527432,34.01489029631096,34.402015686035156,87500.0
2015-07-08,34.223352751925525,34.68492424612321,34.01489881911597,34.39458084106445,182400.0
2015-07-09,34.79659652709961,35.12416293994217,34.48391704398942,34.79659652709961,144500.0
2015-07-10,35.35494434391878,35.496392872773285,34.98270868278645,35.317718505859375,94700.0
2015-07-13,35.55595159045739,35.71229273742462,35.43683628415512,35.68995666503906,111400.0
2015-07-14,35.64528056812107,35.82395205932769,35.377270491378994,35.7271728515625,47900.0
2015-07-15,35.838858542129756,36.19620453117424,35.73463298365013,36.106868743896484,47600.0
2015-07-16,36.38975415411382,36.70243070442321,36.07707476387208,36.15152359008789,52800.0
2015-07-17,36.35253181745154,36.8141031885956,36.09941148361143,36.79176712036133,141400.0
2015-07-20,36.79176026091823,37.513898133989485,36.79176026091823,37.14910888671875,163300.0
2015-07-21,37.25334803917682,37.677696492914,36.575879206023345,36.806663513183594,78400.0
2015-07-22,36.724772030035204,37.39479452230869,36.724772030035204,36.84388732910156,110400.0
2015-07-23,36.992784707704324,37.30546418822553,36.09942125463382,36.16642379760742,68700.0
2015-07-24,36.151536250178516,36.7768924097263,35.82396697998047,35.82396697998047,65700.0
2015-07-27,35.704846418271664,35.756959187261145,35.44428257332429,35.69740295410156,74900.0
2015-07-28,35.8984087492036,36.0324138169473,35.466614010933284,35.66762161254883,103000.0
2015-07-29,35.69740858532279,36.02497501920597,35.59318303090239,35.71974182128906,99900.0
2015-07-30,35.52616529400594,35.965403399792756,35.52616529400594,35.7271728515625,179600.0
2015-07-31,35.779287530432086,36.09196407682313,35.51872090184059,36.002628326416016,65400.0
2015-08-03,35.980298994177126,36.35253464109425,35.71228887400758,36.24830627441406,50100.0
2015-08-04,36.173862084024286,36.74710534964084,36.173862084024286,36.2780876159668,86500.0
2015-08-05,36.44930747573518,36.93321486788158,36.25574622283589,36.441864013671875,106600.0
2015-08-06,36.412084724260374,36.59075905420438,35.86117481020415,36.08451843261719,53500.0
2015-08-07,35.89096952707249,36.30787458008213,35.41450823216624,35.82396697998047,56500.0
2015-08-10,35.93564023289947,36.46421432495117,35.93564023289947,36.46421432495117,95400.0
2015-08-11,36.010072160411,36.322751549959534,35.5782803290459,35.89095687866211,49600.0
2015-08-12,35.74950569042775,35.74950569042775,34.818916734012824,35.26559829711914,46900.0
2015-08-13,35.220937911252804,35.712288851273314,35.07204308459422,35.436832427978516,104200.0
2015-08-14,35.24327537532991,35.97285698968155,35.24327537532991,35.84629821777344,79200.0
2015-08-17,35.84628683791064,36.761986007261754,35.63038952385422,36.404640197753906,136900.0
2015-08-18,36.33020070255668,36.56098783956093,35.87607273228564,35.92074203491211,67900.0
2015-08-19,35.85373642243819,36.11430023222125,35.27304973781735,35.71228790283203,103000.0
2015-08-20,35.33260776222541,35.48150259251202,34.90081587832016,34.92314910888672,94200.0
2015-08-21,34.34990897119074,34.952931810530615,34.23079366415319,34.57324981689453,126700.0
2015-08-24,33.315099207757484,33.560776162848626,32.682299576656106,32.68974304199219,183100.0
2015-08-25,33.97765666572801,33.97765666572801,31.945251135837953,32.049476623535156,161300.0
2015-08-26,32.77907361293876,33.01730422487539,32.31005869315077,32.80885314941406,160600.0
2015-08-27,33.08429170100788,33.42675053471046,32.6748332006355,33.00984573364258,94500.0
2015-08-28,32.831173898796735,33.33741446666347,31.699580342316573,33.128963470458984,328300.0
2015-08-31,33.061977807316055,33.739446730152665,32.8609701699997,33.71711349487305,114900.0
2015-09-01,33.121540957361994,33.352325323428104,32.257954061270915,32.3919563293457,90500.0
2015-09-02,32.7641802186997,32.987523877614215,32.48872663661975,32.756736755371094,102700.0
2015-09-03,32.71206065000468,33.06196299223806,32.659947897748474,32.80139923095703,98800.0
2015-09-04,32.36961729251384,32.85352485584791,32.34728405849116,32.67485046386719,52800.0
2015-09-08,33.08429217618498,33.59797901415093,32.9354002393159,33.46397399902344,53400.0
2015-09-09,33.79155299388956,33.89577852502046,33.28531226559713,33.3969841003418,64400.0
2015-09-10,33.25553261903504,33.970227247115595,33.1885329263331,33.69477081298828,29900.0
2015-09-11,33.41187186079679,33.51609738566753,33.18853104465486,33.426761627197266,57200.0
2015-09-14,33.5012096314727,33.776663226594756,33.248089267326485,33.3969841003418,73700.0
2015-09-15,33.54587491790473,34.20845386358259,33.50120562136725,34.0074462890625,54700.0
2015-09-16,34.081904358843396,34.081904358843396,33.53099703924453,33.84367370605469,83600.0
2015-09-17,33.91066213267289,34.44668229819049,33.41931126092583,33.78410339355469,235300.0
2015-09-18,33.17364103617428,33.47887414532513,32.86840792702344,33.21830749511719,266400.0
2015-09-21,33.54587267778887,33.977664489087594,33.22574984047828,33.82876968383789,60600.0
2015-09-22,33.48631486950329,33.84366071148024,33.31508683105177,33.45653533935547,79200.0
2015-09-23,33.54587185919527,33.895771377071725,33.41186682173378,33.79154586791992,66500.0
2015-09-24,33.63430975265266,34.25578214399087,33.52199742661254,33.993717193603516,156000.0
2015-09-25,34.13597398886438,35.02699750349835,34.06109911937329,34.562767028808594,137500.0
2015-09-28,34.39056971104205,34.72002330007007,34.32318115234375,34.32318115234375,116300.0
2015-09-29,34.29322523780869,34.682580982763014,34.27076334015751,34.517852783203125,144600.0
2015-09-30,34.81735808125852,34.92218407868964,34.35312743993745,34.517852783203125,200800.0
2015-10-01,34.5852461972686,34.690075065739336,33.84397490756909,34.285743713378906,199900.0
2015-10-02,33.84395975820527,33.94129937863783,32.466240951387576,33.26741409301758,94300.0
2015-10-05,33.48457032762757,34.10604005463745,33.312355756135815,33.9562873840332,109500.0
2015-10-06,33.94130325058885,34.16593075265619,33.71667289222787,33.91883850097656,76500.0
2015-10-07,34.15095707651185,34.637649548279924,33.97125335123389,34.52533721923828,121000.0
2015-10-08,34.48041056310807,34.907203697179796,34.338147137182105,34.66011428833008,111700.0
2015-10-09,34.85480043716834,34.91470264773163,34.20337960691297,34.26327896118164,57100.0
2015-10-12,34.29321860495113,34.779913906082925,34.113517745910286,34.6900634765625,72500.0
2015-10-13,34.45795828428177,34.8248493268982,34.18840404937482,34.285743713378906,73900.0
2015-10-14,34.26325668816505,34.26325668816505,32.97539141747895,33.087703704833984,86100.0
2015-10-15,33.132641743921226,33.97125244140625,33.08771509973152,33.97125244140625,88100.0
2015-10-16,34.25579338630172,34.97460279151995,34.143478167107446,34.742488861083984,147400.0
2015-10-19,34.49538706394185,34.720014584450674,34.20337100165098,34.61518859863281,58600.0
2015-10-20,34.577759600564036,35.004552850667544,34.577759600564036,34.97460174560547,55500.0
2015-10-21,34.92218221189488,35.161785295013324,34.1434707636129,34.16593551635742,63100.0
2015-10-22,34.33066361883706,34.89223392572945,34.33066361883706,34.59273147583008,79400.0
2015-10-23,34.89971918460469,35.33399868757484,34.742480201958294,35.281585693359375,84400.0
2015-10-26,35.281578061871244,35.6484717983135,35.09438802122166,35.244140625,71300.0
2015-10-27,35.04197979596225,35.46128657221183,34.712526307954974,34.95212936401367,88800.0
2015-10-28,35.0269986608211,36.40471744154774,34.997050425811054,36.344818115234375,159600.0
2015-10-29,36.19508557336208,36.77163154713763,35.85065640138028,36.09025955200195,144800.0
2015-10-30,35.85813543745655,36.24749119188698,34.70504372506194,34.99706268310547,132000.0
2015-11-02,35.07943133782345,35.81321920527404,34.8473173906354,35.51371383666992,90100.0
2015-11-03,35.38640313871773,35.9554624475219,35.16177566683957,35.8656120300293,95600.0
2015-11-04,35.888077735143305,36.18009376525483,35.07941532287117,35.80571365356445,67800.0
2015-11-05,35.880602543966546,36.70424082507405,35.70090161971033,36.6368522644043,47600.0
2015-11-06,36.74916052036099,38.08195307182821,36.57694312083297,37.95466232299805,108700.0
2015-11-09,37.95466235833561,38.28411875117161,37.57279582407788,37.782447814941406,173900.0
2015-11-10,37.6401823964618,38.41140462776934,37.31821522379489,38.291603088378906,146100.0
2015-11-11,38.48627662412576,38.7258796671031,38.04450797808123,38.358985900878906,125000.0
2015-11-12,37.984619331304266,38.33653767577011,37.25832074167719,37.44551086425781,76300.0
2015-11-13,37.145996106990246,37.40057470382604,36.52452373436708,36.66679000854492,41700.0
2015-11-16,36.666791877061776,37.220872885514694,36.41969961329406,37.17594909667969,64700.0
2015-11-17,37.280780803777745,37.84235110079924,37.02620215487623,37.22087860107422,81800.0
2015-11-18,37.25831884821091,37.475460064880025,37.0187157319879,37.43802261352539,158500.0
2015-11-19,37.37811753751975,37.752497734921,37.26580519207591,37.49043273925781,40100.0
2015-11-20,37.71504404972499,38.07444854174754,37.40805253427074,37.84233474731445,65800.0
2015-11-23,37.745013152759014,39.93888144062264,37.745013152759014,38.05949401855469,34900.0
2015-11-24,37.7749510230358,38.44883346003479,37.63268476317776,38.33652114868164,49900.0
2015-11-25,38.23918912087382,38.501254089033395,38.13436313360999,38.47130584716797,70700.0
2015-11-27,38.41889277787308,39.145188340896645,38.11190116307906,39.06282424926758,65800.0
2015-11-30,39.212565344203604,39.33985604552478,38.68843270686181,38.740848541259766,77900.0
2015-12-01,38.823212647294696,39.272470451213145,38.60607437450874,39.032867431640625,102800.0
2015-12-02,39.077793082167354,39.369811954016946,38.20923138059034,38.25415802001953,69100.0
2015-12-03,38.40392421186495,38.80825554085838,37.565310450331644,37.67013931274414,113800.0
2015-12-04,37.55032446548317,38.36647318236766,37.37062076409767,38.08194351196289,175000.0
2015-12-07,37.99209793390819,37.99209793390819,36.60688969958191,36.94383239746094,115900.0
2015-12-08,36.64433197123245,37.45299455270437,36.367291430377435,36.4571418762207,48300.0
2015-12-09,36.389745712827605,36.43467235449496,35.45379543362635,35.8431510925293,70300.0
2015-12-10,35.76078701095262,36.13516712263312,35.438822742697475,35.8431510925293,76700.0
2015-12-11,35.01203843567367,35.34898121954163,34.29322906761836,34.40554428100586,131000.0
2015-12-14,34.353128276020314,35.50621713212065,33.963772521589895,34.99706268310547,200900.0
2015-12-15,35.35647840865444,36.19508952744319,34.92219586552579,35.85814666748047,149600.0
2015-12-16,36.09023949013018,36.09023949013018,33.724157550779545,35.768272399902344,124800.0
2015-12-17,36.180106287986504,36.202568188448545,35.33400614295015,35.820701599121094,136200.0
2015-12-18,35.640994256929616,36.00040176609326,34.450465094671095,34.899723052978516,854500.0
2015-12-21,35.01202489509084,35.57359503225712,34.70503333435835,35.259117126464844,80500.0
2015-12-22,35.37891673823431,35.42384337505637,34.56276806853971,35.36394119262695,52600.0
2015-12-23,35.52205855955978,35.67264013580264,35.22842606554378,35.53711700439453,77700.0
2015-12-24,35.53711788413944,36.02650442891297,35.53711788413944,35.619937896728516,24500.0
2015-12-28,35.5672363149609,35.97380286475363,35.10796376860674,35.838279724121094,55200.0
2015-12-29,36.04155272250798,36.25236802392962,35.66510031466698,36.16954803466797,33400.0
2015-12-30,36.086743265006405,36.086743265006405,35.62747067420534,35.66511535644531,72100.0
2015-12-31,35.55970455670035,35.7705170480096,34.904677978628904,35.025142669677734,63200.0
2016-01-04,34.339997435098624,34.829383960775004,33.77531868632267,34.27223587036133,138100.0
2016-01-05,34.302354598293185,34.70139334974419,34.18941769364244,34.550811767578125,54600.0
2016-01-06,33.963551119187066,34.48305462868207,33.92590643683615,34.27976989746094,66600.0
2016-01-07,33.70003004736523,34.09154103280799,33.35369440058682,33.44404220581055,66900.0
2016-01-08,33.700037499411664,33.820502223716495,33.14288922654141,33.18806457519531,178700.0
2016-01-11,33.46663343081714,33.662387499884204,33.22570402022454,33.489219665527344,47400.0
2016-01-12,33.85060821824406,33.85060821824406,32.90947696525392,33.53438949584961,80000.0
2016-01-13,33.64731756973777,34.0614175454706,32.76642025140609,32.93206024169922,225500.0
2016-01-14,33.30099047525827,33.737676788879874,32.87936260749653,32.984771728515625,122200.0
2016-01-15,32.164103812917624,32.87183350742932,31.66718660781265,32.517967224121094,130300.0
2016-01-19,32.721264268610575,32.86431811646849,32.043651209036426,32.27705001831055,110800.0
2016-01-20,31.71988744536916,32.16410149612555,30.98956869952275,31.757532119750977,128600.0
2016-01-21,31.71987798015794,31.71987798015794,30.899211686261065,31.132610321044922,117400.0
2016-01-22,36.25236482008753,36.25236482008753,32.66100882202193,33.38379669189453,247500.0
2016-01-25,33.308522137588824,33.308522137588824,32.04364136830665,32.29962921142578,126400.0
2016-01-26,32.314679992065884,32.96970938506242,32.2770353179189,32.77395248413086,111100.0
2016-01-27,32.59325429005806,33.84307632757052,29.799977759247742,32.9170036315918,99200.0
2016-01-28,33.225698184806966,33.72261536589395,33.16546440668509,33.36122131347656,128500.0
2016-01-29,33.48168642193839,34.415287017822266,33.26334328163641,34.415287017822266,129800.0
2016-02-01,34.15930740759098,34.15930740759098,33.511808489554426,33.7376823425293,88000.0
2016-02-02,33.323570400698124,33.391331958189575,32.751363926851454,32.879356384277344,96600.0
2016-02-03,33.165457516225125,33.165457516225125,32.29961867639462,32.9395866394043,69000.0
2016-02-04,32.89441745870775,33.95601336292767,32.41255873226815,32.83418655395508,58900.0
2016-02-05,32.81161842883977,32.99231411490858,32.066240825514015,32.073768615722656,118900.0
2016-02-08,31.68225218400661,32.72878995211947,31.509081460611814,32.55562210083008,69400.0
2016-02-09,32.05870845050535,32.834199975866724,32.05870845050535,32.63844299316406,63100.0
2016-02-10,32.80408271596963,33.2181800442374,32.314693136676816,32.35234069824219,62300.0
2016-02-11,31.599422764084608,32.133984607778274,31.042271818078206,31.757532119750977,86100.0
2016-02-12,32.27703639833082,32.917007368669466,31.945759233802164,32.70619201660156,71600.0
2016-02-16,33.20311348415419,33.541921350748616,32.389977476432556,33.090179443359375,79100.0
2016-02-17,33.33863748982043,33.33863748982043,32.630907717446725,32.66855239868164,66200.0
2016-02-18,32.70619812558878,32.88689662224072,32.03611301302623,32.487857818603516,101900.0
2016-02-19,32.35232519091394,32.93959010688909,32.23186051912149,32.585723876953125,64400.0
2016-02-22,32.85678239641141,33.20311809834663,32.60079451408855,32.8492546081543,93800.0
2016-02-23,32.81159991062172,33.48921265910776,32.2318627401397,32.36738586425781,74600.0
2016-02-24,32.01351750261511,32.45773151973818,31.24555414053263,32.322208404541016,80900.0
2016-02-25,32.29963135998161,32.81160708027624,32.164108206250376,32.751373291015625,63500.0
2016-02-26,32.93959442463607,33.47415629627932,32.57066970335408,33.263343811035156,65500.0
2016-02-29,33.18050843361216,33.300973065406964,32.472779080830605,32.525482177734375,93400.0
2016-03-01,32.811601621323746,34.242119413002555,32.56314159011838,33.971073150634766,80600.0
2016-03-02,33.88072535388039,34.35505631302403,33.526859081110814,33.971073150634766,62900.0
2016-03-03,34.00119179441732,34.75409684112462,33.94096088417525,34.72397994995117,79200.0
2016-03-04,34.82938450228216,34.94232140263509,34.46046265572468,34.7691535949707,134200.0
2016-03-07,34.671271036516906,35.49193751526475,34.513161692417015,35.18324661254883,99900.0
2016-03-08,34.88960483614853,35.03265569897675,34.46044937556031,34.49056625366211,68400.0
2016-03-09,34.74657195673565,34.74657195673565,34.091542443470765,34.234596252441406,48700.0
2016-03-10,34.43788212288385,34.6336361941681,33.99366797855271,34.573402404785156,54800.0
2016-03-11,34.83692045284746,35.4844193194093,34.648694171735535,35.37901306152344,115200.0
2016-03-14,35.379008956179504,35.40912297486312,34.83691641040739,35.025142669677734,52200.0
2016-03-15,34.72397340935164,35.251007417195716,34.588450296703044,34.656211853027344,67600.0
2016-03-16,34.47552726291169,34.85950762295783,33.99366842987136,34.370121002197266,86700.0
2016-03-17,34.33999970051068,35.33383413415132,33.86566871605793,35.22842788696289,125000.0
2016-03-18,35.4693524092224,36.25237424112295,35.35641551866013,35.88344955444336,253600.0
2016-03-21,35.71029028232258,35.89098590381116,35.2359592497311,35.37901306152344,125100.0
2016-03-22,35.311251485438945,35.53712244835223,34.114132222682905,35.37901306152344,124100.0
2016-03-23,35.295672526374965,35.52294607852719,34.78809213295965,34.79566955566406,66300.0
2016-03-24,34.65172199964829,34.93960041466523,34.12898977618307,34.916873931884766,66300.0
2016-03-28,34.94718481838126,35.3183975976847,34.63657696858169,35.09870147705078,74500.0
2016-03-29,35.06082456810487,35.06082456810487,34.48506466045228,34.871429443359375,217600.0
2016-03-30,34.84870838414644,35.2047721989394,34.81840446587881,35.015377044677734,170700.0
2016-03-31,34.84112690111077,35.41688678366732,34.765367120550614,34.818397521972656,89500.0
2016-04-01,34.54565977882533,35.59869880065897,34.33353822418174,34.9244499206543,80700.0
2016-04-04,34.977484053484076,35.477489868563346,33.515356608254976,34.61384582519531,83300.0
2016-04-05,34.272946141720695,34.42445994325257,33.219906725454834,33.810821533203125,74000.0
2016-04-06,33.74263377504577,34.14415048684272,32.80323274996944,33.99263381958008,51500.0
2016-04-07,33.7956694901375,34.65931087243725,32.83354182513709,33.11384582519531,70800.0
2016-04-08,33.47747654805918,33.70475297805884,32.250197119784346,33.454750061035156,97500.0
2016-04-11,33.65929636881648,34.295664000857954,33.265354226129865,33.31081008911133,94100.0
2016-04-12,33.28050401312385,33.80323339863976,33.25020010644303,33.689598083496094,156500.0
2016-04-13,33.93961485074642,34.50780037689711,33.93961485074642,34.363861083984375,308200.0
2016-04-14,34.28051614793167,35.18203586370877,34.045665162672364,34.863853454589844,113400.0
2016-04-15,34.8638488975741,35.015365549229074,34.56081559426416,34.71990966796875,49300.0
2016-04-18,34.719905094911674,35.21233053550688,34.34111496063564,35.060813903808594,60600.0
2016-04-19,35.06083214650385,35.57598722835758,35.000227196254464,35.492652893066406,99500.0
2016-04-20,35.50023027932104,36.25781094122736,35.50023027932104,36.159324645996094,110900.0
2016-04-21,36.15174636773552,36.20477677738283,35.78053061026377,35.894168853759766,102900.0
2016-04-22,33.81839389338347,37.106293460236884,33.81839389338347,36.36386489868164,174600.0
2016-04-25,36.28052127583848,36.31082518240225,35.780518377294676,35.95476150512695,81600.0
2016-04-26,35.74265134786805,36.49265449010979,35.74265134786805,36.295684814453125,107800.0
2016-04-27,36.16688984386489,36.27295063828474,35.61385360449295,35.985069274902344,132300.0
2016-04-28,35.7956794221284,36.09113536131742,35.621436250041036,35.69719314575195,64100.0
2016-04-29,35.59113080060455,35.947194552956226,35.280522917682944,35.62900924682617,60700.0
2016-05-02,35.742647606974025,36.16689372006204,35.492644659098886,36.015377044677734,70400.0
2016-05-03,35.742649003166484,36.26537851922417,34.91688612450298,35.3865852355957,87200.0
2016-05-04,35.45477538172466,35.45477538172466,34.67446820311893,35.1517448425293,77200.0
2016-05-05,35.00778275294594,35.41687678263021,34.916873931884766,34.916873931884766,96200.0
2016-05-06,34.74264154413142,35.96992112204848,34.341124811404164,35.394161224365234,117900.0
2016-05-09,35.348719874869296,35.45478072406601,35.12902075013815,35.18962860107422,64800.0
2016-05-10,35.424461428883305,35.79567712995277,35.219917245573754,35.46991729736328,54400.0
2016-05-11,35.41688997499863,35.78052828463358,35.27295071387451,35.310829162597656,65600.0
2016-05-12,35.379011465896376,35.48507227811634,34.92446141217315,35.26537322998047,37900.0
2016-05-13,35.151730246724576,35.28809494422008,34.56081559426416,34.71990966796875,50000.0
2016-05-16,34.772953638116,35.560835332423785,34.43204176128332,35.19719696044922,45800.0
2016-05-17,35.01535460009774,35.62141812726475,34.3108048466602,34.53807830810547,85200.0
2016-05-18,34.46233608608388,35.95476761366116,34.15930274884155,35.901737213134766,47200.0
2016-05-19,36.12143303087318,36.272949686041,35.09112324365978,35.43960952758789,65800.0
2016-05-20,35.621436243536984,36.23507750246852,35.621436243536984,35.99264907836914,65600.0
2016-05-23,36.03052588679734,36.12143472819385,35.583553322516245,35.86385726928711,64700.0
2016-05-24,36.242645405116725,36.99265125103439,36.242645405116725,36.863861083984375,77300.0
2016-05-25,36.86386873963342,37.432054141224526,36.86386873963342,37.18962860107422,48000.0
2016-05-26,37.18205550806357,37.18205550806357,36.545687718025256,36.87144470214844,40200.0
2016-05-27,37.030535808316756,37.63659963293318,36.8562926393608,37.3865966796875,55700.0
2016-05-31,37.53810272113313,37.7199232619656,36.83355282155891,37.34113311767578,98900.0
2016-06-01,37.06841288504918,37.78811491452221,37.015382482977074,37.719932556152344,113900.0
2016-06-02,37.53811578643473,37.780541331962304,37.20478138381943,37.73508834838867,68900.0
2016-06-03,37.485085280638636,37.485085280638636,36.15174478373468,37.03811264038086,82100.0
2016-06-06,37.0381073268014,37.863870123728915,37.0381073268014,37.28053283691406,129600.0
2016-06-07,37.15175087889776,37.31841663479797,36.90932533400613,37.03811264038086,57500.0
2016-06-08,36.947187927673454,37.40931232740917,36.871428171194275,37.20476531982422,54300.0
2016-06-09,36.95478067337163,36.95478067337163,36.09113925339448,36.70478057861328,104800.0
2016-06-10,36.28810724624365,36.62901616060918,36.08356016366017,36.18962097167969,101200.0
2016-06-13,37.10630064149697,37.10630064149697,35.53053436036172,35.598716735839844,74300.0
2016-06-14,35.52294150974278,35.7729444079141,34.72748273454794,34.96233367919922,86700.0
2016-06-15,34.841122411304774,35.280517522170456,34.64414989717138,34.71990966796875,195900.0
2016-06-16,34.522938517165755,34.54566500433257,34.128996363281736,34.40172576904297,126700.0
2016-06-17,34.50778954048762,34.841126794047746,33.86384730237576,33.886573791503906,255200.0
2016-06-20,34.30324481798941,35.53052733388972,34.30324481798941,34.75021743774414,82200.0
2016-06-21,34.841131527091136,34.96991883623276,34.40173341132217,34.72749328613281,45700.0
2016-06-22,34.73506404682687,35.23506705083341,34.73506404682687,34.75779342651367,58800.0
2016-06-23,35.2533502957294,36.13010787963867,35.2533502957294,36.13010787963867,100800.0
2016-06-24,34.39947116798765,35.47445455110214,33.591329405616825,33.66756820678711,149300.0
2016-06-27,33.20249039782977,33.20249039782977,32.356226672171196,32.47821044921875,98700.0
2016-06-28,33.02714978091608,33.316862437471094,32.50109511439985,33.179630279541016,90400.0
2016-06-29,33.49220554023896,34.117372809330696,33.28635735529565,33.980140686035156,69600.0
2016-06-30,34.05638231362848,34.87977512234786,33.69043092363869,34.84165573120117,109500.0
2016-07-01,34.490946097858085,34.628175298135794,34.132617491143755,34.35371398925781,58600.0
2016-07-05,34.10212596299298,34.10212596299298,33.537952016628736,33.743797302246094,38700.0
2016-07-06,33.59894649325286,34.1783717550362,33.293985523017064,34.0563850402832,54100.0
2016-07-07,34.185987439839394,34.612932128699185,33.91914882700375,34.208858489990234,40100.0
2016-07-08,34.628184634579696,35.09324880485751,34.376594306527174,34.90264892578125,100900.0
2016-07-11,35.085628022840055,35.527818254336864,35.085628022840055,35.29909896850586,56600.0
2016-07-12,35.63453969121596,36.27495513201837,35.63453969121596,36.11484909057617,68400.0
2016-07-13,36.18347785555162,36.419822736336414,35.870894191712715,36.41219711303711,97600.0
2016-07-14,36.59517681555474,36.900137785680364,36.43507361498428,36.54180908203125,62100.0
2016-07-15,36.82389090857431,37.037364720959935,36.36645242606201,36.71715545654297,53400.0
2016-07-18,36.64090692268633,36.778139012564424,36.259707319318764,36.32832336425781,47000.0
2016-07-19,36.29784393310547,36.52656322206315,35.93951520513352,36.29784393310547,55100.0
2016-07-20,36.50368442443138,36.557052150259835,36.21397183541761,36.34357833862305,42000.0
2016-07-21,36.38933419200058,36.69429520901541,35.779415066294725,36.198734283447266,64300.0
2016-07-22,35.84802604073146,38.81375972981997,35.84802604073146,38.432559967041016,204900.0
2016-07-25,38.356323164523836,38.50880075087446,38.23433935044922,38.40206527709961,51800.0
2016-07-26,38.386813079923144,38.55454189804468,38.10472608352866,38.40968704223633,63000.0
2016-07-27,38.48594083106197,38.928134102739826,38.310589229359344,38.882389068603516,83100.0
2016-07-28,38.70702018676778,39.004355505102225,38.41730758322415,38.96623611450195,112000.0
2016-07-29,38.8823752018082,38.889997917283544,38.18859176061868,38.28007888793945,102100.0
2016-08-01,38.356310634323805,38.56215879863912,37.883620964419336,37.997982025146484,47200.0
2016-08-02,38.05897687726854,38.211457339835626,37.662531746246216,37.7235221862793,52400.0
2016-08-03,37.624417112528235,38.12760070565965,37.624417112528235,38.09710693359375,49200.0
2016-08-04,38.07422178614935,38.31056662726395,37.685399404519686,37.98273468017578,23600.0
2016-08-05,38.34868923769881,39.271191813685995,35.64217194940832,39.15683364868164,75900.0
2016-08-08,39.22543966602947,39.33979780174861,38.79087235198799,38.92047882080078,32300.0
2016-08-09,38.89000055830791,39.393184155228454,38.38681696138737,39.19496154785156,40500.0
2016-08-10,39.057725577681616,39.22545439637687,38.3181971406961,38.775638580322266,74200.0
2016-08-11,38.950991708901746,39.23307871780962,38.18859218663577,38.912872314453125,54200.0
2016-08-12,38.63077694686207,38.85949909793049,38.470673767772546,38.82137680053711,23800.0
2016-08-15,38.68414992290296,39.576155896095706,38.68414992290296,39.47704315185547,63600.0
2016-08-16,39.40080995236403,39.774384112453845,39.26357779729981,39.51517105102539,52000.0
2016-08-17,39.469420278901325,39.881116684106665,39.469420278901325,39.53803634643555,70200.0
2016-08-18,39.301690858862045,39.850619390634634,39.24070041551125,39.8125,49300.0
2016-08-19,39.797256229861844,40.01835279257167,39.51516921680096,39.90399169921875,70900.0
2016-08-22,39.90398455412679,40.19369713930858,39.568529866453,39.68288803100586,72900.0
2016-08-23,39.84299921313919,40.041224724849094,39.84299921313919,39.94211196899414,39100.0
2016-08-24,39.85062068551311,40.13270767536304,39.41605321984697,40.102210998535156,35800.0
2016-08-25,40.13271096872037,40.353807531381264,39.972607764720436,40.32331085205078,34200.0
2016-08-26,40.35380590338123,40.696886261199715,39.94973509768574,40.61302185058594,40900.0
2016-08-29,40.590147635313244,41.13145054198348,40.50628323123021,40.75787353515625,62100.0
2016-08-30,40.902721988554624,41.26104766770538,40.78836093475439,41.10094451904297,45500.0
2016-08-31,40.70449796281582,40.86460111703627,38.93573182812253,40.39191436767578,191600.0
2016-09-01,40.391926762270806,40.407175101874095,39.736262700946384,40.38430404663086,85200.0
2016-09-02,40.35379162610201,40.66637519522744,40.07170472428693,40.651126861572266,93100.0
2016-09-06,40.63589650580025,40.63589650580025,39.72101643998998,40.30044174194336,80400.0
2016-09-07,40.28518836358316,40.4452915552889,39.858243610711334,40.422420501708984,87400.0
2016-09-08,40.4071730397581,40.64351792906249,40.17082815045371,40.460540771484375,59100.0
2016-09-09,40.330939837683715,40.6740173296157,40.0564755174792,40.11746597290039,68900.0
2016-09-12,40.071715291954085,40.55965046430834,39.59902554895324,40.552024841308594,64400.0
2016-09-13,40.22418919943489,40.285182544602065,39.72863135740405,40.02596664428711,56900.0
2016-09-14,39.93447460632571,40.51389677229035,39.568523305455024,39.621891021728516,53700.0
2016-09-15,39.77438265748323,40.216575787253014,39.721014922279764,40.155582427978516,38700.0
2016-09-16,40.30044328091378,40.32331433822727,39.77438569611422,40.0640983581543,159700.0
2016-09-19,40.216575100268855,41.07808738120232,39.61427877517717,40.43767166137695,55100.0
2016-09-20,39.78962543118071,40.29280894151184,38.76038735815164,40.08696365356445,82000.0
2016-09-21,40.163207528764325,40.498662275433105,40.00310432523991,40.376678466796875,83800.0
2016-09-22,40.47633254347642,41.23526507634084,40.47633254347642,41.1662712097168,73500.0
2016-09-23,40.94394913402738,41.15859537648897,40.629644454279024,41.07427215576172,64300.0
2016-09-26,40.72931101773231,40.72931101773231,40.24635395150013,40.28468322753906,152900.0
2016-09-27,40.169698534945965,41.06661594648003,40.10836934902746,40.86730194091797,79500.0
2016-09-28,41.012945277895795,41.47290237296027,40.867292880137086,41.44990539550781,59300.0
2016-09-29,41.54956871760758,41.58789799264138,40.92095924917722,40.9746208190918,56200.0
2016-09-30,41.10495022237798,41.68756586208248,40.76764843183221,41.46525192260742,98200.0
2016-10-03,41.15860176987206,41.40391263488665,40.71397692365916,40.92862319946289,80600.0
2016-10-04,41.0666080600395,41.250592658126024,40.69097710360281,40.920955657958984,63200.0
2016-10-05,40.96695559555589,41.580235729161494,40.96695559555589,41.30426025390625,62800.0
2016-10-06,41.23526535972608,41.50357321825442,40.951622281468886,41.3195915222168,52300.0
2016-10-07,41.357915939550125,41.357915939550125,40.87495892660352,41.120269775390625,86300.0
2016-10-10,41.34258226828183,41.787207070266035,41.04360986405633,41.44990539550781,58300.0
2016-10-11,41.41925187738247,41.618568816351456,40.782977628373814,41.09728240966797,43200.0
2016-10-12,41.18926635908292,41.380915655146595,40.821300061561026,40.92862319946289,52600.0
2016-10-13,40.66798588110384,40.66798588110384,39.74040385676507,40.024044036865234,78200.0
2016-10-14,40.44566639528178,40.72164185114973,36.413366468811816,40.41500473022461,50200.0
2016-10-17,40.361346645218894,40.51466375674872,40.016377295603874,40.05470657348633,42400.0
2016-10-18,40.39967397999216,40.43800325603109,40.054704646969185,40.28468322753906,55700.0
2016-10-19,40.51465667377034,41.08960451450125,40.51465667377034,40.82129669189453,65700.0
2016-10-20,40.706300289944934,41.166260253130204,40.36133397297541,41.05126953125,61900.0
2016-10-21,39.78640546730452,41.28126802918873,36.41337580220737,41.08961868286133,57600.0
2016-10-24,41.43456581190789,42.92943049434594,41.35790728433071,42.799110412597656,108100.0
2016-10-25,42.77612740650523,43.23608752660578,42.201179449631944,43.082767486572266,115900.0
2016-10-26,42.92943858847757,43.006097130508344,41.51123509055689,41.549564361572266,71300.0
2016-10-27,41.93285565688856,42.39281267807237,41.93285565688856,42.16283416748047,73300.0
2016-10-28,42.27784678757777,42.27784678757777,41.54957868980103,41.97120666503906,91100.0
2016-10-31,42.04784676350224,42.39281601874232,41.85619750218393,42.277828216552734,98100.0
2016-11-01,42.54614250715389,42.54614250715389,41.166268199897196,41.20459747314453,96100.0
2016-11-02,41.24292421583556,41.24292421583556,40.55298856670788,40.66797637939453,65400.0
2016-11-03,41.01294597213817,41.242924523563346,40.6296474116509,40.82129669189453,37100.0
2016-11-04,41.08959847080475,41.49589687370898,40.62964143560755,40.89794921875,54000.0
2016-11-07,41.664555690984784,42.086186480746186,41.127940002808764,41.856204986572266,79800.0
2016-11-08,41.58789363258765,41.856201454031265,40.821296514936265,41.549564361572266,65900.0
2016-11-09,41.894540630248486,44.002683055068495,41.779549873705555,43.926021575927734,139900.0
2016-11-10,43.696044152487865,46.41746386132814,43.581053392878296,46.07249450683594,162700.0
2016-11-11,46.14915192101661,48.41061424079483,46.14915192101661,48.142303466796875,239000.0
2016-11-14,49.02389827883912,49.4838584168091,47.75901155484248,48.56393814086914,135400.0
2016-11-15,48.0656468425145,48.94723190125071,47.52902819735451,48.793914794921875,78200.0
2016-11-16,48.79390777332344,49.100547790527344,48.06563992571611,49.100547790527344,90400.0
2016-11-17,49.29219869427961,49.75215581090425,48.52559862601185,49.63716506958008,96100.0
2016-11-18,49.637171007403225,49.79048811506124,49.368863144665326,49.598838806152344,180400.0
2016-11-21,49.82881597088195,49.82881597088195,49.02388952852723,49.71382522583008,99400.0
2016-11-22,49.75215915629521,50.67207345140054,49.63716840723893,50.63374710083008,106100.0
2016-11-23,50.6337480675207,51.70697948274272,50.17378506251405,51.32368087768555,99900.0
2016-11-25,51.438666173693164,51.70697399904372,50.25044413323444,50.78705978393555,54800.0
2016-11-28,50.442087228422174,50.51874576216658,49.675490193635646,49.98212432861328,104600.0
2016-11-29,50.173791132112726,50.595421988149944,49.71383392013692,49.90548324584961,197300.0
2016-11-30,50.518763427599524,50.82540351847448,49.6371753595865,49.90548324584961,132500.0
2016-12-01,50.28878628624792,50.40377706144605,49.522188916492084,49.790496826171875,174500.0
2016-12-02,49.63716667868624,50.05879746098569,49.00855723423124,49.71382522583008,105300.0
2016-12-05,50.058802405940796,51.24702462572686,50.058802405940796,51.20869827270508,96000.0
2016-12-06,51.247040717275375,52.358610580050325,50.44211686699833,51.860321044921875,113700.0
2016-12-07,51.93696259385338,53.163516998291016,51.32368246729819,53.163516998291016,98600.0
2016-12-08,53.393495325922395,54.77336675542877,53.240172379084534,53.89178466796875,178600.0
2016-12-09,54.12176626003939,54.12176626003939,52.933543997059786,53.431827545166016,126800.0
2016-12-12,53.470146509459894,53.73845431862609,52.20526015348029,52.473567962646484,90900.0
2016-12-13,52.588564814695324,52.956534030567774,51.89862619035465,52.35858917236328,206200.0
2016-12-14,51.9753018374907,53.3935057425545,51.9753018374907,52.81855773925781,127000.0
2016-12-15,53.010200345329785,54.54339482618576,52.81855103522279,54.390071868896484,154700.0
2016-12-16,54.27507608031134,55.156658051119365,53.54680533871005,53.77678680419922,373000.0
2016-12-19,53.43183072850471,54.16010168985473,53.01020571278212,54.006778717041016,150700.0
2016-12-20,54.466733660430215,54.76570610196885,53.661804257104635,54.08343505859375,108500.0
2016-12-21,54.07574349625622,54.30667428735871,53.49842239131399,53.613887786865234,69500.0
2016-12-22,53.84479938151339,54.22968002290466,53.15201892525913,53.53689956665039,71600.0
2016-12-23,53.498424060092525,53.88330480872628,53.34447410976468,53.72935485839844,33500.0
2016-12-27,53.883290577384166,54.345146179199226,53.38294456174594,54.34514617919922,49300.0
2016-12-28,54.46061342816636,54.49910384331846,53.960267395253155,54.306663513183594,71700.0
2016-12-29,54.306663513183594,54.96095946107957,53.69085210762691,54.306663513183594,74700.0
2016-12-30,54.53759629921414,54.53759629921414,53.921790677115155,54.22969055175781,69700.0
2017-01-03,54.576084898358,54.76852524999338,53.61388314018107,54.152713775634766,114300.0
2017-01-04,54.460616265570856,55.11491224755573,53.88329524508777,54.999446868896484,94400.0
2017-01-05,54.99945470229741,55.15341052004155,53.30598181680955,53.76783752441406,84400.0
2017-01-06,53.99876662737117,54.46062232054448,53.19051475970755,53.65237045288086,64500.0
2017-01-09,53.42143922688679,53.806319904497194,52.65167787166598,52.76714324951172,113000.0
2017-01-10,52.72865894276609,53.806326139516756,52.45924361178186,53.690860748291016,156900.0
2017-01-11,53.15202194217053,54.19119855834816,52.99806615318796,54.07573318481445,91800.0
2017-01-12,53.72934494353773,53.72934494353773,52.07435685525037,52.76714324951172,60100.0
2017-01-13,53.0365546603964,54.38363693325865,52.38225873099726,52.882598876953125,91400.0
2017-01-17,52.459243275323544,52.459243275323544,51.45855105487026,51.61250686645508,97300.0
2017-01-18,52.151309637926104,52.57468055237667,51.42003901057757,52.382240295410156,59700.0
2017-01-19,52.4592357650652,52.4592357650652,51.343078313919975,51.535518646240234,63600.0
2017-01-20,46.18568847528665,51.22762848296437,44.030356933721336,48.64892578125,253800.0
2017-01-23,48.34102252069318,48.76439076636376,47.45579854091054,47.802188873291016,133900.0
2017-01-24,47.68672196944324,48.99531700950387,47.60974406331798,48.72589874267578,219400.0
2017-01-25,48.648910530072655,49.80354944357461,48.26402991343665,49.34169387817383,145900.0
2017-01-26,49.18775358235189,49.45716889202595,48.76438247228316,49.26472854614258,88500.0
2017-01-27,49.303220606861494,49.303220606861494,48.64892164721767,48.84136199951172,68900.0
2017-01-30,48.45648222246734,48.494969706381525,47.64823331464234,47.7252082824707,110900.0
2017-01-31,47.60973301536772,48.341006803626065,46.69371816809211,47.99461364746094,150100.0
2017-02-01,47.91764310480963,49.380190815904555,47.455787478362,47.609737396240234,97800.0
2017-02-02,47.378817372300595,47.417304858097665,46.609055910731435,46.916961669921875,87400.0
2017-02-03,47.03241206722791,48.11007901165137,47.03241206722791,47.99461364746094,135900.0
2017-02-06,47.72520743156658,48.11008813665986,47.03242098783598,47.0709114074707,70900.0
2017-02-07,47.07090659419392,47.64822759279937,46.724513407749356,47.10939407348633,93000.0
2017-02-08,46.839971909438034,46.95543727401859,46.1856760072314,46.570556640625,113100.0
2017-02-09,46.57055372503936,47.34031494363505,46.57055372503936,47.26333999633789,77500.0
2017-02-10,47.53276132169191,47.80217660806202,47.263346035321796,47.68671417236328,127700.0
2017-02-13,47.72520416137205,48.5334529994043,47.72520416137205,47.91764450073242,78700.0
2017-02-14,47.917640396118166,48.494961364746096,47.609734704954086,48.11008071899414,106100.0
2017-02-15,47.994617860789155,48.34101104736328,47.76369004854189,48.34101104736328,127000.0
2017-02-16,48.30252909927718,49.03380303547189,48.11008874429998,48.99531555175781,94800.0
2017-02-17,48.879847169354086,49.14926247525245,48.41799152026929,49.110774993896484,109600.0
2017-02-21,49.26471892940906,49.57262459728029,48.956813261537825,49.34169387817383,52000.0
2017-02-22,48.995314283608735,49.95751603359,48.8798488990483,49.76507568359375,115800.0
2017-02-23,49.649610106753876,49.957515840118134,48.95682367488766,49.91902542114258,71500.0
2017-02-24,49.49565795158701,50.149953935066264,49.226239712902306,50.07297897338867,122900.0
2017-02-27,50.072973167364935,50.380872978373944,49.688092530791224,50.14994812011719,114700.0
2017-02-28,49.957509907284894,50.07297527768577,49.57262925449042,50.03448486328125,128200.0
2017-03-01,50.650297697790755,51.650983899836554,50.419366950419416,51.57400894165039,125100.0
2017-03-02,51.80494371603034,51.80494371603034,50.26542094138234,50.30390548706055,82900.0
2017-03-03,50.38088201463201,50.80425313992344,50.14995711495682,50.457862854003906,64100.0
2017-03-06,50.072973167364935,50.442455289700725,49.61111170522652,50.14994812011719,49800.0
2017-03-07,50.149953935066264,50.53483461626737,49.80355779829739,50.07297897338867,68600.0
2017-03-08,50.57332207988822,50.88122781718464,49.41867996963677,49.53414535522461,66100.0
2017-03-09,49.49565837807903,50.22692932953706,49.49565837807903,49.84204864501953,109500.0
2017-03-10,50.149956829817434,50.22693179593817,48.918336817038515,49.53414535522461,95300.0
2017-03-13,49.611117885183745,50.26541974711408,49.5726333404199,49.84204864501953,57900.0
2017-03-14,49.57262972128529,49.8420450062158,49.0337962150179,49.68809509277344,77900.0
2017-03-15,49.803570017278155,50.034500831781436,49.41868924164907,49.649620056152344,96200.0
2017-03-16,49.803552023513376,50.22692307286944,49.57262716525662,50.14994812011719,78700.0
2017-03-17,49.919018455714344,50.95819502210594,49.110769688920186,50.76575469970703,318400.0
2017-03-20,50.38088460199607,51.150646052738956,50.0344942982873,50.11146926879883,103900.0
2017-03-21,50.496354173894694,50.496354173894694,47.72521389640805,47.802188873291016,125300.0
2017-03-22,47.49426900291446,47.84066214752201,46.03172147519638,46.4550895690918,127200.0
2017-03-23,46.431891948211394,47.63138189979482,46.31581103751679,47.08967590332031,64100.0
2017-03-24,47.20573759559657,47.59266987097031,46.315792181413364,46.70272445678711,153600.0
2017-03-27,45.9675636865948,46.85750630730583,45.116310757844815,46.74142837524414,107900.0
2017-03-28,46.547954714301596,47.94091033935547,46.27710034561452,47.94091033935547,111200.0
2017-03-29,48.2117696546833,48.8308608170174,47.786144665082325,48.676090240478516,132100.0
2017-03-30,48.67609800008856,51.17567804395982,48.67609800008856,51.113773345947266,153100.0
2017-03-31,51.03637764323503,51.30723502766341,50.26251289714128,50.30120849609375,216300.0
2017-04-03,50.45597481926468,50.45597481926468,48.815385474840475,49.21779251098633,89100.0
2017-04-04,49.02432634081412,49.52733956408566,48.792167527019366,49.21779251098633,59100.0
2017-04-05,49.527347325798864,49.7595091280365,47.94092507218136,48.057003021240234,106000.0
2017-04-06,47.97959874155979,48.63738238219315,47.51528122488433,48.250450134277344,100900.0
2017-04-07,47.97960646217717,48.36653877235602,47.63136679260436,48.0182991027832,153600.0
2017-04-10,48.17307661425682,48.52131631272359,47.283131046181694,47.979610443115234,81600.0
2017-04-11,47.70876989445371,48.869567186756136,47.670074289728824,48.83087158203125,59300.0
2017-04-12,48.59870581434751,48.75347935509309,47.78614841550791,47.90222930908203,56300.0
2017-04-13,47.67007138611642,48.01831114300769,47.050980125009715,47.12836837768555,69400.0
2017-04-17,47.24443858378097,48.17307679923843,46.857506240011986,48.13438415527344,55100.0
2017-04-18,47.824829473909716,48.09568384259679,47.36051191624477,47.94091033935547,55400.0
2017-04-19,48.21178031182307,49.14041873662808,48.21178031182307,48.63740539550781,71700.0
2017-04-20,48.94694113330806,50.223819039348584,48.753474962820675,50.185123443603516,108500.0
2017-04-21,49.25648435122403,50.10773425425643,48.56000501088171,49.60472106933594,191900.0
2017-04-24,50.45597596386274,51.38461714422703,50.14643480786041,50.53336715698242,99800.0
2017-04-25,50.95898922248822,51.38461716837005,50.84290833687326,50.9202995300293,80800.0
2017-04-26,50.5720637251314,52.23587423338926,50.5720637251314,51.46200942993164,106500.0
2017-04-27,51.65546433852448,51.81023490373404,50.33989682188741,50.41728210449219,116000.0
2017-04-28,50.49469023362158,51.03639336106939,48.90826760596591,48.985652923583984,106200.0
2017-05-01,48.94694519042969,49.56603934895247,48.44393192464486,49.33387756347656,96800.0
2017-05-02,49.37256288007207,49.56603198993106,48.637390890021344,49.063018798828125,53100.0
2017-05-03,48.79217148029963,49.449958283416585,48.521320000937166,49.3725700378418,62600.0
2017-05-04,49.64342152543987,50.1464347596386,49.29518182115302,49.75950241088867,43600.0
2017-05-05,49.99165826541439,49.99165826541439,48.9314644566761,49.566036224365234,74300.0
2017-05-08,49.52735167491861,49.991669416046896,49.372578110522454,49.83689880371094,61700.0
2017-05-09,49.914280273147654,50.3785979785855,49.44996256770981,50.03036117553711,119100.0
2017-05-10,49.72080236604315,50.4172817123056,49.682106772982465,50.10773468017578,87100.0
2017-05-11,49.79819102150296,49.9529675001121,48.985633697191574,49.21779251098633,104700.0
2017-05-12,48.98563800944206,49.17910419664528,48.40523944783242,49.10171890258789,101200.0
2017-05-15,50.262502118267044,50.72682558964395,48.366536258578066,50.146427154541016,130900.0
2017-05-16,50.185115441021836,50.22381103059646,48.71477455101582,50.069034576416016,81800.0
2017-05-17,49.06302590326231,49.411262676079794,46.780124320244795,47.05097579956055,129600.0
2017-05-18,47.01228671941064,48.32785747316416,47.01228671941064,48.057003021240234,114300.0
2017-05-19,47.97961443259526,48.25046591389086,47.08966879052162,47.36052322387695,237000.0
2017-05-22,47.47660462236255,47.824844375145105,46.934901620322975,47.631378173828125,51000.0
2017-05-23,47.747455765580526,48.598705811542445,47.283135143370586,48.289161682128906,66000.0
2017-05-24,48.32785784190748,48.560016693856554,47.47660478201425,47.78615188598633,59300.0
2017-05-25,48.0182991027832,48.52131228683941,47.3992079969089,48.0182991027832,61500.0
2017-05-26,47.67005923633459,48.09568713742089,47.43790044159794,47.863525390625,59300.0
2017-05-30,47.67007855166088,47.67007855166088,46.70274738825818,47.24445343017578,48900.0
2017-05-31,47.16705319253077,47.43790465175196,46.16102969134703,46.780120849609375,73400.0
2017-06-01,47.050976142098946,47.786148243956376,46.35449963933381,47.74745559692383,62400.0
2017-06-02,47.43790044159794,48.753470881184604,47.36051516070547,47.863525390625,84700.0
2017-06-05,48.09569497704584,48.44393174988399,47.786147898901135,47.8248405456543,43900.0
2017-06-06,47.321830404456705,47.9796142578125,46.66404359904118,47.592681884765625,60800.0
2017-06-07,47.824832947693785,48.36653877235602,47.70875502587568,48.0182991027832,61000.0
2017-06-08,48.01830388945444,50.53336710838853,48.01830388945444,49.75950241088867,78100.0
2017-06-09,50.146437908522785,52.15848506754264,49.79819523030892,51.65547180175781,113400.0
2017-06-12,51.69416775047774,52.39064130337895,50.06904704938958,50.99768829345703,144300.0
2017-06-13,51.26853529081912,51.84893380354538,51.03637352408103,51.53938674926758,70400.0
2017-06-14,51.2298400179404,51.65546795827038,50.37859004139944,51.26853561401367,51700.0
2017-06-15,50.76553062017102,51.65547633714051,50.76553062017102,51.3072395324707,72300.0
2017-06-16,50.57205687318441,51.50069805398501,50.57205687318441,50.9202995300293,242100.0
2017-06-19,51.07507289634648,51.5007008654638,50.80422141787155,50.95899200439453,83500.0
2017-06-20,50.84290724243683,50.88160283818189,50.185123443603516,50.185123443603516,46700.0
2017-06-21,50.33991184961087,50.33991184961087,49.4499660736883,49.52735137939453,67900.0
2017-06-22,49.465119200050886,49.69844761312652,48.76514286150605,49.50400924682617,59500.0
2017-06-23,49.698449077342204,50.35953835548279,49.50401070531331,50.24287414550781,178800.0
2017-06-26,50.592862227874406,51.40949975671906,50.35953382889726,51.059513092041016,131600.0
2017-06-27,51.370622964922504,51.64283551331987,50.70952771822937,51.292842864990234,114900.0
2017-06-28,51.60395553264318,52.61503769116616,51.58840306989514,52.327266693115234,132100.0
2017-06-29,52.96501760806066,53.3538943980373,51.87616140936829,52.3817024230957,79200.0
2017-06-30,52.65391414431213,52.65391414431213,51.64283806687233,51.837276458740234,47400.0
2017-07-03,52.070599600711226,53.587222635962036,51.953941311205604,53.31501007080078,35100.0
2017-07-05,53.0428008069434,53.0428008069434,52.148388784803366,52.61503982543945,65400.0
2017-07-06,52.53725879907896,53.15945812763524,51.642840959628344,51.876163482666016,73800.0
2017-07-07,52.342818304371384,52.49836664684647,51.75950311940642,52.3817024230957,57300.0
2017-07-10,52.148372081622355,52.576132926114035,51.68171525666705,51.95393371582031,36500.0
2017-07-11,52.031707763671875,52.07059187647599,51.33172846152978,52.031707763671875,58800.0
2017-07-12,51.87615696526133,52.65391047858632,51.83727284986812,52.26503372192383,46900.0
2017-07-13,52.30394010134748,52.42060435152861,51.642850595374746,52.14839172363281,49200.0
2017-07-14,51.75949478149414,51.95393314516048,51.215063802955626,51.75949478149414,71900.0
2017-07-17,51.720615260278635,51.99282783804858,51.331738453810374,51.79838943481445,52300.0
2017-07-18,51.40950001446879,51.60393836999536,50.942849147962555,51.487274169921875,64300.0
2017-07-19,51.68172507990671,52.031717765146944,51.48728667714742,51.876163482666016,52500.0
2017-07-20,51.75949712935569,52.148373874328186,50.74841521891188,51.60394287109375,70800.0
2017-07-21,53.937225386054685,56.27048680953613,53.35391003018432,55.492733001708984,261500.0
2017-07-24,55.49270943543881,55.99825038259486,55.026058535674814,55.37604522705078,92800.0
2017-07-25,55.998254091078316,56.89267183623519,55.726041542671055,56.309356689453125,130000.0
2017-07-26,56.3871174988431,56.3871174988431,55.18159744087023,55.803802490234375,87900.0
2017-07-27,55.84270330710387,56.387128380016314,55.259388185931286,55.68714904785156,68800.0
2017-07-28,55.57049665039255,55.88159930124512,54.90940722594931,55.45383834838867,49200.0
2017-07-31,55.881609905622554,55.95938409964714,55.18163029181999,55.492733001708984,72300.0
2017-08-01,55.726037094859365,56.231578035144764,55.49270868125439,56.19268798828125,60700.0
2017-08-02,56.03714697975697,56.38713371204031,55.22050335937741,55.842708587646484,128900.0
2017-08-03,55.803810979909294,56.07602350524881,54.598290738535425,54.909393310546875,130900.0
2017-08-04,55.22049690505882,55.7649219658188,55.22049690505882,55.37604522705078,41400.0
2017-08-07,55.33715951377828,55.33715951377828,54.55940605872528,54.7149543762207,40400.0
2017-08-08,54.59829096130932,55.92047541430581,54.520516801436116,54.75384521484375,50300.0
2017-08-09,54.24830224150422,54.714953117039165,53.976089725257815,54.40385055541992,75600.0
2017-08-10,54.014959450595924,54.17051365686943,53.23720622058714,53.3538703918457,102500.0
2017-08-11,53.74276096340564,54.01497347784283,52.14836998810907,52.53724670410156,54900.0
2017-08-14,53.081694351071086,54.01499649361775,53.00392016149058,53.976112365722656,60800.0
2017-08-15,54.36497128108453,54.36497128108453,53.31500523426078,53.431663513183594,34800.0
2017-08-16,53.43164701887457,53.58720123239943,52.80944796613467,53.04277038574219,30400.0
2017-08-17,52.22615214115864,53.31500829941543,51.370624421738555,51.44839859008789,73200.0
2017-08-18,51.059516046373325,52.070591988271126,50.74841347433246,51.95393371582031,90900.0
2017-08-21,51.798391400039726,52.8483576305818,51.60395298942863,52.6539192199707,56900.0
2017-08-22,53.00389528541526,53.35388194116505,53.00389528541526,53.27610778808594,51600.0
2017-08-23,52.692804351997154,53.97609892887736,52.692804351997154,53.62610626220703,56000.0
2017-08-24,53.93719967988498,54.40385055541993,53.859425522927125,54.40385055541992,72800.0
2017-08-25,54.48163189997757,55.181605262494905,53.54832419364121,54.7149543762207,69300.0
2017-08-28,54.714953117039165,54.714953117039165,54.17052808454636,54.40385055541992,99000.0
2017-08-29,53.82053501430073,54.209411729530615,53.58721254543546,54.13163757324219,93700.0
2017-08-30,54.28720313386953,54.40386142572161,53.353895262529875,53.703887939453125,241000.0
2017-08-31,53.97610104705072,54.209423566865006,53.74277259344738,53.8983268737793,44600.0
2017-09-01,54.092765556453095,54.40386225116409,53.976101329041924,54.248313903808594,47300.0
2017-09-05,53.85941368883479,54.20940028513933,52.96499624587302,53.04277038574219,107400.0
2017-09-06,53.50945097341837,53.82054767173531,53.08168411254883,53.08168411254883,64800.0
2017-09-07,53.08167671763945,53.08167671763945,51.565059756365095,52.070594787597656,62600.0
2017-09-08,52.07060398813739,53.15946027431744,52.03949906417428,52.6539192199707,107900.0
2017-09-11,53.27610699231532,53.62609364283745,53.081668645628035,53.23721694946289,110500.0
2017-09-12,53.35388174384241,54.59828598986858,53.35388174384241,54.36496353149414,56300.0
2017-09-13,54.248291535279094,54.71494231871772,54.100516512571986,54.520503997802734,66400.0
2017-09-14,54.637183253989825,54.792731580129995,53.8205397072832,54.09275817871094,69300.0
2017-09-15,54.092755955239525,54.75384521484375,53.742763335128075,54.75384521484375,201900.0
2017-09-18,54.792730118898746,55.88158617420683,54.03053503383478,55.37604522705078,90900.0
2017-09-19,55.41493583780366,55.92047679009916,55.25938751423036,55.57048416137695,110300.0
2017-09-20,55.53160273055317,56.65934296542018,55.02606175383095,56.03714370727539,83800.0
2017-09-21,56.03713528307788,56.698224491506046,55.609368536207405,55.99824523925781,64500.0
2017-09-22,55.93575867555784,56.59979932550583,55.77951592037446,56.48262023925781,73200.0
2017-09-25,56.1310620331952,57.05290854308577,55.85763424642231,56.87322998046875,104300.0
2017-09-26,56.95134962884339,57.45914748048637,56.20918170404871,57.14665603637695,78400.0
2017-09-27,57.57633009220351,59.099723740674996,57.146659545413286,58.20131301879883,168800.0
2017-09-28,57.849763847763285,58.63098952586797,57.53727238446563,58.20131301879883,98300.0
2017-09-29,58.21699292218827,58.9623623567841,58.21699292218827,58.570064544677734,152200.0
2017-10-02,58.413136092767076,59.00158275314816,58.06007049093402,58.96235656738281,137100.0
2017-10-03,59.1585053970717,59.86464258604518,58.334677678937815,59.746952056884766,136800.0
2017-10-04,59.86463931018974,59.86463931018974,58.295448303222656,58.295448303222656,60500.0
2017-10-05,58.295450535458116,58.96235554175836,55.8710472241452,58.72697448730469,98700.0
2017-10-06,59.23696278129507,59.31542113745,58.57790540640698,58.72697448730469,90300.0
2017-10-09,58.962366519374406,59.08005706851287,58.609294871958994,59.04082489013672,68300.0
2017-10-10,59.3154221119596,59.825410414328715,58.805433809590475,59.746952056884766,59400.0
2017-10-11,56.92240558582514,58.5308227598065,55.58858965204825,57.7462272644043,145500.0
2017-10-12,57.78547899902214,58.25623525845803,57.47163949740135,57.86393737792969,83000.0
2017-10-13,57.707015841555034,58.02084933119753,57.35394418672206,57.6285514831543,52300.0
2017-10-16,57.78546743393821,58.27976050952033,57.62854472153875,58.21699142456055,51300.0
2017-10-17,58.09931568660754,58.491613548134964,57.589327269423826,57.66778564453125,50300.0
2017-10-18,57.98162078857422,58.49160916756373,57.78547187250055,57.98162078857422,52400.0
2017-10-19,57.55010839097696,59.23699078264806,57.53441910672519,58.530853271484375,100100.0
2017-10-20,59.23696440601676,59.23696440601676,57.040094457490724,57.07932662963867,105200.0
2017-10-23,57.11856525585047,57.23624981361389,55.98089798088976,56.0201301574707,84000.0
2017-10-24,56.098594665527344,56.514429444450414,55.90244573313039,56.098594665527344,84900.0
2017-10-25,56.09858317997479,56.13781535281798,55.23552925132685,55.66705322265625,75800.0
2017-10-26,55.823987837399144,56.5301251972983,55.74552946096378,56.216285705566406,45500.0
2017-10-27,56.21628072788528,56.961644217008555,55.98089963343062,56.76549530029297,56200.0
2017-10-30,56.56934222083041,56.56934222083041,55.74552042284114,56.294734954833984,128800.0
2017-10-31,56.37320606435601,57.11857565314571,56.13783091999411,56.56935501098633,96000.0
2017-11-01,57.04011046758478,57.236259411401775,55.62784166369688,56.412437438964844,56900.0
2017-11-02,56.3732035545933,57.07934092822303,56.0201378607737,56.84395980834961,52800.0
2017-11-03,56.804738220167906,56.88319660449314,56.177059173583984,56.177059173583984,57600.0
2017-11-06,56.216264109241,56.64778800685433,55.86319257193397,56.05934143066406,31000.0
2017-11-07,56.05934676047992,56.05934676047992,54.21554851031647,54.41169738769531,65900.0
2017-11-08,54.058650970458984,54.29402611517768,53.23482299896652,54.058650970458984,61800.0
2017-11-09,53.509422963890586,54.17633408046181,52.45021999343921,53.2740478515625,76800.0
2017-11-10,53.50941963274708,53.58788398462843,53.117121817298816,53.3917350769043,51100.0
2017-11-13,52.960221211445926,54.37249617148106,52.960221211445926,54.01942443847656,68300.0
2017-11-14,53.78403884105561,54.68631912759028,53.78403884105561,54.25479507446289,67500.0
2017-11-15,53.862478801677966,54.84322311348569,53.82324663481036,54.372467041015625,56700.0
2017-11-16,54.68630322389072,55.00014261688921,54.019398255011765,54.137088775634766,96200.0
2017-11-17,53.82326841257587,53.94095897480995,53.50942890861521,53.7055778503418,122800.0
2017-11-20,53.901720932142965,54.568632050302625,53.823262561180066,54.52939987182617,74800.0
2017-11-21,54.68630322389072,55.35321417875821,54.68630322389072,54.92168426513672,160400.0
2017-11-22,55.15708261924601,55.455226843883246,54.82754786086859,54.960933685302734,48600.0
2017-11-24,55.11784663303293,55.45522301556441,54.41170932238683,54.52939987182617,27900.0
2017-11-27,54.294007475974404,55.19629351928379,54.09785859638492,54.17632293701172,69400.0
2017-11-28,54.333232960326505,56.29472151485093,54.333232960326505,56.255489349365234,111400.0
2017-11-29,56.56934459628474,59.39388771055057,55.36106658917314,58.413143157958984,121200.0
2017-11-30,58.88390462312364,59.23697026341036,56.92241554155376,57.04010009765625,97900.0
2017-12-01,57.07933932751209,57.07933932751209,54.05864696579715,56.098594665527344,125600.0
2017-12-04,57.23624530517026,58.17776359504316,56.41242353576936,56.68703079223633,114800.0
2017-12-05,56.687029856687815,56.804720389228244,55.66705322265625,55.66705322265625,54900.0
2017-12-06,55.51013514024633,56.255498518051915,55.31398625282496,55.3924446105957,39700.0
2017-12-07,55.62783149462984,56.05935550054788,55.23553367871001,55.43168258666992,66400.0
2017-12-08,55.82398394367904,55.82398394367904,54.52939987182618,54.52939987182617,59100.0
2017-12-11,54.52938652038574,54.898147358209826,54.05863042388228,54.137088775634766,44800.0
2017-12-12,54.41172349771341,55.235551572422324,54.13711613480763,54.725563049316406,49700.0
2017-12-13,54.80400432766394,55.627832145125026,54.36463268421253,54.76477813720703,51800.0
2017-12-14,54.843236658045505,55.47090958102505,53.74480156034418,53.98018264770508,67100.0
2017-12-15,53.940952923280975,56.0201326695218,53.940952923280975,55.313995361328125,308900.0
2017-12-18,56.922420806549624,58.25623111099105,56.530122953950354,57.3931770324707,106900.0
2017-12-19,57.746230159352585,57.746230159352585,56.64779521352477,57.15778350830078,66100.0
2017-12-20,57.393163277191924,57.393163277191924,56.05934730643271,56.53010940551758,49900.0
2017-12-21,56.84395118949926,57.19702281577562,56.53011772523978,57.04010009765625,41200.0
2017-12-22,57.134675708627306,57.134675708627306,56.386016845703125,56.386016845703125,35100.0
2017-12-26,56.504224103861254,56.70124023534258,55.558549077732984,56.425418853759766,56400.0
2017-12-27,56.504217352458156,56.66183384628353,56.03137989589098,56.07078552246094,62700.0
2017-12-28,56.11020315636429,56.26781970080821,55.597965921176666,56.18901443481445,71000.0
2017-12-29,56.22840341352758,56.78005219593014,55.04630661010742,55.04630661010742,72200.0
2018-01-02,55.20391128684826,55.71614831518934,54.29763606274224,54.77047348022461,77500.0
2018-01-03,54.6916670314952,55.20391006091469,54.376440089355995,54.84927749633789,56100.0
2018-01-04,55.08569920605575,55.99197441003579,54.6916670314952,54.84927749633789,46700.0
2018-01-05,55.28272587580247,55.952579498291016,54.9674988733211,55.952579498291016,74700.0
2018-01-08,55.55854538768973,55.873772379614394,55.361529269293676,55.479740142822266,80800.0
2018-01-09,55.6373349235727,56.26778872941584,55.22754415849182,56.110172271728516,120400.0
2018-01-10,55.87374846543174,57.11100891890851,55.87374846543174,56.50419616699219,65400.0
2018-01-11,56.50421545288502,57.646912447999235,56.50421545288502,57.489295959472656,88200.0
2018-01-12,57.92274266590883,58.4743854291735,57.4499051527598,58.15916442871094,79000.0
2018-01-16,58.2379691798232,58.78961193836121,57.50506893636263,57.843936920166016,79900.0
2018-01-17,57.962138063978756,58.86840729898958,57.56810587051175,58.27735900878906,66000.0
2018-01-18,58.19855192937317,58.2379575524535,56.93765015270373,57.09526062011719,124800.0
2018-01-19,55.16450083845538,58.08033633493522,55.16450083845538,57.96213150024414,197300.0
2018-01-22,57.56810950096083,58.356173937592985,57.2371178681099,58.04094696044922,72100.0
2018-01-23,57.68632040883006,58.356180060211386,57.489304279001466,57.843936920166016,80900.0
2018-01-24,58.04095610127113,58.71080977541226,57.17408628694405,57.252891540527344,95400.0
2018-01-25,57.68631542144068,57.68631542144068,56.34660825941545,56.9770622253418,89800.0
2018-01-26,57.055870901725875,57.055870901725875,56.46482252776971,56.89825439453125,39200.0
2018-01-29,56.937653464520665,57.68631224696171,56.543621260613946,56.58302688598633,66100.0
2018-01-30,56.386016845703125,56.8194487091232,55.873773723065824,56.386016845703125,73300.0
2018-01-31,56.62244111912455,56.93766816613411,55.95258740201414,56.22840881347656,59700.0
2018-02-01,56.14960069928184,56.85886001586914,55.55855227086835,56.85886001586914,68800.0
2018-02-02,56.58302688598633,57.68631224696171,56.38601078403297,56.58302688598633,60800.0
2018-02-05,56.03137932091006,56.58302802495627,53.94300739567639,54.06121826171875,75500.0
2018-02-06,52.80031960708013,54.57346466851192,52.721514362396334,54.494659423828125,107100.0
2018-02-07,54.10062354469862,55.085704068045445,54.10062354469862,54.73107147216797,53000.0
2018-02-08,54.84928268539527,55.12510403119118,53.98241302184198,54.06121826171875,106200.0
2018-02-09,54.65227908771605,55.164522282833516,53.23376640791666,54.69168472290039,124100.0
2018-02-12,54.888696107966844,55.16451749294049,54.21884245518647,55.04630661010742,78500.0
2018-02-13,54.65226059864089,55.046292767358494,54.37643928302932,55.006893157958984,33300.0
2018-02-14,54.573450944539374,56.425400784932,54.573450944539374,56.30718994140625,63900.0
2018-02-15,57.055879060319675,57.055879060319675,56.03139266065257,56.22840881347656,52400.0
2018-02-16,56.18898449606378,57.68630178951016,56.149578877834905,57.41048049926758,56600.0
2018-02-20,57.095284012427264,57.80454343128389,56.11020315636429,56.18901443481445,67200.0
2018-02-21,56.386013363933024,57.6232743003119,55.47973805099077,56.661834716796875,52300.0
2018-02-22,56.78005456376709,56.898259439074266,55.75556821976448,55.834373474121094,36400.0
2018-02-23,56.149587649002825,56.78004156442942,55.91316592760432,56.6224250793457,39200.0
2018-02-26,56.66182524339689,57.21346785689439,56.15746456464102,57.13466262817383,49200.0
2018-02-27,57.37109746136912,58.040951077531,56.386016845703125,56.386016845703125,63000.0
2018-02-28,56.50422970472002,56.81945674882737,54.61287946498749,54.69168472290039,68500.0
2018-03-01,54.612861799073855,55.59794223547524,54.3370344669184,54.84927749633789,52100.0
2018-03-02,54.21882287910526,56.22838311188074,54.21882287910526,56.110172271728516,46500.0
2018-03-05,55.75556569629245,57.095272997086994,54.8098906619028,56.74064636230469,54700.0
2018-03-06,56.661821852544385,57.56809695972991,56.149578877834905,57.41048049926758,58100.0
2018-03-07,57.0952700922467,58.51378858411634,57.016464845466146,58.3167724609375,53400.0
2018-03-08,58.395569831734164,58.395569831734164,57.15830898554228,57.33168411254883,38500.0
2018-03-09,57.883319030556486,58.868399381739906,57.48928689008312,58.75019454956055,35400.0
2018-03-12,59.02602021875739,59.49885761986824,58.63198804908939,59.26243591308594,60100.0
2018-03-13,59.104828902287586,59.65647156706063,58.43497537721915,58.98661804199219,57800.0
2018-03-14,59.45946357039281,59.45946357039281,58.27736683131976,58.3167724609375,53700.0
2018-03-15,58.395572318307394,59.104831498783675,57.96214049478894,59.065425872802734,58500.0
2018-03-16,59.06542179893077,60.16871311330251,58.986616564858636,59.538265228271484,247700.0
2018-03-19,59.4594682533361,59.4594682533361,58.19856616817563,58.9078254699707,76100.0
2018-03-20,59.026029418817615,59.45946126553678,58.19855932856013,58.51378631591797,38600.0
2018-03-21,58.7108029515996,59.18364043059804,57.92273848245061,58.82901382446289,43000.0
2018-03-22,58.27736778312671,58.86841616231645,57.21348190307617,57.21348190307617,81500.0
2018-03-23,57.47492431528474,58.10868964152603,54.9398448780444,54.97945785522461,87100.0
2018-03-26,55.96970094434644,56.76191183939992,55.494375616132245,56.60346603393555,60500.0
2018-03-27,56.56386945981956,56.722309250169324,55.37555289992457,55.61321258544922,103500.0
2018-03-28,55.77166953686741,57.237259044056024,55.61322367084402,56.722320556640625,98000.0
2018-03-29,57.118417391037106,57.609590434203994,56.60347898263633,56.68270492553711,134300.0
2018-04-02,56.6430777609457,56.88074344191408,55.25670872483864,55.53398132324219,135800.0
2018-04-03,55.81125513888206,56.72229887701146,55.53398253443124,56.60346603393555,102500.0
2018-04-04,56.08854997109663,57.71257914809661,56.08854997109663,57.5145263671875,64000.0
2018-04-05,57.791787500766404,58.108673095703125,57.078802467271274,58.108673095703125,112700.0
2018-04-06,57.67296747908481,58.2671257729871,55.65282686218075,56.36581802368164,81600.0
2018-04-09,56.68269713969372,57.63334788301466,56.24697868995245,56.32619857788086,61400.0
2018-04-10,56.95997985281493,57.75219096052003,56.524261325940685,57.55413818359375,43000.0
2018-04-11,57.35606384277344,57.49866203031202,56.80151264941726,57.35606384277344,40600.0
2018-04-12,57.55413401939817,58.54439783238131,57.55413401939817,58.38595199584961,64100.0
2018-04-13,58.623623149096765,58.94050880736958,57.39569348982379,57.5145263671875,40700.0
2018-04-16,57.791802766372896,58.227521330016465,57.5145300640959,58.02946853637695,50900.0
2018-04-17,58.14827834034168,58.3067180947265,57.03918192738033,57.593727111816406,76600.0
2018-04-18,57.871026331026066,58.40180634549508,57.55414066546097,57.752193450927734,97700.0
2018-04-19,57.9898441076496,58.742448201303596,57.75218442867235,58.544395446777344,73300.0
2018-04-20,55.09828503033107,57.950243812967926,54.979452155202225,57.03919982910156,111200.0
2018-04-23,57.27684760304677,57.85515814623164,57.27684760304677,57.593727111816406,73800.0
2018-04-24,57.55413401939817,58.821670491198454,57.51452104924258,58.38595199584961,72700.0
2018-04-25,58.187872788790436,58.54437122590201,57.71254758339623,58.06904602050781,52800.0
2018-04-26,57.9106114572341,58.38593675456719,57.474899119715886,57.71255874633789,54000.0
2018-04-27,57.6729722191064,58.50479027248056,57.47491943819476,57.95024490356445,65100.0
2018-04-30,58.227513969811234,58.30673386843499,57.181795593341526,57.27686309814453,99900.0
2018-05-01,57.23723723291806,58.42555357685408,56.445026336960716,58.30672073364258,87700.0
2018-05-02,57.950238298653666,59.21777474320175,57.71257257101129,59.01972198486328,72000.0
2018-05-03,58.74245602721102,59.05934168548789,57.79179905238041,57.95024490356445,88600.0
2018-05-04,57.7918038867777,59.241551814907055,57.47492424608445,58.425575256347656,95900.0
2018-05-07,58.70282866733515,59.01971424795419,57.08671764585879,58.5839958190918,51800.0
2018-05-08,58.029461783983336,59.29699830696547,58.029461783983336,59.178165435791016,65600.0
2018-05-09,59.25738251917575,59.613875035305696,58.94049692478802,59.29698944091797,67400.0
2018-05-10,59.178165435791016,59.495051077559275,58.74245296693919,59.178165435791016,40700.0
2018-05-11,59.33660370027561,59.65348930157138,58.62361260838266,59.09893798828125,52500.0
2018-05-14,59.296990942591414,59.296990942591414,58.26712028986271,58.34634017944336,68000.0
2018-05-15,58.46517052909662,58.98010281133757,58.267117791591666,58.66322326660156,110000.0
2018-05-16,58.86126436364111,59.043469461422255,58.22749331132455,58.90087127685547,152000.0
2018-05-17,58.66321046744076,59.8911335456088,58.66321046744076,59.772300720214844,80600.0
2018-05-18,60.049593483100075,60.208033258248946,59.25738251917575,59.29698944091797,230600.0
2018-05-21,59.4158323829088,60.56453605800863,59.4158323829088,60.445709228515625,86600.0
2018-05-22,60.68334716201915,61.43595106200112,59.89113634777846,61.0002326965332,67200.0
2018-05-23,61.03985443761608,61.31712705367799,60.722968857506864,60.960628509521484,75800.0
2018-05-24,61.07947939610041,61.07947939610041,60.07337387951822,60.92103958129883,75100.0
2018-05-25,60.60413879735713,61.15868405499106,60.44569902205886,60.84180450439453,46300.0
2018-05-29,60.48529961954198,60.80218518109521,59.930754419890874,60.64374542236328,109000.0
2018-05-30,61.1982916545933,62.346995035004895,60.802186206990754,61.950889587402344,89700.0
2018-05-31,62.03013717796701,62.5450696044334,61.43597879903665,62.06974411010742,115000.0
2018-06-01,62.90155009083881,64.28791924126118,62.663884390273324,63.13920974731445,115300.0
2018-06-04,63.37690061271509,64.01067203647914,62.94118200336578,63.93144607543945,74700.0
2018-06-05,63.57495201438483,64.6048290440927,63.45611911955821,64.56521606445312,77700.0
2018-06-06,64.52557643850534,65.7931187344256,64.32752371027901,65.67428588867188,80900.0
2018-06-07,65.63466655621087,65.9515520994404,65.1593412634111,65.47622680664062,78600.0
2018-06-08,65.63470203908965,66.07042065209589,63.37690114463064,65.515869140625,87400.0
2018-06-11,65.87235533014272,66.14962801119177,64.64442568595122,64.96131134033203,44900.0
2018-06-12,65.27820357071688,65.27820357071688,63.85222100439793,64.1294937133789,49300.0
2018-06-13,63.693754720958026,64.74739662142932,63.574921882453346,64.05024719238281,65300.0
2018-06-14,64.36712269730258,64.36712269730258,63.37685927119023,64.28790283203125,58800.0
2018-06-15,63.77299516526332,64.44637340850066,63.37688960523063,63.61455535888672,208400.0
2018-06-18,63.614548852969094,64.28792702733944,62.94116463450818,64.08987426757812,71500.0
2018-06-19,63.65414060048819,65.04050958824533,63.65414060048819,64.76323699951172,58200.0
2018-06-20,65.04051842753921,65.47623687197174,64.8028587666496,65.23857116699219,66200.0
2018-06-21,65.35740401948196,65.71389653286134,64.60480602719663,65.23857116699219,51100.0
2018-06-22,65.5158411808842,65.83272676019075,64.20869798789045,65.11973571777344,227600.0
2018-06-25,64.72365075458491,64.96131652536313,63.93143957744634,64.32754516601562,61700.0
2018-06-26,64.40677246645163,64.72365210866317,63.89183398172025,64.1294937133789,111000.0
2018-06-27,64.16908147464154,67.20325060482641,62.98076515103707,63.02037811279297,83100.0
2018-06-28,63.25804005329236,63.574925626604255,62.8223276785669,62.94115447998047,72200.0
2018-06-29,63.32325918805677,63.32325918805677,62.12923171931758,62.4078369140625,104400.0
2018-07-02,62.00982120049399,63.08444459409403,62.00982120049399,62.92524337768555,103900.0
2018-07-03,63.08444933186919,63.323257247554004,62.68644018781954,62.76604080200195,54500.0
2018-07-05,63.12425759698028,63.16405487060547,62.407839867208246,63.16405487060547,56300.0
2018-07-06,63.08444318025242,63.920264730507405,62.88543862763333,63.60185623168945,62800.0
2018-07-09,63.880468787262096,64.95509228120532,63.7610648272378,64.55708312988281,110100.0
2018-07-10,64.91528818822698,64.91528818822698,63.323251750238704,63.68145751953125,55800.0
2018-07-11,63.48246463292081,70.16902011609433,63.40286401101813,63.44266128540039,46200.0
2018-07-12,63.72125537165943,63.84065323571562,62.24861693484354,62.96503448486328,43500.0
2018-07-13,62.686442782165145,63.36305714042444,62.447634856597006,62.4874382019043,33500.0
2018-07-16,62.72623248893395,63.323246099908054,62.60682855211183,63.20384216308594,49400.0
2018-07-17,63.283458582158715,63.800871722300826,63.084453995422365,63.402862548828125,38500.0
2018-07-18,63.402851572517946,63.92026462308544,63.402851572517946,63.72126007080078,59100.0
2018-07-19,63.402844437160105,67.58193956482235,63.402844437160105,64.99488067626953,93800.0
2018-07-20,68.05954947885135,70.44760384653034,66.46751323373202,70.16899871826172,276500.0
2018-07-23,72.07946462554285,75.62174388346023,71.68145544720885,72.15906524658203,215900.0
2018-07-24,72.15904882162526,72.47745730644344,71.32322730811963,71.76103973388672,189700.0
2018-07-25,71.60183187150115,72.07944763140519,70.76601643794243,71.5620346069336,97300.0
2018-07-26,71.80084070752629,72.43765771005631,70.53517465824756,71.88044738769531,86900.0
2018-07-27,71.76103342553685,71.99983521330542,70.88541472411305,71.08441925048828,68600.0
2018-07-30,71.04462711505808,71.4824395713525,70.4874167826262,70.52721405029297,71800.0
2018-07-31,70.44761971956797,71.08443679035587,69.65160141765195,70.3680191040039,90000.0
2018-08-01,70.68641019773781,71.16401984641114,70.32819840638068,71.08441925048828,67900.0
2018-08-02,70.6068312273946,71.44265299531385,70.6068312273946,71.36305236816406,54800.0
2018-08-03,71.36303446363327,71.402831730654,70.08940652936599,70.12920379638672,61700.0
2018-08-06,70.12920379638672,70.248607743723,69.61179074002084,70.12920379638672,62600.0
2018-08-07,70.12918401978955,70.76600084390785,69.93017952139449,70.0495834350586,44900.0
2018-08-08,70.00981375441746,71.1242406956755,69.4924066684211,69.97001647949219,113700.0
2018-08-09,70.08938676399174,70.1689873487227,69.5321705246044,70.0495834350586,49300.0
2018-08-10,69.73120037973749,70.04960890758127,69.35707081500635,69.77100372314453,79500.0
2018-08-13,69.53218391304635,70.12919752318665,69.412779976391,69.45258331298828,82900.0
2018-08-14,69.61178492109741,70.88541882203731,69.61178492109741,70.72621154785156,293000.0
2018-08-15,70.60682624567629,71.64165254502636,70.16901979067289,70.40782165527344,79600.0
2018-08-16,70.76602066983627,72.03964860175931,70.76602066983627,71.88044738769531,57100.0
2018-08-17,71.5222318519889,72.15904882162526,69.31726417809753,71.76103973388672,55800.0
2018-08-20,71.84065191480849,72.19885772224775,71.00483026659997,71.64164733886719,54200.0
2018-08-21,71.64165289066901,72.83568043884682,71.64165289066901,72.1192626953125,103100.0
2018-08-22,72.0794677734375,72.27847237129554,71.64165522889446,72.0794677734375,59400.0
2018-08-23,71.96003489361836,72.03963548615819,71.40281859956762,71.99983215332031,59700.0
2018-08-24,71.72123776191067,72.31825140488962,71.64959903985887,71.92024230957031,31900.0
2018-08-27,72.19886223891648,72.47747352117402,71.56205119994885,71.72125244140625,40700.0
2018-08-28,71.99985234960943,71.99985234960943,71.40283862839165,71.68144989013672,51600.0
2018-08-29,71.8008480165906,71.8008480165906,71.04463306310117,71.44264221191406,78700.0
2018-08-30,71.48243906428016,72.27845728961452,71.12422721899745,71.84064483642578,50600.0
2018-08-31,71.48242262063567,72.6207286639361,71.44261928927038,72.51724243164062,51700.0
2018-09-04,72.39785431635362,73.07447465846705,71.76104338743224,72.71626281738281,52000.0
2018-09-05,72.87545897038463,73.3530686123896,72.67645444678787,73.27346801757812,63700.0
2018-09-06,73.11427620978206,73.63168929513208,72.75607042084448,73.03467559814453,88300.0
2018-09-07,73.07446099202342,73.71127180184794,72.79584981001831,73.55207061767578,48300.0
2018-09-10,73.47248807185701,73.8306938607946,72.67646980920695,73.03467559814453,59000.0
2018-09-11,72.79587161327046,73.5122893028928,72.79587161327046,72.91527557373047,72700.0
2018-09-12,72.7162700296983,72.7162700296983,71.56204593126563,71.68144989013672,104700.0
2018-09-13,71.6416357929378,71.96004427775598,71.24362670519926,71.76103973388672,80400.0
2018-09-14,71.72125741983272,72.75608378055092,71.46653177193666,72.67648315429688,67400.0
2018-09-17,72.07946563342365,72.1988635300829,71.283447265625,71.283447265625,62200.0
2018-09-18,71.20384057033458,71.56205247972689,70.76603411192824,71.283447265625,42500.0
2018-09-19,71.08443978765563,71.84065477710683,70.96503582270597,71.12423706054688,94600.0
2018-09-20,71.48243166587575,72.31824707208798,71.40282499307189,71.6018295288086,56200.0
2018-09-21,70.72623150759321,71.48245260883249,69.65160791439871,69.97001647949219,478800.0
2018-09-24,69.69140029148801,70.04960607511723,68.65657413612341,68.7759780883789,152400.0
2018-09-25,68.89537341436366,68.89537341436366,67.50234164978895,68.13915252685547,205700.0
2018-09-26,67.9401657318443,68.0197663531235,66.46753298219573,66.5869369506836,153100.0
2018-09-27,66.78592923410109,66.86552984071263,65.79090646861428,65.83070373535156,147500.0
2018-09-28,65.85471086386761,66.33452539652268,65.65478763349692,66.05463409423828,155500.0
2018-10-01,66.38250582129011,66.38250582129011,64.9190664275217,65.1509780883789,94100.0
2018-10-02,65.19895705480805,65.39088163039297,64.17535118345882,64.88707733154297,154000.0
2018-10-03,65.07899587084668,67.54205108355731,65.05500606377022,67.3021469116211,173000.0
2018-10-04,67.53404135583642,68.3097441968244,66.91828070437575,67.16618347167969,157100.0
2018-10-05,67.51007452074359,68.03787477399399,66.52645565048277,67.15021514892578,190300.0
2018-10-08,67.02223790280884,67.76595229869102,66.4064772573097,67.4860610961914,88800.0
2018-10-09,67.4060972184327,67.83793200090658,67.17418560740947,67.33412170410156,123100.0
2018-10-10,67.43010325669039,67.82195105874352,66.28654219663241,66.47047424316406,115800.0
2018-10-11,66.12658799636428,66.8543051442299,64.2633026346048,64.27130126953125,136800.0
2018-10-12,65.09498818236959,65.09498818236959,61.88821868880623,63.62355041503906,250500.0
2018-10-15,63.5595637901357,64.4312257031083,63.207697131087095,63.94341278076172,117400.0
2018-10-16,64.19134778988035,65.34290754321654,62.903847806051644,63.991424560546875,122200.0
2018-10-17,63.735526464150006,64.64717595035059,63.10377439485549,64.14337158203125,54200.0
2018-10-18,63.90344967034292,65.12697858421838,63.75950473334749,64.94304656982422,175200.0
2018-10-19,64.78310886815594,66.40648411137911,64.4952190012505,65.49483489990234,143900.0
2018-10-22,65.89468570128403,66.72636691716603,63.59156661078873,63.647544860839844,151600.0
2018-10-23,62.8478479075779,63.91943932449829,61.80025239723043,62.32805252075195,166300.0
2018-10-24,62.21610647710569,62.21610647710569,59.001337787604996,59.14528274536133,115100.0
2018-10-25,59.54513818092533,61.07255469159908,58.569511775326646,60.70469665527344,119400.0
2018-10-26,60.47277977387563,61.280465216435,59.57712152235232,60.76066970825195,124300.0
2018-10-29,61.456375567079,62.6719117451751,61.01654829436521,61.61631774902344,85600.0
2018-10-30,61.9841841836895,63.11974637719467,61.52835957918835,63.11174774169922,83000.0
2018-10-31,63.85547984106919,64.14336978667171,62.64794179707929,62.73590850830078,102200.0
2018-11-01,63.175722692016194,63.41563294017581,62.36003883038137,62.959808349609375,93900.0
2018-11-02,63.35166488559776,64.55120409115338,63.3436662492326,64.01541137695312,135000.0
2018-11-05,63.77551690523671,64.33529956612992,62.79189182832616,63.27970504760742,117200.0
2018-11-06,63.03978275875989,64.49522336154737,62.959814701695635,64.247314453125,56300.0
2018-11-07,64.15935270877662,64.92705702491337,63.06377143304241,64.3912582397461,99800.0
2018-11-08,64.31927978470368,64.99901731381131,63.99940150595577,64.43123626708984,73800.0
2018-11-09,64.36725195966915,64.7511070700833,62.9278090232486,63.423614501953125,55200.0
2018-11-12,63.43161868324925,63.83946362976309,62.903824724087684,62.94380569458008,57700.0
2018-11-13,63.191721222418565,64.30329980728396,63.047776276989154,63.143741607666016,71100.0
2018-11-14,63.56756859299715,63.75949922652855,61.440389264643315,61.72827911376953,86000.0
2018-11-15,61.36043655804394,63.43163816137794,60.968582659165286,63.35966873168945,107800.0
2018-11-16,62.815869758511305,64.28730153224296,62.815869758511305,64.247314453125,148900.0
2018-11-19,63.919436025530075,64.43923748669964,62.719897007986916,63.11974334716797,70100.0
2018-11-20,62.87982015876408,63.247677982943,61.792237851987416,62.84783172607422,111100.0
2018-11-21,62.86384504053603,63.95142762494472,62.392023164378564,62.8558464050293,64300.0
2018-11-23,62.655931707793776,63.75951171261638,62.34405199369314,63.20772171020508,37500.0
2018-11-26,63.71953439647079,64.60719405762174,63.183741585123244,63.759521484375,66300.0
2018-11-27,63.207707125767726,63.911434453971694,62.25607092986558,62.615936279296875,99900.0
2018-11-28,62.70391761522318,63.999416092725184,61.86423770477611,63.89545822143555,72900.0
2018-11-29,63.55961331083039,64.09540624916089,62.73592425346963,63.327701568603516,53300.0
2018-11-30,63.327663686847245,64.6071707223923,63.327663686847245,64.27130126953125,117100.0
2018-12-03,64.61517988924356,64.77511600681636,62.81587111127644,64.19133758544922,133600.0
2018-12-04,63.90345166768238,64.15935310798689,59.42516731059603,59.51313400268555,124800.0
2018-12-06,58.77740297334,59.86498533957976,58.11365668636706,59.753028869628906,137900.0
2018-12-07,59.8809865145937,60.88060237849286,59.23323738716178,60.064918518066406,100300.0
2018-12-10,59.91298475249413,60.048931067935904,58.425555615665694,59.417179107666016,129400.0
2018-12-11,59.84900406036133,60.48876071770785,58.953352061482185,59.43316650390625,70700.0
2018-12-12,60.05692386912535,61.160503760869965,59.40117606292886,60.424781799316406,111200.0
2018-12-13,60.440762376668054,60.880589603791194,58.52149910047049,58.60146713256836,82800.0
2018-12-14,58.14565657660501,59.33719701364952,57.154039318314275,57.27399444580078,78100.0
2018-12-17,56.578257219542465,58.37756575302615,56.578257219542465,57.234004974365234,122800.0
2018-12-18,57.59386603335512,58.3455791297843,56.53027937067887,56.75419235229492,95700.0
2018-12-19,56.75421727670426,57.10608417444029,54.46709464376779,55.2587890625,149900.0
2018-12-20,55.12281815047933,56.92212672859443,52.875683611963694,56.90613555908203,192900.0
2018-12-21,56.730213785752674,56.842170298739696,55.066851162556375,55.738590240478516,618100.0
2018-12-24,55.44269647975097,55.954499320806285,53.75534439086914,53.75534439086914,68300.0
2018-12-26,53.867302545025616,55.87453299686456,53.475454817369375,55.84254455566406,118000.0
2018-12-27,55.15481064260537,55.62662644252187,53.827317732221154,55.570648193359375,86800.0
2018-12-28,55.795802293584664,56.431034103387645,55.20882005338872,56.02094650268555,98900.0
2018-12-31,56.278259672223676,56.672268205254056,55.450047920079164,56.53556823730469,113100.0
2019-01-02,55.98075295831572,57.9748928991944,55.60282964334458,57.96685028076172,164500.0
2019-01-03,57.749742422373984,58.714647949568175,57.235125323241114,57.57284164428711,95400.0
2019-01-04,58.21610066631301,59.7117081316378,58.04724255051416,59.28554153442383,92200.0
2019-01-07,59.23731123051596,60.00120044233358,58.71465148237129,59.59915542602539,69000.0
2019-01-08,60.28262214664327,60.7007462048144,59.277509748932715,60.620338439941406,89200.0
2019-01-09,60.30675280845582,60.32283190992788,57.629131511427545,57.942726135253906,130900.0
2019-01-10,57.53263095743348,58.280434759891385,56.60792640723219,57.49242401123047,104600.0
2019-01-11,57.130590406032866,58.13570279083486,57.09038345675313,57.73365783691406,76600.0
2019-01-14,57.5326372055511,58.23219152159413,57.468308538527566,57.51655197143555,55900.0
2019-01-15,57.33964550776889,58.143735361518424,56.6481277427668,58.11961364746094,137600.0
2019-01-16,57.894473951690046,59.39008168621958,57.78190185422819,59.100608825683594,97000.0
2019-01-17,59.068433914680796,60.25044686107023,58.939782741214806,60.08158874511719,159100.0
2019-01-18,55.48221040319224,61.42443505559712,55.48221040319224,61.31186294555664,282900.0
2019-01-22,60.78917267656632,62.485802227349026,60.66855800933821,62.276737213134766,172400.0
2019-01-23,62.638588858661315,62.71899660172001,61.97923555003194,62.316951751708984,148300.0
2019-01-24,62.08377548246664,62.67076376184387,61.223399603597684,62.598392486572266,94000.0
2019-01-25,62.71899813215427,63.14516470201023,62.284788947380925,62.66271209716797,84100.0
2019-01-28,62.791374060221024,63.458770114626205,62.63055854252475,63.257747650146484,102300.0
2019-01-29,63.33815623199695,63.95730886608213,62.94415391421836,63.40248489379883,92200.0
2019-01-30,63.579396344149956,64.06989173716124,63.12106528745152,63.997520446777344,168900.0
2019-01-31,63.981410471567855,64.17439026160217,63.47483622220893,64.1502685546875,169700.0
2019-02-01,63.965366568900976,65.01872258178881,63.6678510389365,64.978515625,154300.0
2019-02-04,64.6246875668689,65.43681369873347,64.343251280777,65.3242416381836,118200.0
2019-02-05,65.27602182091286,65.91929622922805,64.76140474814846,65.13932800292969,112300.0
2019-02-06,64.83377792845438,65.39664463912484,64.83377792845438,65.35643768310547,59500.0
2019-02-07,65.47701659277848,65.93534742092551,64.84982768423168,65.4609375,101800.0
2019-02-08,65.17951260716264,65.75845820370141,64.2467716952974,64.58448791503906,126700.0
2019-02-11,64.94634203791156,65.50920867919922,64.54429706615727,65.50920867919922,54300.0
2019-02-12,65.77454248688143,66.06401528098255,65.0106535611688,65.29208374023438,91300.0
2019-02-13,65.47702425360025,65.73433271117885,64.9543647237544,65.42073822021484,70500.0
2019-02-14,65.12322549640751,65.26796189315496,64.09399162385589,64.92220306396484,102000.0
2019-02-15,65.23580949497057,66.54647992034826,64.73727769758472,66.38565826416016,80300.0
2019-02-19,65.96753863659393,67.27820301485383,65.78259525329624,66.99677276611328,76400.0
2019-02-20,66.73141346009866,67.99383425133094,66.73141346009866,67.961669921875,78200.0
2019-02-21,67.89734764254854,67.96167016697382,66.91635706211963,67.51942443847656,51000.0
2019-02-22,67.53552998155466,68.33158364706293,67.12544842204906,67.94561767578125,51300.0
2019-02-25,68.34763039651078,68.45215985803046,67.5676623386663,67.61590576171875,98400.0
2019-02-26,67.42295081058222,68.05014008053884,66.86009021824177,67.01286315917969,57000.0
2019-02-27,67.12543023092499,68.10641479492188,66.77162869769111,68.10641479492188,84500.0
2019-02-28,68.07426181120432,68.65320145350282,67.8410749768653,68.45217895507812,69700.0
2019-03-01,68.66925533877296,69.11954356656076,68.3315391679321,68.75770568847656,76700.0
2019-03-04,68.63711833466044,69.14369279253499,68.2350733613481,68.50846099853516,182700.0
2019-03-05,68.51650796168597,68.51650796168597,67.61592495584385,68.00993347167969,52700.0
2019-03-06,67.9456011416386,68.07425847899819,65.84692587003647,65.9836196899414,72900.0
2019-03-07,66.22483471056569,66.22483471056569,64.56036911288786,64.86592102050781,81100.0
2019-03-08,64.42367445562421,65.25992855096425,64.36738841722237,64.76139068603516,61100.0
2019-03-11,65.13930817437655,65.96751958203734,64.74529980522881,65.83082580566406,90800.0
2019-03-12,66.03185897141704,66.03185897141704,65.13127615436419,65.25993347167969,35100.0
2019-03-13,65.57353977726035,65.91125609371754,65.23581732608352,65.53333282470703,60300.0
2019-03-14,65.8710430545564,65.8710430545564,63.64371673357543,65.45291900634766,65300.0
2019-03-15,62.1722256745834,65.75846559546677,62.1722256745834,64.69706726074219,231400.0
2019-03-18,65.00261561437935,65.59764647538555,64.73727064632874,65.05086517333984,121300.0
2019-03-19,65.444872512813,65.444872512813,63.675877293670645,63.836692810058594,116800.0
2019-03-20,63.62763887853131,64.06989082815873,62.33305350022537,62.41346740722656,71700.0
2019-03-21,62.42148855417434,63.659787574180754,62.02748627249175,62.83961868286133,107900.0
2019-03-22,62.26548702967065,63.17925104689481,59.83955896357959,60.16301727294922,117400.0
2019-03-25,60.26814587832746,61.36790056129749,59.92851738873653,60.29240417480469,163200.0
2019-03-26,60.59967978854706,62.90431001677027,60.59967978854706,62.78301239013672,350600.0
2019-03-27,62.580843967780446,64.65096683941447,62.43528806777788,64.14961242675781,230500.0
2019-03-28,64.14962744368032,65.51622942363721,64.14962744368032,65.24938201904297,234800.0
2019-03-29,65.50006003874688,65.53240648774252,64.14154002820212,65.50814819335938,1551400.0
2019-04-01,66.15506233197485,67.65105637603962,65.9690779517585,67.63488006591797,154500.0
2019-04-02,67.12543225985593,67.63487493989346,66.72919289481698,67.31141662597656,147600.0
2019-04-03,67.92598732471124,68.72654187644815,67.61061716283142,68.66993713378906,226100.0
2019-04-04,68.42733691924562,69.29258422773952,68.24134641243147,69.09042358398438,215400.0
2019-04-05,69.3815385310674,69.51091814078521,68.82357315493473,69.2036361694336,148200.0
2019-04-08,69.19554311669097,69.53517150878906,68.6941825120797,69.53517150878906,214600.0
2019-04-09,68.71844474349908,69.27640389258706,68.34646375150325,68.49201965332031,148500.0
2019-04-10,68.28178361715258,69.5836987062218,67.96641349440448,69.51091766357422,186100.0
2019-04-11,69.78587449880943,70.02846363154336,69.24407914651522,69.68883514404297,122000.0
2019-04-12,70.16591925913637,70.86944057795135,69.63221832408487,70.63493347167969,149500.0
2019-04-15,70.41660461215403,70.41660461215403,69.05808469081347,69.17938232421875,93700.0
2019-04-16,69.65649484881553,69.99612336633287,68.96106150182933,69.9152603149414,197200.0
2019-04-17,69.94760389272881,69.94760389272881,68.79933256960989,68.88019561767578,171300.0
2019-04-18,68.73463291090701,68.92062345569651,67.90173187568757,68.21710205078125,160700.0
2019-04-22,68.68610728142923,68.68610728142923,63.76147043402826,64.66715240478516,282500.0
2019-04-23,64.42456447569732,65.58092382022376,63.92320993421533,64.70758819580078,414300.0
2019-04-24,64.39221604354184,65.03104451750676,63.91511981140903,64.72376251220703,141900.0
2019-04-25,64.41648728519317,64.88549541222264,63.92321469224497,64.553955078125,117900.0
2019-04-26,64.54584245036195,65.20084088436418,64.3517699827784,65.13615417480469,87600.0
2019-04-29,65.38683782804104,65.8235055503272,64.65097013785885,65.0957260131836,113200.0
2019-04-30,65.28173994274238,65.52432909587476,64.31945297778786,64.8774185180664,183700.0
2019-05-01,64.86931579063213,65.32215371032324,63.97172193592016,64.07684326171875,278600.0
2019-05-02,64.27900549192421,65.19277567710762,64.2062306113985,64.82080078125,138800.0
2019-05-03,65.24130882916161,66.26828258831985,65.1847040734514,66.17124938964844,102000.0
2019-05-06,65.39494066168442,66.38147962300074,65.06339417665788,66.32487487792969,186700.0
2019-05-07,63.373326810228136,65.78307845646823,63.373326810228136,64.44073486328125,133200.0
2019-05-08,64.42455465334776,65.17659252036732,63.86659545291309,64.06875610351562,91200.0
2019-05-09,63.64826004911636,64.6994979256932,63.44609939357878,64.58628845214844,79000.0
2019-05-10,64.23048662045952,64.80462216774075,63.62400462649929,64.6509780883789,121400.0
2019-05-13,63.63209448292224,63.95554661945812,62.443388755845376,62.77492904663086,169000.0
2019-05-14,62.79110925364931,64.09302454323671,62.49999737712949,63.74530792236328,99300.0
2019-05-15,63.2116044279212,63.46228788414141,62.22505925239242,62.863887786865234,57800.0
2019-05-16,63.21159503141612,63.88276991754789,63.21159503141612,63.446102142333984,42500.0
2019-05-17,62.95282109541072,63.55930300609763,62.338251031801136,62.354427337646484,82100.0
2019-05-20,62.11184549032944,62.85580148320785,61.81265163169932,62.33826446533203,64200.0
2019-05-21,62.49999455532568,62.85579931488671,61.80456134497685,62.53234100341797,91100.0
2019-05-22,62.21697276000609,62.524254772152986,61.505363218996344,61.772216796875,66600.0
2019-05-23,61.12528573389813,61.12528573389813,59.17646044941517,59.4594841003418,118100.0
2019-05-24,59.79911396255242,60.81800530057696,59.75868553682036,60.704795837402344,62800.0
2019-05-28,60.381344847575846,60.381344847575846,59.338195094740584,59.4514045715332,98300.0
2019-05-29,58.93387059661007,59.200724135865784,58.47294456037449,58.966217041015625,116600.0
2019-05-30,59.08751510951512,59.21690088811031,57.36510857577765,57.737083435058594,82500.0
2019-05-31,57.04165535417105,57.04165535417105,55.852949628153674,56.079368591308594,90900.0
2019-06-03,56.20066568967189,57.130605996125595,56.08745620917707,56.7020263671875,117900.0
2019-06-04,57.34895463345677,58.51340241710654,56.41901403787291,58.37593460083008,78300.0
2019-06-05,58.222273815799255,58.51338567843458,57.19530031166372,57.76943588256836,71800.0
2019-06-06,57.688565379067974,58.32739383161048,56.224924113930555,56.985050201416016,56100.0
2019-06-07,57.001222085955014,57.001222085955014,56.289618732326744,56.402828216552734,108100.0
2019-06-10,56.79905517091514,57.68856080758535,54.95535100813781,57.0982551574707,96300.0
2019-06-11,57.62387990392951,58.03628323444578,57.06591447276099,57.3974609375,80300.0
2019-06-12,57.26807275814844,58.1171500163165,56.92035616864057,57.77751541137695,74900.0
2019-06-13,58.0362813745313,58.569988494971874,57.656224504178255,57.84220886230469,81500.0
2019-06-14,57.874560506923565,58.367833070617664,57.559190332686946,58.07672119140625,76800.0
2019-06-17,58.214188060014784,58.529558229288135,56.99314198696335,57.99585723876953,116600.0
2019-06-18,58.00392972578384,59.621214739340914,58.00392972578384,59.40287780761719,80100.0
2019-06-19,59.4514058077196,60.76140914142829,59.4514058077196,60.32474136352539,121700.0
2019-06-20,60.59159435189453,61.0686905567387,59.49183984815594,60.72097396850586,188500.0
2019-06-21,60.47030648978553,61.432593378393385,60.35709699341459,60.75333023071289,368400.0
2019-06-24,60.51880226147415,60.753309328834334,59.82337538136293,59.952754974365234,191000.0
2019-06-25,59.871914455303035,60.32475245515066,59.1037000833272,59.936607360839844,86300.0
2019-06-26,60.26005103700455,60.88270936829052,59.65356901454517,59.76678466796875,95300.0
2019-06-27,60.001268350967145,60.68053122872859,59.85571246069343,60.56732177734375,114400.0
2019-06-28,60.925251505856664,62.08844411562162,60.69749455388783,61.9420280456543,320700.0
2019-07-01,62.430076946502176,62.80424995287284,61.226210842861185,61.34009552001953,159700.0
2019-07-02,61.087917111504474,61.41328675935854,59.58308947182799,60.144351959228516,80900.0
2019-07-03,60.50225948597784,60.998446855928286,60.36397938770588,60.74628829956055,55600.0
2019-07-05,60.85202827549236,61.657319603242065,60.85202827549236,61.551570892333984,60300.0
2019-07-08,60.99031221989895,61.83626463905116,59.18451652081513,60.33957290649414,57200.0
2019-07-09,60.030504605696066,60.73817728495909,59.69699883728373,60.713775634765625,67500.0
2019-07-10,60.819504989734625,60.819504989734625,59.843401958331725,60.11996841430664,60800.0
2019-07-11,60.128087192232954,60.990317792156794,59.469218076499104,60.45345687866211,106400.0
2019-07-12,60.25011288748834,61.83628187285232,59.64004693836193,59.672584533691406,148400.0
2019-07-15,59.95728215772901,61.44584459832765,58.49312756864029,58.785953521728516,81000.0
2019-07-16,58.55817868372464,59.298394805823776,58.55817868372464,59.111305236816406,70900.0
2019-07-17,58.70460326542594,59.5586979605184,58.590724800201734,59.13571548461914,63700.0
2019-07-18,59.2007855911823,60.03860831603895,59.00556626837842,59.64003372192383,94300.0
2019-07-19,60.315181194870156,60.84390619828969,59.91660655791558,60.24197006225586,226900.0
2019-07-22,60.420930362575305,60.59988403320312,59.55870581054497,60.599884033203125,80500.0
2019-07-23,60.59988415559589,60.99845883721902,59.24147213441276,60.136234283447266,115800.0
2019-07-24,59.77018359692697,61.925744490878145,59.60749565763138,61.722389221191406,103500.0
2019-07-25,61.88508419730662,62.52768766729501,61.44583602012806,61.93388748168945,118000.0
2019-07-26,62.28366264218877,63.47939282997494,61.885087981563856,63.259765625,144100.0
2019-07-29,63.16215147493612,63.30856752538859,62.62529055464017,62.79610824584961,161700.0
2019-07-30,62.35687194789789,63.77222309318255,62.259259170118824,63.51192855834961,117200.0
2019-07-31,63.650195814743476,64.19518641728519,63.20281176435253,63.25162124633789,162700.0
2019-08-01,63.30856569879852,63.73967788882818,60.36397908283911,60.429054260253906,141600.0
2019-08-02,60.201297424039225,60.42091839071362,59.35533873427065,60.347713470458984,93900.0
2019-08-05,59.3065399727346,59.3065399727346,57.394995274969766,58.36296844482422,149500.0
2019-08-06,59.03809732012096,59.03809732012096,57.21602982264617,58.11079788208008,118200.0
2019-08-07,57.28926506599907,57.76105093131327,56.79307755349832,57.622764587402344,119700.0
2019-08-08,58.09453421935875,59.26586260430697,57.639020383394694,58.74527359008789,73200.0
2019-08-09,58.46870969350441,58.79407939282588,57.695962087787905,58.021331787109375,78900.0
2019-08-12,57.460077489547544,57.78544723574699,57.012693312784336,57.72850799560547,63500.0
2019-08-13,57.49261426805794,59.2902744880317,57.39500148381121,58.10268020629883,56000.0
2019-08-14,57.037079483358745,57.037079483358745,55.49971437799112,55.914554595947266,95000.0
2019-08-15,56.126055194064705,56.37008400335959,55.01980201550596,55.10114288330078,64800.0
2019-08-16,55.51599461099376,56.27247654403934,55.42651778621012,56.126060485839844,111100.0
2019-08-19,57.09404025626652,57.826114425934314,56.980161776277676,57.329933166503906,64800.0
2019-08-20,56.92321534340178,56.99642026875362,56.0284471052509,56.33755111694336,82200.0
2019-08-21,56.939492895105495,56.939492895105495,56.077268274300096,56.752403259277344,67200.0
2019-08-22,56.93136227477945,57.10218002474932,56.06913757324219,56.06913757324219,69600.0
2019-08-23,55.808829646427334,56.703591735152514,53.91355674002284,54.1087760925293,146800.0
2019-08-26,54.59683574437333,54.93847117501271,53.90542272714546,54.36094284057617,68600.0
2019-08-27,54.71882669429022,54.987257107600506,52.8316902654678,52.93743896484375,114700.0
2019-08-28,52.61208404679427,54.55616023984755,52.61208404679427,54.1087760925293,70800.0
2019-08-29,54.68629661495844,55.46718003102547,54.65375903021693,55.117408752441406,69300.0
2019-08-30,55.49159067731831,55.540393959399054,54.726972826529334,54.99540328979492,54800.0
2019-09-03,54.287717357206446,54.73510140238392,53.66138589986789,54.003021240234375,93900.0
2019-09-04,54.726990156796,54.82460295777905,53.921704717902145,54.10065841674805,85300.0
2019-09-05,54.93034021170864,56.776810065437395,54.93034021170864,55.94711685180664,114000.0
2019-09-06,55.776287971755785,56.28874106180164,55.638007865762425,55.88203048706055,82600.0
2019-09-09,56.09352410982523,59.103186214488176,55.93897209895743,58.639530181884766,87600.0
2019-09-10,58.67205361727339,59.810844241402236,58.33855423934052,59.794578552246094,111400.0
2019-09-11,60.10368157585694,61.18553307415613,59.05436766463932,60.90083694458008,120800.0
2019-09-12,60.656816368681994,61.405162355293456,59.013708336695004,61.07166290283203,125700.0
2019-09-13,61.68173836496529,62.25113078979926,60.827643521802344,61.885093688964844,114400.0
2019-09-16,61.307552216834544,61.74680036754968,60.884569757963376,61.00658416748047,134400.0
2019-09-17,60.95777088320598,61.04724768844182,59.745769141705786,60.72187805175781,95300.0
2019-09-18,60.55920095621501,61.39702993736992,60.29890644151866,61.112327575683594,132500.0
2019-09-19,61.348227059787604,61.88508804502228,60.19317041423057,60.2257080078125,138900.0
2019-09-20,60.274514408880144,60.746300231322394,59.78646289176239,60.136234283447266,371600.0
2019-09-23,59.98166211801074,60.78695336707813,59.583087570212825,60.27449417114258,112000.0
2019-09-24,60.461597602487814,61.03098994427444,59.54242770028943,59.91660690307617,134800.0
2019-09-25,60.16874459266602,61.25872561306761,59.867776627405966,60.974029541015625,184300.0
2019-09-26,60.92526694629751,61.096084703564905,60.29892896373735,60.713775634765625,107000.0
2019-09-27,61.37653307564453,61.85111022919833,60.959226555293434,61.409263610839844,110500.0
2019-09-30,61.46653088111112,61.77746155280916,60.86920963188746,61.08195495605469,135900.0
2019-10-01,61.36833918522549,62.01475310710176,59.05270568838584,59.57638168334961,158200.0
2019-10-02,59.1918060093454,59.1918060093454,57.84170753572755,58.45539093017578,125300.0
2019-10-03,58.4881296466973,58.50449179271353,57.34258590151452,58.17719268798828,99400.0
2019-10-04,58.40629665044323,59.11817169189453,57.80898159501065,59.11817169189453,69800.0
2019-10-07,58.87269491112167,59.519108877098695,58.627225283260096,59.30636978149414,77500.0
2019-10-08,58.49631662150706,59.15909912755661,57.579886478168866,57.596248626708984,73900.0
2019-10-09,58.21810628298574,58.36539056510739,57.58805442618881,58.07900619506836,79900.0
2019-10-10,58.35721834527934,59.01999462946698,58.32448780445729,58.40631103515625,61300.0
2019-10-11,59.56821216558371,60.44373367886007,59.019983513459835,59.6336669921875,67200.0
2019-10-14,59.2245472992993,59.87914553605423,58.25901833357707,59.486385345458984,68000.0
2019-10-15,59.68276307306626,60.64829194998844,58.70086580823932,60.10006332397461,66400.0
2019-10-16,60.23100308258984,61.04106372503024,59.6745963425056,60.80377197265625,109700.0
2019-10-17,61.27835188578185,62.3584347599679,60.574660866251754,62.08023452758789,143100.0
2019-10-18,62.30115588419869,65.76233398563734,51.00119768147608,65.50049591064453,270200.0
2019-10-21,65.7050297773676,66.78511216788306,65.53319295465668,66.65419006347656,133500.0
2019-10-22,66.31053580018435,68.07794069452649,65.78685981351187,67.93065643310547,133200.0
2019-10-23,67.50518024812486,67.75065612792969,66.9569578582998,67.75065612792969,105300.0
2019-10-24,67.90614329325533,67.90614329325533,66.41693780763417,67.0142593383789,70600.0
2019-10-25,66.81788230805338,67.39883544468827,66.41693780763417,67.0142593383789,119600.0
2019-10-28,66.98969783369924,68.2252428727851,66.80968299549816,67.9061279296875,104400.0
2019-10-29,67.90613210072564,69.16622980282105,67.50519390910372,69.05986022949219,131500.0
2019-10-30,68.773452316941,69.06802083462252,67.7342783121451,68.63434600830078,83100.0
2019-10-31,68.18431997155368,68.18431997155368,66.47418561278927,67.16151428222656,124300.0
2019-11-01,67.75885451679193,68.1025221007184,67.32518574201575,68.06160736083984,110200.0
2019-11-04,68.73255821752974,68.92075725468052,68.28252111306828,68.87165832519531,95800.0
2019-11-05,69.2398587406135,70.06628127325683,68.74890699749734,70.04991912841797,98800.0
2019-11-06,69.89447008980001,70.00902386364838,68.66710287624258,69.07622528076172,118400.0
2019-11-07,70.03357684456752,70.64726050949102,61.79385108656985,69.7471923828125,87800.0
2019-11-08,69.90263710599727,70.15629093679108,69.24803892256114,69.81262969970703,84900.0
2019-11-11,69.76354780803926,70.09902490295778,69.2235032867938,69.5098876953125,67700.0
2019-11-12,69.41986527398903,70.40176248878778,68.66708177920736,69.96809387207031,91100.0
2019-11-13,69.41168794323434,69.88627128915778,68.78982032591091,69.61624908447266,80500.0
2019-11-14,69.57532793714329,69.97626598900369,69.01892143462453,69.7635269165039,97200.0
2019-11-15,70.2872165374157,70.36903975370333,69.05166537052524,69.72262573242188,158400.0
2019-11-18,69.3953244940819,69.3953244940819,68.47889451145731,69.10894012451172,67700.0
2019-11-19,69.14168345791238,69.87810500363969,68.65073784166492,69.59172058105469,79400.0
2019-11-20,69.31351399446086,69.7635511168435,68.57709244997666,69.13349914550781,131300.0
2019-11-21,68.80616930943222,68.93709141128355,67.40697212012061,67.92247009277344,184500.0
2019-11-22,67.84067512424441,68.42980609954344,67.54610651523889,67.98795318603516,103700.0
2019-11-25,68.30705729094375,69.36258725928901,67.6197286276633,68.96983337402344,153600.0
2019-11-26,68.94529957518674,69.70626738933053,66.4005580807226,69.2398681640625,130700.0
2019-11-27,69.48532715396726,69.85354095486328,68.76527418214913,69.29713439941406,86100.0
2019-11-29,69.0025549715187,69.4034929982772,68.46251064580716,68.89617919921875,37600.0
2019-12-02,69.1662221028817,69.20713683414453,67.61974015036154,68.52799224853516,147900.0
2019-12-03,67.88975751060227,67.88975751060227,66.98968967196905,67.6524658203125,106200.0
2019-12-04,68.01248793940016,68.78163355661052,67.73428155152465,68.18431854248047,115100.0
2019-12-05,68.20888331822445,68.50345192962283,67.66883878309007,67.88158416748047,157200.0
2019-12-06,68.69165033737633,69.32170234648817,68.69165033737633,68.86348724365234,142100.0
2019-12-09,68.59345692295749,68.66709595184318,67.18607499449821,68.19251251220703,106800.0
2019-12-10,68.29069679931105,68.49525795899365,68.02885876462578,68.4052505493164,92000.0
2019-12-11,68.65072643801999,68.78164233400705,68.00431242429767,68.4052505493164,66500.0
2019-12-12,68.69163328987351,70.07446869409206,68.14341089321931,69.67353057861328,121300.0
2019-12-13,69.5835336698468,70.0826634623216,68.67528150601309,69.15804290771484,115200.0
2019-12-16,69.40350515984505,70.36084982204223,69.40350515984505,70.04991912841797,110000.0
2019-12-17,70.34448010644094,70.7372339674112,69.89444313792289,70.65541076660156,124400.0
2019-12-18,70.8354333030518,71.27728612701237,70.30357307554125,70.58177947998047,105200.0
2019-12-19,70.57359744047369,70.76997439843595,70.21356781528378,70.41812896728516,131400.0
2019-12-20,70.74544350757432,70.92545835947877,70.23812949245381,70.3445053100586,596100.0
2019-12-23,70.68815215853779,70.68815215853779,69.37896201626245,69.67353057861328,161900.0
2019-12-24,69.68990888754044,69.68990888754044,68.92894096542634,69.07622528076172,106300.0
2019-12-26,69.07620457763923,69.75534906384273,68.87164343668954,69.68988800048828,77100.0
2019-12-27,69.72279059362934,69.90374021789339,68.78514824528763,68.90852355957031,98600.0
2019-12-30,69.28686550763729,69.5829637330009,68.50549902550647,68.8262710571289,100900.0
2019-12-31,68.81804103602295,69.1223659404685,68.45614810317598,68.47259521484375,156600.0
2020-01-02,68.92496851704318,69.00721662479435,67.90507190051794,68.62064361572266,167500.0
2020-01-03,67.90509350213628,68.54663773185983,67.1566273258356,68.35746765136719,169200.0
2020-01-06,67.74058718746619,68.15183407118072,67.1566173656071,67.75703430175781,94100.0
2020-01-07,67.37045756934495,67.37045756934495,66.49861003732384,66.79470825195312,77700.0
2020-01-08,66.77828965805556,67.82285427371315,66.77828965805556,67.55142974853516,195900.0
2020-01-09,68.07781883672735,68.07781883672735,66.96745330237314,67.0414810180664,165000.0
2020-01-10,67.19773827768887,67.35401410151574,66.00512482516753,66.78649139404297,177500.0
2020-01-13,66.7453722561147,67.22242015993548,66.49039491434587,67.0003433227539,112400.0
2020-01-14,66.7865113000047,67.35403417662972,66.41639150445963,66.94278717041016,163400.0
2020-01-15,66.64665347424673,66.86050356109065,65.68433749614104,66.01333618164062,139700.0
2020-01-16,66.18607404786346,67.14016354894252,65.88174909680467,67.0085678100586,128300.0
2020-01-17,67.65011338299635,67.65011338299635,64.31079064532395,65.84062957763672,334200.0
2020-01-21,65.52808822156939,65.79951271756065,64.56577185410639,64.83719635009766,181000.0
2020-01-22,64.7960552565768,64.95233107382751,63.4718398449503,63.66924285888672,105000.0
2020-01-23,63.43071407209492,64.06403143676505,62.9701133499334,63.84196090698242,133600.0
2020-01-24,63.76794951758048,63.76794951758048,61.97491260802902,62.49308776855469,108000.0
2020-01-27,61.27579337665295,61.79396225622742,61.05372279258681,61.2675666809082,107400.0
2020-01-28,62.32858805523596,62.32858805523596,60.80697556310418,60.95502471923828,123100.0
2020-01-29,60.95500765686913,60.97968146346308,59.4909698977586,59.63901901245117,156500.0
2020-01-30,59.21954472537765,60.436838128011516,58.52042635517326,60.354583740234375,109600.0
2020-01-31,59.95156732753673,60.01736833180292,59.17020079604538,59.3840446472168,139800.0
2020-02-03,59.466301429932365,60.37927000664628,59.466301429932365,60.116065979003906,174700.0
2020-02-04,61.19353919285853,61.87621054416385,60.823413222511604,61.374488830566406,102500.0
2020-02-05,62.20520702295092,63.03592756056141,62.073611271274125,62.88787841796875,120600.0
2020-02-06,63.06882981149964,63.27445327772452,61.37449445784831,61.48964309692383,103000.0
2020-02-07,61.01261053534259,62.048954823496565,60.65071113548176,61.259361267089844,103500.0
2020-02-10,60.93856151908776,61.83508300781251,60.89744059491518,61.8350830078125,159800.0
2020-02-11,62.172311781341925,62.78918221519632,62.057163135699554,62.25456619262695,152700.0
2020-02-12,62.81385242930714,62.81385242930714,62.040706265706625,62.60000228881836,101100.0
2020-02-13,62.18052928363384,63.62812011141142,62.04070684533198,63.55409240722656,97300.0
2020-02-14,63.34846508957217,63.702137648754054,62.87964390880821,63.21686935424805,104100.0
2020-02-18,62.93721824413421,63.37314519758401,62.131177892745434,62.58354568481445,120100.0
2020-02-19,62.649351135894975,63.53764594445046,62.56710301105755,63.16752624511719,145300.0
2020-02-20,62.92898274467568,63.98177347590787,62.92898274467568,63.7514762878418,105300.0
2020-02-21,63.57876025691902,63.57876025691902,62.42726791721527,62.698692321777344,111000.0
2020-02-24,60.576668357112304,60.92211423985074,59.56499824323023,59.68837356567383,66800.0
2020-02-25,59.65548377917731,59.91868158594988,58.232572793389295,58.6602668762207,178200.0
2020-02-26,59.04684035949111,59.60613648641782,57.74729843587746,57.895347595214844,119600.0
2020-02-27,56.53822120159178,59.260679905587956,56.2750234405696,58.25723648071289,267000.0
2020-02-28,55.97069566705044,57.68970439191933,54.55600557809176,55.54299545288086,226400.0
2020-03-02,55.493664268212974,58.800086975097656,55.16466545418767,58.800086975097656,203900.0
2020-03-03,58.53687879263941,59.45807405343546,56.842543672462995,57.220890045166016,164700.0
2020-03-04,56.349046531235835,57.31136267789517,54.909682520801596,57.13041305541992,228400.0
2020-03-05,56.01182703245875,56.793199914616046,55.3044818560396,55.715728759765625,267000.0
2020-03-06,53.7581952995965,55.15643225031415,51.71018435594083,53.157772064208984,212800.0
2020-03-09,49.292042999526224,51.364727302719615,47.92670371300568,48.0254020690918,228300.0
2020-03-10,49.78555658558696,51.159123080406005,47.400326070804795,50.805450439453125,195600.0
2020-03-11,49.14401049157412,50.75609778146198,48.46133904900714,48.823238372802734,171700.0
2020-03-12,45.714208910331784,47.91026594639276,42.91772861294124,43.07400131225586,345000.0
2020-03-13,46.04320075111861,47.61416372232496,44.044540644091065,47.597713470458984,306100.0
2020-03-16,43.18913978493912,48.58469920898646,42.753219158456965,45.60727310180664,356600.0
2020-03-17,46.24059944910938,50.36951843455249,45.25360632543661,49.60459899902344,549000.0
2020-03-18,46.65184686723791,51.973379337625786,46.36397216995781,50.172119140625,400300.0
2020-03-19,49.49767147911431,54.49843471772924,48.601153214053085,52.828773498535156,371900.0
2020-03-20,52.24481218709394,55.107090543281956,47.49079851439585,49.612831115722656,528600.0
2020-03-23,49.76086808789653,49.76086808789653,41.49480715700677,43.353641510009766,323000.0
2020-03-24,45.53325601775409,47.67996527872564,45.031534311542075,46.75876998901367,455400.0
2020-03-25,47.05486987262905,49.341404786094365,45.18780855712086,47.63883972167969,399700.0
2020-03-26,48.04186323150872,53.6923948176827,48.04186323150872,53.338722229003906,275400.0
2020-03-27,50.60509900207788,53.9351451740439,48.74126740164775,52.021610260009766,301400.0
2020-03-30,52.52691546070448,54.41560027056266,51.549439093842395,53.58723068237305,281600.0
2020-03-31,52.676028311422364,53.84402943900781,52.07960112798143,53.32215881347656,243300.0
2020-04-01,50.895024497173154,53.37185086555792,50.895024497173154,53.01565170288086,490400.0
2020-04-02,52.34468806587079,56.271162423890104,52.00505656426841,55.9895133972168,359700.0
2020-04-03,55.260533916606185,56.4782382102497,51.75653097283479,52.36124038696289,326600.0
2020-04-06,54.63096883616722,56.28770792226731,54.57298322095204,55.997779846191406,291400.0
2020-04-07,56.78474326591126,58.441482601809945,53.42155811646478,53.83574295043945,234200.0
2020-04-08,55.15286308636827,56.163475258794755,53.43813784428794,55.73271942138672,184800.0
2020-04-09,56.9504144322843,59.78343716798014,56.56107967879016,59.336116790771484,179000.0
2020-04-13,59.153886181269,59.18701540931259,56.54452023564681,57.281768798828125,139400.0
2020-04-14,58.49945094442262,59.286399368518154,57.364582559398684,59.20356369018555,382100.0
2020-04-15,57.57997215685251,58.14326373267401,54.746943346714694,55.00374221801758,231700.0
2020-04-16,55.02030850894434,56.030920454064194,52.28668940163091,53.93514633178711,279100.0
2020-04-17,54.70554314143517,57.53028091390156,54.70554314143517,57.02497482299805,201500.0
2020-04-20,55.62502508137417,57.52199240033226,55.62502508137417,56.48653030395508,161600.0
2020-04-21,54.87948437961009,55.459340554505665,54.341042891516594,55.02859115600586,195100.0
2020-04-22,56.552788850932544,56.91727349113019,55.21083416649283,55.60844802856445,109600.0
2020-04-23,55.683005996610085,56.70189707409593,54.00969585120685,56.088905334472656,150600.0
2020-04-24,56.55279181068079,58.656851427466265,53.85231136957358,55.442779541015625,246200.0
2020-04-27,56.15517927523564,59.708885828545085,56.08890818651238,58.673423767089844,166700.0
2020-04-28,59.41068353696562,60.76920951411095,59.360983370959836,60.288753509521484,177600.0
2020-04-29,61.87092349279849,64.853052598247,61.15023971166555,63.46967697143555,262000.0
2020-04-30,61.92063571728974,61.92063571728974,60.355017473646654,60.37986755371094,272300.0
2020-05-01,59.104182306684024,59.63433845820332,57.29005679318761,58.226112365722656,169600.0
2020-05-04,57.57998083927175,57.90304452353511,56.138612980294326,56.29600524902344,195900.0
2020-05-05,57.38944842428444,57.60482630318621,54.47359003282498,54.788368225097656,129900.0
2020-05-06,54.954045589067896,55.11972332925784,52.965960106485426,54.00970458984375,171800.0
2020-05-07,55.219119625159436,55.591883410800605,52.56833315852113,52.76714324951172,127800.0
2020-05-08,53.636939860008034,55.542192761397516,53.636939860008034,55.25225830078125,111300.0
2020-05-11,54.01798429935186,54.01798429935186,52.054749107058846,52.84998321533203,141700.0
2020-05-12,52.692595309811644,52.692595309811644,50.87018140051228,50.98615264892578,200200.0
2020-05-13,50.9447359065682,51.027571611530135,47.11766882569834,47.705810546875,253100.0
2020-05-14,46.51295709629847,47.72237602650835,45.27040262170434,47.0596809387207,215200.0
2020-05-15,46.75317498430003,47.34131975028064,46.03249438032648,46.620635986328125,189900.0
2020-05-18,48.74127139912932,51.764821951793195,48.567314527217235,51.40862274169922,209000.0
2020-05-19,51.06070139869304,51.42518604336865,49.54478668099889,49.586204528808594,138600.0
2020-05-20,50.78734372374225,53.595513135430004,49.909270768480134,53.49611282348633,210800.0
2020-05-21,53.30559177756797,54.47359615052075,53.30559177756797,53.81089782714844,153000.0
2020-05-22,54.109102115065284,54.35761552348897,52.35295944474816,52.833412170410156,85500.0
2020-05-26,55.05345178672566,57.62139669922901,54.49844558149923,56.97526931762695,155400.0
2020-05-27,58.86394921587386,62.12772787601411,58.582306549749724,61.498165130615234,226800.0
2020-05-28,62.06974611189876,62.11944627490531,58.8308173301654,59.37754440307617,154400.0
2020-05-29,58.33378544134944,58.747970239404964,56.78473834139522,57.546836853027344,159300.0
2020-06-01,57.98587717245471,58.98820371946919,57.372885383363005,57.604827880859375,162100.0
2020-06-02,58.30895228391368,58.70657258620446,56.527955871499294,57.09953308105469,93900.0
2020-06-03,58.39178844141118,60.42957749602573,58.28410263704761,59.10418701171875,173300.0
2020-06-04,58.234376642969046,61.41531239461768,58.19295564122004,60.52067184448242,217600.0
2020-06-05,62.12771101851673,65.13468995662821,61.3904626866936,63.90870666503906,261500.0
2020-06-08,62.82356077788401,65.25896994169662,62.666174818017645,63.188045501708984,194900.0
2020-06-09,62.12772311765379,63.444827814167816,61.44846026436579,62.25197982788086,213700.0
2020-06-10,62.210565212966195,62.210565212966195,59.14559975207188,59.220149993896484,136700.0
2020-06-11,56.32913404765886,56.32913404765886,52.651174079786635,53.02394104003906,159400.0
2020-06-12,55.641591463238804,55.641591463238804,52.66774726147157,54.49015808105469,209600.0
2020-06-15,52.402649596605116,56.01434403523285,51.86421135440787,55.2688102722168,158200.0
2020-06-16,57.96930472907613,58.34206850398985,56.3622657564224,56.67704391479492,187500.0
2020-06-17,56.859289923967154,57.5137026788563,55.053443908691406,55.053443908691406,159900.0
2020-06-18,54.075965888338686,56.70189597497263,54.075965888338686,55.21083450317383,163300.0
2020-06-19,54.9457538711769,56.55278650361458,53.93514200709121,56.09718704223633,583000.0
2020-06-22,55.53389549438323,56.652193124985644,54.84634724980584,56.09718704223633,135300.0
2020-06-23,57.124362825441,57.497132911103854,55.27710228700796,55.30195236206055,125700.0
2020-06-24,52.33639222493656,53.65349687156695,51.723397323001166,51.9056396484375,196400.0
2020-06-25,51.483169083820584,53.42983627319336,51.35891238663548,53.42983627319336,172000.0
2020-06-26,52.2784940346001,53.1712162305642,50.72665823745027,51.327369689941406,257800.0
2020-06-29,52.3869414664449,54.18073032528744,51.84463231860577,53.80528259277344,157600.0
2020-06-30,53.88037582973603,56.24984107752173,53.805283735496424,55.97451400756836,132300.0
2020-07-01,56.166399816593525,56.166399816593525,53.42983232296517,53.56332015991211,150500.0
2020-07-02,55.34877234115238,55.77427722041025,53.354751715939,53.51327133178711,131300.0
2020-07-06,54.8982525679752,55.482273958235375,52.61221461653581,53.171207427978516,109500.0
2020-07-07,52.56215580491184,52.97931577161749,51.61103159005143,52.03653335571289,150200.0
2020-07-08,52.06990239956112,52.637240159675585,50.54309870886903,51.58599853515625,123600.0
2020-07-09,51.38574862557998,51.38574862557998,49.73379606016268,50.70160675048828,157800.0
2020-07-10,50.79338166426032,52.470362776266725,50.79338166426032,52.361900329589844,107500.0
2020-07-13,53.20458098818706,54.07227127486413,52.02819004359775,53.171207427978516,133200.0
2020-07-14,52.979315839767665,53.38813400804339,51.76120949926296,52.45369338989258,119200.0
2020-07-15,54.0055203107757,55.94948049393655,53.84699752109067,55.290367126464844,153600.0
2020-07-16,54.93161603063372,55.74925228680143,54.16404329405527,55.02339172363281,74900.0
2020-07-17,54.8314972548267,55.20693861170314,53.655103303332204,53.97214889526367,108200.0
2020-07-20,53.58001692937199,54.19741178011654,52.89587496899163,52.90421676635742,81100.0
2020-07-21,53.613391663399746,56.44173525154033,53.613391663399746,56.191436767578125,112600.0
2020-07-22,56.03291439249373,56.03291439249373,54.59788348273491,55.24030685424805,89900.0
2020-07-23,54.91493415946342,56.70037819058937,54.91493415946342,56.383338928222656,113600.0
2020-07-24,56.73374293901045,57.81001617919598,55.51563686916247,55.699188232421875,96300.0
2020-07-27,55.54068178587333,55.54068178587333,53.68014539715966,54.68967819213867,68700.0
2020-07-28,54.28919267775987,55.25700676435149,54.14735983018,54.16404342651367,73400.0
2020-07-29,54.29753057648826,55.76592874582843,54.05557708639875,55.62409591674805,72200.0
2020-07-30,54.53114548249821,54.79812757781433,53.56333140863024,54.731380462646484,51600.0
2020-07-31,54.347587538920074,54.55616747462835,52.353563862777314,53.83030700683594,135400.0
2020-08-03,54.32256130425654,54.50611267404038,53.29634835830369,53.479896545410156,82100.0
2020-08-04,53.5299619182567,53.58001906980591,52.14498798208221,52.995994567871094,133700.0
2020-08-05,53.705162573088906,55.28202633187596,53.112793154100345,54.956642150878906,133800.0
2020-08-06,54.956647948231854,55.23196864671985,53.888713248964144,54.631263732910156,59400.0
2020-08-07,54.289183025453326,57.175928444936986,54.14735020309052,57.16758346557617,83300.0
2020-08-10,57.309427195274864,59.32013453650094,57.309427195274864,58.18545913696289,91100.0
2020-08-11,59.30346320982909,60.21286889437852,57.87677686792525,58.444114685058594,137900.0
2020-08-12,59.79569023500596,59.79569023500596,57.23432905929416,57.9852180480957,67200.0
2020-08-13,57.451272192129586,57.60145003755014,56.61695224320567,56.85890579223633,66000.0
2020-08-14,56.224810201331806,57.82670267222618,52.97930672385476,57.3594856262207,93400.0
2020-08-17,57.075816599891944,57.075816599891944,56.3499561328968,56.683685302734375,68500.0
2020-08-18,56.83387179198262,56.91730250584701,55.40718557922842,55.882747650146484,81100.0
2020-08-19,56.09965568537224,56.68368330332616,54.83983750257091,55.32373809814453,108700.0
2020-08-20,54.46439635582892,55.31540612940094,53.746880807662315,53.78025436401367,68900.0
2020-08-21,53.29635232961671,53.97215254653216,52.754043159942604,53.087772369384766,81100.0
2020-08-24,53.68848629024826,54.81481692409986,52.49540853422692,54.71470260620117,103700.0
2020-08-25,55.34043129677232,55.34043129677232,54.61457081288666,54.72303009033203,68700.0
2020-08-26,55.0734566113768,55.0734566113768,53.37144330623256,53.4715576171875,54200.0
2020-08-27,53.321371385244205,55.06509966872766,53.112791462256595,54.222434997558594,101600.0
2020-08-28,54.914921835739776,54.914921835739776,53.21290890136671,53.36308670043945,65800.0
2020-08-31,53.39646158748464,53.596696536138516,52.39527729618388,52.43699264526367,123300.0
2020-09-01,52.03652566656645,52.89587723521952,51.63605253962605,52.3452262878418,90500.0
2020-09-02,52.01149930573121,53.02937053589286,51.84463470006376,52.595523834228516,70400.0
2020-09-03,52.729017805851704,54.45605654483316,51.76120685853213,52.06990432739258,146400.0
2020-09-04,53.212910084424905,53.57166781433288,51.24391505963055,52.278472900390625,197900.0
2020-09-08,51.83628939250767,52.43699747649205,49.24989613646295,49.70877456665039,159100.0
2020-09-09,50.18433285950834,50.27610535604301,48.607465901797376,48.74930191040039,158600.0
2020-09-10,48.849419419769305,49.30829463346389,47.48113557558451,47.58125305175781,150300.0
2020-09-11,47.556227537388175,47.57291431493661,46.212972180173914,46.87208557128906,257200.0
2020-09-14,47.55622863769531,48.56575483265292,47.072321625626564,47.55622863769531,154100.0
2020-09-15,47.60628836330289,47.88161223901143,46.730250037658394,47.264217376708984,217600.0
2020-09-16,47.372680099403674,47.38936687833727,45.57889433019025,45.804161071777344,241600.0
2020-09-17,45.0866378597024,46.304743871580754,44.84468438013451,45.33693313598633,173100.0
2020-09-18,45.737400555692304,45.96266723127974,44.61107036043184,45.220123291015625,518800.0
2020-09-21,44.193919644061296,44.6027345528427,43.08427281201418,43.801788330078125,228400.0
2020-09-22,43.818472733048345,44.39415220271253,42.825633397131995,43.08427047729492,161600.0
2020-09-23,42.984156889775974,44.05208522555159,41.932912149404046,41.966285705566406,166300.0
2020-09-24,42.06640394946131,42.88404017678645,41.549126550332744,42.12480926513672,129300.0
2020-09-25,41.97324647563037,42.436344055578424,41.69539113960203,42.200584411621094,172700.0
2020-09-28,42.68052166940538,43.51409415382612,42.31846529063018,42.385826110839844,131800.0
2020-09-29,42.25953057172741,43.14362376320547,41.46806012363597,42.630008697509766,127700.0
2020-09-30,42.75629771380236,44.42343934310787,42.75629771380236,44.103485107421875,259100.0
2020-10-01,43.884573899077374,44.58342803257211,43.354121834794555,43.90983581542969,138500.0
2020-10-02,43.0341588693598,45.08019717765025,42.941539349010256,44.532901763916016,157000.0
2020-10-05,45.038098543128,45.9558688318517,44.12874675087743,45.72853088378906,111500.0
2020-10-06,46.4947316685769,47.83349713060759,45.72009848461415,46.61260986328125,183100.0
2020-10-07,46.89047880623537,47.74931003314403,46.20004642592581,46.59578323364258,138700.0
2020-10-08,47.092546824056356,47.5135422340966,46.57051341494969,46.91572952270508,68300.0
2020-10-09,47.52196307453894,47.63984449319803,46.28423869205073,46.343177795410156,109200.0
2020-10-12,46.30950110712237,46.63787705560785,45.94744475060236,46.301082611083984,76500.0
2020-10-13,45.27386144413367,46.06533191504668,44.54133009275988,44.802345275878906,82100.0
2020-10-14,44.70972080144738,45.29069664691046,43.3793766920665,43.42989730834961,124400.0
2020-10-15,42.78996960788274,44.238194724005744,42.78996960788274,44.095054626464844,114400.0
2020-10-16,43.92667109029353,44.99600009835768,43.573036394619564,44.57500457763672,235600.0
2020-10-19,44.861278338212436,44.861278338212436,43.177296380028,43.219398498535156,111000.0
2020-10-20,43.69090281068574,44.48237623123623,42.77313269523936,43.733001708984375,111600.0
2020-10-21,43.85929982104973,44.38975491133782,43.60670322965442,44.06979751586914,237300.0
2020-10-22,43.716160897586285,46.94098721093895,43.716160897586285,46.74732971191406,408900.0
2020-10-23,47.36199354428767,49.70272748629987,46.95783825147598,48.93651580810547,243700.0
2020-10-26,49.35749850711579,50.01425349807625,48.83546512409792,49.67745590209961,204200.0
2020-10-27,49.59325947440732,50.115292871797074,46.74732966706829,48.97860336303711,160400.0
2020-10-28,47.92612230089894,48.305018862633204,46.688397815154346,47.02519226074219,154800.0
2020-10-29,46.6883975865259,47.96822418214973,45.492768798901594,47.58090591430664,140300.0
2020-10-30,47.49670656265709,48.4481571794438,47.370406642822076,48.2376594543457,120400.0
2020-11-02,48.84389634391737,50.38474141082775,48.24608350665366,50.29212188720703,161900.0
2020-11-03,51.37828033859101,52.52338837030371,50.84782522144232,52.093971252441406,185100.0
2020-11-04,51.092010391711334,51.61404387410082,48.95335263761751,49.096492767333984,159700.0
2020-11-05,49.10489958757462,50.056350020942425,48.64180532402137,49.812171936035156,63600.0
2020-11-06,50.38473715536044,50.654173994805646,49.079651862058896,49.248050689697266,82400.0
2020-11-09,53.69376891009367,59.11619004168604,52.607599699572646,57.221710205078125,232000.0
2020-11-10,58.147884245157776,60.35390251645859,56.927000120007285,59.93290710449219,181600.0
2020-11-11,59.93292181198952,59.93292181198952,56.076601350307676,56.9691162109375,115100.0
2020-11-12,56.0345003904254,57.33116080268638,54.48523369928734,55.72296142578125,106000.0
2020-11-13,55.697699209458456,58.139474099398306,53.89583920093777,57.76057434082031,97400.0
2020-11-16,59.87396910265829,60.59808173844079,59.01513484911146,60.14340591430664,136800.0
2020-11-17,59.24248761250952,60.000280801616974,57.903718574439424,59.62980270385742,111700.0
2020-11-18,60.050795148014636,60.53072973936047,58.19841760131736,58.20683288574219,98700.0
2020-11-19,58.12263727543415,58.60257188495514,56.51443781766017,58.42575454711914,94300.0
2020-11-20,57.59218857822478,58.71203820621792,56.969117005608304,58.45943832397461,196200.0
2020-11-23,58.80463790893555,59.444552753931085,57.18801701788613,58.80463790893555,162000.0
2020-11-24,60.092883979776694,61.75160041199766,59.45296919150008,61.49058532714844,176100.0
2020-11-25,61.204312050395416,61.85264212657035,59.47822837630026,59.865543365478516,133700.0
2020-11-27,59.70557200807367,61.5411058250107,57.996325250895175,59.76451110839844,58100.0
2020-11-30,59.02356363557421,59.21722437836834,56.78387107459249,56.952266693115234,110800.0
2020-12-01,58.063690035507456,58.67834620146753,56.92700363773422,57.58375549316406,129000.0
2020-12-02,57.474296549405295,59.36877593981135,57.474296549405295,59.351932525634766,107300.0
2020-12-03,59.604534833056626,59.87397165619606,58.3752289259904,59.259315490722656,80500.0
2020-12-04,59.65505573352285,61.01908334420954,58.98146684805411,60.85068130493164,71100.0
2020-12-07,60.40440642233561,61.052742809367416,59.570837491459194,60.79172134399414,70700.0
2020-12-08,60.13497966423763,61.743185129433364,59.68030387445266,61.49058532714844,70800.0
2020-12-09,62.23995949330365,62.61043750748716,61.347451285185315,61.962100982666016,111800.0
2020-12-10,61.28009426106415,62.197867646341656,59.36877781983636,62.155765533447266,83800.0
2020-12-11,61.23799804987412,62.947238467171275,61.23799804987412,62.78725814819336,88700.0
2020-12-14,63.149304791617276,64.15969109873136,62.416770543437906,63.24192428588867,120500.0
2020-12-15,64.05866834823385,65.11115695901367,62.40836697739679,64.6817398071289,118800.0
2020-12-16,65.21218481662318,65.21218481662318,63.85657911624742,64.12602233886719,140400.0
2020-12-17,62.46731849017264,63.696624660867855,61.97896213604,62.73675537109375,138300.0
2020-12-18,63.090372931445316,63.662926950827504,62.07998650847921,62.677799224853516,611400.0
2020-12-21,63.26720161680701,63.26720161680701,60.673867861040215,61.5242805480957,89900.0
2020-12-22,61.709502438909816,62.26521298989521,59.882384064968164,60.278114318847656,104600.0
2020-12-23,60.99383133117248,62.49257431371094,60.99383133117248,62.475730895996094,101900.0
2020-12-24,62.924770055285585,62.924770055285585,56.62975077635937,62.67060089111328,59800.0
2020-12-28,63.01795324331121,63.52630438573225,61.933482872192464,63.06031799316406,133900.0
2020-12-29,63.12811456630955,63.51784579798894,60.83208547257264,61.16250991821289,93000.0
2020-12-30,60.6371987986197,62.306269025847016,60.21357717603218,61.85723114013672,101900.0
2020-12-31,61.848765587169325,62.424891333388786,60.13733683560928,61.88265609741211,80100.0
2021-01-04,62.14531657868761,62.43338276307071,60.43388735601983,61.509883880615234,110700.0
2021-01-05,61.51834965620677,63.66187462833537,61.26417402639228,62.77226638793945,147000.0
2021-01-06,64.4243792137908,69.31297005176518,63.88214403653049,66.771240234375,461600.0
2021-01-07,68.08448630947515,68.70297042769461,67.33044013227597,68.30477142333984,168100.0
2021-01-08,68.12684687552527,68.83005400534562,64.4836975641239,65.29705047607422,152400.0
2021-01-11,64.50911114256046,66.68652639444844,64.50911114256046,66.3561019897461,83000.0
2021-01-12,66.822090466901,68.33018271134186,66.44082705178513,67.59307861328125,73900.0
2021-01-13,67.14403721219092,67.18640196636063,65.77150062291199,66.46623992919922,71400.0
2021-01-14,66.92375533017845,68.2030946927066,66.87292279390391,67.7032241821289,87900.0
2021-01-15,66.9830588479647,67.81336019574852,66.1358154768993,67.45751953125,84000.0
2021-01-19,68.20309651997042,68.20309651997042,66.4323608434544,67.17793273925781,174600.0
2021-01-20,67.17791518626545,67.94890314943477,66.94915589876545,67.77945709228516,120400.0
2021-01-21,67.7370906762033,68.2030770178066,66.31372185379531,66.66109466552734,137900.0
2021-01-22,65.27162196530098,66.53401262128901,63.84825302036471,66.15275573730469,268700.0
2021-01-25,65.67831003650294,66.69500606473086,64.00077160905651,66.45777893066406,140400.0
2021-01-26,67.05085230574014,67.60156189187026,66.14430198910935,66.60181427001953,100300.0
2021-01-27,65.0513474114576,66.71194370472752,64.06007418185509,64.83106231689453,121800.0
2021-01-28,65.86470794985101,66.51708906535671,63.90757753124375,64.78871154785156,154000.0
2021-01-29,64.54300468722445,64.83953859461779,63.051854442105196,63.61103820800781,137000.0
2021-02-01,63.82286111677332,65.5597065960147,62.74685813882611,64.97511291503906,96900.0
2021-02-02,66.06804708839053,67.10167866787602,65.16149685526689,66.33916473388672,87000.0
2021-02-03,65.9324947354963,66.05110831885747,63.69577221503495,64.58538055419922,152600.0
2021-02-04,64.83953657576865,67.00847761826115,64.83953657576865,65.86470031738281,116700.0
2021-02-05,66.64416394324361,67.09320187729845,64.41590983160394,65.11064910888672,108500.0
2021-02-08,65.7714952866557,67.35584259033203,65.16148553819998,67.35584259033203,94700.0
2021-02-09,67.05084160307055,69.47395822410063,66.78819821971304,69.34687042236328,141600.0
2021-02-10,69.47395799038031,69.97382848785705,68.51657528656074,68.61824035644531,103200.0
2021-02-11,68.7453365475675,69.55868952567769,67.0593238053585,68.58435821533203,138400.0
2021-02-12,68.16072288785571,68.2878106793539,65.98330780189262,66.63568878173828,155600.0
2021-02-16,67.39822239513,68.91478255800108,66.64417620413202,68.54199981689453,134700.0
2021-02-17,67.96587311343367,69.1604830609739,67.61003240258805,68.92325592041016,129500.0
2021-02-18,68.56740640391921,70.11786332714522,68.56740640391921,69.91452026367188,141600.0
2021-02-19,69.93993139649287,71.13454099251642,69.77895311392652,70.69397735595703,325800.0
2021-02-22,70.75331303008038,72.47321645970753,70.34663326837699,72.03264617919922,157200.0
2021-02-23,72.18513880255168,74.40491895160474,70.62621396916808,72.3545913696289,149700.0
2021-02-24,72.8714000660207,75.20131920570576,71.40566627218833,74.59977722167969,165500.0
2021-02-25,75.04036096093635,75.4809247627725,73.11712094667935,73.16795349121094,95600.0
2021-02-26,72.71890970926931,73.79490608871721,71.3040146437744,72.44779205322266,157400.0
2021-03-01,73.76945889153119,74.84545481988123,73.37972782835118,74.43878173828125,72200.0
2021-03-02,74.43033920374558,74.87090943776857,72.91377258300781,72.91377258300781,72800.0
2021-03-03,73.42211597838953,76.25190582520469,73.28655393200229,74.25241088867188,168100.0
2021-03-04,73.91352952463451,77.24319711635127,73.159483241112,74.30326080322266,159000.0
2021-03-05,75.76895113623216,77.09064831152436,74.23544318469688,77.03134155273438,167800.0
2021-03-08,78.20904753506821,80.59827401122959,77.6159796545851,79.82728576660156,137300.0
2021-03-09,79.06474945788916,81.29299714966409,76.89580854227697,79.86116027832031,174300.0
2021-03-10,79.95435211642578,81.53022516303541,79.95435211642578,81.09812927246094,170000.0
2021-03-11,80.93717020684079,82.4113720812155,78.3530814202365,82.38595581054688,144300.0
2021-03-12,82.97902707797903,84.59725873579725,82.39442701832951,83.5551528930664,188200.0
2021-03-15,83.70765296828021,83.70765296828021,80.6067389303526,81.27606201171875,113300.0
2021-03-16,80.62369637108476,81.27607103657733,78.73434047956641,79.4036636352539,181600.0
2021-03-17,79.8103207578254,80.27630718458391,78.07347577362881,78.59876251220703,147200.0
2021-03-18,78.92919622131967,81.44550362502797,77.85319351111632,78.22598266601562,137100.0
2021-03-19,75.68423773118941,79.06473633947995,75.51478521030161,76.73481750488281,713700.0
2021-03-22,76.54843864652688,77.09067389655127,73.63392579363432,74.74381256103516,149900.0
2021-03-23,73.4305917379938,74.02366605945589,71.43109658417671,71.68527221679688,179600.0
2021-03-24,72.79514290334944,74.84547014134385,71.86317656462049,71.91400909423828,133800.0
2021-03-25,71.41413681250818,73.75253007408979,71.3294137773396,72.93917083740234,135300.0
2021-03-26,73.91045278755581,74.81356402109319,72.43650084017882,74.15753173828125,128100.0
2021-03-29,73.53556670579644,75.248075689095,71.84862299106864,72.23201751708984,109100.0
2021-03-30,72.7432353749945,74.08938726989552,72.29167965713215,72.30020141601562,150000.0
2021-03-31,72.63246614031488,74.12345518131842,71.38855606327265,71.72935485839844,238400.0
2021-04-01,71.40557630998038,72.77728642560471,71.26073896862746,72.09569549560547,118500.0
2021-04-05,73.1095860092478,73.46742834594222,71.43115718066086,72.11275482177734,121600.0
2021-04-06,72.01050865255282,72.50466658597112,71.23519772271055,71.40559387207031,71100.0
2021-04-07,71.59302243358955,71.7974990811496,70.22131219332485,70.49394989013672,96700.0
2021-04-08,70.42581160055198,70.84328674826148,69.26709949653645,70.28096771240234,96000.0
2021-04-09,70.62175492612847,71.20111088288354,70.16167756339392,71.13294982910156,65400.0
2021-04-12,71.43114563013353,72.00198632484641,71.14999266131794,71.32038879394531,90200.0
2021-04-13,71.03071657425484,71.03071657425484,69.0881654927163,69.19892883300781,78900.0
2021-04-14,68.90074376421961,71.01368483453199,68.90074376421961,70.02537536621094,112100.0
2021-04-15,70.40877016150937,70.90292814695944,68.49178402848139,69.82089233398438,110900.0
2021-04-16,70.59619979810779,71.38855421366264,69.73568432525448,70.3065185546875,65500.0
2021-04-19,70.08500844432933,70.99664150656768,69.02001624544357,69.6504898071289,118000.0
2021-04-20,69.25005137788912,69.27561015051194,66.5321892189241,66.59183502197266,173500.0
2021-04-21,66.04655439215783,68.21914111237611,65.70576208327363,67.79314422607422,157600.0
2021-04-22,68.25321595329572,68.78996964521822,67.36714172363281,67.36714172363281,109200.0
2021-04-23,64.59815358580009,71.36298475496457,62.987886224404775,69.37783813476562,983900.0
2021-04-26,70.91994568985768,71.43114055159117,69.4460003968562,70.77510833740234,295900.0
2021-04-27,70.69842911799971,71.53337917435655,69.71863521496478,71.51634216308594,317900.0
2021-04-28,71.7804721261096,72.2405495227278,71.02219822247856,71.72083282470703,297500.0
2021-04-29,71.99346690619232,72.71766024367103,70.55359548800575,70.80067443847656,229700.0
2021-04-30,70.42580686840925,70.61324003423779,69.70160697691324,69.77828979492188,342200.0
2021-05-03,70.8432763134751,70.99663543701172,69.68456438013082,70.99663543701172,374600.0
2021-05-04,70.50247038646992,71.98493743013074,70.22983269453006,70.73250579833984,270900.0
2021-05-05,70.86882693242379,71.47374160007307,69.13075923232668,69.34375762939453,184900.0
2021-05-06,69.59935703160117,69.61639404296875,68.09984652364462,69.61639404296875,205900.0
2021-05-07,68.5684443528147,69.06259567590932,67.81868586225251,68.15096282958984,228500.0
2021-05-10,68.50028577909863,69.01148063188839,67.54605062041459,67.77609252929688,239400.0
2021-05-11,66.60034237188027,67.85277408326805,66.0806257229344,66.58330535888672,187300.0
2021-05-12,66.86446436074569,67.20525661981777,64.83671531821003,64.99859619140625,150700.0
2021-05-13,64.82817705431157,67.39267910205623,64.5044218905534,67.1030044555664,280900.0
2021-05-14,67.39268900002197,68.55140075654936,66.94965521085325,68.32136535644531,148100.0
2021-05-17,67.13709428661672,68.55140019838915,67.13709428661672,68.3043212890625,112600.0
2021-05-18,68.44917398235525,68.51733504163309,66.60034912576913,66.62590789794922,165400.0
2021-05-19,65.79947275726843,66.66850342424597,64.80263524195844,66.58330535888672,231100.0
2021-05-20,66.36178449356177,67.0604190225016,65.46718856617247,66.80482482910156,141200.0
2021-05-21,67.631270911086,68.04023082786918,67.17971520101538,67.82723236083984,126800.0
2021-05-24,67.7505369846572,67.91241786968101,67.16266574466894,67.17970275878906,142600.0
2021-05-25,67.10303587044541,67.91242740886165,65.30532836914062,65.30532836914062,148400.0
2021-05-26,65.62907505182461,67.14562282970188,65.1945564356273,67.12858581542969,164700.0
2021-05-27,67.70793962025525,69.22448734922853,67.39269961471743,69.15632629394531,249500.0
2021-05-28,69.26708066446113,69.85495181461656,68.17652342173373,69.53119659423828,199300.0
2021-06-01,69.68456261937907,70.52803452742012,67.67385705056918,69.78680419921875,206600.0
2021-06-02,69.79530026141353,69.87198305025382,68.75586723624843,68.90071105957031,187300.0
2021-06-03,68.89220180960284,69.5141534866021,68.21060434146058,69.30115509033203,173500.0
2021-06-04,68.96037159424205,69.44600773926364,68.2872957967216,69.26708984375,114400.0
2021-06-07,69.47158735825909,70.02538472496354,68.8325918967227,69.69310760498047,246600.0
2021-06-08,69.43746946815337,69.86346621335676,69.03703148763105,69.47154998779297,201200.0
2021-06-09,69.19040746556031,69.2926490494367,68.61957324769158,69.03704833984375,216900.0
2021-06-10,69.48007683014714,69.69307521834477,68.30432156717141,68.3128433227539,217700.0
2021-06-11,68.73885070382443,68.83257052910558,67.45233842057962,67.74201965332031,141800.0
2021-06-14,67.9720645828228,67.9720645828228,66.64295632982422,67.20526885986328,195600.0
2021-06-15,67.47790311687068,68.86665710425184,67.0945085253757,68.10838317871094,161100.0
2021-06-16,68.13393572582638,69.79532080409365,67.32453782856608,69.44600677490234,197200.0
2021-06-17,69.69308942338344,69.84644855415162,66.72814839526406,66.97522735595703,264600.0
2021-06-18,65.62054315625493,66.81333547710516,64.25735471822405,64.29143524169922,708400.0
2021-06-21,65.10936290894449,66.9837531193449,65.09232589348301,66.15731811523438,262900.0
2021-06-22,66.0380388540517,66.6088731192242,64.92192259654819,66.27659606933594,200900.0
2021-06-23,66.54924138795118,66.79632038909509,66.03804636843155,66.37884521484375,371400.0
2021-06-24,66.58328794256381,67.1541219813719,66.23396751570887,67.1030044555664,229200.0
2021-06-25,67.0687366342721,68.0031076849903,66.92301113922348,67.26589965820312,629300.0
2021-06-28,66.92301632277666,67.52306637242732,64.52280304406398,64.68567657470703,164400.0
2021-06-29,65.31145422389099,65.5771897627917,64.33422603690481,64.54853057861328,124900.0
2021-06-30,64.16276246693683,65.09713343643145,64.15418845619266,64.71995544433594,124000.0
2021-07-01,65.25143710394005,65.40573660693626,64.58280156425357,65.04570007324219,125000.0
2021-07-02,64.94285065746331,65.2857392348844,63.90561745230484,64.03419494628906,131400.0
2021-07-06,63.81131566960423,63.81131566960423,61.445391948653075,61.78828048706055,139200.0
2021-07-07,61.3939607430126,62.36261481108809,61.02535671001841,61.6168327331543,221600.0
2021-07-08,60.391005521963,60.94819853032433,59.5937925198594,60.090980529785156,174600.0
2021-07-09,61.37681065216082,61.95971918377581,60.79390212054583,61.95114517211914,256000.0
2021-07-12,61.32537215769596,62.3368895875957,60.84533220454145,62.06258010864258,183400.0
2021-07-13,61.83971046503464,61.83971046503464,60.36529435209176,60.90534591674805,153900.0
2021-07-14,60.96534961591608,61.53968413552123,60.60531306715862,61.162506103515625,159800.0
2021-07-15,60.853893522986496,62.17400980075625,60.553868582596365,62.165435791015625,119000.0
2021-07-16,62.59406429791156,62.59406429791156,60.91391756609192,61.025360107421875,159800.0
2021-07-19,59.67094646571314,60.47673349152809,58.81372845188598,59.396636962890625,237700.0
2021-07-20,59.31090190105369,62.06257026474338,59.07944943174127,60.09954071044922,244500.0
2021-07-21,60.63101433741043,61.65109901271327,60.33098289285717,60.416709899902344,114100.0
2021-07-22,60.296702116039285,60.63102310373787,58.4108254093199,58.890865325927734,167300.0
2021-07-23,59.77381638265642,60.91391139732455,58.685145817151266,59.29376983642578,116700.0
2021-07-26,59.345200101623874,60.511010468201235,59.345200101623874,59.936676025390625,118300.0
2021-07-27,59.61950717230266,59.77380665489877,58.70228428688509,59.10517120361328,105200.0
2021-07-28,59.56807677963016,60.60530977118172,58.93373729307265,60.55387878417969,161900.0
2021-07-29,60.965350766314955,61.39395979620736,60.11670017828856,60.528167724609375,149100.0
2021-07-30,60.30529317927649,61.40253132183322,60.30529317927649,60.58817672729492,189700.0
2021-08-02,60.69959584551565,61.873986692739784,60.288134926524855,60.836753845214844,189100.0
2021-08-03,61.2567957854215,61.84827828172969,60.193847326305246,61.702552795410156,147000.0
2021-08-04,60.98248452409739,61.17107351976672,60.33957106070863,60.733890533447266,130100.0
2021-08-05,61.008203356720024,61.53968086997513,60.88819336018731,61.3425178527832,101600.0
2021-08-06,62.31116328774781,63.39982700412052,61.88255439247383,63.17694854736328,198000.0
2021-08-09,62.83406200919222,63.47697530448388,62.19971618233351,62.52546310424805,148000.0
2021-08-10,62.919796701246355,65.11427248590442,62.57690822488011,64.93425750732422,290700.0
2021-08-11,65.08855816176677,65.86005561241085,64.35992422395717,65.2942886352539,213300.0
2021-08-12,65.26000232734563,65.71433334944686,64.70281587354701,65.32000732421875,184700.0
2021-08-13,65.12285066094535,66.15150961577329,64.99426665657832,65.26000213623047,241700.0
2021-08-16,64.78852808339965,65.75718192057319,63.99131520393801,65.71432495117188,284400.0
2021-08-17,65.14856395553544,65.71433093963834,64.27420452744013,65.01140594482422,192700.0
2021-08-18,64.96855778372357,65.49146132539133,64.30849621274075,64.48851776123047,146300.0
2021-08-19,63.84561455504486,64.89998928094906,63.74274601639689,64.8656997680664,253400.0
2021-08-20,64.82282149528935,66.52868332567616,64.74566848162515,66.50296783447266,143900.0
2021-08-23,66.8629983617238,67.54877531991683,66.51153587213508,67.20588684082031,218900.0
2021-08-24,67.37732439533914,67.67734934682174,66.34009154018304,66.59725952148438,150100.0
2021-08-25,66.5201123201795,67.29160979140386,66.34009733356949,66.46868133544922,130800.0
2021-08-26,66.52013491538749,67.24020164647001,65.6372011639859,65.65434265136719,156900.0
2021-08-27,65.98865654213317,67.05160522460938,65.98865654213317,67.05160522460938,174500.0
2021-08-30,66.9829993062835,66.9829993062835,64.99425424405133,65.16569519042969,131600.0
2021-08-31,65.46574210531737,66.11722308733431,65.09713809757291,65.74861907958984,100700.0
2021-09-01,66.79441801378289,66.79441801378289,64.83996222433235,65.2171401977539,128400.0
2021-09-02,65.35430119658075,65.69718971879837,64.73710316459997,64.82283020019531,113900.0
2021-09-03,65.08855859858305,65.12284810107,64.11133066789354,64.36849212646484,81800.0
2021-09-07,64.36851488006143,65.00286109022394,63.62273919252145,63.72560119628906,100900.0
2021-09-08,63.399842506988314,63.96560952631964,62.87693900368669,63.236968994140625,108500.0
2021-09-09,63.10838763987093,63.734153079021546,62.35403166054996,62.55976867675781,107600.0
2021-09-10,62.654059221657256,63.11695771716121,60.691035796354626,60.776756286621094,109900.0
2021-09-13,61.231082916259766,61.676833405294396,60.36529089211153,61.231082916259766,126300.0
2021-09-14,61.265380736527746,61.265380736527746,59.23377141603002,59.51665496826172,98400.0
2021-09-15,59.5252232480659,60.44244629631561,59.08804021308941,60.22814178466797,149400.0
2021-09-16,60.37385218908458,60.65673564334972,59.550923854902116,60.28813171386719,115500.0
2021-09-17,61.09392446553778,61.4110974824657,59.98811899204031,61.316802978515625,492600.0
2021-09-20,59.808081901099946,60.40813827382162,59.190890590377265,60.20240783691406,199100.0
2021-09-21,60.37385575555514,60.759601186847114,59.73951635341038,60.1166877746582,159700.0
2021-09-22,61.436809815186336,61.72826732332338,60.57959185251298,61.08535385131836,100100.0
2021-09-23,61.50538103644707,63.819866626675356,61.50538103644707,63.32268524169922,187200.0
2021-09-24,62.968932991496075,64.75497938886747,62.968932991496075,63.77998352050781,180300.0
2021-09-27,63.94391958783977,66.94654494386631,63.94391958783977,66.02332305908203,196900.0
2021-09-28,66.40297369786629,67.39522320389376,64.72909203696479,65.00519561767578,121600.0
2021-09-29,65.1346158206087,66.9379223423327,64.87577243557064,66.7049560546875,146100.0
2021-09-30,66.94654909438023,67.43836537374679,65.56603122539855,65.70408630371094,143400.0
2021-10-01,66.18726389777679,68.99144340807632,65.70408430404561,68.37020874023438,267300.0
2021-10-04,68.39611567294642,69.39699555202503,67.49878371748142,68.41337585449219,134500.0
2021-10-05,68.8102574143631,68.8102574143631,66.86890218950646,66.92066955566406,187100.0
2021-10-06,66.71359616924676,67.4901396067296,65.60055167265953,67.42111206054688,126700.0
2021-10-07,68.06822966063865,69.47463133702684,67.5764199200636,69.39698028564453,207700.0
2021-10-08,69.42286162107871,70.39785098037356,68.9396819857225,70.13900756835938,119200.0
2021-10-11,70.59629977068347,71.01045842386618,69.85427017990128,70.50138854980469,134100.0
2021-10-12,70.28570337173124,70.83791068531436,69.81115370874943,69.95783233642578,147700.0
2021-10-13,69.85426447619597,70.03545681503488,67.81799831187112,68.7757339477539,101600.0
2021-10-14,69.02596220272234,69.3365795592609,68.44787134915344,69.19852447509766,148200.0
2021-10-15,70.7170865382641,70.7170865382641,69.26754129311374,69.38833618164062,175600.0
2021-10-18,69.17264670240536,70.12175244721548,69.17264670240536,69.89742279052734,134400.0
2021-10-19,70.18213526693039,70.83788367029288,68.98280984798131,70.79474639892578,236800.0
2021-10-20,70.59629546133769,72.90003513768993,70.3460755836429,72.71021270751953,289400.0
2021-10-21,72.57219063748269,73.21067911270693,71.64033832261676,71.96821594238281,248900.0
2021-10-22,72.03721687876435,73.33145365062846,71.1398785936658,73.19340515136719,301000.0
2021-10-25,70.68256988448921,72.83100727727776,69.76797817077635,72.19251251220703,291200.0
2021-10-26,72.20116697949038,72.20116697949038,71.05360861504487,71.2434310913086,208800.0
2021-10-27,70.70845325696065,71.04495422877419,69.69895034152005,70.0527114868164,205000.0
2021-10-28,70.1907761442039,72.86553094476639,70.1907761442039,72.65845489501953,220000.0
2021-10-29,72.736106255297,73.38322461492481,71.97681650032355,72.9086685180664,134400.0
2021-11-01,74.05623590372818,75.66971366887896,73.18478122741136,75.47126770019531,205400.0
2021-11-02,75.96306983003676,76.26505708870997,74.8931692923823,75.6006851196289,195300.0
2021-11-03,74.72060457169445,78.78450740454603,74.72060457169445,78.40486907958984,253600.0
2021-11-04,78.29268959783548,78.29268959783548,76.04071723231698,77.16239166259766,205400.0
2021-11-05,77.90442155614558,79.04334958402076,75.9371828337092,78.14601135253906,194800.0
2021-11-08,78.43938015328867,80.69134609085063,78.28407147661247,79.10375213623047,362200.0
2021-11-09,78.52567802697132,79.60420890522343,77.6542232341512,79.1382827758789,382900.0
2021-11-10,79.17278283121982,79.77675738522447,76.27369180633966,76.38585662841797,478600.0
2021-11-11,76.43762236937864,78.3962377495334,75.99758659631802,77.55066680908203,622000.0
2021-11-12,77.49890063807473,78.35309509740294,74.9017969054017,75.74736785888672,4261700.0
2021-11-15,76.10973873243425,77.22278298665043,74.95355720836906,75.52301788330078,363000.0
2021-11-16,75.41086836575217,76.29094652640316,73.84915142536633,75.65245819091797,354900.0
2021-11-17,75.12613959961377,75.12613959961377,73.9699577655012,74.55667877197266,278900.0
2021-11-18,74.4876501376814,74.85003489388804,73.41774288198178,73.9613265991211,314400.0
2021-11-19,73.16752941727589,73.46951671361627,71.9854573340814,73.10713195800781,174200.0
2021-11-22,74.89316757711019,76.24780174884367,73.52990331737554,74.23741912841797,296800.0
2021-11-23,73.84053522066084,75.35910186695214,73.84053522066084,74.53942108154297,247700.0
2021-11-24,74.22880140905305,74.93631733798782,73.49540179463023,74.08212280273438,126200.0
2021-11-26,71.51952529937307,72.96907078391531,69.23303896122572,70.48413848876953,181700.0
2021-11-29,71.54540497220023,71.75248758897732,69.11224017911127,69.25891876220703,274300.0
2021-11-30,68.29255477733471,69.17263279725155,67.57640892237782,68.21489715576172,286800.0
2021-12-01,69.80250635094106,70.70846816497794,67.94743228006249,68.08548736572266,248600.0
2021-12-02,68.64633096425561,70.81202280251604,68.57730999126802,70.406494140625,229700.0
2021-12-03,70.67396607270607,70.67396607270607,68.32708210987923,68.91380310058594,166200.0
2021-12-06,69.91469532138277,72.12352479230576,69.20717922005079,71.37287139892578,234400.0
2021-12-07,71.63168576911184,72.67570918769734,70.72572401055986,71.14850616455078,178900.0
2021-12-08,71.13126312957043,71.85603264399202,70.59630950023826,71.4332504272461,1396100.0
2021-12-09,70.70847599469045,71.04497707471266,69.99233655272214,70.00959014892578,185800.0
2021-12-10,70.37198482673406,71.11401464176888,69.37974162594074,70.59632110595703,124000.0
2021-12-13,70.09585184053276,70.62217524686199,68.85338919099934,69.8628921508789,204100.0
2021-12-14,69.96643228638195,71.55403271550634,69.94917869363012,70.7343521118164,175300.0
2021-12-15,71.04496410226895,71.5540339655218,69.28480796639259,69.65582275390625,608900.0
2021-12-16,70.51864931506195,71.19165137213022,68.92241872303818,69.12950134277344,270700.0
2021-12-17,68.58591246720093,69.18989352115331,66.67907125656201,67.91291046142578,864500.0
2021-12-20,66.88616724526965,67.19678466109906,65.97157517801082,66.6877212524414,344900.0
2021-12-21,67.55916988411775,68.99145531975192,67.55053979478873,68.64632415771484,326100.0
2021-12-22,68.3960908298776,69.1726341466159,68.05958982309566,69.06909942626953,162600.0
2021-12-23,69.477077564016,70.50135257389242,69.05174499032891,69.29479217529297,157100.0
2021-12-27,69.4423597857163,72.02040845236735,68.77397998669616,70.57080078125,135800.0
2021-12-28,70.22357285792486,71.46485504239112,69.9805257095043,70.5186996459961,111500.0
2021-12-29,70.51870986236145,71.3780637763245,69.84164795866138,71.15237426757812,136300.0
2021-12-30,71.4996060520066,71.933620885489,69.62465879254302,71.00482940673828,171600.0
2021-12-31,70.84856524123019,71.36938158046006,70.37982854916159,70.77043914794922,126300.0
2022-01-03,71.22183169563756,72.74088350345704,71.22183169563756,72.32422637939453,211100.0
2022-01-04,73.24433596662654,74.58978450855153,72.36763083044401,73.4179458618164,381900.0
2022-01-05,73.49606379376846,74.12972830836785,72.1332576024094,72.39366912841797,153300.0
2022-01-06,73.10544584509931,75.18871797802782,72.12456826770931,74.91962432861328,152600.0
2022-01-07,75.21474446470097,75.62271931860475,74.546358156911,75.20606231689453,128300.0
2022-01-10,75.53591961146692,76.72512233871795,74.97170576859384,76.62095642089844,221900.0
2022-01-11,76.61226720413437,76.61226720413437,74.66787682086508,75.09321594238281,123200.0
2022-01-12,75.09322851013734,75.49252125677678,74.12103315579412,74.45088195800781,199600.0
2022-01-13,74.75468879955655,75.99597101492351,74.00818304080224,74.90225219726562,133600.0
2022-01-14,74.18179606588576,75.57932401138689,73.60890007211502,75.50988006591797,120900.0
2022-01-18,76.01333719653053,76.09146328923481,73.6088985806068,73.7477798461914,169100.0
2022-01-19,74.12971790319766,74.56373263726492,71.9943662062914,72.14192962646484,147300.0
2022-01-20,72.51517988867349,73.1748841144402,68.95626052506456,69.32083129882812,157300.0
2022-01-21,65.16297310779973,73.45265733013768,65.16297310779973,72.46310424804688,341400.0
2022-01-24,71.94228056345405,72.95788008317486,70.86592586787384,72.48914337158203,262700.0
2022-01-25,72.00303589377287,74.10367206944056,70.96140326549668,73.16619873046875,160400.0
2022-01-26,73.1662032245815,74.8241360323864,71.54298576698456,72.9491958618164,186500.0
2022-01-27,73.23564039209037,74.4682405091091,71.21313036889441,71.81207275390625,184200.0
2022-01-28,71.7165864151204,73.70437439732204,70.04128952494845,71.93359375,152000.0
2022-01-31,71.01349635395854,73.63494934004063,69.90241957411183,73.21829223632812,311200.0
2022-02-01,72.72351215857293,73.48738237494052,71.5950777555912,73.0533676147461,173700.0
2022-02-02,72.90578204699733,73.03598777185259,71.43881697307356,72.28079986572266,178500.0
2022-02-03,72.15928656274711,73.2009258873621,71.42146284689849,71.7860336303711,103300.0
2022-02-04,72.15928004333307,73.98214704108292,71.8381134108549,73.5915298461914,129500.0
2022-02-07,73.57418411880171,74.164444458501,72.90579767842326,73.73910522460938,117800.0
2022-02-08,74.19915226345998,75.95256864863148,74.14706599877479,75.9178466796875,192800.0
2022-02-09,75.76162512497501,76.36924984012636,73.89536009404104,74.39013671875,142000.0
2022-02-10,74.2165230205011,75.32759973242975,73.61758054007035,74.19916534423828,212600.0
2022-02-11,74.02553826421006,75.59666919115297,72.99258126934893,73.9126968383789,211500.0
2022-02-14,74.55504950539493,75.34495948980263,73.33113141518086,73.66098022460938,190200.0
2022-02-15,74.65054268190494,75.85710324893718,74.48561494513909,75.75293731689453,187500.0
2022-02-16,75.10190082202759,75.77896931739238,74.4942828906552,74.60712432861328,156600.0
2022-02-17,74.0168623884817,74.24255188180533,72.7929444052476,73.5915298461914,176800.0
2022-02-18,73.05336357562973,74.58977282785258,72.5412227431959,73.9821548461914,130200.0
2022-02-22,73.45263977895416,74.06025762363306,72.85369745881509,73.28771209716797,160500.0
2022-02-23,73.13147919745694,73.86930288562378,72.3936555092901,72.65406036376953,182700.0
2022-02-24,70.4926625665393,71.72526265146782,69.06909496541711,71.5343017578125,219500.0
2022-02-25,71.98569395248106,75.11928129299405,70.67496742111392,74.58978271484375,179800.0
2022-02-28,73.287722169974,75.180026518176,73.287722169974,74.65921020507812,204700.0
2022-03-01,74.11235444205766,74.44220988209851,70.32774538845375,70.9874496459961,249000.0
2022-03-02,71.66450430850084,74.4161625075199,71.62978233820137,73.94742584228516,151600.0
2022-03-03,74.16444708232677,74.16444708232677,73.09676781887,73.99951934814453,150400.0
2022-03-04,72.7495444896088,73.66966018975371,71.42146051984507,72.30685424804688,142900.0
2022-03-07,71.99436140886156,72.39365414289139,70.57079370578518,70.9093246459961,202000.0
2022-03-08,71.35201492018582,72.80162906938062,70.06733510079762,70.53607177734375,239600.0
2022-03-09,71.17840875799422,72.8189837471254,71.17840875799422,72.13323974609375,177100.0
2022-03-10,71.11764865772365,72.87106512319757,70.79647539718663,72.77558135986328,110900.0
2022-03-11,72.91446565124974,74.09498610112067,72.38496721612212,73.35716247558594,149800.0
2022-03-14,74.20782432697102,74.81544882133723,72.67141535246962,73.14015197753906,182800.0
2022-03-15,73.69570556213505,73.95611043750756,71.70791722085592,72.75823211669922,169700.0
2022-03-16,73.49606725853386,74.75471419685701,72.61936209955832,74.39013671875,207900.0
2022-03-17,73.69568831587942,73.69568831587942,72.29816062404919,73.23563385009766,124300.0
2022-03-18,73.12279971731614,75.27551568794796,71.12633593662856,75.1019058227539,668500.0
2022-03-21,75.00641369067733,75.6747933261662,72.53252493056164,73.26167297363281,239900.0
2022-03-22,73.99083509048367,75.42308513576721,72.84503637876479,74.07763671875,153500.0
2022-03-23,73.64361620906203,73.64361620906203,71.3173036138529,71.41278076171875,107600.0
2022-03-24,71.7339730467043,72.46312142997384,70.83990352567433,72.36763763427734,104900.0
2022-03-25,72.7693637062385,74.46370772648278,72.21914167748407,74.43750762939453,111600.0
2022-03-28,73.87854169069776,73.88727727729771,72.70822629171374,73.84361267089844,136500.0
2022-03-29,74.6907791161449,75.38947946198886,73.37199204173241,74.1143569946289,228000.0
2022-03-30,74.27155809525968,74.52483678309345,71.8697850171426,72.6994857788086,249500.0
2022-03-31,72.44621588128996,73.17111635201539,71.17109336469494,71.34577178955078,225300.0
2022-04-01,71.89598265396394,72.533547144756,70.49858878894658,71.14488220214844,241000.0
2022-04-04,71.3719788727999,71.3719788727999,69.74750601080274,70.36759948730469,205500.0
2022-04-05,70.3501231831228,70.55973061503096,69.44181542712064,69.57282257080078,204300.0
2022-04-06,69.79989739335208,70.20164776413354,68.34136756965194,68.44617462158203,253300.0
2022-04-07,68.76059670924204,69.1099402609961,67.79988195201497,68.43744659423828,284100.0
2022-04-08,69.08372624536533,69.10992634013927,67.04003889340056,67.38938903808594,323900.0
2022-04-11,67.17104907492502,68.74311480230934,67.17104907492502,67.91341400146484,209400.0
2022-04-12,68.07062516554761,68.68198298423184,67.27585333795764,68.05315399169922,219800.0
2022-04-13,67.92214684280228,69.31081197856463,67.59026783597943,69.05753326416016,188100.0
2022-04-14,69.52915270738303,69.66888877704662,68.13175869424595,68.50730895996094,147500.0
2022-04-18,68.14049452059294,69.41562376651476,68.12303000885333,68.54225158691406,207500.0
2022-04-19,68.86538904201981,70.04444004931939,68.57717464861537,69.76496124267578,202000.0
2022-04-20,70.55099624420303,71.28463226347269,69.38940976728456,70.48112487792969,121400.0
2022-04-21,71.06629961594716,71.13616432911947,69.73003452827086,70.0706558227539,258400.0
2022-04-22,69.43308674283433,69.43308674283433,68.29770026914063,68.59465026855469,192100.0
2022-04-25,68.56844988082022,69.2933437066942,67.28459174448206,68.93526458740234,241400.0
2022-04-26,68.12303535871688,68.5247857932875,66.89157729038615,66.9614486694336,226300.0
2022-04-27,67.09245262541378,68.07936081980291,66.45488798292446,67.42433166503906,236900.0
2022-04-28,68.00949789245901,68.68199157714844,67.38066882125256,68.68199157714844,138500.0
2022-04-29,68.51603309316408,68.79551187625242,67.09243908294845,67.38938903808594,224600.0
2022-05-02,67.55533455287095,68.07062758692065,66.52475514807226,67.61647033691406,206700.0
2022-05-03,67.63393978850178,68.64704799302307,67.26711843028667,68.01821899414062,168800.0
2022-05-04,68.24529039795831,69.93963428099725,67.90467583679272,69.68635559082031,147900.0
2022-05-05,68.91779398082346,68.97892975984678,67.26711462059352,67.88721466064453,171100.0
2022-05-06,67.86975387656769,67.97456094092219,66.78677419810924,67.74748229980469,195700.0
2022-05-09,67.17978713923681,68.26277345053755,66.86537261831737,67.49420166015625,194000.0
2022-05-10,67.82606183959845,68.61209118288566,66.16665397309497,66.93521881103516,251700.0
2022-05-11,67.17978589484702,68.4287083677815,66.48982107912647,66.56842803955078,185600.0
2022-05-12,66.41121741555668,67.47673247789034,65.81732410195926,67.38066101074219,207800.0
2022-05-13,67.79986687047483,68.50730273100594,66.69068734745146,67.08370208740234,164300.0
2022-05-16,67.62521223059055,67.62521223059055,66.18414671427153,66.67323303222656,154300.0
2022-05-17,67.79987258718907,69.46801646859798,67.53786495956321,69.19727325439453,150400.0
2022-05-18,68.2540392350001,69.51169068065873,68.2540392350001,69.07500457763672,313000.0
2022-05-19,68.47237801230655,69.86977212208816,68.40250664099229,68.62958526611328,288300.0
2022-05-20,68.79552066163836,69.66016387939453,67.85228381282353,69.66016387939453,246400.0
2022-05-23,70.50732804276907,71.56410741639506,69.96583497671035,71.0051498413086,181900.0
2022-05-24,71.0051700834938,71.16237736275984,69.24968990890672,70.13179779052734,177000.0
2022-05-25,70.11429848183076,71.50296333540169,69.71254818785339,70.68199157714844,157300.0
2022-05-26,71.1885699562704,72.2890141317532,71.1885699562704,72.07067108154297,144500.0
2022-05-27,72.28900949123054,73.0313811449304,72.1318022386389,72.97024536132812,97000.0
2022-05-31,72.32395017056592,73.35452963909448,71.8348638679765,72.75190734863281,179900.0
2022-06-01,72.74314975018166,72.74314975018166,71.43309183895728,72.00951385498047,117600.0
2022-06-02,72.23659673632545,73.17984008789062,71.69510370191591,73.17984008789062,98000.0
2022-06-03,72.82176490669511,73.16237950014988,72.51608599760755,73.06631469726562,119800.0
2022-06-06,73.27592903017849,73.95715828114285,72.76937155417382,73.09252166748047,115000.0
2022-06-07,72.56847823884408,73.49425711485675,72.30647062975727,73.38945007324219,91500.0
2022-06-08,72.97022832051763,72.97022832051763,71.56409896273954,72.00951385498047,139400.0
2022-06-09,71.81739313954986,71.9134579435569,69.82609908714755,70.03571319580078,128300.0
2022-06-10,68.93526170215921,70.28899115355848,68.93526170215921,70.0619125366211,230500.0
2022-06-13,68.64704778356594,69.44181961675638,68.19289720981465,68.36756896972656,249500.0
2022-06-14,68.12302333270902,69.67762459391716,67.94835157922732,69.16233825683594,209600.0
2022-06-15,69.68635695918597,70.70820066274771,67.4243198753536,69.61648559570312,176900.0
2022-06-16,68.72563774326426,69.14485252869684,67.4941801515459,67.79113006591797,267200.0
2022-06-17,68.87413169764432,69.78243957828488,68.17543127767435,68.81299591064453,559800.0
2022-06-21,69.93963597987707,70.62086511875575,69.41561407791654,70.2802505493164,189200.0
2022-06-22,69.57283378939394,70.33266335132078,68.8915978650682,70.05318450927734,193800.0
2022-06-23,69.80864376948006,70.30646568231344,68.02696359110227,68.97020721435547,179000.0
2022-06-24,69.1548072079009,70.20087802686358,69.1548072079009,69.51522064208984,510600.0
2022-06-27,70.07780174971082,70.72829626549594,69.63827715941571,70.40304565429688,179200.0
2022-06-28,70.76344795081975,71.44910513119835,70.27996829459794,70.39424896240234,173000.0
2022-06-29,70.57006866810767,70.57006866810767,69.47125716865006,69.89320373535156,177000.0
2022-06-30,68.78559768568951,70.35909650782982,68.68890174027324,69.8228759765625,252600.0
2022-07-01,69.39215314224754,71.82711672616496,69.39215314224754,71.66009521484375,201500.0
2022-07-05,70.60523431103154,71.79194943736385,69.92836935076045,71.61614227294922,289700.0
2022-07-06,71.09750551050794,71.87107319262594,70.26241135180037,70.86895751953125,215800.0
2022-07-07,71.35241154943438,71.67766212038539,70.42941404799855,70.4821548461914,127500.0
2022-07-08,70.83379567062215,70.94806966760787,70.06902034940192,70.6404037475586,131700.0
2022-07-11,70.08659493273512,70.71950471655018,69.96352187594023,70.27119445800781,139400.0
2022-07-12,70.0162575729491,70.86893621718941,69.99867283639728,70.27996826171875,169500.0
2022-07-13,69.99867913757433,70.10416744654526,69.022934076084,69.15479278564453,126700.0
2022-07-14,68.17026719955844,68.24937840728968,66.98354543068537,67.97687530517578,119700.0
2022-07-15,69.1284175473703,70.34150283588644,68.84712211641241,69.65584564208984,190600.0
2022-07-18,70.15692868397146,70.74589686402265,69.5503891738922,69.8580551147461,227300.0
2022-07-19,70.64039351014186,71.49307229828712,70.13054336988405,71.22935485839844,257500.0
2022-07-20,70.82499638791414,72.69736883859055,70.35030899761307,72.42486572265625,208500.0
2022-07-21,71.87984888106563,72.30179544062582,71.42274625593735,71.75678253173828,163800.0
2022-07-22,71.52823916689496,72.3105924549909,70.63160518521669,72.046875,217500.0
2022-07-25,72.62703598271241,73.875284042298,72.56550281658107,73.53245544433594,276000.0
2022-07-26,73.23358836083189,74.52579178709148,73.15447715021843,73.47972106933594,173700.0
2022-07-27,73.04898754695007,73.92803675138177,72.96987633772557,73.4094009399414,311500.0
2022-07-28,73.52367880474968,74.14780296806111,73.02262100002845,73.96320343017578,158400.0
2022-07-29,73.82254336985595,74.63126689941444,73.51487083206528,73.66431427001953,239700.0
2022-08-01,73.1105226866174,75.01805790188007,72.846811942173,74.1741714477539,175500.0
2022-08-02,74.12142720970584,74.70160289253596,72.96987492038392,72.9786605834961,111200.0
2022-08-03,73.11930581954763,74.07746613789344,72.62704046014886,73.69068908691406,137400.0
2022-08-04,73.62037529606826,73.69948651004772,73.08415471260662,73.43577575683594,152100.0
2022-08-05,73.43577222038014,74.24449588853224,73.2248022866477,74.13900756835938,160400.0
2022-08-08,74.58731130642525,74.73674803685151,73.78738015026364,74.07746124267578,96000.0
2022-08-09,74.26207231963177,74.71917490934412,73.94561410113377,74.5169906616211,210400.0
2022-08-10,75.19386533630879,75.82678179939128,75.19386533630879,75.41362762451172,143500.0
2022-08-11,76.03775355123229,76.33662705121897,75.7740361163863,76.02896118164062,150800.0
2022-08-12,76.43331012297854,76.67944948379613,75.61579426058837,76.24871063232422,366900.0
2022-08-15,75.72130157005574,77.15414942771729,75.72130157005574,76.91680908203125,178000.0
2022-08-16,76.94317886596559,77.78706533115327,76.94317886596559,77.4266586303711,140200.0
2022-08-17,76.73219652966928,76.87284089783836,75.65975555760399,76.04653930664062,140300.0
2022-08-18,76.01137221637694,76.53000793526907,75.28175989730752,76.0377426147461,124600.0
2022-08-19,75.8267827099205,75.85315311176346,74.84224523256842,75.29935455322266,272100.0
2022-08-22,74.71039543238653,74.71039543238653,73.06657759295503,73.32150268554688,162400.0
2022-08-23,73.40940813249762,73.67311889569723,71.7392131391113,71.77437591552734,189800.0
2022-08-24,71.68646095872191,71.68646095872191,70.61401992126393,71.25572204589844,177800.0
2022-08-25,71.3524242297644,71.7743708101296,70.50853777564734,70.93927001953125,265400.0
2022-08-26,71.37879384601356,71.51944494012128,69.85804245400051,70.22724151611328,204400.0
2022-08-29,69.81408175213001,70.1744951221264,69.04052091596526,69.09326171875,145000.0
2022-08-30,68.99655303818632,69.60309898468506,68.40759182711128,69.42729187011719,210500.0
2022-08-31,69.27784868776841,69.33938184874354,68.66251707801716,68.76800537109375,185800.0
2022-09-01,68.66252420725952,68.75922014263347,67.78347512685073,68.2405776977539,241200.0
2022-09-02,68.38123345856269,69.58553319567966,67.0978225179583,67.590087890625,175800.0
2022-09-06,67.56372200136076,67.63404754689883,66.08691907812724,66.6758804321289,236500.0
2022-09-07,66.3945775965179,67.932913524914,66.07811938329029,66.93959045410156,257200.0
2022-09-08,66.41216407924028,67.98565611123861,66.14844665908394,67.53734588623047,221700.0
2022-09-09,67.81864302604075,69.0756835743979,67.54613322999951,68.9614028930664,168300.0
2022-09-12,69.08447396914875,69.79650838742079,68.776808087976,69.38335418701172,173200.0
2022-09-13,68.33728024421293,68.47793132985908,66.89564014940434,67.37911987304688,162200.0
2022-09-14,67.51098641868708,67.85381509644257,67.12420259491631,67.528564453125,164100.0
2022-09-15,67.4933959613499,68.7592289453086,67.38791435042876,68.27574920654297,153200.0
2022-09-16,68.16147089797353,69.87561403273497,67.64282841962732,69.32181549072266,625000.0
2022-09-19,68.97018030307481,70.41182005480623,68.57461095540401,70.03382873535156,202200.0
2022-09-20,69.6558570854545,70.37667716486679,69.57674587622529,70.19207763671875,156500.0
2022-09-21,70.42942194139668,71.01838327593215,69.56795080356143,69.6910171508789,163000.0
2022-09-22,69.90198521200408,69.90198521200408,68.49550791825794,68.9614028930664,134900.0
2022-09-23,68.32434632918736,68.8375326196574,67.8200099404143,68.7048110961914,167600.0
2022-09-26,68.2270263173183,69.17376340408335,68.04121886109316,68.47476959228516,167300.0
2022-09-27,68.65171200757479,69.12066224663909,66.83787385838798,67.16525268554688,150100.0
2022-09-28,67.30682200381919,68.28895180275155,66.82017867984479,67.62535095214844,191600.0
2022-09-29,67.05908985535683,67.34222599508087,66.38663899207546,67.06793975830078,159900.0
2022-09-30,67.14756700769072,67.8819536728045,65.84690807683805,65.9442367553711,189800.0
2022-10-03,66.6786256273644,67.29798382898478,65.72303861586599,66.93521881103516,158800.0
2022-10-04,67.68728325969468,69.66923580748657,67.0944681506113,69.61614990234375,177600.0
2022-10-05,68.6517293251469,69.50998766245596,67.93504243545502,69.46575164794922,99000.0
2022-10-06,69.20915018276922,69.68694363557312,68.81983549889256,69.5542221069336,103600.0
2022-10-07,69.31532233910448,69.31532233910448,67.97042749364039,68.08544921875,139600.0
2022-10-10,68.39514042056055,69.18261300563226,68.26241888083543,68.58094787597656,130500.0
2022-10-11,68.15625285578504,69.69580544894276,68.12970989304944,68.9437255859375,199700.0
2022-10-12,68.94370250961332,69.72233182523632,68.34203747049413,69.01448822021484,107700.0
2022-10-13,68.34204718043628,71.98743078838314,68.34204718043628,71.33267974853516,219600.0
2022-10-14,71.96088625132163,72.93416626227364,71.18225684216185,71.50078582763672,170100.0
2022-10-17,72.38559038887306,73.04919134733504,71.17341695840126,72.26171875,200100.0
2022-10-18,72.77490253880015,73.41196051648387,71.96088701198106,72.78375244140625,188500.0
2022-10-19,72.40326364641285,73.21727890352953,71.86353452472785,72.92529296875,185300.0
2022-10-20,72.81030575875289,72.95187046810456,70.27092338930065,71.04955291748047,257500.0
2022-10-21,72.93416846255025,74.97805722225922,72.54485374622551,73.8189697265625,322800.0
2022-10-24,74.19058585289751,74.95151549245529,73.96053563034567,74.92497253417969,203100.0
2022-10-25,75.01343018975206,76.42911048664187,74.96034428814873,75.92477416992188,211400.0
2022-10-26,76.25216899202879,76.96885581614465,74.85418145196537,75.91594696044922,148700.0
2022-10-27,76.04866899533361,77.27854226165549,75.80092571154191,75.89825439453125,156800.0
2022-10-28,76.8007347004273,77.15464972399438,75.89823383904064,76.844970703125,221800.0
2022-10-31,76.65917052420419,77.28737852595911,76.18137709670813,76.9865493774414,242800.0
2022-11-01,77.25199342431885,77.60591526730342,76.7388138400138,76.95116424560547,198100.0
2022-11-02,76.69457902719076,77.23430837482032,75.3142911220389,75.55318450927734,190900.0
2022-11-03,75.26118615100873,75.61510797282777,74.13749162351789,75.12847137451172,90500.0
2022-11-04,75.72128479396163,76.87152225016014,75.54432051189463,76.65032196044922,111700.0
2022-11-07,76.73879768779689,77.46433427547811,76.50874752570394,77.14580535888672,150500.0
2022-11-08,77.48204422757586,78.28721659528777,76.49106440973756,76.81844329833984,159900.0
2022-11-09,76.58838886934367,77.14581793953013,75.83630920771628,76.2964096069336,126100.0
2022-11-10,77.59707223627049,79.11893157052043,77.59707223627049,78.36685180664062,212900.0
2022-11-11,78.33145380871406,79.15431924361117,76.50876538860776,76.63263702392578,108200.0
2022-11-14,76.7476627230766,77.88020730480132,75.97788991388774,76.0132827758789,202900.0
2022-11-15,76.83613290435494,76.99539739024341,75.27888765399815,76.09290313720703,181500.0
2022-11-16,76.04866262361581,76.49106323631979,75.46469732510532,75.75668334960938,141900.0
2022-11-17,75.34966934144336,75.54431992445777,74.85417610600584,75.42044830322266,126700.0
2022-11-18,76.46452341472637,76.68572373014771,75.73898665016432,76.42913055419922,153500.0
2022-11-21,76.69456673296688,77.94213288944519,76.69456673296688,77.74748229980469,156400.0
2022-11-22,78.26065884573629,78.64112360942211,77.70323655263722,78.20757293701172,152500.0
2022-11-23,78.10139698286312,78.4641687059472,77.75632506361093,77.80941772460938,74500.0
2022-11-25,78.18988536947724,78.86232942881877,77.48204170117323,78.66767883300781,62800.0
2022-11-28,78.26951805174818,78.5791971402834,77.46435242155663,78.00408172607422,184100.0
2022-11-29,77.82712345003387,78.37570269969098,77.73864466795972,78.2518310546875,175800.0
2022-11-30,78.29604842813023,80.39302949153652,77.11041817953965,80.09219360351562,258300.0
2022-12-01,79.71175032813579,80.55231566037475,77.36703215259733,80.39305114746094,166100.0
2022-12-02,79.72943946315718,81.09203416891772,79.72943946315718,80.9681625366211,147600.0
2022-12-05,80.40189009497408,80.59654069490111,77.19890721638998,78.3049087524414,198300.0
2022-12-06,78.14565437889691,78.92427713090773,77.34933181973895,77.81827545166016,232200.0
2022-12-07,77.89791612010517,78.72078169269602,76.63264984720738,77.08390045166016,138500.0
2022-12-08,77.17235354243265,77.67668990281338,76.56183861915716,77.47318267822266,142900.0
2022-12-09,77.56167983262579,78.8446389286731,77.52628697301442,78.22528076171875,179100.0
2022-12-12,77.83596972482681,79.25165042351196,77.39356908458157,78.76500701904297,177400.0
2022-12-13,78.17218253752516,79.90639203215981,74.95150679741832,75.15501403808594,284600.0
2022-12-14,75.77437019660903,75.95132772699554,74.0401607469322,74.10209655761719,329000.0
2022-12-15,73.35887500052245,73.7747259183003,71.96088740306311,72.64218139648438,229000.0
2022-12-16,72.08475156186755,72.76604548462754,71.70428679317124,72.60678100585938,628000.0
2022-12-19,72.88992765084764,73.66855710434564,72.88992765084764,73.50929260253906,163600.0
2022-12-20,73.7127822686832,74.46486865293056,73.59776054839104,73.96052551269531,217900.0
2022-12-21,74.68607106817072,75.8097655999241,73.95168446644749,74.94265747070312,174200.0
2022-12-22,74.50912423373164,74.70378161959027,73.44736526604675,74.68608856201172,124900.0
2022-12-23,74.5791940600751,75.87057423134631,74.49904294329146,75.52323913574219,58600.0
2022-12-27,75.71027890163033,76.57416622205021,75.10466766219584,75.93292999267578,122800.0
2022-12-28,76.0665262764397,76.4940125901726,75.25607299804688,75.25607299804688,91700.0
2022-12-29,75.40744620333747,76.29805028783117,75.23823604772723,75.86165618896484,85800.0
2022-12-30,75.58557833618256,75.98634749467976,74.65044123999498,75.19371032714844,202700.0
2023-01-03,75.74590044592851,75.80824247679445,72.96721250996445,73.4837646484375,259000.0
2023-01-04,73.59953174483442,74.36545191290833,71.34630416924738,71.8005142211914,269200.0
2023-01-05,71.62238461604043,71.77378569186047,70.9009974237928,71.21270751953125,217700.0
2023-01-06,71.89847929849759,73.09188565243919,71.89847929849759,72.6465835571289,138900.0
2023-01-09,72.70894246230174,72.70894246230174,70.46462237048726,70.69617462158203,244000.0
2023-01-10,70.92771850393243,71.60457960380768,70.40226528327737,71.52442169189453,267600.0
2023-01-11,71.73817368818135,72.08550879547994,71.34630565132301,71.5066146850586,124800.0
2023-01-12,71.96972967111915,73.07408387022691,71.66692747749929,72.85143280029297,171300.0
2023-01-13,72.44174156709705,73.1364185430386,71.56895326580015,72.76235961914062,129500.0
2023-01-17,72.91377544544144,73.2343935324427,71.39974408020858,72.3705062866211,109200.0
2023-01-18,72.15674724261758,72.2814380782613,70.74959781065387,70.91880798339844,218600.0
2023-01-19,70.38445371777144,71.7381760006809,70.0905526806537,70.57147979736328,266000.0
2023-01-20,72.55752923785221,72.55752923785221,66.80422660590119,68.49637603759766,555800.0
2023-01-23,68.28263394760666,69.70759954998478,67.70373976061094,68.33607482910156,312200.0
2023-01-24,68.43402513120289,68.84370905256698,67.8551378229378,68.5141830444336,230300.0
2023-01-25,68.46963756819761,69.57399149292077,67.96199352666687,68.08667755126953,225800.0
2023-01-26,68.78137761277999,69.62744903564453,68.05108231042965,69.62744903564453,325900.0
2023-01-27,69.6719662977794,70.32210352830678,68.94167115971945,69.07525634765625,210300.0
2023-01-30,68.95057686243183,69.98368101583722,67.7037295994419,68.71902465820312,240900.0
2023-01-31,68.9060503901925,71.17708705596137,68.53199145679204,70.97225189208984,335700.0
2023-02-01,70.4646125042626,72.22800515918972,70.35773754541769,71.5155258178711,242500.0
2023-02-02,71.54222544716885,72.7979736328125,70.56256234455094,72.7979736328125,194600.0
2023-02-03,72.68221068444332,74.06264993854009,72.1033165845069,73.68859100341797,251400.0
2023-02-06,73.57281384546869,73.99139890856577,72.45955859032574,72.67330169677734,160400.0
2023-02-07,72.26362270613319,73.51937786289176,71.96082054606897,73.40359497070312,196300.0
2023-02-08,72.94047743016696,73.61733845131214,71.62238036738638,72.1656494140625,183200.0
2023-02-09,72.58423914638647,72.74454816721226,71.56895094608001,71.76488494873047,121700.0
2023-02-10,71.69362717773518,72.51298128616456,71.37300917099851,72.04096221923828,83400.0
2023-02-13,71.8450397809975,72.67330196567937,71.8450397809975,72.28144073486328,78100.0
2023-02-14,72.32596783585875,72.39721780414962,71.26614664053751,71.47989654541016,103800.0
2023-02-15,71.24833475521645,72.343780891777,71.10583482421609,72.02316284179688,135300.0
2023-02-16,71.45318661030956,72.37940911109791,71.2661537262573,72.03207397460938,189100.0
2023-02-17,72.16565924359617,72.5753363716045,71.7203571312257,72.2190933227539,151900.0
2023-02-21,71.66692702195174,71.80051902201721,71.21271693963767,71.5867691040039,171400.0
2023-02-22,71.69364956390956,71.69364956390956,71.09694628524092,71.41756439208984,234600.0
2023-02-23,71.41755985206659,71.9697301606045,71.10584291622186,71.65802001953125,144700.0
2023-02-24,71.30176567506926,72.01425170898438,71.12364756397568,72.01425170898438,166200.0
2023-02-27,72.31706549617823,72.878150546493,71.23943512264631,71.49771118164062,122900.0
2023-02-28,71.6402018331295,72.15674708931898,70.91880783272987,70.96334075927734,178400.0
2023-03-01,70.58039830137051,70.74961531074193,69.93916204982855,70.0282211303711,300100.0
2023-03-02,69.64524793969618,69.64524793969618,68.62105851290117,69.0218276977539,242800.0
2023-03-03,69.11089709419564,69.91244237850874,68.67450285959207,69.4671401977539,320300.0
2023-03-06,69.49384689353211,69.81446495951609,68.60324266463687,68.90605163574219,242600.0
2023-03-07,68.772463721226,68.772463721226,66.90219608857797,67.40093231201172,230800.0
2023-03-08,67.54341572733821,67.78388265380977,66.96452846348767,67.41873168945312,255200.0
2023-03-09,67.12485511314017,67.6324993420817,63.232911494740264,63.455562591552734,427300.0
2023-03-10,62.199791325238834,63.54460551050597,60.21374785183946,62.86774444580078,658800.0
2023-03-13,60.899509957606924,62.05729808243004,57.91598738335722,58.7264404296875,888900.0
2023-03-14,61.54966125449744,64.01663207711519,60.16032077640017,60.667964935302734,460400.0
2023-03-15,57.907076017433965,60.79263821485315,57.497398943798665,60.02671813964844,432700.0
2023-03-16,59.412206339053064,64.74692368183288,59.412206339053064,63.740543365478516,430900.0
2023-03-17,62.39572632732486,62.68071939153929,60.240465854530036,60.84607696533203,1072600.0
2023-03-20,62.05730202110853,63.20618227472186,60.329527668342166,60.41858673095703,460700.0
2023-03-21,62.74306169433535,64.51536890282807,61.97714155679303,62.030582427978516,444300.0
2023-03-22,61.76340154942553,62.05730257396675,59.34986491877485,59.465641021728516,327100.0
2023-03-23,59.982191788147766,59.982191788147766,57.96942438431348,58.138641357421875,363200.0
2023-03-24,57.50093759596178,61.35409423240583,57.2314902519302,60.98584747314453,439900.0
2023-03-27,61.42595444368034,61.8301289178609,60.572694174852316,60.6445426940918,260600.0
2023-03-28,60.71640532719706,61.201418865722026,59.80027321165406,60.51880645751953,191300.0
2023-03-29,60.70741332670051,60.99483480845059,59.23441249525777,59.979896545410156,212900.0
2023-03-30,59.98887706086555,60.608617606783014,58.14762269104103,58.677547454833984,182300.0
2023-03-31,59.15357422062822,59.52182096412352,58.354202151633615,58.93801498413086,242100.0
2023-04-03,59.13560759014612,59.34219004787044,57.77038994096188,57.90511703491211,186600.0
2023-04-04,58.26439228719814,58.26439228719814,56.144703404838516,57.41112518310547,214700.0
2023-04-05,56.782409968687,57.500943141236654,56.782409968687,57.1955680847168,199800.0
2023-04-06,57.303346807090655,57.86919586863851,57.105751386968905,57.37520217895508,203200.0
2023-04-10,57.150650907263135,58.25540139090985,56.74647306537965,56.97101593017578,283300.0
2023-04-11,57.07880198539996,57.66261144398236,56.71055178263941,56.728515625,185200.0
2023-04-12,56.99796707780117,57.249457447552565,55.524966249446805,55.84830856323242,136300.0
2023-04-13,56.018958043936955,56.94407706087198,55.41718475616358,56.62971496582031,164300.0
2023-04-14,57.39316398614756,57.91410513492838,55.01300798448121,55.4531135559082,167100.0
2023-04-17,55.63273898981935,56.81832504272461,54.842350572050655,56.81832504272461,152400.0
2023-04-18,56.67462823625919,56.67462823625919,54.159748368436404,54.572906494140625,200500.0
2023-04-19,54.86031742981718,56.710548546078265,54.510027663156215,55.99201202392578,169000.0
2023-04-20,55.27347563933083,55.524962566146975,54.563919322953986,55.408199310302734,193500.0
2023-04-21,52.641834040959644,53.78251229779846,49.10303601192752,53.5130615234375,440100.0
2023-04-24,53.08193775455651,53.69269468864046,52.102930618414824,52.309513092041016,252000.0
2023-04-25,51.86042568528891,52.201728400021004,49.97426341524491,50.360477447509766,227000.0
2023-04-26,50.594002742522996,51.00716081432936,49.84851874551149,50.11796951293945,252800.0
2023-04-27,50.306584855114295,50.37844022064052,49.30961735533096,49.39943313598633,272900.0
2023-04-28,49.65092656712971,51.02513148969515,49.65092656712971,50.297611236572266,341000.0
2023-05-01,50.34251322440416,50.47724032347692,48.195883830694214,48.36653518676758,279600.0
2023-05-02,48.743768466272776,48.743768466272776,44.70199665407357,44.95348358154297,349800.0
2023-05-03,45.58220739597515,47.154007651008776,44.52236466419512,44.70199966430664,330800.0
2023-05-04,43.148161656524444,44.34272802453004,41.45959819991435,42.896671295166016,392300.0
2023-05-05,44.980432435771114,45.57322551601678,43.76789879918734,44.477455139160156,286900.0
2023-05-08,45.10617140521215,46.30972128765864,42.76194336784418,43.0583381652832,188500.0
2023-05-09,43.39964989988319,43.40863353426636,42.11526428329961,42.717041015625,251700.0
2023-05-10,43.56131382532471,43.65112959673177,41.18115819426491,41.827842712402344,244100.0
2023-05-11,41.073385530163435,41.315892265480706,40.30994106532408,40.71411895751953,211800.0
2023-05-12,41.03745394908054,41.22607256503343,40.02252263711899,41.001529693603516,185100.0
2023-05-15,41.25301439810283,42.223037768942966,40.77698463263281,41.65719223022461,250500.0
2023-05-16,41.84581187435224,42.348789166461415,40.6692059322543,40.7769889831543,203900.0
2023-05-17,41.50450256455706,44.737921893467615,41.30690717215996,44.333744049072266,261900.0
2023-05-18,44.36967011588301,44.62115702046831,41.38774123543523,43.812801361083984,422500.0
2023-05-19,44.22596788189251,44.899596533004534,41.45061770226087,42.339805603027344,242800.0
2023-05-22,42.23202409616049,43.53437344885597,41.91766201723269,43.273902893066406,215400.0
2023-05-23,43.43557533755371,44.28883896841805,42.57333149902346,43.22001266479492,223800.0
2023-05-24,43.06732543758528,43.33677621063928,41.908683344575365,41.9266471862793,216900.0
2023-05-25,41.5314537551044,42.07933551959136,40.05844954301275,40.327903747558594,228000.0
2023-05-26,40.32790327095907,40.723097512701976,39.92372539516946,40.624298095703125,235700.0
2023-05-30,40.78596455642193,41.34282988445193,39.64528642757272,40.794944763183594,211500.0
2023-05-31,40.57938957856697,40.57938957856697,38.87286231876792,39.64529037475586,250200.0
2023-06-01,39.90575940931028,41.45959566941621,39.56445328517503,40.85782241821289,251400.0
2023-06-02,41.73802786799404,44.5852296851092,41.20810658191792,44.3786506652832,345500.0
2023-06-05,44.13615602836869,44.13615602836869,42.1332335830732,42.6541748046875,258800.0
2023-06-06,42.48350700045321,46.68694947263144,42.48350700045321,45.878597259521484,279500.0
2023-06-07,46.40852147921261,48.456354904909,46.219906279527514,47.92643356323242,309700.0
2023-06-08,47.567163551974446,47.567163551974446,45.564241445099185,46.34564971923828,237300.0
2023-06-09,46.543248999416186,48.016249779053815,45.59118593211875,46.192962646484375,172400.0
2023-06-12,45.94147668350516,47.4324413366718,44.93552206898717,45.725914001464844,260100.0
2023-06-13,46.05823513555624,47.1899331863221,45.456461852789815,46.201942443847656,224600.0
2023-06-14,46.24685651175823,46.633067141928706,43.89364448744665,44.100223541259766,267600.0
2023-06-15,43.758916065240214,44.95348236463491,43.758916065240214,44.57625198364258,267600.0
2023-06-16,44.98941053763741,44.98941053763741,43.18408733156936,44.2708740234375,979400.0
2023-06-20,44.163095381197834,44.30680612462309,43.10325605845826,43.67808532714844,220700.0
2023-06-21,43.606228507492865,43.606228507492865,42.66314905572216,42.73500442504883,200500.0
2023-06-22,42.49249419294382,42.70805343066355,40.92069409404057,41.27996063232422,215800.0
2023-06-23,40.761806173156224,41.707219098989675,40.07092963058617,41.279964447021484,651900.0
2023-06-26,41.27996435353202,42.33446231680395,41.20724214972925,41.625404357910156,282800.0
2023-06-27,41.75266325832689,43.12532711682267,41.14359800643123,42.18900680541992,201100.0
2023-06-28,42.11629789122643,42.11629789122643,40.82544478987524,40.898170471191406,217400.0
2023-06-29,41.5890431567277,42.47991186176901,41.270877000552595,41.352691650390625,200600.0
2023-06-30,41.77084912904853,41.77084912904853,40.443636931584464,40.461814880371094,188000.0
2023-07-03,40.7618073965474,42.08901973548347,40.7618073965474,41.97993469238281,135400.0
2023-07-05,41.52540754959126,42.08901762303316,40.77089432561591,41.361778259277344,227600.0
2023-07-06,40.80725949555342,41.561772762698695,40.243649389864224,41.352691650390625,279200.0
2023-07-07,41.279963056157676,42.65262711995866,41.279963056157676,41.94356918334961,205900.0
2023-07-10,41.834487145734414,42.89807412688183,41.27087703951317,41.46177673339844,245100.0
2023-07-11,41.63449220097063,42.33446116576407,41.08906355015146,42.22537612915039,212500.0
2023-07-12,43.1616972094977,44.23437657702394,43.1616972094977,43.852577209472656,339800.0
2023-07-13,44.25255846590423,45.80703328077442,43.90711846223834,45.30705642700195,362600.0
2023-07-14,45.452500287872326,45.66158137306647,44.19801030895689,44.57072067260742,301500.0
2023-07-17,44.4707258196261,45.4615904914048,44.4707258196261,45.052520751953125,161000.0
2023-07-18,45.1797868695397,47.20696800617535,45.1797868695397,46.93425369262695,208400.0
2023-07-19,47.24333008101487,48.770534373671445,46.98879372040505,48.59781265258789,221300.0
2023-07-20,48.37055128413281,48.670539458677744,47.29787197086717,48.56145095825195,283800.0
2023-07-21,49.99775840214842,50.752271693465026,48.27056172479193,50.52500915527344,505300.0
2023-07-24,50.315921365961415,53.39760410060442,50.106840260263084,53.388511657714844,408800.0
2023-07-25,53.4157794374282,54.10665941769505,52.31582970866866,52.44309616088867,407000.0
2023-07-26,53.32487922703204,55.64295631020606,53.15216095480372,55.515689849853516,483500.0
2023-07-27,56.11565416087759,56.39746089961073,54.16119880850393,54.57936096191406,361200.0
2023-07-28,54.97026125230481,55.51568993111437,53.77940436001107,54.497554779052734,176700.0
2023-07-31,54.45210513724227,55.29752205051598,51.234066787861764,54.77027130126953,216300.0
2023-08-01,54.28847441225792,54.67027379909514,53.11579892225613,53.67940902709961,182700.0
2023-08-02,52.87943967662902,53.915759645219715,52.81580645063013,53.806671142578125,147500.0
2023-08-03,53.67940374085277,54.5884537736115,52.81580551618185,54.124839782714844,155900.0
2023-08-04,53.98848479304045,54.53391693277045,53.315789662116316,53.77940368652344,137900.0
2023-08-07,53.77031574957024,54.41574049968284,53.13397997480738,54.08848190307617,148700.0
2023-08-08,53.00670979134517,53.22487986192935,51.52495723531209,53.070343017578125,221100.0
2023-08-09,52.72490251587917,53.1248832865749,51.7522192468856,52.179473876953125,229500.0
2023-08-10,52.51582591577305,53.143069250985825,51.90676053136266,52.37946701049805,148400.0
2023-08-11,51.97947806578752,52.31582558697716,51.01588383985854,51.943115234375,149500.0
2023-08-14,51.51587117012896,51.670411501361876,50.252291996009156,51.35224533081055,190200.0
2023-08-15,50.66135780058121,51.22496784870955,49.61595234580692,49.98866271972656,221100.0
2023-08-16,49.98866425090245,50.679540769665124,49.51595780427503,49.652313232421875,198700.0
2023-08-17,49.87957519240377,50.561362728808554,49.63413126316796,50.23410415649414,233200.0
2023-08-18,49.69776630918455,50.79771954369081,49.288696546561255,50.3522834777832,323000.0
2023-08-21,50.42500430545739,50.94316252491121,49.35232503450901,49.69776153564453,191300.0
2023-08-22,49.67049135922137,50.206830997003436,48.60690452558183,48.61599349975586,213800.0
2023-08-23,48.65235710772272,48.97052322514523,48.23419493403868,48.42509460449219,143300.0
2023-08-24,48.206928938166115,48.84326474454856,47.897851744651845,48.36146926879883,229100.0
2023-08-25,48.58872833906263,48.68872440449223,47.24333461271643,47.952392578125,168000.0
2023-08-28,48.170572224995716,48.6341863069712,46.370649754910914,48.39783477783203,184000.0
2023-08-29,48.597811059874495,49.070517465228455,47.96147538083068,48.87052536010742,135400.0
2023-08-30,48.788717891411174,49.13415790525929,48.29783346597024,49.06143569946289,114000.0
2023-08-31,49.02507316800797,49.36142074088188,48.661451733508436,49.10688781738281,204300.0
2023-09-01,49.48868639366527,51.097705493234734,49.48868639366527,50.94316864013672,160700.0
2023-09-05,50.55226907503932,50.915886980148464,48.84325417100007,49.86138916015625,269000.0
2023-09-06,50.02502503752499,50.40682787622384,48.26146912208506,48.98870849609375,245000.0
2023-09-07,48.906898195326036,50.63409489634593,48.51600634686102,48.861446380615234,303200.0
2023-09-08,49.10688789654781,50.91589569333422,48.68872567362493,49.32505798339844,200200.0
2023-09-11,49.679591638391265,52.024939201095385,48.006939238704554,48.052391052246094,247800.0
2023-09-12,46.98879828134693,48.17965515720787,46.96152788810805,47.497867584228516,218500.0
2023-09-13,47.37969075133828,47.70694934570321,46.35246662405511,46.461551666259766,310700.0
2023-09-14,46.8160757029871,47.39786715688315,46.67971681383933,47.061519622802734,247000.0
2023-09-15,46.98879981328002,47.32515085702958,46.19792717381012,46.48882293701172,1036600.0
2023-09-18,46.47063942745437,46.47063942745437,45.279786034101,45.30705642700195,261200.0
2023-09-19,45.50705093269606,45.77067283592776,44.77071907614971,45.297969818115234,256200.0
2023-09-20,45.625221772871534,46.4615496406479,44.90707485293683,44.93434524536133,173400.0
2023-09-21,44.47981840547147,45.025247038335046,44.2525558971532,44.36164093017578,177100.0
2023-09-22,44.48890494987165,45.44341020687088,43.59803638205614,43.8071174621582,189500.0
2023-09-25,43.54349666288192,44.61617594709575,42.998064578777104,44.57072067260742,114900.0
2023-09-26,44.043477679047115,45.061612811766366,43.87075594209635,44.22528839111328,215900.0
2023-09-27,44.552537075219185,44.852525226953,43.49803925887525,43.95256423950195,164100.0
2023-09-28,44.06165918202924,44.84344281799626,43.79803382241228,44.443458557128906,279100.0
2023-09-29,44.93992774511449,45.62947244790341,44.86637462669159,45.132999420166016,197100.0
2023-10-02,45.10541640518612,45.132997069555394,44.32393034506982,44.544586181640625,215200.0
2023-10-03,44.15844794006852,44.682501708327194,43.3769652350389,43.77230453491211,185200.0
2023-10-04,43.91020094900777,44.17682571709242,43.37695492004387,43.78148651123047,181600.0
2023-10-05,43.71713635812959,44.9399307290591,43.28502403392348,44.64572525024414,362700.0
2023-10-06,44.121671354852,45.06864501700185,43.257439695299986,44.31474304199219,341900.0
2023-10-09,44.14925528278832,45.44559936064485,44.094090436443246,44.912349700927734,142900.0
2023-10-10,45.23413229779187,45.79496253930603,44.95831512364549,45.21574401855469,255900.0
2023-10-11,45.34445752471034,45.88689947572686,44.48942184756219,45.1789665222168,166500.0
2023-10-12,45.11461596720348,45.739803511861695,44.17683465021616,44.360713958740234,150600.0
2023-10-13,44.68249329946488,44.811211250832955,43.229854348937934,43.468894958496094,146500.0
2023-10-16,43.87342926482026,44.700880750779085,43.855040986393774,44.480228424072266,170200.0
2023-10-17,44.24118760963106,46.558058255993565,43.763102856520796,45.76737976074219,161000.0
2023-10-18,45.32608090202127,45.62028642495607,44.351526422502175,44.48943328857422,118200.0
2023-10-19,44.72846946752119,45.14219349894227,43.76310404165638,43.946983337402344,213300.0
2023-10-20,46.061590275139366,46.061590275139366,41.878352610612545,41.93351745605469,321600.0
2023-10-23,41.565756017013335,43.4505109351347,41.28993882290878,42.63225173950195,260500.0
2023-10-24,42.92646306784446,43.54245827564391,41.47382377696138,41.7772216796875,209600.0
2023-10-25,41.36349360261637,42.65983762333766,41.03251155354608,42.37482452392578,247600.0
2023-10-26,42.558706954460256,44.838801395543484,41.83238557202957,44.68250274658203,274200.0
2023-10-27,44.67330823220875,45.02267857160308,42.981624887781095,43.52406692504883,246200.0
2023-10-30,44.075702555306705,45.33527358759833,42.852911594785944,44.884769439697266,194300.0
2023-10-31,44.884763249228634,45.666245848811194,44.61813845371713,44.86637496948242,166600.0
2023-11-01,45.09622762536523,46.227080636548855,44.599754545175514,45.951263427734375,228200.0
2023-11-02,46.300634394925076,48.48879082818143,46.300634394925076,48.17619705200195,232300.0
2023-11-03,49.380600007356946,50.722913022258744,48.718639394466365,49.61964416503906,224000.0
2023-11-06,49.50931301684306,49.85868334852641,49.06800478549854,49.51850891113281,274500.0
2023-11-07,49.17832927484156,49.46333883798498,48.73701758294433,48.847347259521484,188000.0
2023-11-08,48.81057626434034,48.92090244628734,47.31196463846871,47.541812896728516,197200.0
2023-11-09,47.65213436146285,48.13941146256713,47.04533169746893,47.35792541503906,170000.0
2023-11-10,47.57858370140975,47.96472704509291,46.843070065437786,47.615360260009766,191300.0
2023-11-13,47.22003053566652,48.001513273717315,46.56726227143996,47.661338806152344,170900.0
2023-11-14,49.77593365091651,52.40539804373767,49.30704479053781,51.82617950439453,301200.0
2023-11-15,51.71585874479413,53.19608210735367,51.43084563845084,52.25830078125,259600.0
2023-11-16,52.33184498363227,52.36862154332869,50.805652828288544,52.065223693847656,184000.0
2023-11-17,52.377822061228514,53.48109089188119,52.295076548208954,52.4329833984375,245900.0
2023-11-20,52.27669026028893,52.524926808814016,51.642306800544986,51.93651580810547,219200.0
2023-11-21,51.62391903958477,52.08361554569966,50.63097290291772,50.71371841430664,140000.0
2023-11-22,51.33890082340338,51.57794143957404,50.686132691547286,51.06308364868164,148700.0
2023-11-24,51.17340810514347,51.504390106618956,50.65854682426989,51.20098876953125,62100.0
2023-11-27,50.87920486253694,51.063084149891516,50.557418740070695,51.00791931152344,155600.0
2023-11-28,50.943569299058446,51.13664099987115,50.410323148165325,51.03550720214844,165200.0
2023-11-29,51.467621800542126,53.15011274204276,51.467621800542126,52.28588104248047,207800.0
2023-11-30,52.45137064608822,52.80993335970364,51.82618311719763,52.423789978027344,321100.0
2023-12-01,52.03764039813216,55.91747983139706,51.292934341351284,54.952117919921875,322200.0
2023-12-04,54.207411218219804,55.64166558145035,52.49733965246193,55.03486633300781,403600.0
2023-12-05,54.58436348896401,55.33826549685316,53.848849762633876,54.68549728393555,247200.0
2023-12-06,55.31987633166931,56.68058108765314,54.93373294671615,55.007286071777344,228500.0
2023-12-07,55.209545172166685,56.156522282292485,54.56596941474676,56.13813400268555,131600.0
2023-12-08,56.202496883385486,57.07592096297653,54.74066182598331,56.63460922241211,137600.0
2023-12-11,56.55185706044776,57.02994180051064,56.26684749938353,56.79090118408203,150600.0
2023-12-12,56.781711135752836,56.781711135752836,55.9542595255196,56.027809143066406,200400.0
2023-12-13,56.248465353911975,60.01797534038352,55.954259867514494,59.84328842163086,354900.0
2023-12-14,61.75562893821886,63.20827162781523,59.52150356592469,61.020118713378906,513000.0
2023-12-15,62.00386671123408,62.00386671123408,59.79732208889894,60.045555114746094,1090100.0
2023-12-18,60.62477554544762,60.8546237912045,59.429561861747096,59.61343765258789,298100.0
2023-12-19,59.834102218199035,61.01092421642881,59.834102218199035,60.643165588378906,247800.0
2023-12-20,60.753499560776035,61.8935450750678,59.56748158433494,59.595062255859375,330300.0
2023-12-21,60.51444472124373,60.70751640230956,59.64102420960138,60.56041717529297,160400.0
2023-12-22,60.95908832551097,61.904762324847994,60.95908832551097,61.153785705566406,201300.0
2023-12-26,61.589535548501004,62.76699306822528,61.079608823340614,62.4517707824707,131400.0
2023-12-27,62.46104179683682,63.00804765135026,62.12727287516052,62.720638275146484,160400.0
2023-12-28,62.24779849328345,63.13784660331074,61.886216669630905,62.87825012207031,145800.0
2023-12-29,62.590846029181094,62.590846029181094,60.83856255933292,61.014713287353516,173400.0
2024-01-02,60.374996468767456,61.79351101116919,60.22665156509114,60.514060974121094,191700.0
2024-01-03,60.245197049249725,60.245197049249725,57.9459006010706,58.07569885253906,204500.0
2024-01-04,58.344568594096444,59.17899097621606,58.17768411767252,58.76177978515625,162700.0
2024-01-05,58.205494644101954,60.01341091053294,57.20419136313625,59.0399169921875,193000.0
2024-01-08,59.049188175662316,59.484946008560556,58.74323566528947,59.355140686035156,345400.0
2024-01-09,58.539261087408114,59.66109277898527,58.01079480173171,59.29951095581055,220200.0
2024-01-10,59.002830205141784,59.661094753047486,58.42800789124785,59.614742279052734,135600.0
2024-01-11,59.216073078508764,59.225346403072244,57.50087585491846,58.659793853759766,340300.0
2024-01-12,59.336602424284195,59.967054107981184,57.41743447256272,58.0849723815918,125900.0
2024-01-16,56.83333515789234,57.84391174460017,56.49956622477975,56.712806701660156,204000.0
2024-01-17,55.66515242843264,57.074397196628844,54.06121027734585,56.19361877441406,172100.0
2024-01-18,56.65718407725964,57.00022281695544,56.07308841159819,56.583011627197266,209500.0
2024-01-19,58.400189813560765,58.400189813560765,54.68237937272219,55.832027435302734,380000.0
2024-01-22,56.13798771167383,57.35253505969551,55.65587739497981,57.30617904663086,297700.0
2024-01-23,57.92735192444489,57.92735192444489,56.10089618117759,56.295597076416016,320600.0
2024-01-24,56.80552391039716,57.51014448332301,55.46117835149626,55.53535079956055,350400.0
2024-01-25,56.43466028017602,56.54591893558726,54.496949574302654,54.71946334838867,322600.0
2024-01-26,55.15522700612388,55.75786224401564,54.71947270641574,55.0625114440918,224900.0
2024-01-29,55.31283845123339,55.93402034157889,55.00688593673976,55.841304779052734,510200.0
2024-01-30,55.81348968611458,55.980374155368786,55.396278512979066,55.41482162475586,371200.0
2024-01-31,54.60821272566312,55.33137636169268,51.8546226704171,52.00296401977539,436400.0
2024-02-01,52.5592433097997,53.25459404956454,48.91560515049301,50.62153244018555,861600.0
2024-02-02,49.703677039042184,52.308922507102714,49.703677039042184,51.687744140625,545200.0
2024-02-05,50.86259000884632,51.400326082191626,50.16723925999057,50.71424865722656,415900.0
2024-02-06,50.89967573420805,51.678468706795755,49.50897425006834,49.91691207885742,236300.0
2024-02-07,50.102344470568475,50.102344470568475,48.49840236230427,49.39772033691406,289500.0
2024-02-08,49.24937945789558,49.722219993223135,48.452043289882155,48.767269134521484,304500.0
2024-02-09,48.48912739075215,49.58314624263485,47.673248145660295,49.08249282836914,377000.0
2024-02-12,49.27719290869995,50.98312028157055,49.212293786096474,50.33412551879883,329100.0
2024-02-13,48.38714101595248,48.526212584764444,46.44943006045001,47.432193756103516,365700.0
2024-02-14,48.136811972165134,48.17389819360891,46.912994958414274,47.7010612487793,247900.0
2024-02-15,48.210985607096084,50.27849475776121,48.03483135598772,50.05598449707031,280500.0
2024-02-16,49.610959323957935,50.222867875833266,48.739454276358835,49.842742919921875,274900.0
2024-02-20,49.24011254470903,50.028175433949436,49.22156943079618,49.31428146362305,137400.0
2024-02-21,49.00832037316438,49.53678664887382,48.61892212242563,49.11957550048828,190700.0
2024-02-22,48.83216075511678,49.4996985674493,48.2666118160424,48.785804748535156,224700.0
2024-02-23,48.720909323644136,49.32354806507808,48.359327493478524,48.73018264770508,136400.0
2024-02-26,48.39641291186626,49.07322055085437,47.40437945804591,47.86794662475586,148800.0
2024-02-27,48.28514988846382,48.70235744090805,48.08117923670088,48.55401611328125,141000.0
2024-02-28,48.02555931450625,48.68382386367233,47.42292410036685,47.45073699951172,131800.0
2024-02-29,48.39641919127834,49.24938119106239,48.09973644902848,48.36860275268555,159400.0
2024-03-01,47.99774529970526,48.146086652924744,46.85737048369229,47.23749542236328,236500.0
2024-03-04,47.00571045415876,48.025556785450114,45.373952080008515,45.55010986328125,402200.0
2024-03-05,45.559383279701706,47.73815121446496,45.559383279701706,47.71033477783203,346700.0
2024-03-06,47.80304296319972,48.61891855265283,46.60703893788826,47.747413635253906,270700.0
2024-03-07,48.44277361472087,48.77654257296818,47.79377881109967,48.044105529785156,230500.0
2024-03-08,48.971240086035856,49.091768551671876,47.793778940904225,48.06264877319336,174500.0
2024-03-11,48.43350167182654,48.94342487457895,48.26661720012764,48.35932922363281,214100.0
2024-03-12,48.09046001734867,48.09046001734867,47.02425758649364,47.03352737426758,281100.0
2024-03-13,46.76465715965753,47.79377689406242,46.74611404752789,46.97789764404297,286700.0
2024-03-14,46.64413532717851,46.71830424387551,44.95675091565924,45.373958587646484,605200.0
2024-03-15,45.12362177348887,46.77392312604717,45.12362177348887,46.291812896728516,1303700.0
2024-03-18,46.328900422976766,46.8851795681127,45.70771862539631,45.8282470703125,176100.0
2024-03-19,45.82825417651981,46.3567205073648,45.62428347453153,45.75408172607422,153200.0
2024-03-20,45.383227975515545,47.99774660771927,45.37395465127214,47.497093200683594,186800.0
2024-03-21,47.636165808052425,48.48912774670408,47.599079583744874,47.68252182006836,211900.0
2024-03-22,48.1460894293734,48.1460894293734,46.801743848882715,47.02425765991211,178000.0
2024-03-25,46.91299430467256,48.210983743223245,46.91299430467256,47.60834503173828,310800.0
2024-03-26,47.747421356467804,48.563300614592855,46.86664297361274,47.02425765991211,185700.0
2024-03-27,47.441467065106096,48.878528260379106,47.441467065106096,48.850711822509766,211700.0
2024-03-28,48.91631954443374,49.347468220411024,48.49454918433701,48.75698471069336,292200.0
2024-04-01,49.17875929645292,49.30997706136606,47.27609097896445,47.61351013183594,180200.0
2024-04-02,46.938676378121954,47.41668447102477,46.36693875446249,46.88243865966797,241800.0
2024-04-03,46.451292739105085,47.172994024046965,46.38568385642091,46.4887809753418,275400.0
2024-04-04,47.18236499467612,47.70723962940093,46.20759934822259,46.35756301879883,706600.0
2024-04-05,46.207600513406,46.52627376834326,45.66398353464011,46.10449981689453,140900.0
2024-04-08,46.23571826499815,47.05114546978999,46.23571826499815,46.56376266479492,120400.0
2024-04-09,46.807453974099026,47.322957443035826,46.73247392660926,46.85432052612305,409700.0
2024-04-10,45.35468327757892,45.42966690549539,43.864417639192645,44.511138916015625,321000.0
2024-04-11,44.60486153522528,45.37342578673375,44.304934196852024,45.185970306396484,357300.0
2024-04-12,44.82980364917809,45.59836781192266,44.61422754766746,45.588993072509766,306100.0
2024-04-15,45.6827249630654,46.06700706440355,44.829805978367766,45.645233154296875,256600.0
2024-04-16,45.120358736676046,45.5983703618307,44.69858482489715,45.42966079711914,210800.0
2024-04-17,45.926416901066574,46.43254561889242,45.476525899248884,45.485897064208984,229100.0
2024-04-18,45.87955718189755,46.49815780023122,45.54213801273081,46.34819412231445,224700.0
2024-04-19,44.83917915922464,47.58539170523888,44.83917915922464,47.38856506347656,419400.0
2024-04-22,47.21985151966431,47.7915890670447,46.82619469383866,47.60413360595703,249000.0
2024-04-23,47.72598013513388,49.38495518863115,47.454173450704275,48.94443893432617,358600.0
2024-04-24,48.447682350306984,49.825476006474524,47.60413805961704,49.600528717041016,459400.0
2024-04-25,48.9631908671384,49.244372326407884,47.78222373262385,49.066287994384766,317700.0
2024-04-26,48.878830258050115,49.81610406107761,48.878830258050115,49.422447204589844,257400.0
2024-04-29,49.56303737481578,50.08790839156625,47.885316488181196,47.89468765258789,170500.0
2024-04-30,47.37918706345944,47.89468690778678,46.957413163404134,47.0886344909668,205600.0
2024-05-01,47.46354655654319,48.710122476555064,47.11675623780212,47.67911911010742,360100.0
2024-05-02,47.98841723452761,48.344582264499245,47.613506300303186,48.11026382446289,306700.0
2024-05-03,49.03816473283891,49.03816473283891,48.10089093660664,48.66325378417969,264600.0
2024-05-06,48.69136998474116,49.028789092651266,48.18524132287599,48.269596099853516,210200.0
2024-05-07,48.51328609655673,48.60701561365637,47.49165760037133,47.55727005004883,161400.0
2024-05-08,47.17299466042496,48.07277669973137,46.8824384793211,48.00716781616211,235800.0
2024-05-09,48.1571271209167,48.79447356813065,47.969671652545124,48.65388107299805,218300.0
2024-05-10,48.56016362093161,48.93507104783996,47.894696413034545,48.55078887939453,177900.0
2024-05-13,48.963187553186565,49.24436899342498,48.55078477044863,48.700748443603516,165200.0
2024-05-14,49.094404962837054,49.450566449351875,48.65388511190729,49.347469329833984,160300.0
2024-05-15,49.87233666477361,49.90045730928099,48.747607420702536,48.916316986083984,191000.0
2024-05-16,48.7194870406832,49.534914167667445,48.4101885754473,49.394325256347656,159800.0
2024-05-17,49.609900946130765,49.90982826658214,49.413074312475,49.62864685058594,156000.0
2024-05-20,49.713004149465704,50.05042329590803,49.431822719235726,49.600528717041016,165500.0
2024-05-21,49.4037047062161,49.91920461834544,49.3099787496166,49.85359573364258,216200.0
2024-05-22,49.71300192608796,50.875219405836795,49.506800551280776,50.66902160644531,469100.0
2024-05-23,50.80961069803042,50.875219576522696,47.80096272574506,48.07277297973633,298900.0
2024-05-24,48.41956144778482,49.21624269961978,47.341695212558164,47.71660614013672,142100.0
2024-05-28,47.71660785195816,48.0821440529822,46.97616070990572,47.16361618041992,134100.0
2024-05-29,46.441917902858044,46.601256314345775,45.729591360004015,46.42317199707031,193700.0
2024-05-30,46.90117980907995,47.697861074923544,46.56376068340927,47.26671600341797,143200.0
2024-05-31,47.54789589500607,48.16649641380449,47.369815173451336,47.60413360595703,205300.0
2024-06-03,48.185242989593654,48.185242989593654,46.76058647103654,46.8730583190918,115600.0
2024-06-04,46.413801159102185,46.99490994095487,46.226345675319266,46.835575103759766,178900.0
2024-06-05,47.06051624683551,47.21985465072088,46.11387128992515,46.64811706542969,169300.0
2024-06-06,46.676236209429995,47.13550196118753,46.273208174851725,46.85432052612305,94200.0
2024-06-07,46.1701078219244,46.88243794312366,46.09512777388108,46.55438995361328,162900.0
2024-06-10,46.00139868104812,46.00139868104812,44.642350989619615,44.78293991088867,424600.0
2024-06-11,44.3424239323552,44.557996473256644,43.676956829537325,44.28618621826172,310500.0
2024-06-12,45.41091293544146,46.32944076182918,45.04537675279299,45.63585662841797,353000.0
2024-06-13,45.62648556859263,45.68272327967307,44.19245790248904,44.72670364379883,379800.0
2024-06-14,44.314298050094365,44.53924530446608,43.48012505441838,43.56447982788086,233500.0
2024-06-17,43.20832522074995,43.864417663721284,42.449135652460065,43.60198211669922,661800.0
2024-06-18,43.58323061154004,44.05186749983616,42.908392348260584,43.59260177612305,376200.0
2024-06-20,43.50824510381651,44.02374851888849,43.14270891888589,44.014373779296875,300300.0
2024-06-21,42.524108633923184,43.789430329697176,42.2804190344124,43.51762008666992,1119400.0
2024-06-24,43.67696125255873,44.67984401524896,43.48013459642314,44.39866256713867,302100.0
2024-06-25,44.17371658582351,44.286188444248005,43.64884195414936,43.71445083618164,204300.0
2024-06-26,43.56448845099423,44.34242746862328,43.17083514719352,44.08936309814453,257600.0
2024-06-27,44.19245576732139,44.86729039060419,43.87378257076007,44.80168151855469,155100.0
2024-06-28,45.41091648007134,47.79159279829642,45.41091648007134,47.53852844238281,558800.0
2024-07-01,47.50061262201993,48.012493962901445,46.66643602384861,46.912899017333984,246000.0
2024-07-02,46.81809874081077,47.5006071162097,46.81809874081077,47.05508041381836,134200.0
2024-07-03,47.17831597676478,47.17831597676478,46.2683071415611,46.41997528076172,95900.0
2024-07-05,46.41997261808103,46.922372622355,45.206623958020955,45.4720458984375,653400.0
2024-07-08,46.17351321235499,46.17351321235499,44.96016807463146,45.39621353149414,293000.0
2024-07-09,45.329855196671076,46.15455042576501,44.96964203267751,46.0502815246582,248900.0
2024-07-10,46.05028040094632,47.235188765119865,45.87965330722106,46.998207092285156,174300.0
2024-07-11,48.145204095246996,50.33491273697333,47.254150569439744,50.078975677490234,537400.0
2024-07-12,50.66667995227543,50.89418032232729,49.548126220703125,49.548126220703125,243900.0
2024-07-15,50.2306419308904,52.325559257999146,50.2306419308904,51.51034164428711,372400.0
2024-07-16,52.145449207961946,53.974948134623425,51.301794974475754,53.69057083129883,503100.0
2024-07-17,53.06493911496063,55.766532526363555,53.06493911496063,54.97975158691406,432000.0
2024-07-18,54.42047092129628,55.520065732872375,53.17868566033959,53.671607971191406,425800.0
2024-07-19,55.74757171810171,57.520193672424,54.8849585473408,55.02714538574219,490500.0
2024-07-22,55.804445651673774,58.866248559436926,55.50110938698262,58.63874816894531,480600.0
2024-07-23,57.88040843034947,59.453966684551524,57.17894104703006,59.01791763305664,352300.0
2024-07-24,58.657709698114104,60.70523138218781,58.657709698114104,58.875732421875,290400.0
2024-07-25,58.98948300096261,61.0180493447415,58.98948300096261,59.71938705444336,366100.0
2024-07-26,59.728862129875914,60.83793829293283,59.21698443990318,60.80950164794922,252900.0
2024-07-29,61.12231779062771,61.28346359653876,58.86624757944543,58.989479064941406,204400.0
2024-07-30,59.32125904078622,61.07492212000232,59.32125904078622,60.98960494995117,265800.0
2024-07-31,60.83793829293283,62.36410091864808,60.03220201259978,60.80950164794922,343600.0
2024-08-01,60.40189418072473,60.63887587023975,58.107909545871486,58.553436279296875,418000.0
2024-08-02,55.99403229914755,57.861449135973366,54.72381032162072,57.50123596191406,278100.0
2024-08-05,54.90391737400409,55.6906983372834,53.71900889874274,54.894439697265625,329900.0
2024-08-06,54.847043134384236,55.69069737563377,54.410997690870445,55.20725631713867,202900.0
2024-08-07,56.10778192357706,56.25945005594213,54.11713723427878,54.543704986572266,178400.0
2024-08-08,55.25464856822199,55.48214895270348,54.66693140686238,55.415794372558594,150100.0
2024-08-09,55.15037899780964,55.36840171793891,54.3541203774858,55.05558776855469,162300.0
2024-08-12,55.4916325200859,56.126741703529426,53.67161128934025,54.192970275878906,132100.0
2024-08-13,54.47735164148601,55.112460830167166,53.576820503099874,54.99871063232422,156500.0
2024-08-14,55.12193903906058,55.12193903906058,54.183490015207525,54.59109878540039,115700.0
2024-08-15,56.06038911098221,56.90404336541497,55.747575154374566,56.22153854370117,167000.0
2024-08-16,56.145696854365845,58.05103150723798,56.145696854365845,56.90403747558594,198300.0
2024-08-19,56.87560640476648,57.577073808155546,56.75237491172779,57.49176025390625,173500.0
2024-08-20,57.16946003090224,57.16946003090224,55.709652059039335,55.785484313964844,143900.0
2024-08-21,56.27840570036667,56.629141173787914,55.55798301819827,56.09830093383789,92500.0
2024-08-22,55.7380895427028,56.572266055776055,55.4537122543527,56.08882141113281,114200.0
2024-08-23,56.600705334999766,60.733666540673305,56.27841009558338,59.70990753173828,262600.0
2024-08-26,60.269186138894874,60.686269002398824,59.25490116205609,59.624595642089844,244800.0
2024-08-27,59.17906713701637,59.50136237581563,58.87573086709396,59.0368766784668,168400.0
2024-08-28,58.638750956190904,60.07011879723543,58.506041786087216,59.68146896362305,114000.0
2024-08-29,60.060643658587125,60.25022974505553,59.01792199103784,59.86157989501953,167300.0
2024-08-30,59.89001313730009,60.335539872762155,59.472926663626296,60.01324462890625,179700.0
2024-09-03,59.198026488989164,60.10803530464547,58.71458181963491,59.13167190551758,194100.0
2024-09-04,58.468121899472635,59.70990723674716,57.80457245500492,58.250099182128906,111700.0
2024-09-05,58.67666962900132,58.87573338664667,57.37800732576356,57.814056396484375,117300.0
2024-09-06,58.09843098097195,58.29749472926782,56.524872731295645,56.84716796875,126500.0
2024-09-09,56.904044672038985,57.25478019175288,55.93715890168475,56.69550323486328,168800.0
2024-09-10,56.73341150567059,56.856642989072334,55.18829358939762,56.591224670410156,145400.0
2024-09-11,56.088824631331605,56.088824631331605,54.041302975182795,55.84236526489258,201500.0
2024-09-12,56.174138750040406,56.54383322750237,55.11246178106333,56.031951904296875,126000.0
2024-09-13,56.771332270398595,57.68134107920308,56.04142824165325,57.63394546508789,192700.0
2024-09-16,57.83300706955366,58.82833300933376,56.74289352111147,58.24061584472656,522900.0
2024-09-17,58.99896194234486,60.5251209576485,58.23113998046697,58.88520812988281,239100.0
2024-09-18,58.894691391252515,60.8095039057373,57.87092874118883,58.875732421875,328400.0
2024-09-19,60.45876726910341,60.48720753066626,58.117390643466486,59.150630950927734,448300.0
2024-09-20,58.62927315039567,59.04636327101777,57.15050960580137,57.43488693237305,1126400.0
2024-09-23,57.70978077100576,57.747695092291615,56.89456319847663,57.444358825683594,221600.0
2024-09-24,57.49175524963026,58.013114206415715,56.40163810867157,56.420597076416016,215100.0
2024-09-25,56.31632277693117,56.32580045247632,55.63381442397638,55.79496383666992,163800.0
2024-09-26,56.45852158153071,56.45852158153071,55.69069957077555,56.003517150878906,412900.0
2024-09-27,56.79977032764146,56.79977032764146,55.008189310754,55.3968391418457,257900.0
2024-09-30,55.43513034747939,57.234786789181584,55.39683893024368,56.60299301147461,199900.0
2024-10-01,56.45940283044953,56.45940283044953,54.477867606033406,54.82248306274414,322800.0
2024-10-02,54.69803506870604,55.44469942011059,54.45871919693069,54.60231018066406,204700.0
2024-10-03,54.23854718171804,54.812903793705615,53.82692360418118,54.76504135131836,185300.0
2024-10-04,55.75103056553135,56.229662338872664,54.851200494580475,55.49256896972656,258400.0
2024-10-07,55.49256663215306,55.76059924539896,54.65974475241817,55.00436019897461,203800.0
2024-10-08,55.22452733120601,55.52128031646428,54.4108548562018,54.44914627075195,318300.0
2024-10-09,54.44914730863308,55.84675110132153,54.12367758209341,55.45427322387695,283500.0
2024-10-10,55.03307671634424,55.63615005372811,54.43957075494551,55.6074333190918,222500.0
2024-10-11,55.92333227625814,57.914442121844026,55.92333227625814,57.770851135253906,230200.0
2024-10-14,57.72298646000019,58.46007976945366,57.21563798988002,58.20161819458008,180000.0
2024-10-15,58.38350066135084,61.18827926984207,58.12503908616488,60.345890045166016,409300.0
2024-10-16,60.80538254392057,61.877516722309295,60.80538254392057,61.49460983276367,376200.0
2024-10-17,61.55204916749603,62.6720457678513,61.26486718124742,62.30828094482422,374200.0
2024-10-18,60.470333204509146,61.14999306098322,58.31649034153701,58.93871307373047,588900.0
2024-10-21,61.77221011370961,62.576315220560105,59.35033472027174,59.70452117919922,522800.0
2024-10-22,59.59922301261136,59.886404979656064,58.78555051043911,59.51306915283203,630500.0
2024-10-23,59.26418533309447,60.116149295369794,59.18760614912788,60.0587158203125,209100.0
2024-10-24,60.04913793587472,60.39375337451257,58.68982554088141,60.116146087646484,354400.0
2024-10-25,60.52776978083657,60.81494809629897,58.64195954490519,59.20674514770508,214300.0
2024-10-28,59.9438375094015,61.30315353658777,59.60879675534344,60.968109130859375,331900.0
2024-10-29,60.81494854110883,60.92982278947032,60.38418289059976,60.470333099365234,124600.0
2024-10-30,60.13529369611046,62.31785334090281,59.64709091039078,61.48503875732422,132000.0
2024-10-31,61.59990507621872,61.59990507621872,60.135293082337775,60.211875915527344,133000.0
2024-11-01,60.71922452467564,61.09255670803711,59.45563698791198,59.9246940612793,232700.0
2024-11-04,59.66623094183615,60.9393893962713,58.48879371741642,59.19717025756836,188100.0
2024-11-05,59.27375419144107,60.61392455265738,58.90042201055565,60.499053955078125,241200.0
2024-11-06,65.4193816905257,70.14826554455225,65.4193816905257,69.81322479248047,769300.0
2024-11-07,69.04741402390367,70.11955177928802,67.23818658273949,67.59237670898438,590100.0
2024-11-08,68.49220887372498,69.66006425201293,67.14246378331524,69.00912475585938,313500.0
2024-11-11,69.88023909555122,72.39783960088671,69.48775753475321,70.9332275390625,268800.0
2024-11-12,70.64604856382314,71.85219530419191,70.13869277873881,70.58860778808594,274300.0
2024-11-13,71.22997687969671,71.67988456676707,69.65049072520715,69.73664093017578,322700.0
2024-11-14,69.73664481708083,70.23442592911276,68.4634826037518,68.81767272949219,144500.0
2024-11-15,69.21015063917329,70.20569820430207,67.66895589410774,69.1335678100586,213900.0
2024-11-18,69.04741861518926,69.73664955352788,68.453919876441,68.57836151123047,208000.0
2024-11-19,67.2764801362158,68.14759345951056,67.0563136128243,67.76468658447266,133800.0
2024-11-20,67.56365460704221,67.83168719876826,66.9318572379676,67.78382110595703,186600.0
2024-11-21,68.16674371888041,69.83238042686963,67.73597799721938,69.05699920654297,306300.0
2024-11-22,69.52604776295608,71.22040830600243,69.48775634524046,70.818359375,268600.0
2024-11-25,71.98621112831,73.92946213706284,71.58416221753664,71.76604461669922,502800.0
2024-11-26,71.30655093411652,71.31612561336235,70.16741241743628,70.22484588623047,264800.0
2024-11-27,70.97151332952653,71.92877680287148,69.8228000828489,69.87065887451172,193400.0
2024-11-29,70.56946497775982,71.17253834150088,68.80809637523458,69.29630279541016,111800.0
2024-12-02,69.43031476000813,70.35886144695822,68.36775177837869,69.5643310546875,253800.0
2024-12-03,69.57391588532386,70.09083908451407,68.31032827730601,68.52092742919922,168100.0
2024-12-04,68.76022928679636,69.41116866737651,68.1475813172315,69.24842834472656,191500.0
2024-12-05,69.43988995485266,69.7653560148224,68.33903555180494,68.37732696533203,189900.0
2024-12-06,69.08571146167777,69.44947629961717,67.61152465829467,68.70280456542969,117000.0
2024-12-09,68.96125708762787,69.18142358255164,67.4487791436305,67.66895294189453,327000.0
2024-12-10,67.65939208053128,69.11442955068237,67.13289417498946,67.57323455810547,322200.0
2024-12-11,68.24331015275719,69.20057357366274,67.67852093668596,68.33903503417969,551500.0
2024-12-12,68.2720369512467,69.12400093717861,68.0327210607413,68.54006958007812,215800.0
2024-12-13,68.35819281759836,68.42520097318689,67.28605502484093,67.77426147460938,217200.0
2024-12-16,68.10929734248745,68.66451190781845,67.72639049386812,68.61664581298828,223600.0
2024-12-17,68.08058513366674,68.74109200552861,66.42451600719434,66.51067352294922,211100.0
2024-12-18,67.19989840949036,67.58280529084709,62.42315533133723,62.930503845214844,488300.0
2024-12-19,63.90691784297726,64.60571615772814,62.07854092254024,62.70076370239258,249200.0
2024-12-20,62.01152742730896,64.17494494965418,62.01152742730896,63.19853210449219,607500.0
2024-12-23,62.73904523316494,63.50485158484114,62.6050289390381,63.42827606201172,225800.0
2024-12-24,63.36126987076997,64.15579298094991,62.62417292697952,63.28468704223633,213000.0
2024-12-26,62.758194452242655,63.36127514799882,62.643327503215666,63.10280990600586,163700.0
2024-12-27,62.53802470730241,63.322980466335025,61.427595568341744,62.22212600708008,248000.0
2024-12-30,62.144863409012665,62.47321617679021,61.45919445530132,61.913089752197266,136900.0
2024-12-31,62.019327234388804,63.05266046317433,61.65234794219193,61.9903564453125,144200.0
2025-01-02,62.366983192078486,62.82087847545943,60.812153861665756,61.02461242675781,170800.0
2025-01-03,61.29502246645917,61.806859341508755,60.136143117010704,61.72959899902344,177000.0
2025-01-06,61.72959943767469,62.75328056299994,61.13084651506233,61.266048431396484,185100.0
2025-01-07,61.507483505784144,61.60405893776188,59.94299834750524,60.55141067504883,246700.0
2025-01-08,60.29065831991746,60.65763756782626,59.50841395347456,60.21339797973633,377400.0
2025-01-10,59.07383946919414,60.10717635729358,57.49969856734718,58.24331283569336,249200.0
2025-01-13,57.81838698018827,59.276644695422476,57.42243691734525,58.94829559326172,190100.0
2025-01-14,59.62430665436312,61.430224806725526,59.44081518167929,61.38193893432617,230500.0
2025-01-15,61.80686000273622,64.04735838311734,61.80686000273622,62.57944869995117,270700.0
2025-01-16,62.50218768797301,62.81122168996249,61.47851025389795,61.72959899902344,227200.0
2025-01-17,62.48287373965893,65.83396583202952,62.386301988076546,64.74269104003906,468700.0
2025-01-21,64.55920083514046,66.59689651614617,64.55920083514046,65.8629379272461,402900.0
2025-01-22,65.39938441112794,65.47664475383952,64.45296363279071,65.04206085205078,369300.0
2025-01-23,64.81994590449565,65.05171956227501,63.04299488031598,63.622432708740234,263400.0
2025-01-24,63.31339576165225,64.68474097889055,63.09128149893961,64.29844665527344,185600.0
2025-01-27,64.4626305545768,65.97882995979406,64.12462572563398,65.157958984375,391700.0
2025-01-28,64.99377979685609,65.66978938748768,64.30810345327725,64.68474578857422,164000.0
2025-01-29,64.6847517723679,65.53459353177138,63.62244036317279,64.36605834960938,138900.0
2025-01-30,64.2887878562242,66.09470959900162,62.92710937881886,64.97445678710938,217500.0
2025-01-31,64.95515329452175,66.19128939748573,64.64611926878075,64.85858154296875,231800.0
2025-02-03,63.516198330081444,64.79096443455776,62.60841514692268,63.96044158935547,216400.0
2025-02-04,62.869165851998865,65.91122380908554,61.87446284737877,65.80499267578125,155300.0
2025-02-05,66.17197185508473,66.75141711106656,63.19752206508021,66.66449737548828,162100.0
2025-02-06,66.96385960274957,67.99720001257222,66.42305198994237,67.88130950927734,226300.0
2025-02-07,67.6591966433075,67.6591966433075,65.9498538641978,67.40811157226562,333300.0
2025-02-10,67.30187565274879,67.68816261701865,66.67414828388293,66.90592193603516,311000.0
2025-02-11,66.43271442329942,68.05514470414575,66.43271442329942,67.83302307128906,214500.0
2025-02-12,66.69347103314644,67.14736639814282,66.17197470110503,66.39409637451172,285300.0
2025-02-13,66.61620896203192,66.6741505350384,65.47664469587637,66.64517974853516,138700.0
2025-02-14,67.15702467655463,67.54331906813424,65.91122913188555,66.18163299560547,199100.0
2025-02-18,66.30717048971752,67.90062258359733,66.0271072924786,67.51433563232422,238000.0
2025-02-19,67.03147659775075,67.71714558643045,64.00873004850045,67.40811157226562,264200.0
2025-02-20,67.070102811744,67.37913684161705,65.55390345143671,67.1280517578125,306500.0
2025-02-21,67.4081119933616,67.95857906477995,65.5732192993164,65.5732192993164,398100.0
2025-02-24,66.09471502196544,66.22991694236256,65.13863482607591,65.46698760986328,337200.0
2025-02-25,66.04641948547557,66.79003734829809,65.56355342263808,65.66978454589844,231700.0
2025-02-26,65.48630484821285,66.12369170227497,65.05172826077249,66.06575012207031,266500.0
2025-02-27,65.85328451369668,66.52929414180781,65.42835996576834,65.54425048828125,265600.0
2025-02-28,65.71807608320911,67.04112441983409,65.71807608320911,66.2105941772461,293000.0
2025-03-03,66.4230678564392,67.45640114514335,65.28350342299372,65.69876861572266,282200.0
2025-03-04,65.06137837740755,65.06137837740755,62.57944701689171,62.83053207397461,269100.0
2025-03-05,63.158887846511206,64.87788999705477,61.49782727067522,62.38629913330078,361900.0
2025-03-06,61.739258816691695,61.99035124755355,60.9183879338973,61.32399368286133,190000.0
2025-03-07,61.25639699576703,64.00873243843053,59.70156748171017,60.918392181396484,236200.0
2025-03-10,59.904366140531444,60.53209353315474,58.43645278010042,58.639259338378906,542500.0
2025-03-11,59.03521164042122,59.89471272678953,58.27228230246298,58.94829559326172,306300.0
2025-03-12,59.11246476057873,60.45483187652046,58.44611089493181,59.28629684448242,360400.0
2025-03-13,59.53739438064033,60.37758040231652,59.24767175994578,59.26698684692383,246500.0
2025-03-14,59.87539650290653,61.488167511369895,59.87539650290653,61.478511810302734,262200.0
2025-03-17,61.285364756349104,62.618072544855416,60.96667504482838,61.932403564453125,466400.0
2025-03-18,61.49782633109113,61.83583112497453,60.85078384625953,61.43022537231445,315200.0
2025-03-19,61.44953945672475,62.63738959240987,61.101875283553326,61.845489501953125,380500.0
2025-03-20,60.94736354248971,62.46356289657995,60.85078810606524,60.90873336791992,351400.0
2025-03-21,60.223064347199106,61.76823449022858,60.20374925991421,60.90873336791992,1456400.0
2025-03-24,61.32399417589718,63.12991602692565,61.32399417589718,62.91745376586914,317800.0
2025-03-25,63.11059527603946,63.59346135675584,62.45389711154713,62.9464225769043,287600.0
2025-03-26,63.245799174446006,64.41433424230493,62.53115941558019,62.91745376586914,237700.0
2025-03-27,62.95608226085713,63.30374643006195,62.086921837845075,62.48286819458008,219300.0
2025-03-28,62.16418032740963,62.70498796652659,60.63832178224224,61.02461242675781,167700.0
2025-03-31,60.35198531192809,61.365813774745014,59.913309177180636,61.0733642578125,224000.0
2025-04-01,60.16676621616917,61.239082316648876,59.581863482427956,60.90763854980469,237400.0
2025-04-02,60.07903412712087,61.434053100349,60.07903412712087,61.297576904296875,207400.0
2025-04-03,58.09036862295614,58.47055335612268,55.419321347875,55.89699172973633,412800.0
2025-04-04,53.37217373904247,54.32751083187205,51.84168430557394,53.99606704711914,479900.0
2025-04-07,52.78727264560291,56.60862086875094,51.14955091605453,53.51839828491211,570000.0
2025-04-08,55.29259536911691,56.23818198627302,52.377839561599394,53.255191802978516,471600.0
2025-04-09,54.86366705082643,58.002634334189224,51.63696826026891,57.144779205322266,586300.0
2025-04-10,55.65328234332904,55.819002365554915,51.364010551836195,52.97248840332031,363000.0
2025-04-11,52.25110986504475,53.45990586838215,51.06181470998873,52.270606994628906,420400.0
2025-04-14,53.29418595038398,53.469656410535066,51.822187888780405,52.9432487487793,295500.0
2025-04-15,53.00173740685832,54.71744777825014,53.00173740685832,53.84984588623047,281000.0
2025-04-16,53.68411696392647,54.5517187724698,53.53789035225631,53.966819763183594,485800.0
2025-04-17,53.56714012932045,54.863667683911245,53.56714012932045,54.43474197387695,518400.0
2025-04-21,50.83760720268063,54.16179181881936,50.83760720268063,53.245445251464844,503100.0
2025-04-22,53.762102924941956,55.75076169315514,52.913994567505604,55.52655029296875,325500.0
2025-04-23,56.901072659365255,58.07087447284469,55.770265107364544,56.30642318725586,291100.0
2025-04-24,55.84825081908252,57.03754598473819,55.2243575416178,56.89132308959961,334000.0
2025-04-25,56.28692671291837,56.81333433945203,55.63378588412508,56.579376220703125,225600.0
2025-04-28,56.618368903097405,57.12527938583372,55.81900148332749,56.715850830078125,299300.0
2025-04-29,56.90107125374843,57.90515300918583,56.13095506140373,57.75892639160156,309100.0
2025-04-30,56.6281131331213,58.07086715781712,55.594787646285106,57.60294723510742,353400.0
2025-05-01,57.68093547228167,58.9872133956573,57.07653933421151,58.304832458496094,299400.0
2025-05-02,58.197602664583464,60.790661495893275,58.08062360145522,60.73217010498047,365100.0
2025-05-05,59.93280357887827,61.33656342746308,59.87431219067579,60.644432067871094,275700.0
2025-05-06,59.80607705468643,60.77116455491888,59.211431312691815,59.71834182739258,273400.0
2025-05-07,60.39097768537923,60.60543867445623,59.1041968761282,59.24067306518555,374700.0
2025-05-08,59.79633009610913,60.9758785879763,59.484383448982236,60.41047668457031,337500.0
2025-05-09,60.371479881371194,60.78090844397005,59.83532183662151,60.29349136352539,171700.0
2025-05-12,62.88655464076474,64.00761542822875,62.88655464076474,63.217994689941406,346200.0
2025-05-13,62.82805557166669,63.92962287865373,62.82805557166669,63.568931579589844,187000.0
2025-05-14,63.27649291561498,63.793153863256244,62.6136053472048,62.954795837402344,296600.0
2025-05-15,63.04252497177903,64.19282960780843,62.64284682329305,63.159507751464844,312000.0
2025-05-16,62.79881732855797,63.14000781080484,62.04819826761487,63.07176971435547,356100.0
2025-05-19,62.340648509320665,63.071770448546424,60.683429607622024,63.013282775878906,311000.0
2025-05-20,63.11075887501455,63.198497813299355,61.6387609893722,62.516109466552734,181900.0
2025-05-21,61.82398142936431,62.184672750618596,59.8158254141628,59.903560638427734,237100.0
2025-05-22,59.51362467456475,60.849146431414326,59.12369324210868,59.64035415649414,465300.0
2025-05-23,58.1098691649232,59.52337954507271,58.1098691649232,59.250423431396484,230800.0
2025-05-27,60.108275397900115,60.91738955238045,59.40639359822534,60.8588981628418,192400.0
2025-05-28,60.615188553736246,61.170843729158726,59.85481909656806,59.952301025390625,266600.0
2025-05-29,60.12777587713422,61.8044919503369,59.630608335104355,60.56645202636719,223900.0
2025-05-30,60.166765731236914,60.65418281274416,58.275585075022605,59.952301025390625,244500.0
2025-06-02,59.97179645848672,60.28374308433162,58.5972804762648,59.435638427734375,191000.0
2025-06-03,59.328412887365026,60.810161389547076,59.02621293196228,60.166770935058594,258900.0
2025-06-04,59.99129692581146,60.53720169206977,58.73375992862816,59.80607604980469,237600.0
2025-06-05,59.952303630686565,60.53720266643383,59.611113146283564,60.3909797668457,349500.0
2025-06-06,61.424299187448014,62.30165142466992,61.278076293709184,62.262657165527344,303800.0
2025-06-09,62.58435249917975,63.70541331368763,61.87272770000675,63.091270446777344,272000.0
2025-06-10,63.07177073437759,64.2903135031051,63.07177073437759,63.97836685180664,213400.0
2025-06-11,64.37804573601098,64.40728956942746,63.178996504176396,63.559181213378906,196800.0
2025-06-12,63.10101873668087,63.71516158281633,62.65258847613118,63.60792922973633,276700.0
2025-06-13,63.198501733601034,68.23839266394947,61.74599716781302,61.85322952270508,290700.0
2025-06-16,62.69158441367446,62.97428722141848,61.0928569361801,61.13185119628906,286800.0
2025-06-17,60.4884617426723,61.29757591868204,59.6208598942649,59.71834182739258,301200.0
2025-06-18,59.396648473113345,60.56645026413234,59.396648473113345,59.71834182739258,337000.0
2025-06-20,60.15701259633441,60.644429655877616,59.045702295567445,59.523372650146484,920500.0
2025-06-23,59.308913219515794,61.09285788210324,57.81741807487906,61.05386734008789,354200.0
2025-06-24,61.62901871593507,62.525864386257346,55.575295566470416,61.13185119628906,326600.0
2025-06-25,61.053865337668704,61.18059110278271,60.137518834460444,60.22525405883789,329700.0
2025-06-26,60.615186937695505,62.194417198440426,60.07902890607131,62.0969352722168,293600.0
2025-06-27,62.16517415345369,62.62334367495741,61.45354567063567,62.0286979675293,562500.0
2025-06-30,62.51083588746678,62.79618454142666,61.58591693551179,61.881103515625,335300.0
2025-07-01,61.2415301460578,65.08880468122565,60.20837153722817,64.29179382324219,693200.0
2025-07-02,64.68538745676038,65.4233558499615,63.80966556405528,65.08881378173828,671400.0
2025-07-03,65.30527902244921,66.71233891497725,65.19704306863922,65.86613464355469,483200.0
2025-07-07,65.36431794751357,66.82057881672294,64.15404653204207,64.2229232788086,1546400.0
2025-07-08,64.45907003347662,66.15147845245988,64.39019329582038,65.27574920654297,650000.0
2025-07-09,65.61030756824714,66.06292726343662,65.019934379174,65.69886016845703,314900.0
2025-07-10,65.52174543043013,66.66314006666694,64.82313630252746,66.32859802246094,427500.0
2025-07-11,65.76772838404793,65.78741174176507,64.83297158152178,64.9215316772461,439800.0
2025-07-14,64.75425956366898,66.05308354229788,64.07533379536439,65.96453094482422,365500.0
2025-07-15,65.7874159403299,66.07276458942817,63.07169044115482,63.11104965209961,461600.0
2025-07-16,63.41607858309541,64.46891315165797,62.12709623936995,63.14057159423828,369000.0
2025-07-17,63.061853786547424,64.67555153585835,63.061853786547424,64.63619232177734,425500.0
2025-07-18,66.90912620706777,70.04795379461049,66.13179869293957,68.36538696289062,934100.0
2025-07-21,68.69992884725806,69.61500984228478,67.55854177680641,67.6274185180664,584600.0
2025-07-22,67.76517510890254,68.00132287448271,66.8796116042243,67.41094970703125,409400.0
2025-07-23,67.63725471498601,68.00132179083042,66.44666671928123,67.36174774169922,385200.0
2025-07-24,66.73201621832092,67.07639993929605,65.4233505716133,65.5709457397461,296900.0
2025-07-25,65.55126929147292,65.82677626574898,64.58698737450472,65.17736053466797,319900.0
2025-07-28,65.23640322828896,65.26592076030235,64.65586423968504,64.81330108642578,269100.0
2025-07-29,65.33479970356413,65.33479970356413,63.60303186612445,63.81950378417969,628600.0
2025-07-30,64.1048516252386,64.52795377591393,62.93393945097383,63.229129791259766,461400.0
2025-07-31,62.540359258107486,63.179929577426726,62.19597177524223,62.530517578125,389800.0
2025-08-01,61.77286967322409,62.12709508287577,60.562602025914956,61.064422607421875,546800.0
2025-08-04,61.41864495293407,62.963462174254246,61.074261219408,62.93394088745117,353400.0
2025-08-05,63.08153557827467,63.64239122772624,61.58591926190341,63.09137725830078,530500.0
2025-08-06,63.09137397250534,63.455433537485966,62.500997067223366,62.56987380981445,336600.0
2025-08-07,63.219284378516065,63.219284378516065,61.723668173148965,62.136932373046875,298800.0
2025-08-08,62.66826880103878,62.983138739559365,61.890945018115985,62.786346435546875,141000.0
2025-08-11,62.865060452386466,63.386556862129545,62.44195831687761,63.307838439941406,274200.0
2025-08-12,63.947411702134204,66.11212324386429,62.23532732895816,65.82677459716797,362600.0
2025-08-13,66.08260254882684,67.23383125289686,65.73821134919777,66.77136993408203,335200.0
2025-08-14,65.6890207867965,67.07639729576219,65.6890207867965,66.90912628173828,410700.0
2025-08-15,67.09607936952857,67.45030474950246,65.01008629934923,65.01992797851562,452400.0
2025-08-18,64.5968268313999,66.03340422426568,64.04580539480625,65.79725646972656,310500.0
2025-08-19,65.68901717124423,66.55489723177003,65.43318607111108,65.63981628417969,187600.0
2025-08-20,65.73822137276417,66.41715468960992,65.16753152667914,66.16132354736328,265900.0
2025-08-21,65.71853983416746,66.81073355070296,65.3938319709808,65.88581085205078,313800.0
2025-08-22,66.36794592155582,69.8413230162138,65.7677311053714,69.80196380615234,333100.0
2025-08-25,69.3001430075907,70.09714636415922,66.84024869027881,69.42805480957031,264200.0
2025-08-26,69.29030147612414,70.5497661681534,69.29030147612414,70.16602325439453,252800.0
2025-08-27,69.80196901489148,71.30742325382406,69.79212733489128,70.78592681884766,252600.0
2025-08-28,71.00240126582295,71.39597839582214,70.0676368145685,70.5399398803711,205000.0
2025-08-29,70.67768967804912,71.18934442446994,70.28410506164734,70.36282348632812,210700.0
2025-09-02,69.63469514632091,70.15619912322464,69.06400528712906,69.91020965576172,217500.0
2025-09-03,69.42806184520212,70.32346707080215,66.97800895883894,69.39854431152344,242500.0
2025-09-04,69.72325281276686,70.99255932119601,69.447745819992,70.8941650390625,279100.0
2025-09-05,71.13030827455546,71.93715334772186,69.7232483596065,69.94955444335938,358900.0
2025-09-08,69.99876118954074,70.53994101247895,68.92625073117571,69.86100769042969,202000.0
2025-09-09,69.59534174947424,70.16603159482253,68.4933062594521,68.72945404052734,251400.0
2025-09-10,68.58185542795005,69.28047206977676,68.03084146403265,68.19811248779297,254800.0
2025-09-11,68.35555002445845,69.05415916629228,67.9226061873211,68.9655990600586,189700.0
2025-09-12,68.88688961826735,70.16603029005785,67.29287523489491,70.13651275634766,433400.0
2025-09-15,69.66420889288244,70.49072976618368,66.75168746419787,69.73308563232422,672300.0
2025-09-16,69.67404554197705,69.67404554197705,67.9718028465407,68.75896453857422,301100.0
2025-09-17,68.92624710315069,71.13031047991643,68.73929271833941,69.31982421875,294300.0
2025-09-18,69.73308782704403,71.84859096519487,69.39853829136784,71.67147827148438,300000.0
2025-09-19,71.67148139993883,72.18314365165952,69.77245008309733,69.9889144897461,1012900.0
2025-09-22,69.516614173199,69.78227945357739,68.6704099364358,69.0246353149414,227100.0
2025-09-23,69.1525477302779,70.66784352802125,69.1525477302779,69.41822052001953,218800.0
2025-09-24,69.23127150341082,69.78228546992503,67.43062692526331,69.30998992919922,144700.0
2025-09-25,68.98528146108562,69.49693621031493,68.64089773496953,69.28047180175781,175800.0
2025-09-26,69.5854928543002,70.22506688927758,69.06399645111922,69.85115814208984,175700.0
2025-09-29,69.81147702522756,69.92062007547916,68.41246569195657,68.89865112304688,238200.0
2025-09-30,68.69028995422927,69.09708967980585,67.55917036892197,68.63075256347656,211200.0
2025-10-01,68.04534918931789,68.68035911621844,67.32103696992935,68.59105682373047,156000.0
2025-10-02,68.3926248610526,68.93834011166578,67.88659868047637,68.35293579101562,238900.0
2025-10-03,68.83910773242935,70.00990870314132,68.35292991363406,68.90856170654297,350900.0
2025-10-06,68.76965640834439,71.02196371409262,68.76965640834439,69.74201965332031,278400.0
2025-10-07,69.96030723547366,70.32741787637325,69.22607081384272,69.52373504638672,215300.0
2025-10-08,69.68248788535548,70.0694468266267,68.84903261729134,68.95817565917969,286400.0
2025-10-09,68.759743380165,69.0970891220706,67.6087830538412,68.26364135742188,316400.0
2025-10-10,68.70020561427667,69.79162854436102,64.77107852402335,64.98936462402344,389300.0
2025-10-13,65.98156439609757,67.39049222506908,65.4755382488218,67.2813491821289,263800.0
2025-10-14,66.74556058792322,69.71225603554036,66.62650095117328,69.29552459716797,281000.0
2025-10-15,69.49397055031834,69.50389471010638,67.10275522576714,67.39049530029297,394300.0
2025-10-16,67.02338405953064,67.32104072127423,62.83628191639442,63.88801574707031,524000.0
2025-10-17,65.0687423170437,66.41814040785137,63.917782004918806,65.71367645263672,432700.0
2025-10-20,66.12047423636649,68.511689520123,65.7235911206909,68.06519317626953,420200.0
2025-10-21,68.59106167885146,68.77958286640269,67.97590002670063,68.39262390136719,308700.0
2025-10-22,68.56129708369886,68.97802096027685,67.14244501542197,67.44010925292969,276400.0
2025-10-23,67.23174343908204,67.98581300944566,66.11054810302791,67.5988540649414,268900.0
2025-10-24,68.23386680216268,69.06732211138004,68.0751180960692,68.66051483154297,166500.0
2025-10-27,68.75974403293307,69.13677884862742,67.688161836855,67.76753997802734,189900.0
2025-10-28,67.46987405857305,68.16441385179785,67.18213398140392,67.75761413574219,171300.0
2025-10-29,67.3706529156397,68.38269766189723,65.88234692002136,66.5173568725586,256700.0
2025-10-30,66.5768854408082,67.5393245111027,64.939747362363,66.6463394165039,289100.0
2025-10-31,66.82494119753008,66.91424349831166,65.6045344562056,66.76541137695312,294600.0
2025-11-03,65.92203975787105,67.27143787665334,65.16796255739479,67.2218246459961,399800.0
2025-11-04,65.98156431149835,67.8568292179161,65.98156431149835,67.5988540649414,402600.0
2025-11-05,67.38057676804726,70.10913774757665,67.38057676804726,69.19630432128906,337700.0
2025-11-06,69.1466997180506,69.69240738032872,67.42025929433656,68.839111328125,306800.0
2025-11-07,68.78950586610674,69.99999597012724,68.2041015635439,69.9305419921875,257400.0
2025-11-10,70.29764897084151,70.6449188424574,68.9680992995362,69.13677215576172,387400.0
2025-11-11,69.18638573594741,69.99999268357746,68.83910829263777,69.59318542480469,185700.0
2025-11-12,69.5138076651238,70.78382753461096,69.11693213334571,69.18638610839844,218000.0
2025-11-13,68.88872398506226,69.72217171104616,68.07511700830456,68.47200012207031,292700.0
2025-11-14,67.35080683341529,68.85896119821719,66.97377202717281,68.62083435058594,311500.0
2025-11-17,68.58114563971102,68.58114563971102,65.72359317352554,65.94187927246094,322000.0
2025-11-18,65.72359030988264,67.01345852743674,65.72359030988264,66.06094360351562,326400.0
2025-11-19,66.08078678786966,66.87455303868113,65.65413875279378,66.66619110107422,210500.0
2025-11-20,67.47979723197518,68.54145522605057,66.25938296181724,66.38837432861328,261600.0
2025-11-21,66.61658002561732,69.99999950595144,66.47767206272135,69.31537628173828,315700.0
2025-11-24,69.39475450414105,70.74415263377215,67.76754044839463,70.40679931640625,306600.0
2025-11-25,70.8235224999361,73.75052899501081,70.8235224999361,73.175048828125,427400.0
2025-11-26,72.57972559119786,73.41317333460144,72.0836235811007,72.2522964477539,533300.0
2025-11-28,72.23245716847731,72.23245716847731,71.27001803811086,71.4883041381836,111800.0
2025-12-01,70.83344307646703,72.93691828526143,70.26788709828911,72.69878387451172,177300.0
2025-12-02,73.14528021723059,73.57192824076242,72.13322789633378,72.69878387451172,195700.0
2025-12-03,72.86746126816293,74.07795131093796,72.01416525669578,73.4528579711914,271200.0
2025-12-04,73.30402931807892,73.78029057224144,72.86746470250543,73.15520477294922,170900.0
2025-12-05,72.7781626385956,73.70091267093413,72.32174970226586,73.06590270996094,267300.0
2025-12-08,73.33380308533391,74.08787269362449,72.52018851811373,73.57192993164062,196700.0
2025-12-09,73.26434196229562,74.55421022962567,73.26434196229562,73.7108383178711,288000.0
2025-12-10,73.48262991221756,76.95534410572374,73.48262991221756,75.90361022949219,428000.0
2025-12-11,75.65555815184818,77.10417514380839,75.3975829815244,76.26080322265625,269800.0
2025-12-12,76.44931897402704,76.60806767299047,75.45711500327997,76.09212493896484,200400.0
2025-12-15,76.28064185736041,77.05456734686983,76.1417339010188,76.97518920898438,291900.0
2025-12-16,77.0644836032321,77.39191274315603,75.20906695016156,76.5187759399414,438700.0
2025-12-17,76.29056866782628,77.55067204831425,75.81431496379761,76.08220672607422,327100.0
2025-12-18,76.74697620711487,77.09424608553492,75.95321756642845,76.45923614501953,335200.0
2025-12-19,76.32033145172666,76.99503048856626,75.1991436335603,76.79659271240234,1182400.0
2025-12-22,76.75689917527207,77.56058196284535,75.70516539697466,76.58822631835938,443500.0
2025-12-23,76.2608031179762,76.72714022795043,74.99078315799636,75.16938018798828,317800.0
2025-12-24,75.45711954205358,75.45711954205358,74.82210956817262,75.11976623535156,217300.0
2025-12-26,74.94116422922909,75.34797148824292,74.67327248957072,75.08999633789062,161000.0
2025-12-29,75.12999725341797,75.12999725341797,74.47000122070312,74.69000244140625,281200.0
2025-12-30,74.69000244140625,74.69000244140625,73.62000274658203,73.75,169900.0
2025-12-31,74.06999969482422,74.47000122070312,73.02999877929688,73.08000183105469,163200.0
2026-01-02,72.98999786376953,74.02999877929688,72.0,73.19000244140625,390000.0
2026-01-05,72.88999938964844,75.33000183105469,72.88999938964844,74.5999984741211,339600.0
2026-01-06,74.19999694824219,75.19000244140625,73.54000091552734,75.12000274658203,305000.0
2026-01-07,75.06999969482422,75.44000244140625,73.94999694824219,74.2699966430664,298900.0
2026-01-08,74.3499984741211,77.43000030517578,73.87000274658203,76.19999694824219,407400.0
2026-01-09,76.16000366210938,76.91999816894531,75.25,75.5,184100.0
2026-01-12,75.0,75.06999969482422,74.05000305175781,74.45999908447266,298200.0
2026-01-13,74.4000015258789,74.80999755859375,73.31999969482422,73.48999786376953,262900.0
2026-01-14,73.37999725341797,75.0199966430664,73.1500015258789,74.80999755859375,310600.0
2026-01-15,74.69999694824219,76.91000366210938,74.69999694824219,76.62000274658203,298600.0
2026-01-16,76.43000030517578,76.94999694824219,75.91000366210938,76.44999694824219,260300.0
2026-01-20,75.12000274658203,76.06999969482422,73.95999908447266,75.41999816894531,210100.0
2026-01-21,75.8499984741211,79.68000030517578,75.77999877929688,79.37999725341797,307600.0
2026-01-22,79.66000366210938,80.91999816894531,79.66000366210938,80.54000091552734,495200.0
2026-01-23,80.54000091552734,80.54000091552734,77.62999725341797,78.31999969482422,526900.0
2026-01-26,78.52999877929688,79.0,77.62999725341797,78.6500015258789,477400.0
2026-01-27,78.47000122070312,79.56999969482422,77.87000274658203,79.55000305175781,403900.0
2026-01-28,79.69999694824219,80.9800033569336,79.18000030517578,79.55000305175781,427900.0
2026-01-29,79.9800033569336,80.94000244140625,79.62000274658203,80.52999877929688,429800.0
2026-01-30,80.02999877929688,81.47000122070312,80.01000213623047,80.77999877929688,539100.0
2026-02-02,78.4000015258789,82.69000244140625,78.4000015258789,82.08999633789062,359800.0
2026-02-03,82.08999633789062,84.61000061035156,80.81999969482422,84.5199966430664,407400.0
2026-02-04,85.0,86.55999755859375,84.95999908447266,85.22000122070312,478300.0
2026-02-05,85.22000122070312,86.30000305175781,84.47000122070312,85.16999816894531,383100.0
2026-02-06,85.69999694824219,87.0,85.22000122070312,86.01000213623047,300900.0
2026-02-09,85.8499984741211,86.29000091552734,84.83999633789062,85.18000030517578,229500.0
2026-02-10,84.7300033569336,85.87000274658203,84.0,84.61000061035156,278000.0
2026-02-11,85.41000366210938,86.30000305175781,83.93000030517578,84.18000030517578,315300.0
2026-02-12,85.0199966430664,85.42500305175781,81.95999908447266,82.8499984741211,278539.0
