Date,Open,High,Low,Close,Volume
1994-11-07,0.6029919949003144,0.6109262067250327,0.5633214465190512,0.571255624294281,1142100.0
1994-11-08,0.5672882199287415,0.5791894285417393,0.5633211163416069,0.5672882199287415,103500.0
1994-11-09,0.5791893960702935,0.5791893960702935,0.5474530458450317,0.5474530458450317,648000.0
1994-11-10,0.547453320976456,0.5633213678659609,0.5236508250236511,0.5236508250236511,692100.0
1994-11-11,0.5315850016910807,0.5315850016910807,0.5157169548015758,0.5236508250236511,160200.0
1994-11-14,0.5315849300305983,0.5395190715789795,0.5216673382188198,0.5395190715789795,444600.0
1994-11-15,0.5395191443090265,0.5395191443090265,0.5236508250236511,0.5236508250236511,42300.0
1994-11-16,0.5395191443090265,0.5395191443090265,0.5157169548015758,0.5236508250236511,416700.0
1994-11-17,0.5395192225298859,0.5395192225298859,0.5157170295715332,0.5157170295715332,185400.0
1994-11-18,0.5315847926659587,0.5315847926659587,0.4998484049206995,0.5077825784683228,261900.0
1994-11-21,0.5157168038817912,0.5157168038817912,0.4998484551906585,0.49984845519065857,102600.0
1994-11-22,0.5077827437788869,0.5077827437788869,0.4919143915176392,0.49191439151763916,143100.0
1994-11-23,0.48398010649952583,0.4998484551906585,0.47604623859922407,0.49984845519065857,555300.0
1994-11-25,0.5077826739204833,0.523650717553345,0.5077826739204833,0.5117497444152832,25200.0
1994-11-28,0.5236508250236511,0.5315850016910807,0.5077827781341462,0.5236508250236511,108000.0
1994-11-29,0.5315850016910807,0.5315850016910807,0.4958815301577438,0.5236508250236511,449100.0
1994-11-30,0.5077826739204833,0.523650717553345,0.5077826739204833,0.5117497444152832,99900.0
1994-12-01,0.523650671782093,0.523650671782093,0.4998484551906585,0.49984845519065857,144900.0
1994-12-02,0.5157170295715332,0.5157170295715332,0.5157170295715332,0.5157170295715332,1800.0
1994-12-05,0.4919142313730762,0.5077825784683228,0.4919142313730762,0.5077825784683228,191700.0
1994-12-06,0.5077825784683228,0.5077825784683228,0.5077825784683228,0.5077825784683228,0.0
1994-12-07,0.5077825619557028,0.5077825619557028,0.4919142153764802,0.4958813190460205,100800.0
1994-12-08,0.49191430726987206,0.49984848204164845,0.4601779486775232,0.47604626417160034,310500.0
1994-12-09,0.47207903551955915,0.48397997021675115,0.46811193243912624,0.4839799702167511,76500.0
1994-12-12,0.4839802165503132,0.4839802165503132,0.4681121706962585,0.46811217069625854,169200.0
1994-12-13,0.4839801813796371,0.4839801813796371,0.4720792414900077,0.4765421748161316,48600.0
1994-12-14,0.4839801324980956,0.4839801324980956,0.4681120893998239,0.47604626417160034,18900.0
1994-12-15,0.4681122366006915,0.4839802846887718,0.4681122366006915,0.48001351952552795,243000.0
1994-12-16,0.4879474043846131,0.4879474043846131,0.4879474043846131,0.48794740438461304,2700.0
1994-12-19,0.49191430726987206,0.49984848204164845,0.4760462641716003,0.47604626417160034,107100.0
1994-12-20,0.480013519525528,0.49984863922222955,0.47604641386742036,0.48001351952552795,320400.0
1994-12-21,0.47604623859922407,0.4998484551906585,0.47604623859922407,0.49984845519065857,315000.0
1994-12-22,0.4998483144395543,0.4998483144395543,0.4760461045505278,0.4839799702167511,220500.0
1994-12-23,0.49984863922222955,0.49984863922222955,0.47604641386742036,0.48001351952552795,151200.0
1994-12-27,0.476046345701725,0.4919143915176392,0.476046345701725,0.49191439151763916,75600.0
1994-12-28,0.4919141423281527,0.4998483144395543,0.4760461045505278,0.4839799702167511,407700.0
1994-12-29,0.4998485688497022,0.4998485688497022,0.4681121706962585,0.46811217069625854,136800.0
1994-12-30,0.4839801324980956,0.49191430726987206,0.4681120893998239,0.47604626417160034,737100.0
1995-01-03,0.49191446195550065,0.49191446195550065,0.480013519525528,0.48001351952552795,25200.0
1995-01-04,0.48397997021675115,0.48397997021675115,0.4800132076309608,0.4839799702167511,49500.0
1995-01-05,0.49191446195550065,0.49191446195550065,0.480013519525528,0.48001351952552795,81000.0
1995-01-06,0.49191446195550065,0.49191446195550065,0.480013519525528,0.48001351952552795,71100.0
1995-01-09,0.4919143915176392,0.4919143915176392,0.4919143915176392,0.49191439151763916,900.0
1995-01-10,0.4919143915176392,0.4919143915176392,0.4919143915176392,0.49191439151763916,0.0
1995-01-11,0.4760462641716003,0.49191430726987206,0.4760462641716003,0.47604626417160034,411300.0
1995-01-12,0.476046345701725,0.4919143915176392,0.476046345701725,0.49191439151763916,262800.0
1995-01-13,0.48397997021675115,0.4919141423281527,0.48397997021675115,0.4839799702167511,14400.0
1995-01-16,0.49191430726987206,0.49191430726987206,0.4760462641716003,0.47604626417160034,27900.0
1995-01-17,0.487947320477068,0.4919143915176392,0.487947320477068,0.49191439151763916,23400.0
1995-01-18,0.4919144761073628,0.4919144761073628,0.47604642756277543,0.48794740438461304,337500.0
1995-01-19,0.4839802846887718,0.4839802846887718,0.480013519525528,0.48001351952552795,90000.0
1995-01-20,0.4919143915176392,0.4919143915176392,0.48398021538701536,0.49191439151763916,25200.0
1995-01-23,0.4919144761073628,0.4919144761073628,0.47604642756277543,0.48794740438461304,268200.0
1995-01-24,0.49191446195550065,0.49191446195550065,0.47604641386742036,0.48001351952552795,205200.0
1995-01-25,0.4872014350097534,0.4951884185135501,0.4792147599908937,0.4832082688808441,199800.0
1995-01-26,0.4951882210642754,0.4951882210642754,0.47921456891088604,0.48121118545532227,195300.0
1995-01-27,0.49518822791570277,0.49518822791570277,0.48720124748609317,0.4911947548389435,199800.0
1995-01-30,0.4792147599908937,0.4832082688808441,0.4792147599908937,0.4832082688808441,7200.0
1995-01-31,0.47921461243472574,0.5031752470834001,0.47921461243472574,0.49518826603889465,51300.0
1995-02-01,0.4792146234376559,0.5031752586364746,0.4792146234376559,0.5031752586364746,217800.0
1995-02-02,0.47921457554130187,0.5031752083453124,0.47921457554130187,0.4911947548389435,28800.0
1995-02-03,0.4991817736991941,0.5031752470834001,0.4951882660388946,0.49518826603889465,47700.0
1995-02-06,0.4872013354227539,0.511162281036377,0.4872013354227539,0.511162281036377,66600.0
1995-02-07,0.5111620976635246,0.5111620976635246,0.49518813965156194,0.5071685910224915,42300.0
1995-02-08,0.4951883172939616,0.511162281036377,0.4951883172939616,0.511162281036377,9900.0
1995-02-09,0.511162281036377,0.511162281036377,0.511162281036377,0.511162281036377,6300.0
1995-02-10,0.5111621344461833,0.5231422781944275,0.5031751548654678,0.5231422781944275,81900.0
1995-02-13,0.5151557548339323,0.5151557548339323,0.511162281036377,0.511162281036377,45000.0
1995-02-14,0.527135856402889,0.527135856402889,0.5111622035662634,0.5191491842269897,135000.0
1995-02-15,0.5271357297897339,0.5271357297897339,0.5271357297897339,0.5271357297897339,28800.0
1995-02-16,0.5191492175373761,0.5351228713989258,0.5191492175373761,0.5351228713989258,58500.0
1995-02-17,0.5311293636742795,0.54310981829603,0.5311293636742795,0.5351228713989258,36000.0
1995-02-21,0.5191490595321595,0.5271357297897339,0.5191490595321595,0.5271357297897339,547200.0
1995-02-22,0.5431097745895386,0.5431097745895386,0.5431097745895386,0.5431097745895386,5400.0
1995-02-23,0.5431096529983053,0.5431096529983053,0.5271357297897339,0.5271357297897339,9900.0
1995-02-24,0.5191490595321595,0.5431096529983053,0.5191490595321595,0.5271357297897339,247500.0
1995-02-27,0.5271357297897339,0.5351227085320615,0.5191490595321595,0.5271357297897339,107100.0
1995-02-28,0.5351227647035443,0.5351227647035443,0.5231422781944275,0.5231422781944275,92700.0
1995-03-01,0.5311293295952062,0.5351228370636153,0.5191491842269897,0.5191491842269897,117000.0
1995-03-02,0.5191491842269897,0.5191491842269897,0.5191491842269897,0.5191491842269897,0.0
1995-03-03,0.5231423404014592,0.5431097745895386,0.5231423404014592,0.5431097745895386,7200.0
1995-03-06,0.5271358902257274,0.5351228713989258,0.5191492175373761,0.5351228713989258,74700.0
1995-03-07,0.5231423489344798,0.5351228370636153,0.5191491842269897,0.5191491842269897,35100.0
1995-03-08,0.5191491842269897,0.5351228370636153,0.5111622035662634,0.5191491842269897,99000.0
1995-03-09,0.5191491842269897,0.5191491842269897,0.5191491842269897,0.5191491842269897,0.0
1995-03-10,0.5111620815784659,0.515155553817749,0.5031751028238158,0.515155553817749,325800.0
1995-03-13,0.511162281036377,0.5351229181651261,0.511162281036377,0.511162281036377,315000.0
1995-03-14,0.5131588636927177,0.5351229181651261,0.511162281036377,0.511162281036377,63000.0
1995-03-15,0.511162281036377,0.5351229181651261,0.511162281036377,0.511162281036377,90000.0
1995-03-16,0.5271358938352932,0.5271358938352932,0.5031752586364746,0.5031752586364746,18900.0
1995-03-17,0.5271358514628443,0.5471032857894897,0.5191491793617921,0.5471032857894897,378000.0
1995-03-20,0.5510965010132771,0.5670701462240197,0.5431095241655658,0.5630766749382019,416700.0
1995-03-21,0.5431097745895386,0.5670704076960665,0.5431097745895386,0.5431097745895386,351900.0
1995-03-22,0.5391162773467374,0.5590834021568298,0.5391162773467374,0.5590834021568298,9000.0
1995-03-23,0.5510966777801514,0.5510966777801514,0.5391162258038353,0.5510966777801514,87300.0
1995-03-24,0.5510966777801514,0.5510966777801514,0.5510966777801514,0.5510966777801514,2700.0
1995-03-27,0.5510966777801514,0.5510966777801514,0.5510966777801514,0.5510966777801514,0.0
1995-03-28,0.5510966777801514,0.5510966777801514,0.5510966777801514,0.5510966777801514,7200.0
1995-03-29,0.5510966777801514,0.5510966777801514,0.5351227532370921,0.5510966777801514,43200.0
1995-03-30,0.5351228713989258,0.5510967994692283,0.5351228713989258,0.5351228713989258,231300.0
1995-03-31,0.5510966777801514,0.5510966777801514,0.5351227532370921,0.5510966777801514,35100.0
1995-04-03,0.5351228283351799,0.5510967551199886,0.5351228283351799,0.5431097745895386,112500.0
1995-04-04,0.5590834021568298,0.5590834021568298,0.5471032575199156,0.5590834021568298,180900.0
1995-04-05,0.5431097502952816,0.5590834021568298,0.5431097502952816,0.5590834021568298,57600.0
1995-04-06,0.5590834721575797,0.5590834721575797,0.5351228713989258,0.5351228713989258,27000.0
1995-04-07,0.5431098775882617,0.5590835331936826,0.5431098775882617,0.5550903677940369,97200.0
1995-04-10,0.5590834271656164,0.5590834271656164,0.5431097745895386,0.5431097745895386,59400.0
1995-04-11,0.5510968596334125,0.5590835331936826,0.5471033857488861,0.5550903677940369,108000.0
1995-04-12,0.5471032575199156,0.5590834021568298,0.5431097502952816,0.5590834021568298,81000.0
1995-04-13,0.5590834021568298,0.5590834021568298,0.5590834021568298,0.5590834021568298,1800.0
1995-04-17,0.5590834021568298,0.5590834021568298,0.55109673046846,0.5590834021568298,115200.0
1995-04-18,0.55109673046846,0.5590834021568298,0.55109673046846,0.5590834021568298,104400.0
1995-04-19,0.5510967589443821,0.5590834310454345,0.5471032857894897,0.5471032857894897,39600.0
1995-04-20,0.5590834021568298,0.5590834021568298,0.5590834021568298,0.5590834021568298,37800.0
1995-04-21,0.5590837376144809,0.567070722579956,0.555090570754792,0.567070722579956,77400.0
1995-04-24,0.55109673046846,0.5630769093814639,0.55109673046846,0.5590834021568298,63000.0
1995-04-25,0.5800295627983465,0.5800295627983465,0.5598897933959961,0.5598897933959961,74700.0
1995-04-26,0.5800292438660882,0.5800292438660882,0.5639171744528516,0.5739873647689819,185400.0
1995-04-27,0.5639172375790693,0.580029308795929,0.5639172375790693,0.580029308795929,98100.0
1995-04-28,0.5639173462655578,0.5719733834266663,0.5639173462655578,0.5719733834266663,32400.0
1995-05-01,0.5719729420911956,0.5800289730362544,0.559889224111606,0.5679449439048767,148500.0
1995-05-02,0.5719729420911956,0.5800289730362544,0.5679449439048767,0.5679449439048767,66600.0
1995-05-03,0.5800289730362544,0.5800289730362544,0.5558611913528663,0.5679449439048767,163800.0
1995-05-04,0.5558615541918194,0.5800293516507514,0.5558615541918194,0.5639172792434692,21600.0
1995-05-05,0.5558615131226077,0.580029308795929,0.5558615131226077,0.580029308795929,3600.0
1995-05-08,0.5800289730362544,0.5800289730362544,0.5558611913528663,0.5679449439048767,112500.0
1995-05-09,0.563916911146137,0.5719729420911956,0.563916911146137,0.5679449439048767,64800.0
1995-05-10,0.5719733834266663,0.5719733834266663,0.5719733834266663,0.5719733834266663,8100.0
1995-05-11,0.5800293516507514,0.5800293516507514,0.5639172792434692,0.5639172792434692,170100.0
1995-05-12,0.5679452726695047,0.580029308795929,0.5679452726695047,0.580029308795929,60300.0
1995-05-15,0.580029308795929,0.580029308795929,0.5679452726695047,0.580029308795929,140400.0
1995-05-16,0.580029308795929,0.580029308795929,0.5719732731874991,0.580029308795929,156600.0
1995-05-17,0.580029351742016,0.6122531508372159,0.580029351742016,0.5880853533744812,205200.0
1995-05-18,0.6001691138160746,0.6041971492047508,0.5880853533744812,0.5880853533744812,51300.0
1995-05-19,0.6041972176688399,0.6041972176688399,0.6001691818237305,0.6001691818237305,66600.0
1995-05-22,0.6001688131146199,0.6041968464851379,0.5961411254683633,0.6041968464851379,106200.0
1995-05-23,0.6041971226519235,0.6122531239303493,0.5880853275297238,0.5961413979530334,131400.0
1995-05-24,0.6041968464851379,0.6041968464851379,0.5880850587273272,0.6041968464851379,7200.0
1995-05-25,0.6041968464851379,0.6041968464851379,0.6041968464851379,0.6041968464851379,2700.0
1995-05-26,0.6001691818237305,0.6001691818237305,0.6001691818237305,0.6001691818237305,143100.0
1995-05-30,0.5961414241518332,0.6041971492047508,0.5880853533744812,0.5880853533744812,97200.0
1995-05-31,0.5880850587273272,0.6041968464851379,0.5880850587273272,0.6041968464851379,16200.0
1995-06-01,0.5880850587273272,0.6041968464851379,0.5880850587273272,0.6041968464851379,108900.0
1995-06-02,0.6041972176688399,0.6041972176688399,0.5921134558579854,0.6001691818237305,51300.0
1995-06-05,0.5880853275297238,0.5961413979530334,0.5880853275297238,0.5961413979530334,243000.0
1995-06-06,0.5880849259700345,0.6001686776294795,0.5880849259700345,0.5921129584312439,326700.0
1995-06-07,0.5900992414182253,0.5961413979530334,0.5880853275297238,0.5961413979530334,193500.0
1995-06-08,0.5880851769110558,0.5921132110910622,0.5800291776959091,0.5840572118759155,426600.0
1995-06-09,0.5840573438863643,0.5921133449223532,0.580029308795929,0.580029308795929,344700.0
1995-06-12,0.5800292667871504,0.5961413368370889,0.5800292667871504,0.5820431113243103,112500.0
1995-06-13,0.5800291776959091,0.5961412452710686,0.5800291776959091,0.5840572118759155,42300.0
1995-06-14,0.5961413800127886,0.5961413800127886,0.580029308795929,0.580029308795929,145800.0
1995-06-15,0.5961414241518332,0.5961414241518332,0.584057387130692,0.5880853533744812,180900.0
1995-06-16,0.580029351742016,0.5880853533744812,0.580029351742016,0.5880853533744812,224100.0
1995-06-19,0.580029351742016,0.5880853533744812,0.580029351742016,0.5880853533744812,22500.0
1995-06-20,0.5800289301924523,0.6041967100906889,0.5800289301924523,0.5921129584312439,101700.0
1995-06-21,0.5961415524218595,0.604197279208104,0.5800294765452542,0.5900993943214417,54000.0
1995-06-22,0.5961413979530334,0.5961413979530334,0.5961413979530334,0.5961413979530334,4500.0
1995-06-23,0.6041968464851379,0.6041968464851379,0.5921130920978452,0.6041968464851379,47700.0
1995-06-26,0.5880850587273272,0.6041968464851379,0.5880850587273272,0.6041968464851379,11700.0
1995-06-27,0.6041968464851379,0.6041968464851379,0.6041968464851379,0.6041968464851379,22500.0
1995-06-28,0.6041972176688399,0.6041972176688399,0.6001691818237305,0.6001691818237305,52200.0
1995-06-29,0.5880852756106512,0.6122530698776245,0.5880852756106512,0.6122530698776245,37800.0
1995-06-30,0.6122530450705105,0.6364208383582594,0.6041970448297193,0.6203091144561768,212400.0
1995-07-03,0.6041968009014627,0.6364205814205154,0.6041968009014627,0.6283648610115051,39600.0
1995-07-05,0.6364210247993469,0.644477096545059,0.6041972218307654,0.6364210247993469,152100.0
1995-07-06,0.6364208105115865,0.6364208105115865,0.6283650872027744,0.6323931217193604,101700.0
1995-07-07,0.6203091144561768,0.6525329079847169,0.6203091144561768,0.6203091144561768,222300.0
1995-07-10,0.6364209229784024,0.6525329947471619,0.6364209229784024,0.6525329947471619,14400.0
1995-07-11,0.6525329079847169,0.6525329079847169,0.6203091144561768,0.6203091144561768,128700.0
1995-07-12,0.6203092961772944,0.6364210247993469,0.6203092961772944,0.6364210247993469,34200.0
1995-07-13,0.6444768309593201,0.6444768309593201,0.6203090405509832,0.6444768309593201,53100.0
1995-07-14,0.6203092300515234,0.6444770278429693,0.6203092300515234,0.6243371963500977,108900.0
1995-07-17,0.6444768795447584,0.6444768795447584,0.6203090873144744,0.6323931217193604,313200.0
1995-07-18,0.6323931217193604,0.6444768795447584,0.6243370526861884,0.6323931217193604,187200.0
1995-07-19,0.6243371963500977,0.636420956956045,0.6243371963500977,0.6243371963500977,138600.0
1995-07-20,0.6323930740448852,0.6444768309593201,0.6243370056190394,0.6444768309593201,108900.0
1995-07-21,0.6283650398319622,0.6444768309593201,0.6283650398319622,0.6444768309593201,263700.0
1995-07-24,0.6444769193448183,0.6605889201164246,0.6323931607731805,0.6605889201164246,474300.0
1995-07-25,0.6444767513313725,0.6605887479026222,0.6444767513313725,0.6464908719062805,313200.0
1995-07-26,0.6525327496169974,0.6605887479026222,0.6404487176161309,0.6464908719062805,139500.0
1995-07-27,0.6525328878169352,0.6525328878169352,0.6464910088266089,0.6485048532485962,274500.0
1995-07-28,0.6533747502076039,0.6655495288891871,0.6493165370898168,0.657433032989502,180900.0
1995-07-31,0.6614913157714,0.6614913157714,0.6493165370898168,0.657433032989502,46800.0
1995-08-01,0.6574331057031814,0.6574331057031814,0.6493166089057922,0.6493166089057922,24300.0
1995-08-02,0.6574331057031814,0.6574331057031814,0.6493166089057922,0.6493166089057922,67500.0
1995-08-03,0.6574331057031814,0.6574331057031814,0.6493166089057922,0.6493166089057922,72900.0
1995-08-04,0.6493166089057922,0.6493166089057922,0.6493166089057922,0.6493166089057922,57600.0
1995-08-07,0.657433032989502,0.657433032989502,0.6493165370898168,0.657433032989502,72900.0
1995-08-08,0.6574331057031814,0.6574331057031814,0.6493166089057922,0.6493166089057922,44100.0
1995-08-09,0.6574332541060925,0.6574332541060925,0.6493167554765599,0.653374969959259,65700.0
1995-08-10,0.653374969959259,0.653374969959259,0.653374969959259,0.653374969959259,45000.0
1995-08-11,0.6493167554765599,0.6574332541060925,0.6493167554765599,0.653374969959259,115200.0
1995-08-14,0.657433032989502,0.6736660944529831,0.6493165370898168,0.657433032989502,328500.0
1995-08-15,0.6736661424242723,0.6817823602454638,0.6655495762825012,0.6655495762825012,138600.0
1995-08-16,0.6655495762825012,0.6817823602454638,0.6655495762825012,0.6655495762825012,125100.0
1995-08-17,0.6817823602454638,0.6817823602454638,0.6655495762825012,0.6655495762825012,89100.0
1995-08-18,0.6655495762825012,0.6817823602454638,0.6655495762825012,0.6655495762825012,168300.0
1995-08-21,0.6655495762825012,0.6817823602454638,0.6655495762825012,0.6655495762825012,23400.0
1995-08-22,0.6655495288891871,0.6655495288891871,0.657433032989502,0.657433032989502,31500.0
1995-08-23,0.657432941169901,0.6817822164759106,0.657432941169901,0.6736660003662109,79200.0
1995-08-24,0.6655495762825012,0.6817823602454638,0.6655495762825012,0.6655495762825012,44100.0
1995-08-25,0.6817825862310891,0.6817825862310891,0.6655497968875594,0.677724301815033,96300.0
1995-08-28,0.6898991629488277,0.6898991629488277,0.6736664414447591,0.6817826628684998,109800.0
1995-08-29,0.6980156898498535,0.6980156898498535,0.6817826210214191,0.6980156898498535,153000.0
1995-08-30,0.6817823521523227,0.6980154145790531,0.6817823521523227,0.6898988485336304,63900.0
1995-08-31,0.6980156898498535,0.6980156898498535,0.6980156898498535,0.6980156898498535,2700.0
1995-09-01,0.6980154145790531,0.6980154145790531,0.6898988485336304,0.6898988485336304,60300.0
1995-09-05,0.6898991633095621,0.7061322331428528,0.6898991633095621,0.7061322331428528,47700.0
1995-09-06,0.7061322331428528,0.730481524404128,0.6980157330582809,0.7061322331428528,320400.0
1995-09-07,0.7304816097470911,0.7304816097470911,0.7061323156410614,0.714248538017273,60300.0
1995-09-08,0.7304811946386193,0.7467142571437211,0.7223646982181261,0.7385976910591125,108000.0
1995-09-11,0.7223646982181261,0.7467142571437211,0.7223646982181261,0.7385976910591125,80100.0
1995-09-12,0.7467143450801572,0.7467143450801572,0.7223647832870483,0.7223647832870483,3600.0
1995-09-13,0.730481358166649,0.762947142124176,0.730481358166649,0.762947142124176,187200.0
1995-09-14,0.7548304749077528,0.762946971328246,0.7385976910591125,0.7385976910591125,127800.0
1995-09-15,0.7629472525430812,0.7629472525430812,0.7385979632990398,0.7467145323753357,21600.0
1995-09-18,0.7385973457348604,0.7629466146197219,0.7385973457348604,0.7548301219940186,27900.0
1995-09-19,0.7385981107799227,0.7548309038531208,0.714248538017273,0.714248538017273,195300.0
1995-09-20,0.714248538017273,0.7385981107799227,0.714248538017273,0.714248538017273,123300.0
1995-09-21,0.7142484545708373,0.7223650243195561,0.7061322331428528,0.7061322331428528,76500.0
1995-09-22,0.7061323156410614,0.7304816097470911,0.7061323156410614,0.714248538017273,113400.0
1995-09-25,0.714248538017273,0.714248538017273,0.714248538017273,0.714248538017273,4500.0
1995-09-26,0.7183064997668224,0.7304812806633767,0.7142482162465963,0.7223647832870483,53100.0
1995-09-27,0.7304814442756064,0.7304814442756064,0.7142483762229657,0.7183066606521606,105300.0
1995-09-28,0.7142482162465963,0.7304812806633767,0.7142482162465963,0.7223647832870483,60300.0
1995-09-29,0.7385979322863246,0.7791802883148193,0.7304814332149705,0.7791802883148193,793800.0
1995-10-02,0.7467143427518392,0.779180123163551,0.7467143427518392,0.7710636258125305,51300.0
1995-10-03,0.7629472205079728,0.787296508729621,0.746714501021817,0.7791802883148193,147600.0
1995-10-04,0.787296508729621,0.7954130774651134,0.7710637892434652,0.7791802883148193,141300.0
1995-10-05,0.7954133434528632,0.7954133434528632,0.7710640470887635,0.7872967720031738,52200.0
1995-10-06,0.7710638464539508,0.7954131364822388,0.7710638464539508,0.7954131364822388,26100.0
1995-10-09,0.7954133434528632,0.7954133434528632,0.7710640470887635,0.7872967720031738,53100.0
1995-10-10,0.7710636258125305,0.7954129088732218,0.7710636258125305,0.7710636258125305,99900.0
1995-10-11,0.7832386307963813,0.7954131364822388,0.7710638464539508,0.7954131364822388,84600.0
1995-10-12,0.7710636258125305,0.7954129088732218,0.7710636258125305,0.7710636258125305,162000.0
1995-10-13,0.7710640470887635,0.7872967720031738,0.7710640470887635,0.7872967720031738,74700.0
1995-10-16,0.7710636300246076,0.7872963461588293,0.7710636300246076,0.783238410949707,797400.0
1995-10-17,0.7791803461275234,0.7954131364822388,0.7791803461275234,0.7954131364822388,243000.0
1995-10-18,0.7791803461275234,0.8035296361558114,0.7791803461275234,0.7954131364822388,141300.0
1995-10-19,0.8035295765364675,0.8035295765364675,0.7791802883148193,0.7791802883148193,13500.0
1995-10-20,0.8035292803121992,0.8441116213798523,0.7954127842330236,0.8441116213798523,419400.0
1995-10-23,0.8522283434867859,0.8765776291898859,0.827878779127162,0.8522283434867859,203400.0
1995-10-24,0.8522282145105464,0.8765774965286255,0.8522282145105464,0.8765774965286255,82800.0
1995-10-25,0.8765776291898859,0.8765776291898859,0.8522283434867859,0.8522283434867859,67500.0
1995-10-26,0.8522282275767933,0.8765775099681922,0.8441117304488721,0.868461012840271,269100.0
1995-10-27,0.8570340946291342,0.8570340946291342,0.8488718271255493,0.8488718271255493,143100.0
1995-10-30,0.8570340593653563,0.8570340593653563,0.8325471878051758,0.8325471878051758,68400.0
1995-10-31,0.8570342091897848,0.8570342091897848,0.8243853449821472,0.8243853449821472,72900.0
1995-11-01,0.8243850029593054,0.8488715884132454,0.8162226676940917,0.8162226676940918,223200.0
1995-11-02,0.8080608844757081,0.8325474845353463,0.8080608844757081,0.808060884475708,31500.0
1995-11-03,0.7998981372775648,0.8162226676940917,0.7998981372775648,0.8162226676940918,34200.0
1995-11-06,0.8325471878051758,0.8325471878051758,0.8325471878051758,0.8325471878051758,1800.0
1995-11-07,0.7998984691412365,0.8243853449821472,0.7998984691412365,0.8243853449821472,36900.0
1995-11-08,0.7998984456062317,0.7998984456062317,0.7998984456062317,0.7998984456062317,9000.0
1995-11-09,0.7998984456062317,0.8243853207266775,0.7998984456062317,0.7998984456062317,96300.0
1995-11-10,0.7998984456062317,0.7998984456062317,0.7998984456062317,0.7998984456062317,1800.0
1995-11-13,0.8080604024858282,0.8162226676940917,0.8080604024858282,0.8162226676940918,26100.0
1995-11-14,0.8080604024858282,0.8162226676940917,0.8080604024858282,0.8162226676940918,13500.0
1995-11-15,0.8203043246195111,0.8203043246195111,0.8080608844757081,0.808060884475708,101700.0
1995-11-16,0.8080608844757081,0.8080608844757081,0.8080608844757081,0.808060884475708,21600.0
1995-11-17,0.8080607377358804,0.8243853449821472,0.8080607377358804,0.8243853449821472,9900.0
1995-11-20,0.8080604024858282,0.8162226676940917,0.8080604024858282,0.8162226676940918,17100.0
1995-11-21,0.8080608446377519,0.8162231143122177,0.8080608446377519,0.812142014503479,45900.0
1995-11-22,0.8080607377358804,0.8243853449821472,0.8080607377358804,0.8243853449821472,9000.0
1995-11-24,0.8243853449821472,0.8243853449821472,0.8243853449821472,0.8243853449821472,0.0
1995-11-27,0.8243854946864428,0.8243854946864428,0.8080608844757081,0.808060884475708,69300.0
1995-11-28,0.8080604024858282,0.8243850029593054,0.8080604024858282,0.8162226676940918,31500.0
1995-11-29,0.8080608844757081,0.8080608844757081,0.8080608844757081,0.808060884475708,1800.0
1995-11-30,0.8080607377358804,0.8243853449821472,0.8080607377358804,0.8243853449821472,6300.0
1995-12-01,0.8243854946864428,0.8243854946864428,0.8080608844757081,0.808060884475708,22500.0
1995-12-04,0.8162226676940917,0.8162226676940917,0.8080604024858282,0.8162226676940918,186300.0
1995-12-05,0.8080604024858282,0.8243850029593054,0.8080604024858282,0.8162226676940918,18900.0
1995-12-06,0.8121420545426398,0.8325474845353463,0.8080608844757081,0.808060884475708,62100.0
1995-12-07,0.8080604024858282,0.8182631464249699,0.8080604024858282,0.8162226676940918,87300.0
1995-12-08,0.8080608446377519,0.812142014503479,0.8080608446377519,0.812142014503479,22500.0
1995-12-11,0.808060600302329,0.8203040361404419,0.808060600302329,0.8203040361404419,24300.0
1995-12-12,0.8121419070616919,0.8243853449821472,0.8121419070616919,0.8243853449821472,12600.0
1995-12-13,0.8325471878051758,0.8325471878051758,0.8080605964728631,0.8325471878051758,11700.0
1995-12-14,0.8080608844757081,0.8080608844757081,0.8080608844757081,0.808060884475708,1800.0
1995-12-15,0.8080608844757081,0.8080608844757081,0.8080608844757081,0.808060884475708,5400.0
1995-12-18,0.8080608844757081,0.8080608844757081,0.8080608844757081,0.808060884475708,368100.0
1995-12-19,0.8080602684694208,0.8162225323239768,0.7754114232220126,0.7835736870765686,1054800.0
1995-12-20,0.7998981477153139,0.7998981477153139,0.7590869612553577,0.7672492265701294,101700.0
1995-12-21,0.769290060848832,0.7794927358627319,0.7672493016637866,0.7794927358627319,46800.0
1995-12-22,0.7794926595707624,0.7794926595707624,0.7672492265701294,0.7672492265701294,11700.0
1995-12-26,0.7917365266148552,0.7917365266148552,0.7672499187506098,0.7754122614860535,72000.0
1995-12-27,0.767249089310518,0.7835736870765686,0.767249089310518,0.7835736870765686,11700.0
1995-12-28,0.783574534164483,0.783574534164483,0.7754122614860535,0.7754122614860535,86400.0
1995-12-29,0.7835746095476133,0.7917366027832032,0.7754123360839392,0.7917366027832031,69300.0
1996-01-02,0.7835736870765686,0.7917356707033704,0.7794925201208213,0.7835736870765686,20700.0
1996-01-03,0.7917366027832032,0.7917366027832032,0.7917366027832032,0.7917366027832031,3600.0
1996-01-04,0.7754122614860535,0.783574534164483,0.7754122614860535,0.7754122614860535,172800.0
1996-01-05,0.7754115895840961,0.7835738551898401,0.7590869883156544,0.7631681561470032,281700.0
1996-01-08,0.7631681561470032,0.7631681561470032,0.7631681561470032,0.7631681561470032,0.0
1996-01-09,0.775411973312696,0.775411973312696,0.7550061941146851,0.7550061941146851,97200.0
1996-01-10,0.7509255949304914,0.7754122008808972,0.7509255949304914,0.757047176361084,149400.0
1996-01-11,0.7509253745486265,0.775411973312696,0.7509253745486265,0.7550061941146851,124200.0
1996-01-12,0.7754122614860535,0.7754122614860535,0.7590876460721803,0.7754122614860535,122400.0
1996-01-15,0.7917362742649734,0.8080608844757081,0.7917362742649734,0.808060884475708,99000.0
1996-01-16,0.8039800480072248,0.8080612197675723,0.7835746095476133,0.7917366027832031,64800.0
1996-01-17,0.7917362352318317,0.812142014503479,0.7917362352318317,0.812142014503479,23400.0
1996-01-18,0.8162229823152107,0.8162229823152107,0.7998984456062317,0.7998984456062317,3600.0
1996-01-19,0.7917358123435911,0.7998981477153139,0.7672492265701294,0.7672492265701294,167400.0
1996-01-22,0.7672494728681425,0.7672494728681425,0.7509252172260849,0.7590872049331665,77400.0
1996-01-23,0.7672496209018093,0.7672496209018093,0.7509253621101379,0.7509253621101379,48600.0
1996-01-24,0.7509249761683904,0.7672492265701294,0.7509249761683904,0.7672492265701294,1800.0
1996-01-25,0.7509249761683904,0.7672492265701294,0.7509249761683904,0.7672492265701294,9000.0
1996-01-26,0.7590872049331665,0.7590872049331665,0.7590872049331665,0.7590872049331665,1800.0
1996-01-29,0.7722313404083252,0.7722313404083252,0.7722313404083252,0.7722313404083252,3600.0
1996-01-30,0.7722317593199904,0.7722317593199904,0.7558014988899231,0.7558014988899231,10800.0
1996-01-31,0.7558009751809859,0.7722312242262196,0.7558009751809859,0.7681236267089844,31500.0
1996-02-01,0.7558009751809859,0.7681236267089844,0.7558009751809859,0.7681236267089844,72000.0
1996-02-02,0.7558016965305926,0.7640166878700256,0.7558016965305926,0.7640166878700256,45000.0
1996-02-05,0.7558014988899231,0.7804471010707313,0.7558014988899231,0.7558014988899231,17100.0
1996-02-06,0.7558014988899231,0.7722317593199904,0.7558014988899231,0.7558014988899231,30600.0
1996-02-07,0.7558014988899231,0.7558014988899231,0.7558014988899231,0.7558014988899231,34200.0
1996-02-08,0.7558014988899231,0.7558014988899231,0.7558014988899231,0.7558014988899231,27900.0
1996-02-09,0.7558014988899231,0.7722317593199904,0.7558014988899231,0.7558014988899231,12600.0
1996-02-12,0.7558014988899231,0.7558014988899231,0.7558014988899231,0.7558014988899231,5400.0
1996-02-13,0.7558014988899231,0.7558014988899231,0.7558014988899231,0.7558014988899231,9000.0
1996-02-14,0.7804471010707313,0.7804471010707313,0.7558014988899231,0.7558014988899231,41400.0
1996-02-15,0.7804471010707313,0.7804471010707313,0.7558014988899231,0.7558014988899231,6300.0
1996-02-16,0.7558009751809859,0.7681236267089844,0.7558009751809859,0.7681236267089844,46800.0
1996-02-20,0.7558014988899231,0.7558014988899231,0.7558014988899231,0.7558014988899231,37800.0
1996-02-21,0.7558013520411342,0.764016339636228,0.7475860118865967,0.7475860118865967,42300.0
1996-02-22,0.7475860118865967,0.764016339636228,0.7475860118865967,0.7475860118865967,92700.0
1996-02-23,0.7475860118865967,0.7722316092788767,0.7475860118865967,0.7475860118865967,148500.0
1996-02-26,0.7475860118865967,0.7516936819638654,0.7475860118865967,0.7475860118865967,25200.0
1996-02-27,0.7475860770063569,0.7599087357521057,0.7475860770063569,0.7599087357521057,92700.0
1996-02-28,0.7475860118865967,0.7475860118865967,0.7475860118865967,0.7475860118865967,7200.0
1996-02-29,0.7475860118865967,0.7475860118865967,0.7475860118865967,0.7475860118865967,8100.0
1996-03-01,0.7475860118865967,0.764016339636228,0.7475860118865967,0.7475860118865967,63000.0
1996-03-04,0.7393707422439479,0.7475860118865967,0.7393707422439479,0.7475860118865967,193500.0
1996-03-05,0.7393703460693359,0.7393703460693359,0.7393703460693359,0.7393703460693359,17100.0
1996-03-06,0.7393703460693359,0.7455316716041126,0.7393703460693359,0.7393703460693359,63000.0
1996-03-07,0.7640159302558459,0.7640159302558459,0.7393703460693359,0.7393703460693359,53100.0
1996-03-08,0.7393707422439479,0.7558013520411342,0.7311554726012993,0.7475860118865967,25200.0
1996-03-11,0.7311556146615051,0.7558014988899231,0.7311556146615051,0.7558014988899231,10800.0
1996-03-12,0.7434780139456053,0.7434780139456053,0.7393703460693359,0.7393703460693359,45900.0
1996-03-13,0.7311555743217468,0.7311555743217468,0.7311555743217468,0.7311555743217468,900.0
1996-03-14,0.7558014988899231,0.7558014988899231,0.7558014988899231,0.7558014988899231,6300.0
1996-03-15,0.7311555743217468,0.7311555743217468,0.7311555743217468,0.7311555743217468,18000.0
1996-03-18,0.7311555743217468,0.7475861158929081,0.7311555743217468,0.7311555743217468,8100.0
1996-03-19,0.7311554726012993,0.7475860118865967,0.7311554726012993,0.7475860118865967,11700.0
1996-03-20,0.7558013520411342,0.7558013520411342,0.7311554726012993,0.7475860118865967,11700.0
1996-03-21,0.7311556146615051,0.7558014988899231,0.7311556146615051,0.7558014988899231,35100.0
1996-03-22,0.7475856113100235,0.7475856113100235,0.7393703460693359,0.7393703460693359,99000.0
1996-03-25,0.7311556146615051,0.7558014988899231,0.7311556146615051,0.7558014988899231,12600.0
1996-03-26,0.7311555150315039,0.7516937255859375,0.7311555150315039,0.7516937255859375,14400.0
1996-03-27,0.7393708451073275,0.7393708451073275,0.7311555743217468,0.7311555743217468,2700.0
1996-03-28,0.7311555743217468,0.7311555743217468,0.7311555743217468,0.7311555743217468,2700.0
1996-03-29,0.7311555743217468,0.7475861158929081,0.7311555743217468,0.7311555743217468,11700.0
1996-04-01,0.7516938280145526,0.7558014988899231,0.7311556146615051,0.7558014988899231,116100.0
1996-04-02,0.7311556146615051,0.7558014988899231,0.7311556146615051,0.7558014988899231,19800.0
1996-04-03,0.764016383973405,0.764016383973405,0.7516937255859375,0.7516937255859375,18900.0
1996-04-04,0.7640161923185612,0.7640161923185612,0.7352629303932189,0.735262930393219,5400.0
1996-04-08,0.7352634072949202,0.7640166878700256,0.7352634072949202,0.7640166878700256,30600.0
1996-04-09,0.7352626781930667,0.7393703460693359,0.7311550808286484,0.7393703460693359,18000.0
1996-04-10,0.7311556146615051,0.7558014988899231,0.7311556146615051,0.7558014988899231,25200.0
1996-04-11,0.7558014988899231,0.7558014988899231,0.7558014988899231,0.7558014988899231,0.0
1996-04-12,0.7311553316198665,0.7516935370222542,0.7311553316198665,0.735262930393219,12600.0
1996-04-15,0.7558014988899231,0.7558014988899231,0.7558014988899231,0.7558014988899231,900.0
1996-04-16,0.7311553316198665,0.7352629303932189,0.7311553316198665,0.735262930393219,117000.0
1996-04-17,0.7558014571903872,0.7558014571903872,0.7311555743217468,0.7311555743217468,24300.0
1996-04-18,0.7311556146615051,0.7558014988899231,0.7311556146615051,0.7558014988899231,48600.0
1996-04-19,0.7558014988899231,0.7558014988899231,0.7558014988899231,0.7558014988899231,900.0
1996-04-22,0.7558009470625621,0.7640159302558459,0.7393703460693359,0.7393703460693359,53100.0
1996-04-23,0.7640159302558459,0.7640159302558459,0.7393703460693359,0.7393703460693359,124200.0
1996-04-24,0.7640160736260153,0.7722313404083252,0.7393704848146783,0.7722313404083252,136800.0
1996-04-25,0.7886622548103333,0.7886622548103333,0.7558013862864793,0.7886622548103333,223200.0
1996-04-26,0.7936220461298719,0.7936220461298719,0.7770881056785583,0.7770881056785583,78300.0
1996-04-29,0.793622612953186,0.793622612953186,0.7770886606929479,0.793622612953186,81900.0
1996-04-30,0.8018890023231506,0.8101560111735944,0.7770884015039721,0.8018890023231506,193500.0
1996-05-01,0.8101560229374923,0.826689898967743,0.7936223597733211,0.8266898989677429,60300.0
1996-05-02,0.7936223597733211,0.826689898967743,0.7936223597733211,0.8266898989677429,37800.0
1996-05-03,0.8266904104411327,0.8266904104411327,0.7936228507878104,0.810156524181366,105300.0
1996-05-06,0.826689898967743,0.826689898967743,0.826689898967743,0.8266898989677429,25200.0
1996-05-07,0.7936223482495008,0.8184229490686794,0.7936223482495008,0.8018890023231506,198000.0
1996-05-08,0.8184230279538701,0.8184230279538701,0.806022584438324,0.806022584438324,7200.0
1996-05-09,0.7936223482495008,0.8101560111735944,0.7936223482495008,0.8018890023231506,16200.0
1996-05-10,0.793622612953186,0.793622612953186,0.793622612953186,0.793622612953186,9900.0
1996-05-13,0.818423330783844,0.818423330783844,0.818423330783844,0.818423330783844,900.0
1996-05-14,0.7936227183975834,0.818423330783844,0.7936227183975834,0.818423330783844,9000.0
1996-05-15,0.8122232486426707,0.818423330783844,0.8122232486426707,0.818423330783844,5400.0
1996-05-16,0.7936228507878104,0.8122233841357933,0.7936228507878104,0.810156524181366,27000.0
1996-05-17,0.8101560892619613,0.8101560892619613,0.7936224247442403,0.806022584438324,23400.0
1996-05-20,0.806022584438324,0.806022584438324,0.806022584438324,0.806022584438324,0.0
1996-05-21,0.810156524181366,0.810156524181366,0.810156524181366,0.810156524181366,900.0
1996-05-22,0.8266904104411327,0.8266904104411327,0.8018895100960789,0.810156524181366,88650.0
1996-05-23,0.826689898967743,0.826689898967743,0.7936223597733211,0.8266898989677429,174150.0
1996-05-24,0.826689898967743,0.826689898967743,0.8018890139670072,0.8266898989677429,25650.0
1996-05-28,0.8266904104411327,0.8266904104411327,0.7853559076579271,0.810156524181366,252450.0
1996-05-29,0.826689898967743,0.826689898967743,0.7853554217581957,0.8266898989677429,28800.0
1996-05-30,0.8018890139670072,0.826689898967743,0.8018890139670072,0.8266898989677429,17100.0
1996-05-31,0.8266904104411327,0.8266904104411327,0.7936228507878104,0.810156524181366,67500.0
1996-06-03,0.810156524181366,0.810156524181366,0.810156524181366,0.810156524181366,10350.0
1996-06-04,0.8018886970565358,0.8101557027598584,0.7770881056785583,0.7770881056785583,18450.0
1996-06-05,0.7770885574229505,0.8101561737274265,0.7770885574229505,0.7853555679321289,14850.0
1996-06-06,0.7770885574229505,0.8101561737274265,0.7770885574229505,0.7853555679321289,45000.0
1996-06-07,0.7770885574229505,0.7936225074859345,0.7770885574229505,0.7853555679321289,23400.0
1996-06-10,0.7812224006152835,0.810156524181366,0.77708889357264,0.810156524181366,9450.0
1996-06-11,0.8101557027598584,0.8101557027598584,0.7770881056785583,0.7770881056785583,7650.0
1996-06-12,0.7770881056785583,0.7936220461298719,0.7770881056785583,0.7770881056785583,46800.0
1996-06-13,0.7894885432782106,0.7936220461298719,0.7605545200039037,0.7770881056785583,120600.0
1996-06-14,0.7605545200039037,0.7770881056785583,0.7605545200039037,0.7770881056785583,52650.0
1996-06-17,0.793622612953186,0.793622612953186,0.760555063209622,0.793622612953186,30600.0
1996-06-18,0.760555063209622,0.793622612953186,0.760555063209622,0.793622612953186,24750.0
1996-06-19,0.76055508852005,0.7936226393640654,0.76055508852005,0.76055508852005,31050.0
1996-06-20,0.793622612953186,0.793622612953186,0.760555063209622,0.793622612953186,35100.0
1996-06-21,0.7936223482495008,0.8101560111735944,0.7770884015039721,0.8018890023231506,113400.0
1996-06-24,0.8101562813918943,0.8184232220443222,0.793622612953186,0.793622612953186,108000.0
1996-06-25,0.8184231132812321,0.8184231132812321,0.7770885574229505,0.7853555679321289,35550.0
1996-06-26,0.7770881056785583,0.8184226375078492,0.7770881056785583,0.7770881056785583,11250.0
1996-06-27,0.7936221115138551,0.7936221115138551,0.7440206408500671,0.7440206408500671,27450.0
1996-06-28,0.7440206408500671,0.7853551760847779,0.7440206408500671,0.7440206408500671,59400.0
1996-07-01,0.7770881056785583,0.7770881056785583,0.7605545200039037,0.7770881056785583,4050.0
1996-07-02,0.7605545200039037,0.7770881056785583,0.7440205795525902,0.7770881056785583,14400.0
1996-07-03,0.7605552364090832,0.7688218951225281,0.7564217296638642,0.7688218951225281,57600.0
1996-07-05,0.7688217200405201,0.793622612953186,0.7522880516018117,0.793622612953186,11250.0
1996-07-08,0.7522880766371228,0.76055508852005,0.7522880766371228,0.76055508852005,17100.0
1996-07-09,0.752287983894348,0.7936225415255274,0.752287983894348,0.7522879838943481,16200.0
1996-07-10,0.7522880766371228,0.76055508852005,0.7522880766371228,0.76055508852005,49500.0
1996-07-11,0.7936226393640654,0.7936226393640654,0.76055508852005,0.76055508852005,30600.0
1996-07-12,0.7770886865535958,0.7770886865535958,0.7440211357095804,0.76055508852005,21150.0
1996-07-15,0.7440211357095804,0.76055508852005,0.7440211357095804,0.76055508852005,57600.0
1996-07-16,0.76055508852005,0.76055508852005,0.7274871828991106,0.76055508852005,61200.0
1996-07-17,0.7440206408500671,0.7605545826635591,0.7440206408500671,0.7440206408500671,38250.0
1996-07-18,0.76055508852005,0.76055508852005,0.76055508852005,0.76055508852005,2250.0
1996-07-19,0.7398877143502853,0.7605551754648727,0.7274872660636902,0.7274872660636902,161100.0
1996-07-22,0.7522881626368806,0.7605551754648727,0.7274872660636902,0.7274872660636902,56700.0
1996-07-23,0.76055508852005,0.76055508852005,0.76055508852005,0.76055508852005,450.0
1996-07-24,0.7274872660636902,0.7440212207642815,0.7274872660636902,0.7274872660636902,67050.0
1996-07-25,0.7274871828991106,0.76055508852005,0.7274871828991106,0.76055508852005,4050.0
1996-07-26,0.7522881626368806,0.7522881626368806,0.7274872660636902,0.7274872660636902,121950.0
1996-07-29,0.732816664903006,0.7577992469510865,0.732816664903006,0.7411442399024963,28350.0
1996-07-30,0.7328166850344741,0.7577992677688599,0.7328166850344741,0.7577992677688599,3150.0
1996-07-31,0.7577989260075583,0.7577989260075583,0.7494714260101318,0.7494714260101318,7200.0
1996-08-01,0.7328166850344741,0.7577992677688599,0.7328166850344741,0.7577992677688599,133200.0
1996-08-02,0.7411442399024963,0.7577992469510865,0.7411442399024963,0.7411442399024963,172350.0
1996-08-05,0.7411442399024963,0.7411442399024963,0.7411442399024963,0.7411442399024963,27450.0
1996-08-06,0.7411440287112602,0.757799031013957,0.7411440287112602,0.7453077435493469,9450.0
1996-08-07,0.7411442399024963,0.7411442399024963,0.7411442399024963,0.7411442399024963,8100.0
1996-08-08,0.7411442399024963,0.7411442399024963,0.7411442399024963,0.7411442399024963,28800.0
1996-08-09,0.7411442399024963,0.7411442399024963,0.7411442399024963,0.7411442399024963,0.0
1996-08-12,0.74114453885604,0.7473903298377991,0.74114453885604,0.7473903298377991,13050.0
1996-08-13,0.7411442855935063,0.766126869181745,0.7369804978370667,0.7369804978370667,57150.0
1996-08-14,0.757799649100722,0.7661272285194979,0.7328170537948608,0.7328170537948608,26550.0
1996-08-15,0.7161623238087083,0.7661272285194979,0.7161623238087083,0.7328170537948608,19800.0
1996-08-16,0.716161943755197,0.7661268219505768,0.716161943755197,0.7411442399024963,41850.0
1996-08-19,0.7661272285194979,0.7661272285194979,0.7328170537948608,0.7328170537948608,55350.0
1996-08-20,0.7328165660149435,0.749471642291252,0.716161847114563,0.716161847114563,39150.0
1996-08-21,0.7161616404459209,0.7494714260101318,0.7161616404459209,0.7494714260101318,9900.0
1996-08-22,0.7161623004111044,0.7411446089998405,0.7161623004111044,0.7244898080825806,11700.0
1996-08-23,0.7494714260101318,0.7494714260101318,0.7161616404459209,0.7494714260101318,34650.0
1996-08-26,0.724489447279492,0.7494717434267915,0.724489447279492,0.7411442399024963,149400.0
1996-08-27,0.7411442399024963,0.7411442399024963,0.724489447279492,0.7411442399024963,13500.0
1996-08-28,0.7494714260101318,0.7494714260101318,0.7494714260101318,0.7494714260101318,900.0
1996-08-29,0.7411442399024963,0.7494717434267915,0.724489447279492,0.7411442399024963,54000.0
1996-08-30,0.7411446089998405,0.7411446089998405,0.7244898080825806,0.7244898080825806,18000.0
1996-09-03,0.724489447279492,0.7411442399024963,0.724489447279492,0.7411442399024963,39600.0
1996-09-04,0.7244898080825806,0.7411446089998405,0.7244898080825806,0.7244898080825806,16650.0
1996-09-05,0.7328170537948608,0.7494721411571793,0.7244898317522509,0.7328170537948608,92250.0
1996-09-06,0.7411446332136367,0.757799649100722,0.7244898317522509,0.7328170537948608,56700.0
1996-09-09,0.7744544505621077,0.7744544505621077,0.7328170537948608,0.7328170537948608,20250.0
1996-09-10,0.7411442602627342,0.7744540608493939,0.7411442602627342,0.7577992677688599,74700.0
1996-09-11,0.7577994134887,0.7661269903182983,0.7577994134887,0.7661269903182983,40050.0
1996-09-12,0.7494717640157971,0.7577992677688599,0.7494717640157971,0.7577992677688599,22950.0
1996-09-13,0.7494717501733601,0.799436628818512,0.7494717501733601,0.799436628818512,103950.0
1996-09-16,0.7494717640157971,0.7827815646024568,0.7494717640157971,0.7577992677688599,29250.0
1996-09-17,0.7661271342221985,0.7827818621584356,0.7661271342221985,0.7744543552398682,128250.0
1996-09-18,0.7911094405522272,0.7911094405522272,0.7744543552398683,0.7744543552398682,14400.0
1996-09-19,0.7911088753733863,0.7911088753733863,0.7744538019596361,0.7827813029289246,35100.0
1996-09-20,0.7744540656040774,0.7911091446876526,0.7744540656040774,0.7911091446876526,21600.0
1996-09-23,0.8077635914112697,0.8077635914112697,0.7827813029289246,0.7827813029289246,44550.0
1996-09-24,0.8077638663952394,0.8077638663952394,0.7827815694082662,0.7911091446876526,39600.0
1996-09-25,0.8077638663952394,0.8077638663952394,0.7911091446876526,0.7911091446876526,149400.0
1996-09-26,0.807763740896146,0.807763740896146,0.7911090217761377,0.8036003112792969,49950.0
1996-09-27,0.7994369175023952,0.8160917162895202,0.7994369175023952,0.8160917162895203,122850.0
1996-09-30,0.8160917162895202,0.8160917162895202,0.7994369175023952,0.8160917162895203,27000.0
1996-10-01,0.7994368335140707,0.8160916305514533,0.7994368335140707,0.8077640533447266,22950.0
1996-10-02,0.7994369175023952,0.8160917162895202,0.7994369175023952,0.8160917162895203,134550.0
1996-10-03,0.8036007065432036,0.8160917162895202,0.8036007065432036,0.8160917162895203,559800.0
1996-10-04,0.8119279272487118,0.841074307583927,0.8119279272487118,0.8160917162895203,224100.0
1996-10-07,0.8244188243427838,0.8327463269233705,0.8160913217621971,0.8327463269233704,234450.0
1996-10-08,0.8410741357851531,0.8494013547897339,0.8119277614034099,0.8494013547897339,193050.0
1996-10-09,0.8494017700645126,0.8660568594932557,0.8410745469887303,0.8660568594932556,75150.0
1996-10-10,0.8494017700645126,0.8993666809745315,0.8494017700645126,0.8660568594932556,134550.0
1996-10-11,0.8660564360757596,0.8827111599857497,0.8494013547897339,0.8494013547897339,72000.0
1996-10-14,0.8660566683161101,0.8660566683161101,0.8494015825638837,0.8618928790092468,31050.0
1996-10-15,0.8660564360757596,0.8827111599857497,0.8494013547897339,0.8494013547897339,10350.0
1996-10-16,0.86605621404508,0.8993660107014692,0.8494011370289136,0.8827109336853027,68400.0
1996-10-17,0.8660565899247785,0.899366401038054,0.8660565899247785,0.8910388946533203,31050.0
1996-10-18,0.8827115915457885,0.8993666809745315,0.8660568594932557,0.8660568594932556,19350.0
1996-10-21,0.8494013547897339,0.8494013547897339,0.8494013547897339,0.8494013547897339,3600.0
1996-10-22,0.8993659615516663,0.8993659615516663,0.8660561667156372,0.8993659615516663,24750.0
1996-10-23,0.8494017700645126,0.8660568594932557,0.8494017700645126,0.8660568594932556,13500.0
1996-10-24,0.8827111599857497,0.8827111599857497,0.8494013547897339,0.8494013547897339,5850.0
1996-10-25,0.8494013547897339,0.8494013547897339,0.8494013547897339,0.8494013547897339,8550.0
1996-10-28,0.8827109135557674,0.8827109135557674,0.8327463269233705,0.8327463269233704,144450.0
1996-10-29,0.8381100898394271,0.8632532954216003,0.8381100898394271,0.8632532954216003,13950.0
1996-10-30,0.8381105398381872,0.8464917567367509,0.8213482499122621,0.821348249912262,52650.0
1996-10-31,0.8213481588621805,0.8381104469299318,0.804586086601209,0.8381104469299316,60300.0
1996-11-01,0.8045862174443837,0.829729437828064,0.8045862174443837,0.829729437828064,2250.0
1996-11-04,0.8045863509178162,0.8297295754725247,0.8045863509178162,0.8045863509178162,22050.0
1996-11-05,0.8297293028960561,0.8381104469299318,0.7962049425673334,0.8381104469299316,46350.0
1996-11-06,0.8087768579554202,0.8464918338871417,0.7962051033973694,0.7962051033973694,5850.0
1996-11-07,0.7962051033973694,0.7962051033973694,0.7962051033973694,0.7962051033973694,0.0
1996-11-08,0.8464913964271547,0.8464913964271547,0.8464913964271547,0.8464913964271545,36000.0
1996-11-11,0.8464913964271547,0.8464913964271547,0.8464913964271547,0.8464913964271545,48600.0
1996-11-12,0.8464913964271547,0.8464913964271547,0.8213479003050107,0.8464913964271545,13050.0
1996-11-13,0.8464913022379434,0.8632532954216003,0.8297289493764733,0.8632532954216003,65250.0
1996-11-14,0.8381101830960596,0.8632533914759211,0.8381101830960596,0.8464913964271545,73350.0
1996-11-15,0.8569675659616197,0.8632532954216003,0.8381100898394271,0.8632532954216003,28800.0
1996-11-18,0.8632533678815395,0.8800157221500114,0.8381101601888905,0.8548722267150879,122850.0
1996-11-19,0.8883965755741886,0.8883965755741886,0.8548722267150879,0.8548722267150879,6750.0
1996-11-20,0.8716349748853278,0.9219217007380444,0.8716349748853278,0.9009687304496765,270450.0
1996-11-21,0.905159016539649,0.9219213724136353,0.8800158064387594,0.9219213724136353,105750.0
1996-11-22,0.8967778745704436,0.9219213724136353,0.8967778745704436,0.9219213724136353,52200.0
1996-11-25,0.9135407209396363,0.9219219400044013,0.8967784266813459,0.9135407209396362,242550.0
1996-11-26,0.8967778745704436,0.9219213724136353,0.8967778745704436,0.9219213724136353,36450.0
1996-11-27,0.9219213724136353,0.9219213724136353,0.8967778745704436,0.9219213724136353,8100.0
1996-11-29,0.8967785043778397,0.9051596522331238,0.8967785043778397,0.9051596522331238,32400.0
1996-12-02,0.9219213724136353,0.9219213724136353,0.9219213724136353,0.9219213724136353,4500.0
1996-12-03,0.9219213724136353,0.9219213724136353,0.9219213724136353,0.9219213724136353,2250.0
1996-12-04,0.9219213724136353,0.9219213724136353,0.9219213724136353,0.9219213724136353,27900.0
1996-12-05,0.8967776298522948,0.9051587695344037,0.8967776298522948,0.8967776298522949,32400.0
1996-12-06,0.8883973360061647,0.9072548298524675,0.8800164754083118,0.8883973360061646,69300.0
1996-12-09,0.9009689642781086,0.9135407209396363,0.8883972076165809,0.9135407209396362,21150.0
1996-12-10,0.9219220732389196,0.9219220732389196,0.8883973360061647,0.8883973360061646,900.0
1996-12-11,0.9051593557717075,0.9051593557717075,0.8883969936155891,0.8925876021385193,23850.0
1996-12-12,0.8967785562821685,0.9051597046225421,0.8883973360061647,0.8883973360061646,27900.0
1996-12-13,0.8883973360061647,0.8883973360061647,0.8883973360061647,0.8883973360061646,20250.0
1996-12-16,0.8883973360061647,0.9051597046225421,0.8758258652703099,0.8883973360061646,43650.0
1996-12-17,0.8716353178024291,0.8883973265624749,0.8716353178024291,0.8716353178024292,34200.0
1996-12-18,0.8800164754083118,0.8883973360061647,0.8716353270679381,0.8883973360061646,95400.0
1996-12-19,0.8883972845869295,0.9051596522331238,0.8632540568279552,0.9051596522331238,64800.0
1996-12-20,0.9051596522331238,0.9051596522331238,0.9051596522331238,0.9051596522331238,22500.0
1996-12-23,0.8716344266126359,0.9051587695344037,0.8716344266126359,0.8967776298522949,2700.0
1996-12-24,0.8716353178024291,0.8716353178024291,0.8716353178024291,0.8716353178024292,4500.0
1996-12-26,0.8716353178024291,0.8716353178024291,0.8716353178024291,0.8716353178024292,0.0
1996-12-27,0.8883973265624749,0.8883973265624749,0.8716353178024291,0.8716353178024292,14400.0
1996-12-30,0.9051596522331238,0.9051596522331238,0.8716352766188654,0.9051596522331238,44550.0
1996-12-31,0.8967776298522948,0.8967776298522948,0.8967776298522948,0.8967776298522949,5850.0
1997-01-02,0.8967785562821685,0.9135408529629158,0.8800164754083118,0.8883973360061646,123750.0
1997-01-03,0.8883972076165809,0.9135407209396363,0.8883972076165809,0.9135407209396362,9450.0
1997-01-06,0.9135408529629158,0.9135408529629158,0.8883973360061647,0.8883973360061646,14400.0
1997-01-07,0.9135401585088544,0.9219213724136353,0.905159016539649,0.9219213724136353,32400.0
1997-01-08,0.9219213724136353,0.9219213724136353,0.8967778745704436,0.9219213724136353,31500.0
1997-01-09,0.8967785043778397,0.9219220198793182,0.8967785043778397,0.9051596522331238,50400.0
1997-01-10,0.9051596522331238,0.9051596522331238,0.9051596522331238,0.9051596522331238,20700.0
1997-01-13,0.905159016539649,0.9219213724136353,0.905159016539649,0.9219213724136353,26550.0
1997-01-14,0.9051596522331238,0.913540800088408,0.9051596522331238,0.9051596522331238,15300.0
1997-01-15,0.9051596522331238,0.9051596522331238,0.9051596522331238,0.9051596522331238,2700.0
1997-01-16,0.9051593826167557,0.9386837482452393,0.9051593826167557,0.9386837482452393,30600.0
1997-01-17,0.9386840278473823,0.9386840278473823,0.9051596522331238,0.9051596522331238,43650.0
1997-01-20,0.9303023815155029,0.9386835248799851,0.9303023815155029,0.9303023815155029,28800.0
1997-01-21,0.9386839368692084,0.9805895282128456,0.9219219305257345,0.9554463028907776,158400.0
1997-01-22,0.9638265117257693,0.997351221143812,0.9638265117257693,0.9722077250480652,122400.0
1997-01-23,0.9722076747902167,0.9973511695861816,0.9722076747902167,0.9973511695861816,23850.0
1997-01-24,0.997351221143812,0.997351221143812,0.9722077250480652,0.9722077250480652,46800.0
1997-01-27,0.9722077250480652,1.0057320747882554,0.9722077250480652,0.9722077250480652,6750.0
1997-01-28,1.0057323832614657,1.0057323832614657,0.9722080232388514,0.9847797751426697,22950.0
1997-01-29,1.0112402835863499,1.0112402835863499,0.9775323271751403,0.9775323271751404,4950.0
1997-01-30,0.9775323271751403,1.0112402835863499,0.9775323271751403,0.9775323271751404,14400.0
1997-01-31,1.0112407895359192,1.0112407895359192,0.9775328162597506,0.9943869113922119,19800.0
1997-02-03,0.9943869113922118,1.0112407895359192,0.9943869113922118,0.9943869113922119,10800.0
1997-02-04,0.9775326033551611,1.011240569289804,0.9775326033551611,0.9859596490859985,58950.0
1997-02-05,0.9859598638259812,1.0112407895359192,0.9859598638259812,0.9943869113922119,132300.0
1997-02-06,0.9901732206344604,0.9901732206344604,0.9901732206344604,0.9901732206344604,3150.0
1997-02-07,0.9901732206344604,0.9901732206344604,0.9901732206344604,0.9901732206344604,0.0
1997-02-10,0.9943864984963148,1.0280945301055908,0.9943864984963148,1.0280945301055908,57150.0
1997-02-11,0.9943868437516349,1.0280948870644862,0.9943868437516349,1.0112407207489014,100350.0
1997-02-12,1.0112403696418437,1.0618024893853124,1.0112403696418437,1.0280945301055908,66600.0
1997-02-13,1.0618028580477579,1.0618028580477579,1.0112407207489014,1.0112407207489014,243450.0
1997-02-14,1.0618028580477579,1.0618028580477579,1.0112407207489014,1.0112407207489014,7650.0
1997-02-18,1.0112402723582687,1.0618023872375488,1.0112402723582687,1.0618023872375488,28800.0
1997-02-19,1.0112410525067395,1.0618032063935212,1.0112410525067395,1.0196681022644043,24750.0
1997-02-20,1.019667772970252,1.0618028634921535,1.019667772970252,1.044948697090149,33750.0
1997-02-21,1.0449486023758263,1.0533757209777832,1.0196676805473965,1.0533757209777832,58050.0
1997-02-24,1.053375445318216,1.053375445318216,1.0280945301055908,1.0280945301055908,188550.0
1997-02-25,1.0280946411206058,1.0618026040401576,1.0280946411206058,1.0407352447509766,65250.0
1997-02-26,1.0618028634921535,1.0618028634921535,1.044948697090149,1.044948697090149,135000.0
1997-02-27,1.0365218454217369,1.0533757209777832,1.0365218454217369,1.0533757209777832,60750.0
1997-02-28,1.0449486691133736,1.0533757882535437,1.0280948648105017,1.0365219116210938,124650.0
1997-03-03,1.0196677456703316,1.0533757882535437,1.0196677456703316,1.0365219116210938,126450.0
1997-03-04,1.0112407207489014,1.0112407207489014,1.0112407207489014,1.0112407207489014,1350.0
1997-03-05,1.0196676805473965,1.0533757209777832,1.0196676805473965,1.0533757209777832,45000.0
1997-03-06,1.0280947991493534,1.0533757209777832,1.0280947991493534,1.0533757209777832,109350.0
1997-03-07,1.0533758164559412,1.0533758164559412,1.0365219393722567,1.044948697090149,133200.0
1997-03-10,1.0533757209777832,1.0533757209777832,1.0365218454217369,1.0533757209777832,14850.0
1997-03-11,1.0533757209777832,1.0533757209777832,1.0449486023758263,1.0533757209777832,18450.0
1997-03-12,1.0533757209777832,1.0533757209777832,1.0449486023758263,1.0533757209777832,319500.0
1997-03-13,1.0533757209777832,1.0533757209777832,1.0449486023758263,1.0533757209777832,86400.0
1997-03-14,1.0280948923360442,1.0533758164559412,1.0280948923360442,1.044948697090149,58500.0
1997-03-17,1.036521574172687,1.053375445318216,1.0280945301055908,1.0280945301055908,13050.0
1997-03-18,1.044948697090149,1.044948697090149,1.0407354990551527,1.044948697090149,4050.0
1997-03-19,1.0196681022644043,1.0449490345485883,1.0196681022644043,1.0196681022644043,71550.0
1997-03-20,1.0407352447509766,1.0407352447509766,1.0407352447509766,1.0407352447509766,4500.0
1997-03-21,1.019667772970252,1.044948697090149,1.019667772970252,1.044948697090149,16200.0
1997-03-24,1.044948697090149,1.044948697090149,1.044948697090149,1.044948697090149,9000.0
1997-03-25,1.0280945301055908,1.0280945301055908,1.0280945301055908,1.0280945301055908,450.0
1997-03-26,1.0280948648105017,1.0365219116210938,1.0280948648105017,1.0365219116210938,12600.0
1997-03-27,1.0280948648105017,1.0449486691133736,1.0280948648105017,1.0365219116210938,33750.0
1997-03-31,1.0280948648105017,1.0449486691133736,1.0196677456703316,1.0365219116210938,143550.0
1997-04-01,1.0280948923360442,1.044948697090149,1.0280948923360442,1.044948697090149,140400.0
1997-04-02,1.0280948870644862,1.0280948870644862,1.0112407207489014,1.0112407207489014,57600.0
1997-04-03,1.0112407895359192,1.0112407895359192,0.9943869113922118,0.9943869113922119,87750.0
1997-04-04,0.9943869113922118,1.0112407895359192,0.9943869113922118,0.9943869113922119,62100.0
1997-04-07,1.028094956997965,1.028094956997965,0.9943869113922118,0.9943869113922119,8100.0
1997-04-08,0.9943869113922118,1.028094956997965,0.9943869113922118,0.9943869113922119,3600.0
1997-04-09,1.0112406988597396,1.0365219116210938,1.0112406988597396,1.0365219116210938,83700.0
1997-04-10,1.0112406988597396,1.0449486691133736,1.0112406988597396,1.0365219116210938,42750.0
1997-04-11,1.0112407259340397,1.044948697090149,1.0112407259340397,1.044948697090149,4050.0
1997-04-14,1.0449486917321729,1.0449486917321729,1.0112407207489014,1.0112407207489014,122400.0
1997-04-15,1.0112407207489014,1.0112407207489014,1.0112407207489014,1.0112407207489014,4950.0
1997-04-16,1.0112407207489014,1.0449486917321729,1.0112407207489014,1.0112407207489014,63900.0
1997-04-17,1.0112400916658784,1.0112400916658784,1.0028133392333984,1.0028133392333984,49500.0
1997-04-18,1.0112400916658784,1.0112400916658784,1.0028133392333984,1.0028133392333984,9900.0
1997-04-21,1.0112407895359192,1.0112407895359192,0.9943869113922118,0.9943869113922119,4500.0
1997-04-22,1.0028133392333984,1.0028133392333984,0.9943862251532452,1.0028133392333984,12600.0
1997-04-23,1.0112407895359192,1.0112407895359192,0.9943869113922118,0.9943869113922119,19350.0
1997-04-24,0.9943862251532452,1.0028133392333984,0.9943862251532452,1.0028133392333984,31500.0
1997-04-25,1.0028139630742172,1.0112407207489014,0.9943868437516349,1.0112407207489014,8100.0
1997-04-28,0.9997187852859496,1.0166630334374007,0.9997187852859496,0.9997187852859497,118350.0
1997-04-29,1.0166630334374007,1.0166630334374007,0.9997187852859496,0.9997187852859497,5400.0
1997-04-30,0.9997187852859496,0.9997187852859496,0.9997187852859496,0.9997187852859497,10350.0
1997-05-01,0.9997183298568155,1.008190631866455,0.9997183298568155,1.008190631866455,49500.0
1997-05-02,0.9997187852859496,1.0081910911552094,0.9997187852859496,0.9997187852859497,243900.0
1997-05-05,0.9997185912127278,1.016662836074829,0.9997185912127278,1.016662836074829,90000.0
1997-05-06,0.9997185912127278,1.016662836074829,0.9827741281984278,1.016662836074829,111600.0
1997-05-07,0.9827743189822574,0.9997187852859496,0.9827743189822574,0.9997187852859497,84600.0
1997-05-08,1.0166629083405212,1.0166629083405212,0.9827741980552672,0.9827741980552673,126000.0
1997-05-09,0.9827741281984278,1.016662836074829,0.9827741281984278,1.016662836074829,105750.0
1997-05-12,1.0166630334374007,1.0166630334374007,0.9827743189822574,0.9997187852859497,18000.0
1997-05-13,0.9827741281984278,1.016662836074829,0.9827741281984278,1.016662836074829,2700.0
1997-05-14,0.9827741281984278,1.016662836074829,0.9827741281984278,1.016662836074829,4950.0
1997-05-15,1.0166629083405212,1.0166629083405212,0.9827741980552672,0.9827741980552673,65700.0
1997-05-16,0.9827740522023436,1.0081908174757621,0.9827740522023436,0.9912462830543518,63000.0
1997-05-19,0.9827741980552672,0.9827741980552672,0.9827741980552672,0.9827741980552673,22950.0
1997-05-20,0.9827741281984278,1.016662836074829,0.9827741281984278,1.016662836074829,45000.0
1997-05-21,0.9827741980552672,1.0166629083405212,0.9743018932284955,0.9827741980552673,109350.0
1997-05-22,0.9997185912127278,1.016662836074829,0.9743018239738782,1.016662836074829,10800.0
1997-05-23,0.9997186622740013,0.9997186622740013,0.9827741980552672,0.9827741980552673,15750.0
1997-05-27,0.9743019342422486,1.0081910095411046,0.9743019342422486,0.9743019342422485,13500.0
1997-05-28,0.9743019342422486,1.0081910095411046,0.9743019342422486,0.9743019342422485,58500.0
1997-05-29,0.9743015692626582,1.0166625702891916,0.9743015692626582,1.008190631866455,23850.0
1997-05-30,0.9743018932284955,1.0166629083405212,0.9743018932284955,0.9827741980552673,22950.0
1997-06-02,0.9743018811618772,0.9912464178881599,0.9743018811618772,0.981715202331543,29700.0
1997-06-03,0.9743020131129977,0.9997187852859496,0.9658300708308063,0.9997187852859497,107100.0
1997-06-04,0.9827740935071447,0.9912463247152304,0.9658298492431642,0.9658298492431641,27450.0
1997-06-05,0.9658300708308063,0.9997187852859496,0.9658300708308063,0.9997187852859497,8100.0
1997-06-06,0.9997187043576867,0.9997187043576867,0.9743019342422486,0.9743019342422485,4950.0
1997-06-09,0.9743019342422486,0.9997187043576867,0.9743019342422486,0.9743019342422485,4500.0
1997-06-10,0.9997187852859496,0.9997187852859496,0.9743020131129977,0.9997187852859497,68400.0
1997-06-11,0.9997187852859496,1.0166630334374007,0.9912465521341035,0.9997187852859497,67050.0
1997-06-12,1.0166632818980001,1.0251355171203613,0.9997190296055721,1.0251355171203613,94950.0
1997-06-13,0.9997190296055721,1.0251355171203613,0.9997190296055721,1.0251355171203613,23850.0
1997-06-16,0.9997185139063599,1.0081908174757621,0.9912462830543518,0.9912462830543518,48600.0
1997-06-17,1.0166632818980001,1.0251355171203613,0.9997190296055721,1.0251355171203613,153000.0
1997-06-18,1.0081913375453648,1.0251355171203613,1.0081913375453648,1.0251355171203613,9900.0
1997-06-19,1.008190976516773,1.0420796871185303,1.008190976516773,1.0420796871185303,35100.0
1997-06-20,1.0420791143958985,1.0590233513081824,1.0166623590819628,1.0336068868637085,94500.0
1997-06-23,1.025135067581979,1.0590238481757799,1.016662836074829,1.016662836074829,27900.0
1997-06-24,1.050551051058627,1.050551051058627,1.0336068868637085,1.0336068868637085,56700.0
1997-06-25,1.033607454930037,1.0547877808903514,1.033607454930037,1.0420796871185303,103950.0
1997-06-26,1.0420796121115443,1.0590238571166992,1.0420796121115443,1.0590238571166992,106200.0
1997-06-27,1.0505515528206213,1.0590238571166992,1.0336073805328667,1.0590238571166992,108900.0
1997-06-30,1.0590233571582341,1.067495584737225,1.0505510568618774,1.0505510568618774,46350.0
1997-07-01,1.0674960886953768,1.0674960886953768,1.0505515528206213,1.0590238571166992,73800.0
1997-07-02,1.0674961526564293,1.084440689546449,1.0505516157664097,1.0759683847427368,222750.0
1997-07-03,1.1013857126235962,1.1013857126235962,1.0759692149067883,1.1013857126235962,18000.0
1997-07-07,1.1013857126235962,1.1013857126235962,1.1013857126235962,1.1013857126235962,9000.0
1997-07-08,1.0759684272602326,1.101384906371288,1.0759684272602326,1.0929126739501953,101700.0
1997-07-09,1.0759686199464564,1.118329644203186,1.0759686199464564,1.118329644203186,17100.0
1997-07-10,1.0759686199464564,1.118329644203186,1.0759686199464564,1.118329644203186,21150.0
1997-07-11,1.1183294439308804,1.1183294439308804,1.0929126739501953,1.0929126739501953,14850.0
1997-07-14,1.0929128696708232,1.118329644203186,1.0929128696708232,1.118329644203186,70200.0
1997-07-15,1.1013845390304369,1.1437455415725708,1.1013845390304369,1.1437455415725708,51300.0
1997-07-16,1.1140929197821985,1.1437455415725708,1.1013845390304369,1.1437455415725708,54450.0
1997-07-17,1.1013857126235962,1.1013857126235962,1.1013857126235962,1.1013857126235962,20700.0
1997-07-18,1.1013846597363222,1.1437456669209967,1.1013846597363222,1.1268011331558228,47250.0
1997-07-21,1.135274521680928,1.135274521680928,1.1013857126235962,1.1013857126235962,29700.0
1997-07-22,1.1013851036091373,1.118329644203186,1.1013851036091373,1.118329644203186,54000.0
1997-07-23,1.1437460356543283,1.1437460356543283,1.1098573207855225,1.1098573207855225,40050.0
1997-07-24,1.1437458073468638,1.1522180389109518,1.126801271501288,1.1352735757827759,56700.0
1997-07-25,1.1352736393321352,1.1522181034088135,1.1352736393321352,1.1522181034088135,32400.0
1997-07-28,1.1352735757827759,1.1352735757827759,1.1352735757827759,1.1352735757827759,12150.0
1997-07-29,1.1407219627860818,1.1747733090425976,1.1407219627860818,1.157747745513916,56250.0
1997-07-30,1.1747725886336842,1.2343627185721067,1.1577470355456279,1.1832854747772217,213300.0
1997-07-31,1.2088248573341698,1.2173378231872725,1.1747735053865342,1.2003122568130493,20700.0
1997-08-01,1.1747735053865342,1.2173378231872725,1.1747735053865342,1.2003122568130493,68400.0
1997-08-04,1.2258500129945817,1.2258500129945817,1.183285719602883,1.187542200088501,47250.0
1997-08-05,1.2258503795787297,1.2258503795787297,1.1832860734583976,1.2173374891281128,19800.0
1997-08-06,1.2258503437042236,1.2258503437042236,1.2088244902348748,1.2258503437042236,14850.0
1997-08-07,1.2258507159739787,1.2258507159739787,1.1832863981732404,1.2003122568130493,29250.0
1997-08-08,1.2258497593622297,1.2258497593622297,1.1832854747772217,1.1832854747772217,31950.0
1997-08-11,1.1832860388295359,1.2258503437042236,1.1832860388295359,1.2258503437042236,16200.0
1997-08-12,1.1832860734583976,1.2258503795787297,1.1832860734583976,1.2173374891281128,72900.0
1997-08-13,1.2258503437042236,1.2258503437042236,1.1917990020973974,1.2258503437042236,35550.0
1997-08-14,1.1917990020973974,1.2684145755125371,1.1917990020973974,1.2258503437042236,66600.0
1997-08-15,1.2769283056259155,1.2769283056259155,1.2258510798758637,1.2769283056259155,29700.0
1997-08-18,1.2343635559082031,1.2769277963005166,1.2343635559082031,1.2343635559082031,30150.0
1997-08-19,1.251388606081329,1.3450300188208344,1.251388606081329,1.328004240989685,176850.0
1997-08-20,1.3280044169965701,1.4301588052570315,1.3280044169965701,1.4131330251693726,1539450.0
1997-08-21,1.43015896397546,1.5152872893302756,1.3790817641767035,1.4897488355636597,163800.0
1997-08-22,1.464210749137733,1.4812362431207315,1.3961078964089455,1.4216463565826416,190800.0
1997-08-25,1.4131330251693726,1.4642102192996032,1.4131330251693726,1.4131330251693726,20700.0
1997-08-26,1.4642102192996032,1.4642102192996032,1.4131330251693726,1.4131330251693726,30150.0
1997-08-27,1.4131334048340576,1.447184681892395,1.4131334048340576,1.447184681892395,143550.0
1997-08-28,1.4471839894488938,1.5237996184369471,1.4471839894488938,1.5152868032455444,77400.0
1997-08-29,1.4982619285583496,1.5493391377345949,1.4897491090732382,1.4982619285583496,101250.0
1997-09-02,1.4982611965184787,1.5833897881747274,1.4982611965184787,1.5450819730758667,60300.0
1997-09-03,1.6174419529989557,1.719596077009106,1.5833905296179769,1.7025704383850098,154350.0
1997-09-04,1.7195954729740597,1.8558011186535923,1.7195954729740597,1.7876981496810913,709200.0
1997-09-05,1.8132376314749468,1.8132376314749468,1.753647454486396,1.7621604204177856,170550.0
1997-09-08,1.8132380204135845,1.8132380204135845,1.7366223335266113,1.7366223335266113,69750.0
1997-09-09,1.7195961752920144,1.7706733863491755,1.7110832093606247,1.7621604204177856,47700.0
1997-09-10,1.7110824584960938,1.7110824584960938,1.7110824584960938,1.7110824584960938,5850.0
1997-09-11,1.7706732851469673,1.7706732851469673,1.7025704383850098,1.7025704383850098,101700.0
1997-09-12,1.7025705082148395,1.7451346065208195,1.7025705082148395,1.7195961475372314,223200.0
1997-09-15,1.7451345349452507,1.7451345349452507,1.7025704383850098,1.7025704383850098,131850.0
1997-09-16,1.7025705082148395,1.7451346065208195,1.7025705082148395,1.7195961475372314,72900.0
1997-09-17,1.711083111564272,1.753647354257299,1.7025704383850098,1.7025704383850098,48600.0
1997-09-18,1.7025704383850098,1.753647354257299,1.7025704383850098,1.7025704383850098,22050.0
1997-09-19,1.7366217284862566,1.7536472196709192,1.702570307718607,1.7281087636947632,139500.0
1997-09-22,1.736621244932648,1.7536467313766482,1.736621244932648,1.753646731376648,52200.0
1997-09-23,1.7195954662231798,1.7536467313766482,1.7195954662231798,1.753646731376648,108000.0
1997-09-24,1.7536478306429684,1.7536478306429684,1.7110835763871861,1.7366223335266113,175050.0
1997-09-25,1.7706733577699914,1.7706733577699914,1.7110831817432435,1.7195961475372314,81900.0
1997-09-26,1.736621244932648,1.7536467313766482,1.736621244932648,1.753646731376648,114300.0
1997-09-29,1.7366212517503685,1.7876981496810915,1.7366212517503685,1.7876981496810913,71550.0
1997-09-30,1.787698958259085,1.8047247447361738,1.745134711265564,1.745134711265564,22050.0
1997-10-01,1.8047234519519466,1.8558006286621094,1.7536462752417838,1.8558006286621094,67950.0
1997-10-02,1.8558005908041044,1.8728262186050415,1.8387748168704743,1.8728262186050415,96300.0
1997-10-03,1.906878010258067,1.9239039351106253,1.8387753337769723,1.889852523803711,1158750.0
1997-10-06,1.8558006286621094,1.9068775131068803,1.8387748543811564,1.8558006286621094,60300.0
1997-10-07,1.8813396474704673,2.1111865747107426,1.877083239128915,2.094160795211792,212400.0
1997-10-08,2.0601091384887695,2.145237733641255,2.0430836532706302,2.0601091384887695,451350.0
1997-10-09,2.0260578757870435,2.1111863248068055,2.0260578757870435,2.0601091384887695,104850.0
1997-10-10,2.0771360113767288,2.1282129287719727,2.047340996763379,2.1282129287719727,117900.0
1997-10-13,2.1111876065847226,2.2133417489768012,2.1111876065847226,2.162264823913574,70200.0
1997-10-14,2.179289045955155,2.2473917144750684,2.14523763862884,2.2303662300109863,95400.0
1997-10-15,2.162264182273865,2.247392511584037,2.1111869801018854,2.1452383995056152,153450.0
1997-10-16,2.2473910660466703,2.2473910660466703,2.077134370803833,2.077134370803833,112500.0
1997-10-17,2.077135561615432,2.077135561615432,1.9749811644132318,2.043084144592285,82800.0
1997-10-20,1.9920069459911847,2.0601096339047205,1.9920069459911847,2.043084144592285,49950.0
1997-10-21,2.077135705783166,2.1792898178100586,2.043084286396612,2.1792898178100586,82350.0
1997-10-22,2.0941607254323786,2.1792893278250838,2.0941607254323786,2.1111865043640137,63000.0
1997-10-23,2.1282119561576684,2.1622635111248414,2.0260578757870435,2.0601091384887695,108450.0
1997-10-24,2.1622627914915893,2.1622627914915893,2.043082973302196,2.077134370803833,47700.0
1997-10-27,2.1111868981352493,2.1111868981352493,1.9834940437957325,2.0515968799591064,47700.0
1997-10-28,1.9749805131789193,1.9834933280944826,1.838775036131775,1.9834933280944824,69300.0
1997-10-29,2.0316381427444887,2.2194364947690435,1.9804202771603292,2.1170010566711426,198000.0
1997-10-30,2.134074885861751,2.146879433355572,2.0487120662696396,2.065784454345703,76950.0
1997-10-31,2.0487115383148193,2.1170018056971047,2.0487115383148193,2.0487115383148193,99000.0
1997-11-03,2.117001714066453,2.117001714066453,2.057247567841137,2.0828566551208496,56250.0
1997-11-04,2.0999291289500874,2.0999291289500874,2.0316388615678025,2.0487115383148193,70650.0
1997-11-05,2.0828567452735927,2.0828567452735927,2.0487115383148193,2.0487115383148193,40500.0
1997-11-06,2.065784454345703,2.065784454345703,2.0487120662696396,2.065784454345703,3600.0
1997-11-07,2.065784454345703,2.065784454345703,2.0487120662696396,2.065784454345703,40950.0
1997-11-10,2.0487120275497106,2.082857242662402,2.0487120275497106,2.0785889625549316,11700.0
1997-11-11,2.0487120662696396,2.108466083944707,2.0487120662696396,2.065784454345703,65250.0
1997-11-12,2.031639385122978,2.065784454345703,2.0145668505116157,2.065784454345703,29250.0
1997-11-13,2.065783921991314,2.065783921991314,2.023102449926663,2.0487115383148193,16200.0
1997-11-14,2.0743204449723343,2.0743204449723343,2.0273706912994385,2.0273706912994385,41850.0
1997-11-17,2.185293003349958,2.219438076019287,2.117002564940672,2.219438076019287,40275.0
1997-11-18,2.2194377890490977,2.2535830038388123,2.1511475060049627,2.1852927207946777,74250.0
1997-11-19,2.2535830038388123,2.2535830038388123,2.1511475060049627,2.1852927207946777,83025.0
1997-11-20,2.2535830038388123,2.2535830038388123,2.1511475060049627,2.1852927207946777,33300.0
1997-11-21,2.2535829020336866,2.2535829020336866,2.1511474088273386,2.2365105152130127,97650.0
1997-11-24,2.253582512791326,2.253582512791326,2.1511470372777968,2.202364921569824,40500.0
1997-11-25,2.2023655790520977,2.2023655790520977,2.117002461926631,2.142611265182495,130050.0
1997-11-26,2.082856988815634,2.15114726418289,2.0145665669130994,2.0316390991210938,30375.0
1997-11-28,2.031639527070589,2.0487122094100934,1.9121311902999878,1.9121311902999878,29025.0
1997-12-01,1.9121315920941984,2.014567414585337,1.9121315920941984,1.9718859195709229,44325.0
1997-12-02,2.0487114753214777,2.0487114753214777,1.9462757110595703,1.9462757110595703,45900.0
1997-12-03,1.9633495033397679,2.014567414585337,1.946276817412798,1.9718859195709229,69300.0
1997-12-04,2.01456618309021,2.048711387536002,1.9462756276633761,2.01456618309021,21600.0
1997-12-05,1.9804208921430186,2.0828566551208496,1.9633483626702166,2.0828566551208496,34425.0
1997-12-08,2.0828566551208496,2.0828566551208496,1.9974935681510753,2.0828566551208496,20475.0
1997-12-09,1.980420977862012,2.0828567452735927,1.980420977862012,2.0487115383148193,45450.0
1997-12-10,2.082856988815634,2.082856988815634,2.0145665669130994,2.0316390991210938,57825.0
1997-12-11,2.0828565919817934,2.0828565919817934,1.9804208321091679,2.01456618309021,37575.0
1997-12-12,2.01456618309021,2.01456618309021,1.9462756276633761,2.01456618309021,13050.0
1997-12-15,1.9974936546090292,2.0487115383148193,1.980420977862012,2.0487115383148193,42975.0
1997-12-16,2.0145669023193546,2.0487121189554762,1.9462763225118087,1.9974942207336426,50175.0
1997-12-17,1.9974942207336424,1.9974942207336424,1.9974942207336424,1.9974942207336426,21150.0
1997-12-18,1.9633483031538972,2.01456618309021,1.9462756276633761,2.01456618309021,33750.0
1997-12-19,1.946275506339018,1.9974933830825783,1.9121303040217248,1.980420708656311,83250.0
1997-12-22,1.997492300873764,1.997492300873764,1.9121292680612123,1.9292020797729492,20700.0
1997-12-23,1.9292026256794557,1.9633476726243067,1.8779847621917725,1.8779847621917725,36450.0
1997-12-24,1.980421626587386,1.980421626587386,1.8779861186915978,1.9121311902999878,31275.0
1997-12-26,1.886521512185186,1.980420708656311,1.886521512185186,1.980420708656311,28125.0
1997-12-29,1.9804215391479303,2.0487121189554762,1.9804215391479303,1.9974942207336426,87525.0
1997-12-30,1.9974936977063609,2.014566374821733,1.9292034288506652,1.9889572858810425,35100.0
1997-12-31,1.9804196356971888,1.9804196356971888,1.9292020797729492,1.9292020797729492,112050.0
1998-01-02,1.929203933996702,1.9974942207336424,1.929203933996702,1.9974942207336426,26550.0
1998-01-05,1.9974933830825783,2.0487112598261388,1.946275506339018,1.980420708656311,79425.0
1998-01-06,2.0487112598261388,2.0487112598261388,1.980420708656311,1.980420708656311,14625.0
1998-01-07,2.0487101498683273,2.0487101498683273,1.9292020797729492,1.9292020797729492,46800.0
1998-01-08,1.9292031249832333,2.0145660575088455,1.9121303040217248,1.980420708656311,44100.0
1998-01-09,1.980421626587386,1.980421626587386,1.9121311902999878,1.9121311902999878,8550.0
1998-01-12,1.8779854457770597,1.9462757110595703,1.8267675636461058,1.9462757110595703,21600.0
1998-01-13,1.9633489847183228,1.9633489847183228,1.843840800939152,1.9633489847183228,4275.0
1998-01-14,1.9633489847183228,1.9633489847183228,1.843840800939152,1.9633489847183228,19125.0
1998-01-15,1.963348180765285,1.980420708656311,1.946275506339018,1.980420708656311,15975.0
1998-01-16,2.0487112598261388,2.0487112598261388,1.9121303040217248,1.980420708656311,26325.0
1998-01-20,2.048711582517213,2.048711582517213,1.9121306052000286,1.9889572858810425,16875.0
1998-01-21,1.9633483872816404,2.0487114753214777,1.9292033279080134,1.9462757110595703,49725.0
1998-01-22,1.9462763225118087,1.9974942207336424,1.9462763225118087,1.9974942207336426,24075.0
1998-01-23,2.0316387990994076,2.0487114753214777,1.9462757110595703,1.9462757110595703,6525.0
1998-01-26,2.0487106454492987,2.0487106454492987,1.9633475919875132,2.023101568222046,21600.0
1998-01-27,2.0145670545944263,2.0145670545944263,1.9548128843307495,1.9548128843307495,29250.0
1998-01-28,1.9859712108062966,1.9859712108062966,1.917489409446716,1.9174894094467163,49950.0
1998-01-29,1.985971435396408,1.985971435396408,1.8490079641342163,1.8490079641342163,98100.0
1998-01-30,1.9346100802055122,1.9346100802055122,1.8832486557128598,1.9174894094467163,33075.0
1998-02-02,1.917489409446716,1.917489409446716,1.8490077550330697,1.9174894094467163,49950.0
1998-02-03,1.9089296345291524,1.9089296345291524,1.86612868309021,1.86612868309021,13500.0
1998-02-04,1.9174896262923369,1.9174896262923369,1.8490079641342163,1.8490079641342163,27000.0
1998-02-05,1.9174891886992065,1.9174891886992065,1.7805258956395673,1.8147666454315186,36225.0
1998-02-06,1.7976463916972811,1.866128342332587,1.7805261611938477,1.7805261611938477,24975.0
1998-02-09,1.8832482324067552,1.8832482324067552,1.78052570040272,1.797645926475525,14850.0
1998-02-10,1.8832487197819592,1.8832487197819592,1.7462852593491642,1.7805261611938477,55350.0
1998-02-11,1.7719658255232227,1.8147669160925923,1.7462852593491642,1.7805261611938477,12375.0
1998-02-12,1.8490079641342163,1.8490079641342163,1.789086491377617,1.8490079641342163,83025.0
1998-02-13,1.883249242219516,1.9688514471054075,1.8661288600207295,1.9688514471054077,114075.0
1998-02-17,1.9517304897308347,1.9688510151191811,1.9346102582343834,1.951730489730835,37575.0
1998-02-18,1.934610120455213,1.9688508749014508,1.9174894493402204,1.9431703090667725,25875.0
1998-02-19,1.9174895859000898,1.9517304897308347,1.9003693544036384,1.951730489730835,48600.0
1998-02-20,1.9517297574290933,1.9517297574290933,1.9003686413729228,1.9346095323562622,16875.0
1998-02-23,1.9517309179606415,1.9688514471054075,1.900369771364282,1.9688514471054077,161100.0
1998-02-24,1.9859722331816207,2.0544542167415503,1.9688518475011454,2.0030927658081055,37125.0
1998-02-25,2.05445340293078,2.1914168749585943,2.0373328770860835,2.114374876022339,152325.0
1998-02-26,2.1229356280389946,2.225658222544339,2.1229356280389946,2.1914174556732178,192825.0
1998-02-27,2.208538492856761,2.208538492856761,2.1229361151974735,2.174297571182251,28125.0
1998-03-02,2.174297571182251,2.208538492856761,2.131496455825619,2.174297571182251,101250.0
1998-03-03,2.1229350393266277,2.157175943648374,2.1229350393266277,2.1400554180145264,68625.0
1998-03-04,2.1229350393266277,2.157175943648374,2.1229350393266277,2.1400554180145264,150075.0
1998-03-05,2.1571757793426514,2.1742963036724796,2.122934877628934,2.1571757793426514,58950.0
1998-03-06,2.1400565025617166,2.174297571182251,2.1400565025617166,2.174297571182251,25200.0
1998-03-09,2.1229361151974735,2.174297571182251,2.1229361151974735,2.174297571182251,30600.0
1998-03-10,2.12293402459764,2.1914158005079236,2.12293402459764,2.1657352447509766,89100.0
1998-03-11,2.1400566338636438,2.225658869828983,2.1400566338636438,2.1828577518463135,278100.0
1998-03-12,2.225658869828983,2.225658869828983,2.1742977045850194,2.1828577518463135,135450.0
1998-03-13,2.1914174556732178,2.2085379860547687,2.1742970722376573,2.1914174556732178,204975.0
1998-03-16,2.199977647390998,2.277019666743002,2.1828571170094473,2.1914174556732178,46350.0
1998-03-17,2.1742970722376573,2.225658222544339,2.1742970722376573,2.1914174556732178,120150.0
1998-03-18,2.208536692225541,2.2598978124432874,2.1914161718737213,2.2427775859832764,40500.0
1998-03-19,2.2427779564420747,2.294139085143578,2.2085370570284777,2.2598981857299805,81675.0
1998-03-20,2.259898162801326,2.3283801078796387,2.259898162801326,2.3283801078796387,19575.0
1998-03-23,2.328379746904662,2.328379746904662,2.2427775859832764,2.2427775859832764,54675.0
1998-03-24,2.294139882919788,2.328380941186478,2.2427787363576908,2.277019500732422,65025.0
1998-03-25,2.328380941186478,2.328380941186478,2.277019500732422,2.277019500732422,30375.0
1998-03-26,2.328380186316039,2.328380186316039,2.2941391391504373,2.302699327468872,49950.0
1998-03-27,2.294138807982266,2.354060411453247,2.294138807982266,2.354060411453247,37350.0
1998-03-30,2.3455004839397717,2.3455004839397717,2.2941390618675186,2.3283801078796387,115875.0
1998-03-31,2.328380186316039,2.345500562952908,2.302699327468872,2.302699327468872,35775.0
1998-04-01,2.3283795502012405,2.354060108140599,2.3112590312957764,2.3112590312957764,110925.0
1998-04-02,2.3112595848735786,2.3540606719698385,2.3112595848735786,2.3283801078796387,11025.0
1998-04-03,2.328379850205036,2.354060411453247,2.328379850205036,2.354060411453247,165375.0
1998-04-06,2.354060411453247,2.396861640758754,2.354060411453247,2.354060411453247,138600.0
1998-04-07,2.3797421887094807,2.388302527112317,2.34550142288208,2.34550142288208,13050.0
1998-04-08,2.3455004403796593,2.3797411918640137,2.3112595419493807,2.3797411918640137,63675.0
1998-04-09,2.3968628655151525,2.3968628655151525,2.311260510108694,2.34550142288208,30600.0
1998-04-13,2.3968617916107178,2.3968617916107178,2.311259474558038,2.3968617916107178,8325.0
1998-04-14,2.3797406284710143,2.448222409118815,2.3626204037278984,2.4311020374298096,77850.0
1998-04-15,2.379741513391632,2.4225427524218124,2.379741513391632,2.3883018493652344,59625.0
1998-04-16,2.431103238933777,2.431103238933777,2.379741804591047,2.4225430488586426,9675.0
1998-04-17,2.4311022941010143,2.4311022941010143,2.3797408797195776,2.405421733856201,26325.0
1998-04-20,2.36262089417883,2.40542197923221,2.36262089417883,2.3968617916107178,52875.0
1998-04-21,2.396861727045415,2.4482228513908297,2.3626208305358887,2.3626208305358887,32175.0
1998-04-22,2.3797420776061813,2.4653444290161133,2.3797420776061813,2.4653444290161133,157275.0
1998-04-23,2.396861294051799,2.4824635933344945,2.396861294051799,2.4311020374298096,63000.0
1998-04-24,2.396861294051799,2.4311020374298096,2.396861294051799,2.4311020374298096,5850.0
1998-04-27,2.396862185338837,2.4139824164482095,2.362621282282259,2.3883018493652344,67950.0
1998-04-28,2.402372582491828,2.4366920582577434,2.3680529594421387,2.3680529594421387,24525.0
1998-04-29,2.4366923164693355,2.4366923164693355,2.3852128027977297,2.4023728370666504,12600.0
1998-04-30,2.3680532103801766,2.453852056170678,2.3680532103801766,2.4023728370666504,17775.0
1998-05-01,2.4195325775171916,2.453852206303425,2.4195325775171916,2.4345474243164062,8775.0
1998-05-04,2.3852125088567107,2.4710116386413574,2.3852125088567107,2.4710116386413574,39150.0
1998-05-05,2.4710113798800415,2.4710113798800415,2.4366917610168457,2.4366917610168457,24750.0
1998-05-06,2.4195331142314958,2.462432622909546,2.393793497394964,2.462432622909546,3375.0
1998-05-07,2.4023734218679818,2.453852653503418,2.4023734218679818,2.453852653503418,46575.0
1998-05-08,2.402372707549307,2.4538519238779735,2.402372707549307,2.419532299041748,45675.0
1998-05-11,2.4366929096249392,2.453852653503418,2.4195330184626354,2.453852653503418,32625.0
1998-05-12,2.453851496806566,2.453851496806566,2.4023722894374058,2.4366917610168457,48150.0
1998-05-13,2.419532299041748,2.4538519238779735,2.419532299041748,2.419532299041748,101700.0
1998-05-14,2.453852056170678,2.453852056170678,2.4023728370666504,2.4023728370666504,23625.0
1998-05-15,2.453852056170678,2.4710119431558093,2.4023728370666504,2.4023728370666504,39600.0
1998-05-18,2.402372707549307,2.42811231571364,2.402372707549307,2.419532299041748,35775.0
1998-05-19,2.4023728370666504,2.4281124466186643,2.4023728370666504,2.4023728370666504,43200.0
1998-05-20,2.402372707549307,2.419532299041748,2.402372707549307,2.419532299041748,86400.0
1998-05-21,2.4366917610168457,2.4366917610168457,2.41953187794337,2.4366917610168457,27450.0
1998-05-22,2.4023732007992096,2.41953279581482,2.2822544155680093,2.2994141578674316,147375.0
1998-05-26,2.299414142770214,2.3165740322407813,2.2307748794555664,2.2307748794555664,31725.0
1998-05-27,2.1964552979080567,2.247934816758428,2.170715685766675,2.2221949100494385,16200.0
1998-05-28,2.222195008362188,2.247934916209944,2.222195008362188,2.2307748794555664,7650.0
1998-05-29,2.2307748794555664,2.2307748794555664,2.196455395082053,2.2307748794555664,53100.0
1998-06-01,2.2393548978327553,2.299414142770214,2.2307748794555664,2.2307748794555664,26325.0
1998-06-02,2.1621357706302198,2.299414150433196,2.1621357706302198,2.265094518661499,26550.0
1998-06-03,2.2393548978327553,2.26509451111289,2.205035266175431,2.2307748794555664,9225.0
1998-06-04,2.265094412423128,2.265094412423128,2.196455299382885,2.2479348182678223,35325.0
1998-06-05,2.2479352457616835,2.2479352457616835,2.196455717086792,2.196455717086792,1575.0
1998-06-08,2.26509464142831,2.26509464142831,2.179295778274536,2.179295778274536,28575.0
1998-06-09,2.213615411906337,2.213615411906337,2.162135887816726,2.179295778274536,11925.0
1998-06-10,2.196455717086792,2.2136156090730332,2.1621360803981418,2.196455717086792,34200.0
1998-06-11,2.19645547232655,2.19645547232655,2.1621358394622803,2.1621358394622803,80550.0
1998-06-12,2.196455717086792,2.196455717086792,2.1278164437094915,2.196455717086792,66600.0
1998-06-15,2.1278162002563477,2.1878754471269595,2.1278162002563477,2.1278162002563477,12375.0
1998-06-16,2.093496561050415,2.1106561552456364,2.093496561050415,2.093496561050415,3600.0
1998-06-17,2.144975651117447,2.144975651117447,2.093496429905238,2.1106560230255127,18000.0
1998-06-18,2.1106562615795625,2.1363961696624756,2.1106562615795625,2.1363961696624756,104850.0
1998-06-19,2.153555814364975,2.17071585167169,2.1278162002563477,2.1278162002563477,129150.0
1998-06-22,2.1449761390686035,2.1449761390686035,2.127816394760939,2.1449761390686035,10575.0
1998-06-23,2.1449761390686035,2.1449761390686035,2.1449761390686035,2.1449761390686035,1800.0
1998-06-24,2.1278161512069005,2.1449758935504266,2.1278161512069005,2.1363961696624756,54900.0
1998-06-25,2.1278162002563477,2.1621358330183322,2.1278162002563477,2.1278162002563477,35550.0
1998-06-26,2.0934974782657467,2.127816976260058,2.042017936706543,2.042017936706543,31275.0
1998-06-29,2.042016796724605,2.0677564058508726,2.0248570573070928,2.0591766834259033,33975.0
1998-06-30,2.0248567421319703,2.230774172225584,2.00769685810166,2.170715093612671,375975.0
1998-07-01,2.1707142255781484,2.1792940905204685,2.1363946185251637,2.1535542011260986,108225.0
1998-07-02,2.144975785487493,2.144975785487493,2.093496561050415,2.093496561050415,18900.0
1998-07-06,2.0934974782657467,2.0934974782657467,2.042017936706543,2.042017936706543,4275.0
1998-07-07,2.09349777501737,2.09349777501737,2.0248584747314453,2.0248584747314453,37800.0
1998-07-08,2.0763369478414426,2.0763369478414426,2.007697820663452,2.007697820663452,37125.0
1998-07-09,2.0591766834259033,2.0591766834259033,2.0248570573070928,2.0591766834259033,32400.0
1998-07-10,2.0076975058238964,2.0934966590883946,2.0076975058238964,2.076336622238159,9900.0
1998-07-13,2.007697820663452,2.007697820663452,2.007697820663452,2.007697820663452,2925.0
1998-07-14,2.059178124874408,2.09349777501737,2.007698576018019,2.0248584747314453,64125.0
1998-07-15,2.09349777501737,2.09349777501737,2.0248584747314453,2.0248584747314453,4050.0
1998-07-16,2.0248570573070928,2.0677564058508726,2.0248570573070928,2.0591766834259033,21375.0
1998-07-17,2.0934974782657467,2.0934974782657467,2.0248581877093876,2.042017936706543,35100.0
1998-07-20,2.0248581877093876,2.0591778329875674,2.0248581877093876,2.042017936706543,25650.0
1998-07-21,2.0591766834259033,2.0934963095447134,2.0248570573070928,2.0591766834259033,220275.0
1998-07-22,2.067756751096853,2.076336622238159,2.0591770272393575,2.076336622238159,16200.0
1998-07-23,2.0591774042408875,2.093497042373286,2.0591774042408875,2.0677571296691895,29700.0
1998-07-24,2.0763362755596284,2.0763362755596284,2.0591766834259033,2.0591766834259033,41625.0
1998-07-27,2.0248570573070928,2.0763362755596284,2.0248570573070928,2.0591766834259033,58500.0
1998-07-28,2.0763374347008536,2.0763374347008536,2.042017936706543,2.042017936706543,15750.0
1998-07-29,2.0819358330912214,2.090538989061461,2.030317783355713,2.030317783355713,73350.0
1998-07-30,2.0475237999342157,2.064729964193707,2.030317783355713,2.030317783355713,60750.0
1998-07-31,2.0303168780319214,2.0647290435254377,1.995904564857483,1.995904564857483,11925.0
1998-08-03,1.995905717236087,1.995905717236087,1.8926693088307254,1.9270813465118408,56475.0
1998-08-04,1.8840653062441535,1.8840653062441535,1.7206077575683596,1.7206077575683594,65925.0
1998-08-05,1.7894319737473798,1.7894319737473798,1.6861953234422928,1.7292104959487915,30150.0
1998-08-06,1.7894315719604492,1.7894315719604492,1.668988938768514,1.7894315719604492,33525.0
1998-08-07,1.858255743908972,1.858255743908972,1.755019412145739,1.7894315719604492,46350.0
1998-08-10,1.8066385893950496,1.8582569360733032,1.7636233989505001,1.8582569360733032,13725.0
1998-08-11,1.6861953234422928,1.7894319737473798,1.6517831559009075,1.7292104959487915,31725.0
1998-08-12,1.7894320974072822,1.8066379608456007,1.6517832700484956,1.7206077575683594,26550.0
1998-08-13,1.7894323754367143,1.7894323754367143,1.6517835266910164,1.7464170455932617,33975.0
1998-08-14,1.7722268497849638,1.7722268497849638,1.7550209760665891,1.7550209760665894,25650.0
1998-08-17,1.7894326136017418,1.8238446457670399,1.7894326136017418,1.7980356216430664,70875.0
1998-08-18,1.8238438842991935,1.8238438842991935,1.7378135444422618,1.7808287143707275,19125.0
1998-08-19,1.7206075825876326,1.8238439341662422,1.7206075825876326,1.7378135919570923,51075.0
1998-08-20,1.7894315719604492,1.7894315719604492,1.68619494483542,1.7894315719604492,19125.0
1998-08-21,1.8238452093452355,1.8238452093452355,1.6517842569460457,1.7550209760665894,7200.0
1998-08-24,1.7894320974072822,1.7894320974072822,1.7206077575683596,1.7206077575683594,2700.0
1998-08-25,1.720607980073813,1.7550201544433852,1.6689896446789743,1.681894302368164,12825.0
1998-08-26,1.6517831432484829,1.7206076254849987,1.6517831432484829,1.6689893007278442,36450.0
1998-08-27,1.72060879439185,1.72060879439185,1.2216320298807195,1.5313416719436646,288225.0
1998-08-28,1.6173717999474826,1.6173717999474826,1.4797233560725984,1.5055323839187622,91575.0
1998-08-31,1.565752665235899,1.5829586719426996,1.3764857053756714,1.3764857053756714,98775.0
1998-09-01,1.4281052476568747,1.5485478411121498,1.3764868878324497,1.5313416719436646,103500.0
1998-09-02,1.531340317564066,1.6001647856858203,1.5141343112943022,1.565752625465393,53325.0
1998-09-03,1.514134851958619,1.5829591969751364,1.479722827131313,1.4969286918640137,75150.0
1998-09-04,1.5657531845614834,1.5657531845614834,1.479722827131313,1.4969286918640137,26550.0
1998-09-08,1.5657539883286649,1.600166178502144,1.5141356292279324,1.5829600095748901,29925.0
1998-09-09,1.514134944683573,1.5485471192992182,1.4969287835352698,1.5227380990982056,40050.0
1998-09-10,1.4797224152689974,1.5141344305181474,1.4108980894088745,1.4108980894088745,77625.0
1998-09-11,1.4625164350441702,1.5141347646713257,1.4281044122006585,1.5141347646713257,52650.0
1998-09-14,1.4453107705782031,1.5485471487045288,1.4453107705782031,1.5485471487045288,19125.0
1998-09-15,1.5657533101795593,1.5657533101795593,1.4969288119604016,1.5485471487045288,19125.0
1998-09-16,1.5485469351957812,1.5485469351957812,1.4969286055686257,1.5141347646713257,19350.0
1998-09-17,1.4969286918640134,1.4969286918640134,1.4453106546230543,1.4969286918640137,14400.0
1998-09-18,1.5141349732796145,1.5141349732796145,1.4108985951639128,1.436707615852356,51975.0
1998-09-21,1.436707615852356,1.436707615852356,1.4108985951639128,1.436707615852356,20250.0
1998-09-22,1.4453105920874427,1.496928627094996,1.410898421068128,1.4539134502410889,33750.0
1998-09-23,1.4108981028722412,1.5399434566497803,1.4108981028722412,1.5399434566497803,10350.0
1998-09-24,1.5399437818039592,1.5485469351957812,1.5055317589604478,1.5141347646713257,25875.0
1998-09-25,1.4797227631067578,1.4797227631067578,1.4539134502410889,1.4539134502410889,29025.0
1998-09-28,1.462516697903179,1.479723007779323,1.3936924921653957,1.4453108310699463,23850.0
1998-09-29,1.4797229768800102,1.4969288433539532,1.4281046390533447,1.4281046390533447,38925.0
1998-09-30,1.4797224152689974,1.4797224152689974,1.3764857787979017,1.4108980894088745,19575.0
1998-10-01,1.4108983513936777,1.428104362213177,1.3764860343928016,1.3850890398025513,117450.0
1998-10-02,1.3764857053756714,1.4022950107976793,1.3420735442811667,1.3764857053756714,42075.0
1998-10-05,1.3850887826101892,1.4108980894088745,1.3764857787979017,1.4108980894088745,130275.0
1998-10-06,1.3936922472214512,1.4108984063926113,1.2904558829182697,1.342073917388916,37575.0
1998-10-07,1.342073917388916,1.342073917388916,1.2904558829182697,1.342073917388916,39825.0
1998-10-08,1.3764858749947706,1.3764858749947706,1.2044252698412308,1.2388373613357544,84600.0
1998-10-09,1.2388371476106912,1.2904554605484009,1.1700129026547907,1.2904554605484009,54225.0
1998-10-12,1.2904554605484009,1.3076613187261437,1.2388371476106912,1.2904554605484009,14400.0
1998-10-13,1.3076615443248016,1.3420737096597861,1.2388373613357544,1.2388373613357544,43875.0
1998-10-14,1.2818524119410006,1.3248677253723145,1.273249408327101,1.3248677253723145,11700.0
1998-10-15,1.324868053579645,1.3592800765600759,1.2388375530857345,1.342073917388916,25425.0
1998-10-16,1.3764857384493192,1.4797223718942651,1.3764857384493192,1.4625160694122314,33300.0
1998-10-19,1.4797229768800102,1.5141350051898308,1.4108986248984345,1.4281046390533447,57150.0
1998-10-20,1.3936922472214512,1.4625164408632574,1.342073917388916,1.342073917388916,59625.0
1998-10-21,1.3592803166979037,1.3936924934387207,1.2388377719455295,1.3936924934387207,68625.0
1998-10-22,1.3764870924816042,1.4108994359348281,1.3764870924816042,1.4022964239120483,54225.0
1998-10-23,1.445310252338936,1.445310252338936,1.3764857787979017,1.4108980894088745,31725.0
1998-10-26,1.445310770429468,1.445310770429468,1.4281046089562082,1.436707615852356,14625.0
1998-10-27,1.4625160694122314,1.4969282313335779,1.4582145676321765,1.4625160694122314,53775.0
1998-10-28,1.468044449434542,1.519857885839405,1.4594089261134475,1.5112223625183105,137025.0
1998-10-29,1.4939513158761213,1.5112223625183105,1.4939513158761213,1.5112223625183105,23625.0
1998-10-30,1.5112207952269356,1.6407541036605835,1.4982673754401743,1.6407541036605835,79425.0
1998-11-02,1.658025470089858,1.658025470089858,1.5889411866820586,1.6493901014328003,65250.0
1998-11-03,1.658025268320513,1.658025268320513,1.6148475408554077,1.6148475408554077,22050.0
1998-11-04,1.6580254898725357,1.6925677061080935,1.6148477566378483,1.6925677061080933,51300.0
1998-11-05,1.6580254898725357,1.6925677061080935,1.623483273636978,1.6925677061080933,11250.0
1998-11-06,1.5716697322343143,1.6580250263214111,1.537127377417079,1.6580250263214111,99675.0
1998-11-09,1.6752961611212958,1.6752961611212958,1.606211897960877,1.6407541036605835,14625.0
1998-11-10,1.675296203730029,1.675296203730029,1.6234828197431737,1.6580250263214111,11475.0
1998-11-11,1.6580247865360138,1.6580247865360138,1.5889405316095788,1.623482584953308,24075.0
1998-11-12,1.6580250263214111,1.6580250263214111,1.5889407614039341,1.6580250263214111,41625.0
1998-11-13,1.6580249841519454,1.6580249841519454,1.6407541036605835,1.6407541036605835,60750.0
1998-11-16,1.5889407614039341,1.6580250263214111,1.5889407614039341,1.6580250263214111,35325.0
1998-11-17,1.6234828007932265,1.6407541262392442,1.6234828007932265,1.6321184635162354,14625.0
1998-11-18,1.6321194397924317,1.640755107680992,1.5889416933059692,1.5889416933059692,22275.0
1998-11-19,1.5889416933059692,1.6321194397924317,1.5889416933059692,1.5889416933059692,8775.0
1998-11-20,1.5889410945099842,1.6234831600906319,1.5284923315048218,1.5284923315048218,37125.0
1998-11-23,1.5543996379294898,1.5889418685767118,1.5371284484863281,1.5371284484863281,28800.0
1998-11-24,1.5371273831162937,1.5543985605889479,1.450772088709017,1.4680429697036743,26550.0
1998-11-25,1.554398905736738,1.554398905736738,1.476678960449901,1.5198566913604736,4500.0
1998-11-27,1.519857885839405,1.519857885839405,1.468044449434542,1.5112223625183105,7875.0
1998-11-30,1.4853149249431086,1.5198569980505439,1.3644170761108398,1.3644170761108398,44325.0
1998-12-01,1.4335012125503863,1.485314607620239,1.390323333912499,1.4853146076202393,52875.0
1998-12-02,1.381688536780928,1.450773148918858,1.381688536780928,1.4075953960418701,11025.0
1998-12-03,1.3816881126645575,1.450772703596612,1.3644170761108398,1.3644170761108398,25200.0
1998-12-04,1.3816877144406214,1.4507722854614258,1.3816877144406214,1.4507722854614258,16425.0
1998-12-07,1.4507724162255162,1.4507724162255162,1.3644168058451882,1.4162302017211914,6300.0
1998-12-08,1.3644170761108398,1.4162304822501153,1.3644170761108398,1.3644170761108398,13050.0
1998-12-09,1.3471448504400487,1.4335004112027776,1.329873975469818,1.381687045097351,35775.0
1998-12-10,1.3644168141615758,1.4335012435913086,1.3644168141615758,1.4335012435913086,12825.0
1998-12-11,1.355781557833981,1.433501518803833,1.355781557833981,1.3644170761108398,23400.0
1998-12-14,1.37305274262676,1.433501518803833,1.3298750030034046,1.3644170761108398,25875.0
1998-12-15,1.3816870450973509,1.3816870450973509,1.3730516817317089,1.381687045097351,34650.0
1998-12-16,1.3644170761108398,1.3816881126645575,1.347145891318061,1.3644170761108398,81225.0
1998-12-17,1.3471448504400487,1.3816870450973509,1.3471448504400487,1.381687045097351,22725.0
1998-12-18,1.3773695121974359,1.3773695121974359,1.3385095596313477,1.3385095596313477,29025.0
1998-12-21,1.3385100306449291,1.3816876062023382,1.3126031888324696,1.3298745155334473,108000.0
1998-12-22,1.36441697939061,1.36441697939061,1.329874908731779,1.3471457958221436,57600.0
1998-12-23,1.3730517561610878,1.3730517561610878,1.3298740475586512,1.3385095596313477,16200.0
1998-12-24,1.3471448468246499,1.3644160182264229,1.3298739719007697,1.3514626026153564,10350.0
1998-12-28,1.3730526333602682,1.3730526333602682,1.2953326785753114,1.3169214725494385,46575.0
1998-12-29,1.3298750030034046,1.3644170761108398,1.3126036699715642,1.3644170761108398,18675.0
1998-12-30,1.3730522393298634,1.3816876062023382,1.286696643498024,1.3298745155334473,35550.0
1998-12-31,1.3471457958221436,1.3557814617259023,1.329874908731779,1.3471457958221436,12600.0
1999-01-04,1.347145851369403,1.5025857686996462,1.347145851369403,1.502585768699646,81225.0
1999-01-05,1.5025855100528258,1.5198566913604736,1.5025855100528258,1.5198566913604736,20025.0
1999-01-06,1.519856560004193,1.519856560004193,1.4507722854614258,1.4507722854614258,20475.0
1999-01-07,1.4075946851548682,1.4766789659244859,1.4075946851548682,1.4162302017211914,12150.0
1999-01-08,1.4507724162255162,1.4507724162255162,1.4162302017211914,1.4162302017211914,33525.0
1999-01-11,1.4680424576211328,1.4680424576211328,1.3816870450973509,1.381687045097351,16875.0
1999-01-12,1.4162298568516012,1.4680429436324094,1.3557809591293335,1.3557809591293335,40500.0
1999-01-13,1.3557820938521792,1.3644176155431536,1.3126041889190674,1.3126041889190674,21150.0
1999-01-14,1.3816886589251025,1.3816886589251025,1.3126041889190674,1.3126041889190674,27900.0
1999-01-15,1.3126035769242617,1.3471457958221436,1.2953326898338968,1.3471457958221436,101025.0
1999-01-19,1.34714517808513,1.34714517808513,1.2953320958559102,1.32123863697052,15750.0
1999-01-20,1.2953323068485127,1.3298745155334473,1.2953323068485127,1.3298745155334473,26550.0
1999-01-21,1.347145397517404,1.347145397517404,1.2953323068485127,1.3298745155334473,42975.0
1999-01-22,1.2953332937762383,1.3126041889190674,1.286697623846144,1.3126041889190674,22275.0
1999-01-25,1.2780621021551697,1.3816886589251025,1.2780621021551697,1.3126041889190674,24075.0
1999-01-26,1.3298750030034046,1.3816881126645575,1.3298750030034046,1.3644170761108398,45900.0
1999-01-27,1.3816871199948293,1.3816871199948293,1.3298740475586512,1.3385095596313477,15075.0
1999-01-28,1.3298745155334473,1.3816876062023382,1.3126031888324696,1.3298745155334473,10575.0
1999-01-29,1.3354243369753498,1.3787822496952613,1.300737977027893,1.300737977027893,24975.0
1999-02-01,1.3180810792802116,1.3354244844557503,1.3180810792802116,1.326752781867981,17100.0
1999-02-02,1.3354247665990604,1.3354247665990604,1.248708764403922,1.2617162466049194,52875.0
1999-02-03,1.2660517929561546,1.2920664548873901,1.2140222458071974,1.2920664548873901,138825.0
1999-02-04,1.2487084708653813,1.2660517267705391,1.2313651405313986,1.2530442476272583,93600.0
1999-02-05,1.2487085350833287,1.2487085350833287,1.2140222447756586,1.2313652038574219,31275.0
1999-02-08,1.2660519725334773,1.2833950829475882,1.2140224180046273,1.2400370836257935,25650.0
1999-02-09,1.2487083673477173,1.2487083673477173,1.2140220816993619,1.2487083673477173,31950.0
1999-02-10,1.2660519516662891,1.2660519516662891,1.179336028880799,1.2140223979949951,40950.0
1999-02-11,1.2660516417514711,1.2660516417514711,1.1966787716470801,1.205350399017334,32850.0
1999-02-12,1.1793360801700683,1.2313654128176013,1.1793360801700683,1.211854338645935,30825.0
1999-02-16,1.2313652038574219,1.2487085350833287,1.1793358800391598,1.2313652038574219,95175.0
1999-02-17,1.1793358325958252,1.2140221959369313,1.1793358325958252,1.1793358325958252,38025.0
1999-02-18,1.1793358800391598,1.2313652038574219,1.1446495897314894,1.2313652038574219,60300.0
1999-02-19,1.205349904643977,1.2487078748543676,1.1966782808303833,1.1966782808303833,124200.0
1999-02-22,1.2487082776168748,1.266051530838013,1.2140219944610386,1.2660515308380127,20475.0
1999-02-23,1.2833947274248914,1.2833947274248914,1.231365038451493,1.2487083673477173,49950.0
1999-02-24,1.2487085350833287,1.2487085350833287,1.2313652038574219,1.2313652038574219,45675.0
1999-02-25,1.2400367401140144,1.2487083673477173,1.231365038451493,1.2487083673477173,22500.0
1999-02-26,1.2487083940084336,1.2833947548261835,1.231365064741918,1.2747230529785156,102825.0
1999-03-01,1.2833947274248914,1.300737981892297,1.2487083673477173,1.2487083673477173,83025.0
1999-03-02,1.2833947274248914,1.2833947274248914,1.2487083673477173,1.2487083673477173,15075.0
1999-03-03,1.2487082776168748,1.266051530838013,1.2487082776168748,1.2660515308380127,40950.0
1999-03-04,1.2833949009103116,1.300738157722126,1.2660517929561546,1.2920664548873901,400950.0
1999-03-05,1.3874540362731482,1.3874540362731482,1.3354247052886072,1.3787826299667358,78525.0
1999-03-08,1.3354243578231038,1.3874536752700806,1.3354243578231038,1.3874536752700806,23175.0
1999-03-09,1.3527677286377653,1.4221406196967927,1.3527677286377653,1.3701109886169434,57600.0
1999-03-10,1.3701105694544218,1.3874536752700806,1.3701105694544218,1.3874536752700806,26325.0
1999-03-11,1.4047973597176147,1.4047973597176147,1.3701109886169434,1.3701109886169434,47925.0
1999-03-12,1.3701105694544218,1.4221401846166766,1.3701105694544218,1.3874536752700806,357300.0
1999-03-15,1.3701105694544218,1.4221401846166766,1.3701105694544218,1.3874536752700806,221850.0
1999-03-16,1.3787821817254553,1.404796838760376,1.3787821817254553,1.404796838760376,186750.0
1999-03-17,1.404796838760376,1.4568264505454762,1.404796838760376,1.404796838760376,2120175.0
1999-03-18,1.4481555429639041,1.4568272489187923,1.3961259026654187,1.4134693145751953,225450.0
1999-03-19,1.3961255914372384,1.4221405546448644,1.3527676667591098,1.3787826299667358,94500.0
1999-03-22,1.3527682399861003,1.370111506521058,1.2920671792581007,1.3180818557739258,27675.0
1999-03-23,1.3007385636824176,1.3440964959574708,1.266052188090834,1.2768917083740234,40950.0
1999-03-24,1.2703875303268433,1.3180812301595828,1.2703875303268433,1.2703875303268433,20025.0
1999-03-25,1.3527675151420655,1.370110772384106,1.2833949327468872,1.2833949327468872,15525.0
1999-03-26,1.2833956204194923,1.370111506521058,1.2833956204194923,1.3180818557739258,12825.0
1999-03-29,1.2833947226253464,1.300737977027893,1.2833947226253464,1.300737977027893,18675.0
1999-03-30,1.2833949327468872,1.370110772384106,1.2833949327468872,1.2833949327468872,20250.0
1999-03-31,1.2833949327468872,1.318081149515646,1.2487085671204674,1.2833949327468872,147825.0
1999-04-01,1.2833947875399965,1.2833947875399965,1.2487084258380892,1.2573801279067993,50175.0
1999-04-05,1.2747230209952547,1.3050737534141206,1.2400367354766166,1.300737977027893,40500.0
1999-04-06,1.2833949259240984,1.3007381830739386,1.2660518176319187,1.2812271118164062,28350.0
1999-04-07,1.2833942212511644,1.300737468878352,1.127305662465579,1.1966782808303833,130950.0
1999-04-08,1.2313652038574219,1.2313652038574219,1.1793358800391598,1.2313652038574219,10575.0
1999-04-09,1.231365057841636,1.2487083870109634,1.179335740193032,1.205350399017334,21375.0
1999-04-12,1.1619931402459696,1.2140227849290193,1.1619931402459696,1.1923435926437378,26550.0
1999-04-13,1.1706636326759696,1.2140216028863602,1.1706636326759696,1.1966782808303833,27225.0
1999-04-14,1.2010149853228014,1.3874540997384368,1.1966791331135858,1.3701109886169434,158850.0
1999-04-15,1.3527675867080688,1.3527675867080688,1.3180812192466222,1.3527675867080688,46125.0
1999-04-16,1.3354249000549316,1.4221407620583468,1.3007385254820256,1.3354249000549316,41400.0
1999-04-19,1.3007381899889277,1.3007381899889277,1.2487085671204674,1.2833949327468872,20475.0
1999-04-20,1.2487085671204674,1.318081149515646,1.2487085671204674,1.2833949327468872,20700.0
1999-04-21,1.2833949009103116,1.2920664548873901,1.2833949009103116,1.2920664548873901,13050.0
1999-04-22,1.2833948998198275,1.3007381566169056,1.2313652038574219,1.2313652038574219,25650.0
1999-04-23,1.2487083673477173,1.2487083673477173,1.231365038451493,1.2487083673477173,9225.0
1999-04-26,1.2400367401140144,1.300737981892297,1.2400367401140144,1.2487083673477173,39600.0
1999-04-27,1.266051681117865,1.266051681117865,1.2487084258380892,1.2573801279067993,9225.0
1999-04-28,1.2368242542719494,1.3239246065156052,1.2368242542719494,1.2716646194458008,27450.0
1999-04-29,1.2629545624122909,1.2803744077682495,1.2629545624122909,1.2803744077682495,50400.0
1999-04-30,1.271664950444716,1.2977949507809394,1.2629549503326416,1.2629549503326416,13950.0
1999-05-03,1.2629544446357084,1.3239244210073695,1.2629544446357084,1.2890844345092773,17325.0
1999-05-04,1.3065047603432631,1.3065047603432631,1.2629546216008334,1.2716646194458008,52875.0
1999-05-05,1.2542454290354628,1.3239256143569944,1.2542454290354628,1.3239256143569946,9900.0
1999-05-06,1.2542442083358765,1.3413446168728598,1.2542442083358765,1.2542442083358765,30600.0
1999-05-07,1.3587645885544057,1.3587645885544057,1.2542443275994977,1.2977944612503052,42975.0
1999-05-10,1.2629544446357084,1.2890844345092773,1.2629544446357084,1.2890844345092773,35775.0
1999-05-11,1.2977944612503052,1.2977944612503052,1.2542443275994977,1.2977944612503052,13050.0
1999-05-12,1.2977944612503052,1.2977944612503052,1.2803743180794371,1.2977944612503052,6525.0
1999-05-13,1.2977944612503052,1.3152144549035982,1.2890844644236588,1.2977944612503052,18000.0
1999-05-14,1.3065049648284912,1.323924813727269,1.2977948161026782,1.3065049648284912,86625.0
1999-05-17,1.3065057549237447,1.3239256143569944,1.3065057549237447,1.3239256143569946,21150.0
1999-05-18,1.3065057549237447,1.3239256143569944,1.3065057549237447,1.3239256143569946,104175.0
1999-05-19,1.2890848168944813,1.323924813727269,1.2716648184780872,1.3065049648284912,10125.0
1999-05-20,1.3239239483448273,1.3587640719219962,1.3239239483448273,1.3326340913772583,445050.0
1999-05-21,1.332634800085657,1.3761849403381348,1.332634800085657,1.3761849403381348,1549125.0
1999-05-24,1.4110254637336948,1.4371554652355227,1.3413453102111816,1.3413453102111816,1741950.0
1999-05-25,1.3326345398891553,1.367474675192131,1.3239243939252348,1.3587645292282104,51525.0
1999-05-26,1.3239256143569944,1.3239256143569944,1.3239256143569944,1.3239256143569946,10350.0
1999-05-27,1.3065049648284912,1.323924813727269,1.2890848168944813,1.3065049648284912,17550.0
1999-05-28,1.3065047854469214,1.3239246319539748,1.3065047854469214,1.3152146339416504,19125.0
1999-06-01,1.3065046075945268,1.3239244517302446,1.2716644707703657,1.2977944612503052,119700.0
1999-06-02,1.3152146086706378,1.3152146086706378,1.2716646194458008,1.2716646194458008,35775.0
1999-06-03,1.2716644412602314,1.3239244210073695,1.2716644412602314,1.2890844345092773,26775.0
1999-06-04,1.2890848168944813,1.3065049648284912,1.2890848168944813,1.3065049648284912,35100.0
1999-06-07,1.3239250101746862,1.3413453102111816,1.27166500717103,1.3413453102111816,20250.0
1999-06-08,1.2716646194458008,1.3674748947756277,1.2716646194458008,1.2716646194458008,25425.0
1999-06-09,1.3326340913772583,1.3326340913772583,1.2890839742851767,1.3326340913772583,5400.0
1999-06-10,1.2890844345092773,1.3152144243828465,1.2716644412602314,1.2890844345092773,20250.0
1999-06-11,1.271664559849063,1.3065046991137375,1.271664559849063,1.2803744077682495,8775.0
1999-06-14,1.271664559849063,1.2890845547226073,1.271664559849063,1.2803744077682495,25425.0
1999-06-15,1.2716646194458008,1.2890846151357356,1.2716646194458008,1.2716646194458008,14400.0
1999-06-16,1.271664559849063,1.2890845547226073,1.271664559849063,1.2803744077682495,9000.0
1999-06-17,1.289085008172249,1.3413453102111816,1.27166500717103,1.3413453102111816,24300.0
1999-06-18,1.3522325354303333,1.3522325354303333,1.2716648184780872,1.3065049648284912,51525.0
1999-06-21,1.280374262175907,1.3587645292282104,1.280374262175907,1.3587645292282104,15750.0
1999-06-22,1.2977950580650046,1.3282802104949951,1.2977950580650046,1.3282802104949951,1575.0
1999-06-23,1.2977944612503052,1.2977944612503052,1.2803743180794371,1.2977944612503052,1125.0
1999-06-24,1.297794768085554,1.3936050548660668,1.2803746207960722,1.3848952054977417,65475.0
1999-06-25,1.32828076611244,1.32828076611244,1.2803754424618972,1.3239256143569946,38700.0
1999-06-28,1.315214814519072,1.315214814519072,1.280374668168668,1.3065049648284912,5175.0
1999-06-29,1.297794657980155,1.3936049366320868,1.297794657980155,1.3761849403381348,38700.0
1999-06-30,1.3413443143600408,1.4284445537357826,1.3065041887062385,1.3936042785644531,109350.0
1999-07-01,1.3413449477502308,1.3761849403381348,1.3413449477502308,1.3761849403381348,20700.0
1999-07-02,1.3674742964622468,1.3936042785644531,1.3674742964622468,1.3936042785644531,13500.0
1999-07-06,1.4110254637336948,1.4110254637336948,1.3239250101746862,1.3413453102111816,26775.0
1999-07-07,1.3239250101746862,1.358765161694762,1.3239250101746862,1.3413453102111816,9675.0
1999-07-08,1.3761849403381348,1.3761849403381348,1.3587647945265848,1.3761849403381348,4050.0
1999-07-09,1.3761842084693399,1.3761842084693399,1.3326340913772583,1.3326340913772583,10575.0
1999-07-12,1.350055310711791,1.358765161694762,1.3413453102111816,1.3413453102111816,27450.0
1999-07-13,1.3413442344096893,1.3413442344096893,1.3326340913772583,1.3326340913772583,9000.0
1999-07-14,1.3326340913772583,1.3413442344096893,1.3326340913772583,1.3326340913772583,44775.0
1999-07-15,1.3065048056447288,1.3761849403381348,1.3065048056447288,1.3761849403381348,11475.0
1999-07-16,1.3152147658574251,1.3848952054977417,1.3152147658574251,1.3848952054977417,7650.0
1999-07-19,1.3282798010121688,1.3761849403381348,1.315214654274107,1.3761849403381348,18900.0
1999-07-20,1.376185108011683,1.376185108011683,1.2716648184780872,1.3065049648284912,32850.0
1999-07-21,1.2977948161026782,1.3065049648284912,1.2977948161026782,1.3065049648284912,26325.0
1999-07-22,1.3065045505500998,1.3587645292282104,1.2977944045861793,1.3587645292282104,14400.0
1999-07-23,1.3239244517302446,1.3587645885544057,1.2890844644236588,1.2977944612503052,3600.0
1999-07-26,1.2890844345092773,1.2977944311338006,1.2542442984936135,1.2890844345092773,35100.0
1999-07-27,1.323924813727269,1.323924813727269,1.2716648184780872,1.3065049648284912,33750.0
1999-07-28,1.2977944311338006,1.2977944311338006,1.2542442984936135,1.2890844345092773,22950.0
1999-07-29,1.2716647623617845,1.2716647623617845,1.2368243932724,1.2368243932724,35550.0
1999-07-30,1.2368243932724,1.2542446151964945,1.2019843232182343,1.2368243932724,51750.0
1999-08-02,1.2803754424618972,1.3239256143569944,1.2368251958079466,1.3239256143569946,69975.0
1999-08-03,1.2890843418471576,1.2890843418471576,1.2542442083358765,1.2542442083358765,42525.0
1999-08-04,1.2423454451408098,1.2423454451408098,1.2335967910909258,1.237971305847168,16425.0
1999-08-05,1.2335968357332256,1.2335968357332256,1.1898522122353818,1.2073498964309692,42525.0
1999-08-06,1.2248483387556846,1.2598439455032349,1.1898526569155834,1.2598439455032349,15525.0
1999-08-09,1.1898528359469172,1.251095175743103,1.1898528359469172,1.251095175743103,12375.0
1999-08-10,1.251095175743103,1.251095175743103,1.1723549173014896,1.251095175743103,29025.0
1999-08-11,1.189852237701416,1.2073499222715007,1.189852237701416,1.189852237701416,2475.0
1999-08-12,1.2248484313893826,1.2510950821156321,1.2248484313893826,1.2423460483551025,33750.0
1999-08-13,1.2598439455032349,1.2598439455032349,1.172354740902982,1.2598439455032349,49500.0
1999-08-16,1.2598434749829643,1.3210857826918332,1.1898522125353124,1.2948391437530518,33975.0
1999-08-17,1.2729671012497403,1.2773415416110552,1.2073500452748251,1.2248480319976807,28575.0
1999-08-18,1.2685926608884255,1.2685926608884255,1.2248480319976807,1.2248480319976807,9675.0
1999-08-19,1.2510949874969342,1.2598439455032349,1.2073503476505323,1.2598439455032349,28125.0
1999-08-20,1.2467205652353675,1.2598440407836053,1.2423460483551025,1.2423460483551025,8775.0
1999-08-23,1.2423460483551025,1.2598440407836053,1.2423460483551025,1.2423460483551025,10350.0
1999-08-24,1.2423461413278272,1.259844135065817,1.2248485230526482,1.251095175743103,36450.0
1999-08-25,1.2160988771953298,1.2248479072116831,1.189852237701416,1.189852237701416,49050.0
1999-08-26,1.2073500965242479,1.277341595831467,1.1986014407078525,1.2335970401763916,17325.0
1999-08-27,1.2073499222715007,1.2160988771953298,1.189852237701416,1.189852237701416,5175.0
1999-08-30,1.189852237701416,1.189852237701416,1.189852237701416,1.189852237701416,3825.0
1999-08-31,1.2073507002521509,1.2073507002521509,1.119861770471333,1.16360604763031,65925.0
1999-09-01,1.1373586583434907,1.189852237701416,1.124235188411485,1.189852237701416,32850.0
1999-09-02,1.2073500997312034,1.2073500997312034,1.1286098693059046,1.1854779720306396,24750.0
1999-09-03,1.1854783657075643,1.1986018419265747,1.1723548894885536,1.1986018419265747,2250.0
1999-09-07,1.194226727149932,1.2073498964309692,1.1898522122353818,1.2073498964309692,16875.0
1999-09-08,1.1986010369452655,1.1986010369452655,1.1636050738028443,1.1723541021347046,12150.0
1999-09-09,1.189852237701416,1.189852237701416,1.154856643283673,1.189852237701416,16425.0
1999-09-10,1.1373584393623228,1.1723541021347046,1.1373584393623228,1.1723541021347046,19800.0
1999-09-13,1.1548566185666387,1.2073498964309692,1.1198610248978955,1.2073498964309692,27225.0
1999-09-14,1.1898522122353818,1.2073498964309692,1.172354302762226,1.2073498964309692,21150.0
1999-09-15,1.189852237701416,1.2073499222715007,1.1723543278537578,1.189852237701416,38700.0
1999-09-16,1.1898520086134052,1.1986010369452655,1.1723541021347046,1.1723541021347046,16200.0
1999-09-17,1.1723541021347046,1.1767285412081248,1.1548564209335335,1.1723541021347046,17550.0
1999-09-20,1.1767284327816079,1.1767284327816079,1.1592308282852173,1.1592308282852173,7425.0
1999-09-21,1.1592315559604318,1.1723547300241792,1.1548570394515991,1.1548570394515991,13950.0
1999-09-22,1.1811036879492944,1.198601678892075,1.1548570394515991,1.1548570394515991,64575.0
1999-09-23,1.1548572145108296,1.1723549077358004,1.1023636091879863,1.1198616027832031,132075.0
1999-09-24,1.1198616027832031,1.1198616027832031,1.1023636091879863,1.1198616027832031,50625.0
1999-09-27,1.132984607092536,1.1548570394515991,1.1198614330287886,1.1548570394515991,11025.0
1999-09-28,1.1023628516824513,1.185477569539985,1.1023628516824513,1.1723541021347046,11475.0
1999-09-29,1.1111124000111232,1.198601678892075,1.1111124000111232,1.1548570394515991,24075.0
1999-09-30,1.1811032574988038,1.2073498964309692,1.172354302762226,1.2073498964309692,43650.0
1999-10-01,1.1986013898297914,1.2248480319976807,1.1898523589220977,1.2248480319976807,17325.0
1999-10-04,1.2073499222715007,1.2073499222715007,1.1723543278537578,1.189852237701416,42525.0
1999-10-05,1.1723541021347046,1.2073496898145761,1.1723541021347046,1.1723541021347046,10575.0
1999-10-06,1.1723541021347046,1.1898520086134052,1.1373584393623228,1.1723541021347046,19125.0
1999-10-07,1.137358998638843,1.1461080312728882,1.119861383926034,1.1461080312728882,14175.0
1999-10-08,1.1373587846755981,1.1548567715593692,1.1198611732544907,1.1373587846755981,22050.0
1999-10-11,1.102363442086008,1.1548570394515991,1.102363442086008,1.1548570394515991,11925.0
1999-10-12,1.1482953261140703,1.1482953261140703,1.1198616027832031,1.1198616027832031,7200.0
1999-10-13,1.1679799425789332,1.1679799425789332,1.1373587846755981,1.1373587846755981,14625.0
1999-10-14,1.11986176257026,1.11986176257026,1.0673681497573853,1.0673681497573853,24975.0
1999-10-15,1.1067383231431345,1.1067383231431345,1.049870190536929,1.0848658084869385,15300.0
1999-10-18,1.11548685376339,1.1242355108261108,1.11548685376339,1.1242355108261108,19350.0
1999-10-19,1.1023635864257812,1.1286102383601246,1.1023635864257812,1.1023635864257812,13050.0
1999-10-20,1.1198616514433861,1.1286103107046142,1.0936146974563599,1.0936146974563599,13725.0
1999-10-21,1.0936139487874208,1.137358491720415,1.0936139487874208,1.128609538078308,67500.0
1999-10-22,1.1286102616642848,1.1286102616642848,1.1198616027832031,1.1198616027832031,900.0
1999-10-25,1.128609538078308,1.128609538078308,1.1198608848062548,1.128609538078308,13275.0
1999-10-26,1.1198608848062548,1.128609538078308,1.1198608848062548,1.128609538078308,41625.0
1999-10-27,1.160615086555481,1.1782000195512219,1.1254449941631282,1.160615086555481,42750.0
1999-10-28,1.160614786785526,1.160614786785526,1.143029556463967,1.1518222093582153,50175.0
1999-10-29,1.143029556463967,1.1518222093582153,1.143029556463967,1.1518222093582153,6300.0
1999-11-01,1.1518224940834652,1.1782000064849854,1.1430298390157128,1.1782000064849854,20925.0
1999-11-02,1.1694070623450867,1.178199715239335,1.143029556463967,1.1518222093582153,8775.0
1999-11-03,1.1518222093582153,1.160614786785526,1.134236979036656,1.1518222093582153,28800.0
1999-11-04,1.134237271993606,1.160615086555481,1.134237271993606,1.160615086555481,16200.0
1999-11-05,1.13423682609871,1.13423682609871,1.0551040172576904,1.0551040172576904,42975.0
1999-11-08,1.1254453659057617,1.1254453659057617,1.0902748845615629,1.1254453659057617,24075.0
1999-11-09,1.1430302292429513,1.1430302292429513,1.1078601252336622,1.1254453659057617,11700.0
1999-11-10,1.0902748845615629,1.1254453659057617,1.0902748845615629,1.1254453659057617,15975.0
1999-11-11,1.0902748107910156,1.1254452897554976,1.0902748107910156,1.0902748107910156,4725.0
1999-11-12,1.0902752002129594,1.1254456917395552,1.0551050860213829,1.1078604459762573,213975.0
1999-11-15,1.1078604459762573,1.1166530311244043,1.1078604459762573,1.1078604459762573,22275.0
1999-11-16,1.0770862009070035,1.1078600492375026,1.0551047081749858,1.0814825296401978,68175.0
1999-11-17,1.11665261328583,1.11665261328583,1.0990674495697021,1.0990674495697021,37125.0
1999-11-18,1.1078601098201988,1.1606154537676112,1.1078601098201988,1.1562191247940063,59400.0
1999-11-19,1.1606148011182524,1.1606148011182524,1.1430295705795288,1.1430295705795288,18450.0
1999-11-22,1.1606152081638623,1.1694074869155884,1.1430299714577254,1.1694074869155884,490050.0
1999-11-23,1.134236979036656,1.1694070623450867,1.134236979036656,1.1518222093582153,6750.0
1999-11-24,1.1342365741729736,1.1694066449275116,1.1342365741729736,1.1342365741729736,36675.0
1999-11-26,1.1430295705795288,1.1430295705795288,1.1430295705795288,1.1430295705795288,900.0
1999-11-29,1.1254447173754976,1.1474258970809443,1.1254447173754976,1.1430295705795288,42975.0
1999-11-30,1.134236979036656,1.1518222093582153,1.134236979036656,1.1518222093582153,45900.0
1999-12-01,1.134236979036656,1.1518222093582153,1.134236979036656,1.1518222093582153,60525.0
1999-12-02,1.1430295705795288,1.1518222235823599,1.1430295705795288,1.1430295705795288,31725.0
1999-12-03,1.1474254733396552,1.1518217982175192,1.1342365741729736,1.1342365741729736,12600.0
1999-12-06,1.1342369930436362,1.1518222235823599,1.1254447173754976,1.1430295705795288,22725.0
1999-12-07,1.1430302133401722,1.1562191247940063,1.1430302133401722,1.1562191247940063,32850.0
1999-12-08,1.1298405002443763,1.1430294023404495,1.0551040172576904,1.0551040172576904,79200.0
1999-12-09,1.0726903317846805,1.1078604459762573,1.0726903317846805,1.1078604459762573,64800.0
1999-12-10,1.09027425629805,1.1430295705795288,1.09027425629805,1.1430295705795288,75825.0
1999-12-13,1.1254443017517985,1.1606143725063365,1.1254443017517985,1.1342365741729736,1102275.0
1999-12-14,1.1386333195450518,1.1430295705795288,1.1342369930436362,1.1430295705795288,471150.0
1999-12-15,1.1254443017517985,1.1342365741729736,1.1254443017517985,1.1342365741729736,47475.0
1999-12-16,1.1122560745472725,1.1782000064849854,1.1078597470133962,1.1782000064849854,71775.0
1999-12-17,1.1606151998861567,1.1606151998861567,1.0726897716522217,1.0726897716522217,92700.0
1999-12-20,1.0990667475325335,1.1078593237742733,1.0551040172576904,1.0551040172576904,26775.0
1999-12-21,1.0551050860213829,1.1254456917395552,1.0551050860213829,1.1078604459762573,21375.0
1999-12-22,1.10786040274934,1.10786040274934,1.0902751576721899,1.0946714878082275,23175.0
1999-12-23,1.1122556496286067,1.1254445517246798,1.019933938691514,1.0551040172576904,57150.0
1999-12-27,1.019934482475311,1.0375196443344181,1.0111418260787899,1.024330735206604,45450.0
1999-12-28,1.0111416542459957,1.0287268885836462,0.9583866304356368,1.0023493766784668,74250.0
1999-12-29,0.9847642183303833,0.9979531262346079,0.9671793599705668,0.9847642183303833,88875.0
1999-12-30,0.9803681465703833,0.9935570569037309,0.9671795381049336,0.9759718179702759,24525.0
1999-12-31,0.9671795381049336,0.9935570569037309,0.9671795381049336,0.9759718179702759,35100.0
2000-01-03,0.993556797504425,1.0023493769420855,0.9671792855923083,0.993556797504425,44775.0
2000-01-04,0.9671795381049336,0.9759718179702759,0.9627832095048262,0.9759718179702759,40950.0
2000-01-05,0.9759722353313793,1.0199350118637085,0.967179951706138,1.0199350118637085,42075.0
2000-01-06,1.015538060061385,1.01993438785178,0.9671793599705668,0.9847642183303833,26325.0
2000-01-07,1.0199346765429849,1.1606154699150506,0.9671796337295242,1.1254453659057617,68175.0
2000-01-10,1.1254453659057617,1.1430302292429513,1.1254453659057617,1.1254453659057617,15750.0
2000-01-11,1.1430301324590952,1.1430301324590952,1.0990674495697021,1.0990674495697021,15300.0
2000-01-12,1.0990672869219555,1.1078598674788311,1.0199344392448961,1.0726897716522217,26100.0
2000-01-13,1.0902748107910156,1.0902748107910156,1.0858788593885955,1.0902748107910156,4500.0
2000-01-14,1.028727412223816,1.0902750467983406,1.028727412223816,1.028727412223816,7425.0
2000-01-18,1.0287266379783833,1.055104143457811,1.0287266379783833,1.0507078170776367,42750.0
2000-01-19,1.028727019801772,1.0990672869219555,1.028727019801772,1.0726897716522217,12600.0
2000-01-20,1.1254445517246798,1.1254445517246798,0.9495937060922341,1.0551040172576904,126675.0
2000-01-21,1.0331235960822205,1.0638973712921143,1.0331235960822205,1.0638973712921143,21825.0
2000-01-24,1.0287269770933796,1.0902745856345266,1.0287269770933796,1.0463122129440308,76050.0
2000-01-25,1.0375193621096293,1.1166521916151542,1.0375193621096293,1.10126531124115,72450.0
2000-01-26,1.0958746671676636,1.1135502277455354,1.0781994858627388,1.0958746671676636,42750.0
2000-01-27,1.1047127464532573,1.1135504909034635,1.0251734256744385,1.0251734256744385,34875.0
2000-01-28,0.9986604118554093,1.0340111618080856,0.9544718416690021,0.9633095860481262,204300.0
2000-01-31,0.9809842191037887,0.9809842191037887,0.954471230506897,0.954471230506897,67275.0
2000-02-01,0.9633090533591385,0.9986598596181934,0.9544713138670924,0.9721468687057495,94950.0
2000-02-02,0.9809844493865967,0.9986600068308102,0.9633091953606872,0.9809844493865967,28350.0
2000-02-03,1.0074981643378482,1.0251734256744385,0.9809848551326223,1.0251734256744385,11475.0
2000-02-04,1.0074978479021186,1.0428485870361328,1.0074978479021186,1.0428485870361328,45000.0
2000-02-07,1.025173364610883,1.1135504245758057,1.025173364610883,1.1135504245758057,513000.0
2000-02-08,1.1312256671574654,1.1312256671574654,1.0781993703764603,1.1047123670578003,38250.0
2000-02-09,1.1135502277455354,1.1179691368536508,1.0958746671676636,1.0958746671676636,77625.0
2000-02-10,1.0958748608736153,1.1223881684995993,1.0605241127422491,1.1135504245758057,600750.0
2000-02-11,1.1223881684995993,1.166576736409362,1.0958748608736153,1.1135504245758057,279450.0
2000-02-14,1.0781991481781006,1.131225434031297,1.0781991481781006,1.0781991481781006,53775.0
2000-02-15,1.0605235931360921,1.0781991481781006,1.0605235931360921,1.0781991481781006,88200.0
2000-02-16,1.0605238428212647,1.091456052463684,1.0428485870361328,1.0428485870361328,59175.0
2000-02-17,1.0340101721534893,1.0781987000469087,1.0340101721534893,1.0605231523513794,28575.0
2000-02-18,1.0649426955362817,1.0870370864868164,1.0605237870043431,1.0870370864868164,1125.0
2000-02-22,1.0428483145496537,1.047267222159547,0.989822030067444,0.9898220300674438,31275.0
2000-02-23,0.989822030067444,0.989822030067444,0.989822030067444,0.9898220300674438,5400.0
2000-02-24,0.989822030067444,0.989822030067444,0.9544713001702437,0.9898220300674438,42300.0
2000-02-25,0.9721468687057494,0.9898220442715824,0.9721468687057494,0.9721468687057495,7200.0
2000-02-28,0.9721467838018327,0.9765653118164153,0.954471230506897,0.954471230506897,47925.0
2000-02-29,0.9721468687057494,1.0251728505306372,0.9544713138670924,0.9721468687057495,54900.0
2000-03-01,1.0605239252848668,1.1135502277455354,1.0428486681253528,1.0958746671676636,70425.0
2000-03-02,1.0958746671676636,1.1135502277455354,1.0958746671676636,1.0958746671676636,57825.0
2000-03-03,1.095874549788191,1.113550108472828,1.095874549788191,1.1047123670578003,146250.0
2000-03-06,1.0958746671676636,1.1135502277455354,1.0958746671676636,1.0958746671676636,65025.0
2000-03-07,1.0605235809351274,1.0605235809351274,0.9721468687057494,0.9721468687057495,68850.0
2000-03-08,1.0163347441818351,1.0428480309211177,1.0074973106384277,1.0074973106384277,21825.0
2000-03-09,1.016335368156433,1.0605239283846168,1.016335368156433,1.016335368156433,9675.0
2000-03-10,0.9898225995828286,1.0251734256744385,0.9898225995828286,1.0251734256744385,13950.0
2000-03-13,0.9721468547552532,1.0074975846524534,0.9721468547552532,0.9898220300674438,14175.0
2000-03-14,1.0074978479021186,1.0605238428212647,0.9898222886986526,1.0428485870361328,104400.0
2000-03-15,1.034010928785968,1.034010928785968,0.9964505426028568,1.016335368156433,39375.0
2000-03-16,1.0428479080739868,1.0605231523513794,1.01633462445796,1.0605231523513794,106650.0
2000-03-17,1.0428485870361328,1.0605238428212647,1.0428485870361328,1.0428485870361328,24525.0
2000-03-20,1.0516858437372407,1.0516858437372407,0.989821760860725,1.0074973106384277,70650.0
2000-03-21,1.0074975963934978,1.029591679573059,0.9854032097956781,1.029591679573059,72450.0
2000-03-22,0.9986601062276773,1.0516864045651575,0.9986601062276773,1.0428485870361328,14625.0
2000-03-23,1.034010293959538,1.060523277280648,0.954471040578035,1.0074973106384277,15525.0
2000-03-24,1.011917074490255,1.042848914574851,0.9721474141008456,1.0251734256744385,10575.0
2000-03-27,0.9721468687057494,0.9721468687057494,0.9721468687057494,0.9721468687057495,20025.0
2000-03-28,0.9809839985666258,0.9986595478878826,0.9721465652514325,0.9942406415939331,36450.0
2000-03-29,0.9920316735087998,1.0030786770425602,0.989822030067444,0.9898220300674438,65925.0
2000-03-30,0.9986599683761597,1.0074977088306702,0.989822152067076,0.9986599683761597,20925.0
2000-03-31,0.9898225599776858,0.9986603799288772,0.9456340670585631,0.9456340670585632,171675.0
2000-04-03,0.9809843047795364,0.9898220442715824,0.9633090533591385,0.9721468687057495,143550.0
2000-04-04,0.980984290702221,0.989822030067444,0.9191205702730435,0.9898220300674438,53550.0
2000-04-05,0.9544714178127531,0.9986599683761597,0.936795861049159,0.9986599683761597,60075.0
2000-04-06,0.9721467838018327,0.9721467838018327,0.9367956772119612,0.954471230506897,30600.0
2000-04-07,0.954471326188818,0.9765654097131795,0.9367957711219788,0.9367957711219788,38250.0
2000-04-10,0.9721469446983105,0.9721469446983105,0.9367958322576059,0.9412147402763367,38925.0
2000-04-11,0.9412151871730124,0.9898225916216784,0.9191210917163257,0.9633095860481262,29025.0
2000-04-12,0.9367957711219788,0.9809843174435308,0.9367957711219788,0.9367957711219788,54675.0
2000-04-13,0.9367962471073716,0.9544718111551502,0.9367962471073716,0.9456340670585632,118575.0
2000-04-14,0.9456335865826813,0.9809843174435308,0.9367957711219788,0.9367957711219788,24975.0
2000-04-17,0.9412144113829496,0.9456333178575591,0.9191203341371671,0.927958071231842,79425.0
2000-04-18,0.9191206062263543,1.0074976240628146,0.8837697990917701,0.9102827906608582,109125.0
2000-04-19,0.910282779867266,0.9367957711219788,0.9014450402611293,0.9367957711219788,36225.0
2000-04-20,0.9367958971216548,0.9898221901814155,0.8837699074801981,0.9809844493865967,42075.0
2000-04-24,0.9809842293290738,0.9809842293290738,0.8660942316055298,0.8660942316055298,12150.0
2000-04-25,0.9191205953279685,0.9367957711219788,0.9191205953279685,0.9367957711219788,4725.0
2000-04-26,0.9602692292679111,1.0314002408903444,0.9247037616143654,1.0225087404251099,42300.0
2000-04-27,1.0225087404251099,1.0314002408903444,1.013617621536584,1.0225087404251099,23850.0
2000-04-28,0.9869435794017328,1.0314005613327026,0.9869435794017328,1.0314005613327026,13950.0
2000-05-01,0.9958342431485999,1.0669652223587036,0.9958342431485999,1.0669652223587036,40500.0
2000-05-02,1.075857466948307,1.075857466948307,1.0314005613327026,1.0314005613327026,13500.0
2000-05-03,0.9958347427435311,1.0225087874745564,0.9780521988868713,0.9780521988868713,21825.0
2000-05-04,1.049183137466963,1.049183137466963,0.9780521988868713,0.9780521988868713,6075.0
2000-05-05,1.0402919882450428,1.0847489701760125,0.995835006314073,1.0314005613327026,146700.0
2000-05-08,1.0314002408903444,1.0314002408903444,1.0225087404251099,1.0225087404251099,1800.0
2000-05-09,1.020286148538205,1.020286148538205,1.009171962738037,1.009171962738037,14850.0
2000-05-10,0.9869428213711811,1.0136171579360962,0.9869428213711811,1.0136171579360962,36450.0
2000-05-11,0.9780521988868713,0.9780521988868713,0.9780521988868713,0.9780521988868713,5175.0
2000-05-12,1.031400460543808,1.0847488641738892,1.031400460543808,1.0847488641738892,95850.0
2000-05-15,1.0136178557363564,1.0402919054031372,1.0136178557363564,1.0402919054031372,47250.0
2000-05-16,1.0803030479640052,1.0847487988757987,1.0491832494735718,1.0491832494735718,16425.0
2000-05-17,1.0758566424570335,1.0758566424570335,1.040291191009635,1.0669652223587036,17775.0
2000-05-18,1.0447380076456807,1.0758577427116889,1.042514940480525,1.058075189590454,188550.0
2000-05-19,1.0314005613327026,1.0447377398588955,1.0136179364541187,1.0314005613327026,10350.0
2000-05-22,1.049183415157383,1.049183415157383,0.942486597470763,1.0314005613327026,29025.0
2000-05-23,0.9736067060616784,1.0402919881645605,0.9736067060616784,0.99583500623703,118125.0
2000-05-24,0.9536010909046676,1.0314005612529082,0.9536010909046676,0.99583500623703,54450.0
2000-05-25,1.0669652223587036,1.0669652223587036,0.9869428230502701,1.0669652223587036,4725.0
2000-05-26,0.9958349451730492,1.075857400894165,0.9869435188066137,1.075857400894165,22950.0
2000-05-30,1.0580741075216016,1.0758566424570335,1.049182611107965,1.0669652223587036,38025.0
2000-05-31,1.0314004980080698,1.075857400894165,1.0314004980080698,1.075857400894165,44550.0
2000-06-01,1.075857266538082,1.1558797122657694,1.075857266538082,1.1380971670150757,38700.0
2000-06-02,1.1380968039827783,1.1647708422963368,1.1203138828277588,1.1203138828277588,27000.0
2000-06-05,1.1025311946868896,1.1025311946868896,1.1025311946868896,1.1025311946868896,1125.0
2000-06-06,1.1158678421112502,1.1158678421112502,1.0669652223587036,1.0669652223587036,28800.0
2000-06-07,1.0625194741518853,1.102530673806102,1.0625194741518853,1.0669652223587036,5850.0
2000-06-08,1.0669663280178745,1.1292061805725098,1.0669663280178745,1.1292061805725098,9000.0
2000-06-09,1.0491832197159876,1.1380971670150757,1.0491832197159876,1.1380971670150757,17325.0
2000-06-12,1.031400258186932,1.1292055438992386,1.031400258186932,1.1025311946868896,27900.0
2000-06-13,1.1114226953012345,1.1203141196002366,1.1025311946868896,1.1025311946868896,10575.0
2000-06-14,1.1025311946868896,1.1025311946868896,1.1025311946868896,1.1025311946868896,6300.0
2000-06-15,1.1203135903180685,1.1203135903180685,1.0669652223587036,1.0669652223587036,14175.0
2000-06-16,1.111422775266085,1.138097126397605,1.111422775266085,1.1336513757705688,82350.0
2000-06-19,1.075857297052212,1.1292056974709055,0.9869434235466448,1.0491832494735718,41175.0
2000-06-20,1.0136179363756999,1.0136179363756999,0.9869435793253778,0.99583500623703,17550.0
2000-06-21,0.9869433181845108,1.0047262436178968,0.9780521988868713,0.9780521988868713,27225.0
2000-06-22,0.9780524172808734,0.9869435385638538,0.9424865584724307,0.9691609144210815,72000.0
2000-06-23,0.9647150826399884,0.9958348033879834,0.9513779068315765,0.9602693319320679,32850.0
2000-06-26,0.9691606980125057,0.9780521988868713,0.9691606980125057,0.9780521988868713,21150.0
2000-06-27,0.9869430146691452,1.055851247627605,0.9691603999658418,1.0536285638809204,22950.0
2000-06-28,1.0491832496876425,1.0491832496876425,0.9780523034993823,0.9869434237480164,10350.0
2000-06-29,0.9780521988868713,1.049183137466963,0.9602692734534853,0.9780521988868713,45000.0
2000-06-30,1.0358459624707597,1.0358459624707597,0.9780521988868713,0.9780521988868713,57600.0
2000-07-03,1.0136177765935124,1.0314003986675473,0.9780523034993823,0.9869434237480164,53325.0
2000-07-05,1.0047257378528935,1.049182609322987,0.9780517065492056,1.0136171579360962,92475.0
2000-07-06,0.9958346969214569,1.040291665040237,0.9958346969214569,1.0225087404251099,29925.0
2000-07-07,1.0225090580258904,1.0225090580258904,0.9780524576751872,0.99583500623703,28125.0
2000-07-10,0.9958347427435311,0.9958347427435311,0.9780521988868713,0.9780521988868713,11925.0
2000-07-11,0.9780525006898998,1.0136179809545809,0.9780525006898998,0.9824978709220886,21600.0
2000-07-12,0.9824978709220886,0.9824978709220886,0.9824978709220886,0.9824978709220886,4950.0
2000-07-13,1.0225082727580717,1.0225082727580717,0.9780517065492056,1.0136171579360962,9450.0
2000-07-14,0.9869428213711811,1.0136171579360962,0.9869428213711811,1.0136171579360962,8550.0
2000-07-17,0.9958348033879834,0.9958348033879834,0.9602693319320679,0.9602693319320679,18675.0
2000-07-18,0.99583500623703,1.0025034428688797,0.9691609544481695,0.99583500623703,24075.0
2000-07-19,0.9958348033879834,0.9958348033879834,0.9602693319320679,0.9602693319320679,13725.0
2000-07-20,0.9424862594166679,0.9424862594166679,0.9247037172317505,0.9247037172317505,11250.0
2000-07-21,0.9913890662527132,0.9913890662527132,0.9424863457679749,0.9424863457679749,3600.0
2000-07-24,0.986943378287492,0.986943378287492,0.9424864054157354,0.9602693319320679,23175.0
2000-07-25,0.9424866830183211,0.9469324350357056,0.9424866830183211,0.9469324350357056,7650.0
2000-07-26,0.9392398784696238,0.9571300148963928,0.9392398784696238,0.9571300148963928,15525.0
2000-07-27,0.9750200623649982,1.0018553733825684,0.9750200623649982,1.0018553733825684,33075.0
2000-07-28,0.9705472580934784,1.0376356717414572,0.9705472580934784,1.0130364894866943,57375.0
2000-07-31,1.0130362815855396,1.0465806350787903,1.0108001602613916,1.0331628322601318,44100.0
2000-08-01,1.019746081604735,1.0331635871198264,1.0108008987822483,1.0152734518051147,24975.0
2000-08-02,1.0286900989261378,1.0286900989261378,0.9929096278235928,1.0197452306747437,3375.0
2000-08-03,1.0108006567104704,1.0510537778297493,1.0108006567104704,1.0465811491012573,23175.0
2000-08-04,1.0018555850474982,1.0599991550867287,0.9929104027083667,1.037636160850525,34425.0
2000-08-07,1.0577623990094362,1.1449776887893677,1.0555262000850636,1.1449776887893677,84150.0
2000-08-08,1.1405054541767992,1.1628681421279907,1.1360328244544577,1.1628681421279907,46350.0
2000-08-09,1.113669829396256,1.1628681421279907,1.1002523241129947,1.1628681421279907,44325.0
2000-08-10,1.1628680547805925,1.2254842519760132,1.1628680547805925,1.2254842519760132,28125.0
2000-08-11,1.2344285918735072,1.288099507035609,1.1986481097266286,1.2702090740203857,77400.0
2000-08-14,1.285863942536374,1.2881000652876997,1.1807584955493873,1.2254842519760132,132525.0
2000-08-15,1.1762855760173623,1.234428822377647,1.1762855760173623,1.1986483335494995,41400.0
2000-08-16,1.1718137584585044,1.1986490843049638,1.1718137584585044,1.1897038221359253,12150.0
2000-08-17,1.171813192243242,1.171813192243242,1.0465811947005808,1.0555263757705688,113850.0
2000-08-18,1.064471960067749,1.064471960067749,1.037636331851141,1.064471960067749,32850.0
2000-08-21,1.037636331851141,1.0734168367739811,1.037636331851141,1.064471960067749,40050.0
2000-08-22,1.1091970205307007,1.1091970205307007,1.0644716518517832,1.1091970205307007,31950.0
2000-08-23,1.1047247754144218,1.1091970205307007,1.1002521464144417,1.1091970205307007,16200.0
2000-08-24,1.0913069464970435,1.0913069464970435,1.0555263757705688,1.0555263757705688,9675.0
2000-08-25,1.0644722291551478,1.10919762209033,1.0644722291551478,1.0823622941970825,12375.0
2000-08-28,1.1270874404467794,1.1270874404467794,1.0465811947005808,1.0555263757705688,45900.0
2000-08-29,1.1449784004789767,1.1449784004789767,1.100252628326416,1.100252628326416,3825.0
2000-08-30,1.1449775859570819,1.171812891960144,1.1449775859570819,1.171812891960144,31500.0
2000-08-31,1.171812885170161,1.2254838039721698,1.1539224509416268,1.2165385484695435,153000.0
2000-09-01,1.216539084582067,1.216539084582067,1.1449780838991406,1.1628681421279907,19575.0
2000-09-05,1.1628681421279907,1.1628681421279907,1.1449780838991406,1.1628681421279907,15975.0
2000-09-06,1.1628677679446242,1.216538693128665,1.1628677679446242,1.1986483335494995,15300.0
2000-09-07,1.153922457627945,1.171812891960144,1.1449775859570819,1.171812891960144,22275.0
2000-09-08,1.1628675661685481,1.2075933038023772,1.1449775168005032,1.180757999420166,16650.0
2000-09-11,1.2031207419923224,1.2254838039721698,1.2031207419923224,1.2165385484695435,36450.0
2000-09-12,1.2165385555186858,1.2165385555186858,1.171812891960144,1.171812891960144,45000.0
2000-09-13,1.171812891960144,1.1807580707378837,1.171812891960144,1.171812891960144,9900.0
2000-09-14,1.2075935133390823,1.2075935133390823,1.1986483335494995,1.1986483335494995,62325.0
2000-09-15,1.1449777977950923,1.207593600163816,1.118142179720163,1.1293234825134277,78300.0
2000-09-18,1.118142056007717,1.1270872354507446,1.118142056007717,1.1270872354507446,8100.0
2000-09-19,1.1449774488127764,1.1807579293078265,1.1002517138347212,1.1539223194122314,22725.0
2000-09-20,1.1449775168005032,1.180757999420166,1.1449775168005032,1.180757999420166,8100.0
2000-09-21,1.1673403962277795,1.1986483335494995,1.1673403962277795,1.1986483335494995,6750.0
2000-09-22,1.1986480543902867,1.1986480543902867,1.1449774488127764,1.1539223194122314,16425.0
2000-09-25,1.1897030492578893,1.1986483056157362,1.1449776887893677,1.1449776887893677,21600.0
2000-09-26,1.1181424856185913,1.1360328513784537,1.1091972259619056,1.1181424856185913,21375.0
2000-09-27,1.1181425718181524,1.1449781993035058,1.1181425718181524,1.1360329389572144,19575.0
2000-09-28,1.1449776887893677,1.1539225612635842,1.1449776887893677,1.1449776887893677,60300.0
2000-09-29,1.1539225881550415,1.1986483335494995,1.1360324589060595,1.1986483335494995,28575.0
2000-10-02,1.171812885170161,1.2254838039721698,1.1449775793225943,1.2165385484695435,146475.0
2000-10-03,1.1807580707378837,1.198648197963206,1.1449775859570819,1.171812891960144,8550.0
2000-10-04,1.1628676296675347,1.2165385484695435,1.1628676296675347,1.2165385484695435,4275.0
2000-10-05,1.1807580638960689,1.2165385484695435,1.1807580638960689,1.2165385484695435,1125.0
2000-10-06,1.207593485196857,1.216538664777978,1.1449776887893677,1.1449776887893677,19125.0
2000-10-09,1.1449777154723701,1.1986483335494995,1.1270872791164768,1.1986483335494995,5850.0
2000-10-10,1.180758703251349,1.1897035797138384,1.1360329389572144,1.1360329389572144,4725.0
2000-10-11,1.1181422785306607,1.1181422785306607,1.1091970205307007,1.1091970205307007,9450.0
2000-10-12,1.1091972218246409,1.1449781067644131,1.0913071632385254,1.0913071632385254,85500.0
2000-10-13,1.122615055296347,1.1270876851909302,1.0734167406699737,1.1136698722839355,15525.0
2000-10-16,1.0734158754348755,1.1181416008919065,1.0734158754348755,1.0734158754348755,25875.0
2000-10-17,1.0734165075803286,1.0734165075803286,1.0555263757705688,1.0555263757705688,5850.0
2000-10-18,1.0577625289806485,1.0734164608117962,1.0465811491012573,1.0465811491012573,47700.0
2000-10-19,1.0734163672761328,1.0913068038544231,1.037635878003196,1.068943738937378,32175.0
2000-10-20,1.0734171081225516,1.0823622941970825,1.0644722291551478,1.0823622941970825,21600.0
2000-10-23,1.055526525528788,1.0644717846446694,1.037636160850525,1.037636160850525,78750.0
2000-10-24,1.0421087136317158,1.055526525528788,1.037636160850525,1.037636160850525,13725.0
2000-10-25,1.0433927657501314,1.0703772683991633,1.025403380393982,1.025403380393982,34650.0
2000-10-26,1.025403250796213,1.0276517789264985,1.0164084434509277,1.0164084434509277,18225.0
2000-10-27,1.079371690750122,1.079371690750122,1.034397805966628,1.079371690750122,9675.0
2000-10-30,1.0254033411725714,1.07937172678482,1.0254033411725714,1.034397840499878,40500.0
2000-10-31,1.0343980739839111,1.0703774690628052,1.0254035726263682,1.0703774690628052,21375.0
2000-11-01,1.0276517557477696,1.0793716073065573,1.0254032276681997,1.0726256370544434,12600.0
2000-11-02,1.0726259978988073,1.0771234415843458,1.0343980739839111,1.0703774690628052,41400.0
2000-11-03,1.0366466634744664,1.0793716316518298,1.0164084434509277,1.0164084434509277,38025.0
2000-11-06,1.016408631135367,1.0613824445583637,1.0074137449264526,1.0074137449264526,74925.0
2000-11-07,1.0613826442941776,1.0613826442941776,0.9984191238072876,1.0523878335952759,12150.0
2000-11-08,1.0164085330345072,1.0568849766490724,1.0164085330345072,1.034397840499878,27225.0
2000-11-09,1.034397840499878,1.034397840499878,1.034397840499878,1.034397840499878,0.0
2000-11-10,1.043393022896374,1.0771235051152224,1.0254036331067045,1.0523878335952759,123525.0
2000-11-13,1.0433926910070883,1.0928639411081258,1.016408499101828,1.079371690750122,20250.0
2000-11-14,1.0748742482298919,1.097361383628356,1.0299007494598318,1.079371690750122,41400.0
2000-11-15,1.0456415587963466,1.1153507232666016,1.025403337070035,1.1153507232666016,213750.0
2000-11-16,1.1333403240783702,1.142335131445562,1.0973613262176514,1.0973613262176514,66150.0
2000-11-17,1.144583669686261,1.2232879400253296,1.079371571005701,1.2232879400253296,90000.0
2000-11-20,1.1783139826412903,1.1873087882995605,1.1783139826412903,1.1873087882995605,24525.0
2000-11-21,1.1513303518295288,1.1693196630002105,1.1513303518295288,1.1513303518295288,42300.0
2000-11-22,1.1513296307012182,1.2412769794464111,1.1513296307012182,1.2412769794464111,24750.0
2000-11-24,1.2502726805769937,1.2592675685882568,1.2502726805769937,1.2592675685882568,8325.0
2000-11-27,1.18730894427377,1.2232879400253296,1.18730894427377,1.2232879400253296,32400.0
2000-11-28,1.2052986166308743,1.2232882346433092,1.0074137449264526,1.0074137449264526,248625.0
2000-11-29,1.0343975454076348,1.1513297862360488,1.0343975454076348,1.1490808725357056,36225.0
2000-11-30,1.115350957461112,1.1513303518295288,1.115350957461112,1.1513303518295288,15300.0
2000-12-01,1.1378380982420488,1.1693196630002105,1.0973616462904303,1.1513303518295288,30150.0
2000-12-04,1.1513299485222108,1.2300339100505664,1.1513299485222108,1.2232879400253296,162675.0
2000-12-05,1.1828113900372017,1.295245885848999,1.178314025645264,1.295245885848999,46575.0
2000-12-06,1.2660133713319561,1.2952464060249935,1.2457751462378157,1.250272512435913,8100.0
2000-12-07,1.2367800306754178,1.3402199745178223,1.2367800306754178,1.3402199745178223,64350.0
2000-12-08,1.3672038765178354,1.4931306976653993,1.3672038765178354,1.439162015914917,123300.0
2000-12-11,1.439162578148593,1.4481573104858398,1.371701931213839,1.4481573104858398,110025.0
2000-12-12,1.423421582158713,1.4391624394344085,1.4211729764938354,1.4211729764938354,48825.0
2000-12-13,1.421172690532424,1.421172690532424,1.3672040037592443,1.3761988878250122,13725.0
2000-12-14,1.367204278861341,1.4211729764938354,1.367204278861341,1.4211729764938354,9450.0
2000-12-15,1.4166756107586924,1.4346652281046532,1.4166756107586924,1.4211729764938354,42525.0
2000-12-18,1.3761994345677029,1.3761994345677029,1.2772568285760704,1.3672045469284058,21825.0
2000-12-19,1.2772561966732354,1.3717013893226238,1.2772561966732354,1.295245885848999,28800.0
2000-12-20,1.2772567652675864,1.2772567652675864,1.1513303518295288,1.1513303518295288,17550.0
2000-12-21,1.1513303831963664,1.2052987813949585,1.1513303831963664,1.2052987813949585,25875.0
2000-12-22,1.2345310564181506,1.2772560119628906,1.2187902833227202,1.2772560119628906,14850.0
2000-12-26,1.3312247628748082,1.3492143722463341,1.2772560119628906,1.2772560119628906,13725.0
2000-12-27,1.295245885848999,1.295245885848999,1.2592668935108264,1.295245885848999,7875.0
2000-12-28,1.3267279937260008,1.3312255144119263,1.2772567330321862,1.3312255144119263,28125.0
2000-12-29,1.3132357920094822,1.3672041768025804,1.2592671756083191,1.3042410612106323,40500.0
2001-01-02,1.2592673992375119,1.3289768841188303,1.250272512435913,1.250272512435913,15750.0
2001-01-03,1.3222307263535926,1.3672045469284058,1.313236147525132,1.3672045469284058,52200.0
2001-01-04,1.3402199482644688,1.8709112127607803,1.3402199482644688,1.8079476356506348,228150.0
2001-01-05,1.630300965866592,1.637047245199559,1.4751414821801174,1.5111205577850342,60075.0
2001-01-08,1.535856089901601,1.535856089901601,1.466146700893631,1.50212562084198,17550.0
2001-01-09,1.4031834926425695,1.439162576352046,1.385194182395935,1.385194182395935,33300.0
2001-01-10,1.3851936429751195,1.439162015914917,1.3851936429751195,1.439162015914917,8325.0
2001-01-11,1.3874425698937911,1.5088719139120914,1.3851941185240675,1.4571521282196045,16875.0
2001-01-12,1.4481567907127175,1.4751412868499756,1.4391620616038632,1.4751412868499756,16650.0
2001-01-16,1.403182946216376,1.4571516279668586,1.3851936429751195,1.439162015914917,17325.0
2001-01-17,1.466146848842557,1.4931310415267944,1.3582094604840949,1.4931310415267944,17550.0
2001-01-18,1.4841358144367571,1.4841358144367571,1.3941883717984191,1.439162015914917,23850.0
2001-01-19,1.4031832440506007,1.4346651104250527,1.3132357823203638,1.3402199745178223,6525.0
2001-01-22,1.3222300779959952,1.439162015914917,1.3222300779959952,1.439162015914917,14175.0
2001-01-23,1.4346648059086096,1.439162015914917,1.421172558268318,1.439162015914917,18675.0
2001-01-24,1.3851936796804938,1.4301674793940664,1.36720391274651,1.4031829833984375,4725.0
2001-01-25,1.4301675517049786,1.434664916463193,1.358209252357483,1.358209252357483,3375.0
2001-01-26,1.394188642501831,1.394188642501831,1.394188642501831,1.394188642501831,675.0
2001-01-29,1.3999694290002953,1.44061370024473,1.3999694290002953,1.418033480644226,8325.0
2001-01-30,1.4451297113963435,1.4451297113963435,1.3728731870651245,1.3728731870651245,6300.0
2001-01-31,1.4270648075190786,1.445128850315611,1.3548084812874337,1.3999687433242798,15300.0
2001-02-01,1.354809110466576,1.3728730066065447,1.3412609170318233,1.3480348587036133,4950.0
2001-02-02,1.3548089899328557,1.399969268924541,1.336744785308838,1.336744785308838,7200.0
2001-02-05,1.3412604167189257,1.3548086050999744,1.282551884651184,1.282551884651184,10575.0
2001-02-06,1.2848104877252353,1.336744785308838,1.2825522489595707,1.336744785308838,10800.0
2001-02-07,1.3548094561208572,1.3638413289723617,1.3412612592295354,1.3457772731781006,7425.0
2001-02-08,1.3728729803785171,1.3728729803785171,1.2915845190281132,1.3006166219711304,4275.0
2001-02-09,1.3006159892352163,1.3006159892352163,1.2915838906862194,1.2960999011993408,28350.0
2001-02-12,1.3006165311063749,1.336744785308838,1.3006165311063749,1.336744785308838,17325.0
2001-02-13,1.3367450857152827,1.372873192991235,1.156104006675895,1.1786839962005615,59400.0
2001-02-14,1.2644886331367065,1.3909375507163395,1.228360370971097,1.3728731870651245,46125.0
2001-02-15,1.3909367219260134,1.4090006096770316,1.3638403476401857,1.3999687433242798,15750.0
2001-02-16,1.3977106604519558,1.4270648075190786,1.3977106604519558,1.3999687433242798,31500.0
2001-02-20,1.4270656108856201,1.4360977924140672,1.4090014028743278,1.4270656108856201,26775.0
2001-02-21,1.4090009927749634,1.4270651955285463,1.4090009927749634,1.4090009927749634,8550.0
2001-02-22,1.3999694498282005,1.4090013207389462,1.3457769839989844,1.3548091650009155,28575.0
2001-02-23,1.3367442834453869,1.4090006096770316,1.3186802406488543,1.3999687433242798,24750.0
2001-02-26,1.40900162350364,1.40900162350364,1.3457772731781006,1.3457772731781006,5175.0
2001-02-27,1.3277126550674438,1.3277126550674438,1.3277126550674438,1.3277126550674438,1125.0
2001-02-28,1.3593249214332674,1.3593249214332674,1.2690042913021422,1.3096486330032349,56925.0
2001-03-01,1.2690040546939847,1.314164400100708,1.2690040546939847,1.314164400100708,7200.0
2001-03-02,1.2644887895354873,1.3457772731781006,1.2644887895354873,1.3457772731781006,4950.0
2001-03-05,1.3548094561208572,1.4135176374522054,1.3457772731781006,1.3457772731781006,31500.0
2001-03-06,1.4225495147190466,1.4270655276972157,1.3548091650009155,1.3548091650009155,18225.0
2001-03-07,1.3548091650009155,1.4270655276972157,1.3548091650009155,1.3548091650009155,37575.0
2001-03-08,1.3909375507163395,1.3909375507163395,1.3412610933351223,1.3728731870651245,12825.0
2001-03-09,1.372872884465728,1.3819050643005233,1.3277126054740427,1.336744785308838,17550.0
2001-03-12,1.3367447057583999,1.3954531734857174,1.3096486330032349,1.3096486330032349,11475.0
2001-03-13,1.3006163964356934,1.4090009927749634,1.3006163964356934,1.4090009927749634,28125.0
2001-03-14,1.4090014492307341,1.427065657836342,1.3728731870651245,1.3728731870651245,16425.0
2001-03-15,1.354809185774497,1.4090013423434675,1.354809185774497,1.3638410568237305,70650.0
2001-03-16,1.3728733568694922,1.3728733568694922,1.3186811894867092,1.3457772731781006,46350.0
2001-03-19,1.31868040838458,1.3819047212600708,1.31868040838458,1.3819047212600708,12150.0
2001-03-20,1.399969268924541,1.409001138668191,1.3186807357303927,1.336744785308838,6975.0
2001-03-21,1.3367447270672963,1.3480346800391387,1.2915843725204468,1.2915843725204468,8775.0
2001-03-22,1.2915845190281132,1.3006166219711304,1.264488442767437,1.3006166219711304,43425.0
2001-03-23,1.2915847134767084,1.3728731870651245,1.2915847134767084,1.3728731870651245,6750.0
2001-03-26,1.3728731870651245,1.3728731870651245,1.3502932751607297,1.3728731870651245,3150.0
2001-03-27,1.34577700690633,1.4090013447224743,1.34577700690633,1.3909374475479126,12150.0
2001-03-28,1.3909372441353185,1.409001138668191,1.336744785308838,1.336744785308838,12375.0
2001-03-29,1.4090014028743278,1.4270656108856201,1.4090014028743278,1.4270656108856201,2925.0
2001-03-30,1.3367450359659636,1.4270656108856201,1.3006167749889805,1.4270656108856201,73575.0
2001-04-02,1.3909371309946845,1.4451292753219604,1.3909371309946845,1.4451292753219604,30825.0
2001-04-03,1.3186810263851207,1.427065657836342,1.3186810263851207,1.3728731870651245,105075.0
2001-04-04,1.3728727423133547,1.4090009927749634,1.318680599189276,1.4090009927749634,35325.0
2001-04-05,1.4090010240582165,1.4451292753219604,1.2915843237352185,1.4451292753219604,43875.0
2001-04-06,1.3999693667303603,1.4090012371050022,1.3006166219711304,1.3006166219711304,22950.0
2001-04-09,1.336745451504548,1.336745451504548,1.3006171792967873,1.3150683641433716,7200.0
2001-04-10,1.3627569228068308,1.3728727148994633,1.281829655792449,1.3555313348770142,6750.0
2001-04-11,1.2818299036660648,1.3367448786976155,1.2818299036660648,1.3006166219711304,35550.0
2001-04-12,1.28327468722074,1.28327468722074,1.2746038436889648,1.2746038436889648,1125.0
2001-04-16,1.3006165311063749,1.336744785308838,1.3006165311063749,1.336744785308838,13950.0
2001-04-17,1.336744785308838,1.336744785308838,1.3035068906717384,1.336744785308838,6525.0
2001-04-18,1.3150675758331776,1.3728727457054664,1.3121775266510651,1.3569763898849487,13950.0
2001-04-19,1.3497511501828487,1.3916599750518799,1.3035070953761079,1.3916599750518799,6075.0
2001-04-20,1.3902148489200787,1.3902148489200787,1.3035070005181886,1.3627572059631348,10575.0
2001-04-23,1.3035068759343333,1.3324093859421893,1.3035068759343333,1.3063970804214478,30375.0
2001-04-24,1.3078424081943918,1.3728731870651245,1.3078424081943918,1.3728731870651245,11025.0
2001-04-25,1.3150679584014773,1.4306784868240356,1.3150679584014773,1.4306784868240356,37800.0
2001-04-26,1.4161684020973002,1.4495411369169446,1.4002074003219602,1.4002074003219604,37800.0
2001-04-27,1.4437375772971177,1.4509924813257664,1.3087953971816473,1.390051007270813,45225.0
2001-04-30,1.3247562184405812,1.3494230161214285,1.3247562184405812,1.3291091918945312,20250.0
2001-05-01,1.3595794340097567,1.3595794340097567,1.3073437685601659,1.313147783279419,46800.0
2001-05-02,1.313147958032854,1.3291089617162466,1.313147958032854,1.3204028606414795,16650.0
2001-05-03,1.3204019974377867,1.368284821510315,1.3204019974377867,1.368284821510315,22500.0
2001-05-04,1.3769920326127727,1.4045606045706311,1.3769920326127727,1.3784427642822266,17775.0
2001-05-07,1.3784429492657564,1.421973000270601,1.3711880445480347,1.3711880445480347,16200.0
2001-05-08,1.3784427642822266,1.3784427642822266,1.3784427642822266,1.3784427642822266,2475.0
2001-05-09,1.4132659435272217,1.4132659435272217,1.4132659435272217,1.4132659435272217,2475.0
2001-05-10,1.3784422542876764,1.3784422542876764,1.3436186357950823,1.35957932472229,6525.0
2001-05-11,1.3581280668282372,1.3668341636657715,1.3581280668282372,1.3668341636657715,6750.0
2001-05-14,1.3769920965275062,1.3827961131969768,1.3769920965275062,1.3813449144363403,18225.0
2001-05-15,1.4132665767948294,1.4509922907328572,1.4132665767948294,1.4437373876571655,38700.0
2001-05-16,1.4437373147652501,1.4872671980454288,1.4364824120558464,1.4495413303375244,30375.0
2001-05-17,1.4437372052323658,1.4640510246822864,1.4437372052323658,1.4509921073913574,46800.0
2001-05-18,1.436482079382316,1.5235416701060396,1.4016581496880969,1.4916198253631592,61875.0
2001-05-21,1.520640007783559,1.5757777690887451,1.4611494291906926,1.5757777690887451,242775.0
2001-05-22,1.5380513572297645,1.6323658419348481,1.5380513572297645,1.6106008291244507,51075.0
2001-05-23,1.6047974594475818,1.6323661804199219,1.591738542458188,1.6323661804199219,29025.0
2001-05-24,1.6323665738350588,1.6468763813150002,1.6280137561307624,1.6425234079360962,58500.0
2001-05-25,1.6425233742907497,1.6686413697037816,1.5598170374603337,1.5815815925598145,23625.0
2001-05-29,1.558365879981991,1.5960917532731391,1.5191891193389893,1.5191891193389893,13950.0
2001-05-30,1.5090314556346256,1.552561481592991,1.4669526277292886,1.469854712486267,34200.0
2001-05-31,1.4611488298938495,1.5235414686540016,1.342167410159702,1.3755401372909546,19800.0
2001-06-01,1.513384947623952,1.513384947623952,1.3871484464595945,1.4350312948226929,5850.0
2001-06-04,1.421972222492207,1.4945216970108093,1.421972222492207,1.4306780099868774,12600.0
2001-06-05,1.356677834199352,1.484365070029248,1.356677834199352,1.4002074003219604,11250.0
2001-06-06,1.5090322078252452,1.5235423274937587,1.4089139699935913,1.4089139699935913,3825.0
2001-06-07,1.4161685021985961,1.5380517318459472,1.4161685021985961,1.5235419273376465,9450.0
2001-06-08,1.5380514128568792,1.5380514128568792,1.4292271232417042,1.4306780099868774,7200.0
2001-06-11,1.5220899148913878,1.5220899148913878,1.4669521890902106,1.5119330883026123,24525.0
2001-06-12,1.4800125908585229,1.5220914485812094,1.4611499606192158,1.4814637899398804,27675.0
2001-06-13,1.4582473980342059,1.5220907894896776,1.4582473980342059,1.4858161211013794,19350.0
2001-06-14,1.4814630583299027,1.5235418952722553,1.4814630583299027,1.494521975517273,6300.0
2001-06-15,1.452443094786896,1.5235418493407566,1.452443094786896,1.4988749027252197,62100.0
2001-06-18,1.4582475419628502,1.5046792030334473,1.4582475419628502,1.5046792030334473,1800.0
2001-06-19,1.4945216545478892,1.4945216545478892,1.4582469961565094,1.469854712486267,15075.0
2001-06-20,1.4800116412323536,1.4930705564897297,1.458247093819159,1.4916198253631592,10575.0
2001-06-21,1.5017766852317578,1.5017766852317578,1.4655020236968994,1.4655020236968994,19350.0
2001-06-22,1.4655029172711305,1.4916207642250827,1.452443838119507,1.4524438381195068,22950.0
2001-06-25,1.4553449153900146,1.4829136309351294,1.4495409015346825,1.4553449153900146,37575.0
2001-06-26,1.4538936636735638,1.4785607605669624,1.45099173469027,1.4582469463348389,42750.0
2001-06-27,1.4567957483313914,1.4640506486268925,1.4553448616770113,1.4582469463348389,16425.0
2001-06-28,1.45824745111985,1.4814632023716012,1.4524432797950309,1.47275710105896,63000.0
2001-06-29,1.4727569888602907,1.543855747054013,1.4509921264232637,1.5235419273376465,55350.0
2001-07-02,1.522090589276555,1.6033461720352236,1.522090589276555,1.5960912704467773,70425.0
2001-07-03,1.524992814383731,1.5873854719280671,1.5235419273376465,1.5235419273376465,5625.0
2001-07-05,1.5815807191164128,1.5815807191164128,1.450991592543396,1.484364628791809,10575.0
2001-07-06,1.4495412193245552,1.5090317906045911,1.4408351187956068,1.5061298608779907,15075.0
2001-07-09,1.4219723053154274,1.4655020236968994,1.4219723053154274,1.4655020236968994,11025.0
2001-07-10,1.4364826134969775,1.471306556139476,1.4292277097702024,1.4292277097702026,15525.0
2001-07-11,1.4292272064874887,1.4727567691944081,1.4292272064874887,1.4655020236968994,11700.0
2001-07-12,1.4655022779068154,1.4655022779068154,1.4263253688932074,1.4422863721847534,14625.0
2001-07-13,1.4422866298831618,1.4422866298831618,1.4292277097702024,1.4292277097702026,6975.0
2001-07-16,1.4422865191854266,1.4713064432144165,1.4379333904739424,1.4713064432144165,6750.0
2001-07-17,1.4698548847566093,1.4727568141791616,1.437933038410306,1.4611490964889526,19575.0
2001-07-18,1.465502223058488,1.469855039814224,1.4379331901004282,1.4509921073913574,7875.0
2001-07-19,1.4509927947305161,1.4698557360888085,1.4509927947305161,1.4524438381195068,7200.0
2001-07-20,1.4466393542820586,1.4640512466430664,1.4292276175956478,1.4640512466430664,32625.0
2001-07-23,1.4640513410634863,1.4640513410634863,1.4219728060434276,1.4292277097702026,18900.0
2001-07-24,1.4509929575799323,1.4509929575799323,1.4364831447601316,1.4364831447601318,41625.0
2001-07-25,1.4161687800773066,1.4509924111350196,1.4074626777196206,1.4335805177688599,62100.0
2001-07-26,1.414716999054957,1.4466388423110759,1.414716999054957,1.4248738288879395,9225.0
2001-07-27,1.459912064915396,1.575245380401611,1.459912064915396,1.5752453804016113,33975.0
2001-07-30,1.5548065797001844,1.5548065797001844,1.4453132578680887,1.4818109273910522,11700.0
2001-07-31,1.5577267626826368,1.5577267626826368,1.4599126503512247,1.4613726139068604,3825.0
2001-08-01,1.4599123514297865,1.5679458732671714,1.4599123514297865,1.5621064901351929,14175.0
2001-08-02,1.471591561318838,1.503709652553138,1.470131754875183,1.470131754875183,7425.0
2001-08-03,1.4599122000827651,1.5095493793487547,1.4394734997658245,1.5095493793487549,7650.0
2001-08-06,1.4380139092399373,1.4672122359421302,1.432174212573175,1.4599124193191528,22050.0
2001-08-07,1.4526133807559896,1.489111065864563,1.4526133807559896,1.489111065864563,11700.0
2001-08-08,1.4891105893897263,1.5022497894162272,1.4599124193191528,1.4599124193191528,9000.0
2001-08-09,1.4599126492991514,1.5402079820632935,1.435094208661097,1.5402079820632935,14625.0
2001-08-10,1.4526128240985083,1.5299882126714421,1.4350938918377096,1.499329924583435,11925.0
2001-08-13,1.499329635511149,1.5372874191789863,1.4336334955678272,1.5329078435897827,6075.0
2001-08-14,1.540207312695211,1.5694056313075408,1.48473060131073,1.48473060131073,14850.0
2001-08-15,1.5518866238114806,1.5518866238114806,1.4672120509264301,1.5475070476531982,4050.0
2001-08-16,1.467212467072069,1.5402079820632935,1.467212467072069,1.5402079820632935,2250.0
2001-08-17,1.5402077625406827,1.6394816675752422,1.5402077625406827,1.6248828172683716,132975.0
2001-08-20,1.6059030606750917,1.7518941625737983,1.6059030606750917,1.74313485622406,122625.0
2001-08-21,1.738756480270786,1.7664950126773744,1.6540817022323608,1.6540817022323608,22050.0
2001-08-22,1.649701028403864,1.7153970267608738,1.649701028403864,1.7037179470062256,37125.0
2001-08-23,1.7037184847466518,1.7139379177049259,1.6628407529135552,1.678899884223938,53325.0
2001-08-24,1.6788998310723875,1.7372963428497314,1.6788998310723875,1.7372963428497314,47025.0
2001-08-27,1.7445945610674993,1.747514486312866,1.665759398810392,1.7475144863128662,35550.0
2001-08-28,1.6686798286420765,1.7226964308754789,1.6686798286420765,1.6774394512176514,13500.0
2001-08-29,1.722697103471088,1.722697103471088,1.576706051826477,1.576706051826477,22725.0
2001-08-30,1.6059038107226558,1.6351021387185933,1.6015242338180542,1.6015242338180542,22725.0
2001-08-31,1.6424014170876058,1.6497009197693888,1.5504268688127938,1.6351019144058228,16650.0
2001-09-04,1.635102587343498,1.6497015987153871,1.598604745650436,1.6073640584945679,61650.0
2001-09-05,1.600064048012151,1.6278025681099895,1.5854650412460318,1.6059037446975708,13500.0
2001-09-06,1.598604679107666,1.627803013899387,1.598604679107666,1.598604679107666,94950.0
2001-09-07,1.6000644862050881,1.6059041844897648,1.5504274423644924,1.598604679107666,75825.0
2001-09-10,1.5927649808229891,1.598604679107666,1.5913048604622415,1.598604679107666,64800.0
2001-09-17,1.5913041666741436,1.6788991328590313,1.5913041666741436,1.6628400087356567,52200.0
2001-09-18,1.640942777977874,1.6891197179110204,1.6117445898461051,1.652621865272522,12150.0
2001-09-19,1.5854648889275251,1.657000422451172,1.5840049257385267,1.6351019144058228,20700.0
2001-09-20,1.591304223628457,1.6540807592762274,1.5767053753383244,1.6219626665115356,34200.0
2001-09-21,1.592764167130867,1.5986038624322307,1.5226886066724157,1.5256080627441406,50175.0
2001-09-24,1.5840040706922889,1.598603224806829,1.5256074542341294,1.5285273790359497,11925.0
2001-09-25,1.5621065662622617,1.5986042397740088,1.474511742591858,1.474511742591858,49500.0
2001-09-26,1.5635665362812023,1.5883851322890365,1.4730517765003521,1.5110095739364624,60975.0
2001-09-27,1.5329079704071642,1.5694057941436768,1.5299880442640241,1.5694057941436768,48600.0
2001-09-28,1.5694063144960773,1.5986044891872797,1.4613726139068604,1.4613726139068604,115425.0
2001-10-01,1.4920306695635845,1.5037100640988779,1.4526130654281502,1.4686720371246338,28575.0
2001-10-02,1.4759717138346284,1.494950771331787,1.4599127402602188,1.494950771331787,3600.0
2001-10-03,1.4686718505337404,1.4964103698730469,1.4686718505337404,1.4964103698730469,2925.0
2001-10-04,1.4934904009591483,1.5942240953445435,1.4774312768107387,1.5942240953445435,32175.0
2001-10-05,1.5475076715379854,1.598604679107666,1.5431280936140563,1.598604679107666,29250.0
2001-10-08,1.54750749670495,1.5737859010696411,1.518309165211974,1.5737859010696411,3150.0
2001-10-09,1.5606464428206126,1.5752457628033285,1.4599124193191528,1.4599124193191528,25650.0
2001-10-10,1.5183087450180488,1.5183087450180488,1.4161149263381958,1.4161149263381958,17550.0
2001-10-11,1.4248751316898836,1.4599128521843079,1.423415011300742,1.446773648262024,17100.0
2001-10-12,1.4394734997658245,1.5095493793487547,1.4394734997658245,1.5095493793487549,4500.0
2001-10-15,1.4599122957376507,1.5037097820834848,1.4161149660234227,1.4234144687652588,38700.0
2001-10-16,1.423414327026708,1.474511467657912,1.423414327026708,1.4584523439407349,11925.0
2001-10-17,1.4599125179492205,1.47451183891825,1.4277945756912231,1.4277945756912231,42075.0
2001-10-18,1.4365533202313236,1.4453129406871528,1.416114623518571,1.4204941987991333,21150.0
2001-10-19,1.416114623518571,1.4380134397107915,1.416114623518571,1.4204941987991333,8325.0
2001-10-22,1.4526127975675829,1.467212116360415,1.4234144732451317,1.4380137920379639,12375.0
2001-10-23,1.4409340767518297,1.445313811302185,1.4321746076511193,1.445313811302185,26100.0
2001-10-24,1.4453125323589828,1.4526120312730975,1.4219539165496826,1.4219539165496826,8775.0
2001-10-25,1.4219551748230697,1.445313811302185,1.4190354040000537,1.445313811302185,69075.0
2001-10-26,1.445313811302185,1.445313811302185,1.4248751022777482,1.445313811302185,36900.0
2001-10-29,1.4467822313308716,1.4541262435761992,1.4467822313308716,1.4467822313308716,7875.0
2001-10-30,1.4320939779281616,1.4541263311646186,1.4320939779281616,1.4320939779281616,6525.0
2001-10-31,1.4541262435761992,1.4541262435761992,1.4350316226343263,1.4467822313308716,31950.0
2001-11-01,1.4541262294590092,1.4688142538070679,1.448250925167776,1.4688142538070679,37125.0
2001-11-02,1.4673460737696886,1.498190999031067,1.4673460737696886,1.498190999031067,10125.0
2001-11-05,1.4702830635187942,1.5936635034356188,1.4688141981050193,1.5921947956085205,55125.0
2001-11-06,1.5481301430013235,1.59219484611906,1.5070034859776964,1.5569431781768799,11025.0
2001-11-07,1.5716314812752024,1.5716314812752024,1.5363798141479492,1.5363798141479492,4275.0
2001-11-08,1.527566752747183,1.5540053844451907,1.4835025241705122,1.5540053844451904,15300.0
2001-11-09,1.5686941551377238,1.5686941551377238,1.5070038399392423,1.5172855854034424,4950.0
2001-11-12,1.578975563072434,1.6083517697933378,1.5716315507888792,1.5716315507888794,1800.0
2001-11-13,1.5789756559292663,1.5863196686447096,1.5349109492898285,1.549599289894104,20475.0
2001-11-14,1.586320161819458,1.586320161819458,1.586320161819458,1.586320161819458,1125.0
2001-11-15,1.5305040437013309,1.5936630315799096,1.5275663137435913,1.5275663137435913,18675.0
2001-11-16,1.5936635876395433,1.6083517697933378,1.5716315507888792,1.5716315507888794,88200.0
2001-11-19,1.6083518266677856,1.6083518266677856,1.4717519011524118,1.6083518266677856,39375.0
2001-11-20,1.545192562798771,1.5863192112509732,1.5275664961212012,1.5789752006530762,13500.0
2001-11-21,1.520223617553711,1.5863203925001648,1.4732216310712996,1.520223617553711,9000.0
2001-11-23,1.5863195051926566,1.5863195051926566,1.5363798141479492,1.5363798141479492,2025.0
2001-11-26,1.5863194142309567,1.7038247019394248,1.4835024647710497,1.6524159908294678,147150.0
2001-11-27,1.5936632862611508,1.6230394874267078,1.5495989057194877,1.6156954765319824,32175.0
2001-11-28,1.5495990326178888,1.614226743509212,1.5495990326178888,1.5731000900268555,21150.0
2001-11-29,1.5863192753664255,1.6156954765319824,1.5760375340444857,1.6156954765319824,19575.0
2001-11-30,1.6083523644021251,1.6303844093980489,1.586320161819458,1.586320161819458,40950.0
2001-12-03,1.549599279545439,1.5863196580508154,1.549599279545439,1.5642873048782349,15075.0
2001-12-04,1.5642878016500477,1.586320161819458,1.5642878016500477,1.586320161819458,4275.0
2001-12-05,1.5863194052718987,1.615695608843106,1.570162359359067,1.5731000900268555,13950.0
2001-12-06,1.584850410578049,1.5951319932937622,1.564286772386704,1.5951319932937622,13275.0
2001-12-07,1.556942762220246,1.5951319932937622,1.556942762220246,1.5951319932937622,5400.0
2001-12-10,1.5569436044585414,1.5569436044585414,1.5422555761800456,1.5525373220443726,15750.0
2001-12-11,1.5716316063648288,1.6083518266677856,1.556943266104941,1.6083518266677856,10125.0
2001-12-12,1.6083516716510509,1.6142268180847168,1.6083516716510509,1.6142268180847168,3375.0
2001-12-13,1.5672247010953373,1.615695683486471,1.5672247010953373,1.6142268180847168,20025.0
2001-12-14,1.593663539176847,1.6127581596374512,1.5789755150563949,1.6127581596374512,20475.0
2001-12-17,1.6127584050133201,1.645072346650799,1.5907260503071312,1.6377283334732056,10125.0
2001-12-18,1.5716318937816318,1.645072505404904,1.5716318937816318,1.6186338663101196,36450.0
2001-12-19,1.63772819201418,1.6450722045574333,1.5936636439945886,1.6083518266677856,17325.0
2001-12-20,1.5936638618839771,1.6626980304718018,1.5936638618839771,1.6626980304718018,15525.0
2001-12-21,1.5936635952056473,1.659760178831496,1.5936635952056473,1.6494784355163574,112950.0
2001-12-24,1.6494777822413156,1.659759521484375,1.6377274932548878,1.659759521484375,2925.0
2001-12-26,1.659759738094317,1.7258563041687012,1.6245083937746227,1.7258563041687012,19575.0
2001-12-27,1.7302641104382523,1.753765020958372,1.6847306826403285,1.7420144081115723,13725.0
2001-12-28,1.689136473036412,1.7478890419006348,1.689136473036412,1.7478890419006348,15750.0
2001-12-31,1.7126375404125544,1.746420188048934,1.680323600769043,1.680323600769043,12600.0
2002-01-02,1.7332011678787855,1.7332011678787855,1.643603503891207,1.6788551807403564,17325.0
2002-01-03,1.6788534252991634,1.7258553493073847,1.6744471475853695,1.7185113430023193,19350.0
2002-01-04,1.7185122073873265,1.7699209077267914,1.7185122073873265,1.755232572555542,62100.0
2002-01-07,1.7537640986160812,1.7537640986160812,1.667103886604309,1.667103886604309,11025.0
2002-01-08,1.6759176903180397,1.7038253545761108,1.6671046524758055,1.7038253545761108,13275.0
2002-01-09,1.659760531321045,1.7449519117579098,1.6509478092193604,1.6509478092193604,9675.0
2002-01-10,1.645072523116756,1.6538852453231812,1.645072523116756,1.6538852453231812,30825.0
2002-01-11,1.6303840051222036,1.659760373005986,1.6303840051222036,1.6377283334732056,9225.0
2002-01-14,1.656822488244635,1.656822488244635,1.6127582556726963,1.6230398416519165,40275.0
2002-01-15,1.6303836107254028,1.6524159601018718,1.6289149029971934,1.6303836107254028,31050.0
2002-01-16,1.6377282091359495,1.6700418331467513,1.6156958561024692,1.6450722217559814,12375.0
2002-01-17,1.6671042711503266,1.6891366243362427,1.6671042711503266,1.6891366243362427,7200.0
2002-01-18,1.6817922049311325,1.6891362158258578,1.6156954765319824,1.6156954765319824,21375.0
2002-01-22,1.6450721943179203,1.6656355238630505,1.6230398416519165,1.6230398416519165,6975.0
2002-01-23,1.6156961220357327,1.6362594553084306,1.6156961220357327,1.6333218812942505,19800.0
2002-01-24,1.621571251741031,1.6494784355163574,1.621571251741031,1.6494784355163574,13500.0
2002-01-25,1.6318531730805195,1.6436034691372403,1.628915441479621,1.6333218812942505,39825.0
2002-01-28,1.6421348555739244,1.6626980304718018,1.6333218186957148,1.6626980304718018,13500.0
2002-01-29,1.6715577146147658,1.6774644849876799,1.6464550495147705,1.6464550495147705,33750.0
2002-01-30,1.6479328779911973,1.7010919519823529,1.6449794904851083,1.696662187576294,50400.0
2002-01-31,1.6479328779911973,1.7129053435801718,1.6479328779911973,1.696662187576294,24975.0
2002-02-01,1.7129037403761453,1.735053016955285,1.6848473774605315,1.7202867269515991,41850.0
2002-02-04,1.7202869198298687,1.7512963541113253,1.7202869198298687,1.7291465997695923,23175.0
2002-02-05,1.7527729049510787,1.7527729049510787,1.7261933944038337,1.7409595251083374,24750.0
2002-02-06,1.7335766414371385,1.7335766414371385,1.7202867269515991,1.7202867269515991,34875.0
2002-02-07,1.727669648927351,1.7645856860238258,1.7129035192562243,1.7498193979263306,38925.0
2002-02-08,1.75129624041326,1.7749225273312055,1.7320998723907794,1.767539381980896,39375.0
2002-02-11,1.7320998113178967,1.7719690799713135,1.7320998113178967,1.7719690799713135,39375.0
2002-02-12,1.7675392221241373,1.8015018777756444,1.7631093036293153,1.8000253438949585,34650.0
2002-02-13,1.7439129051953277,1.7985484600067139,1.7439129051953277,1.7985484600067139,44775.0
2002-02-14,1.7542497343745165,1.795595541018826,1.7350532067319913,1.738006591796875,10800.0
2002-02-15,1.7394826914662818,1.7542489767074585,1.7202861721148088,1.7542489767074585,29700.0
2002-02-19,1.7291458482037123,1.7719684873116028,1.7202861721148088,1.7542489767074585,17550.0
2002-02-20,1.7719686016481664,1.780828595161438,1.7320993437570111,1.780828595161438,31050.0
2002-02-21,1.727670082444235,1.7719692747052647,1.727670082444235,1.7572029829025269,23400.0
2002-02-22,1.7498196447013616,1.7719690799713135,1.74391303357354,1.7719690799713135,16875.0
2002-02-25,1.7690147481074867,1.7690147481074867,1.7276689676274155,1.7350521087646484,9225.0
2002-02-26,1.7512969718412914,1.7837831101179813,1.7512969718412914,1.7778764963150024,16200.0
2002-02-27,1.7734459307862573,1.7837823022269566,1.7719690799713135,1.7719690799713135,13050.0
2002-02-28,1.7837825338333242,1.7852590679871998,1.742436408996582,1.742436408996582,11700.0
2002-03-01,1.742435712407523,1.7837818207149632,1.7276694262135492,1.780828595161438,16875.0
2002-03-04,1.7350530836199671,1.7542496099003881,1.7350530836199671,1.7468664646148682,88875.0
2002-03-05,1.7719686016481664,1.8074081004222082,1.7512957059207945,1.780828595161438,35100.0
2002-03-06,1.7572029829025269,1.8074087869404964,1.735053228345604,1.7572029829025269,30600.0
2002-03-07,1.7719691739657515,1.7719691739657515,1.742436275186456,1.7690157890319824,7875.0
2002-03-08,1.761631960901709,1.7631088112226996,1.7350524573559856,1.7542489767074585,9000.0
2002-03-11,1.7173331085056407,1.7498192242634705,1.715856258045547,1.7276694774627686,21150.0
2002-03-12,1.7306235216509893,1.7365301336125898,1.7232403755187986,1.7232403755187988,11925.0
2002-03-13,1.7276694774627686,1.7483423738033768,1.7276694774627686,1.7276694774627686,5625.0
2002-03-14,1.7483424761613493,1.771968757952657,1.7247163527964036,1.7645856142044067,8325.0
2002-03-15,1.7439130585017921,1.8044552293284144,1.7424362076657374,1.774922490119934,71325.0
2002-03-18,1.7941200936877912,1.8044564723968506,1.7749237128436062,1.8044564723968506,15750.0
2002-03-19,1.7778769412709798,1.8339893903765971,1.7778769412709798,1.8044564723968506,20025.0
2002-03-20,1.8118381449060126,1.8782870769500732,1.7823052510139028,1.8782870769500732,20700.0
2002-03-21,1.867951512336731,1.8901012734009865,1.8266056930304724,1.867951512336731,56925.0
2002-03-22,1.8709037207928878,1.8709037207928878,1.8310343027114866,1.8310343027114868,32625.0
2002-03-25,1.8694275360687134,1.8694275360687134,1.777875621655837,1.7941187620162964,37350.0
2002-03-26,1.74981977232187,1.8015021085739136,1.7350531642121398,1.8015021085739136,36675.0
2002-03-27,1.822174807318209,1.822174807318209,1.7941187620162964,1.7941187620162964,3150.0
2002-03-28,1.8088848671690478,1.8088848671690478,1.7424359370248461,1.7498193979263306,32400.0
2002-04-01,1.757203029018578,1.7808293183199784,1.742436419975489,1.7793527841567993,24975.0
2002-04-02,1.7675392506188732,1.8088850516194972,1.7675392506188732,1.7941187620162964,9450.0
2002-04-03,1.8088847935466328,1.8088847935466328,1.7645856142044067,1.7645856142044067,27450.0
2002-04-04,1.777875691099135,1.777875691099135,1.7468664183506462,1.7719690799713135,14400.0
2002-04-05,1.7882127962047376,1.9609798410389043,1.7645865025196537,1.9344003200531006,99450.0
2002-04-08,1.919633687084451,1.9742692538721274,1.919633687084451,1.969839334487915,45450.0
2002-04-09,1.978698831788719,2.0082314089872053,1.9565490820371068,2.0067548751831055,12600.0
2002-04-10,1.9934646486123058,1.997894407402628,1.860566973686218,1.8605669736862183,60525.0
2002-04-11,1.9299694182693163,1.9299694182693163,1.8827170133590698,1.8827170133590698,24975.0
2002-04-12,1.8723806132540763,1.9639320373535154,1.785258473287973,1.9639320373535156,97425.0
2002-04-15,1.9491657453441003,1.956548888914965,1.8856703620966757,1.890100121498108,24750.0
2002-04-16,1.896007162522798,1.9639324790428023,1.8827174060176153,1.9550726413726807,42750.0
2002-04-17,1.9491653633692336,1.9668850312079,1.9048660353462403,1.9624552726745605,10575.0
2002-04-18,1.9624559526877008,1.9624559526877008,1.9048666954040527,1.9048666954040527,11250.0
2002-04-19,1.9624556572538299,1.9624556572538299,1.890100121498108,1.890100121498108,6975.0
2002-04-22,1.8974842658751145,1.9344003200531006,1.894530880147953,1.9344003200531006,17775.0
2002-04-23,1.9122512898285975,1.9668868780136108,1.9122512898285975,1.9668868780136108,57825.0
2002-04-24,1.943259767455208,1.984605575010944,1.943259767455208,1.9565495252609253,12600.0
2002-04-25,1.9476894091138188,1.9801755319284762,1.9299697345651672,1.972792387008667,13500.0
2002-04-26,1.943126267497912,1.950542560694719,1.940159559249878,1.940159559249878,11475.0
2002-04-29,1.9446101768610193,1.9579598903656008,1.9431268223134641,1.9579598903656006,12600.0
2002-04-30,1.954992885434921,1.989108758959949,1.9505426636867977,1.9713093042373657,38250.0
2002-05-01,1.9787252149279493,2.066240072250366,1.9431259940892902,2.066240072250366,67950.0
2002-05-02,2.066240794978957,2.073657248867444,2.0365746611427564,2.049924373626709,23400.0
2002-05-03,2.0350921556231625,2.1033239364624023,2.0350921556231625,2.1033239364624023,33075.0
2002-05-06,2.078106980238895,2.0914566905905305,2.0617905614928294,2.08255672454834,28125.0
2002-05-07,2.0588250389079126,2.112223906942716,2.0588250389079126,2.1033239364624023,78975.0
2002-05-08,2.081074298561556,2.150789260864258,2.075141039174856,2.150789260864258,61425.0
2002-05-09,2.1255723146276315,2.1507883781753634,2.1122226058421707,2.11518931388855,28800.0
2002-05-10,2.109256572357754,2.1507889037451426,2.106289863586426,2.106289863586426,31275.0
2002-05-13,2.109255919766474,2.143371786952536,2.109255919766474,2.1196389198303223,33750.0
2002-05-14,2.1137062251741923,2.1522721643928304,2.109256480493241,2.1389224529266357,30150.0
2002-05-15,2.1389224529266357,2.15523887303495,2.1374390986055762,2.1389224529266357,23850.0
2002-05-16,2.150789260864258,2.150789260864258,2.1374395466000435,2.150789260864258,21825.0
2002-05-17,2.150789260864258,2.150789260864258,2.128539896231714,2.150789260864258,38700.0
2002-05-20,2.128540644275051,2.180456005803667,2.128540644275051,2.1611733436584473,66150.0
2002-05-21,2.196771027602016,2.2160539956751073,2.1537551879882812,2.1537551879882812,42975.0
2002-05-22,2.146339111539214,2.1507890157868963,2.1389226575067872,2.149305820465088,33075.0
2002-05-23,2.14485531572476,2.1878709885039753,2.1404050947709345,2.1730377674102783,24750.0
2002-05-24,2.1389228439568653,2.170072176405929,2.1344730984624274,2.137439489364624,14850.0
2002-05-28,2.1789708785618505,2.1789708785618505,2.1300217968749,2.1596877574920654,29250.0
2002-05-29,2.132989490561592,2.180455084865221,2.1315062951759742,2.1522724628448486,33975.0
2002-05-30,2.1433719356469343,2.190837514043171,2.1433719356469343,2.1849045753479004,57600.0
2002-05-31,2.150788606903006,2.1804545765340806,2.1374388966978577,2.1641383171081543,40950.0
2002-06-03,2.16413864236615,2.1878716762637103,2.1300227642059326,2.1300227642059326,35100.0
2002-06-04,2.14633935610952,2.150789260864258,2.107773727089985,2.150789260864258,11250.0
2002-06-05,2.1166731919927053,2.1730385942335313,2.107773542404175,2.107773542404175,25200.0
2002-06-06,2.128539590251835,2.128539590251835,2.0810739994049072,2.0810739994049072,30600.0
2002-06-07,2.0825569756944557,2.1211230754852295,2.0647575188868483,2.1211230754852295,36000.0
2002-06-10,2.110738890303407,2.135955269715594,2.0558568655414624,2.122605562210083,26775.0
2002-06-11,2.155238315864631,2.1730377674102783,2.1329886433651586,2.1730377674102783,12825.0
2002-06-12,2.150788930154614,2.186388321859832,2.0944236907829596,2.1300227642059326,27675.0
2002-06-13,2.1285399796410744,2.1418896944284134,1.9386771040969997,1.9460935592651367,30375.0
2002-06-14,1.9431260232794318,2.1804542188160543,1.9431260232794318,2.1730377674102783,74025.0
2002-06-17,2.2101205742760577,2.2175370264588565,2.161171798900278,2.187871217727661,29925.0
2002-06-18,2.20715348544879,2.208636839179016,2.1596877574920654,2.1596877574920654,8550.0
2002-06-19,2.113706262607457,2.201221304559795,1.9683427882260205,1.9965254068374634,56025.0
2002-06-20,2.082557057190079,2.137439261560036,2.03805817471803,2.049924373626709,31500.0
2002-06-21,2.0914573632761857,2.1092569828033447,2.0558579650807154,2.1092569828033447,64575.0
2002-06-24,2.0395416418928485,2.1285398961242663,2.0024590492248535,2.0024590492248535,23400.0
2002-06-25,2.0736567557535346,2.124088884828329,2.0024583061033896,2.0647571086883545,24750.0
2002-06-26,2.0617904070452333,2.1923211106713745,2.0306409260837075,2.134472370147705,38925.0
2002-06-27,2.1582053964855628,2.1582053964855628,1.981692294788053,2.0988731384277344,34425.0
2002-06-28,2.0054252851840553,2.109256424664351,1.94905973216907,1.9594427347183228,365625.0
2002-07-01,2.0024590147711594,2.0083922740554736,1.9282939898523765,1.9297770261764526,74250.0
2002-07-02,1.9401596756568693,1.9446097382959182,1.8986273491034351,1.9134602546691895,38925.0
2002-07-03,1.9282941568624048,1.9431270676461567,1.8452291562522982,1.922360897064209,53550.0
2002-07-05,1.9327432215915643,1.9757590614705747,1.8986273478436442,1.9653759002685547,3825.0
2002-07-08,1.9520266313165184,2.06179104844828,1.9075277454423851,1.9579598903656006,31050.0
2002-07-09,1.957959792756836,2.0261917114257812,1.9134605908188134,2.0261917114257812,35100.0
2002-07-10,1.950542146907979,1.9579589159546753,1.8452280049713605,1.9208765029907227,47925.0
2002-07-11,1.8867618522013017,1.9193945485158652,1.8526459600141587,1.883795142173767,14850.0
2002-07-12,1.9208775714577468,1.9312605764753779,1.8704449461571475,1.8734116554260254,21150.0
2002-07-15,1.840778794467442,1.8986275459380473,1.8244625329971313,1.8244625329971313,56025.0
2002-07-16,1.8793439610594884,1.8926936685710485,1.8244619362726748,1.8823105096817017,40500.0
2002-07-17,1.9164273484132825,1.9164273484132825,1.8496787769807386,1.8734116554260254,24075.0
2002-07-18,1.8793447728998398,1.8793447728998398,1.768097162246704,1.768097162246704,31725.0
2002-07-19,1.750296536104879,1.7636462441193652,1.6464654207229614,1.6464654207229614,36675.0
2002-07-22,1.7191477502867596,1.7428804636001587,1.656848940201042,1.7428804636001587,19575.0
2002-07-23,1.7043148063041844,1.7043148063041844,1.4907192772515974,1.5426346063613892,55800.0
2002-07-24,1.5307686426726117,1.5960336923599243,1.4803363418126958,1.5960336923599243,76050.0
2002-07-25,1.5915839258259625,1.8244626147987735,1.5915839258259625,1.7799632549285889,46800.0
2002-07-26,1.6612993908930977,1.9297770261764526,1.6612993908930977,1.9297770261764526,28350.0
2002-07-29,1.9402239198643692,2.0879794434924492,1.9044042776774743,1.9999231100082397,26775.0
2002-07-30,2.0014163333013504,2.022310986686035,1.925299741407193,1.9655966758728027,15300.0
2002-07-31,1.999923789841312,2.0133561001802924,1.8178409337997437,1.8178409337997437,48375.0
2002-08-01,1.8342588826917552,1.8656011100822971,1.752172622796602,1.7894845008850098,23850.0
2002-08-02,1.7909767484016632,1.7909767484016632,1.7044130563735962,1.7044130563735962,38700.0
2002-08-05,1.7894836655301583,1.976043609386807,1.704412379809753,1.8461979627609253,33525.0
2002-08-06,1.938730001449585,1.9402226924254369,1.871568354947487,1.938730001449585,22050.0
2002-08-07,1.880524569594783,2.0058927568089104,1.880524569594783,1.9999231100082397,23625.0
2002-08-08,1.9879843205114867,2.0148489475250244,1.9641045986797394,2.0148489475250244,21150.0
2002-08-09,2.022311200681617,2.144694709584069,2.0148488579958235,2.141709804534912,58500.0
2002-08-12,2.089472072294982,2.089472072294982,1.9715662002563477,1.9715662002563477,10800.0
2002-08-13,2.0103698179334564,2.0103698179334564,1.8133624143921705,1.880523920059204,56475.0
2002-08-14,1.8805248822793332,2.0745473225394515,1.8282880221706115,2.073054790496826,24075.0
2002-08-15,2.0506682828133513,2.0506682828133513,1.8894803863504195,1.917837381362915,7650.0
2002-08-16,1.9536573504805688,2.1043978643626247,1.9461950074631886,2.0148489475250244,44775.0
2002-08-19,2.0148481785226875,2.0148481785226875,1.9849984975942088,1.9909684658050537,44325.0
2002-08-20,1.9476864872643336,2.025295267425175,1.9461941154203746,1.984998345375061,36900.0
2002-08-21,2.0148489475250244,2.0297736335597847,1.9849992552038884,2.0148489475250244,11025.0
2002-08-22,2.014847931962385,2.059622287750244,1.99992325345025,2.059622287750244,4725.0
2002-08-23,1.9879836945754987,2.0611152095725638,1.984998630207777,1.986491322517395,37125.0
2002-08-26,2.0581295861657156,2.1506631865904993,1.9864906283850574,2.125291109085083,31275.0
2002-08-27,2.016340048121112,2.016340048121112,1.940223813056946,1.9402238130569458,13275.0
2002-08-28,2.013355410983253,2.0715620691939596,1.902911901473999,1.902911901473999,27000.0
2002-08-29,1.9073896074770116,1.946194321926376,1.887987330315205,1.9372392892837524,25200.0
2002-08-30,1.9252985309409085,2.026787309700745,1.8655995130538943,1.865599513053894,19125.0
2002-09-03,1.867091751677764,1.88052405376622,1.790975213050842,1.7909752130508423,21375.0
2002-09-04,1.7909768617381208,1.9461951446485655,1.7909768617381208,1.9417173862457275,11475.0
2002-09-05,1.867093338824759,2.0148489475250244,1.8656009662967676,2.0148489475250244,63450.0
2002-09-06,2.013356289515913,2.052160691880203,1.9402247618622657,2.0282809734344482,28350.0
2002-09-09,1.9551481624604017,2.05812931060791,1.9551481624604017,2.05812931060791,8100.0
2002-09-10,2.0581309533529293,2.0581309533529293,1.887987995348908,2.0148489475250244,29700.0
2002-09-11,1.9252994365645204,1.9790286740114371,1.8954497534546169,1.967089056968689,24525.0
2002-09-12,1.9626115924418968,1.9626115924418968,1.913360104368221,1.917837381362915,11925.0
2002-09-13,1.9133593211747895,2.04469747632351,1.902911918794842,2.0432047843933105,12600.0
2002-09-16,2.0446983499209357,2.0596230338394705,2.0223110037915633,2.0282809734344482,14175.0
2002-09-17,2.0655921070784964,2.0655921070784964,1.989475547572775,1.9999231100082397,14175.0
2002-09-18,1.9700734030773681,1.97753574167777,1.923806519453166,1.932761549949646,23400.0
2002-09-19,1.926791222557756,1.989475143301416,1.8655995130538943,1.865599513053894,18900.0
2002-09-20,1.790976538540889,1.917837476766154,1.7775442265112664,1.8909728527069092,89550.0
2002-09-23,1.8282880387624232,1.8581375590056202,1.8282880387624232,1.835750699043274,31275.0
2002-09-24,1.8282889345356321,1.8566462568678634,1.8282889345356321,1.8327665328979492,12825.0
2002-09-25,1.846198175621505,1.9282844066619873,1.835750930289524,1.9282844066619873,22050.0
2002-09-26,1.846197836091334,2.0521600422509856,1.835750592680683,1.984998345375061,33075.0
2002-09-27,1.9700742454658415,2.046190516038378,1.9163450002670288,1.9163450002670288,32175.0
2002-09-30,1.9163445112092814,1.9178368831112023,1.8461979077952997,1.8999271392822266,20025.0
2002-10-01,1.9387318206763189,2.0894722938537598,1.8745551756539547,2.0894722938537598,57825.0
2002-10-02,2.014848889870397,2.0297735754780892,1.9238076031099394,1.9432098865509033,23175.0
2002-10-03,2.0148481342926186,2.0193254101952838,1.955148933871928,1.9760435819625854,13500.0
2002-10-04,2.0655927744722526,2.067085466874712,1.938731854349147,2.008878469467163,14625.0
2002-10-07,2.0058933612214522,2.0058933612214522,1.9238071301809696,1.9282844066619873,8550.0
2002-10-08,1.9282849347866258,2.0536535143643655,1.9058980658728617,1.9461950063705444,39600.0
2002-10-09,1.9133603319612953,1.9193303022073156,1.8193339811211304,1.8551533222198486,27225.0
2002-10-10,1.8327657049500672,2.010370941641298,1.816348332082216,1.926792025566101,23400.0
2002-10-11,1.92679209834696,2.0148482938363834,1.9103747248589742,1.9252994060516357,41625.0
2002-10-14,1.9551488268613322,1.9954457489114465,1.9387314555719073,1.984998345375061,5625.0
2002-10-15,1.9730597033679869,2.089472931032188,1.9327627614406742,2.0745482444763184,36225.0
2002-10-16,1.9790282872063707,2.0715622227108246,1.9790282872063707,2.059622287750244,58500.0
2002-10-17,1.9805214434404985,2.1043972969055176,1.9655964411786948,2.1043972969055176,44100.0
2002-10-18,2.105889823402385,2.126784475823901,2.037235896820642,2.0446982383728027,20250.0
2002-10-21,1.9476863982805963,2.0655922552305346,1.9432089627018105,2.059622287750244,16200.0
2002-10-22,1.9551494292433522,2.046190544804022,1.9402247454510564,1.9655966758728027,9225.0
2002-10-23,2.0103712060879735,2.1193220615386963,1.970074114737088,2.1193220615386963,13500.0
2002-10-24,2.1118599921266425,2.1208150270108788,2.0058937072753906,2.0058937072753906,13950.0
2002-10-25,2.0670855914482,2.1551417985644155,2.0670855914482,2.149171829223633,20475.0
2002-10-28,2.1193222498909656,2.1372318385680504,1.9984312853458082,2.0282809734344482,41175.0
2002-10-29,2.085330577556154,2.119861125946045,2.04479487047353,2.119861125946045,11925.0
2002-10-30,2.1303704909697116,2.137877020777363,2.0703177692866164,2.1318717002868652,17775.0
2002-10-31,2.1063499478814927,2.1378774437406967,2.0568063259124756,2.0568063259124756,18450.0
2002-11-01,2.092837369319683,2.176910877227783,2.073320040362406,2.176910877227783,34875.0
2002-11-04,2.1618987803500667,2.2159461975097656,2.1468857162994897,2.2159461975097656,39150.0
2002-11-05,2.214444987749113,2.2159461975097656,2.1408803940348533,2.2159461975097656,10125.0
2002-11-06,2.205436105042919,2.2174464220881482,2.0643121415045473,2.176910877227783,65925.0
2002-11-07,2.1784123091068657,2.1784123091068657,2.091335897322828,2.119861125946045,22275.0
2002-11-08,2.1303698517677,2.1393775881897987,2.1063488991609427,2.1168580055236816,9900.0
2002-11-11,2.1393779925844774,2.1393779925844774,2.064312219619751,2.064312219619751,15300.0
2002-11-12,2.1003436321294515,2.157393597316012,2.085330254501633,2.1228630542755127,30825.0
2002-11-13,2.080827882676461,2.221951935306256,2.080827882676461,2.2129440307617188,28575.0
2002-11-14,2.1949269780996024,2.2294572055986284,2.0778241242931896,2.2174465656280518,29475.0
2002-11-15,2.2369629436152323,2.25197631880556,2.080825967811176,2.199429988861084,57825.0
2002-11-18,2.2369639518025646,2.2369639518025646,2.131871727770797,2.155892848968506,41175.0
2002-11-19,2.2054358608405087,2.2144437587009453,2.1649001593946235,2.184417486190796,49050.0
2002-11-20,2.199431311250794,2.2324604988098145,2.161898495004244,2.2324604988098145,31050.0
2002-11-21,2.2204487636638293,2.251976728439331,2.2069369168234023,2.251976728439331,24525.0
2002-11-22,2.1769112017774144,2.2429692439660807,2.1769112017774144,2.233961343765259,33750.0
2002-11-25,2.2354627114066736,2.2519773024705048,2.2144443313219337,2.248974561691284,33300.0
2002-11-26,2.2519768571661696,2.2519768571661696,2.148385864394207,2.242968797683716,74250.0
2002-11-27,2.146884922783895,2.3720824110468244,2.146884922783895,2.3390533924102783,85950.0
2002-11-29,2.327043515498908,2.3435581096271805,2.260985461133801,2.2880091667175293,14625.0
2002-12-02,2.3390544585991973,2.3390544585991973,2.0703185593941433,2.1288697719573975,100350.0
2002-12-03,2.1694046586198508,2.1694046586198508,2.1003441982211166,2.1123545169830322,32400.0
2002-12-04,2.125865741945781,2.169404020559114,2.06881561708843,2.1168580055236816,58275.0
2002-12-05,2.176911617797214,2.1844184711891015,2.076323487047734,2.1438827514648438,8100.0
2002-12-06,2.091335868764762,2.191924288918725,2.088333128385458,2.1183595657348633,24075.0
2002-12-09,2.1153577216148167,2.1348750591278076,2.0718195784075553,2.1348750591278076,17100.0
2002-12-10,2.205435219789725,2.205435219789725,2.071817838575092,2.095838785171509,112050.0
2002-12-11,2.1633995671581743,2.1664021471664725,2.0913363583671973,2.1078507900238037,19350.0
2002-12-12,2.109351922230618,2.1739089202472512,2.1033469235079463,2.172407388687134,76050.0
2002-12-13,2.1018441023575494,2.152888895754212,2.071817838575092,2.095838785171509,9000.0
2002-12-16,2.094338893890381,2.137877188992799,2.0718191416215346,2.094338893890381,62100.0
2002-12-17,2.0943382223737608,2.0943382223737608,2.070317268371582,2.070317268371582,6300.0
2002-12-18,2.073319214444101,2.1093506344482815,2.0718178448745577,2.0778231620788574,26775.0
2002-12-19,2.1408802528814634,2.1408802528814634,2.080827356342552,2.1018457412719727,28350.0
2002-12-20,2.1018450255651424,2.184417810725988,2.0568056906454615,2.064312219619751,91800.0
2002-12-23,2.101845258908337,2.1318717002868652,2.0117664179946355,2.1318717002868652,52425.0
2002-12-24,2.0883327820210935,2.1303698517677,2.0883327820210935,2.1168580055236816,10800.0
2002-12-26,2.080826866474144,2.113856048439212,2.080826866474144,2.1123545169830322,7425.0
2002-12-27,2.1769111490939763,2.1769111490939763,1.9937504087273032,2.0087637901306152,18900.0
2002-12-30,1.995251703849065,2.251976984028214,1.9892462231398325,2.226454496383667,89100.0
2002-12-31,2.2309582396755445,2.239966299483384,2.190422695372974,2.2204489707946777,60525.0
2003-01-02,2.1648999443151515,2.208438220364415,2.1138553022264954,2.196427583694458,20925.0
2003-01-03,2.163398675940643,2.172406573328689,2.1288682952371922,2.145382881164551,16650.0
2003-01-06,2.1618978198473098,2.176910877227783,2.1258660633419373,2.176910877227783,27675.0
2003-01-07,2.1754093131739785,2.1754093131739785,2.0342853726627084,2.145382881164551,33525.0
2003-01-08,2.148385109207022,2.148385109207022,2.064311312897946,2.095838785171509,26100.0
2003-01-09,2.1468851549146666,2.170906276617966,2.0778243696149437,2.1694047451019287,26775.0
2003-01-10,2.143882899941472,2.2294579741297267,2.0868327430999667,2.208439588546753,49950.0
2003-01-13,2.1739080023545707,2.2114409600688556,2.109351031595931,2.196427583694458,31050.0
2003-01-14,2.1799144249959577,2.218948939179088,2.1799144249959577,2.2159461975097656,20250.0
2003-01-15,2.236963987350464,2.236963987350464,2.2024337559526277,2.236963987350464,41625.0
2003-01-16,2.242970041442306,2.266991170876404,2.2069382667541504,2.2069382667541504,23400.0
2003-01-17,2.211441342892531,2.2504753550684264,2.161897739931772,2.2144439220428467,29250.0
2003-01-21,2.2534778155933743,2.2880080352949075,2.2054357497816004,2.2835042476654053,33075.0
2003-01-22,2.271494824430117,2.2759990980081093,2.1844186985739498,2.2159461975097656,31725.0
2003-01-23,2.233960400802349,2.2895093100252977,2.176910282895569,2.2790000438690186,35100.0
2003-01-24,2.2339607715781757,2.2669897842127478,2.1889212821100865,2.251976728439331,38025.0
2003-01-27,2.259484749384922,2.399107258998019,2.2564820073869027,2.351065158843994,120825.0
2003-01-28,2.3120304778750103,2.325542493768285,2.2669911228848276,2.2970175743103027,46350.0
2003-01-29,2.2653225080356845,2.330218481403662,2.241175135217718,2.2894697189331055,40050.0
2003-01-30,2.2804148150260857,2.287960798247115,2.2789053916931152,2.2789053916931152,25200.0
2003-01-31,2.263813884384598,2.3332373327074376,2.263813884384598,2.2909796237945557,51975.0
2003-02-03,2.2924882586432958,2.293997681976266,2.2638134252510564,2.2789053916931152,119025.0
2003-02-04,2.2653219000064424,2.293997049331665,2.2653219000064424,2.293997049331665,19125.0
2003-02-05,2.281923069371096,2.293996995134913,2.269849305527776,2.2713587284088135,16200.0
2003-02-06,2.2713594790916303,2.293997753299664,2.2638134956359863,2.2638134956359863,41175.0
2003-02-07,2.274378002010329,2.274378002010329,2.24268432096675,2.2638134956359863,37800.0
2003-02-10,2.2638127474471124,2.280414132251552,2.2638127474471124,2.2713587284088135,25875.0
2003-02-11,2.2819256873184854,2.3015456165530375,2.263815344617347,2.3000361919403076,54000.0
2003-02-12,2.2653225951747844,2.277396363008476,2.2638134956359863,2.2638134956359863,28125.0
2003-02-13,2.2653238878884303,2.300035625897407,2.2638147874884598,2.2985265254974365,27900.0
2003-02-14,2.3015448582750793,2.3392749558593486,2.2743791102925033,2.337765693664551,32850.0
2003-02-18,2.3090907737553534,2.3392748832702637,2.3090907737553534,2.3392748832702637,15975.0
2003-02-19,2.3226725875834413,2.328709471500287,2.2638134956359863,2.2638134956359863,104175.0
2003-02-20,2.2743772503298922,2.2849415912921747,2.265321846487154,2.2713587284088135,4950.0
2003-02-21,2.292488965094705,2.321164131164551,2.269850684614332,2.321164131164551,11025.0
2003-02-24,2.3030533431237132,2.3030533431237132,2.27136013863886,2.2819244861602783,20700.0
2003-02-25,2.2939984750852798,2.3513481616973877,2.2834336415457064,2.3513481616973877,85050.0
2003-02-26,2.293999464559112,2.351349175907947,2.293999464559112,2.3483309745788574,26100.0
2003-02-27,2.307582342064048,2.3483309745788574,2.281925525798048,2.3483309745788574,23175.0
2003-02-28,2.325691962083981,2.3377655732586238,2.2849433422088623,2.2849433422088623,18900.0
2003-03-03,2.2819253259498637,2.3543673329651433,2.2819253259498637,2.307582139968872,74925.0
2003-03-04,2.2894697358184466,2.2955067814681445,2.2789053916931152,2.2789053916931152,18675.0
2003-03-05,2.3543674676323554,2.3543674676323554,2.2849439815522046,2.3332386016845703,58275.0
2003-03-06,2.289471143117031,2.3332382936953366,2.289471143117031,2.319655418395996,6075.0
2003-03-07,2.2924890922559795,2.3543665657780983,2.2924890922559795,2.3453116416931152,12825.0
2003-03-10,2.307581947945019,2.3528580366412917,2.2939990727599433,2.3317291736602783,27900.0
2003-03-11,2.319654907485966,2.330219417698807,2.301544572996339,2.3287103176116943,6525.0
2003-03-12,2.2955078621654312,2.3543668180724167,2.293998761963087,2.346820831298828,47475.0
2003-03-13,2.354366183873886,2.419262170791626,2.346820199132969,2.419262170791626,57150.0
2003-03-14,2.4434090231205867,2.456991888084942,2.384549617767334,2.384549617767334,58950.0
2003-03-17,2.429827201671161,2.452464995826081,2.3528572766432214,2.3679492473602295,101925.0
2003-03-18,2.346822368127201,2.3528592586517334,2.3392763764120823,2.3528592586517334,81450.0
2003-03-19,2.3528573170021825,2.3920966682283122,2.3392744459715304,2.390587568283081,91125.0
2003-03-20,2.35436698285721,2.45548415184021,2.3528578825492423,2.45548415184021,26100.0
2003-03-21,2.4660483754273193,2.4705763238019465,2.4132263050987675,2.4313366413116455,43650.0
2003-03-24,2.413226471934478,2.426809346473643,2.3951156487076517,2.4177539348602295,26100.0
2003-03-25,2.4283182700992674,2.4917051752566564,2.4283182700992674,2.4901957511901855,14625.0
2003-03-26,2.435864614204478,2.488687015928553,2.432846089470123,2.4373738765716553,28575.0
2003-03-27,2.434354617958639,2.4766123294830322,2.434354617958639,2.4766123294830322,12375.0
2003-03-28,2.4871768233657936,2.4901953471677434,2.438882223661181,2.4449191093444824,23175.0
2003-03-31,2.488686377046582,2.488686377046582,2.438882350921631,2.438882350921631,32400.0
2003-04-01,2.438883385545893,2.503779411315918,2.438883385545893,2.503779411315918,35325.0
2003-04-02,2.4871771862630876,2.5641471256343045,2.4871771862630876,2.527925968170166,112950.0
2003-04-03,2.535472396384589,2.5490552703434526,2.494723612587369,2.5052881240844727,26100.0
2003-04-04,2.5128343700629445,2.5158527328356457,2.4932146072387695,2.4932146072387695,31500.0
2003-04-07,2.5128325970449987,2.533961445386994,2.482648342932968,2.491703748703003,57150.0
2003-04-08,2.4917051752566564,2.4917051752566564,2.4735943533477593,2.4901957511901855,31950.0
2003-04-09,2.497742552266943,2.497742552266943,2.4569939236151184,2.4615213871002197,29925.0
2003-04-10,2.473594102335667,2.473594102335667,2.4147351515092503,2.4283180236816406,29475.0
2003-04-11,2.429827485831109,2.44642839648829,2.4147351895079248,2.420772075653076,24300.0
2003-04-14,2.4147354410168256,2.5475458165988654,2.4147354410168256,2.544527292251587,51750.0
2003-04-15,2.484158900139234,2.523398092172164,2.4373732363320455,2.511324644088745,23175.0
2003-04-16,2.53547212055884,2.53547212055884,2.4403918512696388,2.484158992767334,24300.0
2003-04-17,2.505287716211594,2.5369809217018395,2.4766125488504973,2.5173611640930176,16650.0
2003-04-21,2.473593954472827,2.4766124782777714,2.443410173708772,2.4751033782958984,21600.0
2003-04-22,2.4735944276725315,2.5098155868167975,2.44190121702248,2.5052881240844727,22500.0
2003-04-23,2.4751041590514644,2.487177610397339,2.4449198830041783,2.487177610397339,7200.0
2003-04-24,2.4751046783699966,2.4977429711156804,2.4751046783699966,2.4811415672302246,2925.0
2003-04-25,2.4841595988419103,2.4841595988419103,2.4735947620752974,2.4781227111816406,7200.0
2003-04-28,2.5099712263834375,2.5099712263834375,2.441724343921621,2.4720559120178223,28350.0
2003-04-29,2.485704384032177,2.485704384032177,2.444756269454956,2.444756269454956,16875.0
2003-04-30,2.434141085792415,2.4932885466393917,2.426558153090014,2.4720559120178223,32175.0
2003-05-01,2.4629570033814385,2.516037702560425,2.441724691167159,2.516037702560425,31275.0
2003-05-02,2.502388491822983,2.5478867484104906,2.500872002593253,2.5433366298675537,20250.0
2003-05-05,2.5463692548026433,2.5463692548026433,2.450823462127731,2.4750890731811523,22275.0
2003-05-06,2.479639019258779,2.4932883949205658,2.4614396889963377,2.4857051372528076,31050.0
2003-05-07,2.4932879814972173,2.4932879814972173,2.4477899074554443,2.4477899074554443,40725.0
2003-05-08,2.493289016504772,2.493289016504772,2.4280752622915713,2.4326250553131104,34200.0
2003-05-09,2.456890002805509,2.485705244188885,2.426558109823335,2.4417243003845215,28800.0
2003-05-12,2.4280743933075413,2.4386906274628304,2.3886427594241115,2.396225690841675,15075.0
2003-05-13,2.425040896896064,2.425040896896064,2.381059478082987,2.3916757106781006,21600.0
2003-05-14,2.3962260164896643,2.4720558291107233,2.38257664045507,2.459923267364502,27900.0
2003-05-15,2.4720549368002493,2.4872211216488465,2.4447561945847873,2.481154680252075,20475.0
2003-05-16,2.4644732678672536,2.4872223940648337,2.365894317626953,2.365894317626953,104625.0
2003-05-19,2.42655855054782,2.4371746255273594,2.297647534498225,2.320396661758423,96750.0
2003-05-20,2.3370794022539343,2.4068427916440815,2.3340462609323676,2.3689279556274414,57375.0
2003-05-21,2.3507279821836717,2.4265579538345556,2.3507279821836717,2.403808832168579,32625.0
2003-05-22,2.409874226692269,2.423523596123667,2.340110891407333,2.4022912979125977,38700.0
2003-05-23,2.344661969964099,2.3856101036071777,2.3279794512362066,2.3856101036071777,13725.0
2003-05-27,2.332529442372557,2.3916767474313687,2.3279794869623034,2.365894317626953,74250.0
2003-05-28,2.3871254147261314,2.415940641407524,2.3613431642680642,2.409874200820923,34425.0
2003-05-29,2.415942236007039,2.4311081034135267,2.355278278240817,2.359828233718872,25425.0
2003-05-30,2.4250415496581748,2.450823487086139,2.422008246549736,2.429591178894043,32625.0
2003-06-02,2.4235249783523747,2.449307243791838,2.396226223920057,2.4174585342407227,19125.0
2003-06-03,2.4113912020443036,2.456888940488415,2.4113912020443036,2.449306011199951,30375.0
2003-06-04,2.4568907893703913,2.4826732239505236,2.447791202291198,2.4644737243652344,39825.0
2003-06-05,2.487221197819495,2.487221197819495,2.441723455447037,2.444756269454956,53100.0
2003-06-06,2.470539093267319,2.4872217707840845,2.4220080375671387,2.4220080375671387,28575.0
2003-06-09,2.4144251346588135,2.443240373052397,2.4144251346588135,2.4144251346588135,62775.0
2003-06-10,2.456888940488415,2.456888940488415,2.4280737115642554,2.449306011199951,9450.0
2003-06-11,2.435656336439019,2.4629552364349365,2.435656336439019,2.4629552364349365,10125.0
2003-06-12,2.479638051304205,2.487220980585096,2.453855798865183,2.4841878414154053,18000.0
2003-06-13,2.4857038587438254,2.4872206722106043,2.443239264779752,2.4629552364349365,31725.0
2003-06-16,2.4265575947043474,2.487221530504122,2.4265575947043474,2.470538854598999,40500.0
2003-06-17,2.426558836077185,2.4705401184716695,2.426558836077185,2.4432413578033447,10800.0
2003-06-18,2.443239969254545,2.470538714408372,2.434140387536602,2.4614391326904297,19350.0
2003-06-19,2.4235253975414817,2.4644735362726213,2.4235253975414817,2.4341416358947754,21600.0
2003-06-20,2.467506166042367,2.4690229803099815,2.358310996546657,2.429591178894043,55350.0
2003-06-23,2.3795432217146897,2.4477902612858404,2.374993592637561,2.403808832168579,24300.0
2003-06-24,2.3795421861469483,2.4432394062067933,2.3795421861469483,2.4022912979125977,27225.0
2003-06-25,2.44475647849313,2.44475647849313,2.3962254298230903,2.405325174331665,13275.0
2003-06-26,2.4235247931101958,2.4508235454559326,2.3977428550681985,2.4508235454559326,26550.0
2003-06-27,2.4477910472552904,2.4493076992435796,2.388643734986754,2.42655873298645,36000.0
2003-06-30,2.426558130068154,2.4538568827938847,2.4144254053167407,2.431107759475708,58950.0
2003-07-01,2.423523455837876,2.4644715617617887,2.388641790214536,2.4629552364349365,27225.0
2003-07-02,2.411392411424445,2.516037473855629,2.411392411424445,2.5054214000701904,57600.0
2003-07-03,2.503904342651367,2.516036902672766,2.503904342651367,2.503904342651367,5625.0
2003-07-07,2.5205868259499344,2.5387859911863915,2.491771264041047,2.523620128631592,26550.0
2003-07-08,2.540302128703475,2.579733756407966,2.513003221908562,2.5782172679901123,34650.0
2003-07-09,2.537269215456305,2.651013985313467,2.537269215456305,2.5873167514801025,62100.0
2003-07-10,2.567601733743904,2.587317554207187,2.5130040645599365,2.5130040645599365,16650.0
2003-07-11,2.5372695649277497,2.593383550643921,2.5372695649277497,2.593383550643921,6525.0
2003-07-14,2.5933832556929177,2.6206820011138916,2.5327193227418556,2.6206820011138916,27000.0
2003-07-15,2.5964163219354726,2.638880924696636,2.4993537451584915,2.608548879623413,70875.0
2003-07-16,2.588834276845717,2.6237159616172443,2.5190705818758654,2.5994503498077393,48825.0
2003-07-17,2.593382525471232,2.599448965872211,2.5600173473358154,2.5600173473358154,13725.0
2003-07-18,2.5736681518573974,2.5736681518573974,2.519070645932713,2.522103786468506,2250.0
2003-07-21,2.51755472803909,2.51755472803909,2.42807535344727,2.4341416358947754,24300.0
2003-07-22,2.465990148705312,2.5251374553548525,2.4644733341476788,2.517554521560669,24975.0
2003-07-23,2.505421030561765,2.570634603500366,2.4659895565026066,2.570634603500366,10800.0
2003-07-24,2.5767019963366007,2.5782186482797673,2.5418201406378236,2.5433366298675537,27225.0
2003-07-25,2.5736681750516737,2.5751849894033434,2.5387864890787895,2.56305193901062,6750.0
2003-07-28,2.50997030215083,2.5585013464600004,2.502387046813965,2.502387046813965,19125.0
2003-07-29,2.555792301902972,2.555792301902972,2.517646128596296,2.519172191619873,69525.0
2003-07-30,2.5466373971113505,2.5466373971113505,2.517646128596296,2.519172191619873,31275.0
2003-07-31,2.497810419695014,2.519172191619873,2.497810419695014,2.519172191619873,78300.0
2003-08-01,2.519172035637588,2.593938478303506,2.517645972708502,2.525275468826294,110475.0
2003-08-04,2.525275468826294,2.571050808477769,2.5100168040017654,2.525275468826294,104175.0
2003-08-05,2.517645580107918,2.5298524445817963,2.4444050480866557,2.505439043045044,187200.0
2003-08-06,2.4993360993478717,2.5054395327778356,2.4978103637695312,2.4978103637695312,15525.0
2003-08-07,2.500861056872321,2.5161197185516357,2.500861056872321,2.5161197185516357,249975.0
2003-08-08,2.5130692897489193,2.5145948619786513,2.506965691185411,2.5084917545318604,133200.0
2003-08-11,2.5069654118077374,2.5115432739257812,2.5069654118077374,2.5115432739257812,158625.0
2003-08-12,2.506964863492625,2.506964863492625,2.473396228415266,2.485603094100952,319500.0
2003-08-13,2.4810264731310627,2.4810264731310627,2.4627161690745902,2.4764487743377686,313425.0
2003-08-14,2.477974837641101,2.477974837641101,2.464242068672355,2.4764487743377686,203175.0
2003-08-15,2.473396481089803,2.5237495207025114,2.4672933750345223,2.510016918182373,108225.0
2003-08-18,2.490180768917617,2.561895576841946,2.490180768917617,2.525275468826294,108225.0
2003-08-19,2.5252751641542397,2.5313782691955566,2.5100165011706546,2.5313782691955566,85725.0
2003-08-20,2.5329049043135945,2.5329049043135945,2.513068867140197,2.529853105545044,139725.0
2003-08-21,2.522224488706676,2.5313793959017232,2.5115436817929977,2.5176467895507812,135000.0
2003-08-22,2.5054386058340534,2.52222283692483,2.464240650055831,2.5023868083953857,1553175.0
2003-08-25,2.5100159745811075,2.5100159745811075,2.4810250448520814,2.5023868083953857,1476675.0
2003-08-26,2.494757642209664,2.5039125434092457,2.450508052698248,2.5023868083953857,2970225.0
2003-08-27,2.502387609210226,2.532904611130119,2.481025838830721,2.5283267498016357,1472175.0
2003-08-28,2.5374820077926503,2.546637239428473,2.519172035637588,2.525275468826294,369450.0
2003-08-29,2.535956457187537,2.535956457187537,2.5145943576166543,2.523749589920044,114075.0
2003-09-02,2.519172035637588,2.525275468826294,2.5100168040017654,2.525275468826294,529425.0
2003-09-03,2.525274619195163,2.5496881800304925,2.5191711880599628,2.5435845851898193,662850.0
2003-09-04,2.5435863011826467,2.5908877197598112,2.542060401443053,2.577155113220215,470250.0
2003-09-05,2.563420326101635,2.5786784919902677,2.561894263954606,2.567997694015503,189900.0
2003-09-08,2.5786788914345165,2.6061442491102875,2.563420723182353,2.587834119796753,411750.0
2003-09-09,2.593939037455991,2.6122491772635357,2.5802064326003324,2.6091973781585693,298125.0
2003-09-10,2.593937893813811,2.6061445937351704,2.5710502291453303,2.592411994934082,126000.0
2003-09-11,2.58936099326254,2.5908870563169413,2.552740882239766,2.5863091945648193,115200.0
2003-09-12,2.571050278116763,2.586308448677225,2.5268006831112073,2.5557916164398193,284175.0
2003-09-15,2.5557919258708,2.581731391933318,2.5496888206132033,2.5695245265960693,181350.0
2003-09-16,2.5588439885185834,2.6000417975879375,2.5588439885185834,2.5863091945648193,263700.0
2003-09-17,2.59241279196026,2.601567860642339,2.5588439885185834,2.5863091945648193,153000.0
2003-09-18,2.5878344427323796,2.6366614057597615,2.5878344427323796,2.6336097717285156,240525.0
2003-09-19,2.6122485764194945,2.6519203186035156,2.6091967780164733,2.6519203186035156,132975.0
2003-09-22,2.6061448809413603,2.6473426818847656,2.598515713112936,2.6473426818847656,88875.0
2003-09-23,2.6275077116748053,2.6824381351470947,2.6275077116748053,2.6824381351470947,217125.0
2003-09-24,2.6854888782714808,2.777039711757167,2.682437080141801,2.7755136489868164,299700.0
2003-09-25,2.760254661101987,2.7984006553621095,2.751099596286682,2.7572028636932373,339300.0
2003-09-26,2.7709369851853793,2.796876458901478,2.746523574718602,2.781618118286133,171900.0
2003-09-29,2.786195515465956,2.8182382583618164,2.761781778795038,2.8182382583618164,180900.0
2003-09-30,2.8136604840249846,2.8334963568959792,2.769410876562372,2.7861952781677246,200475.0
2003-10-01,2.7800911020100156,2.836547230954575,2.7800911020100156,2.835021495819092,215550.0
2003-10-02,2.8273930289391305,2.844177102789015,2.806031093462554,2.8426513671875,73350.0
2003-10-03,2.816710337202866,2.859434184489511,2.792296944046849,2.8411240577697754,171225.0
2003-10-06,2.790772358234146,2.848754559187852,2.790772358234146,2.830444097518921,61425.0
2003-10-07,2.853332164025262,2.853332164025262,2.767884432139287,2.844176769256592,76725.0
2003-10-08,2.8441761601630446,2.8441761601630446,2.8014526307805347,2.821288824081421,75825.0
2003-10-09,2.818239116296569,2.88385035782458,2.815187316430891,2.8197648525238037,111375.0
2003-10-10,2.8151864989787656,2.873168715122966,2.8151864989787656,2.847229242324829,62100.0
2003-10-13,2.8685898350452725,2.9525114846299543,2.8640123024283244,2.9448821544647217,301725.0
2003-10-14,2.900633433981533,2.9891326427459717,2.900633433981533,2.9891326427459717,311625.0
2003-10-15,2.9906577136119705,3.034907308159911,2.9815026476648785,3.018122911453247,127125.0
2003-10-16,3.0013386304135685,3.034907425120586,2.9753994941711426,2.9753994941711426,157050.0
2003-10-17,2.9906583484077367,3.002865214731878,2.9067370018832803,2.9143660068511963,213075.0
2003-10-20,2.905211717981511,2.9754008089024255,2.8991081194772583,2.9280993938446045,163800.0
2003-10-21,2.9326775640668843,3.0074442063505815,2.9326775640668843,2.984556198120117,254925.0
2003-10-22,2.990658937840776,2.990658937840776,2.9754005974866025,2.98302960395813,94725.0
2003-10-23,2.95251228941177,3.045588702189717,2.95251228941177,3.028804302215576,122175.0
2003-10-24,2.9830302266494257,3.030331648220179,2.9830302266494257,3.02117657661438,139725.0
2003-10-27,3.030330463885885,3.088312670532009,3.021175395858132,3.059321403503418,292500.0
2003-10-28,3.053218870792704,3.155450379303931,3.053218870792704,3.1462953090667725,211725.0
2003-10-29,3.1662272627639965,3.2198918583816334,3.1600939217170776,3.2122256755828857,137925.0
2003-10-30,3.3716876904966595,3.3716876904966595,3.193827323834184,3.2183597087860107,137700.0
2003-10-31,3.1938258298617064,3.2306242255729476,3.1938258298617064,3.196892499923706,143775.0
2003-11-03,3.186160765997619,3.3118900185462037,3.186160765997619,3.308823347091675,114300.0
2003-11-04,3.3118886979584468,3.3670867880899924,3.279689812048378,3.365553617477417,147150.0
2003-11-05,3.3640213342628607,3.385487046627032,3.3241562518684344,3.3747541904449463,107325.0
2003-11-06,3.380886634941902,3.410018853414823,3.3762867936563565,3.403885841369629,132975.0
2003-11-07,3.403885796829916,3.403885796829916,3.3808865907031325,3.3916194438934326,93150.0
2003-11-10,3.388552912292845,3.396219424318196,3.3103559372633518,3.3210887908935547,169200.0
2003-11-11,3.304220505178806,3.3425523830364967,3.2582217911406137,3.2965543270111084,153675.0
2003-11-12,3.327220850661285,3.37321925163269,3.2996214810719264,3.3732192516326904,86850.0
2003-11-13,3.3716860678190326,3.397752269484388,3.33182100258385,3.3808860778808594,31275.0
2003-11-14,3.3900882854692806,3.403887817336586,3.3379568303061684,3.394688129425049,119475.0
2003-11-17,3.3548206844298356,3.3655538665318376,3.2842898959334774,3.2888894081115723,99225.0
2003-11-18,3.2996218093025007,3.324154840605205,3.1846257954347355,3.255157232284546,118125.0
2003-11-19,3.2597571585216545,3.295022716929582,3.2106924057006836,3.2106924057006836,166275.0
2003-11-20,3.1815604200318504,3.304222981722059,3.1048962778496394,3.2658910751342773,162225.0
2003-11-21,3.2658909940526475,3.3088227415253706,3.250557968592886,3.2720236778259277,86625.0
2003-11-24,3.2735568525092944,3.322621936893382,3.2551578159976953,3.287356376647949,140625.0
2003-11-25,3.2888906748013578,3.290424175124598,3.2628251173869125,3.281224489212036,63000.0
2003-11-26,3.256691447902905,3.3578879828047974,3.256691447902905,3.311889886856079,133650.0
2003-11-28,3.325687397331392,3.40388467232936,3.3241542270983,3.360952615737915,94275.0
2003-12-01,3.328754561716484,3.38701932207975,3.3088220277267264,3.365553617477417,109800.0
2003-12-02,3.4008191494117708,3.4008191494117708,3.3456210543330838,3.356354236602783,71550.0
2003-12-03,3.319555739446712,3.3732206728593046,3.2842905031814733,3.285823345184326,74925.0
2003-12-04,3.2674243990993332,3.345621715924195,3.241358846162155,3.3272223472595215,46575.0
2003-12-05,3.2996225441422284,3.316488739601189,3.281223506832392,3.3011560440063477,57600.0
2003-12-08,3.2704907412056694,3.3471548869773633,3.2689578991591652,3.3272223472595215,57150.0
2003-12-09,3.350220615117226,3.350220615117226,3.203025378223627,3.2382912635803223,67275.0
2003-12-10,3.19689288228105,3.253624146670681,3.1662271650130007,3.2106924057006836,48600.0
2003-12-11,3.1677605856870334,3.233691537558926,3.0987626341377563,3.2030258178710938,70875.0
2003-12-12,3.25055726665451,3.279689811333074,3.1708264726997317,3.2735564708709717,39600.0
2003-12-15,3.296555977809963,3.3272213638496977,3.180026458037957,3.226024866104126,77625.0
2003-12-16,3.163161531020458,3.2275593280792236,3.1140964331163086,3.2275593280792236,70875.0
2003-12-17,3.115627707895964,3.222957523668394,3.0374304304934925,3.199958324432373,72225.0
2003-12-18,3.195359418455143,3.226025136067644,3.140161324156597,3.2214252948760986,37125.0
2003-12-19,3.265889496446298,3.267422666686567,3.124827635140337,3.2520899772644043,65700.0
2003-12-22,3.193825231049803,3.2520899772644043,3.1738923728938535,3.2520899772644043,60525.0
2003-12-23,3.1754263329948094,3.273556490923875,3.1754263329948094,3.2382912635803223,106200.0
2003-12-24,3.275089920369262,3.314955320741338,3.2612903966643048,3.2996222972869873,60975.0
2003-12-26,3.3134217933890904,3.3149552931257085,3.281223234019021,3.2904229164123535,34200.0
2003-12-29,3.3379546062460492,3.3425541181303973,3.26742349324755,3.3226215839385986,49950.0
2003-12-30,3.26129112174925,3.339488769136339,3.259757950665583,3.33335542678833,82800.0
2003-12-31,3.30575607063209,3.3241557669851316,3.2428914558630053,3.2720236778259277,47700.0
2004-01-02,3.2520910038370703,3.268957197830066,3.1907595687752277,3.2198917865753174,137925.0
2004-01-05,3.2812231935099483,3.2812231935099483,3.186159700283608,3.2106924057006836,117675.0
2004-01-06,3.1754269463665197,3.2198921930485773,3.137095041368864,3.143228054046631,123750.0
2004-01-07,3.1432290097586333,3.218360000686691,3.127896308898926,3.127896308898926,92700.0
2004-01-08,3.1217622582321787,3.1723605161828767,3.1217622582321787,3.1585609912872314,56475.0
2004-01-09,3.1048960164599886,3.2198920555488924,3.1048960164599886,3.1309618949890137,56475.0
2004-01-12,3.0956965289702127,3.1708271695874206,3.0910966871159626,3.134028434753418,116775.0
2004-01-13,3.152428618968951,3.157028132528267,3.097230508176853,3.1355624198913574,47700.0
2004-01-14,3.2183599724415815,3.2183599724415815,3.1217632669590367,3.149362325668335,49050.0
2004-01-15,3.2183592956361533,3.2183592956361533,3.0941635575620747,3.193826913833618,48150.0
2004-01-16,3.2321591137775285,3.2505584840415613,3.1340289196982263,3.1355624198913574,109125.0
2004-01-20,3.181559957368093,3.2122256755828857,3.135561544549204,3.2122256755828857,181800.0
2004-01-21,3.147827498430619,3.2198917865753174,3.147827498430619,3.2198917865753174,189450.0
2004-01-22,3.2106928741785024,3.2260255705464527,3.1922931779276684,3.2091593742370605,48150.0
2004-01-23,3.1493615287959953,3.3517549037933354,3.1493615287959953,3.351754903793335,113400.0
2004-01-26,3.285823042857184,3.4284187908407446,3.2720235180213475,3.4192187786102295,125550.0
2004-01-27,3.495881249306123,3.5480126530645855,3.426883658005305,3.5265469551086426,395325.0
2004-01-28,3.5342511718687883,3.5804504903973227,3.426452872116739,3.431072473526001,135000.0
2004-01-29,3.478808777023056,3.511148270128144,3.412589925098495,3.454169273376465,51975.0
2004-01-30,3.4865089857572173,3.52654880507718,3.426450248107289,3.461869478225708,66600.0
2004-02-02,3.534247345135563,3.5419473333676286,3.471108565139622,3.4880480766296387,99450.0
2004-02-03,3.5065283206149824,3.5434880715186843,3.4834286828272214,3.497288465499878,79650.0
2004-02-04,3.4942104506767984,3.5727495956094266,3.4942104506767984,3.52655029296875,204075.0
2004-02-05,3.541948211067121,3.6281869771293396,3.521928302791438,3.6189467906951904,119925.0
2004-02-06,3.626647932478755,3.7175066471099854,3.5912280359025,3.7175066471099854,189900.0
2004-02-09,3.7190452812775323,3.794504324291655,3.703645631686816,3.792964458465576,166275.0
2004-02-10,3.797583822933911,3.8853624404194376,3.728284914392706,3.8591830730438232,174825.0
2004-02-11,3.8884427261105254,4.079399619390388,3.8237637410785883,4.065539836883545,341775.0
2004-02-12,4.065540927575144,4.065540927575144,3.9654423613571366,4.011641979217529,226350.0
2004-02-13,4.06554050843344,4.107120193265423,4.050140857696533,4.050140857696533,214650.0
2004-02-17,3.99624193484287,4.051681078888639,3.7421458579664275,4.037821292877197,378675.0
2004-02-18,4.0193400382995605,4.0347396832207165,3.9731407730928816,4.0193400382995605,124200.0
2004-02-19,3.9777601451581823,4.053219161041669,3.9592807705594084,3.9808402061462402,66150.0
2004-02-20,3.9500410922094846,4.027039983201945,3.9500410922094846,3.9669809341430664,106650.0
2004-02-23,4.0470610122306985,4.0470610122306985,3.8191440067951725,3.8499436378479004,182250.0
2004-02-24,3.814524844745048,3.922323070075831,3.8052846569749503,3.8638038635253906,111375.0
2004-02-25,3.829924254750932,3.889983654022217,3.8145246036607787,3.889983654022217,63900.0
2004-02-26,3.8145252371422345,3.8884441033600865,3.8145252371422345,3.862264394760132,102825.0
2004-02-27,3.833004899989942,3.9130838978031184,3.8222251747026927,3.902304172515869,100800.0
2004-03-01,3.8638031578308087,3.9331024055676953,3.8638031578308087,3.8884429931640625,98325.0
2004-03-02,3.9100026998356436,3.9207827524375145,3.8807432651519775,3.8807432651519775,52425.0
2004-03-03,3.8776652561206433,3.9639040703819948,3.849945672655584,3.9331047534942627,77625.0
2004-03-04,3.9762214004041327,3.9762214004041327,3.8576428288990363,3.9469616413116455,38925.0
2004-03-05,3.939261581403863,4.00086082963338,3.8992221030990017,3.9130818843841553,85275.0
2004-03-08,3.9947017367273956,3.9947017367273956,3.896143046320432,3.9223227500915527,60075.0
2004-03-09,3.9300240807992965,3.940803806995687,3.9007646351556957,3.9269440174102783,131625.0
2004-03-10,3.9084618072441084,3.9870008952881317,3.9023020148349303,3.9038422107696533,58500.0
2004-03-11,3.950041874302762,4.00240127593962,3.9038429270919504,3.9084625244140625,141300.0
2004-03-12,3.9084617649751023,4.019340340243855,3.9084617649751023,3.9916207790374756,68625.0
2004-03-15,3.9870008600746143,3.9947005179072734,3.880742211462916,3.89152193069458,57825.0
2004-03-16,3.882282019014866,3.9777606165270676,3.788343617400804,3.9500410556793213,112950.0
2004-03-17,3.942342758178711,3.942342758178711,3.860723912929626,3.942342758178711,50175.0
2004-03-18,3.90076262654908,3.911542347194705,3.819143467093846,3.8776626586914062,57825.0
2004-03-19,3.9269417163102998,3.928481912324013,3.849942820252068,3.85610294342041,42300.0
2004-03-22,3.8930639565328935,3.8930639565328935,3.7344461722399487,3.7760255336761475,72450.0
2004-03-23,3.6651459920204537,3.8253035881339206,3.6559061370608936,3.81144380569458,165150.0
2004-03-24,3.8114450839873726,3.8145251468213184,3.697486724452042,3.7529258728027344,85050.0
2004-03-25,3.772945055881069,3.8514838341886986,3.7529251469972995,3.8499436378479004,51975.0
2004-03-26,3.7575452894051864,3.88844348101119,3.7575452894051864,3.8268442153930664,108225.0
2004-03-29,3.772944152884945,3.8653426934856343,3.772944152884945,3.836082935333252,47250.0
2004-03-30,3.831464394490256,3.8360839923499546,3.772945192504019,3.8253042697906494,45450.0
2004-03-31,3.786803658100083,3.937721043124461,3.772943878019688,3.9192416667938232,61650.0
2004-04-01,3.8792028092668325,3.965441234305818,3.823763680123224,3.8930625915527344,76725.0
2004-04-02,3.913083235375452,3.957742656194021,3.889983922368413,3.911543369293213,64125.0
2004-04-05,3.916163027831143,3.9223228221785353,3.834544183122312,3.889983654022217,186750.0
2004-04-06,3.86226383833045,3.8853634806956032,3.826844276556099,3.8607239723205566,56475.0
2004-04-07,3.8453239902760488,3.8453239902760488,3.735985251890648,3.774484872817993,199125.0
2004-04-08,3.752924070400575,3.808363192125737,3.752924070400575,3.7729439735412598,137025.0
2004-04-12,3.772944540618391,3.792964116324806,3.7329047283189998,3.73752498626709,36900.0
2004-04-13,3.735984406591705,3.7529242491846833,3.5727470949945164,3.6651456356048584,167175.0
2004-04-14,3.5866076995815632,3.5866076995815632,3.4141301638787533,3.434149742126465,203175.0
2004-04-15,3.411050068962846,3.440309833555851,3.3109518482407703,3.412590265274048,213975.0
2004-04-16,3.423369546335651,3.541947794417068,3.4064297021973693,3.495748519897461,121275.0
2004-04-19,3.541948773377965,3.541948773377965,3.431070153441837,3.4942092895507812,45900.0
2004-04-20,3.4649495405833983,3.5450281878933083,3.403350276089617,3.461869478225708,73575.0
2004-04-21,3.397191222103503,3.464950295634787,3.387951363460301,3.4480104446411133,32400.0
2004-04-22,3.492668869089,3.5219283029132127,3.4295297430016825,3.457249641418457,63675.0
2004-04-23,3.449549692869847,3.4603294148417265,3.338671419639133,3.3817906379699707,110700.0
2004-04-26,3.341750744406657,3.3432906100884465,3.1862130754744347,3.23087215423584,342900.0
2004-04-27,3.176972495795447,3.218551833708578,3.0876536977606586,3.1969923973083496,184275.0
2004-04-28,3.1412854463631468,3.2465107896525045,3.125811590173806,3.1846137046813965,106650.0
2004-04-29,3.1103365467615056,3.2960284345282145,3.1103365467615056,3.2728166580200195,188775.0
2004-04-30,3.2186574484584924,3.323883136764565,3.1753295168408067,3.1938986778259277,60075.0
2004-05-03,3.178424034333125,3.3269776330680205,3.173781744748995,3.3145980834960938,220050.0
2004-05-04,3.2604377539083838,3.3950644904266003,3.2403216074575685,3.3532838821411133,163350.0
2004-05-05,3.3393565219215713,3.371852545812064,3.2960286007484845,3.3316192626953125,49275.0
2004-05-06,3.2960279607393286,3.3347135852733865,3.226393637352437,3.2372255325317383,133200.0
2004-05-07,3.206278014416707,3.235679073326357,3.1629497536582285,3.187708854675293,68850.0
2004-05-10,3.237226920980026,3.2511537916306463,3.1026001726479087,3.2418692111968994,143550.0
2004-05-11,3.1861609997746894,3.25734299559755,3.1474753634659147,3.190803289413452,94500.0
2004-05-12,3.135096180154999,3.271270578878336,3.105695119687573,3.248058795928955,135225.0
2004-05-13,3.1567598109616712,3.257342859616852,3.1567598109616712,3.23258376121521,47025.0
2004-05-14,3.29293373660696,3.3176925020678625,3.155212045344517,3.2387735843658447,123750.0
2004-05-17,3.209372479522419,3.3269773607217363,3.10414714688164,3.136643171310425,127125.0
2004-05-18,3.133548152775269,3.1799710440995788,3.1134313451729283,3.1691391468048096,49950.0
2004-05-19,3.175328201916699,3.175328201916699,3.1134308029032187,3.122715711593628,50625.0
2004-05-20,3.153664886905301,3.153664886905301,3.102599375595546,3.130453109741211,37575.0
2004-05-21,3.136643082378565,3.2248465747559005,3.11188431800618,3.173781394958496,89550.0
2004-05-24,3.172234943477401,3.209373602143915,3.1474761697425566,3.195446729660034,51975.0
2004-05-25,3.1954454776090864,3.2805539987598875,3.1799709595506127,3.2635321617126465,92025.0
2004-05-26,3.238773798926812,3.330071939386203,3.192350903085514,3.3145980834960938,85050.0
2004-05-27,3.2217515985030394,3.3207873198877036,3.2217515985030394,3.299123525619507,77850.0
2004-05-28,3.249606233328847,3.5590926993805456,3.249606233328847,3.4414877891540527,303075.0
2004-06-01,3.464697762008643,3.4817195967068986,3.405895331995023,3.466245412826538,98100.0
2004-06-02,3.480172634124756,3.481719953058362,3.450771250087408,3.480172634124756,18675.0
2004-06-03,3.4786247476272174,3.4786247476272174,3.427559573806004,3.432201862335205,66150.0
2004-06-04,3.4043487823705845,3.48017306421358,3.4043487823705845,3.4352974891662598,48825.0
2004-06-07,3.405895331995023,3.4817195967068986,3.405895331995023,3.466245412826538,111825.0
2004-06-08,3.4600566512222937,3.481720447540283,3.435297552512111,3.481720447540283,33075.0
2004-06-09,3.469340617085045,3.470888268155745,3.424465376888945,3.429107666015625,30375.0
2004-06-10,3.404348569311525,3.464698327958365,3.404348569311525,3.429107666015625,75825.0
2004-06-14,3.466246694481174,3.466246694481174,3.412086532810053,3.436845302581787,117225.0
2004-06-15,3.410537910941624,3.4863618426889964,3.410537910941624,3.450770854949951,182025.0
2004-06-16,3.452319268755394,3.4631511665296766,3.393516826460593,3.438392400741577,119475.0
2004-06-17,3.449224141550335,3.449224141550335,3.378042153579435,3.429107666015625,85050.0
2004-06-18,3.4244660894295813,3.455414468685179,3.3811378272032986,3.4167284965515137,141975.0
2004-06-21,3.3888741010031382,3.534332717153148,3.3873271139949686,3.453866481781006,181350.0
2004-06-22,3.4337499558802946,3.5327856882092883,3.387327392157178,3.4987423419952393,92475.0
2004-06-23,3.4662457675942298,3.512668656029316,3.4461289612438994,3.480172634124756,98775.0
2004-06-24,3.4817205028668434,3.4987423419952393,3.466246314959138,3.4987423419952393,82350.0
2004-06-25,3.4662453261112587,3.574565606691895,3.0716501605857873,3.559091091156006,907425.0
2004-06-28,3.5776605959872656,3.596229750822281,3.4817198519921275,3.5807552337646484,193950.0
2004-06-29,3.5823031875817533,3.6209888194113664,3.5219534292653485,3.5699236392974854,109350.0
2004-06-30,3.6147998707334916,3.633369362568854,3.5296913323650276,3.5436182022094727,55800.0
2004-07-01,3.5652815498927746,3.582303388231722,3.458508894583261,3.497194528579712,91800.0
2004-07-02,3.484815752185337,3.5436182022094727,3.4244659828594077,3.5436182022094727,65925.0
2004-07-06,3.5436184695268,3.5436184695268,3.466246853873445,3.4879109859466553,109125.0
2004-07-07,3.5033836010567865,3.5250477254425747,3.4739828823237096,3.500288963317871,46125.0
2004-07-08,3.422916472783869,3.5204045087564944,3.4120845794677734,3.4120845794677734,111150.0
2004-07-09,3.390421954898547,3.4786254548865294,3.35018866878452,3.4306552410125732,46350.0
2004-07-12,3.456962474274364,3.5126699610935006,3.368758953477398,3.44303560256958,80550.0
2004-07-13,3.3997060503365564,3.5219532104360156,3.3997060503365564,3.4863622188568115,52650.0
2004-07-14,3.438390556648948,3.5204040696048735,3.435295588069321,3.463149309158325,45675.0
2004-07-15,3.5204062017822277,3.5204062017822277,3.399706670626719,3.4755306243896484,64350.0
2004-07-16,3.4925528690528136,3.520406610243556,3.410539296908596,3.427560806274414,95400.0
2004-07-19,3.4368454221408173,3.5451657492512454,3.4368454221408173,3.521954298019409,110025.0
2004-07-20,3.5358806970254846,3.5668290731771517,3.483267859890708,3.5513548851013184,78975.0
2004-07-21,3.5590913874586994,3.5590913874586994,3.422917366027832,3.422917366027832,77400.0
2004-07-22,3.418276326464361,3.4662468812885328,3.2991244292263002,3.3115036487579346,110925.0
2004-07-23,3.3656631256102285,3.3656631256102285,3.1706866393362123,3.179971218109131,149625.0
2004-07-26,3.235679695473802,3.2372273471116766,3.172234943477401,3.195446729660034,124200.0
2004-07-27,3.2341308139715843,3.3718521527035237,3.1892552469594535,3.2465100288391113,163350.0
2004-07-28,3.2774607205811184,3.2805556921989933,3.1799726010682283,3.2140159606933594,359325.0
2004-07-29,3.268489383052033,3.3416413323443015,3.2155711435055236,3.3260772228240967,77850.0
2004-07-30,3.3260782326210894,3.3431989920717613,3.2389184581072588,3.2591521739959717,111150.0
2004-08-02,3.254481192284957,3.3276331327659627,3.237360440094366,3.3136253356933594,104850.0
2004-08-03,3.2607085905642506,3.361876171358877,3.237361917483295,3.322965383529663,104850.0
2004-08-04,3.276271760303335,3.3556492903768094,3.2358046728633516,3.2933921813964844,78750.0
2004-08-05,3.3151805444070557,3.3151805444070557,3.214013053597298,3.2389156818389893,58500.0
2004-08-06,3.2140140523609326,3.2840530291543186,3.1984496126476127,3.2062318325042725,95625.0
2004-08-09,3.198452160097317,3.2404755796434586,3.178218773121473,3.1953392028808594,57375.0
2004-08-10,3.1906680620601646,3.2778278072318114,3.1906680620601646,3.266932964324951,56250.0
2004-08-11,3.2902792148326325,3.2902792148326325,3.195336926144646,3.248255491256714,60525.0
2004-08-12,3.210901097623832,3.2778271196801163,3.1937803475280537,3.2062318325042725,73800.0
2004-08-13,3.206233675217842,3.252926353249041,3.190669226559191,3.2233541011810303,77850.0
2004-08-16,3.26070827015393,3.374327331965924,3.2575953139212186,3.329190969467163,61650.0
2004-08-17,3.344755890002283,3.344755890002283,3.2933936026408985,3.308958053588867,39825.0
2004-08-18,3.268489806057803,3.400785923004151,3.268489806057803,3.4007859230041504,112050.0
2004-08-19,3.3712132072525787,3.4241314410328556,3.3556487654560865,3.385221004486084,85950.0
2004-08-20,3.407011032104492,3.424131450567183,3.366543616909824,3.407011032104492,46350.0
2004-08-23,3.3681008915321,3.4163502027002264,3.3291904475981884,3.366544246673584,42525.0
2004-08-24,3.385221004486084,3.414792909543852,3.3665436075358475,3.385221004486084,46575.0
2004-08-25,3.282497237607172,3.4163499844396554,3.2762716604877222,3.408567428588867,70650.0
2004-08-26,3.360317739346846,3.39455856979987,3.299616962001013,3.3789944648742676,61650.0
2004-08-27,3.3463101611965747,3.3743257522583003,3.3182945701348485,3.374325752258301,76500.0
2004-08-30,3.3323025028262725,3.3447536544958583,3.2980610008044033,3.3198506832122803,32175.0
2004-08-31,3.294948207327755,3.3400845527648926,3.2684889242822304,3.3400845527648926,55800.0
2004-09-01,3.2747161561609417,3.455261276810315,3.2747161561609417,3.330747365951538,156150.0
2004-09-02,3.291836836130925,3.3945607287101436,3.285611256995705,3.3930044174194336,60075.0
2004-09-03,3.3447545688718403,3.414793568556012,3.322964546534889,3.4101243019104004,36450.0
2004-09-07,3.366544821096987,3.461486814774391,3.366544821096987,3.439696788787842,41625.0
2004-09-08,3.3836653884116403,3.439696594376735,3.3696575869203667,3.3883349895477295,61875.0
2004-09-09,3.4319133971052316,3.461485299881064,3.3447536652761936,3.4599289894104004,75825.0
2004-09-10,3.421021072454429,3.4521493085996307,3.284055631114724,3.3167405128479004,179100.0
2004-09-13,3.3494228738806093,3.4319136811244526,3.3291898341709194,3.413236618041992,49275.0
2004-09-14,3.3992285272458975,3.422574520111084,3.335414788594097,3.422574520111084,76500.0
2004-09-15,3.4241321154737294,3.455260671225781,3.4101243154811502,3.4381399154663086,96075.0
2004-09-16,3.4459212246239077,3.5019524097442627,3.413236366637034,3.5019524097442627,48375.0
2004-09-17,3.4879446579888325,3.567322505228158,3.4474775791168213,3.4474775791168213,152775.0
2004-09-20,3.421018924432791,3.4677112493329756,3.403898171522155,3.4303574562072754,40950.0
2004-09-21,3.400785483522368,3.494171142578125,3.400785483522368,3.494171142578125,78300.0
2004-09-22,3.4599293621690648,3.461485672807399,3.393002995137096,3.4303574562072754,72900.0
2004-09-23,3.39767257430708,3.4630426367281677,3.39767257430708,3.4179062843322754,38700.0
2004-09-24,3.4334708218289762,3.5533154502401643,3.4241322880299827,3.5081794261932373,95400.0
2004-09-27,3.4708242918982797,3.49417095589407,3.4147930998417797,3.4241316318511963,104175.0
2004-09-28,3.4552604018892183,3.5361945737412985,3.4490348248130083,3.526855707168579,84825.0
2004-09-29,3.508179426193237,3.5346383826421772,3.4568171563264602,3.5081794261932373,61425.0
2004-09-30,3.4459218596736405,3.559540561337997,3.4459218596736405,3.528412342071533,94275.0
2004-10-01,3.4926134875713113,3.603119534945868,3.4926134875713113,3.600006580352783,57600.0
2004-10-04,3.61401643536627,3.645144997126589,3.5548722682133724,3.570436716079712,107775.0
2004-10-05,3.5190745404127144,3.601564705971635,3.5190745404127144,3.5626542568206787,45450.0
2004-10-06,3.52529865094817,3.6404743072955332,3.52529865094817,3.6109020709991455,28800.0
2004-10-07,3.550202380540029,3.58133093393487,3.539307203167086,3.540863513946533,46575.0
2004-10-08,3.522187081787581,3.617128726841917,3.515961170196533,3.515961170196533,55575.0
2004-10-11,3.509734221376079,3.58444280058398,3.45525968187318,3.522186040878296,45225.0
2004-10-12,3.5237410577457586,3.5424184479405145,3.4521457868829812,3.5066206455230713,42075.0
2004-10-13,3.548645109310743,3.56576586075125,3.436582403667312,3.4474775791168213,48600.0
2004-10-14,3.4630424045385984,3.5299684392820017,3.4163497444915145,3.4241316318511963,57375.0
2004-10-15,3.433471914059426,3.528413927199646,3.433471914059426,3.4910597801208496,56475.0
2004-10-18,3.4739374564514645,3.5361945629119873,3.4630426131083936,3.5361945629119873,45675.0
2004-10-19,3.453703557159761,3.579774073938194,3.4163497628931423,3.4365828037261963,76725.0
2004-10-20,3.484832300742854,3.528412342071533,3.4241318390093007,3.528412342071533,64575.0
2004-10-21,3.489501065841294,3.489501065841294,3.427244302277889,3.4786062240600586,30375.0
2004-10-22,3.431913577780887,3.585999343571276,3.42413135707346,3.500396251678467,155250.0
2004-10-25,3.445923199776543,3.5922271563204458,3.445923199776543,3.587557554244995,78975.0
2004-10-26,3.582887236572672,3.5953390598297115,3.5159611913583397,3.595339059829712,82350.0
2004-10-27,3.5237416972721687,3.704287052154541,3.5237416972721687,3.704287052154541,79650.0
2004-10-28,3.66048602729055,3.7308802604675297,3.599478318444385,3.7308802604675293,54000.0
2004-10-29,3.70741538804505,3.7621663105235292,3.6557935308673724,3.7230587005615234,89325.0
2004-11-01,3.716803817778462,3.7778115649811634,3.679260046502905,3.7480897903442383,133875.0
2004-11-02,3.7074157662322946,3.7887600597549023,3.698030247695434,3.7387020587921143,100575.0
2004-11-03,3.6917742041632025,3.7918899088343396,3.6917742041632025,3.7840685844421387,71100.0
2004-11-04,3.719932240765983,3.840384209450586,3.7183677071609296,3.8372554779052734,57825.0
2004-11-05,3.845075941250665,3.882619365441005,3.799711194130464,3.81691837310791,88200.0
2004-11-08,3.8184833487128995,3.838819260617637,3.7825041178063077,3.785632848739624,74025.0
2004-11-09,3.801277125628987,3.8200488462873365,3.7543478239831143,3.7981483936309814,29250.0
2004-11-10,3.796582272177671,3.9185983946455614,3.793453541764629,3.8528974056243896,70200.0
2004-11-11,3.849770299661495,3.910778045654297,3.8419486388427737,3.910778045654297,37575.0
2004-11-12,3.856028474546148,3.9045219792017387,3.856028474546148,3.8951361179351807,96075.0
2004-11-15,3.910778045654297,3.920164240035634,3.8732346107880895,3.910778045654297,102375.0
2004-11-16,3.9279855636094405,3.95770733764497,3.8654129484144097,3.9436285495758057,89550.0
2004-11-17,3.965527146946253,4.012456078961784,3.912340419799038,3.953012228012085,91575.0
2004-11-18,3.95301379371455,3.95301379371455,3.906084843111486,3.9279849529266357,66600.0
2004-11-19,3.8826188370564476,3.94988435335312,3.857590002890618,3.881054639816284,53100.0
2004-11-22,3.856025010157809,3.9717836380004883,3.856025010157809,3.9717836380004883,48375.0
2004-11-23,3.973350153200289,4.031229496002197,3.9342425254330258,4.031229496002197,50175.0
2004-11-24,4.0280991321564885,4.0280991321564885,3.9498839083264063,3.9592697620391846,47250.0
2004-11-26,3.984298220333984,3.9874269498335013,3.962398120831085,3.9717836380004883,9225.0
2004-11-29,3.9889945235266584,4.051567152498732,3.938936487481971,4.020280838012695,126000.0
2004-11-30,3.9921216711117418,4.051565544341143,3.9921216711117418,4.046872615814209,44550.0
2004-12-01,4.057821052714951,4.1031861222773856,4.004634662502319,4.090671539306641,78300.0
2004-12-02,4.06720775899798,4.117265425918593,4.06720775899798,4.114136695861816,46575.0
2004-12-03,4.075030086949517,4.096930531425877,4.054694175720215,4.054694175720215,63900.0
2004-12-06,4.037486989199778,4.046872846789343,3.9811718436623895,3.9889931678771973,80100.0
2004-12-07,3.984299823702225,3.990557285219398,3.8779270058868063,3.9577064514160156,90675.0
2004-12-08,3.982736010773802,3.9905576705932617,3.9373712565492642,3.9905576705932617,68625.0
2004-12-09,3.9358067152921277,4.009329377586301,3.8028401769517237,3.932677984237671,123300.0
2004-12-10,3.8888761955717426,3.9639630317687993,3.8435111201478094,3.963963031768799,43425.0
2004-12-13,3.957705571642621,3.968655959031115,3.89044039277097,3.963963031768799,73350.0
2004-12-14,3.9717846341489405,3.987427949905395,3.929548285802899,3.9874279499053955,39825.0
2004-12-15,3.962398926147614,3.9858632273368606,3.9139051195398142,3.935805559158325,51525.0
2004-12-16,3.9123417053637337,4.003071540803563,3.888877063813372,3.9702210426330566,110250.0
2004-12-17,3.9107772514330654,3.9530136070799675,3.832562001789355,3.8513333797454834,75150.0
2004-12-20,3.848205534252688,3.9467570448389635,3.848205534252688,3.8701059818267822,42300.0
2004-12-21,3.893569783596655,3.912341833114624,3.8528979606910982,3.912341833114624,35325.0
2004-12-22,3.912340068291764,3.960833528649433,3.912340068291764,3.920161724090576,42975.0
2004-12-23,3.9467565299573386,3.9467565299573386,3.8998272453242184,3.912341833114624,34425.0
2004-12-27,3.946757394382645,3.946757394382645,3.8419487476348877,3.8419487476348877,56475.0
2004-12-28,3.8450759063490083,3.94675612449646,3.8200470690041977,3.94675612449646,31725.0
2004-12-29,3.946756080859285,3.946756080859285,3.845075863836058,3.9029555320739746,13500.0
2004-12-30,3.9076496498586364,3.9232926358312943,3.874799144350705,3.910778045654297,18900.0
2004-12-31,3.8137892748500075,3.946755432447166,3.788760106229285,3.9248549938201904,77400.0
2005-01-03,3.8638458018298323,3.94362519740944,3.7715514910514245,3.8388166427612305,86850.0
2005-01-04,3.8716693335274064,3.896698171238955,3.7105452467023685,3.7543461322784424,167400.0
2005-01-05,3.727753286787952,3.7355746108636714,3.6323301792144775,3.6323301792144775,94950.0
2005-01-06,3.6385871680146793,3.6745660596787144,3.6307655092915567,3.6448442935943604,59850.0
2005-01-07,3.674565157218721,3.6761293543133062,3.5509848594665527,3.5509848594665527,259650.0
2005-01-10,3.5541147908258814,3.6730025374855355,3.5541147908258814,3.616687059402466,81450.0
2005-01-11,3.644842841354721,3.644842841354721,3.5275193499126622,3.557241439819336,637875.0
2005-01-12,3.5681913625885078,3.5681913625885078,3.5118762551102036,3.5353405475616455,119700.0
2005-01-13,3.535341433384572,3.5556776732902424,3.521262652987386,3.52595591545105,98775.0
2005-01-14,3.5634989941789446,3.5744493804864907,3.52595591545105,3.52595591545105,28800.0
2005-01-18,3.5838354976633098,3.608864330544224,3.5196987148042225,3.5869638919830322,50400.0
2005-01-19,3.5494221290583354,3.6182518711401377,3.508750298629583,3.5212645530700684,119925.0
2005-01-20,3.508749101953226,3.5666284320785913,3.4805915355682373,3.4805915355682373,147825.0
2005-01-21,3.525956177024272,3.525956177024272,3.4586906641378863,3.5040557384490967,144675.0
2005-01-24,3.508749101953226,3.5322137406073835,3.4805915355682373,3.4805915355682373,264150.0
2005-01-25,3.518136466015771,3.5447295107839825,3.4696426348929155,3.515007734298706,220050.0
2005-01-26,3.554114124082581,3.5713213017058987,3.48059147894084,3.5118777751922607,110475.0
2005-01-27,3.559060537222314,3.559060537222314,3.50716056257323,3.524460554122925,65025.0
2005-01-28,3.4992967588815427,3.549623448371971,3.4977238178253174,3.4977238178253174,106425.0
2005-01-31,3.5511962016764627,3.587368782028486,3.521314372811006,3.535468816757202,74475.0
2005-02-01,3.5103049054690714,3.5590593183756325,3.5040138175316713,3.5527682304382324,150750.0
2005-02-02,3.511876860442884,3.5826490556605983,3.511876860442884,3.5732131004333496,69525.0
2005-02-03,3.521315055214987,3.5622057914733882,3.4992972520108414,3.5622057914733887,80100.0
2005-02-04,3.50401381580875,3.5842226559573462,3.50401381580875,3.568495273590088,61650.0
2005-02-07,3.5338955615387935,3.5433318557627023,3.5087322227645377,3.5417592525482178,99675.0
2005-02-08,3.5386137186565376,3.5857951899094913,3.5386137186565376,3.560631513595581,49950.0
2005-02-09,3.570067505254661,3.6141034247062653,3.5024405169376065,3.5087316036224365,45000.0
2005-02-10,3.5150234699249268,3.5543412555924516,3.497723482246313,3.5150234699249268,37125.0
2005-02-11,3.499296625389754,3.5700688461626324,3.499296625389754,3.5559144020080566,49500.0
2005-02-14,3.5700680022135884,3.5700680022135884,3.499295798170961,3.5118772983551025,228600.0
2005-02-15,3.544904191276258,3.544904191276258,3.4678409099578857,3.4678409099578857,276750.0
2005-02-16,3.4599768924945544,3.4992949996359943,3.4599768924945544,3.485140562057495,246150.0
2005-02-17,3.459977388381958,3.499295501158509,3.459977388381958,3.459977388381958,67050.0
2005-02-18,3.475704200478203,3.475704200478203,3.406504947523223,3.431668281555176,76725.0
2005-02-22,3.406504985611181,3.406504985611181,3.3184328093119597,3.3341598510742188,268875.0
2005-02-23,3.354602717914084,3.390775260153184,3.3341575440232227,3.3813393115997314,126900.0
2005-02-24,3.34202241639577,3.3970678932752087,3.33415906610016,3.370331287384033,60075.0
2005-02-25,3.412793373359794,3.441102231424775,3.368757484414782,3.3813393115997314,101025.0
2005-02-28,3.392350287162589,3.392350287162589,3.334159595905619,3.3750503063201904,159975.0
2005-03-01,3.3750505357360963,3.4316682905578495,3.342023174621635,3.4033594131469727,92250.0
2005-03-02,3.373476826143457,3.3986401545038176,3.3357320023370973,3.340449810028076,65700.0
2005-03-03,3.35775033257948,3.3813413996699637,3.320005165184172,3.3467414379119873,61875.0
2005-03-04,3.400214352736053,3.4143687934517195,3.3420236492593207,3.3892054557800293,77625.0
2005-03-07,3.356178331703679,3.4175145833577973,3.3498879186682973,3.3907783031463623,58500.0
2005-03-08,3.3514609244542455,3.3844876216677324,3.3498883210065222,3.3656153678894043,57150.0
2005-03-09,3.390778892764164,3.390778892764164,3.331015571445241,3.343597412109375,68625.0
2005-03-10,3.3262956831652692,3.395495601880473,3.3247234179240954,3.348313808441162,106425.0
2005-03-11,3.3719044493250516,3.3719044493250516,3.3310137427170625,3.351459264755249,70425.0
2005-03-14,3.3797684522346247,3.3954958302616833,3.3325869930902794,3.3750503063201904,69525.0
2005-03-15,3.397070672022273,3.478851809283406,3.3687617778778076,3.3687617778778076,94725.0
2005-03-16,3.3656143549741007,3.4175139652833106,3.338878417066504,3.3451688289642334,51975.0
2005-03-17,3.379769725203954,3.3970697125622853,3.335733792572842,3.3860604763031006,47475.0
2005-03-18,3.3970681382432657,3.3970681382432657,3.318432267338077,3.342022657394409,250650.0
2005-03-21,3.3797703174254994,3.390779218145181,3.3137159007016077,3.3561792373657227,81000.0
2005-03-22,3.382913701728435,3.45683142712868,3.3105685790070423,3.342022657394409,72675.0
2005-03-23,3.3546066468615083,3.3546066468615083,3.304279954115021,3.3074254989624023,60975.0
2005-03-24,3.349887651950477,3.3530331956862303,3.3058513895238644,3.3137147426605225,139500.0
2005-03-28,3.318433846081213,3.346742732578812,3.308997550582013,3.3310153484344482,96075.0
2005-03-29,3.3027053584829806,3.3388782624357223,3.3027053584829806,3.3105690479278564,61200.0
2005-03-30,3.340451602795795,3.3939241682784407,3.316860864338317,3.3860604763031006,48375.0
2005-03-31,3.3404518316328637,3.3781973532191216,3.3089977365138306,3.3671884536743164,123075.0
2005-04-01,3.392349665139064,3.392349665139064,3.301131969206791,3.316859006881714,131850.0
2005-04-04,3.3278695821039936,3.3278695821039936,3.302706241607666,3.302706241607666,133650.0
2005-04-05,3.3027066055270384,3.353033967002225,3.3027066055270384,3.3325884342193604,32400.0
2005-04-06,3.364041962241845,3.4080778854941034,3.346741978568097,3.3530330657958984,29025.0
2005-04-07,3.3483146623460187,3.398641336570644,3.3105694879433107,3.3797690868377686,16200.0
2005-04-08,3.365614272067178,3.373477624214087,3.3341598510742188,3.3341598510742188,57375.0
2005-04-11,3.3278699487960703,3.3687610143617994,3.3027066055270384,3.3325884342193604,51750.0
2005-04-12,3.32629566327659,3.4961492412246953,3.3215778551760997,3.4615492820739746,105975.0
2005-04-13,3.493005569242371,3.493005569242371,3.3420244927029157,3.406506299972534,52650.0
2005-04-14,3.406505145539788,3.406505145539788,3.3152874216182484,3.323151111602783,113175.0
2005-04-15,3.3231517721376735,3.3467425093118948,3.2979880941728217,3.302706241607666,66375.0
2005-04-18,3.3373049160759725,3.3750500808701083,3.29484160568257,3.3042778968811035,92250.0
2005-04-19,3.3074231313810563,3.3483134977830966,3.2633868849149743,3.340449810028076,41850.0
2005-04-20,3.3121425364773542,3.3404514210864193,3.2916973434158705,3.302706241607666,89325.0
2005-04-21,3.3027046525126362,3.395495290709759,3.280686529254533,3.370331287384033,52650.0
2005-04-22,3.4096502368832575,3.4096502368832575,3.224069270162038,3.227214813232422,85050.0
2005-04-25,3.2618162107045747,3.2618162107045747,3.2036254943587004,3.241370677947998,62550.0
2005-04-26,3.217779228869938,3.26181549166237,3.216206625723239,3.2256429195404053,63450.0
2005-04-27,3.2099159447166987,3.255524816431928,3.2099159447166987,3.2177796363830566,56250.0
2005-04-28,3.211450916525692,3.2889688552936365,3.211450916525692,3.2335989475250244,61200.0
2005-04-29,3.235180294445911,3.2620739611199725,3.235180294445911,3.254164218902588,107100.0
2005-05-02,3.2699846110715307,3.3174440860748295,3.2620741893819267,3.317444086074829,72675.0
2005-05-03,3.2715661785039942,3.3728143492683853,3.258910454185396,3.319025993347168,54675.0
2005-05-04,3.3348465970517154,3.4376763225718605,3.3142807877314535,3.409200429916382,105300.0
2005-05-05,3.4012913436786696,3.409201089083815,3.361740919355532,3.3712332248687744,52425.0
2005-05-06,3.409199345595574,3.409199345595574,3.314279733600523,3.3285176753997803,111600.0
2005-05-09,3.311116450122024,3.4060360855305576,3.298460725040481,3.402872323989868,59175.0
2005-05-10,3.3411743595531456,3.3838881929120017,3.2794762607976473,3.319025993347168,48375.0
2005-05-11,3.3395921394187913,3.387052293721337,3.236762427438791,3.319025993347168,62325.0
2005-05-12,3.3680700880332157,3.3696523091351605,3.2415103912353516,3.2415103912353516,69075.0
2005-05-13,3.2462563756220266,3.3111182753931137,3.2415103912353516,3.2415103912353516,63900.0
2005-05-16,3.3490852591362508,3.3585775648428284,3.2984616654581056,3.3569953441619873,96525.0
2005-05-17,3.314279679603121,3.3712314458722736,3.307951479267013,3.349083423614502,124875.0
2005-05-18,3.3775614579877176,3.4993751488021614,3.353831540261496,3.448751211166382,137250.0
2005-05-19,3.415528441682509,3.4930456925265942,3.3823062293131327,3.406036138534546,87300.0
2005-05-20,3.4392592277649756,3.4392592277649756,3.307953570482769,3.3411757946014404,87975.0
2005-05-23,3.3949623908533813,3.4012905931324626,3.31269881635999,3.3475022315979004,63675.0
2005-05-24,3.3823064272340706,3.3823064272340706,3.282640802672046,3.3111166954040527,84600.0
2005-05-25,3.2968796211695914,3.2984618419350857,3.243091583251953,3.243091583251953,148050.0
2005-05-26,3.2430900366632955,3.2604920805683646,3.2430900366632955,3.254164218902588,211950.0
2005-05-27,3.2589100439762557,3.2589100439762557,3.2067042542200697,3.235180139541626,193950.0
2005-05-31,3.2351813328597685,3.2351813328597685,3.1355156974719907,3.1481714248657227,188100.0
2005-06-01,3.148170926888162,3.260492611362087,3.148170926888162,3.257328510284424,277200.0
2005-06-02,3.2209437843343656,3.2494196836903693,3.2035417326858644,3.2082877159118652,98775.0
2005-06-03,3.2035399500751502,3.23201583358574,3.1639902250191,3.179810047149658,125550.0
2005-06-06,3.16873853057146,3.238346756961898,3.16873853057146,3.182976484298706,86175.0
2005-06-07,3.17031957529687,3.281059400610824,3.17031957529687,3.2525835037231445,95850.0
2005-06-08,3.2557476628273485,3.2747315963998953,3.175065945144025,3.178230047225952,47250.0
2005-06-09,3.1734837611593343,3.2082875229030647,3.1307699146949703,3.1987955570220947,30600.0
2005-06-10,3.2114505120952193,3.232016659525852,3.182974621307631,3.2256884574890137,43425.0
2005-06-13,3.2256889263045494,3.232017129261117,3.1877214058623653,3.2130331993103027,105300.0
2005-06-14,3.2035421175239835,3.287387944408803,3.1940501499317224,3.2747318744659424,73800.0
2005-06-15,3.2367634318824168,3.298461549784288,3.2098697547651276,3.246255397796631,108225.0
2005-06-16,3.266821501160945,3.2699856029046295,3.2272714174730393,3.2494194507598877,80775.0
2005-06-17,3.274731081469087,3.2778951830534795,3.2478370666503906,3.2478370666503906,194175.0
2005-06-20,3.206705443350567,3.2668213366972894,3.1750654458850094,3.2478370666503906,69075.0
2005-06-21,3.2525825554685857,3.268402380418712,3.225688208080571,3.2589104175567627,61875.0
2005-06-22,3.266821313408191,3.3459207973190033,3.266821313408191,3.339592933654785,72450.0
2005-06-23,3.314281379821486,3.3332649721904373,3.214615398262757,3.246255397796631,72000.0
2005-06-24,3.2304346593062987,3.2826404571533203,3.2114503933570906,3.2826404571533203,126225.0
2005-06-27,3.269984514909908,3.281058358139088,3.227270343690248,3.2320163249969482,52425.0
2005-06-28,3.2620747421133616,3.377560536513541,3.255746878932592,3.372814893722534,127575.0
2005-06-29,3.3775578010391873,3.429763902971817,3.366483964576652,3.4012880325317383,39825.0
2005-06-30,3.3933807511114975,3.4629889513338887,3.3000429763906953,3.3633229732513428,198675.0
2005-07-01,3.358576584193659,3.3680682082098596,3.322190271591373,3.355412483215332,30375.0
2005-07-05,3.364901745468324,3.4028699121809143,3.3395899737857495,3.4012880325317383,56475.0
2005-07-06,3.4092011585209736,3.4092011585209736,3.345921157234058,3.3569953441619873,45000.0
2005-07-07,3.3237722609692457,3.36332199288429,3.244672457679791,3.3158621788024902,38250.0
2005-07-08,3.345920442153485,3.409200429916382,3.3443389007296256,3.409200429916382,73575.0
2005-07-11,3.4012904432195237,3.4092001865306396,3.3949622412193596,3.402872323989868,76275.0
2005-07-12,3.3997087215937754,3.4092006865267277,3.3712328267949174,3.3981268405914307,58500.0
2005-07-13,3.4092021743077887,3.4092021743077887,3.366488313469108,3.4076199531555176,14850.0
2005-07-14,3.417112069472912,3.417112069472912,3.336429997412073,3.338012218475342,24750.0
2005-07-15,3.3063720230809452,3.334847927093506,3.2589121830600103,3.334847927093506,54450.0
2005-07-18,3.300043383781565,3.326937742199892,3.243091583251953,3.243091583251953,60750.0
2005-07-19,3.284223379883833,3.423438757436586,3.2636572288141577,3.4155290126800537,51975.0
2005-07-20,3.3775612076573567,3.5057030933411455,3.3649051393215457,3.49462890625,92025.0
2005-07-21,3.464570293295753,3.499374391400926,3.3475026113645705,3.3538308143615723,55800.0
2005-07-22,3.3712335034533747,3.512031124705568,3.3617411971557276,3.5025391578674316,69750.0
2005-07-25,3.4993713599636855,3.5009535790720134,3.3933776159084026,3.4012880325317383,37800.0
2005-07-26,3.4202740073256104,3.4202740073256104,3.3395923177830866,3.355412483215332,24075.0
2005-07-27,3.385470237817047,3.3917981002833124,3.3221902553168388,3.3664863109588623,69975.0
2005-07-28,3.3854722516196327,3.4107840560004687,3.3538322415488944,3.4076199531555176,31950.0
2005-07-29,3.4155294643137886,3.4566610929730444,3.377561258732207,3.3854713439941406,36000.0
2005-08-01,3.4028732941760778,3.434512955360046,3.3569953441619873,3.3569953441619873,49725.0
2005-08-02,3.3792909491322716,3.4780261403440127,3.3633660505680636,3.4652860164642334,92025.0
2005-08-03,3.4477659561109424,3.48120880041245,3.4015833386328214,3.427063226699829,26100.0
2005-08-04,3.395211540774922,3.4636888867290336,3.395211540774922,3.4238765239715576,37800.0
2005-08-05,3.468469702311963,3.468469702311963,3.3315145376612887,3.3378844261169434,56250.0
2005-08-08,3.3538113242711654,3.390438973657067,3.245521447179597,3.2853338718414307,52425.0
2005-08-09,3.306034073171206,3.3331063507341305,3.275776339357836,3.283738613128662,52875.0
2005-08-10,3.307625924491286,3.3697334331845434,3.240740915129317,3.2757761478424072,42300.0
2005-08-11,3.2471118151874037,3.342662200086349,3.232779308709648,3.3171823024749756,56475.0
2005-08-12,3.290110144504775,3.301257537224625,3.2518901217921963,3.2582600116729736,76725.0
2005-08-15,3.2741846811107385,3.3426620960235596,3.247111714099261,3.3426620960235596,56025.0
2005-08-16,3.304442043171065,3.3171821622953255,3.2264092833915714,3.2343719005584717,70200.0
2005-08-17,3.2327787421511816,3.2630364783329164,3.231186697328989,3.261444091796875,26775.0
2005-08-18,3.2805544462553455,3.293294223327354,3.235964201361661,3.2725918292999268,46125.0
2005-08-19,3.2550742786073243,3.3331070379905876,3.2518895051278514,3.3139970302581787,77400.0
2005-08-22,3.272591615838196,3.3792893775684596,3.2646289994021553,3.377696990966797,54675.0
2005-08-23,3.3856597524995022,3.532169934048358,3.3617722414705535,3.508282423019409,93600.0
2005-08-24,3.5035043619306108,3.645237018664322,3.5035043619306108,3.546501874923706,198000.0
2005-08-25,3.5528725555708363,3.597462460799668,3.509875037120709,3.532169818878174,110025.0
2005-08-26,3.5353546993784075,3.549687204576676,3.487579340336967,3.4971346855163574,90000.0
2005-08-29,3.487578409282276,3.514651367492252,3.4748386358718943,3.509873867034912,60075.0
2005-08-30,3.4859870909437745,3.5114669847862583,3.4716542448721706,3.5019116401672363,28125.0
2005-08-31,3.487579015577012,3.6388670119783404,3.471654125188694,3.6149795055389404,126225.0
2005-09-01,3.613386073829913,3.637273575618785,3.5847210716832665,3.6165711879730225,35550.0
2005-09-02,3.5719827787150153,3.611795184289545,3.508282519739062,3.5178375244140625,53325.0
2005-09-06,3.5417245711696217,3.6117947101593018,3.5353546827937876,3.6117947101593018,55125.0
2005-09-07,3.584721228226975,3.6340889618890384,3.487578488900848,3.6197564601898193,75825.0
2005-09-08,3.6006478493965695,3.640460255597551,3.5289853132064457,3.557650327682495,55575.0
2005-09-09,3.573575213022081,3.6165727346302967,3.567205323725506,3.5926852226257324,47925.0
2005-09-12,3.5672044926601405,3.6388670119783404,3.533761641931134,3.6149795055389404,59850.0
2005-09-13,3.586314090103661,3.6229413680042266,3.567204087124651,3.575166702270508,49500.0
2005-09-14,3.5672052848722995,3.622942584466587,3.479617514000266,3.482802629470825,110475.0
2005-09-15,3.4636925791205497,3.5003202106001647,3.423880173921955,3.4557299613952637,55125.0
2005-09-16,3.48917247744198,3.49076486430147,3.4111400539042807,3.4557299613952637,247050.0
2005-09-19,3.4477670843850388,3.4509521995784045,3.3124043018045497,3.3139970302581787,58950.0
2005-09-20,3.3171827744975046,3.353810068454421,3.226409878841172,3.2582600116729736,83925.0
2005-09-21,3.237555980682373,3.2694057557394274,3.197743249290378,3.237555980682373,81900.0
2005-09-22,3.2264088542931657,3.280554097084771,3.2264088542931657,3.261444091796875,48375.0
2005-09-23,3.248704523803979,3.2932944297790527,3.245519750193271,3.2932944297790527,17100.0
2005-09-26,3.331513936611591,3.384066104888916,3.2614438093854585,3.384066104888916,60300.0
2005-09-27,3.3601795002224804,3.379289507029997,3.2917020897335045,3.3665497303009033,36450.0
2005-09-28,3.3490335682037298,3.3490335682037298,3.240743026863529,3.263038158416748,41850.0
2005-09-29,3.277369571091388,3.360179836692033,3.2566671755481824,3.3554019927978516,62550.0
2005-09-30,3.331513936611591,3.4445812302984766,3.280553813018602,3.384066104888916,103950.0
2005-10-03,3.4079542494602397,3.4477666466096695,3.342661617426987,3.412731409072876,52425.0
2005-10-04,3.423880262521663,3.447767432887813,3.31399736523938,3.323552370071411,72900.0
2005-10-05,3.3108112304735036,3.3219586187744485,3.2391487162949515,3.248703718185425,105075.0
2005-10-06,3.2471109919558665,3.306034073171206,3.2391487181850405,3.283738613128662,58950.0
2005-10-07,3.312403425159998,3.312403425159998,3.251888644498847,3.2757761478424072,32400.0
2005-10-10,3.3012577665192464,3.3124051600133577,3.267815244322931,3.304442882537842,35325.0
2005-10-11,3.3124036283788514,3.3124036283788514,3.2407411139516125,3.250296115875244,44550.0
2005-10-12,3.267815442850818,3.267815442850818,3.1547477470323293,3.1690802574157715,87525.0
2005-10-13,3.1483761410360307,3.3060340110733453,3.1483761410360307,3.299663782119751,55350.0
2005-10-14,3.323552401102135,3.4159173347695004,3.247112020018266,3.38565993309021,91800.0
2005-10-17,3.3745105844426546,3.4079530822743713,3.3076252470654883,3.3585853576660156,58050.0
2005-10-18,3.3761053793920826,3.406363126829311,3.2487051828435884,3.264630079269409,43875.0
2005-10-19,3.231188120831819,3.3235530731768304,3.1913753644665905,3.3108129501342773,39825.0
2005-10-20,3.2853321441136214,3.4461748292413144,3.2853321441136214,3.3952150344848633,132975.0
2005-10-21,3.371326700754981,3.4286567179544725,3.371326700754981,3.4191017150878906,46800.0
2005-10-24,3.4191030846537354,3.4955434799194336,3.3442554183130264,3.4955434799194336,76050.0
2005-10-25,3.4828017748380766,3.503504166031816,3.345846627205904,3.492356777191162,195075.0
2005-10-26,3.463692055809377,3.5019117266601527,3.407954423581318,3.428656816482544,35100.0
2005-10-27,3.4238798233864465,3.455729607598986,3.3776971920502157,3.387251853942871,32625.0
2005-10-28,3.4111399920729886,3.5337623208789837,3.3729196327127586,3.508282423019409,87525.0
2005-10-31,3.509874834494259,3.6213497619877977,3.5082821060936027,3.603832483291626,74250.0
2005-11-01,3.566943681568812,3.6551551158179816,3.566943681568812,3.5926053524017334,55350.0
2005-11-02,3.5926051828630534,3.6631739139556885,3.568547582684414,3.6631739139556885,55125.0
2005-11-03,3.64874047641055,3.698459761507617,3.573359857943722,3.5813791751861572,67275.0
2005-11-04,3.5813781805700278,3.5877934260940423,3.4659013521082778,3.53486704826355,108450.0
2005-11-07,3.4723181235851306,3.5910024431296397,3.4723181235851306,3.562133312225342,132075.0
2005-11-08,3.533264302909799,3.5765680007564384,3.449864703254227,3.5605297088623047,85275.0
2005-11-09,3.568547982141875,3.613455392786511,3.5637364615675535,3.595813035964966,24525.0
2005-11-10,3.6182663878254475,3.6567585468292236,3.546093589693367,3.6567585468292236,38475.0
2005-11-11,3.618266561535496,3.65675872238725,3.555716800151396,3.599020481109619,39375.0
2005-11-14,3.626286566615504,3.626286566615504,3.52845207639853,3.565340518951416,46350.0
2005-11-15,3.560527994503551,3.560527994503551,3.5059975530016025,3.522035837173462,56925.0
2005-11-16,3.52043278304601,3.52043278304601,3.4482599742949076,3.4867517948150635,50625.0
2005-11-17,3.4723170846703884,3.579774602538855,3.4723170846703884,3.5733590126037598,35550.0
2005-11-18,3.5926060552351715,3.618267386941229,3.541282703528771,3.578171491622925,150750.0
2005-11-21,3.589398748845542,3.6246831277679803,3.5621333435912277,3.6054370403289795,83025.0
2005-11-22,3.595812963434951,3.6471359632415274,3.589397717514288,3.6375129222869873,28350.0
2005-11-23,3.6166638341978308,3.6471370356119928,3.6086448604759496,3.63911771774292,116100.0
2005-11-25,3.6086438923395447,3.618266933541861,3.582982563849068,3.6070401668548584,13500.0
2005-11-28,3.6246824702607685,3.6246824702607685,3.5284520505216923,3.536471366882324,41625.0
2005-11-29,3.579774942687924,3.6038325468627677,3.505998404600775,3.5396790504455566,42300.0
2005-11-30,3.5669417187737023,3.574961029514557,3.475522884086127,3.549299716949463,320175.0
2005-12-01,3.557320311669115,3.6615700224260195,3.550905066628413,3.6182663440704346,129150.0
2005-12-02,3.6054356098144718,3.6166623749837594,3.5476973704060435,3.597416639328003,62775.0
2005-12-05,3.5813784989209503,3.6150594873203916,3.560528691004248,3.611851692199707,498825.0
2005-12-06,3.6294937891321357,3.6615703614526742,3.5797745169852724,3.5926053524017334,49050.0
2005-12-07,3.574962966134063,3.5958127723787237,3.5605284054692046,3.5637362003326416,40500.0
2005-12-08,3.5589243359639493,3.6086436076854,3.5204325183380654,3.5637362003326416,37350.0
2005-12-09,3.576568861766428,3.6262881636577204,3.555719042870026,3.619872570037842,27900.0
2005-12-12,3.61024691378973,3.629493336588216,3.5958123548011405,3.6246814727783203,36900.0
2005-12-13,3.624683220586037,3.635910334644409,3.533264302909799,3.5605297088623047,48150.0
2005-12-14,3.539679773175679,3.6102485303991716,3.538075703138427,3.562133312225342,49500.0
2005-12-15,3.5476977483454846,3.5476977483454846,3.5027903387372534,3.514017105102539,55800.0
2005-12-16,3.5348670202674843,3.61826658800743,3.5092053500805265,3.6150591373443604,1217925.0
2005-12-19,3.6070408398043035,3.6070408398043035,3.5380754688897444,3.5541141033172607,58725.0
2005-12-20,3.5412811238557684,3.599019696696228,3.5316584298871794,3.546092987060547,158400.0
2005-12-21,3.568545787410005,3.587791513723661,3.5364688885934727,3.549299716949463,23625.0
2005-12-22,3.5460946577240384,3.5653407430225594,3.538075340800604,3.558925151824951,10575.0
2005-12-23,3.5605289718170936,3.566944218417323,3.536471366882324,3.536471366882324,12375.0
2005-12-27,3.533262443718574,3.536470238068349,3.4081625938415527,3.4081625938415527,46350.0
2005-12-28,3.4482595490930423,3.4707130796154835,3.4081629755970946,3.4258053302764893,21150.0
2005-12-29,3.4354295184364636,3.448260356128703,3.388918032930841,3.3937292098999023,36000.0
2005-12-30,3.372879295080274,3.4274097457581667,3.3680674304572786,3.4097673892974854,66150.0
2006-01-03,3.432221252452334,3.5188286206708597,3.387313842906573,3.5092055797576904,94725.0
2006-01-04,3.504393800262494,3.5124127709993274,3.4482596285164036,3.489959239959717,41850.0
2006-01-05,3.472316416310716,3.512412297025435,3.457881857955775,3.4947702884674072,36450.0
2006-01-06,3.5124130249023438,3.518828614932053,3.472317135878559,3.5124130249023438,29250.0
2006-01-09,3.517226106615583,3.549303035422915,3.478733929705668,3.5204339027404785,56025.0
2006-01-10,3.5043949543606057,3.5845870971679688,3.4642990550305126,3.5845870971679688,34650.0
2006-01-11,3.554113950361771,3.589398325118907,3.491564173568988,3.5300559997558594,80325.0
2006-01-12,3.5059978376794447,3.522036123153571,3.4626941571669496,3.469109058380127,21375.0
2006-01-13,3.4931664164482457,3.5669429302215576,3.457881712522181,3.5669429302215576,17775.0
2006-01-17,3.5621333086931046,3.591002439568776,3.5043950469417626,3.557321786880493,37800.0
2006-01-18,3.5204333253750604,3.608644434944232,3.5204333253750604,3.558925151824951,47925.0
2006-01-19,3.581378844401685,3.6166632175445557,3.558924964685058,3.6166632175445557,20250.0
2006-01-20,3.6551538108881236,3.6551538108881236,3.512411635189819,3.541280746459961,55800.0
2006-01-23,3.557321450015561,3.608644459205721,3.514017757802751,3.587794303894043,33525.0
2006-01-24,3.605436974444558,3.6727986233973082,3.5958139309009054,3.671194553375244,36450.0
2006-01-25,3.6647776159247787,3.696854183515213,3.629493253916491,3.643927812576294,52200.0
2006-01-26,3.6936476137730083,3.720913012456998,3.6519476529881607,3.6840245723724365,70875.0
2006-01-27,3.6727983165047324,3.727328777313232,3.6230790329188616,3.7273287773132324,60975.0
2006-01-30,3.727329266322492,3.72893299227377,3.568549040288352,3.579775810241699,65025.0
2006-01-31,3.602391376341993,3.6250073808357333,3.570082848012649,3.576544761657715,87525.0
2006-02-01,3.553927081033796,3.6573138376428536,3.553927081033796,3.642775058746338,30375.0
2006-02-02,3.6169300805833826,3.6282379092594197,3.6169300805833826,3.6217763423919678,69300.0
2006-02-03,3.6169282324759595,3.6524676986676465,3.610466668910112,3.6282360553741455,243900.0
2006-02-06,3.625005395596054,3.662160165495334,3.59592784001361,3.634697914123535,452700.0
2006-02-07,3.625007370416937,3.6411618078511765,3.5135433466278583,3.5280821323394775,36675.0
2006-02-08,3.544234845681472,3.5652355368577044,3.4812334654164916,3.5474658012390137,109125.0
2006-02-09,3.5442358717138704,3.552312742998136,3.529697087443841,3.5393896102905273,40050.0
2006-02-10,3.539389225079793,3.586236529284119,3.5377735736932125,3.5668511390686035,30600.0
2006-02-13,3.5846216888852878,3.5926989077498224,3.55715976868347,3.570082902908325,47700.0
2006-02-14,3.5830056120500893,3.6250066558145986,3.570082133976719,3.6136984825134277,38025.0
2006-02-15,3.6266210464385042,3.639544173387276,3.5991584484349004,3.634697914123535,45675.0
2006-02-16,3.673468345596957,3.7138540744781494,3.6573139153917444,3.7138540744781494,44550.0
2006-02-17,3.7364713640505656,3.7364713640505656,3.699316920842059,3.704162836074829,84150.0
2006-02-21,3.715470905109458,3.7332403003500367,3.652469502671814,3.678316116333008,118350.0
2006-02-22,3.689622429170331,3.7574704120949134,3.676699300964367,3.7138540744781494,47700.0
2006-02-23,3.6896217051128075,3.7300074260686387,3.6702370166079454,3.6880064010620117,34650.0
2006-02-24,3.6702398130039087,3.75424158038726,3.6702398130039087,3.742933750152588,46575.0
2006-02-27,3.7332401989954245,3.7639334201812744,3.725163327426072,3.7639334201812744,46575.0
2006-02-28,3.765546590602244,3.765546590602244,3.6379285565028936,3.6702370643615723,60075.0
2006-03-01,3.6880081803792537,3.739701747894287,3.6363146128642208,3.739701747894287,69975.0
2006-03-02,3.7025473103780504,3.739701747894287,3.7025473103780504,3.739701747894287,103950.0
2006-03-03,3.746163771550266,3.7574715989602256,3.6863929848486063,3.715470552444458,35325.0
2006-03-06,3.6896242351064883,3.718701807750073,3.6347000467681645,3.6977014541625977,314550.0
2006-03-07,3.654084118611751,3.704162031459057,3.6395453361755736,3.702547073364258,44100.0
2006-03-08,3.6670079397847055,3.715470552444458,3.6670079397847055,3.715470552444458,99900.0
2006-03-09,3.70254806290187,3.715471197433236,3.675085448784696,3.6977014541625977,116325.0
2006-03-10,3.688008873164303,3.7170867919921875,3.654085038935775,3.7170867919921875,31950.0
2006-03-13,3.7187015702325206,3.844704723605436,3.7073937415818174,3.8091652393341064,154350.0
2006-03-14,3.8107785718996094,3.86085681564322,3.7703931933663357,3.8301639556884766,124425.0
2006-03-15,3.8560120694245468,3.9270906824350926,3.801087891471637,3.9109365940093994,82125.0
2006-03-16,3.938398764134306,3.9400140689494907,3.7978568462552027,3.8075497150421143,61650.0
2006-03-17,3.778473210190442,3.8689365446325055,3.778473210190442,3.8430895805358887,366975.0
2006-03-20,3.8220881904801067,3.893166449471352,3.7590864549143785,3.8899354934692383,98100.0
2006-03-21,3.8156256675720215,3.9093202569451067,3.809163756602384,3.8156256675720215,126000.0
2006-03-22,3.8269359150116697,3.8963992488119663,3.8010892946627632,3.8721675872802734,124200.0
2006-03-23,3.8495507910166253,3.9222447143118004,3.8447045294636135,3.917398452758789,45675.0
2006-03-24,3.8915512041899025,3.9351675510406494,3.8867045967967964,3.9351675510406494,47700.0
2006-03-27,3.9173960938773873,3.9383967790494068,3.906088272606749,3.928704261779785,26775.0
2006-03-28,3.899626616639329,3.940011988752269,3.899626616639329,3.925473213195801,35550.0
2006-03-29,3.9141682328176013,3.9917080787598596,3.9141682328176013,3.9884774684906006,31050.0
2006-03-30,3.9658596138996933,3.9674752649128395,3.894781368276505,3.957782745361328,25425.0
2006-03-31,3.9771672838895133,4.015937707226725,3.917396864512656,3.9997832775115967,91800.0
2006-04-03,4.001400214453731,4.001400214453731,3.8980130789243748,3.952937602996826,54450.0
2006-04-04,3.9335520637750054,3.9448602371107517,3.8657047569201577,3.8802435398101807,37125.0
2006-04-05,3.8673193352899595,3.8770118553960735,3.8253179526543173,3.8285489082336426,72000.0
2006-04-06,3.810780105588237,3.836627409919849,3.7913954072614073,3.8188576698303223,49275.0
2006-04-07,3.856012562953072,3.87539761019776,3.7041627951150238,3.7332403659820557,67500.0
2006-04-10,3.709008602337603,3.759086866003278,3.6847776428835584,3.7445480823516846,62100.0
2006-04-11,3.7267784179559307,3.7267784179559307,3.6379304093820113,3.6863930225372314,89325.0
2006-04-12,3.6686232821415463,3.704162416244451,3.637930409354126,3.6734695434570312,31050.0
2006-04-13,3.647621994957117,3.725162156085788,3.647621994957117,3.7235465049743652,24750.0
2006-04-17,3.6993150908805457,3.7186997821184615,3.6831606615678867,3.7090072631835938,29475.0
2006-04-18,3.723547630200071,3.893167130558529,3.6944700609898153,3.881859302520752,96525.0
2006-04-19,3.8867051551171823,3.962630033493042,3.8867051551171823,3.962630033493042,125325.0
2006-04-20,3.9610154061556586,3.9739388877967206,3.86893642271414,3.893167734146118,67275.0
2006-04-21,3.8963989815380353,3.9739391838979463,3.891552718890541,3.9610157012939453,105075.0
2006-04-24,3.893167626625886,3.9755544298513024,3.893167626625886,3.9658615589141846,71325.0
2006-04-25,3.946474505438758,3.9949371023446014,3.9270894666764207,3.9771673679351807,91350.0
2006-04-26,3.988476608091019,4.036939217995512,3.9610143469344963,4.004631042480469,64575.0
2006-04-27,3.9739364128384027,4.062784730509147,3.969090153570246,4.028860569000244,72225.0
2006-04-28,3.9933214862940756,4.036937820104874,3.9593976711078995,4.025629997253418,62325.0
2006-05-01,4.003014387724434,4.04178446593048,3.9577827453613286,3.957782745361328,51075.0
2006-05-02,3.9837996269267073,4.048841072624986,3.9837996269267073,4.0439629554748535,77400.0
2006-05-03,4.021199037882786,4.0651021003723145,4.021199037882786,4.0651021003723145,58950.0
2006-05-04,4.040709026511957,4.10575079320015,4.035830911455857,4.05696964263916,63675.0
2006-05-05,4.027702937087716,4.071605994227305,4.02607666532741,4.058597564697266,101475.0
2006-05-08,4.043961219519459,4.089490525983257,4.032578718448354,4.05696964263916,64575.0
2006-05-09,4.045589484077709,4.0894925412172975,4.045589484077709,4.058597564697266,82350.0
2006-05-10,4.024452316680304,4.068355390992997,4.00006171983992,4.0325822830200195,66600.0
2006-05-11,4.008190616388968,4.032580855685795,3.917132304111465,3.9220104217529297,84375.0
2006-05-12,3.902497804773519,3.920384351757988,3.835829734294089,3.876481294631958,75150.0
2006-05-15,3.8634730100553556,3.948026932870575,3.8358298782063955,3.9220104217529297,63450.0
2006-05-16,3.8976209708487,4.0244524267997575,3.8976209708487,3.987053394317627,27225.0
2006-05-17,3.9431490719505797,3.9805480926068624,3.9041241282781174,3.936645030975342,73350.0
2006-05-18,3.983800502829795,4.024451371715164,3.949653675271135,3.985426425933838,65925.0
2006-05-19,3.9431507489691207,4.074860338790172,3.9431507489691207,4.06673002243042,126450.0
2006-05-22,4.009815476242238,4.095995648030732,3.965912429108357,4.024449825286865,104400.0
2006-05-23,4.0520926008968505,4.089491609203255,4.009815476242238,4.024449825286865,86175.0
2006-05-24,4.008188492078171,4.089490525983257,3.987049760894868,4.05696964263916,54225.0
2006-05-25,4.107379107003019,4.138273734753945,4.089492559931175,4.128517150878906,90675.0
2006-05-26,4.128516044191082,4.1691675938304975,4.081361153776376,4.107378005981445,30600.0
2006-05-30,4.12851848886698,4.12851848886698,4.017947673797607,4.017947673797607,78525.0
2006-05-31,4.042339346902175,4.071608066558838,4.008192507302734,4.071608066558838,118125.0
2006-06-01,4.09274436148367,4.211445092515409,4.052093153761901,4.203314781188965,85500.0
2006-06-02,4.219576999037653,4.22445546720956,4.107380604938459,4.123640537261963,60300.0
2006-06-05,4.102499982774618,4.117134332874832,3.9935554927765033,4.004937648773193,104850.0
2006-06-06,3.983801351881809,4.02607815288151,3.9171336056598953,3.9691669940948486,43875.0
2006-06-07,3.983800724008022,4.0683546615917665,3.9756704102153435,3.9789226055145264,27450.0
2006-06-08,3.9350207081610766,4.084616153799137,3.8862391598226442,4.071608066558838,164250.0
2006-06-09,4.102499489296508,4.302502598852047,4.092743605980302,4.118760108947754,249300.0
2006-06-12,4.1122567444456415,4.146403565732727,4.024450632564565,4.034206867218018,78750.0
2006-06-13,3.9968099731253814,4.109006731199997,3.9805496897079755,4.042339324951172,83475.0
2006-06-14,4.02445265651362,4.102502572993552,4.02445265651362,4.0878682136535645,65250.0
2006-06-15,4.1106332616208805,4.190309108947737,4.042339578509096,4.178926944732666,89775.0
2006-06-16,4.159412786743395,4.170794946369111,4.133396272351528,4.164290904998779,702000.0
2006-06-19,4.139900233865539,4.143152080032709,4.04721563989054,4.082988739013672,114750.0
2006-06-20,4.055344874324328,4.107378586083403,4.032580212657344,4.052093029022217,60075.0
2006-06-21,4.045589666125329,4.146403865560603,4.045589666125329,4.078110218048096,39825.0
2006-06-22,4.053719428836291,4.06184974086947,3.9951820195825585,4.03583288192749,59175.0
2006-06-23,4.0016885863777665,4.0374613507514026,3.9935582699203023,4.0098185539245605,55575.0
2006-06-26,4.045590956127185,4.14152706847377,4.011443772572053,4.133397102355957,53325.0
2006-06-27,4.156160604663788,4.174047154626584,4.040711689286724,4.0846147537231445,53550.0
2006-06-28,4.112259026441565,4.131771506576437,4.048843466003232,4.06673002243042,45450.0
2006-06-29,4.112256999343095,4.25697495422026,4.0390852349066595,4.2553486824035645,130275.0
2006-06-30,4.269982234105721,4.312259361928842,4.18217613325723,4.309007167816162,273825.0
2006-07-03,4.2130700083030925,4.227704354634888,4.187052811084893,4.214695930480957,43650.0
2006-07-05,4.167543473248833,4.22770716972523,4.1399006843566895,4.1399006843566895,137250.0
2006-07-06,4.130143678616048,4.190307014989314,4.125265560831446,4.143151760101318,33750.0
2006-07-07,4.112257248762753,4.165916894847904,4.0358332849681,4.040711402893066,66150.0
2006-07-10,4.027703189844402,4.125265545165969,4.027703189844402,4.0894927978515625,51300.0
2006-07-11,4.073232186895123,4.169168968509887,4.027703203889792,4.159412384033203,60075.0
2006-07-12,4.143153218367385,4.156161653341742,3.987053394317627,3.987053394317627,57150.0
2006-07-13,3.9935571926608944,3.9951831159495272,3.8699779510498047,3.8699779510498047,58725.0
2006-07-14,3.876479903033403,3.918756673222897,3.7805431622431476,3.8813576698303223,66375.0
2006-07-17,3.8959933230100123,3.917132064101479,3.8130653281862683,3.8585946559906006,38925.0
2006-07-18,3.858595234573451,3.9317670056839,3.822822136090214,3.930140733718872,75600.0
2006-07-19,3.9398971584209335,4.105753166187497,3.9398971584209335,4.091118812561035,96525.0
2006-07-20,4.100875813465319,4.157786966690976,4.029329954972103,4.048842430114746,94275.0
2006-07-21,4.017948029489264,4.048843018898255,3.925264107994175,3.956158399581909,96300.0
2006-07-24,3.9512791042429503,4.105752944946289,3.92038447566648,4.105752944946289,63000.0
2006-07-25,4.118762481643326,4.190307993246639,4.029330068773303,4.0959978103637695,71325.0
2006-07-26,4.061850343284936,4.1366483876983695,4.00331257643895,4.082988739013672,73575.0
2006-07-27,4.122013328009568,4.122013328009568,4.024450632564565,4.034206867218018,89550.0
2006-07-28,4.006562539659424,4.217947774836686,4.006562539659424,4.214695930480957,77175.0
2006-07-31,4.123639143585591,4.146403808748013,4.039085221270228,4.105752944946289,59175.0
2006-08-01,4.089375497844706,4.135231367547941,4.054983156297785,4.112303256988525,48150.0
2006-08-02,4.135231783604254,4.1712613740378535,4.059897057637405,4.130318641662598,122175.0
2006-08-03,4.079549512164515,4.258060932159424,4.079549512164515,4.258060932159424,53100.0
2006-08-04,4.205652580517438,4.258059886640949,4.0926503370083696,4.159796714782715,75825.0
2006-08-07,4.123767889588297,4.1630733797599975,4.092651438544985,4.131956577301025,58950.0
2006-08-08,4.163072936788778,4.202377719946938,4.046794778453839,4.058259010314941,69975.0
2006-08-09,4.109027322035933,4.1647098207619635,4.061533508749746,4.104114532470703,67725.0
2006-08-10,4.0631715074703125,4.110665321350098,4.050069680885924,4.110665321350098,60525.0
2006-08-11,4.084461651499625,4.159796714782715,4.08118645842858,4.159796714782715,297900.0
2006-08-14,4.172900606578062,4.2580623526412795,4.1597991238752,4.190915584564209,60750.0
2006-08-15,4.25314750799258,4.330120187968347,4.217117563451247,4.32029390335083,55575.0
2006-08-16,4.336671088873526,4.364511993127664,4.289177264828759,4.338308334350586,48600.0
2006-08-17,4.310466261158066,4.454585291101997,4.310466261158066,4.408729076385498,105750.0
2006-08-18,4.462776353728179,4.462776353728179,4.400543082223591,4.413645267486572,192150.0
2006-08-21,4.379252336735344,4.41528193583143,4.359599764243712,4.366150856018066,111600.0
2006-08-22,4.3301186953043125,4.39726506751609,4.3301186953043125,4.385800838470459,29925.0
2006-08-23,4.39726663584459,4.39726663584459,4.179450423277749,4.187638759613037,41625.0
2006-08-24,4.212203534320839,4.24495792388916,4.164709722159106,4.24495792388916,50625.0
2006-08-25,4.205652978833365,4.2482336555298446,4.19910259207089,4.226943492889404,32850.0
2006-08-28,4.194188715608843,4.249870863569332,4.194188715608843,4.241682529449463,31500.0
2006-08-29,4.2580603386822435,4.398903846740723,4.220392451626261,4.398903846740723,93825.0
2006-08-30,4.397267687720842,4.421833405434429,4.331759224289862,4.375977516174316,72675.0
2006-08-31,4.410368155844768,4.421832036757477,4.34485936127479,4.3563232421875,91125.0
2006-09-01,4.377613758559779,4.416918894735511,4.3563232421875,4.3563232421875,43875.0
2006-09-05,4.37761333391029,4.4218316078186035,4.356322819603292,4.4218316078186035,58050.0
2006-09-06,4.379253012931544,4.379253012931544,4.31374454498291,4.31374454498291,27900.0
2006-09-07,4.276073626625919,4.372699190091257,4.259696960449219,4.259696960449219,53325.0
2006-09-08,4.269524287014385,4.303916278372486,4.259698003769214,4.297365188598633,21825.0
2006-09-11,4.282624929746053,4.307190633075134,4.228580733837612,4.261334419250488,51525.0
2006-09-12,4.285900132931959,4.423468060627443,4.282624588943563,4.416917324066162,57600.0
2006-09-13,4.4218316078186035,4.4234692045285255,4.374337789074843,4.4218316078186035,34875.0
2006-09-14,4.387439617001027,4.4234692045285255,4.387439617001027,4.4218316078186035,40275.0
2006-09-15,4.42183180825271,4.423469405036862,4.392352957644275,4.40217924118042,258750.0
2006-09-18,4.367786353845917,4.410367024249653,4.349771387249039,4.408729076385498,26100.0
2006-09-19,4.374337857824347,4.375975805975615,4.200739952882575,4.297365188598633,93150.0
2006-09-20,4.2908157605229995,4.408731195472791,4.2646120962570135,4.366150856018066,87075.0
2006-09-21,4.393991943295416,4.40873137325852,4.267887814250286,4.280989646911621,43200.0
2006-09-22,4.24823563028445,4.2629750615983095,4.163074588720736,4.176176071166992,71550.0
2006-09-25,4.217118432322442,4.3055553635167945,4.143421282506924,4.280989646911621,40275.0
2006-09-26,4.295729145543774,4.30555543234292,4.238409022076841,4.262974739074707,40500.0
2006-09-27,4.231855544669365,4.325205568060718,4.231855544669365,4.289175987243652,65925.0
2006-09-28,4.318658425170304,4.328484714608712,4.220395179370394,4.300643444061279,64575.0
2006-09-29,4.3055557580880475,4.32357038430559,4.174538473715151,4.176176071166992,62100.0
2006-10-02,4.1630739145090745,4.19582831815165,4.079550132508154,4.115580081939697,63675.0
2006-10-03,4.120492233308926,4.207291188794732,4.069722867168349,4.189276218414307,108225.0
2006-10-04,4.159795468589375,4.312102794647217,4.151607136949261,4.312102794647217,82350.0
2006-10-05,4.315380766066734,4.41200601539004,4.2662493429219435,4.40054178237915,110475.0
2006-10-06,4.36942634091573,4.421833321515364,4.3612380027771,4.3612380027771,66150.0
2006-10-09,4.335034615819021,4.413645267486572,4.303918155774609,4.413645267486572,19125.0
2006-10-10,4.393990466203898,4.405454697709629,4.339945907840232,4.387439727783203,35100.0
2006-10-11,4.353047559370471,4.357961052652687,4.25969821532089,4.2760748863220215,65475.0
2006-10-12,4.305554321496837,4.407092709362717,4.305554321496837,4.405455112457275,72900.0
2006-10-13,4.405454586472578,4.4218316078186035,4.387439617001027,4.4218316078186035,65025.0
2006-10-16,4.410367865620021,4.4218317457783485,4.4021791789837215,4.420194149017334,66150.0
2006-10-17,4.375976249120489,4.393990869283863,4.302279117318565,4.371062755584717,64125.0
2006-10-18,4.359599049000933,4.405455278235306,4.343222025083319,4.3776140213012695,57150.0
2006-10-19,4.343221403879275,4.405454648130139,4.343221403879275,4.4038166999816895,64800.0
2006-10-20,4.415281086439809,4.420194580033198,4.3546857833862305,4.3546857833862305,84825.0
2006-10-23,4.343220650039059,4.4218309022210045,4.308828313293911,4.408729076385498,56475.0
2006-10-24,4.349773477997895,4.397267311991245,4.3399471917520795,4.366150856018066,26325.0
2006-10-25,4.341584074605402,4.403817327727356,4.341584074605402,4.40054178237915,26100.0
2006-10-26,4.405453997907368,4.482426304224294,4.37925034555579,4.480788707733154,109575.0
2006-10-27,4.4496736342060395,4.469326203805212,4.274438104808188,4.277713298797607,78300.0
2006-10-30,4.312106494440329,4.416920462386555,4.276076539214417,4.413645267486572,80100.0
2006-10-31,4.435093181807762,4.443343093224814,4.387244262057753,4.413643836975098,87300.0
2006-11-01,4.403741894233259,4.454890828026632,4.370742616370721,4.375692844390869,137250.0
2006-11-02,4.370744097053982,4.423543242755218,4.352594789017595,4.392193794250488,68175.0
2006-11-03,4.4103422795822125,4.448291080109717,4.405392405248803,4.43839168548584,382050.0
2006-11-06,4.454891697938252,4.468091482469387,4.420242573331633,4.456541538238525,86850.0
2006-11-07,4.448293443140351,4.535741741542266,4.425194253342277,4.494492530822754,80550.0
2006-11-08,4.4829413935125,4.606688275008142,4.449942107099328,4.585238933563232,64350.0
2006-11-09,4.605039664979615,4.6264893678475625,4.4532436741463695,4.494492530822754,63900.0
2006-11-10,4.527491912648973,4.613290017627468,4.527491912648973,4.608339786529541,51075.0
2006-11-13,4.6165911624626235,4.633090284550411,4.527493000034178,4.611640930175781,69750.0
2006-11-14,4.629789721762384,4.661139180708864,4.586890667123763,4.654539108276367,98325.0
2006-11-15,4.61658838605312,4.733735198004815,4.59843872539394,4.710635662078857,150975.0
2006-11-16,4.727137594844884,4.751887338135859,4.679288657618107,4.741987228393555,76050.0
2006-11-17,4.74528514180831,4.7947842521998565,4.702386455668286,4.789834022521973,194400.0
2006-11-20,4.641339317454526,4.7535366543323,4.629789721762384,4.654539108276367,137025.0
2006-11-21,4.649586941503475,4.656187011188641,4.570389291668522,4.58358907699585,43875.0
2006-11-22,4.601737309800309,4.601737309800309,4.522538976451942,4.573687553405762,73575.0
2006-11-24,4.545639762997009,4.614938373506379,4.540689887535127,4.591838836669922,10350.0
2006-11-27,4.555540294056583,4.563790205920189,4.36909518909233,4.378994941711426,119250.0
2006-11-28,4.375693830653734,4.453241991790417,4.30804506565989,4.311345100402832,155025.0
2006-11-29,4.3542436851426345,4.453241168703374,4.327844120164485,4.436741352081299,94725.0
2006-11-30,4.4119935771258225,4.535740830382328,4.382294321314595,4.510991096496582,104400.0
2006-12-01,4.522540704259284,4.562139709040563,4.395493779238337,4.512640953063965,105075.0
2006-12-04,4.539040907051979,4.666087488706261,4.539040907051979,4.664437294006348,83025.0
2006-12-05,4.626488891011325,4.702387232648495,4.624839050208114,4.657838344573975,71775.0
2006-12-06,4.638038517894734,4.69578719493728,4.616589525170297,4.672688007354736,41175.0
2006-12-07,4.695784774477051,4.699084808449153,4.641336161173369,4.659485816955566,38475.0
2006-12-08,4.636387503309308,4.715585507069233,4.633087468471643,4.639687538146973,37350.0
2006-12-11,4.674337136205588,4.7419852018775925,4.661137703609754,4.70733642578125,39375.0
2006-12-12,4.7188863588838075,4.784884942805361,4.7188863588838075,4.774984836578369,37575.0
2006-12-13,4.819535788540794,4.8492350578308105,4.78488699507899,4.8492350578308105,81900.0
2006-12-14,4.850883789639011,4.905332433575607,4.832734477688885,4.834383964538574,93825.0
2006-12-15,4.860783154317771,4.870682906969008,4.741985768459837,4.7502360343933105,199350.0
2006-12-18,4.770034739178272,4.8492323930539705,4.639687781783362,4.674336910247803,57825.0
2006-12-19,4.6611365587474065,4.677636022461141,4.621537208557129,4.621537208557129,78075.0
2006-12-20,4.652886657817174,4.694135851375095,4.633087158203125,4.633087158203125,43200.0
2006-12-21,4.656186793254314,4.667736383598266,4.545639348653538,4.552239418029785,124875.0
2006-12-22,4.568740810810306,4.575340174373267,4.535741514693734,4.542341232299805,55800.0
2006-12-26,4.527488874816536,4.623186315650878,4.527488874816536,4.586887359619141,56925.0
2006-12-27,4.619888852757227,4.7122866652166815,4.619888852757227,4.672688007354736,84150.0
2006-12-28,4.657836886763666,4.685885941854915,4.6215375681092565,4.633087158203125,53775.0
2006-12-29,4.641338765293658,4.651238518721518,4.510991775798087,4.530791282653809,76500.0
2007-01-03,4.5720408649367625,4.671038407305685,4.548941320369635,4.555541038513184,93825.0
2007-01-04,4.539038301547852,4.611636205379547,4.471389562802735,4.572037220001221,106650.0
2007-01-05,4.542339312312688,4.542339312312688,4.345994167582727,4.3509440422058105,93375.0
2007-01-08,4.360841980869553,4.3624918203779295,4.286593892350442,4.327842712402344,50400.0
2007-01-09,4.337745040649609,4.35094482670548,4.1826490591759775,4.266796588897705,66600.0
2007-01-10,4.2255452279839645,4.331142745461909,4.2007958651442605,4.327842712402344,67725.0
2007-01-11,4.3278453262434695,4.3641446496935465,4.263496589953428,4.281646251678467,45450.0
2007-01-12,4.271747381907629,4.33939545351469,4.213998708594439,4.240397930145264,70650.0
2007-01-16,4.233797119386163,4.336095014382518,4.225547563242335,4.271746635437012,126675.0
2007-01-17,4.240398368089573,4.319596749007719,4.240398368089573,4.294847011566162,128475.0
2007-01-18,4.275047112163085,4.298146296604805,4.255247254859682,4.256897449493408,86625.0
2007-01-19,4.240397035083388,4.289896140362915,4.205747909217817,4.268446445465088,71775.0
2007-01-22,4.207398414611816,4.225548077614999,4.176049318554549,4.207398414611816,70425.0
2007-01-23,4.171099634039632,4.365794997973044,4.167799952646231,4.306396484375,84150.0
2007-01-24,4.321245907942283,4.405393798217468,4.250297450701172,4.3443450927734375,50175.0
2007-01-25,4.370745830879146,4.370745830879146,4.273398473760382,4.31629753112793,72225.0
2007-01-26,4.322894480003908,4.360843635437524,4.289895553059236,4.347643852233887,163800.0
2007-01-29,4.2997955098670255,4.369094115210844,4.275046488445438,4.311345100402832,99450.0
2007-01-30,4.344600444098644,4.431060314178467,4.34293787778807,4.431060314178467,61200.0
2007-01-31,4.416095185573766,4.416095185573766,4.3229850705239095,4.387829780578613,142425.0
2007-02-01,4.409443378448486,4.4310581570590335,4.349586739120469,4.409443378448486,52200.0
2007-02-02,4.429398722385484,4.477616723739508,4.3246495295216825,4.357903003692627,74700.0
2007-02-05,4.381179326827879,4.431059878984991,4.322985587160484,4.337949752807617,97650.0
2007-02-06,4.351250278573824,4.414432419820199,4.346262224179999,4.397805690765381,44325.0
2007-02-07,4.397805297956519,4.475951238630635,4.3628885635446935,4.379515647888184,68175.0
2007-02-08,4.359564209924791,4.36621518810265,4.3229856138158365,4.334624290466309,74025.0
2007-02-09,4.331299378528325,4.361227713995115,4.331299378528325,4.351251602172852,123525.0
2007-02-12,4.3828424346183965,4.3828424346183965,4.336287012792139,4.344600200653076,47700.0
2007-02-13,4.3628905901729595,4.392818927764893,4.344600931608802,4.392818927764893,28125.0
2007-02-14,4.404456188155685,4.404456188155685,4.336286345669146,4.346262454986572,45225.0
2007-02-15,4.376190949221892,4.376190949221892,4.336286510435929,4.347925186157227,110475.0
2007-02-16,4.341276394443867,4.490918472013315,4.341276394443867,4.489255905151367,163575.0
2007-02-20,4.469301045036611,4.522507077815388,4.452673959107982,4.514193534851074,108900.0
2007-02-21,4.51253323964363,4.589017379965355,4.509208105940861,4.5274977684021,118125.0
2007-02-22,4.544123899886301,4.594004466500998,4.514195559917483,4.592341899871826,78300.0
2007-02-23,4.575713781500312,4.597328926707411,4.542460315722103,4.572388648986816,72000.0
2007-02-26,4.6023158105615085,4.630581570373378,4.555760756260004,4.628918647766113,115875.0
2007-02-27,4.572388189549323,4.574051112412854,4.422746181488037,4.422746181488037,255375.0
2007-02-28,4.406118708989957,4.485927576249655,4.337948872721483,4.366214275360107,144000.0
2007-03-01,4.331298508430238,4.384504546385252,4.321322398612037,4.341274261474609,92700.0
2007-03-02,4.332961367534917,4.359564209924791,4.331298801377379,4.334624290466309,98775.0
2007-03-05,4.332961149054171,4.4094448968260345,4.332961149054171,4.391155242919922,144225.0
2007-03-06,4.436048369884076,4.484266360629597,4.40279490302927,4.431060314178467,67500.0
2007-03-07,4.421082838416644,4.44768603181938,4.377852916717529,4.377852916717529,379575.0
2007-03-08,4.419420302418651,4.460987661956218,4.389491974803029,4.40445613861084,188100.0
2007-03-09,4.429397098079546,4.480940570658723,4.389492301514779,4.437710285186768,107775.0
2007-03-12,4.470964050487362,4.470964050487362,4.364552331241624,4.444361209869385,121500.0
2007-03-13,4.414434712407088,4.414434712407088,4.248165908413915,4.25481653213501,147825.0
2007-03-14,4.241512267261758,4.417757059842218,4.214909434528776,4.414431571960449,172350.0
2007-03-15,4.421083347002971,4.485928058624268,4.421083347002971,4.485928058624268,140850.0
2007-03-16,4.474289983489603,4.487591583505873,4.412770752365351,4.456000328063965,406350.0
2007-03-19,4.479279761971926,4.598993137847665,4.449351418002991,4.5274977684021,127800.0
2007-03-20,4.515856786436428,4.515856786436428,4.4643136684883205,4.495904922485352,81225.0
2007-03-21,4.492578286991275,4.673810793403179,4.465975451738029,4.67214822769165,117900.0
2007-03-22,4.695426358158727,4.695426358158727,4.5707249991194905,4.678799629211426,139500.0
2007-03-23,4.655522595699087,4.682126152798415,4.622269130453067,4.668824195861816,153900.0
2007-03-26,4.660510304918819,4.6854502217043175,4.572387886084638,4.600653648376465,54900.0
2007-03-27,4.577375966708642,4.603979163171719,4.429396890494409,4.485928058624268,140175.0
2007-03-28,4.454338021339154,4.530821423147044,4.454338021339154,4.504218578338623,309375.0
2007-03-29,4.552435011917702,4.5624111199053745,4.464312605768672,4.525832176208496,78300.0
2007-03-30,4.487591844930096,4.539134968238251,4.470964754747682,4.504218578338623,130500.0
2007-04-02,4.485928487895372,4.544122584356565,4.464313700877832,4.53580904006958,72000.0
2007-04-03,4.537471529149192,4.6438832446885225,4.500892223203003,4.597328186035156,96975.0
2007-04-04,4.597328203627488,4.633907509713654,4.580701116579661,4.63224458694458,69975.0
2007-04-05,4.61229232377954,4.613954889758889,4.5890149729733904,4.600653648376465,207450.0
2007-04-09,4.587351911577227,4.587351911577227,4.530820388702117,4.565736770629883,85950.0
2007-04-10,4.555762010958434,4.632245411969515,4.514194642709338,4.61894416809082,70650.0
2007-04-11,4.6305824123786,4.6305824123786,4.4643136684883205,4.495904922485352,169425.0
2007-04-12,4.475950696489066,4.559085394589455,4.464312024277344,4.555759906768799,213975.0
2007-04-13,4.539132927434642,4.580699920654297,4.504216553233489,4.580699920654297,78300.0
2007-04-16,4.589014949539295,4.655521869659424,4.549110155274354,4.655521869659424,132300.0
2007-04-17,4.650533167836523,4.680461489494244,4.613953870183484,4.662171840667725,154575.0
2007-04-18,4.635570291626858,4.678800220481449,4.613955148812645,4.657185077667236,114075.0
2007-04-19,4.655521869659424,4.688775686493302,4.613954866197437,4.655521869659424,108675.0
2007-04-20,4.712055233719659,4.725356479220365,4.635571466607932,4.7087297439575195,119700.0
2007-04-23,4.67214822769165,4.707064605050056,4.665497608071778,4.67214822769165,83700.0
2007-04-24,4.638895356563033,4.690438828581998,4.570725510510332,4.5989909172058105,248625.0
2007-04-25,4.635572365499942,4.697091975772306,4.607306588975505,4.65053653717041,124425.0
2007-04-26,4.607304511833739,4.665498605463081,4.564074583128471,4.6222686767578125,1090350.0
2007-04-27,4.595665462927833,4.603979363554942,4.534146237380317,4.587352275848389,177750.0
2007-04-30,4.584026210037359,4.598990373025668,4.469300960460325,4.532483100891113,260100.0
2007-05-01,4.5609577975848845,4.626281771594896,4.5375080460854145,4.611207008361816,216675.0
2007-05-02,4.617905474787959,4.686579855937639,4.592781235929462,4.649730205535889,113625.0
2007-05-03,4.648054992710879,4.674854444394385,4.648054992710879,4.649730205535889,159300.0
2007-05-04,4.669831382952739,4.701656123914951,4.644706417209074,4.658106327056885,159975.0
2007-05-07,4.656432280946061,4.703331434433822,4.648057290911868,4.684906959533691,101925.0
2007-05-08,4.6798818594554685,4.6798818594554685,4.611207806372107,4.676531791687012,126000.0
2007-05-09,4.644705435671801,4.693279784120816,4.624605754852986,4.673180103302002,78300.0
2007-05-10,4.648057418537457,4.691606864735939,4.581058574656615,4.584408283233643,152775.0
2007-05-11,4.6179063166923715,4.69998025894165,4.606181621832761,4.69998025894165,103050.0
2007-05-14,4.698307235185316,4.745206392301377,4.6497328642863485,4.651407718658447,149625.0
2007-05-15,4.6514073512345915,4.678206816125282,4.606183052062988,4.606183052062988,111600.0
2007-05-16,4.629632220368139,4.66815710067749,4.5810582151164025,4.66815710067749,114525.0
2007-05-17,4.688255758455898,4.701656027439462,4.606182165922619,4.664806365966797,189900.0
2007-05-18,4.686582043199129,4.686582043199129,4.634657609602413,4.656432151794434,83925.0
2007-05-21,4.641358498663302,4.701657936520013,4.629633438247148,4.669833183288574,85275.0
2007-05-22,4.659780627515088,4.812203820181171,4.646381078669609,4.787078857421875,109800.0
2007-05-23,4.80047897096929,4.810528812738517,4.715055315930865,4.746880054473877,134100.0
2007-05-24,4.733478986236426,4.743528825544066,4.636330299988834,4.649730205535889,320175.0
2007-05-25,4.659782749575614,4.698307638135262,4.639683417154179,4.681557655334473,211725.0
2007-05-29,4.708356759844181,4.718406964392484,4.648057689019236,4.715056896209717,158175.0
2007-05-30,4.666482239674105,4.75693084038294,4.646382550627696,4.751905918121338,207675.0
2007-05-31,4.765305027817655,4.780379792062835,4.684906285176698,4.720080375671387,164250.0
2007-06-01,4.751903334825805,4.813877222557529,4.689929087683486,4.710029125213623,80100.0
2007-06-04,4.694956457483999,4.72845605573887,4.688256322186571,4.713381290435791,188550.0
2007-06-05,4.711706076906056,4.720080706911708,4.70333108748965,4.713381290435791,186750.0
2007-06-06,4.711706076906056,4.725105988090156,4.70333108748965,4.713381290435791,141975.0
2007-06-07,4.71170495380126,4.721754794941118,4.698305405221897,4.69998025894165,690075.0
2007-06-08,4.6899303520971065,4.765304524776997,4.6899303520971065,4.746880054473877,83925.0
2007-06-11,4.72343087129095,4.748555840054701,4.693281340067364,4.706681251525879,157725.0
2007-06-12,4.691606389835285,4.748555742809641,4.669831848645534,4.713381290435791,265275.0
2007-06-13,4.715055220766812,4.76195472101709,4.696630391424868,4.73682975769043,104625.0
2007-06-14,4.730131113260111,4.765305567146512,4.730131113260111,4.745205879211426,191250.0
2007-06-15,4.765305909340911,4.855754511543872,4.758606132685031,4.800480365753174,417150.0
2007-06-18,4.803830433786511,4.827280191198286,4.785405598719347,4.800480365753174,119700.0
2007-06-19,4.768656703761812,4.785406688331591,4.696632920226575,4.705007553100586,353250.0
2007-06-20,4.713379269691696,4.7150541230926235,4.552581482652818,4.565981388092041,714825.0
2007-06-21,4.564309758875252,4.624608841578715,4.559285194727513,4.577709674835205,271125.0
2007-06-22,4.577706080719736,4.601155825385727,4.515731832547604,4.565981388092041,497250.0
2007-06-25,4.552584384671253,4.604508826715551,4.478885396892434,4.500659942626953,206325.0
2007-06-26,4.527458617931124,4.559283360607112,4.458784570452704,4.514059066772461,163350.0
2007-06-27,4.483909687953872,4.505684590031273,4.375036255799205,4.4989848136901855,330300.0
2007-06-28,4.509034290186481,4.509034290186481,4.433660458697725,4.453760147094727,77400.0
2007-06-29,4.47888299252899,4.500657526574459,4.368334749910919,4.378384590148926,116100.0
2007-07-02,4.413560382139801,4.5207589504365,4.408535460482479,4.502334117889404,120375.0
2007-07-03,4.497308697697633,4.520758449302606,4.455434115587988,4.512383460998535,93150.0
2007-07-05,4.507359816917859,4.512384739441814,4.47218535925017,4.493959903717041,121500.0
2007-07-06,4.4839106967880875,4.519085159461561,4.4839106967880875,4.507360458374023,84600.0
2007-07-09,4.505684052648908,4.519083603732952,4.457109691589724,4.4738593101501465,165375.0
2007-07-10,4.463809032533097,4.477208941723255,4.359960544983446,4.364985466003418,187650.0
2007-07-11,4.358285331702988,4.406859688032949,4.336511153164046,4.364985466003418,188100.0
2007-07-12,4.390110348746524,4.505683898925781,4.383410573433083,4.505683898925781,117225.0
2007-07-13,4.493959616814386,4.500659393281664,4.458785161392298,4.497309684753418,63675.0
2007-07-16,4.480559802024534,4.557608484833065,4.480559802024534,4.490609645843506,250200.0
2007-07-17,4.493959354175987,4.522434031466663,4.4889344322665,4.490609645843506,112725.0
2007-07-18,4.460458382616683,4.500657382874572,4.396809276671326,4.448733329772949,177975.0
2007-07-19,4.514060445350791,4.5341597782270515,4.47218584681208,4.488935470581055,291825.0
2007-07-20,4.4788849816423095,4.504009593395392,4.299662631333382,4.363311767578125,313875.0
2007-07-23,4.391786317090513,4.463810447480933,4.378386763063637,4.43031120300293,339300.0
2007-07-24,4.398484653959721,4.470508395472202,4.3968098002442995,4.423609256744385,412200.0
2007-07-25,4.455434091708864,4.4772089893006015,4.3549360296521815,4.433659553527832,309825.0
2007-07-26,4.38173784953889,4.42026238499313,4.313063411990669,4.3599629402160645,290925.0
2007-07-27,4.339860852583096,4.4001598997134135,4.276211738586426,4.276211738586426,190575.0
2007-07-30,4.346561442298446,4.465485074385012,4.2728628266045385,4.425285339355469,488475.0
2007-07-31,4.465820813739336,4.514803037792727,4.42021678658126,4.435418128967285,369450.0
2007-08-01,4.4185296213171235,4.548585722997217,4.401638992571926,4.524939060211182,296100.0
2007-08-02,4.531695379530169,4.600946091915969,4.496225564332596,4.553652763366699,192375.0
2007-08-03,4.541828849241299,4.585743971963684,4.372925116540024,4.3813700675964355,246825.0
2007-08-06,4.4100841964898105,4.600946065157446,4.329010696081343,4.541829586029053,816525.0
2007-08-07,4.41346287171318,4.597568725843303,4.41346287171318,4.53169584274292,401175.0
2007-08-08,4.573920773101731,4.8441671773883845,4.555341228608775,4.751269817352295,741600.0
2007-08-09,4.651614176985627,4.724243039736544,4.63641283767895,4.671882629394531,670950.0
2007-08-10,4.609390484571312,4.671884787558324,4.472578367611247,4.582365989685059,346950.0
2007-08-13,4.649928098737557,4.731001957866359,4.460755519151196,4.516493797302246,182700.0
2007-08-14,4.524940459821056,4.567166682316312,4.410085308599804,4.4421772956848145,154125.0
2007-08-15,4.453998881746256,4.619524775856917,4.416839793059537,4.420217990875244,200700.0
2007-08-16,4.426974048968153,4.653305330461944,4.426974048968153,4.617835521697998,779400.0
2007-08-17,4.80194313409859,4.86443746181639,4.698911141937786,4.810388088226318,717300.0
2007-08-20,4.822208571086073,4.872879717507787,4.761403195380018,4.855989456176758,175050.0
2007-08-21,4.871193273831743,4.925242644938899,4.859370121138758,4.908352375030518,161325.0
2007-08-22,4.9303090765831845,5.024895372261055,4.8847050279859765,4.915107727050781,316125.0
2007-08-23,4.923554804896386,4.923554804896386,4.796876484341136,4.859371185302734,220275.0
2007-08-24,4.827276830536067,4.898216814778791,4.8171429612770655,4.891460418701172,125325.0
2007-08-27,4.886393920350089,4.886393920350089,4.754648891761186,4.779984474182129,153225.0
2007-08-28,4.74113700540491,4.758027273526638,4.687087277586325,4.702288627624512,231975.0
2007-08-29,4.7191797988953175,4.888083586751795,4.693844212595405,4.8779497146606445,209700.0
2007-08-30,4.823899899315287,4.9134194526373784,4.786741523273681,4.825589179992676,57150.0
2007-08-31,4.896526744040107,4.928618714156025,4.8222089361853,4.925240516662598,125550.0
2007-09-04,4.899905862913334,4.9252414428065086,4.867814249191554,4.913418292999268,105750.0
2007-09-05,4.87288001004157,4.87288001004157,4.758025646209717,4.758025646209717,282825.0
2007-09-06,4.7816716508041734,4.813763618469238,4.682018275430797,4.813763618469238,112950.0
2007-09-07,4.73607021493359,4.7462044497659255,4.661752734449014,4.695533275604248,105750.0
2007-09-10,4.7174888229669225,4.7174888229669225,4.555341128915014,4.624591827392578,112275.0
2007-09-11,4.617836334275024,4.703977676002579,4.584055437269832,4.697221279144287,76725.0
2007-09-12,4.6887768441812065,4.690465762367796,4.6212150427145104,4.666819095611572,85725.0
2007-09-13,4.680328221203671,4.74113394452902,4.612766829905617,4.66850471496582,91350.0
2007-09-14,4.619525464263752,4.754648685455322,4.619525464263752,4.754648685455322,138150.0
2007-09-17,4.75126752213891,4.75126752213891,4.644858146992165,4.671882629394531,347400.0
2007-09-18,4.7073567685166084,4.830656504239745,4.619526492106945,4.818833351135254,220275.0
2007-09-19,4.847547309013624,4.920175873393926,4.847547309013624,4.864437580108643,247275.0
2007-09-20,4.855988744759198,4.90665988375743,4.822207864617519,4.850921630859375,124875.0
2007-09-21,4.896527067823351,4.904972380901038,4.812075024332521,4.881325721740723,239625.0
2007-09-24,4.871191063617383,4.916795460292588,4.801940734713931,4.830654144287109,109575.0
2007-09-25,4.790117684671194,4.813764708243997,4.7326904932397795,4.7664713859558105,78075.0
2007-09-26,4.776606708707706,4.879638328178353,4.7411372525318995,4.842479228973389,70200.0
2007-09-27,4.849236389291807,4.874571977994612,4.817144764411204,4.839101791381836,281250.0
2007-09-28,4.825587332949919,4.847545073920949,4.77322726299721,4.807007789611816,159975.0
2007-10-01,4.8036313315703785,4.918485734873752,4.759715837038095,4.815454483032227,247275.0
2007-10-02,4.808698628869131,4.925242688277542,4.800253675055036,4.8779497146606445,75150.0
2007-10-03,4.8407881122502445,4.889770341267442,4.830653882965902,4.855989456176758,138375.0
2007-10-04,4.859366677683295,4.894836473056376,4.822207602816269,4.8863911628723145,56025.0
2007-10-05,4.91341770466906,4.9370640014521445,4.8543008754253085,4.871191501617432,191700.0
2007-10-08,4.85092368000298,4.869502863864898,4.839100167623148,4.8627471923828125,63000.0
2007-10-09,4.869501754514422,4.869501754514422,4.832343395255857,4.861056804656982,51975.0
2007-10-10,4.852613694260307,4.852613694260307,4.796875046957899,4.847546577453613,49950.0
2007-10-11,4.8644342754813605,4.8644342754813605,4.71073193437569,4.7715373039245605,112275.0
2007-10-12,4.768160346707053,4.830654649737365,4.719178109914888,4.7259345054626465,40275.0
2007-10-15,4.719179024270938,4.754648839268661,4.602634983992518,4.665129661560059,107550.0
2007-10-16,4.66006237489477,4.676953003991062,4.602634815853365,4.609391212463379,162675.0
2007-10-17,4.661750484379059,4.675262549347804,4.481022900528428,4.573920249938965,169875.0
2007-10-18,4.551963617889053,4.580677032470703,4.506359213259086,4.580677032470703,169875.0
2007-10-19,4.5924995470478605,4.5924995470478605,4.35941225246071,4.383058547973633,137250.0
2007-10-22,4.354346126808172,4.7968745210262025,4.350967928497836,4.764782905578613,272250.0
2007-10-23,4.850923609317543,4.938753861021926,4.813764879706441,4.923552513122559,370800.0
2007-10-24,4.893148997807662,4.943820148985696,4.773227152543427,4.918484210968018,205650.0
2007-10-25,4.921862359184615,4.940441901906535,4.852612028221261,4.884703636169434,204975.0
2007-10-26,4.923555075930508,4.982671218024467,4.889774164427594,4.959024906158447,337725.0
2007-10-29,4.955644659137189,4.974224207153046,4.891461062524123,4.915107727050781,202500.0
2007-10-30,4.910000253424108,5.018922412988777,4.884472044526532,5.00020170211792,322875.0
2007-10-31,5.018922499822964,5.1108257333161236,4.969567499193672,5.012115001678467,202275.0
2007-11-01,4.962761624041477,5.030838093517391,4.63259180613337,4.644505023956299,316125.0
2007-11-02,4.71087866358509,4.79086833932517,4.617273988068983,4.726195812225342,157950.0
2007-11-05,4.653013071352221,4.72279130619221,4.5951484163566105,4.6206769943237305,240525.0
2007-11-06,4.629187962395248,4.882772030926605,4.62238009620253,4.875964164733887,158175.0
2007-11-07,4.806184431154909,4.806184431154909,4.603657245635986,4.603657245635986,209700.0
2007-11-08,4.644503254285674,4.811289701015633,4.607061100783402,4.799376487731934,123075.0
2007-11-09,4.741513518717339,4.8691568042599735,4.64790883218839,4.795974254608154,173700.0
2007-11-12,4.765337749110295,4.88447169497362,4.702367392598364,4.758530616760254,522225.0
2007-11-13,4.836818881191923,4.887876033782959,4.787463511957401,4.887876033782959,322650.0
2007-11-14,4.918510434948847,4.921914366927295,4.819800059469559,4.852136135101318,163800.0
2007-11-15,4.852136588115243,4.865751952110647,4.760233702822878,4.833415508270264,179100.0
2007-11-16,4.845327788206789,4.845327788206789,4.641099193646941,4.710877418518066,200475.0
2007-11-19,4.653014878389312,4.705774203470607,4.595150200921473,4.5985541343688965,209475.0
2007-11-20,4.6070602743477425,4.675136705672985,4.510051706639277,4.649608135223389,321975.0
2007-11-21,4.63939787605155,4.704070027359915,4.5526007146522876,4.578129291534424,108000.0
2007-11-23,4.622380705012265,4.746620444901139,4.586641046146859,4.688755035400391,104400.0
2007-11-26,4.6955616902638555,4.734705272568479,4.467506235819728,4.474313735961914,166275.0
2007-11-27,4.486229411619167,4.615574165829468,4.470912255257822,4.535584449768066,253350.0
2007-11-28,4.5849365439200325,4.761935154377341,4.518562247593317,4.7057719230651855,217800.0
2007-11-29,4.70236942178809,4.709177287454903,4.573024356394576,4.647908687591553,291150.0
2007-11-30,4.7074730493222,4.741511266981521,4.632589481736992,4.721088409423828,286650.0
2007-12-03,4.7125820104583545,4.738110232825468,4.629188380979541,4.654716968536377,285975.0
2007-12-04,4.603658572291178,4.683648253493644,4.527072823859985,4.573024272918701,255375.0
2007-12-05,4.661523481674685,4.710878862215289,4.55430343667208,4.702369213104248,188100.0
2007-12-06,4.7006663525526395,4.891279600495987,4.656416698577221,4.887876033782959,185400.0
2007-12-07,4.9117017283534485,4.9117017283534485,4.778952796112882,4.830009937286377,178425.0
2007-12-10,4.848731688566142,4.881068125955866,4.795972391852183,4.84192419052124,234225.0
2007-12-11,4.875962384375337,4.889578111789268,4.584936618804932,4.584936618804932,205200.0
2007-12-12,4.726195238317688,4.765338814407548,4.510053034736349,4.6206769943237305,238725.0
2007-12-13,4.5849382044622935,4.644505023956299,4.477717783297212,4.644505023956299,172125.0
2007-12-14,4.57302527347133,4.6700342745655306,4.486228438114965,4.552602767944336,259650.0
2007-12-17,4.515158812550345,4.603657762326047,4.479418802903866,4.481120586395264,133200.0
2007-12-18,4.54579287513217,4.63259040218769,4.457293929861454,4.627484321594238,152100.0
2007-12-19,4.6240807547847,4.670032193419614,4.5508985905360495,4.627484321594238,123075.0
2007-12-20,4.676839442053245,4.724493026733398,4.557705845542414,4.724493026733398,134100.0
2007-12-21,4.775549897717479,4.843625973735083,4.7227906010035205,4.84192419052124,495225.0
2007-12-24,4.870857238769531,4.881068669568913,4.724493275581869,4.870857238769531,56250.0
2007-12-26,4.8249074653490265,4.86915713581436,4.76023492623657,4.848733901977539,192150.0
2007-12-27,4.826605980214272,4.8402217047066936,4.641098490010364,4.649608135223389,132975.0
2007-12-28,4.693858589174368,4.733002160493181,4.595147856273219,4.608763217926025,98775.0
2007-12-31,4.595147772044426,4.610464916676992,4.520263832110921,4.521965980529785,128025.0
2008-01-02,4.513457879299558,4.578130411620282,4.447083197977198,4.486227512359619,142200.0
2008-01-03,4.486227843812014,4.5151599967015015,4.447083526537525,4.476016044616699,201825.0
2008-01-04,4.4675050692378715,4.5423886468167955,4.360285052750752,4.404534339904785,225225.0
2008-01-07,4.424957582148076,4.48112008295035,4.392621143117327,4.462399005889893,401400.0
2008-01-08,4.470911267180535,4.584938839829248,4.264980411484689,4.268383979797363,201600.0
2008-01-09,4.266679661674423,4.409640036405316,4.212218583928821,4.377303600311279,219150.0
2008-01-10,4.317737996856085,4.527072354183232,4.288805484276119,4.413044452667236,217350.0
2008-01-11,4.368795030569482,4.501544008753559,4.327949303494259,4.333055019378662,260100.0
2008-01-14,4.373900450271011,4.394323677615249,4.256468992881731,4.317737579345703,161100.0
2008-01-15,4.254768149929425,4.322844621462384,4.203711344064246,4.259873867034912,157950.0
2008-01-16,4.239450545180659,4.331353808439568,4.239450545180659,4.278594493865967,326025.0
2008-01-17,4.2700830279632855,4.321140171836645,4.164565174084676,4.176478385925293,135225.0
2008-01-18,4.169670917479231,4.285400200937609,4.076065909600556,4.195199489593506,217125.0
2008-01-22,4.15775943993035,4.423257089177956,3.999481847706136,4.220729827880859,264600.0
2008-01-23,4.128825918277052,4.537283909462632,4.089682340909505,4.4930338859558105,337050.0
2008-01-24,4.501542018910779,4.501542018910779,4.387514171103773,4.472609519958496,304650.0
2008-01-25,4.540686674662359,4.544090606297839,4.457293453704133,4.494735240936279,398475.0
2008-01-28,4.476013648083387,4.6104643672967605,4.441975796415526,4.5679168701171875,178200.0
2008-01-29,4.605359679044977,4.663224697113037,4.562812172386344,4.663224697113037,256725.0
2008-01-30,4.658078566056983,4.889695880803611,4.594598120447053,4.685529708862305,264375.0
2008-01-31,4.59974524157796,5.023518688491242,4.5911667139744585,4.984057903289795,433575.0
2008-02-01,5.030382013737161,5.174499236604487,4.867392174683912,4.944598197937012,301950.0
2008-02-04,4.927439546607615,4.927439546607615,4.712979340177643,4.7610182762146,564300.0
2008-02-05,4.671801312722384,4.786751753261628,4.634056106223554,4.663222789764404,247500.0
2008-02-06,4.711263319139811,4.793616357772266,4.640920290383691,4.659792900085449,338175.0
2008-02-07,4.642636835741832,4.810773683129424,4.6323427505578065,4.755871772766113,294075.0
2008-02-08,4.752441357374852,4.881117441152762,4.668372737209563,4.776460647583008,236025.0
2008-02-11,4.797047138214111,4.845086066237548,4.707831512840758,4.797047138214111,352125.0
2008-02-12,4.822782510965848,4.857096245158913,4.730135759975491,4.7627339363098145,387450.0
2008-02-13,4.822783344559327,4.8399403986941,4.699254321887489,4.803910732269287,349650.0
2008-02-14,4.839940087406932,4.860528256528083,4.716411072680026,4.769597053527832,261225.0
2008-02-15,4.736998645375861,4.786753507736083,4.683812667091131,4.749008655548096,447525.0
2008-02-19,4.80391082324313,4.833077889453699,4.68381328275301,4.69753885269165,226575.0
2008-02-20,4.664941114968639,4.824499822302933,4.664941114968639,4.767882347106934,314775.0
2008-02-21,4.810773768305649,4.870822722324157,4.666656573177652,4.680381774902344,218700.0
2008-02-22,4.678667164676502,4.7232749996836585,4.570579246430612,4.709549427032471,230625.0
2008-02-25,4.7009696982047755,4.767881244323796,4.580871805894159,4.7610182762146,176400.0
2008-02-26,4.719841624056498,4.810772440939112,4.640919711114865,4.728419780731201,190350.0
2008-02-27,4.673518234544046,4.807341317403917,4.664939709081466,4.738714218139648,253800.0
2008-02-28,4.699256016532967,4.719844562548441,4.604893657344872,4.616903305053711,164025.0
2008-02-29,4.563714292309083,4.6271947161002,4.467636061804586,4.531116485595703,253125.0
2008-03-03,4.543127448673973,4.707832810905242,4.48650961226145,4.649499416351318,592650.0
2008-03-04,4.60832279870217,4.76101812812734,4.561999053915146,4.723273277282715,888300.0
2008-03-05,4.750724951599484,4.754156067791176,4.54484251798634,4.570578098297119,378225.0
2008-03-06,4.536263804071424,4.561999013086406,4.419597400488345,4.428175926208496,293850.0
2008-03-07,4.374988527907603,4.61518424502818,4.3595474062194555,4.508811950683594,155475.0
2008-03-10,4.534547510997555,4.630625731791446,4.512243421370428,4.519106388092041,127575.0
2008-03-11,4.647782809339131,4.846802234649658,4.608322403973316,4.846802234649658,197775.0
2008-03-12,4.857094988063984,4.92915392166304,4.712977857156612,4.735281944274902,168750.0
2008-03-13,4.675233485331298,4.932585918997901,4.644351237468758,4.905135154724121,276525.0
2008-03-14,4.898273238678175,4.898273238678175,4.616901463946344,4.670087814331055,299025.0
2008-03-17,4.656360725644357,4.726703743969856,4.548272861657709,4.627194404602051,189450.0
2008-03-18,4.7112638261928295,4.821067644090164,4.6820974976866285,4.795332431793213,425475.0
2008-03-19,4.821067554333382,4.822783112406067,4.664940357208252,4.664940357208252,365175.0
2008-03-20,4.731851511116143,4.886262757060537,4.670087012738385,4.838223457336426,821025.0
2008-03-24,4.863961187630465,4.922294228110702,4.81935298373784,4.827931880950928,334350.0
2008-03-25,4.82964706063988,4.925725326963565,4.791901830220442,4.858813762664795,196875.0
2008-03-26,4.8262150331127645,4.872538418573688,4.755871991734699,4.865675449371338,141975.0
2008-03-27,4.881116425649234,4.889694952164881,4.754155926686969,4.769597053527832,126900.0
2008-03-28,4.742147819502103,4.7455793051149096,4.663226595572747,4.6923933029174805,164025.0
2008-03-31,4.683814938199083,4.7593050473245055,4.6323444929194,4.688961982727051,231300.0
2008-04-01,4.743861387679135,4.805625889125739,4.668371318751462,4.788468837738037,185175.0
2008-04-02,4.778175580043479,4.821067476330709,4.736998873655674,4.769597053527832,153450.0
2008-04-03,4.719843302748936,4.742146665293908,4.680382148170375,4.707833290100098,77625.0
2008-04-04,4.721557590883078,4.730136117115416,4.6254793487755705,4.644351959228516,191250.0
2008-04-07,4.685527042876918,4.71297780191765,4.603174029463992,4.61861515045166,115425.0
2008-04-08,4.594598440270622,4.6546477733190175,4.558569503103663,4.601461410522461,94950.0
2008-04-09,4.616901077771583,4.6374892457092685,4.5156757960294724,4.524254322052002,223650.0
2008-04-10,4.532835812474601,4.598031848257956,4.491659814472078,4.572296619415283,150300.0
2008-04-11,4.51053128342467,4.5602858050780295,4.435041169271924,4.455629348754883,238725.0
2008-04-14,4.445332202844803,4.512243366475936,4.4075869907713585,4.412734031677246,215100.0
2008-04-15,4.433324217323297,4.474500934915683,4.4110208522337615,4.441903114318848,132975.0
2008-04-16,4.495086766009954,4.6941058072875705,4.495086766009954,4.678664684295654,548325.0
2008-04-17,4.678667838663153,4.678667838663153,4.5396976380419085,4.616903305053711,287775.0
2008-04-18,4.695824420384636,4.704403318489479,4.616903196455281,4.6923933029174805,235800.0
2008-04-21,4.644351620041803,4.682096838191082,4.591165644834773,4.592881202697754,167175.0
2008-04-22,4.5499903886680855,4.563715591113801,4.417882462000053,4.5225396156311035,355950.0
2008-04-23,4.5328330402235935,4.5328330402235935,4.392147331308025,4.41959810256958,371925.0
2008-04-24,4.435040740731009,4.567148335696845,4.3406780151215605,4.433324813842773,322200.0
2008-04-25,4.460774433433826,4.481362234025127,4.38185287451244,4.421313285827637,390825.0
2008-04-28,4.409302331298307,4.4642038528281605,4.364694891073475,4.380136013031006,314550.0
2008-04-29,4.400903390676417,4.400903390676417,4.291875631021129,4.321296215057373,215775.0
2008-04-30,4.338602667209691,4.639726346014764,4.3126437613942095,4.464936256408691,520650.0
2008-05-01,4.458014285125052,4.54281363740558,4.449361562819677,4.52550745010376,255375.0
2008-05-02,4.579155409388256,4.579155409388256,4.347255357294022,4.352447509765625,329175.0
2008-05-05,4.35071748927011,4.357639741629024,4.257265411369819,4.328219890594482,275850.0
2008-05-06,4.312644970837572,4.34552613697659,4.248612737638452,4.324759006500244,272700.0
2008-05-07,4.338602524315915,4.338602524315915,4.231305593363967,4.238227844238281,264150.0
2008-05-08,4.257265567779541,4.307452549080212,4.231306656297965,4.257265567779541,226350.0
2008-05-09,4.220923980459084,4.3316819023197,4.220923980459084,4.260727405548096,99900.0
2008-05-12,4.295338881711626,4.3593711164089575,4.231307018359887,4.350718021392822,130950.0
2008-05-13,4.352447426225978,4.380136801252024,4.30052924461575,4.357638835906982,167400.0
2008-05-14,4.362832016653228,4.374946423831963,4.328220379602646,4.340334415435791,151200.0
2008-05-15,4.354178443185407,4.393981855159036,4.2711099363249385,4.366292476654053,200925.0
2008-05-16,4.393981994718243,4.393981994718243,4.2313062873981835,4.283224105834961,271575.0
2008-05-19,4.272842235151027,4.307453880259164,4.231307963944722,4.245152473449707,310500.0
2008-05-20,4.2347687313426885,4.264188588759279,4.205348502580469,4.217462539672852,407475.0
2008-05-21,4.227843269759022,4.255533009316005,4.1880398725821015,4.208806991577148,324450.0
2008-05-22,4.212269441063809,4.317835914709137,4.2018858778426615,4.23649787902832,335250.0
2008-05-23,4.207077708479236,4.269379088532125,4.1949633036830525,4.239959239959717,187200.0
2008-05-27,4.252074077744656,4.342064853284343,4.238229200221017,4.323028564453125,240300.0
2008-05-28,4.352449286274703,4.352449286274703,4.186311851082049,4.229576587677002,229275.0
2008-05-29,4.224384132385993,4.329950241849537,4.217461508871784,4.290146827697754,166050.0
2008-05-30,4.302262467704052,4.316106977209036,4.188043221886714,4.245152473449707,294300.0
2008-06-02,4.234767063888599,4.25034240745123,4.153429034835254,4.17938756942749,287100.0
2008-06-03,4.20361812483133,4.20361812483133,4.085937207182272,4.1067047119140625,619425.0
2008-06-04,4.099780204399827,4.151698014030431,4.070359988493996,4.111894607543945,153675.0
2008-06-05,4.115356291682742,4.196694331931762,4.0980501044451865,4.186310768127441,269100.0
2008-06-06,4.15169712690451,4.191500896231275,4.032286190269599,4.037477970123291,306000.0
2008-06-09,4.059977354242306,4.070360546245745,3.978639317560315,4.025365352630615,381825.0
2008-06-10,4.103243950443822,4.262458784907679,4.028828502928714,4.146508693695068,603900.0
2008-06-11,4.127470472208681,4.127470472208681,4.004597812089309,4.014981746673584,393750.0
2008-06-12,4.053055371415214,4.13785473305865,4.021904676447154,4.047863960266113,227475.0
2008-06-13,4.073822785730209,4.073822785730209,3.9821015361528667,4.0340189933776855,360450.0
2008-06-16,4.027095270916981,4.129200048960191,4.02536480104445,4.111894607543945,175275.0
2008-06-17,4.11535710775304,4.125741044962015,3.9855625344609313,3.987293004989624,132075.0
2008-06-18,3.983830646000263,4.016712176826409,3.9371046118904327,3.94748854637146,304875.0
2008-06-19,3.9457580551938607,3.97690874736548,3.8592282309352934,3.9422967433929443,217800.0
2008-06-20,3.9267211094853516,3.9734471443178436,3.885187227646429,3.912876605987549,523800.0
2008-06-23,3.9232591052887247,3.9786382182975646,3.8419210910797115,3.841921091079712,183600.0
2008-06-24,3.8176930124680193,3.914606376357061,3.803848511444905,3.8609580993652344,238725.0
2008-06-25,3.8782644323531845,4.021903842020135,3.87307265093565,3.9284517765045166,166725.0
2008-06-26,3.8730728317422147,3.8730728317422147,3.8090406103730765,3.824615955352783,268875.0
2008-06-27,3.8073102241743313,3.8540362601432063,3.7692372816111632,3.819424629211426,389475.0
2008-06-30,3.807311898190052,3.9059557952743065,3.7761611938476562,3.7761611938476562,295200.0
2008-07-01,3.7225122661143724,3.8609599418314637,3.7225122661143724,3.809041738510132,276075.0
2008-07-02,3.8003884740148797,3.8436532040645237,3.679246635722958,3.6809771060943604,208125.0
2008-07-03,3.6827074213889697,3.7553923654359886,3.661939923172873,3.6775152683258057,119925.0
2008-07-07,3.7121267589399025,3.7121267589399025,3.5511815478605304,3.589254856109619,445950.0
2008-07-08,3.6030995133077846,3.798657101300334,3.5754101372148894,3.796926259994507,558000.0
2008-07-09,3.7900037857441586,3.84711375281566,3.6498256871439723,3.6688623428344727,164025.0
2008-07-10,3.6567479171490405,3.7571222235582398,3.6013687973997617,3.6965513229370117,193275.0
2008-07-11,3.630789806764104,3.7640460537073444,3.5459908157540894,3.7467398643493652,422100.0
2008-07-14,3.7917343152094745,3.7917343152094745,3.4888801758298054,3.589254856109619,888975.0
2008-07-15,3.5632959726179094,3.672323757037863,3.469843904268386,3.537337064743042,300150.0
2008-07-16,3.5581046268738064,3.8176937103271484,3.5581046268738064,3.8176937103271484,256275.0
2008-07-17,3.859226436319377,3.976906898025843,3.741545974612911,3.9509479999542236,312075.0
2008-07-18,3.935375124822084,3.942297378193015,3.798658299836177,3.921530246734619,228600.0
2008-07-21,3.924990548381509,4.032287490402075,3.7259720089234194,4.006328582763672,287325.0
2008-07-22,4.051323605725314,4.312643883935571,3.791734540194415,4.300529479980469,541575.0
2008-07-23,4.321298004401245,4.364562735165202,4.236498641927725,4.309183597564697,481725.0
2008-07-24,4.368024151915021,4.368024151915021,4.205348047363307,4.222653865814209,409050.0
2008-07-25,4.338602738448738,4.413018145893179,4.312643832207015,4.385328769683838,325350.0
2008-07-28,4.368024581975623,4.4130197886471585,4.290147834260706,4.331681728363037,236700.0
2008-07-29,4.373584328995216,4.497546208272317,4.298508650516551,4.495800018310547,194625.0
2008-07-30,4.513257140364502,4.548176049727207,4.438181878604871,4.521986961364746,203625.0
2008-07-31,4.4451683288982435,4.574368038279569,4.4451683288982435,4.53071928024292,93600.0
2008-08-01,4.532465841712946,4.668649198697746,4.499292722944802,4.649444103240967,298125.0
2008-08-04,4.6442023414190405,4.6616619825144125,4.532462361744622,4.5796027183532715,180900.0
2008-08-05,4.6511874049996615,4.747213954299524,4.5394473999250025,4.7454681396484375,364500.0
2008-08-06,4.542939468446725,4.726263526633128,4.483577638653507,4.715787887573242,420750.0
2008-08-07,4.649444103240967,4.722773228517319,4.597065514377504,4.649444103240967,257625.0
2008-08-08,4.635475016016511,4.715788128024551,4.633729200963648,4.710550308227539,352125.0
2008-08-11,4.733248544262706,4.853718419119503,4.6686485065370285,4.829275131225586,296100.0
2008-08-12,4.7489612002868995,4.827528496642998,4.71753428174446,4.775150299072266,321075.0
2008-08-13,4.780387879949028,4.836258079445398,4.708804221966654,4.810068607330322,406350.0
2008-08-14,4.82578060718467,4.848478067896227,4.722770063366067,4.834510803222656,340425.0
2008-08-15,4.878159296911531,4.888634558389538,4.789116015284632,4.860699653625488,270675.0
2008-08-18,4.806577924884723,4.88863686339459,4.771658996486571,4.820545196533203,217350.0
2008-08-19,4.782135144322421,4.808324249736771,4.708805649162242,4.74896240234375,355950.0
2008-08-20,4.761183299702265,4.851972437547095,4.61277813672603,4.687853813171387,163575.0
2008-08-21,4.621505488694632,4.724516027611447,4.621505488694632,4.680867671966553,132525.0
2008-08-22,4.734993434683139,4.796101455162084,4.628490852593684,4.768166542053223,162000.0
2008-08-25,4.734994092266127,4.738485722740636,4.621507859798403,4.6686482429504395,171450.0
2008-08-26,4.66166471083893,4.714042915503843,4.618016331830993,4.687853813171387,164925.0
2008-08-27,4.69308982171343,4.818797839013905,4.69308982171343,4.811813831329346,282825.0
2008-08-28,4.8694324617156655,4.87117790248685,4.745470201665563,4.8676862716674805,348300.0
2008-08-29,4.8222904137045,4.885144621997466,4.750706756051777,4.8432416915893555,246600.0
2008-09-02,4.888635269181082,4.888635269181082,4.771657440420241,4.846733093261719,402750.0
2008-09-03,4.831019857669097,4.9392678684665565,4.820543844912368,4.914824962615967,401850.0
2008-09-04,4.846735847465402,4.90609770294232,4.797849260942229,4.838006019592285,170100.0
2008-09-05,4.794355110049517,4.914825332105799,4.701820549472975,4.895619869232178,180900.0
2008-09-08,4.94625279716316,5.038787742636489,4.872922942054123,4.97942590713501,372825.0
2008-09-09,4.977679907664349,4.977679907664349,4.8851453332918116,4.888636589050293,398475.0
2008-09-10,4.937522066808521,4.951489334577948,4.787371503137768,4.8624467849731445,266400.0
2008-09-11,4.7559448038748275,4.883398666886199,4.7559448038748275,4.858955383300781,192600.0
2008-09-12,4.7751508354014085,4.932285820400907,4.736740277748198,4.90784215927124,193275.0
2008-09-15,4.869432414443668,4.869432414443668,4.75594579723039,4.773405075073242,352575.0
2008-09-16,4.750708157403132,5.0108537673950195,4.733248878895127,5.0108537673950195,471825.0
2008-09-17,4.855460987445541,4.883396261968329,4.785623550415039,4.785623550415039,346275.0
2008-09-18,4.897366220180045,5.1802088545976614,4.724517797898785,5.080689907073975,705150.0
2008-09-19,5.995562570655896,5.995562570655896,4.974186739889442,5.063230037689209,1259550.0
2008-09-22,5.063229209931426,5.098148122498819,4.995137573939906,5.049261569976807,130275.0
2008-09-23,5.000376854865107,5.0632306910902125,4.810068781897287,4.953236103057861,179325.0
2008-09-24,4.934031600898392,5.009106900440609,4.85546392163257,4.932285785675049,164925.0
2008-09-25,4.934031600898392,5.016090910610903,4.927047590728098,4.932285785675049,124425.0
2008-09-26,4.7751488602691765,4.932283780273373,4.7210248639670285,4.8799052238464355,156150.0
2008-09-29,4.78911700934319,4.988154511504747,4.080265235247333,4.651187896728516,192375.0
2008-09-30,4.714043555802804,4.853718912093883,4.687854449913135,4.808324337005615,136350.0
2008-10-01,4.825783015847344,4.886891046869123,4.642459297420485,4.801340103149414,58275.0
2008-10-02,4.975934370457787,4.975934370457787,4.722772420613713,4.801340103149414,86175.0
2008-10-03,4.853718308414231,5.054501678355012,4.717534974725707,4.801340103149414,132300.0
2008-10-06,4.68436071156763,4.88688984708117,4.68436071156763,4.7943549156188965,238275.0
2008-10-07,4.776896284089595,4.967203991793981,4.551670026521152,4.6669020652771,207000.0
2008-10-08,4.546431277775711,4.797846979054842,4.457388724228836,4.555161476135254,294525.0
2008-10-09,4.65991666456912,4.712295223006634,4.4346904742325925,4.445166110992432,597375.0
2008-10-10,4.364853105133201,4.528971681390158,4.279302187476437,4.487069129943848,695925.0
2008-10-13,4.488817846878951,4.888638125511089,4.446914897199855,4.869433403015137,372150.0
2008-10-14,4.975931757719896,5.213379372029743,4.818797224432877,5.089417934417725,624150.0
2008-10-15,5.014343947968774,5.063230513072894,4.71578786175799,4.75943660736084,202050.0
2008-10-16,4.8240365290790965,5.019582051274823,4.668647750209682,5.002122402191162,372600.0
2008-10-17,4.860701944236714,5.0632315041119735,4.714042969495227,4.801340103149414,219825.0
2008-10-20,4.9026055335998535,4.972443404981926,4.614525344404825,4.9026055335998535,180450.0
2008-10-21,4.8013396543889035,4.886890590112536,4.401518767172877,4.527226448059082,249975.0
2008-10-22,4.401517875309933,4.583096099315419,4.347393870774795,4.370090961456299,174150.0
2008-10-23,4.394535549002919,4.595318527474364,4.190260190955271,4.403264999389648,127125.0
2008-10-24,4.190259311361041,4.418977532046501,4.190259311361041,4.277556419372559,147600.0
2008-10-27,4.233909276716379,4.4294548425265585,4.148358325823493,4.179785251617432,121275.0
2008-10-28,4.3665696711392465,4.479346433610639,4.121633313660611,4.459962844848633,276525.0
2008-10-29,4.437055330538777,4.467012098412652,4.232648136033355,4.2661285400390625,233550.0
2008-10-30,4.412386824748589,4.687279666664173,4.3595228166879,4.581552028656006,361350.0
2008-10-31,4.542783180468378,4.713710329598637,4.444103608708284,4.669656753540039,326925.0
2008-11-03,4.630889935649151,4.710185918496621,4.553355581603084,4.657321929931641,168300.0
2008-11-04,4.7137103374580755,4.7137103374580755,4.5850740010241475,4.615030765533447,243225.0
2008-11-05,4.55335655436174,4.711948932050716,4.385953762105096,4.419434547424316,289125.0
2008-11-06,4.363044940327395,4.526923672383215,4.347185744784546,4.37009334564209,255825.0
2008-11-07,4.435294014496432,4.435294014496432,4.308420039897796,4.4088616371154785,179550.0
2008-11-10,4.49168190322501,4.49168190322501,4.230885932257655,4.260842323303223,271575.0
2008-11-11,4.202692759869185,4.479347984815916,4.202692759869185,4.250270366668701,295425.0
2008-11-12,4.250270355494737,4.329566366618794,4.167449951171875,4.167449951171875,205650.0
2008-11-13,4.223836050265594,4.359520778330956,4.0969624902415065,4.336613178253174,434925.0
2008-11-14,4.243221309342954,4.34718731026782,4.049386501312256,4.049386501312256,229050.0
2008-11-17,4.0529098260023995,4.1128222222431186,3.8890314562408563,3.8907930850982666,357750.0
2008-11-18,3.901366872345777,4.051148453578035,3.78859046819482,3.8819832801818848,431325.0
2008-11-19,3.837930155806236,3.9277989552132198,3.6687649788093504,3.6722893714904785,368775.0
2008-11-20,3.6299971061014364,3.739249466011387,3.566560325143344,3.5718467235565186,241875.0
2008-11-21,3.6934349713509453,3.8467405703393296,3.3921101733392933,3.6722893714904785,362250.0
2008-11-24,3.6828609087364326,3.94894320116198,3.3656766414642334,3.3656766414642334,1484100.0
2008-11-25,3.5630366955844344,3.941895455599275,3.4379251136752087,3.7004830837249756,707850.0
2008-11-26,3.62294911888793,3.7322011132888426,3.5348423424661206,3.7110555171966553,530775.0
2008-11-28,3.702245906520252,3.7903527020350403,3.649381526720847,3.7762551307678223,110925.0
2008-12-01,3.6951969611241644,3.6951969611241644,3.3128137800506567,3.326910972595215,535950.0
2008-12-02,3.3921100954385985,3.529556113261998,3.355104918419464,3.5154592990875244,366750.0
2008-12-03,3.4361639302474285,3.6705279516159255,3.4361639302474285,3.6476199626922607,241425.0
2008-12-04,3.5788962337071424,3.702245820173625,3.518983825897783,3.5753722190856934,222750.0
2008-12-05,3.5154586794090092,3.7498226165771484,3.4467351154416668,3.7498226165771484,176400.0
2008-12-08,3.8114970855824755,3.830880674638298,3.6264731204094303,3.7903518676757812,153675.0
2008-12-09,3.749823837440834,3.857314235720784,3.587707425324208,3.5894694328308105,98550.0
2008-12-10,3.6388101076618384,3.709295336637484,3.5136980983620227,3.5965185165405273,104625.0
2008-12-11,3.554224903904094,3.6810984572697723,3.4185405610725716,3.4379241466522217,144000.0
2008-12-12,3.392110550303265,3.6141393735121463,3.392110550303265,3.5841829776763916,175050.0
2008-12-15,3.5965164565180876,3.5965164565180876,3.471405275106333,3.504885673522949,157050.0
2008-12-16,3.5947555026246025,3.704007898356236,3.582420694987205,3.695197105407715,234900.0
2008-12-17,3.6440935836458066,3.732200341856261,3.637045179109652,3.7075307369232178,110475.0
2008-12-18,3.728677088587893,3.7885902469402533,3.62823549725442,3.7004830837249756,181350.0
2008-12-19,3.822070912509376,3.8414541267525975,3.610614538192749,3.610614538192749,401625.0
2008-12-22,3.6229497645204396,3.6758133860584556,3.534842972397444,3.6722893714904785,121275.0
2008-12-23,3.700482939081545,3.700482939081545,3.6405705392972654,3.698720932006836,141300.0
2008-12-24,3.7004838739543304,3.7022462595873864,3.6247122570157657,3.684624671936035,40500.0
2008-12-26,3.700481954274058,3.7233899307143195,3.5788948018756135,3.7075307369232178,112500.0
2008-12-29,3.705770157968831,3.705770157968831,3.5753721660794917,3.6388089656829834,75600.0
2008-12-30,3.681100672850456,3.7727322578430176,3.589469844084379,3.7727322578430176,121275.0
2008-12-31,3.744536151158754,3.809735328572796,3.651143348019354,3.767444133758545,307575.0
2009-01-02,3.778016478817471,3.7956376818365105,3.72162847791132,3.781540870666504,109575.0
2009-01-05,3.80445090760295,3.80445090760295,3.6722904901045794,3.6899120807647705,143100.0
2009-01-06,3.712817524166643,3.7709682915332423,3.65819190507927,3.7110555171966553,94050.0
2009-01-07,3.654668554781521,3.7392509632603024,3.5700857681895486,3.607090950012207,72675.0
2009-01-08,3.5824202804775123,3.6758130868503778,3.5824202804775123,3.6652402877807617,81450.0
2009-01-09,3.642333609475182,3.6969592420822113,3.536605224733749,3.5454156398773193,245925.0
2009-01-12,3.540129887028939,3.563037497503718,3.481979100845505,3.4925522804260254,113175.0
2009-01-13,3.4661194398370685,3.540129418424832,3.4661194398370685,3.5383670330047607,162000.0
2009-01-14,3.462594681065805,3.6035658378847537,3.45554665258322,3.4802162647247314,153000.0
2009-01-15,3.4802153281112354,3.584181282511831,3.4643561339541793,3.5700840950012207,276750.0
2009-01-16,3.594754532652143,3.61413812066335,3.4555461590618246,3.5242693424224854,189000.0
2009-01-20,3.487264968079364,3.5507017603001083,3.4114926138494073,3.4273521900177,241425.0
2009-01-21,3.4643568597723347,3.580657641290282,3.337483279934574,3.5612740516662598,135225.0
2009-01-22,3.4925510756716953,3.496075089536389,3.3357207371875006,3.3991575241088867,86625.0
2009-01-23,3.323386869894265,3.4414500642654366,3.323386869894265,3.4361636638641357,102825.0
2009-01-26,3.430877420221427,3.501363021969556,3.3216253803043374,3.406207799911499,205425.0
2009-01-27,3.407969447963812,3.510173056826115,3.304003075552565,3.4943134784698486,93375.0
2009-01-28,3.5401279896100633,3.6088511623137265,3.4714048169064,3.592991590499878,133650.0
2009-01-29,3.5436540245625867,3.5771340559760287,3.376251220703125,3.376251220703125,174825.0
2009-01-30,3.4150178986286686,3.439688272868424,3.24761508270255,3.2705230712890625,133200.0
2009-02-02,3.2529004285578655,3.418541183228565,3.2158956354248702,3.383298397064209,413775.0
2009-02-03,3.440342004870348,3.4563850350305265,3.279911703268564,3.3512139320373535,87075.0
2009-02-04,3.342299219066691,3.404688874868498,3.2513887635391647,3.2923877239227295,108000.0
2009-02-05,3.2799113533764768,3.413603257116072,3.2442600515472617,3.3423006534576416,128250.0
2009-02-06,3.329822465986948,3.4581666780070264,3.3084317639836014,3.4421236515045166,130725.0
2009-02-09,3.418949761844135,3.48490467413383,3.3743859317127347,3.4046895503997803,123750.0
2009-02-10,3.406471887621146,3.4314282132028504,3.1818693560883196,3.188999652862549,157500.0
2009-02-11,3.181869095718506,3.2923880173076054,3.171174129552161,3.247824192047119,131175.0
2009-02-12,3.188999973400821,3.28169326703894,3.0909593869524086,3.221086025238037,91125.0
2009-02-13,3.253172733016846,3.253172733016846,3.1337412300145338,3.1640448570251465,157275.0
2009-02-17,3.131958320245659,3.131958320245659,2.99826643105837,3.001831293106079,180900.0
2009-02-18,2.9750932046662264,3.0357002601799055,2.9287463628056902,2.9412243366241455,177975.0
2009-02-19,2.9857887249239545,2.9857887249239545,2.8556618690490723,2.8556618690490723,144000.0
2009-02-20,2.832487914514677,2.8520961844354127,2.675622711388547,2.771880865097046,299700.0
2009-02-23,2.741577772725066,2.771881012169809,2.6524495291489787,2.668492555618286,153675.0
2009-02-24,2.707709079779457,2.7861419774013165,2.6292765646535448,2.7790114879608154,271350.0
2009-02-25,2.7665325559597482,2.7700977991989886,2.629275472446349,2.691664934158325,130500.0
2009-02-26,2.7201872674558754,2.836053913151285,2.7023619974412005,2.7219700813293457,94500.0
2009-02-27,2.688100578716699,2.7950544687554215,2.6221460432306056,2.7059264183044434,204525.0
2009-03-02,2.6774056745255663,2.784358993379687,2.620363292476558,2.661362648010254,211950.0
2009-03-03,2.707708005081813,2.707708005081813,2.5740161623344537,2.5775814056396484,276525.0
2009-03-04,2.6150160638962583,2.68453585225974,2.5205401353223285,2.598973035812378,175050.0
2009-03-05,2.5508439885699015,2.58471247640638,2.4153692722320557,2.4153692722320557,334575.0
2009-03-06,2.4314112034241284,2.4759752146110863,2.351196098036343,2.4207160472869873,206325.0
2009-03-09,2.3921957890855223,2.461715765164143,2.3298063023458013,2.369022846221924,216450.0
2009-03-10,2.418934154374758,2.520539993175917,2.4028911271956277,2.5151925086975098,181350.0
2009-03-11,2.5294522141418394,2.55975563550503,2.4634973150762733,2.518756866455078,186975.0
2009-03-12,2.4991487963970083,2.764750078826598,2.454584780478075,2.7487070560455322,218925.0
2009-03-13,2.7772293285179552,2.939442444136319,2.7772293285179552,2.821793556213379,184725.0
2009-03-16,2.8396182805533825,2.916268357443019,2.761185581469304,2.7754461765289307,154575.0
2009-03-17,2.782575768055344,2.868138551712036,2.7540547764204772,2.868138551712036,199350.0
2009-03-18,2.8520965540946084,3.0143096446990967,2.8253579833509423,3.0143096446990967,182250.0
2009-03-19,3.0642209957254853,3.0963070494114118,2.9091382116622073,2.9501373767852783,128250.0
2009-03-20,2.980440142301193,2.980440142301193,2.8788343218098023,2.887747049331665,168750.0
2009-03-23,2.966181102920571,3.1711756381286755,2.9412249587569246,3.1693928241729736,159975.0
2009-03-24,3.133739910155805,3.1729562508741744,2.9109202183990575,2.919832944869995,115650.0
2009-03-25,2.9519186974448424,3.039264096705973,2.850312898992302,3.008960485458374,116325.0
2009-03-26,3.042831842629197,3.142655292816229,2.989354680121489,3.1408724784851074,103050.0
2009-03-27,3.0731332303329397,3.1569135956459897,3.003613649777414,3.0053958892822266,102600.0
2009-03-30,2.935876375121386,2.9519193997465347,2.869921845827732,2.885964870452881,97425.0
2009-03-31,2.930529415063437,3.0731340494330204,2.8966605442628808,3.0125269889831543,187425.0
2009-04-01,2.967962808677275,3.0463955111657937,2.9394418085679987,3.001831293106079,209250.0
2009-04-02,3.078481531083798,3.272780268353177,3.078481531083798,3.237128973007202,363150.0
2009-04-03,3.238911077070039,3.238911077070039,3.1676086932413767,3.217519998550415,127800.0
2009-04-06,3.185435814513767,3.185435814513767,3.069569356187354,3.139089345932007,159300.0
2009-04-07,3.10165560686996,3.2353477264865,3.0980903612814528,3.1622626781463623,159525.0
2009-04-08,3.1765236690156833,3.2157402278284692,3.119481836306275,3.201479434967041,78750.0
2009-04-09,3.2656513407523824,3.4439074993133545,3.2656513407523824,3.4439074993133545,161325.0
2009-04-13,3.392211587583075,3.484904486976828,3.3209090042070866,3.4777743816375732,119475.0
2009-04-14,3.417167951435936,3.417167951435936,3.2389118535084207,3.240694284439087,187650.0
2009-04-15,3.2103905560138895,3.3209093024241327,3.2103905560138895,3.3155620098114014,61875.0
2009-04-16,3.3743858066145975,3.3939940747435022,3.2424763694213494,3.3654732704162598,80775.0
2009-04-17,3.383300623007359,3.5027315685205282,3.3155632520862954,3.426081657409668,118800.0
2009-04-20,3.3405181932457153,3.397560199178169,3.160479636940383,3.172957420349121,125100.0
2009-04-21,3.1693921683005795,3.2941713333129883,3.066003515113871,3.2941713333129883,102375.0
2009-04-22,3.2335642029241174,3.3405181046467693,3.1070027935031646,3.1176979541778564,233100.0
2009-04-23,3.1301757455681734,3.164044615077207,3.03570039166434,3.110568046569824,268650.0
2009-04-24,3.1319587987183755,3.231782409974985,3.0980899266194597,3.1640448570251465,150750.0
2009-04-27,3.1105670251085296,3.1907821384001895,3.0267866681719626,3.107001781463623,122625.0
2009-04-28,3.1070018865402917,3.184631788778504,2.892165501319047,3.1160285472869873,96975.0
2009-04-29,3.1431096456154632,3.278510362978179,3.132277379038285,3.271289110183716,109800.0
2009-04-30,3.2911482552015072,3.2947586881425144,3.1539415377272495,3.173800468444824,126675.0
2009-05-01,3.161162226199675,3.2026852941423023,3.1015862231126072,3.1178343296051025,95175.0
2009-05-04,3.1160281611554637,3.265871911877015,3.1160281611554637,3.264066696166992,77625.0
2009-05-05,3.231571366961423,3.253235510908346,3.1196396337477794,3.141303777694702,122850.0
2009-05-06,3.166578859007759,3.190048024898271,3.067284610047397,3.168384075164795,100350.0
2009-05-07,3.1954639237153875,3.1972691396855826,3.1051963459611076,3.166578531265259,170100.0
2009-05-08,3.20629737332637,3.3760003477907743,3.179217377256206,3.368778705596924,158850.0
2009-05-11,3.3705837608061717,3.3886370885789208,3.2875376008033648,3.301980495452881,68400.0
2009-05-12,3.32183858744213,3.4012735194702177,3.251429735940413,3.3290598392486572,157275.0
2009-05-13,3.2875384569653474,3.3380884077104342,3.2351832891885186,3.253237009048462,261675.0
2009-05-14,3.2929523663804954,3.390441383389812,3.2550401215267413,3.3543343544006348,342000.0
2009-05-15,3.3471144588061823,3.3507252798006437,3.2604578540237474,3.309202194213867,239625.0
2009-05-18,3.343502052188558,3.457239179412363,3.253235056605482,3.439185857772827,202275.0
2009-05-19,3.4301602425941553,3.44099270557754,3.2532365994204047,3.309202194213867,188775.0
2009-05-20,3.325449558802865,3.372388278765596,3.181021416997563,3.2748992443084717,161325.0
2009-05-21,3.2405986572195027,3.3073965119019344,3.1918543238900217,3.265873432159424,152550.0
2009-05-22,3.2767061114340947,3.3507254270674878,3.2496259212493896,3.2496259212493896,124200.0
2009-05-26,3.226155365796447,3.415716832451733,3.226155365796447,3.3741941452026367,116775.0
2009-05-27,3.3597521746221024,3.361557779039675,3.193660392421604,3.1954658031463623,151650.0
2009-05-28,3.231570899755648,3.2803152165889937,3.1593570324753477,3.2351813316345215,140850.0
2009-05-29,3.255039943904,3.332669645239945,3.177410048875376,3.330864429473877,174600.0
2009-06-01,3.406690258631993,3.5402859474531403,3.3561403291399556,3.5150105953216553,247050.0
2009-06-02,3.49154143939848,3.7099880924209385,3.49154143939848,3.608888626098633,449550.0
2009-06-03,3.569171834659673,3.657633642335066,3.5457024703504096,3.6161105632781982,101925.0
2009-06-04,3.628747373833236,3.6720756590554973,3.583613485136429,3.6377742290496826,115650.0
2009-06-05,3.682909437259321,3.682909437259321,3.516817471134425,3.5366764068603516,79875.0
2009-06-08,3.5420920102002262,3.590836347682752,3.4500189853476746,3.4987633228302,109800.0
2009-06-09,3.534869909286499,3.7172099438227986,3.495152047871359,3.534869909286499,168525.0
2009-06-10,3.576392019016026,3.634163191644558,3.44821238712179,3.480708599090576,109125.0
2009-06-11,3.507790497751948,3.6215272829169862,3.507790497751948,3.5330650806427,113400.0
2009-06-12,3.520427132064666,3.5637550357018997,3.477098841041954,3.561950206756592,74025.0
2009-06-15,3.540286317788273,3.5475071836346723,3.4319651949966405,3.466266632080078,73800.0
2009-06-16,3.5114009841583176,3.5529240672286293,3.457240609451631,3.462656259536743,137025.0
2009-06-17,3.455434529407532,3.5420911072868644,3.455434529407532,3.4734878540039062,160425.0
2009-06-18,3.478903501806756,3.513205322131804,3.4554345284846515,3.4843199253082275,87075.0
2009-06-19,3.533065062214841,3.54028670361929,3.46446179318587,3.496958017349243,244800.0
2009-06-22,3.484319504559564,3.484319504559564,3.3850252628326416,3.3850252628326416,97200.0
2009-06-23,3.4247442014965888,3.444602746236775,3.372389046284522,3.379610300064087,127800.0
2009-06-24,3.410301395010736,3.428354334184466,3.363361893708628,3.3705835342407227,75825.0
2009-06-25,3.3543347715950214,3.433769702911377,3.316422134640516,3.433769702911377,154800.0
2009-06-26,3.4175225836870893,3.5132060370015226,3.366973032113606,3.5059847831726074,392625.0
2009-06-29,3.430158645862904,3.4662656768430358,3.3868307510263063,3.4427967071533203,158400.0
2009-06-30,3.4554347470871067,3.4554347470871067,3.392247525941046,3.4048848152160645,85950.0
2009-07-01,3.421132737879188,3.511400136392029,3.4193275216199885,3.4789035320281982,117900.0
2009-07-02,3.417523028737589,3.5005692018198107,3.386832405428828,3.412106990814209,143100.0
2009-07-06,3.374194744737941,3.4843207080408587,3.3489193873379755,3.4590461254119873,102825.0
2009-07-07,3.471684281607914,3.525844668427526,3.4030809958411914,3.4103026390075684,150300.0
2009-07-08,3.4355757616048734,3.471682799869089,3.361556468748148,3.3741941452026367,93600.0
2009-07-09,3.4193274127694093,3.473487772675885,3.3435025215148926,3.3435025215148926,94275.0
2009-07-10,3.348919757975531,3.475294622034005,3.348919757975531,3.4698781967163086,114525.0
2009-07-13,3.440991199913871,3.6106939016135833,3.440991199913871,3.6070830821990967,93600.0
2009-07-14,3.5980566753572796,3.6269424594989816,3.525842989773942,3.581808567047119,125775.0
2009-07-15,3.5944469198682034,3.7460959593250958,3.5944469198682034,3.7316534519195557,157725.0
2009-07-16,3.7226242344266027,3.8291400912643963,3.691933631912158,3.8074755668640137,108900.0
2009-07-17,3.818309278272721,3.897744998020445,3.755122055662845,3.8128936290740967,137250.0
2009-07-20,3.8435829749238883,3.8652475014881764,3.747899951807225,3.7623424530029297,123300.0
2009-07-21,3.758732583633645,3.7695646559597673,3.4662662434428766,3.4789035320281982,180900.0
2009-07-22,3.4518241909667515,3.4933472694537238,3.2875374809001543,3.307396411895752,243675.0
2009-07-23,3.3146180713838116,3.52223310187093,3.3146180713838116,3.5132062435150146,199125.0
2009-07-24,3.4951529310971194,3.5655618146007484,3.4211340011275517,3.5366764068603516,100575.0
2009-07-27,3.5420913228536,3.6774922340303675,3.5420913228536,3.6576333045959473,97200.0
2009-07-28,3.6612827104835057,3.7452401255700565,3.5645488860564605,3.703261613845825,90000.0
2009-07-29,3.613829787011231,3.6977872362955937,3.613829787011231,3.67041015625,48600.0
2009-07-30,3.7361160350678446,3.796346080276032,3.694137115204556,3.774444103240967,103275.0
2009-07-31,3.7470663010634326,3.7963457450407208,3.7178637981414795,3.7178637981414795,99900.0
2009-08-03,3.767144139102413,3.8273745849715044,3.7142142227925663,3.814598560333252,85725.0
2009-08-04,3.7981712313549867,3.9314081181336364,3.7981712313549867,3.9113311767578125,55800.0
2009-08-05,3.902205414896029,3.9113309764409587,3.83284903230832,3.874828338623047,85500.0
2009-08-06,3.8803029225767878,3.889428874541667,3.7945200706937174,3.8273730278015137,71550.0
2009-08-07,3.893078782549097,4.0153650456444625,3.8109463931439076,3.980686664581299,109350.0
2009-08-10,3.967912268406064,4.015366687793466,3.953311209854775,3.993464708328247,51525.0
2009-08-11,3.960610191179928,3.9952885728718077,3.873002307559401,3.9222817420959473,69300.0
2009-08-12,3.914981201920095,4.115749418475207,3.9022051815383025,4.03361701965332,126675.0
2009-08-13,4.097499733621972,4.112100792997105,3.9697379184405603,4.051870346069336,156150.0
2009-08-14,4.059168626687143,4.059168626687143,3.8310229902478867,3.933232307434082,151875.0
2009-08-17,3.8784782135818543,3.9551355192973046,3.8693526515695633,3.9113311767578125,88200.0
2009-08-18,3.922281698924979,4.015365074247258,3.922281698924979,3.969736099243164,102150.0
2009-08-19,3.9168075847322275,4.0153664874071415,3.84380072906604,3.9733879566192627,65925.0
2009-08-20,3.975212607062778,3.9916390892556723,3.940534608534965,3.971562147140503,41175.0
2009-08-21,4.026317414793038,4.026317414793038,3.810947703013254,3.831024646759033,320850.0
2009-08-24,3.8292003312748704,3.8456268195654713,3.7616693432929686,3.7908718585968018,59625.0
2009-08-25,3.8328487136876803,3.8328487136876803,3.7598422692062248,3.7817442417144775,63000.0
2009-08-26,3.7890463210877487,3.834675313912379,3.7507174658180595,3.785395860671997,83250.0
2009-08-27,3.787219443004991,3.787219443004991,3.69778613439576,3.761667013168335,60300.0
2009-08-28,3.5134459955204647,3.803647206999203,3.5134459955204647,3.77809476852417,986625.0
2009-08-31,3.7634919935510758,3.7908694566889567,3.7379399557144706,3.7415900230407715,350100.0
2009-09-01,3.6923103088391795,3.7415897387429577,3.6430308789354013,3.6521568298339844,332775.0
2009-09-02,3.6521574142641025,3.688660440423578,3.6521574142641025,3.683185338973999,544725.0
2009-09-03,3.6904858923840376,3.787219734841541,3.677709872300277,3.7817442417144775,207450.0
2009-09-04,3.785394152514161,3.8529250940834245,3.7634917915413655,3.8492746353149414,304875.0
2009-09-08,3.8693526542078813,3.9149816392150867,3.763492845032136,3.8364996910095215,348300.0
2009-09-09,3.8401503354781314,3.851101323737567,3.8018218765701093,3.8255488872528076,271125.0
2009-09-10,3.969736741039745,4.508160926309862,3.969736741039745,4.212483882904053,990000.0
2009-09-11,4.230734983623014,4.250811921892814,4.1248751908966,4.2051825523376465,305550.0
2009-09-14,4.174154855302836,4.312867613675015,4.157728375361776,4.307392120361328,203625.0
2009-09-15,4.312867613675015,4.353021492400833,4.258112680538148,4.307392120361328,170775.0
2009-09-16,4.307393290665951,4.384050609523281,4.29096680626187,4.334771156311035,280575.0
2009-09-17,4.3201708545330355,4.3584989366913245,4.270890996584641,4.314695358276367,287325.0
2009-09-18,4.325642797054641,4.325642797054641,4.267237807437189,4.294615268707275,175950.0
2009-09-21,4.243511135007878,4.31651797190431,4.201532223374337,4.25081205368042,168075.0
2009-09-22,4.274539388225928,4.276364422215003,4.210658498949963,4.258112907409668,130725.0
2009-09-23,4.2672382331603815,4.316517668362924,4.208832846077987,4.248986721038818,149850.0
2009-09-24,4.254463134898866,4.265414515516574,4.172330717552992,4.2033586502075195,144450.0
2009-09-25,4.212484030624442,4.227085086181007,4.152253207810346,4.221609592437744,144675.0
2009-09-28,4.230734395197707,4.314692204184705,4.225258902943691,4.294615268707275,126000.0
2009-09-29,4.307392904349459,4.325644421504314,4.22343506383299,4.234386444091797,101925.0
2009-09-30,4.294615971453789,4.30374153227834,4.154078183391175,4.168679237365723,128700.0
2009-10-01,4.163203516067821,4.24898635985978,4.121224610954632,4.141301155090332,177525.0
2009-10-02,4.1285251368550595,4.2508113934253595,4.115748726981682,4.141301155090332,126225.0
2009-10-05,4.1504290963009165,4.166855581181858,4.115750700460066,4.157729625701904,146250.0
2009-10-06,4.170504384008091,4.208832833495485,4.134000968235957,4.20700740814209,145575.0
2009-10-07,4.210658457294841,4.234385857109062,4.183281381176771,4.212483882904053,109350.0
2009-10-08,4.228909349595116,4.2343848418335135,4.188755478754805,4.217957973480225,318150.0
2009-10-09,4.217957430105887,4.280013261905503,4.207006447039842,4.278188228607178,95850.0
2009-10-12,4.289138669872246,4.289138669872246,4.197880741942185,4.216132640838623,62100.0
2009-10-13,4.217959132729501,4.23073554588925,4.186931595943148,4.221609592437744,109350.0
2009-10-14,4.23986069273755,4.290965557098389,4.234385591168353,4.290965557098389,134100.0
2009-10-15,4.248987345826098,4.289140443414918,4.216134384193578,4.258112907409668,133875.0
2009-10-16,4.216134517606232,4.27271409780168,4.190581691121435,4.227085113525391,135675.0
2009-10-19,4.2562877414994364,4.34207061043152,4.228910663439993,4.331120014190674,169425.0
2009-10-20,4.314693405622527,4.327469427226718,4.221609619746707,4.227085113525391,96975.0
2009-10-21,4.228910415180644,4.309217393820532,4.154078538520651,4.165029525756836,111150.0
2009-10-22,4.179631852916211,4.303742806640622,4.1595549082086105,4.28731632232666,126450.0
2009-10-23,4.243511031737728,4.303741455310525,4.170504588256146,4.210658073425293,233100.0
2009-10-26,4.227084524399918,4.270888468524461,4.179630512690432,4.2051825523376465,181800.0
2009-10-27,4.210658917196765,4.336595674268981,4.210658917196765,4.247162342071533,106650.0
2009-10-28,4.263587243068486,4.325642689863558,4.219783306121826,4.219783306121826,131175.0
2009-10-29,4.289808178665991,4.289808178665991,4.199515652336274,4.249268531799316,128475.0
2009-10-30,4.212413481091782,4.262166349521923,3.9802334284177903,4.053941249847412,351450.0
2009-11-02,4.059469284520387,4.1055366227872865,3.9618065115785326,3.9949750900268555,145575.0
2009-11-03,3.9765478383995796,4.013401946253486,3.917581344913458,3.9949750900268555,188775.0
2009-11-04,4.0060306588383705,4.046570293784469,3.9267947466447417,3.9360079765319824,116550.0
2009-11-05,3.96733463650717,3.9857614947027646,3.9360086217140418,3.974705696105957,161325.0
2009-11-06,3.943379701566048,3.9507503658020044,3.893626828321794,3.915738821029663,109800.0
2009-11-09,3.958121405109716,3.9912899871021983,3.912054061920387,3.974705696105957,92025.0
2009-11-10,3.9470644473203507,3.9912892147524435,3.9415363513913393,3.954435110092163,78075.0
2009-11-11,3.996817754104191,4.031828900405336,3.965491346496837,3.9857611656188965,102375.0
2009-11-12,3.9802333261818603,4.017087038249725,3.921266833312381,3.9396936893463135,204975.0
2009-11-13,3.965491638199932,3.9728626977323467,3.8991544748123,3.919424295425415,212400.0
2009-11-16,3.9562780066784446,4.024458125752595,3.9562780066784446,3.9931321144104004,127125.0
2009-11-17,3.9857612508089733,4.181087596412891,3.961806692481128,4.1350202560424805,261900.0
2009-11-18,4.138705963588049,4.155290255867048,4.0705262271301805,4.08711051940918,130725.0
2009-11-19,4.046571900355627,4.08158305770865,3.982076893135383,4.035515308380127,118125.0
2009-11-20,4.0318295451458495,4.08711051940918,4.024458880377644,4.08711051940918,312075.0
2009-11-23,4.090794929006206,4.182929992675781,4.074210641269719,4.182929992675781,384300.0
2009-11-24,4.1939859809184625,4.251109504104419,4.1681880694471,4.236368179321289,492750.0
2009-11-25,4.241896204469648,4.302705656609929,4.241896204469648,4.286121368408203,609525.0
2009-11-27,4.192142133643757,4.267692889957768,4.192142133643757,4.256637096405029,273600.0
2009-11-30,4.265852438380862,4.265852438380862,4.192144211884954,4.264009475708008,654750.0
2009-12-01,4.308234323030249,4.308234323030249,4.221627341377636,4.238211631774902,657450.0
2009-12-02,4.2547970380486335,4.256640001065453,4.21978588093916,4.2511115074157715,400725.0
2009-12-03,4.2658503235990635,4.284277173387637,4.23820985121595,4.256637096405029,374850.0
2009-12-04,4.275067596105887,4.306393623352051,4.251112235987885,4.306393623352051,558900.0
2009-12-07,4.308234129844371,4.339560142101406,4.2934924072409455,4.332189083099365,339975.0
2009-12-08,4.315604426140306,4.359829590186535,4.297177175604222,4.348773002624512,416025.0
2009-12-09,4.346930764513885,4.352459256916234,4.302706383901272,4.337717533111572,177750.0
2009-12-10,4.341401699085843,4.3487723609723785,4.293491408321956,4.335873603820801,754200.0
2009-12-11,4.357987619476698,4.3800996134300805,4.330346737383372,4.36720085144043,624150.0
2009-12-14,4.380099875985625,4.4022126620659305,4.354302350459947,4.357987880706787,531225.0
2009-12-15,4.359831172782457,4.407741092605835,4.3358758174700025,4.385628700256348,921375.0
2009-12-16,4.343246466525763,4.54778607635616,4.3321898759990685,4.534887313842773,3953475.0
2009-12-17,4.518301518235289,4.671246040522659,4.459335422284275,4.645447731018066,1929375.0
2009-12-18,4.560683429039659,4.705796241760254,4.519222512433602,4.705796241760254,17001600.0
2009-12-21,4.66433572769165,4.6975043056787396,4.656043385494558,4.66433572769165,2110500.0
2009-12-22,4.6643347406925235,4.747256168113613,4.606289543797483,4.7306718826293945,3077900.0
2009-12-23,4.74725858377744,4.759696705369659,4.68506758041559,4.689213752746582,1486000.0
2009-12-24,4.643605775264766,4.714089110043127,4.5399538588731385,4.6850666999816895,779500.0
2009-12-28,4.705797308162007,4.705797308162007,4.6436059191594525,4.676774501800537,768000.0
2009-12-29,4.6850674478392245,4.689213620052889,4.647752688717731,4.6518988609313965,1219700.0
2009-12-30,4.660189640058585,4.66433581123139,4.568976246660747,4.618729114532471,2004800.0
2009-12-31,4.610437018003931,4.701650811665708,4.597998899222992,4.672628402709961,2398200.0
2010-01-04,4.697504330173258,4.7472571974133215,4.6850662122134015,4.726526737213135,2027100.0
2010-01-05,4.726527049227586,4.726527049227586,4.635313650966476,4.672628402709961,1292000.0
2010-01-06,4.7223814531467845,4.726527229297932,4.635313827561791,4.6850666999816895,982900.0
2010-01-07,4.685065998582338,4.738965034484863,4.647751251003619,4.738965034484863,1293000.0
2010-01-08,4.730672584394447,4.743110701502587,4.689212062233777,4.722380638122559,1416300.0
2010-01-11,4.734819054764375,4.734819054764375,4.656043385494558,4.66433572769165,862800.0
2010-01-12,4.643605267599559,4.6850661877837405,4.643605267599559,4.66433572769165,1140400.0
2010-01-13,4.6850662122134015,4.726526737213135,4.664335752013215,4.726526737213135,1024800.0
2010-01-14,4.714090203859966,4.801157849647385,4.689213959578288,4.784573554992676,1415100.0
2010-01-15,4.788718117813695,4.809448578013883,4.705796672413589,4.726526737213135,882100.0
2010-01-19,4.730673523393014,4.7887187404201725,4.730673523393014,4.7638421058654785,706700.0
2010-01-20,4.743111393361216,4.767988026606765,4.705797036593901,4.755549907684326,926900.0
2010-01-21,4.767988724134605,4.767988724134605,4.705797725023576,4.743112087249756,1349900.0
2010-01-22,4.7431126206555145,4.801157849647385,4.7348206710285465,4.784573554992676,1657500.0
2010-01-25,4.805303242272002,4.805303242272002,4.7472580227007315,4.797010898590088,660800.0
2010-01-26,4.8550555071852335,4.9711455363179144,4.813594584794661,4.913100719451904,2479400.0
2010-01-27,4.966999578863718,4.971145750361431,4.879932349815833,4.946269512176514,1330400.0
2010-01-28,4.9296863246151545,4.9296863246151545,4.751404864329426,4.767989158630371,1733000.0
2010-01-29,4.772134354485335,4.88822439083526,4.772134354485335,4.855055809020996,1606400.0
2010-02-01,4.855055809020996,4.908954853319346,4.755550063578203,4.855055809020996,770200.0
2010-02-02,4.867601604882669,4.9512372890614635,4.813238310464852,4.84251070022583,946600.0
2010-02-03,4.84250897743432,4.888508487666076,4.763055205432875,4.771418571472168,922700.0
2010-02-04,4.746327558601444,4.8132360748675715,4.66269151446257,4.729600429534912,1314800.0
2010-02-05,4.729601598363617,4.804873498361884,4.666874549757696,4.750510215759277,1138400.0
2010-02-08,4.7296021557250105,4.829964966754194,4.683602234898531,4.796510696411133,853900.0
2010-02-09,4.8801481160678675,4.926147654524772,4.850875718759519,4.905238628387451,2113200.0
2010-02-10,4.913601662364904,4.938692569732666,4.875965500716482,4.938692569732666,718700.0
2010-02-11,4.917781507763633,4.955417653807714,4.892690610798819,4.951235771179199,652200.0
2010-02-12,4.938692569732666,4.938692569732666,4.905237893640169,4.938692569732666,464500.0
2010-02-16,4.967963532371472,4.9846906661987305,4.921964014048096,4.9846906661987305,454200.0
2010-02-17,4.988873316025285,5.005600452423096,4.967964295826425,5.005600452423096,684900.0
2010-02-18,5.01396272465748,5.026508373316878,4.988872224951289,5.018144607543945,964300.0
2010-02-19,5.0181450770394775,5.030690328066301,4.967963674125843,4.9721455574035645,785300.0
2010-02-22,4.997236895097269,5.01814591617595,4.972146388847977,4.9805097579956055,440600.0
2010-02-23,4.997235743608924,5.018144759869644,4.947054343866985,4.955418109893799,531400.0
2010-02-24,4.9930550882835565,5.030691247045535,4.951237444286345,5.026509761810303,585300.0
2010-02-25,4.980508459178358,5.034871740283506,4.980508459178358,5.018144607543945,497000.0
2010-02-26,5.018146760637745,5.018146760637745,4.938692945735829,4.942874431610107,455000.0
2010-03-01,4.951238200971611,4.976328711443174,4.90942015177704,4.942874431610107,473400.0
2010-03-02,4.942874715200404,4.976328996952862,4.938693229086219,4.9637837409973145,256900.0
2010-03-03,4.97632804278354,4.97632804278354,4.905237607988939,4.917783260345459,309000.0
2010-03-04,4.942873622322396,4.955419274310574,4.884328841603195,4.930328369140625,372000.0
2010-03-05,4.95541842309902,4.976327041874946,4.9094185046567675,4.9721455574035645,337900.0
2010-03-08,4.951236933279904,4.9679640689137,4.913600778402271,4.926146030426025,459000.0
2010-03-09,4.930327914036067,4.959600301693616,4.892691759158434,4.926146030426025,312600.0
2010-03-10,4.888509360096337,4.9428726448756155,4.888509360096337,4.93450927734375,367900.0
2010-03-11,4.917780759268883,4.980507393924399,4.917780759268883,4.976325511932373,278300.0
2010-03-12,4.984690034594766,4.993053401045519,4.921963390392148,4.951235771179199,178900.0
2010-03-15,4.959600759500225,4.967964527492344,4.9010559787810255,4.930328369140625,214300.0
2010-03-16,4.955419708375693,4.959601193931618,4.913601662364904,4.938692569732666,414300.0
2010-03-17,4.9428726448756155,4.9428726448756155,4.905236493966397,4.93450927734375,337800.0
2010-03-18,4.942874431610107,4.955420085652363,4.90942015177704,4.942874431610107,330200.0
2010-03-19,4.955419251746314,4.9805097579956055,4.905237441634917,4.9805097579956055,875200.0
2010-03-22,4.955418109893799,4.976326727348204,4.9094181943589525,4.955418109893799,434800.0
2010-03-23,4.947055627514309,4.980509902689551,4.905237584142047,4.9679646492004395,639100.0
2010-03-24,4.967962902886983,4.9763262693377355,4.934508639471416,4.951235771179199,589600.0
2010-03-25,4.9345102531366845,4.976327896678055,4.921964999954914,4.930328369140625,542300.0
2010-03-26,4.921965000519119,4.951237390882075,4.842510799810514,4.884328842163086,465000.0
2010-03-29,4.9136011091421405,4.930328245901858,4.829965425343555,4.8466925621032715,555500.0
2010-03-30,4.875965073611076,4.967964527492344,4.867601704425366,4.930328369140625,1024600.0
2010-03-31,4.901057142205189,4.963783821810652,4.888511487238894,4.905238628387451,784800.0
2010-04-01,4.9512362268803916,4.955418109893799,4.88432769389114,4.955418109893799,714500.0
2010-04-05,4.9554193974096075,4.959600882703133,4.892692332329718,4.9219651222229,430900.0
2010-04-06,4.880146182497728,4.95959997177124,4.880146182497728,4.95959997177124,455100.0
2010-04-07,4.938693229086219,4.9637837409973145,4.913602318368627,4.9637837409973145,567600.0
2010-04-08,4.9637827651019295,4.972146533298949,4.926146605828178,4.9679646492004395,320400.0
2010-04-09,4.963781477114298,4.963781477114298,4.917781960385766,4.955418109893799,340200.0
2010-04-12,4.942874715200404,4.976328996952862,4.9345113441655375,4.9637837409973145,162200.0
2010-04-13,4.942873599815261,4.984691641972623,4.934510230667632,4.9805097579956055,324600.0
2010-04-14,4.976326899881937,4.9846906661987305,4.955418281702611,4.9846906661987305,515000.0
2010-04-15,4.9679645048709595,4.993055011120251,4.942873599815261,4.9805097579956055,478000.0
2010-04-16,4.976326912615736,4.980508795784833,4.930327394174652,4.93450927734375,483700.0
2010-04-19,4.934511424502302,4.947056680662095,4.8759662310791025,4.905238628387451,433700.0
2010-04-20,4.913601662364904,4.94287405528859,4.888510754997141,4.938692569732666,294300.0
2010-04-21,4.930328346690615,4.9805097579956055,4.913601209588951,4.9805097579956055,499500.0
2010-04-22,4.980511109439249,5.2481457744939695,4.9303296845177105,5.227236747741699,1170100.0
2010-04-23,5.2690528006996,5.348506593623502,5.23141664659646,5.33596134185791,1039400.0
2010-04-26,5.335959594226142,5.348504841882919,5.252323945170576,5.2690510749816895,549400.0
2010-04-27,5.239778641671819,5.32341429620167,5.181233882904053,5.181233882904053,903300.0
2010-04-28,5.236038611563326,5.261333258778919,5.151722450759401,5.160153865814209,362700.0
2010-04-29,5.19809900725254,5.333004936391177,5.147509283825551,5.324573516845703,707800.0
2010-04-30,5.324574750750214,5.324574750750214,5.252905858774087,5.2613372802734375,585800.0
2010-05-03,5.286630199783474,5.383594120943384,5.261335141465272,5.362514972686768,666800.0
2010-05-04,5.307711505700036,5.341437995800393,5.236042613723908,5.2613372802734375,693400.0
2010-05-05,5.206530821370758,5.2233940624888655,5.101135463869742,5.134861946105957,631500.0
2010-05-06,5.105351705889882,5.164373259306186,4.831323897849314,5.0631937980651855,786500.0
2010-05-07,5.063191192734362,5.109564988094721,4.924069404602051,4.924069404602051,784300.0
2010-05-10,5.084272279851193,5.12221427125451,4.991524251634293,5.067409038543701,452900.0
2010-05-11,5.025247860310558,5.1222113418623865,4.995737305412377,5.105348110198975,270300.0
2010-05-12,5.109567282561886,5.18966798566889,5.025251070384577,5.16437292098999,432800.0
2010-05-13,5.1854503131452505,5.261334677302601,5.101134129608595,5.2276082038879395,511400.0
2010-05-14,5.20231380832362,5.206529718222734,5.134860858142972,5.193881988525391,359200.0
2010-05-17,5.214960749866408,5.244471312872725,5.109565422499541,5.202313423156738,344100.0
2010-05-18,5.244472812347963,5.248688723140336,5.12221421372884,5.134861946105957,428400.0
2010-05-19,5.109565330855143,5.130644476360698,4.953580297396058,4.974659442901611,673500.0
2010-05-20,4.919854359881923,4.93250168773871,4.776516637334001,4.801811695098877,540100.0
2010-05-21,4.776518299057841,4.924071982908223,4.747007723108342,4.919856071472168,782600.0
2010-05-24,4.881911535026318,4.898774771335253,4.843969152818397,4.848185062408447,413400.0
2010-05-25,4.751223804117502,4.839755535125732,4.751223804117502,4.839755535125732,591700.0
2010-05-26,4.852403096701059,4.928287492292834,4.852403096701059,4.919856071472168,821400.0
2010-05-27,4.983090859873077,4.983090859873077,4.924069734919037,4.974659442901611,242700.0
2010-05-28,4.9662278554376185,4.9662278554376185,4.894558998607809,4.902990818023682,317900.0
2010-06-01,4.886127859722704,4.932501662999196,4.763869285583496,4.763869285583496,766800.0
2010-06-02,4.780733455557912,4.877696990966797,4.679554009378715,4.877696990966797,866100.0
2010-06-03,4.902990993602098,4.902990993602098,4.835538044064703,4.89034366607666,372900.0
2010-06-04,4.79759817476473,4.8650511596669785,4.763871682313606,4.772303104400635,566100.0
2010-06-07,4.789164066314697,4.8608329291019565,4.772300828132478,4.789164066314697,623700.0
2010-06-08,4.801811327825233,4.827105981604106,4.7343579796286,4.818674564361572,524300.0
2010-06-09,4.869266860039444,4.869266860039444,4.747008229706572,4.768087387084961,304000.0
2010-06-10,4.793381417491589,4.860834390500039,4.789165506165703,4.856618881225586,352300.0
2010-06-11,4.818676781296034,4.865050602593411,4.797597625414879,4.839755535125732,213100.0
2010-06-14,4.865049660707242,4.902992053537286,4.843970508907065,4.877696990966797,401900.0
2010-06-15,4.873481793952521,4.940934762386233,4.860834060832646,4.928287029266357,716500.0
2010-06-16,4.877696935181041,4.97466087153234,4.877696935181041,4.945149898529053,404900.0
2010-06-17,4.957796706240371,5.025249657010776,4.928285738739843,5.01260232925415,779400.0
2010-06-18,5.02524995803833,5.037897286552569,4.966228421553009,5.02524995803833,812700.0
2010-06-21,5.05897650018519,5.05897650018519,4.936717917512768,4.966228485107422,775300.0
2010-06-22,4.995739632986558,5.050544859888682,4.9535813331604,4.9535813331604,672300.0
2010-06-23,4.962012116418783,5.0083859148899945,4.949364387884694,4.974659442901611,494100.0
2010-06-24,4.9535820036454075,4.995740309177843,4.9156396090764956,4.949366092681885,822200.0
2010-06-25,4.966229291006727,5.096919715372002,4.949366049351666,5.084272384643555,9956000.0
2010-06-28,5.06740796923389,5.07583938708277,4.978875870538499,5.021033763885498,991300.0
2010-06-29,4.991524488711516,4.991524488711516,4.89877645608946,4.928287029266357,811600.0
2010-06-30,4.940933728944709,5.033681340116347,4.818675148717257,4.835538387298584,708900.0
2010-07-01,4.898773249170693,4.898773249170693,4.734356444708309,4.8692626953125,899500.0
2010-07-02,4.894559319154467,4.924070286991431,4.784948473928605,4.810243129730225,467300.0
2010-07-06,4.852401384239564,4.873480531929352,4.759653375635278,4.763869285583496,652100.0
2010-07-07,4.793381713828356,4.839755535125732,4.747007892530979,4.839755535125732,800400.0
2010-07-08,4.873480428692311,4.902990993602098,4.835538044064703,4.89034366607666,704500.0
2010-07-09,4.89877645608946,4.936718851346274,4.890345036060949,4.928287029266357,397400.0
2010-07-12,4.928285973964624,4.999954838091726,4.919854555741546,4.940933704376221,388400.0
2010-07-13,4.978875961185768,5.033681183329541,4.949364993049148,5.029465675354004,736600.0
2010-07-14,5.00416849022428,5.0210317211126485,4.957794705794051,4.995737075805664,431400.0
2010-07-15,4.991523651873583,4.999955070488551,4.890344216185929,4.983091831207275,414500.0
2010-07-16,4.949364925564859,4.9620126554729485,4.797595785129514,4.801811695098877,500800.0
2010-07-19,4.822892633396691,4.84397179077508,4.725929072328183,4.768087387084961,622000.0
2010-07-20,4.704847875403601,4.79337997637308,4.679553219155928,4.789164066314697,620800.0
2010-07-21,4.839754024936342,4.873480905052982,4.700632202404114,4.717495441436768,803800.0
2010-07-22,4.776518378672007,4.8734823330602355,4.71328131428293,4.86083459854126,768100.0
2010-07-23,4.827105826413991,4.98730676938444,4.780732027942779,4.974659442901611,799700.0
2010-07-26,5.004171582102066,5.075840458171754,4.94936594733987,5.067409038543701,854200.0
2010-07-27,5.101133700998026,5.101133700998026,5.046328085791291,5.054759502410889,516400.0
2010-07-28,5.080056369011474,5.101135521158685,5.04632988639649,5.067409038543701,606500.0
2010-07-29,5.092703149369098,5.101134970137738,5.02103428104103,5.096919059753418,365200.0
2010-07-30,5.025250764775456,5.1222143023696995,5.0041716125001985,5.11378288269043,448700.0
2010-08-02,5.147509064559447,5.185451456026319,5.063192862439378,5.10113525390625,521000.0
2010-08-03,5.1011355559627924,5.1011355559627924,5.024618392894765,5.041622161865234,941800.0
2010-08-04,5.037369526907623,5.118137296151304,5.037369526907623,5.088380813598633,768200.0
2010-08-05,5.0458723449526905,5.092632600296692,5.003363132476807,5.003363132476807,305400.0
2010-08-06,4.948101875713746,5.003364228904063,4.846078851530628,4.918344974517822,771500.0
2010-08-09,4.960853040230399,4.982107847136785,4.880084855066474,4.93109655380249,371800.0
2010-08-10,4.871581815897315,4.8970876581467,4.833323255224042,4.850327014923096,650200.0
2010-08-11,4.7993168562435535,4.837575425848425,4.693043231964111,4.693043231964111,833900.0
2010-08-12,4.6505351066589355,4.714299544850252,4.637782381181406,4.6505351066589355,540700.0
2010-08-13,4.633531245586139,4.680291913745339,4.625029563903809,4.625029563903809,277700.0
2010-08-16,4.586770112299978,4.688792705535889,4.586770112299978,4.688792705535889,391500.0
2010-08-17,4.744055437619646,4.829074272354413,4.697295179865969,4.769561290740967,554400.0
2010-08-18,4.7780629715135525,4.8035688246348744,4.680291412919015,4.769561290740967,444000.0
2010-08-19,4.752557111769956,4.786564642715573,4.65478515625,4.65478515625,685800.0
2010-08-20,4.6335298345945635,4.684541530761881,4.586769586076509,4.659035682678223,308200.0
2010-08-23,4.688793387641678,4.688793387641678,4.599523504223214,4.603774547576904,353500.0
2010-08-24,4.5400095397842195,4.642032125859844,4.5400095397842195,4.608024597167969,667900.0
2010-08-25,4.586769790385117,4.629279403950821,4.557013304130156,4.608024597167969,448600.0
2010-08-26,4.608025264802847,4.642032798421912,4.569766688130954,4.595272541046143,334200.0
2010-08-27,4.650534131721985,4.688792705535889,4.561264261290125,4.688792705535889,375600.0
2010-08-30,4.659036062846045,4.659036062846045,4.484747370491501,4.4889984130859375,378800.0
2010-08-31,4.510253607717459,4.629280388864572,4.510253607717459,4.569766998291016,616600.0
2010-09-01,4.637781124273964,4.697294502709817,4.629279444726969,4.676039695739746,594100.0
2010-09-02,4.688792889984426,4.7483062744140625,4.646283677164769,4.7483062744140625,363800.0
2010-09-03,4.782313612656743,4.837575951940098,4.778062569926851,4.833324909210205,291500.0
2010-09-07,4.829074062552646,4.833325105455141,4.722800422400857,4.7483062744140625,509200.0
2010-09-08,4.7738117210255036,4.81207029634443,4.739804188609073,4.7483062744140625,256400.0
2010-09-09,4.81632256095719,4.81632256095719,4.75680916143136,4.799318790435791,399100.0
2010-09-10,4.799317629796645,4.812070353253183,4.7695611399308016,4.77806282043457,542800.0
2010-09-13,4.816321382991853,4.931097109991098,4.799317616629198,4.922595024108887,507300.0
2010-09-14,4.926846242771352,4.935347923555017,4.863081812585842,4.875834941864014,331400.0
2010-09-15,4.8545801318021775,4.939598966647741,4.812070511678504,4.875834941864014,771100.0
2010-09-16,4.858832870502156,4.918345872961661,4.7695629614109745,4.786566734313965,340800.0
2010-09-17,4.84607907443336,4.871584933002784,4.727052680380415,4.867333889007568,644200.0
2010-09-20,4.86733213308333,4.939598233324012,4.820571882210658,4.93109655380249,655800.0
2010-09-21,4.922595013882089,4.926846056814362,4.812070330053566,4.81632137298584,758000.0
2010-09-22,4.6972961913841305,4.829075312249959,4.6972961913841305,4.727052688598633,502500.0
2010-09-23,4.701545815351532,4.7738115145596565,4.65478515625,4.65478515625,491000.0
2010-09-24,4.722801804566621,4.769562479375423,4.654786719828599,4.752558708190918,536700.0
2010-09-27,4.77381122108637,4.782313306000976,4.676039676978732,4.714298248291016,448000.0
2010-09-28,4.73980301128632,4.782312618948751,4.680290047040911,4.765308856964111,646800.0
2010-09-29,4.739804188609073,4.7780627639279984,4.727051465303352,4.7483062744140625,547800.0
2010-09-30,4.782315206413331,4.82057379292894,4.7143001216753095,4.752558708190918,672200.0
2010-10-01,4.799316710926404,4.803567753065275,4.7142978951574515,4.773810863494873,462200.0
2010-10-04,4.761059503047187,4.778063271060142,4.561264924843615,4.603774547576904,1104200.0
2010-10-05,4.650533620091653,4.73555284383657,4.616526092754367,4.693043231964111,1073000.0
2010-10-06,4.697296350490804,4.773813118120137,4.697296350490804,4.752558708190918,904200.0
2010-10-07,4.795066586843877,4.820572439158721,4.739804244663189,4.77806282043457,704400.0
2010-10-08,4.7653119168347455,4.833327008446708,4.722802281876308,4.786566734313965,566700.0
2010-10-11,4.773810863494873,4.803567753065275,4.752556463603903,4.773810863494873,351300.0
2010-10-12,4.773812377633618,4.837576813736151,4.739804840539662,4.8078203201293945,749000.0
2010-10-13,4.81631986580116,4.863080107218058,4.756806499578311,4.824821949005127,848200.0
2010-10-14,4.8078181879988335,4.858829471017715,4.786563385390556,4.824821949005127,538600.0
2010-10-15,4.875834314703731,4.884335994393856,4.731302111356017,4.739803791046143,774900.0
2010-10-18,4.765310129363677,4.846077919006348,4.744055319857151,4.846077919006348,246900.0
2010-10-19,4.773811943723,4.884336631933242,4.773811943723,4.8035688400268555,450700.0
2010-10-20,4.837576238444801,4.8758348144761925,4.786564938870202,4.846077919006348,700500.0
2010-10-21,4.846080303690593,4.884338898548473,4.761061429229735,4.81207275390625,538900.0
2010-10-22,4.824823458850388,4.850328905640498,4.773811754466633,4.81632137298584,529300.0
2010-10-25,4.833326372518881,4.858832231218487,4.77806401650463,4.79506778717041,477700.0
2010-10-26,4.782315689737737,4.8248253246961745,4.752559188507984,4.786566734313965,319800.0
2010-10-27,4.7823138009791055,4.833325099541338,4.739804182809697,4.820572376251221,589000.0
2010-10-28,4.833325099541338,4.846077822831455,4.778062758081812,4.820572376251221,445500.0
2010-10-29,4.799317567166517,4.846077822831455,4.790815886773693,4.820572376251221,271700.0
2010-11-01,4.837576182245443,4.846077862708224,4.748306307676524,4.81632137298584,581700.0
2010-11-02,4.867787097825098,4.867787097825098,4.812032660950855,4.820610046386719,609100.0
2010-11-03,4.842055334472995,4.846344232769439,4.773434597777305,4.824900150299072,435500.0
2010-11-04,4.8849441778494835,4.923543040842645,4.8249008203958255,4.854922294616699,1060700.0
2010-11-05,4.850631675661506,4.893519418722163,4.829187599625312,4.859209060668945,769000.0
2010-11-08,4.867785915182966,4.893518474250512,4.790587419957027,4.807742595672607,1164900.0
2010-11-09,4.786298782848475,4.807742855906591,4.683367722983528,4.7005228996276855,1130100.0
2010-11-10,4.713390389557682,4.726257082101815,4.696235208510617,4.704813003540039,1196900.0
2010-11-11,4.683369384232891,4.71767974969152,4.67050309943886,4.679080486297607,709900.0
2010-11-12,4.661924839019775,4.6962352010594675,4.6533474530157415,4.661924839019775,958500.0
2010-11-15,4.687657072871826,4.70481225117554,4.666212997739254,4.674790382385254,481800.0
2010-11-16,4.657635718050066,4.670502409956472,4.606170177459717,4.606170177459717,660500.0
2010-11-17,4.619038529946424,4.631904817466602,4.5675725618419,4.6018829345703125,490200.0
2010-11-18,4.666212315419037,4.6790785950125136,4.593302716036579,4.627613067626953,1644400.0
2010-11-19,4.627615267502286,4.627615267502286,4.558994531700619,4.580438613891602,1126200.0
2010-11-22,4.567572172456027,4.589016255836151,4.520395516229251,4.541839599609375,589500.0
2010-11-23,4.507526885620893,4.546126133828813,4.460349844917143,4.473216533660889,1561900.0
2010-11-24,4.507529484047457,4.54612875450645,4.4689302135884645,4.503240585327148,1795900.0
2010-11-26,4.473218625169007,4.520395278919121,4.473218625169007,4.4775071144104,239000.0
2010-11-29,4.460352166788043,4.511818130530714,4.45606367731938,4.498951435089111,907200.0
2010-11-30,4.468929823330882,4.498951293727576,4.391731289154402,4.400309085845947,1478700.0
2010-12-01,4.477505244171901,4.50323821393093,4.417462329753629,4.46892786026001,3327900.0
2010-12-02,4.481795933802857,4.636192996108033,4.473218546459149,4.623326301574707,4868300.0
2010-12-03,4.623323935623244,4.704811323253045,4.550414339959372,4.6833672523498535,1778300.0
2010-12-06,4.661924889077529,4.6747911727276215,4.601881550357459,4.636192321777344,1168700.0
2010-12-07,4.679079279214111,4.696234457517826,4.653346716264396,4.674790382385254,899500.0
2010-12-08,4.691946241047794,4.7948777348074465,4.666213674366711,4.764855861663818,935600.0
2010-12-09,4.799166905977169,4.850632864684443,4.769145437574453,4.837766170501709,926500.0
2010-12-10,4.859208837257429,4.872075118682901,4.8034544057314355,4.863497734069824,678900.0
2010-12-13,4.872076310912378,4.884943004498128,4.8334774571905665,4.842054843902588,663700.0
2010-12-14,4.854920406153676,4.859209303377483,4.812032660950855,4.820610046386719,964600.0
2010-12-15,4.794879164763697,4.880655094300851,4.790590266033865,4.85063362121582,745500.0
2010-12-16,4.867786630882219,4.893519193733162,4.829187377594091,4.863497734069824,393700.0
2010-12-17,4.850632414966741,4.8892312669008255,4.837765721976919,4.846343517303467,1273900.0
2010-12-20,4.876365161128812,4.927830707933519,4.829188512144117,4.910675525665283,706400.0
2010-12-21,4.910674355418841,5.0221832180949715,4.867786614474591,4.975006580352783,820700.0
2010-12-22,4.987872549974913,5.056493258406041,4.957851092289216,5.030760288238525,1128200.0
2010-12-23,5.043626977828126,5.052204361876174,5.005027727082695,5.030760288238525,328600.0
2010-12-27,5.0264722984965235,5.069360041007348,4.996450428826048,5.056493759155273,225600.0
2010-12-28,5.039340690314993,5.073651062294059,5.022185504325461,5.069362163543701,420300.0
2010-12-29,5.095093730932081,5.103671117036948,5.030761494592554,5.035050392150879,240600.0
2010-12-30,5.030761009044246,5.073649162464544,5.030761009044246,5.0522050857543945,405500.0
2010-12-31,5.043627700477382,5.073649162464544,5.030761009044246,5.0522050857543945,444700.0
2011-01-03,5.073651062294059,5.099384045784306,5.04362958906535,5.069362163543701,607200.0
2011-01-04,5.090804888819429,5.090804888819429,4.919253074735826,4.94927453994751,1436800.0
2011-01-05,4.944985627150908,5.039339329112918,4.932119343387111,5.026473045349121,515800.0
2011-01-06,5.0178947928128315,5.039338869805844,4.96642925343665,4.992162227630615,1175200.0
2011-01-07,5.017894041485605,5.116536617279053,4.996449967703405,5.116536617279053,1626500.0
2011-01-10,5.086516445472104,5.099383139436291,5.000740530769978,5.043628692626953,901000.0
2011-01-11,5.073649445386662,5.095093523292598,5.013606109052396,5.065072059631348,973400.0
2011-01-12,5.112248420715332,5.116537317861368,5.069360267278467,5.112248420715332,872900.0
2011-01-13,5.116537766479833,5.14227033358879,5.069360711760444,5.103671073913574,531800.0
2011-01-14,5.125114675951305,5.180869111518737,5.065071752272333,5.1637139320373535,805400.0
2011-01-18,5.137980469107725,5.2023126927964665,5.086514935563754,5.198023796081543,851100.0
2011-01-19,5.180868617646952,5.189446411075827,5.116536802977197,5.120825290679932,905600.0
2011-01-20,5.129404050034312,5.168003309709528,5.095093687881182,5.103671073913574,1080400.0
2011-01-21,5.146558985513218,5.159425268453708,5.120826010620477,5.142270088195801,1157700.0
2011-01-24,5.150847158669293,5.163713439800904,5.103670112833884,5.120825290679932,731500.0
2011-01-25,5.142269357828861,5.168002329066696,5.090803824364895,5.1379804611206055,1205000.0
2011-01-26,5.1251141800075395,5.15513604795363,5.103670105477961,5.1379804611206055,1820800.0
2011-01-27,5.1379814865228655,5.150848179215478,5.073649659106938,5.077938556671143,1628600.0
2011-01-28,5.08222626626515,5.09938144350016,5.0136051483134185,5.022182941436768,933300.0
2011-01-31,5.056494510468576,5.060783408060437,5.0050289664016026,5.026473045349121,726100.0
2011-02-01,5.0436281941810766,5.1208263052778324,5.0436281941810766,5.077938556671143,1310800.0
2011-02-02,5.047659870017114,5.199046576828214,5.047659870017114,5.125515937805176,1401800.0
2011-02-03,5.103889279044801,5.272576878323282,5.077937118581252,5.194721221923828,1491200.0
2011-02-04,5.207697613428763,5.224998917958601,5.160119129095619,5.190396308898926,632700.0
2011-02-07,5.181745995521955,5.224999467644767,5.164444689171966,5.22067403793335,859600.0
2011-02-08,5.233649621829908,5.276902675628662,5.207697459554155,5.276902675628662,728600.0
2011-02-09,5.246625164128303,5.281227769972044,5.2249984323520655,5.268251895904541,572400.0
2011-02-10,5.255276679992676,5.2682529691994215,5.190396883941678,5.255276679992676,1255600.0
2011-02-11,5.224996438711379,5.393684387207031,5.224996438711379,5.393684387207031,935700.0
2011-02-14,5.363410909058774,5.402338958660122,5.33745915098838,5.367736339569092,890000.0
2011-02-15,5.363410392406687,5.393687990566545,5.359085374808751,5.372061252593994,446000.0
2011-02-16,5.372057887665161,5.419636351406184,5.3417807209659145,5.415311336517334,600300.0
2011-02-17,5.410989324768016,5.415314754882711,5.346109110534744,5.40666389465332,454200.0
2011-02-18,5.406664910829141,5.406664910829141,5.34178509689751,5.3634114265441895,702900.0
2011-02-22,5.3201567777344865,5.350433960261601,5.203372652280177,5.229324817657471,963600.0
2011-02-23,5.242299780302668,5.2898782606225865,5.181745013308186,5.186070442199707,663700.0
2011-02-24,5.2076981718373245,5.224999478222338,5.164444699626949,5.181746006011963,799300.0
2011-02-25,5.186070397653957,5.272576912263309,5.186070397653957,5.268251895904541,433300.0
2011-02-28,5.298529776358666,5.307180635215941,5.237975001844703,5.250951290130615,505400.0
2011-03-01,5.246624727259388,5.246624727259388,5.2033712673084835,5.2249979972839355,776200.0
2011-03-02,5.2163490207176135,5.246626203706173,5.181745995521955,5.22067403793335,761000.0
2011-03-03,5.276904870470083,5.38071273775901,5.276904870470083,5.3634114265441895,847400.0
2011-03-04,5.385036366467469,5.385036366467469,5.276903104440027,5.320156574249268,961300.0
2011-03-07,5.359083249678398,5.380709566579371,5.233648714173199,5.272576332092285,448300.0
2011-03-08,5.285554713199509,5.398013008164481,5.237975807160754,5.372061252593994,578700.0
2011-03-09,5.376386682687648,5.389362560472891,5.324482759050957,5.372061252593994,317900.0
2011-03-10,5.32448250512088,5.346108829566331,5.224999680189873,5.242300987243652,547800.0
2011-03-11,5.237974306419568,5.28987821518518,5.212022558284562,5.268251895904541,676200.0
2011-03-14,5.233650579956871,5.259602334487999,5.207698412930043,5.237975597381592,298900.0
2011-03-15,5.138492737698529,5.406663182027619,5.138492737698529,5.3115057945251465,1716500.0
2011-03-16,5.311505532836559,5.428289649812526,5.281228352507521,5.333132266998291,1559900.0
2011-03-17,5.393687305889539,5.398012322938456,5.302855347931648,5.3115057945251465,527500.0
2011-03-18,5.346110075685106,5.359086368371843,5.294206142425537,5.294206142425537,1145200.0
2011-03-21,5.3374566645527635,5.35908339453386,5.302854061581235,5.341782093048096,547200.0
2011-03-22,5.324482003729323,5.359084614578451,5.320156574249268,5.320156574249268,231100.0
2011-03-23,5.302855347931648,5.33313252975239,5.263927307021743,5.3115057945251465,561200.0
2011-03-24,5.33313252975239,5.3504338354350525,5.276903183159823,5.3115057945251465,666600.0
2011-03-25,5.333132489940715,5.398012282642455,5.294204449321406,5.315831184387207,544500.0
2011-03-28,5.315831184387207,5.350433795494223,5.2985298788336985,5.315831184387207,398900.0
2011-03-29,5.324481820830985,5.346108142497073,5.32015639149951,5.333132266998291,306900.0
2011-03-30,5.354756367362231,5.406660256323484,5.324479201925361,5.393684387207031,429600.0
2011-03-31,5.3763855401579015,5.445590756966765,5.333132073404546,5.423964023590088,575200.0
2011-04-01,5.445591285065741,5.445591285065741,5.367735202357678,5.380711078643799,603400.0
2011-04-04,5.4196402682056375,5.436941577751153,5.350435030023577,5.367736339569092,550600.0
2011-04-05,5.359085163129297,5.385036917674711,5.328807566165379,5.350434303283691,449500.0
2011-04-06,5.359084676648172,5.402337734462717,5.315831206337964,5.38936185836792,518000.0
2011-04-07,5.402338438258134,5.415314728539095,5.363410392406687,5.372061252593994,380100.0
2011-04-08,5.372060530560024,5.380710977088946,5.3028553083459915,5.315831184387207,562400.0
2011-04-11,5.302855347931648,5.3504338354350525,5.302855347931648,5.3115057945251465,342900.0
2011-04-12,5.298531242081167,5.328808431465842,5.285555362701416,5.285555362701416,395600.0
2011-04-13,5.298529408775852,5.320156141923042,5.263926800738599,5.276902675628662,553800.0
2011-04-14,5.242300493590898,5.324482003729323,5.242300493590898,5.320156574249268,480000.0
2011-04-15,5.294205134802708,5.346109058183631,5.2639279492877655,5.337458610534668,525300.0
2011-04-18,5.2985311368047805,5.311507015926715,5.2552776564039885,5.289880275726318,475200.0
2011-04-19,5.311504024011971,5.33745618013302,5.263925552368164,5.263925552368164,430700.0
2011-04-20,5.315830962168034,5.354759001160024,5.302855086669253,5.333132266998291,457900.0
2011-04-21,5.367735796049611,5.367735796049611,5.311506442596349,5.337458610534668,262700.0
2011-04-25,5.320155619155655,5.385035399726403,5.320155619155655,5.359083652496338,418900.0
2011-04-26,5.376387223447689,5.480195081162123,5.359085913828617,5.402338981628418,749900.0
2011-04-27,5.285554204866434,5.410988778048818,5.285554204866434,5.3763861656188965,1773300.0
2011-04-28,5.376386708841892,5.410989324768016,5.315831924723316,5.40666389465332,368900.0
2011-04-29,5.406662973010714,5.449916441793059,5.367734933605732,5.44126558303833,481000.0
2011-05-02,5.454241024359028,5.454241024359028,5.3720599352113485,5.398011684417725,618800.0
2011-05-03,5.415468872326319,5.47219825039319,5.363103388610101,5.402377605438232,726100.0
2011-05-04,5.393650896101945,5.419833851281663,5.350013192354355,5.367468357086182,602000.0
2011-05-05,5.367466266361605,5.432923004568391,5.310736899039287,5.341283321380615,1200000.0
2011-05-06,5.389285678007717,5.419832102390594,5.323828519262354,5.336919784545898,578600.0
2011-05-09,5.32382828310523,5.36746638699975,5.25837154342725,5.34564733505249,1193500.0
2011-05-10,5.38055854984884,5.415468872326319,5.350012121722014,5.402377605438232,313700.0
2011-05-11,5.406740475751193,5.406740475751193,5.319464269923755,5.341283321380615,603300.0
2011-05-12,5.319464394842996,5.39364892184015,5.293281865410943,5.384921550750732,366000.0
2011-05-13,5.393648731068832,5.419831675738606,5.280190413936577,5.319464206695557,505300.0
2011-05-16,5.280191124711395,5.3674669250859965,5.280191124711395,5.328192710876465,875200.0
2011-05-17,5.323826634139682,5.384919877436648,5.288916328302465,5.376192092895508,828700.0
2011-05-18,5.371830286034706,5.389285444377342,5.341283446812241,5.384921550750732,445200.0
2011-05-19,5.428557865210088,5.432921757732721,5.36310114202538,5.406739234924316,518500.0
2011-05-20,5.37183022321683,5.4154679104812224,5.3543750650783135,5.363102436065674,485400.0
2011-05-23,5.319464389483017,5.398012810027634,5.315100912024606,5.34564733505249,471600.0
2011-05-24,5.345648471797854,5.376194901321397,5.280191718200579,5.293282985687256,550200.0
2011-05-25,5.2714622738624195,5.354374579626008,5.2714622738624195,5.323827743530273,363100.0
2011-05-26,5.306373360163021,5.367466625092596,5.267099148148567,5.336919784545898,522300.0
2011-05-27,5.350013192354355,5.384923521818009,5.341285401906465,5.367468357086182,322300.0
2011-05-31,5.40674137975792,5.480925917416615,5.323829053591678,5.476562023162842,835600.0
2011-06-01,5.459104578340309,5.459104578340309,5.258370104452188,5.267097473144531,710200.0
2011-06-02,5.280190413936577,5.354374938309851,5.258371362739062,5.319464206695557,513000.0
2011-06-03,5.293280228527619,5.310735381472458,5.2583699226379395,5.2583699226379395,477400.0
2011-06-06,5.262735424090171,5.302009218101968,5.236552478585173,5.2452802658081055,563100.0
2011-06-07,5.288916336250491,5.315099273749587,5.254006030360811,5.2583699226379395,316400.0
2011-06-08,5.232188352315974,5.306372875756966,5.227824458898555,5.275826454162598,533700.0
2011-06-09,5.280189568075996,5.280189568075996,5.2409153654447636,5.262734413146973,556400.0
2011-06-10,5.232189237913959,5.271463452990701,5.192915022837218,5.214734077453613,442100.0
2011-06-13,5.245278644350843,5.24964212044964,5.1972766617910215,5.219095706939697,530100.0
2011-06-14,5.236550654388188,5.306371263193846,5.223459394278041,5.288916110992432,511200.0
2011-06-15,5.258370507219445,5.280189554867071,5.210368519161923,5.2234601974487305,547100.0
2011-06-16,5.232186951275245,5.341281760515331,5.227823059026361,5.315099239349365,613700.0
2011-06-17,5.3369195478080655,5.376193758080373,5.310737018402394,5.34564733505249,696100.0
2011-06-20,5.323828226213062,5.411104016905644,5.297645697087186,5.363102436065674,368900.0
2011-06-21,5.3892843689160825,5.3980117382639055,5.328191118826449,5.380556583404541,421400.0
2011-06-22,5.345645652764215,5.363100805596082,5.315099239349365,5.315099239349365,269500.0
2011-06-23,5.2714619636535645,5.315100060557358,5.236551652596023,5.2714619636535645,549700.0
2011-06-24,5.275825093042008,5.3325544443413895,5.262733832330974,5.297644138336182,1827500.0
2011-06-27,5.29764557166183,5.358738415618324,5.2889177847173094,5.319464206695557,374900.0
2011-06-28,5.450378360415373,5.520198994681618,5.398012884715689,5.467833518981934,3571700.0
2011-06-29,5.489653589745462,5.489653589745462,5.415469048032911,5.450379371643066,1249700.0
2011-06-30,5.45473947330796,5.498377555559862,5.411101391056058,5.489649772644043,1138100.0
2011-07-01,5.4983797303323225,5.642384876092876,5.467832894208372,5.5987467765808105,12752600.0
2011-07-05,5.603109957620927,5.6205651119744875,5.542016709301614,5.607473850250244,1353900.0
2011-07-06,5.6031100453471945,5.742751282361996,5.524561641444512,5.690385818481445,1581300.0
2011-07-07,5.725297157806207,5.8300281044100535,5.703478106556125,5.7514801025390625,1432500.0
2011-07-08,5.677297176996294,5.729662665046943,5.6511142248890165,5.659842014312744,662200.0
2011-07-11,5.624928639493354,5.633656008021793,5.576926656014062,5.594381809234619,670600.0
2011-07-12,5.563837177109154,5.672932023719138,5.520199071999635,5.629293918609619,582300.0
2011-07-13,5.646750330177153,5.699116234391707,5.629295167493603,5.659842014312744,627100.0
2011-07-14,5.651111528052291,5.655475420681608,5.5987460649916105,5.607473850250244,654200.0
2011-07-15,5.611837549181977,5.642384382634433,5.537653036197576,5.55947208404541,621800.0
2011-07-18,5.520199717208987,5.537654878060218,5.446015179550292,5.476562023162842,739500.0
2011-07-19,5.5114699102218445,5.53765243185086,5.4547405584740725,5.533288955688477,713000.0
2011-07-20,5.550746440887451,5.5638377072020475,5.485289276986762,5.550746440887451,516300.0
2011-07-21,5.57256442543878,5.611838216840946,5.533290217872842,5.585655689239502,439400.0
2011-07-22,5.594383180163046,5.607474860409398,5.524562550170961,5.590019702911377,639100.0
2011-07-25,5.524563491502403,5.59438413339124,5.4634706379315965,5.511472225189209,825100.0
2011-07-26,5.494016695932992,5.533290908400158,5.358738899230957,5.358738899230957,795900.0
2011-07-27,5.345647205931381,5.345647205931381,5.271462680800862,5.280190467834473,964700.0
2011-07-28,5.302009162769089,5.33255600156676,5.280190527267062,5.2845540046691895,570500.0
2011-07-29,5.254007593658997,5.454742120333834,5.254007593658997,5.363102436065674,825200.0
2011-08-01,5.415468572542341,5.432923732814816,5.288918556525939,5.350011825561523,1010600.0
2011-08-02,5.332398026380268,5.402851203929458,5.332398026380268,5.394044399261475,1044700.0
2011-08-03,5.394044210285191,5.438077392219321,5.2795582732016895,5.389640808105469,780600.0
2011-08-04,5.345609826436919,5.389642603104445,5.24433364223141,5.253140449523926,956700.0
2011-08-05,5.275154744348667,5.367624088244619,5.147459023723926,5.217912197113037,1476100.0
2011-08-08,5.112232686195374,5.257541596298727,4.848034858703613,4.848034858703613,1746300.0
2011-08-09,4.940504814529647,5.1078303359410935,4.7907924837966895,5.103426933288574,2395300.0
2011-08-10,5.002150347971872,5.09021671383168,4.804001864650414,4.852438449859619,2375200.0
2011-08-11,4.878857277527476,5.125442308346818,4.8480343061493665,5.07260274887085,1257800.0
2011-08-12,5.099024307715437,5.160670694450711,5.024168130941052,5.050588130950928,824100.0
2011-08-15,5.090216073193846,5.200298596732428,5.090216073193846,5.195895195007324,553700.0
2011-08-16,5.147456193727607,5.156262993033722,5.0461805212951125,5.077003479003906,884500.0
2011-08-17,5.090216512934682,5.125442889915694,5.019763339041121,5.063796520233154,941400.0
2011-08-18,4.984537158786221,4.993343963344824,4.839228243021715,4.852438449859619,1126900.0
2011-08-19,4.799598152236741,4.980133854638475,4.737952204036101,4.821614742279053,1041800.0
2011-08-22,4.931696777087991,5.032972913135138,4.729144924925181,4.7731781005859375,598500.0
2011-08-23,4.768776089969341,4.993344595463691,4.7555663013907346,4.988941192626953,1084000.0
2011-08-24,4.9889414116200275,5.1518635443464476,4.927295028994506,5.138653755187988,885600.0
2011-08-25,5.160669527045896,5.2707520656437,5.00215040270886,5.0461835861206055,960800.0
2011-08-26,5.024165536451876,5.187087595906478,4.966922582600566,5.1650710105896,860200.0
2011-08-29,5.204700333208469,5.323589631750868,5.204700333208469,5.283959865570068,623500.0
2011-08-30,5.235525165284446,5.283961326266542,5.1430558252775205,5.248734951019287,728200.0
2011-08-31,5.257541334865342,5.327994505291371,5.165071994858417,5.248734951019287,1094800.0
2011-09-01,5.235525424490124,5.305978178472682,5.094619496593472,5.112232685089111,814800.0
2011-09-02,5.024166262195646,5.116635597938637,4.944906711578369,4.944906711578369,1004100.0
2011-09-06,4.834825523921213,5.116637010644187,4.834825523921213,5.099023818969727,1457000.0
2011-09-07,5.173877799426441,5.283960305797216,5.010955740389465,5.270750522613525,1216900.0
2011-09-08,5.235526179400315,5.305978943541452,5.217912988365031,5.275155544281006,1311800.0
2011-09-09,5.226718581329466,5.301574736861025,5.16507221208832,5.217912197113037,1236700.0
2011-09-12,5.143053631823795,5.367621573266504,5.138650231813009,5.3588151931762695,980900.0
2011-09-13,5.367623109782029,5.442479251668081,5.32359035686353,5.4204630851745605,937500.0
2011-09-14,5.4512892226606615,5.468902418051661,5.350013034213637,5.416062831878662,1189200.0
2011-09-15,5.455691263743974,5.526144027709961,5.372028291585666,5.526144027709961,677100.0
2011-09-16,5.565772951241599,5.565772951241599,5.398447452746558,5.517336368560791,1922900.0
2011-09-19,5.420465250600644,5.4909180193606435,5.354415464939426,5.4028520584106445,648000.0
2011-09-20,5.416059677408622,5.499722201805468,5.336800134346327,5.350009918212891,760300.0
2011-09-21,5.358819126040992,5.394045512117431,5.156267196135643,5.1694769859313965,993400.0
2011-09-22,5.041780841044828,5.178283391470603,5.041780841044828,5.099023818969727,1161100.0
2011-09-23,5.085813487808998,5.15186284456134,5.054990090717212,5.121039867401123,813600.0
2011-09-26,5.169476814928802,5.244332987847958,5.094620642009645,5.200300216674805,1309800.0
2011-09-27,5.30157662983771,5.385239199458187,5.209107252924715,5.253140449523926,973200.0
2011-09-28,5.235525811041314,5.345608352249597,5.116636464969215,5.121039867401123,868800.0
2011-09-29,5.222313252646529,5.4688982187097785,5.138650743763204,5.336799144744873,1168600.0
2011-09-30,5.275153852469638,5.37202658206114,5.173878141480109,5.244330883026123,927400.0
2011-10-03,5.191492572125137,5.3323980890154985,5.024167060852051,5.024167060852051,784300.0
2011-10-04,4.988940062000277,5.336800828567527,4.988940062000277,5.319187641143799,1099500.0
2011-10-05,5.314783096313477,5.367622647221042,5.209103994498347,5.314783096313477,624500.0
2011-10-06,5.2927677025737685,5.438076593715706,5.279557497974332,5.429269790649414,900100.0
2011-10-07,5.429272396057398,5.429272396057398,5.24433364223141,5.253140449523926,694600.0
2011-10-10,5.314784151762615,5.424866676330566,5.305977768161561,5.424866676330566,641200.0
2011-10-11,5.380834262407561,5.482109989916542,5.3412044838409045,5.468900203704834,745600.0
2011-10-12,5.490915775299072,5.543755330274275,5.4688991890765415,5.490915775299072,880700.0
2011-10-13,5.451286054210655,5.477705621975463,5.3500099246283375,5.4204630851745605,427300.0
2011-10-14,5.455690482636931,5.5393530228854315,5.319187957047596,5.446883678436279,591300.0
2011-10-17,5.39404420891211,5.482110152826407,5.275154869679151,5.292768478393555,541700.0
2011-10-18,5.301574554748822,5.526143013629439,5.226718401788617,5.477706432342529,788700.0
2011-10-19,5.464499014220985,5.534951795784984,5.394046232656987,5.416062831878662,555800.0
2011-10-20,5.402848891693016,5.433671854976654,5.235523453994986,5.336799144744873,863900.0
2011-10-21,5.451287082071196,5.561369615021103,5.367624121867606,5.495319843292236,620800.0
2011-10-24,5.4953178215282295,5.565770969438479,5.429268494030887,5.539350986480713,680700.0
2011-10-25,5.460092781491388,5.534948928102752,5.341203879181948,5.345607280731201,769600.0
2011-10-26,5.424866389116269,5.477705947719565,5.363220447378164,5.429269790649414,860900.0
2011-10-27,5.565771309702732,5.693466991953969,5.341202910592534,5.618610858917236,1372200.0
2011-10-28,5.600999864464457,5.653839434326287,5.526143702177305,5.6142096519470215,671100.0
2011-10-31,5.53494852781268,5.61420807024121,5.477705571606681,5.490915775299072,572800.0
2011-11-01,5.330985941929539,5.4464907390185,5.282118723315916,5.304330825805664,732000.0
2011-11-02,5.384295473112971,5.468702983432703,5.362082948098901,5.433162689208984,502300.0
2011-11-03,5.499800449910294,5.526455141892031,5.3754108987685765,5.464260578155518,679500.0
2011-11-04,5.428722153782269,5.468704626083513,5.379854499339059,5.442049503326416,383700.0
2011-11-07,5.43316347032931,5.464261179287365,5.339871614461358,5.446491241455078,277700.0
2011-11-08,5.459820456167845,5.535342823700858,5.375413328514474,5.51757287979126,433800.0
2011-11-09,5.397623708823139,5.455376113916704,5.282119322304754,5.286561489105225,554100.0
2011-11-10,5.362083863756372,5.379853802068381,5.28656152001315,5.357641696929932,515400.0
2011-11-11,5.415393085815827,5.482030664941947,5.393180983109156,5.473145484924316,417100.0
2011-11-14,5.468703458044366,5.504243331683802,5.339871310184231,5.38429594039917,458500.0
2011-11-15,5.348756371543133,5.464261179287365,5.348756371543133,5.446491241455078,440900.0
2011-11-16,5.384297249881583,5.464262196852463,5.3176600765183935,5.3531999588012695,1023200.0
2011-11-17,5.362083435058594,5.437605772763817,5.330986151415988,5.362083435058594,417100.0
2011-11-18,5.353199106434743,5.419836269187588,5.344313925444364,5.357641696929932,400500.0
2011-11-21,5.299890095019886,5.326544794694668,5.233252498495306,5.255465030670166,382100.0
2011-11-22,5.246581020756411,5.299890851382789,5.166616062982406,5.171058654785156,411100.0
2011-11-23,5.1444021769883586,5.153287358261077,5.0422251343646645,5.0555524826049805,381900.0
2011-11-25,5.0555520319694995,5.162171655725826,5.0555520319694995,5.082206726074219,350500.0
2011-11-28,5.18438524618934,5.2288103103637695,5.108862891294096,5.2288103103637695,679400.0
2011-11-29,5.219923807921176,5.308773490130774,5.135516715739233,5.282118797302246,716900.0
2011-11-30,5.446493104152867,5.526457639911618,5.335430848800658,5.51757287979126,1032800.0
2011-12-01,5.486474796931677,5.5308994384993255,5.406509848973562,5.428722381591797,473500.0
2011-12-02,5.495359320040224,5.530899201237297,5.455376847776316,5.490916728973389,361600.0
2011-12-05,5.539782817005723,5.553110162769138,5.464260484898568,5.508685111999512,703000.0
2011-12-06,5.504242824311472,5.557552629856614,5.4687029539480445,5.526454925537109,382100.0
2011-12-07,5.513127652907597,5.522012832450183,5.37096816957567,5.504242897033691,443700.0
2011-12-08,5.477587614736649,5.477587614736649,5.3309855461120605,5.3309855461120605,371400.0
2011-12-09,5.357643384604876,5.539785415595478,5.3398734406952775,5.51757287979126,370000.0
2011-12-12,5.455376847776316,5.499801911107059,5.384297085382171,5.490916728973389,419800.0
2011-12-13,5.544225090642121,5.588650142273084,5.366525731455653,5.393180847167969,596800.0
2011-12-14,5.339870725383207,5.428720399751342,5.322100366840914,5.3309855461120605,456500.0
2011-12-15,5.402065174841112,5.446490222948609,5.362082716278096,5.397622585296631,452900.0
2011-12-16,5.437607167872352,5.5264568751247465,5.3798547522410916,5.406509876251221,1962700.0
2011-12-19,5.442046390100591,5.499798769978621,5.330984218874049,5.3354268074035645,968800.0
2011-12-20,5.4331626599159435,5.535340104962303,5.42872049387202,5.526454925537109,508000.0
2011-12-21,5.526456778879961,5.584209193505448,5.433164481972454,5.5708818435668945,809000.0
2011-12-22,5.566440075152058,5.628635090173183,5.517572835708311,5.588652610778809,533500.0
2011-12-23,5.615307738264684,5.6241924983140565,5.561997906961811,5.588652610778809,200000.0
2011-12-27,5.561993890959435,5.624188437404503,5.517568851782753,5.601975917816162,341600.0
2011-12-28,5.6064225993392505,5.6064225993392505,5.513130287896639,5.51757287979126,333200.0
2011-12-29,5.526455317851991,5.615305423736572,5.50424321504955,5.615305423736572,341900.0
2011-12-30,5.588649910507445,5.664172240946898,5.526454925537109,5.526454925537109,334700.0
2012-01-03,5.6241910340466115,5.637518382485313,5.575323807325527,5.61086368560791,524400.0
2012-01-04,5.566439544099945,5.637519312389256,5.53534225139058,5.633077144622803,451500.0
2012-01-05,5.597536560846448,5.664173729371541,5.539784150412602,5.646403789520264,518800.0
2012-01-06,5.655290358304289,5.66417554290915,5.575325815205144,5.641963005065918,364500.0
2012-01-09,5.664174437332167,5.664174437332167,5.584209486172273,5.633077144622803,297600.0
2012-01-10,5.681944020845977,5.695271370641992,5.637518956634177,5.6641740798950195,335600.0
2012-01-11,5.6597288846689295,5.686383995665614,5.584206564458376,5.677498817443848,344000.0
2012-01-12,5.673058284063149,5.686385631561279,5.579766004238761,5.686385631561279,312500.0
2012-01-13,5.619748667908956,5.673058911131572,5.606421318937694,5.646403789520264,253100.0
2012-01-17,5.686386775422385,5.686386775422385,5.566439352804636,5.575324535369873,514800.0
2012-01-18,5.579766273514902,5.628633499145508,5.517571276074237,5.628633499145508,539000.0
2012-01-19,5.637518662386392,5.704156255225971,5.522014264068275,5.553111553192139,766900.0
2012-01-20,5.539784394723321,5.681943919802931,5.535341803647382,5.659731388092041,437700.0
2012-01-23,5.668615233066099,5.686385169509274,5.5797655508502215,5.615305423736572,213400.0
2012-01-24,5.584207963216338,5.606420490666035,5.544225498540629,5.579765796661377,388500.0
2012-01-25,5.566438025990325,5.610863080889718,5.4998008673099585,5.579765796661377,640600.0
2012-01-26,5.597538423852324,5.597538423852324,5.49536091794857,5.5220160484313965,590000.0
2012-01-27,5.522015427567437,5.6241924983140565,5.522015427567437,5.588652610778809,736500.0
2012-01-30,5.544228162886671,5.570883293369497,5.50868827135552,5.5220160484313965,468000.0
2012-01-31,5.5623851170295024,5.580328278266422,5.504070163858546,5.526498794555664,416500.0
2012-02-01,5.55790052529866,5.625187283613666,5.508556503255464,5.598272323608398,657600.0
2012-02-02,5.584816146250616,5.66556061420857,5.5623870798402,5.638645648956299,412600.0
2012-02-03,5.732848379004938,5.79564969027628,5.679018866971903,5.750791549682617,424700.0
2012-02-06,5.741817654311393,5.741817654311393,5.647615942712111,5.661073207855225,270700.0
2012-02-07,5.647617446640009,5.710418319230542,5.634160177913303,5.638645648956299,242500.0
2012-02-08,5.656587017964794,5.732845562833838,5.6341583864846125,5.714902400970459,306100.0
2012-02-09,5.723877274553658,5.755277717754524,5.665561860181369,5.670047760009766,239400.0
2012-02-10,5.611728992846688,5.67901573887559,5.611728992846688,5.620700359344482,361200.0
2012-02-13,5.687990931524396,5.7014482032106315,5.634161416980503,5.670047760009766,242600.0
2012-02-14,5.647615502016354,5.661072766109367,5.571356959158092,5.625186443328857,217100.0
2012-02-15,5.629673149147006,5.696959907074356,5.562385963420882,5.58481502532959,368700.0
2012-02-16,5.607243213156736,5.65658679942498,5.562385096331999,5.647615432739258,768800.0
2012-02-17,5.683502010725242,5.732845599212976,5.625186627349523,5.67901611328125,268400.0
2012-02-21,5.670044642762907,5.719388230350549,5.625186524738709,5.687987804412842,441200.0
2012-02-22,5.665559885625408,5.7014462161475965,5.445756004227296,5.607244491577148,273200.0
2012-02-23,5.611728474130574,5.732844691347046,5.598270783929787,5.728359222412109,267400.0
2012-02-24,5.723877274553658,5.741820446068289,5.665561860181369,5.670047760009766,151800.0
2012-02-27,5.634159509735957,5.777704833260834,5.598272751055928,5.71938943862915,274200.0
2012-02-28,5.719386061675286,5.777701421875253,5.696957011167829,5.705928802490234,413600.0
2012-02-29,5.714902696226422,5.773218082244905,5.638644147417539,5.661073207855225,818500.0
2012-03-01,5.683503050886502,5.714903483143717,5.607244491577148,5.607244491577148,456700.0
2012-03-02,5.620701361379189,5.647616321268253,5.517528275368455,5.535471439361572,475700.0
2012-03-05,5.517528299190146,5.6162159154777616,5.517528299190146,5.598272323608398,416700.0
2012-03-06,5.544442848084456,5.584815074314484,5.490613355710678,5.499585151672363,290800.0
2012-03-07,5.535469344278701,5.553412501480633,5.4950971336247,5.5309834480285645,183800.0
2012-03-08,5.55341648913233,5.58033103036201,5.459214739230611,5.5220160484313965,213700.0
2012-03-09,5.530984555373047,5.647615314435262,5.517527291727006,5.620700359344482,241700.0
2012-03-12,5.62967383088348,5.62967383088348,5.517528935558306,5.5399580001831055,392100.0
2012-03-13,5.589299901408032,5.665558441276417,5.544441785791795,5.656586647033691,694000.0
2012-03-14,5.6521020654814205,5.679016596839647,5.593786677140248,5.629673004150391,269400.0
2012-03-15,5.643130878556857,5.732846705759905,5.611730445985493,5.71938943862915,236300.0
2012-03-16,5.73733260406976,5.741818502379615,5.679017209438077,5.71938943862915,643400.0
2012-03-19,5.705930492685085,5.800132190481726,5.67004417236243,5.786674499511719,645800.0
2012-03-20,5.750789785418708,5.804619280937588,5.7238752515586695,5.791162014007568,330200.0
2012-03-21,5.746302453189344,5.8001319312676305,5.737330659610298,5.755273818969727,220000.0
2012-03-22,5.701445579528809,5.723874640550467,5.647616089756082,5.701445579528809,225100.0
2012-03-23,5.683502090174331,5.746303371871934,5.665558927946263,5.741817474365234,460100.0
2012-03-26,5.777703354402423,5.8315328369460815,5.755274296392891,5.804617881774902,308300.0
2012-03-27,5.813588901488295,5.822560266817532,5.759759426116943,5.759759426116943,232800.0
2012-03-28,5.759760678623547,5.844990592879127,5.755274781084112,5.840505123138428,273200.0
2012-03-29,5.791162319248462,5.831534549965264,5.696960590175531,5.737332820892334,446600.0
2012-03-30,5.7866772462853024,5.8674217192377585,5.696961402893066,5.696961402893066,442900.0
2012-04-02,5.69247382027181,5.813590493881241,5.656587493527999,5.800133228302002,430300.0
2012-04-03,5.782189251564069,5.8315328369460815,5.723873871858764,5.804617881774902,346300.0
2012-04-04,5.741815112182744,5.755272371367796,5.674527960660371,5.705928802490234,259900.0
2012-04-05,5.674529704446038,5.68350149852548,5.652101074844808,5.665558338165283,285600.0
2012-04-09,5.61173001751042,5.656587713787499,5.575843689369247,5.598272323608398,266200.0
2012-04-10,5.598272044647038,5.6341587987987545,5.495098963331962,5.50407075881958,384100.0
2012-04-11,5.562384979813375,5.620700359344482,5.522013188875253,5.620700359344482,375500.0
2012-04-12,5.611729110398951,5.665558593909411,5.589300051986583,5.647615432739258,222200.0
2012-04-13,5.611730034400762,5.611730034400762,5.495099253691521,5.499585151672363,287200.0
2012-04-16,5.508557565618888,5.6027593021066195,5.490614398087837,5.575844764709473,223900.0
2012-04-17,5.625185497049704,5.70592992362223,5.589299180306057,5.674529075622559,361600.0
2012-04-18,5.638644549716912,5.652102243618935,5.553414627331319,5.598272323608398,201800.0
2012-04-19,5.580326080322266,5.611726920967938,5.513039359135971,5.580326080322266,441100.0
2012-04-20,5.692473002521631,5.692473002521631,5.5264986582248,5.620700359344482,297700.0
2012-04-23,5.535471220381686,5.584814812461064,5.495098996044577,5.517528057098389,311300.0
2012-04-24,5.5309855414135995,5.562385971451862,5.4681842535383,5.535471439361572,504900.0
2012-04-25,5.58930269907414,5.602759969375426,5.517530020402066,5.544444561004639,460900.0
2012-04-26,5.513041461939019,5.553413681169121,5.490612403722439,5.5489277839660645,242100.0
2012-04-27,5.535471143375756,5.60724379551049,5.517527980342073,5.589300632476807,236400.0
2012-04-30,5.607243234021155,5.6251863952580745,5.5130415305776515,5.526498794555664,321700.0
2012-05-01,5.508378095802303,5.594446746552858,5.490258448066367,5.503848075866699,436300.0
2012-05-02,5.485730192870437,5.53555956417905,5.454020907133406,5.512909889221191,348000.0
2012-05-03,5.494791451856864,5.535560789403449,5.38607350640378,5.444962501525879,1014900.0
2012-05-04,5.422310810065666,5.485729372050523,5.3815414876430845,5.449490070343018,586900.0
2012-05-07,5.4494884298710495,5.5174374241226944,5.43589880382329,5.490257740020752,525100.0
2012-05-08,5.463080453473416,5.526499019184452,5.444960801555037,5.485729694366455,560700.0
2012-05-09,5.444960320073288,5.490259229860296,5.413250608015187,5.431370258331299,453700.0
2012-05-10,5.458548468573838,5.521967011467666,5.43589880382329,5.490257740020752,300000.0
2012-05-11,5.435902118682861,5.481201475807893,5.4132524401203455,5.435902118682861,451300.0
2012-05-14,5.399661448841072,5.435900752631422,5.372481754995021,5.377011775970459,540600.0
2012-05-15,5.367953848828266,5.4630821591013925,5.367953848828266,5.444962501525879,632500.0
2012-05-16,5.449490774682933,5.485730081074323,5.408721446990967,5.408721446990967,262600.0
2012-05-17,5.440432447539075,5.481201784848922,5.38154345275893,5.390603065490723,416400.0
2012-05-18,5.377012963223287,5.422312318966681,5.327184017510891,5.336243629455566,394800.0
2012-05-21,5.345303829258461,5.408722410740284,5.327184172834128,5.354363441467285,525000.0
2012-05-22,5.363422048249603,5.3906013095985355,5.268293769515203,5.3000030517578125,331100.0
2012-05-23,5.268297124658851,5.295476403317054,5.177698809120099,5.2728271484375,633000.0
2012-05-24,5.277353606073047,5.313592910766602,5.200344975597595,5.313592910766602,383500.0
2012-05-25,5.322651453069881,5.340771100310711,5.28641215858822,5.318121433258057,292700.0
2012-05-29,5.3679533512786115,5.372482941247613,5.295474295687845,5.336243629455566,167500.0
2012-05-30,5.290947618637138,5.304537260039231,5.2275285720825195,5.2275285720825195,252300.0
2012-05-31,5.222995305974508,5.22752532763263,5.182225975064696,5.1958160400390625,422900.0
2012-06-01,5.105215597782714,5.150514499097203,5.04179661753468,5.046326637268066,327800.0
2012-06-04,5.046328453268179,5.082567760163634,4.996499082281968,5.078037738800049,463100.0
2012-06-05,5.087099018396698,5.150518042272326,5.0508596996125545,5.118808746337891,657900.0
2012-06-06,5.132396629293659,5.195815631500909,5.1142769760925315,5.191285610198975,379300.0
2012-06-07,5.250173763314529,5.250173763314529,5.173165141349959,5.182224750518799,368100.0
2012-06-08,5.164107322270404,5.27282570312337,5.145987664129364,5.245645999908447,217100.0
2012-06-11,5.300003099679202,5.309063141548479,5.014618260895617,5.023678302764893,1039400.0
2012-06-12,5.046328833972406,5.123337474936573,5.037268790561728,5.109747409820557,321300.0
2012-06-13,5.087097418064369,5.164106054256481,5.019148824721502,5.073507785797119,319400.0
2012-06-14,5.068979761676777,5.132398790590318,5.068979761676777,5.1233391761779785,239900.0
2012-06-15,5.109745185509642,5.1323948521701155,5.037266597801294,5.046326637268066,1090200.0
2012-06-18,5.019150954921655,5.064450324380354,5.019150954921655,5.032740592956543,411100.0
2012-06-19,5.046329082456537,5.132397339062784,5.028209426749608,5.096158027648926,441300.0
2012-06-20,5.078039808095908,5.182227749875163,5.078039808095908,5.1233391761779785,379100.0
2012-06-21,5.145983939580485,5.150513958838699,5.073505359474711,5.132394313812256,581000.0
2012-06-22,5.168634607338119,5.227523573108758,5.136925330387198,5.213933944702148,553200.0
2012-06-25,5.164104708223379,5.182224357192332,5.132395430529337,5.150515079498291,323100.0
2012-06-26,5.145986351870352,5.191285701674695,5.136926741113453,5.159576416015625,284900.0
2012-06-27,5.1595768185167525,5.236585459987649,5.141457163582816,5.218465805053711,268000.0
2012-06-28,5.182224750518799,5.209404442038399,5.105216560560771,5.182224750518799,283600.0
2012-06-29,5.281885706594428,5.304535388946533,5.218467114416647,5.304535388946533,410200.0
2012-07-02,5.300003147414321,5.377011775970459,5.2864135164945845,5.377011775970459,307000.0
2012-07-03,5.395131815095848,5.422311510892695,5.372482140599577,5.408721446990967,191400.0
2012-07-05,5.377010212148941,5.413249505399645,5.363420585181541,5.386070251464844,535300.0
2012-07-06,5.327184275214437,5.417782559077263,5.327184275214437,5.404192924499512,231100.0
2012-07-09,5.44495921099885,5.44495921099885,5.377010212148941,5.386070251464844,412700.0
2012-07-10,5.43137201923291,5.43137201923291,5.272825135566186,5.358893394470215,688400.0
2012-07-11,5.354359971269401,5.377009635122085,5.336240326588536,5.363420009613037,344800.0
2012-07-12,5.336243629455566,5.363423329302938,5.286414683743171,5.336243629455566,250900.0
2012-07-13,5.336242137941127,5.404191152564027,5.277353164737235,5.3951311111450195,639700.0
2012-07-16,5.36342359990751,5.390602869119503,5.304534607272599,5.349833965301514,546800.0
2012-07-17,5.386070251464844,5.4087194857416945,5.290941998680134,5.386070251464844,386100.0
2012-07-18,5.377013275717948,5.422312634093995,5.358893618768869,5.372483253479004,654500.0
2012-07-19,5.3724826944514135,5.386072759754147,5.281884419133118,5.295474052429199,452200.0
2012-07-20,5.254704612406225,5.268294244305418,5.18675558889704,5.191285610198975,554300.0
2012-07-23,5.1233391761779785,5.177698158672389,5.082569831305473,5.1233391761779785,316300.0
2012-07-24,5.145985561557272,5.186754883718565,5.100686650716487,5.177695274353027,538400.0
2012-07-25,5.204875626679518,5.254705000669401,5.1867559721395535,5.222995281219482,414100.0
2012-07-26,5.281883043415278,5.281883043415278,5.145985449830359,5.182224750518799,804800.0
2012-07-27,5.191287865668153,5.331715562993748,5.1142791981036,5.277356147766113,575900.0
2012-07-30,5.281882138776396,5.327181472881705,5.245642844294736,5.318121433258057,400600.0
2012-07-31,5.308970722012649,5.359314251109754,5.281510337480044,5.331853866577148,327600.0
2012-08-01,5.34100727734809,5.363890857539848,5.290663750100613,5.322700500488281,452100.0
2012-08-02,5.2998175621032715,5.322701145066226,5.272357611722159,5.2998175621032715,371000.0
2012-08-03,5.341006350816527,5.464576964066816,5.341006350816527,5.423387050628662,622700.0
2012-08-06,5.409657909377883,5.460001876145099,5.3913511314083555,5.427964687347412,432900.0
2012-08-07,5.441696593008681,5.501193746870511,5.386776244013485,5.46000337600708,299100.0
2012-08-08,5.450849766273813,5.469156549272212,5.418813005143649,5.46000337600708,302100.0
2012-08-09,5.446270746141209,5.469154324698366,5.4325407735940985,5.437117576599121,151700.0
2012-08-10,5.427963416698737,5.450846992920765,5.395926671868646,5.423387050628662,173800.0
2012-08-13,5.432540904934431,5.455424484044833,5.341007024960786,5.382197380065918,269400.0
2012-08-14,5.4142332517773095,5.427963222431965,5.33185255491358,5.345582962036133,446300.0
2012-08-15,5.3410067896774,5.400503918156279,5.331853183849288,5.373043537139893,430500.0
2012-08-16,5.395927385272546,5.4188109645200475,5.318123477711825,5.414234161376953,696900.0
2012-08-17,5.391352612411983,5.469156549272212,5.386776244013485,5.46000337600708,280400.0
2012-08-20,5.441695900281968,5.505769414385751,5.441695900281968,5.501193046569824,238800.0
2012-08-21,5.5149236943370346,5.601880803978878,5.5057700846546656,5.51034688949585,334400.0
2012-08-22,5.4920367399636145,5.519497115709293,5.4599999986502095,5.478306770324707,231300.0
2012-08-23,5.455426571140446,5.505770115269009,5.405083027011884,5.46000337600708,342100.0
2012-08-24,5.432542107244831,5.501192859769575,5.386775375363067,5.4737324714660645,245700.0
2012-08-27,5.478306968479181,5.546957255624712,5.469153364076907,5.487460136413574,180900.0
2012-08-28,5.478308156706568,5.537805288822443,5.455424577205389,5.496614933013916,279000.0
2012-08-29,5.492037214140463,5.533227563081382,5.4874604117097165,5.528650760650635,163700.0
2012-08-30,5.510344147992603,5.514920950556739,5.469153797851207,5.505767345428467,303200.0
2012-08-31,5.524073958219888,5.54695753390572,5.501190819001958,5.528650760650635,415500.0
2012-09-04,5.528651935896221,5.601879044482715,5.496615185006629,5.588149070739746,280300.0
2012-09-05,5.620186732560146,5.624763536705618,5.560689588073209,5.606456756591797,337400.0
2012-09-06,5.624762207833632,5.711719283713322,5.569841880467307,5.670529365539551,437600.0
2012-09-07,5.697990143965364,5.702566947698621,5.510345555582081,5.5744194984436035,1177100.0
2012-09-10,5.574418588066815,5.606455336031535,5.5515350096057485,5.556111812591553,338500.0
2012-09-11,5.574417431733699,5.597300568980031,5.551533858019502,5.578993797302246,318800.0
2012-09-12,5.597301483154297,5.611031891506041,5.569841539386681,5.597301483154297,193100.0
2012-09-13,5.578997756628268,5.697992075216177,5.560690971958449,5.656801700592041,410300.0
2012-09-14,5.693413137073367,5.734603496266829,5.665953188589734,5.6979899406433105,448900.0
2012-09-17,5.665952815783566,5.693412762460401,5.601878879424314,5.611032485961914,329100.0
2012-09-18,5.588148981387405,5.647646115279594,5.588148981387405,5.624762535095215,235000.0
2012-09-19,5.620184773710042,5.68883550256051,5.620184773710042,5.675105094909668,394600.0
2012-09-20,5.633916040065677,5.730026725930908,5.597302050550749,5.711719512939453,476100.0
2012-09-21,5.78037005351735,5.78037005351735,5.697989343760078,5.702566146850586,624600.0
2012-09-24,5.670528681685978,5.780369323172081,5.638491500568264,5.7620625495910645,254800.0
2012-09-25,5.7803700202722,5.812406768785565,5.6613757594111815,5.670529365539551,391800.0
2012-09-26,5.6659531297420775,5.72545026612935,5.615609600399619,5.63391637802124,225300.0
2012-09-27,5.652220963418889,5.71629444200955,5.569840277839083,5.643067359924316,268200.0
2012-09-28,5.611031891506041,5.633915468957677,5.588148314054404,5.597301483154297,268000.0
2012-10-01,5.62018665903596,5.720874166578804,5.5835730992873005,5.592726707458496,294700.0
2012-10-02,5.633917404228753,5.684260942741193,5.583573429248227,5.647647380828857,311200.0
2012-10-03,5.665952694481397,5.665952694481397,5.601878759493901,5.615609169006348,250100.0
2012-10-04,5.6430672035121665,5.675103941919516,5.583570091850071,5.665950775146484,335600.0
2012-10-05,5.68425770271422,5.707141274982814,5.5789934448658185,5.643067359924316,568900.0
2012-10-08,5.611032796877211,5.6659531297420775,5.611032796877211,5.63391637802124,342400.0
2012-10-09,5.643070316819441,5.702567461306379,5.5881499764779745,5.606456756591797,258400.0
2012-10-10,5.611030620628986,5.647644161671603,5.5881470483603914,5.643067359924316,246500.0
2012-10-11,5.670528650750894,5.679681819257513,5.647645074782485,5.661375045776367,187400.0
2012-10-12,5.647645405567447,5.647645405567447,5.54695792728988,5.565264701843262,234500.0
2012-10-15,5.5835730992873005,5.624763463121558,5.565266319412971,5.592726707458496,224700.0
2012-10-16,5.6247630301053535,5.652223416036871,5.560689087243832,5.5744194984436035,210300.0
2012-10-17,5.574420257004186,5.647647380828857,5.574420257004186,5.647647380828857,196000.0
2012-10-18,5.629338914492602,5.665952465443127,5.556111812591553,5.556111812591553,319700.0
2012-10-19,5.542380253946677,5.597300568980031,5.514920314663933,5.578993797302246,498400.0
2012-10-22,5.5835730992873005,5.601879879161631,5.533229563749909,5.592726707458496,267100.0
2012-10-23,5.441694709324536,5.487461432743965,5.299816862847944,5.391350746154785,758500.0
2012-10-24,5.400504156060647,5.405080959176321,5.322700248966057,5.382197380065918,538200.0
2012-10-25,5.4233870868953735,5.464577000608968,5.386773539282456,5.455423831939697,391500.0
2012-10-26,5.469154879980397,5.478308486919806,5.409657744278243,5.45084810256958,424500.0
2012-10-31,5.446224424860075,5.543313335123498,5.446224424860075,5.50170373916626,351500.0
2012-11-01,5.5109495842193,5.566428889185361,5.487833096922527,5.506326198577881,450400.0
2012-11-02,5.520197482894383,5.520197482894383,5.404615454483684,5.413862228393555,403400.0
2012-11-05,5.423105773720501,5.478585506840241,5.372249866089329,5.432352542877197,298500.0
2012-11-06,5.4647165170472904,5.547935693541717,5.460093572394512,5.478586673736572,416000.0
2012-11-07,5.432354886511509,5.441601659657462,5.298279762268066,5.298279762268066,446400.0
2012-11-08,5.298280539540762,5.330643368478494,5.238177828006064,5.247424602508545,362700.0
2012-11-09,5.210437955267066,5.307526434048262,5.154958194662897,5.261293888092041,310200.0
2012-11-12,5.289033822559525,5.3075269308551345,5.215061389377088,5.270540714263916,206800.0
2012-11-13,5.233554440754823,5.293657152289522,5.210438386319573,5.247424602508545,257300.0
2012-11-14,5.238176724545894,5.2890326508649395,5.201190516148336,5.215060234069824,328300.0
2012-11-15,5.233553338268603,5.275162932943451,5.168827694028069,5.215060234069824,462200.0
2012-11-16,5.196567794660804,5.279786994656618,5.136465088098321,5.261293888092041,466600.0
2012-11-19,5.298280196630152,5.353759517322927,5.261293982834969,5.28441047668457,470800.0
2012-11-20,5.261294092759904,5.339889908944394,5.23355421137872,5.316773414611816,380000.0
2012-11-21,5.316772558917874,5.34913538122866,5.275162963998072,5.339889049530029,271600.0
2012-11-23,5.349135306166157,5.455470985125744,5.349135306166157,5.446224212646484,232500.0
2012-11-26,5.441601365123411,5.483210519296815,5.363005561278559,5.469340801239014,316600.0
2012-11-27,5.478587547053336,5.501703596732999,5.395368357293316,5.464717388153076,397800.0
2012-11-28,5.436977881077604,5.4508475988861145,5.367628410214296,5.446224212646484,459100.0
2012-11-29,5.464717529628803,5.520196843934988,5.427731320091346,5.50170373916626,303400.0
2012-11-30,5.520197878474159,5.538690986708677,5.450848832822336,5.515574932098389,507300.0
2012-12-03,5.543312927323614,5.543312927323614,5.487833617098825,5.520196437835693,212700.0
2012-12-04,5.506327249137526,5.529443740844727,5.4554713201100125,5.529443740844727,488600.0
2012-12-05,5.52944466873247,5.53869100242072,5.483211677559782,5.5248212814331055,396600.0
2012-12-06,5.510950088500977,5.543312909131638,5.492456985153404,5.510950088500977,432600.0
2012-12-07,5.543314373994926,5.543314373994926,5.460095607394835,5.515574932098389,373200.0
2012-12-10,5.5248212814331055,5.534068056031835,5.501704785846761,5.5248212814331055,376900.0
2012-12-11,5.547938411965919,5.566431522369385,5.506328803330491,5.566431522369385,513200.0
2012-12-12,5.561806564688562,5.589546442919283,5.51557402218457,5.529443740844727,432300.0
2012-12-13,5.501423159431548,5.604166333586794,5.501423159431548,5.571475505828857,454400.0
2012-12-14,5.562134125404815,5.5901551485588294,5.52477305811883,5.548123836517334,192000.0
2012-12-17,5.57147561239586,5.706909616899522,5.5481248298167865,5.627517223358154,1360400.0
2012-12-18,5.622845255371224,5.660206317901611,5.60416472410603,5.660206317901611,415100.0
2012-12-19,5.660206856750787,5.697567922837932,5.6368560791015625,5.6368560791015625,470900.0
2012-12-20,5.655537841730831,5.6602080873518545,5.604166476036981,5.64619779586792,451800.0
2012-12-21,5.613504409713537,5.678886037102836,5.599493679233888,5.674215793609619,1343400.0
2012-12-24,5.697568301925606,5.697568301925606,5.562134317003849,5.641526699066162,299300.0
2012-12-26,5.660207777798384,5.7115791406827645,5.604166169548393,5.618176460266113,331400.0
2012-12-27,5.63685554247537,5.697567380431998,5.580813948679789,5.660206317901611,664200.0
2012-12-28,5.6275178031406705,5.664878880964708,5.599496772083052,5.622847557067871,465900.0
2012-12-31,5.613505012358281,5.674216402772109,5.599494280374492,5.669546604156494,386800.0
2013-01-02,5.72091941988388,5.82366258723284,5.697568639298331,5.809651851654053,836500.0
2013-01-03,5.818991000397557,5.818991000397557,5.767619651256942,5.786300182342529,405900.0
2013-01-04,5.814323288982927,5.828333582055209,5.767622163615589,5.8003129959106445,309000.0
2013-01-07,5.767620703364259,5.790971037446476,5.75360996846004,5.781630992889404,269500.0
2013-01-08,5.772288698904877,5.800309714576663,5.725587599957146,5.77695894241333,270600.0
2013-01-09,5.781632559461874,5.814323392338039,5.767622266140545,5.795642852783203,339500.0
2013-01-10,5.809653042832437,5.809653042832437,5.772291964386892,5.8003129959106445,142900.0
2013-01-11,5.814323495859858,5.814323495859858,5.739601336310112,5.790972709655762,276400.0
2013-01-14,5.77695894241333,5.7909692275597555,5.748938372120478,5.77695894241333,360000.0
2013-01-15,5.758280615209738,5.7676211057976134,5.730260034204324,5.744270324707031,493000.0
2013-01-16,5.739599392169987,5.748939881639459,5.70690856978494,5.711578369140625,388400.0
2013-01-17,5.720920596020842,5.748941627560031,5.706910302940841,5.739601135253906,757200.0
2013-01-18,5.720917514533745,5.758278572875895,5.688226699829102,5.688226699829102,600800.0
2013-01-22,5.702236827793813,5.786299429430237,5.692896340776906,5.77695894241333,737300.0
2013-01-23,5.790970377948958,5.790970377948958,5.720918492921932,5.748939514160156,397700.0
2013-01-24,5.744269269723948,5.795640622385166,5.706908204992331,5.748939514160156,860900.0
2013-01-25,5.77228984558315,5.790970377948958,5.744269269723948,5.748939514160156,590200.0
2013-01-28,5.758278905259969,5.767619393074138,5.702237314511866,5.734928131103516,519900.0
2013-01-29,5.725589479187831,5.762950548760094,5.706908944401699,5.716248989105225,466000.0
2013-01-30,5.72558815349016,5.734928196031101,5.622845013265953,5.6508660316467285,787200.0
2013-01-31,5.655536628940681,5.702238184377823,5.632186296601151,5.697567939758301,1063400.0
2013-02-01,5.711578330062942,5.730259308874072,5.683557752604343,5.692897796630859,1071000.0
2013-02-04,5.678887389794359,5.697567922837932,5.627516035269296,5.6368560791015625,497300.0
2013-02-05,5.655537981731553,5.73026057738025,5.641527689900799,5.720920085906982,1203500.0
2013-02-06,5.692898923286018,5.7676215171813965,5.692898923286018,5.7676215171813965,494400.0
2013-02-07,5.776960090019358,5.786300578891773,5.734928780851533,5.748939514160156,411500.0
2013-02-08,5.7676215171813965,5.79097185455837,5.7536107803002485,5.7676215171813965,358700.0
2013-02-11,5.781630992889404,5.790971037446476,5.767620703364259,5.781630992889404,250700.0
2013-02-12,5.781632662401645,5.8096532495431985,5.725591042739335,5.790972709655762,458500.0
2013-02-13,5.786302398058113,5.837673766870071,5.748941321580478,5.833003520965576,314900.0
2013-02-14,5.809653314578739,5.865695380247608,5.72092086046491,5.828333854675293,337000.0
2013-02-15,5.86102118695961,5.893711998769186,5.823660131926121,5.875031471252441,526200.0
2013-02-19,5.898386796115339,6.0478311316347035,5.879706254175419,6.02448034286499,915700.0
2013-02-20,6.024478975039719,6.024478975039719,5.912395748848085,5.921736240386963,515300.0
2013-02-21,5.926401996864142,5.945082521815988,5.865690624804776,5.889040946960449,378200.0
2013-02-22,5.926406280683351,5.93574677260034,5.889045203773731,5.931076526641846,263500.0
2013-02-25,5.959097206739082,5.973107498411875,5.804982662200928,5.804982662200928,419600.0
2013-02-26,5.837672092515126,5.851682380831032,5.79097053762339,5.823661804199219,288300.0
2013-02-27,5.833002129182318,5.884373931115872,5.795641061619218,5.851682662963867,428500.0
2013-02-28,5.856352665119923,5.884373687320839,5.809651109911409,5.842342376708984,367500.0
2013-03-01,5.786300816684745,5.875033237724115,5.748939750417743,5.86102294921875,366600.0
2013-03-04,5.833002337921179,5.921735210593212,5.8236622933856905,5.884374141693115,487300.0
2013-03-05,5.898384738133593,5.95909658960042,5.8236625964449145,5.870363712310791,362800.0
2013-03-06,5.8703614154321295,5.926402999771417,5.818990074465847,5.847011089324951,286700.0
2013-03-07,5.837672171457113,5.884373726980386,5.8330019268289774,5.86102294921875,250000.0
2013-03-08,5.9264053185773005,5.9310755637776165,5.86569391248957,5.870363712310791,368500.0
2013-03-11,5.8516824205232645,5.884373687320839,5.804981310693789,5.842342376708984,446500.0
2013-03-12,5.842344424359892,5.856354717681221,5.781632559461874,5.795642852783203,483900.0
2013-03-13,5.814319831092843,5.856351130692039,5.776958774866651,5.847011089324951,313300.0
2013-03-14,5.85635013963943,5.9077214719122955,5.804978807366563,5.889040946960449,440400.0
2013-03-15,5.903054890962496,5.973106786354681,5.879704110705404,5.935745716094971,1532500.0
2013-03-18,5.903056044075108,5.9544274143724065,5.884375505296166,5.926406383514404,285500.0
2013-03-19,5.954426034536028,5.982447058900637,5.879703896735835,5.884374141693115,643700.0
2013-03-20,5.926402745518692,5.963764245520934,5.912392461379666,5.940413475036621,316100.0
2013-03-21,5.907724019546058,5.973106107762169,5.837672132112325,5.842342376708984,989500.0
2013-03-22,5.875033441535568,5.87970368632572,5.833002129182318,5.851682662963867,813800.0
2013-03-25,5.907726261430449,5.907726261430449,5.81899380731662,5.828333854675293,1184700.0
2013-03-26,5.865694694746042,5.907725571016893,5.837673665186319,5.898385524749756,393900.0
2013-03-27,5.884375403194404,5.945086819138161,5.842344080326289,5.931076526641846,416800.0
2013-03-28,5.954427070014735,5.954427070014735,5.907725503078646,5.921736240386963,304100.0
2013-04-01,5.94041553246052,5.94041553246052,5.828331884392166,5.851682662963867,440800.0
2013-04-02,5.889045445874016,5.8937156920245055,5.795642749760154,5.8003129959106445,279400.0
2013-04-03,5.833002758396317,5.833002758396317,5.739600079413094,5.744270324707031,430800.0
2013-04-04,5.74427020046943,5.814322096846982,5.74427020046943,5.809651851654053,356800.0
2013-04-05,5.730261085170045,5.8003129959106445,5.730261085170045,5.8003129959106445,280100.0
2013-04-08,5.795640782188371,5.823661804199219,5.74426942811069,5.823661804199219,249900.0
2013-04-09,5.814319854201461,5.851680910576141,5.75827826963944,5.762948513031006,386000.0
2013-04-10,5.767620990178405,5.879704202711424,5.767620990178405,5.870363712310791,369400.0
2013-04-11,5.861023452412641,5.870363497091754,5.809651647850743,5.8189921379089355,374300.0
2013-04-12,5.8049799580851165,5.823660486739995,5.767618900775358,5.77695894241333,324100.0
2013-04-15,5.7396004089322465,5.758280945801369,5.604166405286326,5.608836650848389,847500.0
2013-04-16,5.669546562107587,5.678886604648526,5.618174769305994,5.6508660316467285,892100.0
2013-04-17,5.636857444164165,5.725590331643616,5.594826123292756,5.720920085906982,1436000.0
2013-04-18,5.716248849124643,5.72091909405158,5.6508672016638,5.7022385597229,507700.0
2013-04-19,5.697566540892853,5.772288654943288,5.678886012380244,5.7582783699035645,439500.0
2013-04-22,5.861021894883867,5.889042466853997,5.725587942684336,5.865692138671875,870800.0
2013-04-23,5.875033158276899,5.87970340284188,5.7816304938724645,5.823661804199219,607900.0
2013-04-24,5.809651350610616,5.856352907754019,5.80031130640937,5.851682662963867,460900.0
2013-04-25,5.856352665119923,5.884373687320839,5.833001887515666,5.842342376708984,743600.0
2013-04-26,5.842343909915289,5.856354202002949,5.781632050363223,5.837673664093018,634700.0
2013-04-29,5.847012863552772,5.87970368632572,5.80031130640937,5.851682662963867,522900.0
2013-04-30,5.8754903725777545,5.8802518189142425,5.823115371029417,5.832638263702393,676800.0
2013-05-01,5.80883036084138,5.84216002466384,5.704080832112729,5.7088422775268555,1189200.0
2013-05-02,5.737410344941895,5.837398425625,5.704080681996583,5.76121711730957,903200.0
2013-05-03,5.827875412511279,5.880250401434219,5.785023313965748,5.842159748077393,630000.0
2013-05-06,5.827876612723585,5.8659672739249284,5.80406983595362,5.856444835662842,536800.0
2013-05-07,5.856444181984404,5.9135801674090755,5.837398853509514,5.90881872177124,457600.0
2013-05-08,5.913580142849302,5.913580142849302,5.851682712043863,5.889773368835449,359000.0
2013-05-09,5.865967708702305,5.875490601746715,5.8183546057098585,5.827877044677734,875200.0
2013-05-10,5.8469221486353415,5.8469221486353415,5.818354378769444,5.832638263702393,340000.0
2013-05-13,5.842161384244348,5.84692237669002,5.813593159187654,5.827877044677734,493700.0
2013-05-14,5.823114294644042,5.927863824301563,5.823114294644042,5.923102378845215,760600.0
2013-05-15,5.923102700751656,5.98023914118021,5.894534934613835,5.975477695465088,720000.0
2013-05-16,5.989760902004787,6.05165832708084,5.95167024873897,6.008806228637695,703200.0
2013-05-17,6.037374522520273,6.061180840557315,6.008806305168849,6.056419849395752,493200.0
2013-05-20,6.037373824970393,6.094509798995419,6.013567055607543,6.070703029632568,363000.0
2013-05-21,6.084987188617866,6.113555403978418,6.037374101785452,6.094510078430176,395700.0
2013-05-22,6.084989006328537,6.165931777606919,5.980239911560702,6.0183305740356445,632600.0
2013-05-23,5.994523072399657,6.061181496640972,5.956432414525631,6.01356840133667,397100.0
2013-05-24,5.965955572575212,6.0183305740356445,5.946910241337741,6.0183305740356445,280000.0
2013-05-28,6.046897613457327,6.142124258142392,5.994523072399657,6.01356840133667,524600.0
2013-05-29,5.96595354487594,5.999283203770866,5.9135790152929975,5.932624340057373,382800.0
2013-05-30,5.937385840795876,5.9802379354391855,5.927862951285646,5.970715045928955,330500.0
2013-05-31,5.956432498620156,5.975477827826056,5.899296511002456,5.904057502746582,399000.0
2013-06-03,5.8945351580816645,5.970716476105907,5.846921607278277,5.961194038391113,792100.0
2013-06-04,5.975478605884047,6.013569269255574,5.899297279140992,5.946910381317139,450100.0
2013-06-05,5.923104765655176,5.9897636666760405,5.889775542183051,5.9135823249816895,478700.0
2013-06-06,5.899297526367336,5.951672077178955,5.846922521479173,5.951672077178955,420900.0
2013-06-07,5.989760370873053,5.989760370873053,5.913579071096664,5.970715045928955,332400.0
2013-06-10,5.9754772200810224,6.027851756551299,5.951670447475835,5.984999656677246,333700.0
2013-06-11,5.946909378721021,6.004045364145693,5.89929628457202,5.90881872177124,417400.0
2013-06-12,5.9278654452819195,5.946910778238848,5.846922666695833,5.870729446411133,496000.0
2013-06-13,5.8612068613995145,5.980240302943093,5.856445414759401,5.951672077178955,353200.0
2013-06-14,5.961192751094917,5.9945219570140935,5.88025000465431,5.899295330047607,503700.0
2013-06-17,5.927864123160308,5.994523000680569,5.908818794451156,5.965954780578613,466600.0
2013-06-18,5.956433133994733,6.042136897525098,5.937387802757263,6.0183305740356445,581500.0
2013-06-19,6.02308960156421,6.02308960156421,5.956431191015197,5.98023796081543,472800.0
2013-06-20,5.918342858851247,6.013569521270801,5.918342858851247,5.951672077178955,668000.0
2013-06-21,5.98023774146333,6.175452429327403,5.975476296862658,6.151645660400391,2612700.0
2013-06-24,6.123077950543755,6.232588914985606,6.080226307841869,6.180213928222656,1012000.0
2013-06-25,6.199261098114153,6.351623739418769,6.18973820599437,6.327816963195801,1038300.0
2013-06-26,6.389713127973199,6.403997009233402,6.270679724626569,6.2754411697387695,923200.0
2013-06-27,6.2897262573990815,6.342100801449788,6.2897262573990815,6.299248695373535,563400.0
2013-06-28,6.332579013187348,6.465896337043225,6.261158677707158,6.432567119598389,1916800.0
2013-07-01,6.47541727074154,6.594450673114903,6.451610499451587,6.570643901824951,650500.0
2013-07-02,6.537315483965419,6.62778114126101,6.537315483965419,6.623019695281982,706100.0
2013-07-03,6.584927667115665,6.665870415631588,6.561120896244561,6.66110897064209,329200.0
2013-07-05,6.694441414199606,6.794429530159627,6.651589299634371,6.789668083190918,521900.0
2013-07-08,6.780144009964382,6.875370662392661,6.775382563823844,6.803950786590576,449000.0
2013-07-09,6.822997570037842,6.870611133429567,6.7515776790268465,6.822997570037842,892000.0
2013-07-10,6.827758750787443,6.827758750787443,6.761099855455237,6.789668083190918,550800.0
2013-07-11,6.832517438126845,6.84203987414161,6.661109049097141,6.7087225914001465,1054800.0
2013-07-12,6.689678264704333,6.765859580509199,6.689678264704333,6.756336688995361,564500.0
2013-07-15,6.7515762412741465,6.818234670935694,6.742053348993071,6.803950786590576,374000.0
2013-07-16,6.818234145742198,6.918222236609154,6.751575721215203,6.775382041931152,505100.0
2013-07-17,6.818235628107302,6.937269073872173,6.77062252224729,6.794429302215576,343700.0
2013-07-18,6.794428866492706,6.865848747740888,6.794428866492706,6.842041969299316,413300.0
2013-07-19,6.822995234602546,6.865847336171983,6.7991884610554765,6.851563453674316,386000.0
2013-07-22,6.803951305423415,6.880132633175218,6.784905973485465,6.842041969299316,396600.0
2013-07-23,6.465895331859199,6.799188816723563,6.308771253936336,6.775382041931152,1095400.0
2013-07-24,6.770621026266118,6.842040896314065,6.737291360044145,6.756336688995361,699700.0
2013-07-25,6.742052899522669,6.870609212287792,6.713485132736952,6.813473224639893,489700.0
2013-07-26,6.765859352684023,6.870608885426737,6.718245804871032,6.751575469970703,348400.0
2013-07-29,6.742052961285325,6.765859736542489,6.670633089590304,6.684916973114014,530800.0
2013-07-30,6.71375122940869,6.747391925772418,6.665692698900407,6.684916019439697,468000.0
2013-07-31,6.6849161378903945,6.728168724450223,6.641663551330566,6.641663551330566,428900.0
2013-08-01,6.699334606743282,6.7329757675106485,6.680111282727728,6.723363876342773,572800.0
2013-08-02,6.723362066421487,6.72816801071167,6.675303998479876,6.72816801071167,360700.0
2013-08-05,6.7233612853338105,6.781031235155971,6.66569133551165,6.761807918548584,411700.0
2013-08-06,6.732976626891632,6.776229226027336,6.68491808155857,6.7185587882995605,338900.0
2013-08-07,6.7089474449242825,6.723364825391009,6.612830811279001,6.622442245483398,517600.0
2013-08-08,6.632053375244141,6.660888132861259,6.608024105016403,6.632053375244141,539900.0
2013-08-09,6.608022786786011,6.73297460038752,6.5936054108535656,6.612828731536865,456600.0
2013-08-12,6.5695744231247755,6.656079572681297,6.555157050972022,6.646467685699463,670800.0
2013-08-13,6.66088631496259,6.699332953505976,6.608022301545456,6.636857509613037,516900.0
2013-08-14,6.632053583026124,6.689723558387367,6.583995041064976,6.617636203765869,809200.0
2013-08-15,6.588799868777106,6.632052457537942,6.5551591701054095,6.559964656829834,857800.0
2013-08-16,6.531129621370523,6.608022905484946,6.52632367653334,6.569576263427734,455600.0
2013-08-19,6.540741649662981,6.564770917721791,6.502295004096951,6.526324272155762,634300.0
2013-08-20,6.535936957424052,6.6368595288862835,6.492684361323063,6.617636203765869,380900.0
2013-08-21,6.583994513103816,6.603217836682739,6.5359364333166,6.540741920471191,457300.0
2013-08-22,6.5503523437303794,6.641662995690898,6.5407404549344905,6.636857509613037,363700.0
2013-08-23,6.632051565215093,6.66088631496259,6.598410412749568,6.636857509613037,333500.0
2013-08-26,6.636857899581214,6.665692651022982,6.5839934247377885,6.608022689819336,274400.0
2013-08-27,6.5311301254135925,6.564770825229858,6.391760922620285,6.396566867828369,502700.0
2013-08-28,6.410983252535794,6.478264641751315,6.391759932999919,6.444623947143555,408700.0
2013-08-29,6.430206930269681,6.497488781553262,6.430206930269681,6.487876892089844,358600.0
2013-08-30,6.463849502245131,6.483072828429523,6.372538817449331,6.410985469818115,576800.0
2013-09-03,6.483069344688971,6.550351179339917,6.410982024814388,6.454234600067139,961500.0
2013-09-04,6.439818371799329,6.535935433308069,6.439818371799329,6.463847637176514,364600.0
2013-09-05,6.4830724725940945,6.521519122852663,6.444625822335525,6.492684364318848,333600.0
2013-09-06,6.497488037195158,6.497488037195158,6.391759556810486,6.449429512023926,466500.0
2013-09-09,6.459041671679237,6.516712091727189,6.439818351103291,6.511906147003174,359500.0
2013-09-10,6.550352942399129,6.569576263427734,6.4974889241504945,6.569576263427734,384000.0
2013-09-11,6.545546833029145,6.583993474119939,6.516712081371107,6.535935401916504,391900.0
2013-09-12,6.531129763208775,6.559964516217833,6.468653853928969,6.478265285491943,385600.0
2013-09-13,6.511907017927124,6.593606255881648,6.4542370484863145,6.483071804046631,278800.0
2013-09-16,6.559965466774375,6.603218060875513,6.473460736892299,6.50229549407959,753300.0
2013-09-17,6.487876938730544,6.564770221710205,6.468653617985629,6.564770221710205,420000.0
2013-09-18,6.550353811420746,6.6320530512112175,6.502295273313345,6.540741920471191,535200.0
2013-09-19,6.5359360837569875,6.545547515872311,6.295644322711807,6.372537612915039,1558900.0
2013-09-20,6.372538739372944,6.420596825084991,6.319674249273374,6.382150173187256,1227700.0
2013-09-23,6.3965676959992726,6.401373183509367,6.300450612673849,6.314868450164795,945200.0
2013-09-24,6.314868450164795,6.353315100166876,6.295645125163754,6.314868450164795,879100.0
2013-09-25,6.334092675030277,6.382150765200229,6.228364143343927,6.262004852294922,960000.0
2013-09-26,6.262002706848081,6.410983789468654,6.18991536713111,6.348507881164551,1797700.0
2013-09-27,6.319671154022217,6.372535618229806,6.310059724915394,6.319671154022217,461300.0
2013-09-30,6.286031972860449,6.36292525744392,6.247585330568713,6.348507881164551,637500.0
2013-10-01,6.3340907398799065,6.435013294219971,6.3340907398799065,6.435013294219971,738100.0
2013-10-02,6.391760922620285,6.435013512852718,6.353314277595936,6.396566867828369,642900.0
2013-10-03,6.377344685440221,6.420596825084991,6.324480195340652,6.382150173187256,825400.0
2013-10-04,6.36773103398789,6.468653581915974,6.36773103398789,6.463847637176514,474400.0
2013-10-07,6.4302070016053205,6.449430322425302,6.362925149575326,6.367731094360352,470500.0
2013-10-08,6.358119312577421,6.3965664131892845,6.338895991431553,6.348507881164551,515700.0
2013-10-09,6.386953847833354,6.39656573654959,6.319672001779941,6.338895320892334,648200.0
2013-10-10,6.410984284322212,6.4734601974487305,6.39656690692999,6.4734601974487305,398900.0
2013-10-11,6.459041728453111,6.564770221710205,6.425401031729539,6.564770221710205,369700.0
2013-10-14,6.51671417763372,6.622442245483398,6.487878958380005,6.622442245483398,591900.0
2013-10-15,6.608022786786011,6.632052052220165,6.583993521351856,6.612828731536865,772300.0
2013-10-16,6.641663551330566,6.6849161378903945,6.608022854370755,6.641663551330566,469100.0
2013-10-17,6.622441420150326,6.704140663146973,6.598412150153629,6.704140663146973,584000.0
2013-10-18,6.728169169942234,6.752198437213202,6.627246614060295,6.713751792907715,686100.0
2013-10-21,6.737781113318293,6.790645135075227,6.680110688085075,6.766615867614746,522700.0
2013-10-22,6.776227931478627,6.93962594609048,6.752198663402712,6.925208568572998,734200.0
2013-10-23,6.9059852457763,6.963655214166395,6.843509332106988,6.925208568572998,699800.0
2013-10-24,6.925207129890915,6.9636537674971875,6.905983811087778,6.9492363929748535,476200.0
2013-10-25,6.973267143000125,7.006907843498955,6.934820497195701,7.002101898193359,702500.0
2013-10-28,7.0165180333603985,7.021323519181012,6.9396243020698245,6.963653564453125,673500.0
2013-10-29,6.9927498141691355,6.997599266200004,6.871516288212624,6.963653564453125,412600.0
2013-10-30,6.929708245943143,6.958804495326476,6.866666757670251,6.876365661621094,517200.0
2013-10-31,6.861819158077219,6.87151806464633,6.7793803021170564,6.784229755401611,574400.0
2013-11-01,6.7696803923722975,6.779378834372363,6.653296313556196,6.687241554260254,992200.0
2013-11-04,6.7211867949643125,6.745433593668305,6.6484468613215535,6.687241554260254,702200.0
2013-11-05,6.653296876872429,6.706639468562207,6.638748518936733,6.667844772338867,536000.0
2013-11-06,6.716339588165283,6.779380634074073,6.633900728168445,6.716339588165283,508600.0
2013-11-07,6.750280564610289,6.789075243288701,6.527210930974899,6.59025239944458,4772200.0
2013-11-08,6.599954459243943,6.856969924597919,6.575708118617868,6.8375725746154785,987600.0
2013-11-11,6.842422940779235,6.8666697487489055,6.750285625457764,6.750285625457764,357900.0
2013-11-12,6.750281500463121,6.774528293615943,6.687240023253427,6.71148681640625,350500.0
2013-11-13,6.687243002057102,6.784229755401611,6.672695104672755,6.784229755401611,352600.0
2013-11-14,6.808478015474951,6.808478015474951,6.7502859510227875,6.77938175201416,289500.0
2013-11-15,6.764833851518474,6.798779569300966,6.70664178706631,6.77938175201416,540200.0
2013-11-18,6.779380560309356,6.8230247165939,6.721188506086409,6.730887413024902,443200.0
2013-11-19,6.7454353109633045,6.793928920717096,6.726037959555656,6.730887413024902,332900.0
2013-11-20,6.769680658450609,6.779379100831866,6.716338069180602,6.7357354164123535,323500.0
2013-11-21,6.769681855952506,6.905463310593406,6.745435052006443,6.88606595993042,550800.0
2013-11-22,6.9006143793447245,6.987902695166218,6.837573331772928,6.978204250335693,522100.0
2013-11-25,6.968504147510412,7.225519134761782,6.968504147510412,7.1333818435668945,1795900.0
2013-11-26,7.162478322868302,7.206122012192303,7.128532614546137,7.186724662780762,1485800.0
2013-11-27,7.177026894636762,7.259465753010273,7.167327987783721,7.244917392730713,578300.0
2013-11-29,7.2837125576735415,7.288561548630729,7.20127369930003,7.244917392730713,326700.0
2013-12-02,7.225519071546922,7.288560570221054,7.17217647842386,7.249765872955322,1285500.0
2013-12-03,7.259463021466407,7.298257709342488,7.152777398572603,7.215818881988525,1164000.0
2013-12-04,7.196422205197316,7.2497647903547815,7.123681811834371,7.172175407409668,508200.0
2013-12-05,7.1527796175772345,7.1527796175772345,7.1042860114533966,7.143080711364746,230900.0
2013-12-06,7.206120265438277,7.274011203156643,7.143078779514618,7.259463310241699,415400.0
2013-12-09,7.2449157310545695,7.269162530156652,7.152778449429731,7.191573143005371,493200.0
2013-12-10,7.157631134596591,7.19157639118986,7.080041712400873,7.113986968994141,412300.0
2013-12-11,7.109132175872894,7.118831077598667,6.9975975808410285,7.021843910217285,511200.0
2013-12-12,7.012150077544652,7.0945889464950245,7.002451169447246,7.0557942390441895,315700.0
2013-12-13,7.07034013777782,7.099436391366251,7.016997545746501,7.075189590454102,305600.0
2013-12-16,7.0945876585348575,7.123683452606201,7.031546154754534,7.123683452606201,466700.0
2013-12-17,7.133383097372874,7.133383097372874,7.060643142195347,7.07034158706665,443100.0
2013-12-18,7.089738114603966,7.14793016447099,7.021847158524453,7.143080711364746,411800.0
2013-12-19,7.143083142940095,7.143083142940095,7.041247367858887,7.041247367858887,296700.0
2013-12-20,7.070340273988282,7.172176469805779,7.050942925378724,7.147929668426514,894400.0
2013-12-23,7.1915720864486845,7.240065677528366,7.177024194112444,7.215818881988525,412200.0
2013-12-24,7.20127369930003,7.2740136508205016,7.181876348063281,7.244917392730713,228600.0
2013-12-26,7.269161960731784,7.274011412666168,7.206120472992375,7.210969924926758,193200.0
2013-12-27,7.2449157310545695,7.2449157310545695,7.172175796217551,7.191573143005371,238000.0
2013-12-30,7.186724308841642,7.196423214304396,7.14792961192916,7.162477970123291,293000.0
2013-12-31,7.172175425574394,7.244915356652363,7.1430791756616845,7.167325973510742,376600.0
2014-01-02,7.1333818435668945,7.172176541172034,7.065490891523262,7.1333818435668945,504300.0
2014-01-03,7.128532319816956,7.152779121196221,7.080039179527696,7.147929668426514,360000.0
2014-01-06,7.15763046171998,7.15763046171998,7.012150077544652,7.0557942390441895,533000.0
2014-01-07,7.089737674353285,7.15762862621698,7.080039231212342,7.13823127746582,345800.0
2014-01-08,7.138230991110747,7.2061214777816955,7.1091347379165875,7.201272487640381,877900.0
2014-01-09,7.206122928957895,7.269164438182891,7.17702713237365,7.19642448425293,357700.0
2014-01-10,7.21097111002926,7.21097111002926,7.123682810741542,7.162477970123291,336500.0
2014-01-13,7.133384365923186,7.147932267051916,7.046096034211933,7.104288101196289,368300.0
2014-01-14,7.113985008738856,7.1915744095548515,7.084888752198204,7.123683452606201,339000.0
2014-01-15,7.118835281688223,7.201274145165926,7.099437929250491,7.152780532836914,401600.0
2014-01-16,7.157631176117361,7.181877986311536,7.070342844406108,7.104288101196289,256300.0
2014-01-17,7.113985153485635,7.138231957351306,7.060642554956615,7.094587802886963,271300.0
2014-01-21,7.152781159866491,7.220672130584717,7.143082251562714,7.220672130584717,353700.0
2014-01-22,7.225517818260717,7.225517818260717,7.172175234390074,7.210969924926758,196000.0
2014-01-23,7.167327346740634,7.196423602228063,7.133382100729707,7.181875705718994,430300.0
2014-01-24,7.128533456285727,7.24491756649765,7.055793503020612,7.10913610458374,732400.0
2014-01-27,7.152780261530547,7.201273872020187,7.10913610458374,7.10913610458374,697900.0
2014-01-28,7.14308054424599,7.201273055220851,7.0848884957404215,7.181875705718994,613600.0
2014-01-29,7.113984559067985,7.2109713039575025,7.0121483613166715,7.016997814178467,591700.0
2014-01-30,7.090911446297099,7.209175315895973,6.982502664195375,7.056417465209961,470400.0
2014-01-31,6.938154515836728,7.140188770682515,6.913516088917725,6.928299427032471,695000.0
2014-02-03,6.8987333042887755,7.007142102081923,6.7607587697858955,6.7804694175720215,962100.0
2014-02-04,6.800180550585619,6.9480106544994475,6.731193043442113,6.844529628753662,758700.0
2014-02-05,6.8297464337866804,6.883951072666379,6.810035784177414,6.839601993560791,613800.0
2014-02-06,6.859314441680908,6.948012623148729,6.834676005724393,6.859314441680908,535500.0
2014-02-07,6.879023292779324,6.918444591997856,6.819891343951525,6.839601993560791,415900.0
2014-02-10,6.844531422515582,6.874097169083344,6.780471678366675,6.864242076873779,649000.0
2014-02-11,6.854385629204623,6.992360191887018,6.839602757830547,6.957866668701172,464700.0
2014-02-12,6.972648547989709,7.031780964950523,6.918444380704393,6.943082809448242,308800.0
2014-02-13,6.923372639072881,7.021925890922597,6.849457347731365,7.007143020629883,442400.0
2014-02-14,7.021926112965292,7.0761302857119,6.943083508992411,7.0317816734313965,391900.0
2014-02-18,7.041636322248911,7.095840491595386,6.992359462887418,7.046564102172852,237800.0
2014-02-19,7.012070993096839,7.051492767499303,6.864241336328428,6.888879299163818,542100.0
2014-02-20,6.883952359507549,6.948012100197314,6.8297477104951865,6.908590793609619,517400.0
2014-02-21,6.9430843062018495,6.987433393513533,6.893807438091303,6.972650051116943,409300.0
2014-02-24,6.992357751692526,7.150043381096536,6.992357751692526,7.056417465209961,962100.0
2014-02-25,7.061346078437099,7.081056725699646,6.987431268687269,7.012069225311279,502100.0
2014-02-26,6.987431456382885,7.100767563702233,6.9677208085908715,7.02192497253418,514000.0
2014-02-27,7.002215785278245,7.051492650006001,6.967722261932223,7.036709308624268,480100.0
2014-02-28,7.056417511375023,7.125405004061791,7.0268517787513,7.071200847625732,743700.0
2014-03-03,7.012069665459934,7.0416358731790805,6.967721058789607,6.997286796569824,370000.0
2014-03-04,7.071204433749463,7.2141068004065625,7.012071998635621,7.110625743865967,1790100.0
2014-03-05,7.090913841323815,7.154973576478062,7.061347628968392,7.120479583740234,390000.0
2014-03-06,7.1352632240040865,7.189467874174834,7.110625259314532,7.174685001373291,496800.0
2014-03-07,7.18946232931279,7.204245190713074,7.130330413772965,7.135257720947266,470600.0
2014-03-10,7.130332842322224,7.169754132775433,7.0958388607215275,7.150043487548828,390700.0
2014-03-11,7.1451180927999385,7.1500458732355066,7.0662754855868695,7.085986137390137,356700.0
2014-03-12,7.071204081066729,7.090914735141895,6.967723029687345,7.026854991912842,478100.0
2014-03-13,7.026853149418202,7.066274447231967,6.972648512470071,6.992359161376953,444100.0
2014-03-14,6.918445905304494,7.085986693756471,6.903663032776096,7.051493167877197,544700.0
2014-03-17,7.100766639512892,7.154971266340192,7.0859837730776505,7.150043487548828,418000.0
2014-03-18,7.145119098029093,7.2436723709106445,7.09584222661878,7.2436723709106445,630300.0
2014-03-19,7.238744850231789,7.273238849435732,7.169757791702086,7.219034194946289,405200.0
2014-03-20,7.194391254481034,7.386569893167974,7.194391254481034,7.357004165649414,683000.0
2014-03-21,7.39150251520251,7.425996043226284,7.2436723709106445,7.2436723709106445,915900.0
2014-03-24,7.258453956284789,7.317586379459252,7.189466912479568,7.238743305206299,446700.0
2014-03-25,7.278165264778017,7.302803226806527,7.179611536907961,7.248599052429199,564600.0
2014-03-26,7.307731911820205,7.3225147848551,7.154974460601807,7.154974460601807,455500.0
2014-03-27,7.135260420732317,7.209175695578612,7.061345615824893,7.0761284828186035,524100.0
2014-03-28,7.110624271625864,7.214105306740923,7.076130279961518,7.095840930938721,382500.0
2014-03-31,7.13033580109168,7.209178414714245,7.105697366849866,7.194395542144775,506900.0
2014-04-01,7.2141029502509175,7.288017749786377,7.150043238015397,7.288017749786377,438200.0
2014-04-02,7.292947358191971,7.297875138047727,7.22888762988399,7.258453369140625,330100.0
2014-04-03,7.238742719656551,7.288019578336214,7.219032070172475,7.258453369140625,241600.0
2014-04-04,7.307730259296195,7.307730259296195,7.0909131140374955,7.145117282867432,525800.0
2014-04-07,7.115552682610317,7.184540206671598,7.0317827554532,7.154974460601807,484900.0
2014-04-08,7.154973321590592,7.2584538863006935,7.110624239606843,7.209177494049072,526500.0
2014-04-09,7.228887587609019,7.228887587609019,7.140189430479918,7.179610729217529,267900.0
2014-04-10,7.169756413515012,7.209177716508358,7.026854072679384,7.041636943817139,503600.0
2014-04-11,6.982503489386907,7.076128946399285,6.977575710086545,7.012069225311279,442200.0
2014-04-14,7.105697366849866,7.214106195550417,7.100769586013695,7.194395542144775,781800.0
2014-04-15,7.2338150510722,7.307729865487892,7.169755325940432,7.302802085876465,1009100.0
2014-04-16,7.3372969208644045,7.3372969208644045,7.23874319700608,7.322513580322266,581900.0
2014-04-17,7.317585577416537,7.445704560414772,7.292947148784166,7.361934185028076,626100.0
2014-04-21,7.376718523525798,7.396429175114191,7.085986060142752,7.184539318084717,1020200.0
2014-04-22,7.150045794498147,7.297875916364227,7.150045794498147,7.248599052429199,961900.0
2014-04-23,7.253526576032821,7.302802968284443,7.150045541383735,7.209177494049072,676200.0
2014-04-24,7.243672054406528,7.243672054406528,7.140191004917618,7.174685001373291,495600.0
2014-04-25,7.130336245651903,7.18946820955557,7.081059374095976,7.11555290222168,726600.0
2014-04-28,7.120477850465017,7.120477850465017,7.007141748892144,7.0662736892700195,1424600.0
2014-04-29,7.082322212167276,7.183957032857781,7.055576179873031,7.114417552947998,1078100.0
2014-04-30,7.087670718646343,7.125114853538403,6.980687111713259,7.109067440032959,715300.0
2014-05-01,7.087672530630974,7.157212020449976,6.953942860241711,7.130465984344482,1059800.0
2014-05-02,7.157211781730542,7.2107033420191815,7.060926259017523,7.103719711303711,741500.0
2014-05-05,7.071626734876572,7.093023466640594,7.007436539584507,7.034182071685791,762100.0
2014-05-06,7.034179890590306,7.060925924536744,6.95394229888916,6.95394229888916,575500.0
2014-05-07,6.98068777304396,7.0288305282592765,6.9325450178286445,7.028830528259277,711300.0
2014-05-08,7.034180551647349,7.060926588107321,6.948593643086009,6.964641571044922,452700.0
2014-05-09,6.92719317002042,7.060922769866907,6.916495067304429,7.055573463439941,353300.0
2014-05-12,7.103717638083935,7.189304517677783,7.055574890777884,7.146511077880859,576900.0
2014-05-13,7.146513282999092,7.1839579369788025,7.0395296504960605,7.044878959655762,517100.0
2014-05-14,7.023480906233826,7.023480906233826,6.916497293942829,6.932544708251953,483400.0
2014-05-15,6.96463907069664,7.076971465251717,6.830909446544751,7.060924053192139,1031800.0
2014-05-16,7.06092922086214,7.103722691098884,7.023485061939589,7.098373889923096,693300.0
2014-05-19,7.087671759596928,7.194655382242458,7.076973142263299,7.1411638259887695,504500.0
2014-05-20,7.10907088792903,7.210705236273552,7.018134650397355,7.034182071685791,789100.0
2014-05-21,7.060926614017999,7.125116795674555,6.959292287263006,7.071625232696533,475500.0
2014-05-22,7.087668272090327,7.109064986091121,7.0609222520548585,7.093017578125,274100.0
2014-05-23,7.114417792792849,7.151861933184247,7.076973142263299,7.1411638259887695,258900.0
2014-05-27,7.1946565483213005,7.221402585852103,7.1144189458671265,7.205355167388916,317900.0
2014-05-28,7.183958056555471,7.183958056555471,7.114418566736469,7.130465984344482,364500.0
2014-05-29,7.146514023041726,7.178609371185303,7.050228998887499,7.178609371185303,419500.0
2014-05-30,7.189306643491562,7.210703369716844,7.1037197385904305,7.119767665863037,391000.0
2014-06-02,7.119766861434473,7.146512383590584,7.034179456065263,7.114417552947998,458500.0
2014-06-03,7.103722691098884,7.183960830396584,7.076976644666318,7.098373889923096,284500.0
2014-06-04,7.06092922086214,7.125119426217257,7.039532485743767,7.098373889923096,316000.0
2014-06-05,7.15720954324674,7.274891755296648,7.060924050647904,7.242796421051025,540400.0
2014-06-06,7.285591540358367,7.306988264744544,7.232099984461998,7.2695441246032715,455300.0
2014-06-09,7.258845569080695,7.312337635570185,7.194655395376198,7.2855916023254395,444300.0
2014-06-10,7.280242231727285,7.2909408489894485,7.1839572270585625,7.2695441246032715,462600.0
2014-06-11,7.232099354092093,7.258844874639989,7.178607292720092,7.221400737762451,474300.0
2014-06-12,7.194653825186909,7.200003132696035,7.130463665491523,7.146511077880859,459500.0
2014-06-13,7.178608747306731,7.183958056555471,7.093021839879715,7.130465984344482,375800.0
2014-06-16,7.109072002413079,7.125119426217257,7.050231108372156,7.098373889923096,350400.0
2014-06-17,7.093019077666615,7.226748695977956,7.039527026286875,7.200002670288086,523200.0
2014-06-18,7.183955324997654,7.237446866731327,7.135812580340738,7.216050148010254,320200.0
2014-06-19,7.2214021102523125,7.242798836840125,7.151862621307373,7.151862621307373,285300.0
2014-06-20,7.189304122074411,7.242796173946098,7.125113965911194,7.216050148010254,882700.0
2014-06-23,7.200004876765069,7.205354185569967,7.1411640103256895,7.189306259155273,281300.0
2014-06-24,7.151860630290483,7.2695428488308265,7.151860630290483,7.173257350921631,403700.0
2014-06-25,7.125114468122622,7.237447376860503,7.098368950439643,7.232098579406738,299200.0
2014-06-26,7.210701086805402,7.274891755296648,7.1518602358494645,7.242796421051025,233600.0
2014-06-27,7.200005438818201,7.280243036602585,7.200005438818201,7.2748942375183105,644000.0
2014-06-30,7.242797438140213,7.269543468744443,7.18395657892139,7.25884485244751,322500.0
2014-07-01,7.2534963874554235,7.413971558172237,7.2534963874554235,7.317686557769775,481700.0
2014-07-02,7.3069886826741275,7.333734717221149,7.2321003981082805,7.253497123718262,389300.0
2014-07-03,7.285593324348857,7.349783513225351,7.274895214605244,7.3283867835998535,261000.0
2014-07-07,7.301637272006963,7.301637272006963,7.232098316394505,7.242796421051025,356900.0
2014-07-08,7.2214015135972165,7.29629030553611,7.18395737269685,7.210702896118164,297800.0
2014-07-09,7.216053276318296,7.253497932916714,7.18395843939192,7.205355167388916,290200.0
2014-07-10,7.103718671580883,7.162560042465825,7.082321948569481,7.125115394592285,261000.0
2014-07-11,7.114418329444354,7.1358150555874476,7.071624877158166,7.103719711303711,250200.0
2014-07-14,7.167909107398352,7.189305831206121,7.103718935975046,7.114417552947998,245500.0
2014-07-15,7.135815082997451,7.183957844538885,7.060926286139864,7.119767665863037,306300.0
2014-07-16,7.157211084126501,7.157211084126501,7.034179538191791,7.039528846740723,280900.0
2014-07-17,7.023479524401427,7.028828831498055,6.927194037214138,6.9485907554626465,446400.0
2014-07-18,6.927195709440692,7.0502272516729585,6.927195709440692,7.028830528259277,387600.0
2014-07-21,6.980686269586639,7.023479707197415,6.916496113170474,6.95928955078125,520900.0
2014-07-22,6.953941925365551,7.007433990385157,6.766720207935069,6.788116931915283,790800.0
2014-07-23,6.788117197610771,6.8416092647241245,6.756022365453287,6.777419090270996,506100.0
2014-07-24,6.782769172703483,6.884403499646236,6.761372445445102,6.820213317871094,345300.0
2014-07-25,6.766720207935069,6.825561581484263,6.739974685563405,6.788116931915283,367300.0
2014-07-28,6.777420462387912,6.788118571893564,6.729277694266823,6.761373043060303,340600.0
2014-07-29,6.750562436075196,6.8100152784925125,6.718134081519754,6.772181510925293,412300.0
2014-07-30,6.810017108917235,6.89108853253596,6.782993129231147,6.810017108917236,435300.0
2014-07-31,6.7559679825373005,6.810015932573379,6.701920032501222,6.701920032501221,392900.0
2014-08-01,6.7181321658694255,6.755965407209236,6.620846099065051,6.647870063781738,423600.0
2014-08-04,6.6802996681705915,6.701918740930781,6.604633171229607,6.674895286560059,363000.0
2014-08-05,6.6424655385753555,6.718132540918446,6.626251365015866,6.637060642242432,448800.0
2014-08-06,6.626252333996195,6.7019188319649805,6.626252333996195,6.680299758911133,344600.0
2014-08-07,6.691109391976648,6.707323567516613,6.5776091323182,6.626252174377441,347000.0
2014-08-08,6.615439979591531,6.707321133372454,6.615439979591531,6.664083003997803,302000.0
2014-08-11,6.691107803417289,6.772179177309021,6.669488736016878,6.696512699127197,369000.0
2014-08-12,6.669487899029424,6.7127260284040755,6.642463939310478,6.664083003997803,335600.0
2014-08-13,6.70191893626306,6.761371774665889,6.680299862872768,6.691109657287598,268700.0
2014-08-14,6.7235376926132595,6.761371455841792,6.669490269405751,6.745156764984131,425800.0
2014-08-15,6.804609815550275,6.804609815550275,6.642466509926741,6.680299758911133,393500.0
2014-08-18,6.723538271131474,6.777586214428811,6.712728991735639,6.755967140197754,338200.0
2014-08-19,6.755966715471005,6.826228831164626,6.7127285697271395,6.761371612548828,462900.0
2014-08-20,6.745156764984131,6.772180734307557,6.718133311100049,6.745156764984131,344800.0
2014-08-21,6.739751530844874,6.853251775293206,6.71272756494017,6.837037086486816,398500.0
2014-08-22,6.84244201213815,6.885680151595635,6.793798976388658,6.799203872680664,331900.0
2014-08-25,6.826228599906491,6.864061847290825,6.739752311348392,6.782990455627441,386300.0
2014-08-26,6.804608739752595,6.858656156122724,6.804608739752595,6.837037086486816,283700.0
2014-08-27,6.837037086486817,6.858656156122724,6.793798947215002,6.837037086486816,452900.0
2014-08-28,6.799205535128265,6.842443685157744,6.761372282712322,6.777586460113525,527900.0
2014-08-29,6.810011956562859,6.831631020867158,6.772178207450975,6.81541633605957,185600.0
2014-09-02,6.831636189578198,6.847850371214035,6.739754967909223,6.810017108917236,522800.0
2014-09-03,6.8262255165466135,6.8424396844675925,6.745153646063508,6.766773223876953,339000.0
2014-09-04,6.772178247375313,6.826226166174265,6.734345013479539,6.739749908447266,192100.0
2014-09-05,6.71813258730025,6.728941864601442,6.664084654476428,6.723536968231201,222400.0
2014-09-08,6.707321896597762,6.734345859391762,6.680297933803761,6.728940963745117,197500.0
2014-09-09,6.70191747777586,6.70191747777586,6.62625099509624,6.647870063781738,302200.0
2014-09-10,6.642465584434756,6.739751657341921,6.642465584434756,6.723536968231201,239200.0
2014-09-11,6.680296458940486,6.777582497344571,6.680296458940486,6.766773223876953,188800.0
2014-09-12,6.777582497344571,6.788392286251294,6.69651114230057,6.766773223876953,381500.0
2014-09-15,6.75056031006743,6.7883940657193635,6.7073221739845685,6.712727069854736,263900.0
2014-09-16,6.7019188319649805,6.723537905018828,6.647871407050042,6.680299758911133,298300.0
2014-09-17,6.669488933771874,6.777584273979028,6.642464969860276,6.712727069854736,415400.0
2014-09-18,6.739751007402076,6.793798419574613,6.718131939445215,6.750560283660889,299000.0
2014-09-19,6.7559679825373005,6.837039392151968,6.691110751757677,6.701920032501221,673200.0
2014-09-22,6.685703731559546,6.766775630880664,6.642465591430664,6.642465591430664,263300.0
2014-09-23,6.642464524454206,6.664083591045984,6.550583362579346,6.550583362579346,269400.0
2014-09-24,6.550582243688256,6.593820369486401,6.523558286204636,6.577606201171875,332200.0
2014-09-25,6.550585552542282,6.5992285974957134,6.480323433769478,6.534371376037598,615300.0
2014-09-26,6.534369892425411,6.583012926334564,6.496536650691295,6.528964996337891,412100.0
2014-09-29,6.485727982113096,6.539775921473113,6.480323085089225,6.501942157745361,278900.0
2014-09-30,6.626251654904376,6.664084900011426,6.512751404143918,6.539775371551514,877300.0
2014-10-01,6.539775371551514,6.6478707257425915,6.512751404143918,6.539775371551514,649600.0
2014-10-02,6.5235597579073525,6.6208458206202865,6.512750481738823,6.583012580871582,323200.0
2014-10-03,6.65327386441278,6.669488034397577,6.555987813625656,6.593821048736572,236400.0
2014-10-06,6.604631941484756,6.604631941484756,6.523560047149658,6.523560047149658,336900.0
2014-10-07,6.4749187002397885,6.539776438777879,6.464109420776367,6.464109420776367,268600.0
2014-10-08,6.458704514550121,6.604633652903477,6.458704514550121,6.588418960571289,376500.0
2014-10-09,6.59382220588791,6.6154412748079645,6.442488723447525,6.4478936195373535,479700.0
2014-10-10,6.41006147714109,6.528966643875067,6.41006147714109,6.464109420776367,593500.0
2014-10-13,6.4749163717885185,6.610035666846935,6.458702200704486,6.550583362579346,418500.0
2014-10-14,6.615442380391233,6.669490319443579,6.539775884245166,6.626252174377441,530300.0
2014-10-15,6.5343698392367076,6.653274974997963,6.447893564297342,6.523560047149658,686400.0
2014-10-16,6.453297905136719,6.647870037990605,6.442488628555533,6.6046319007873535,600500.0
2014-10-17,6.707323605698331,6.739752472402211,6.49653777616084,6.501942157745361,445800.0
2014-10-20,6.496536623062148,6.599227071091982,6.491131726997615,6.566798210144043,681700.0
2014-10-21,6.642464969860276,6.718131965724903,6.523559837912788,6.712727069854736,931400.0
2014-10-22,6.739753803702257,6.793801238298885,6.691110751757677,6.701920032501221,463800.0
2014-10-23,6.761999505785154,6.805695744845134,6.718303266725174,6.729227066040039,669000.0
2014-10-24,6.740151386255164,6.740151386255164,6.66368270745007,6.729227066040039,472500.0
2014-10-27,6.685532737796694,6.745615474351828,6.685532737796694,6.7401533126831055,417900.0
2014-10-28,6.7620015001928335,6.898552417755128,6.7620015001928335,6.898552417755127,413200.0
2014-10-29,6.898553516028366,6.94224977493286,6.827546965083439,6.942249774932861,411000.0
2014-10-30,6.904014247837658,6.953172138242427,6.843931513620075,6.93678617477417,659700.0
2014-10-31,7.04056444049534,7.04056444049534,6.860317298033891,7.007791996002197,473600.0
2014-11-03,7.002329835103285,7.056950402291744,6.9750200724093885,7.007791996002197,360400.0
2014-11-04,6.9968682651394385,7.0296401890602755,6.942247697404257,7.0241780281066895,371000.0
2014-11-05,7.078799154101285,7.095185117353959,7.013254780190207,7.046026706695557,314500.0
2014-11-06,7.040565143028303,7.084261392779106,7.024178658696462,7.067874908447266,210600.0
2014-11-07,7.05695017208478,7.0842604547881125,6.996867966857701,7.078798294067383,284800.0
2014-11-10,7.1061089017758885,7.177115431691983,7.013254248877946,7.1716532707214355,551200.0
2014-11-11,7.171654055479547,7.177116217047792,7.100647517793564,7.1170334815979,265200.0
2014-11-12,7.095188095575689,7.253587195907612,6.85485862368955,7.2481255531311035,651800.0
2014-11-13,7.264506874611925,7.264506874611925,7.1443419551136085,7.14980411529541,364000.0
2014-11-14,7.155267150566811,7.2044250355142445,7.084260622220079,7.127956867218018,377200.0
2014-11-17,7.122493504799758,7.144341623612938,7.051486988431863,7.062411308288574,227400.0
2014-11-18,7.078799093136004,7.1224953420337265,7.018716881126728,7.035102844238281,252000.0
2014-11-19,7.024176280607646,7.040562759391719,6.8767016178524605,6.9477081298828125,346600.0
2014-11-20,6.920401795598291,6.996870510790167,6.887629340258772,6.991408348083496,280600.0
2014-11-21,7.062413692306117,7.062413692306117,6.88762816189911,6.914938449859619,379100.0
2014-11-24,6.942247697404257,7.0296401890602755,6.9203995744902524,7.0241780281066895,255700.0
2014-11-25,7.046026646012524,7.046026646012524,6.985944434003248,7.035102844238281,162900.0
2014-11-26,7.024179005581578,7.046027131535937,6.947710825191527,7.040565490722656,192400.0
2014-11-28,7.035101306511397,7.067873225571241,6.854854188981468,6.876702308654785,411300.0
2014-12-01,6.838470368147753,6.904014747666369,6.805697917938232,6.805697917938232,502800.0
2014-12-02,6.805697128254468,6.985944281241194,6.805697128254468,6.854855537414551,623800.0
2014-12-03,6.871240846473095,6.9586333340434505,6.8548548852787325,6.931323051452637,516500.0
2014-12-04,6.931323944573378,6.936786105975418,6.865779570450033,6.920400142669678,374400.0
2014-12-05,6.920400060656664,7.03510284423828,6.920400060656664,7.035102844238281,319500.0
2014-12-08,7.013252482318474,7.078796834754136,6.9094735336201865,6.9477081298828125,367300.0
2014-12-09,6.8657780838019224,7.02963924407959,6.849392124044236,7.02963924407959,531000.0
2014-12-10,7.024179750982912,7.062414366135781,6.822084434233766,6.8275465965271,600500.0
2014-12-11,6.860318099283932,6.9204003134882655,6.827545650963135,6.8330078125,585100.0
2014-12-12,6.751074324353879,6.849391110146959,6.707378090868108,6.756536483764648,989100.0
2014-12-15,6.789311733930971,6.860318273007127,6.690994907379308,6.745615482330322,739200.0
2014-12-16,6.723767031400429,6.740152994733223,6.48889929972873,6.505285263061523,1515800.0
2014-12-17,6.488900159974669,6.62545108795166,6.483437997839482,6.62545108795166,1278100.0
2014-12-18,6.712841836865325,6.723766158268837,6.603601227331777,6.674607753753662,809500.0
2014-12-19,6.674608308619566,6.740152679788454,6.647298023740774,6.696456432342529,2435300.0
2014-12-22,6.690993239176696,6.805696001255736,6.658220798196852,6.800233840942383,488600.0
2014-12-23,6.838467503479953,6.871239419060732,6.800232907435437,6.8111572265625,370500.0
2014-12-24,6.833008348763784,6.871242440721714,6.805698059836503,6.843932151794434,173800.0
2014-12-26,6.85485648341332,6.8930905754141305,6.83300835642708,6.84939432144165,253000.0
2014-12-29,6.865780035710787,6.947710899592313,6.854856233066834,6.914938449859619,407800.0
2014-12-30,6.882166461403303,6.9586346419497405,6.860318335404262,6.904014587402344,261800.0
2014-12-31,6.909476532679645,6.947711145538011,6.838470510729326,6.843932151794434,362900.0
2015-01-02,6.8930885649140805,6.8930885649140805,6.718303600003512,6.822082042694092,463500.0
2015-01-05,6.8111579049526965,6.827543864375124,6.712841106617612,6.729227066040039,602600.0
2015-01-06,6.729229488496674,6.794773870681979,6.554444469335861,6.603602886199951,707500.0
2015-01-07,6.619986948605817,6.761999996302548,6.565366906268817,6.609063148498535,618100.0
2015-01-08,6.663683590741852,6.772924202871981,6.5981392234637735,6.71830415725708,531600.0
2015-01-09,6.718304140147211,6.718304140147211,6.565367283554521,6.576291084289551,338600.0
2015-01-12,6.5762905355332855,6.60906297680434,6.521669973714956,6.5599045753479,499500.0
2015-01-13,6.619987346777253,6.685531714064117,6.505284573800158,6.587215423583984,646500.0
2015-01-14,6.516210622196013,6.548982554073518,6.45612787891981,6.532596588134766,440700.0
2015-01-15,6.521669230335692,6.5325935498142504,6.439738917847392,6.483435153961182,644700.0
2015-01-16,6.461590583773007,6.5817555595150825,6.445204616458341,6.554445266723633,848100.0
2015-01-20,6.581753960115198,6.603602084859051,6.483437138317671,6.505285263061523,565100.0
2015-01-21,6.505285503260778,6.554443915974652,6.406968677833029,6.434278964996338,455800.0
2015-01-22,6.488900087150555,6.619988851521166,6.434279508212578,6.603602886199951,750300.0
2015-01-23,6.603601759345172,6.630912044153867,6.532595227202709,6.548981189727783,301800.0
2015-01-26,6.527130580153771,6.6527576340676084,6.4452002778318205,6.6472954750061035,623000.0
2015-01-27,6.609062986151468,6.619986785990413,6.527132143308099,6.565366744995117,597500.0
2015-01-28,6.6254495627520615,6.658221486218085,6.450664581865717,6.461588382720947,530100.0
2015-01-29,6.456125779794227,6.614524788102028,6.423353858572087,6.609063148498535,725300.0
2015-01-30,6.565366312659265,6.652758789217083,6.445201396942139,6.445201396942139,653900.0
2015-02-02,6.48343681872713,6.570829313394667,6.423354608868287,6.548981189727783,572900.0
2015-02-03,6.565560262788988,6.648458539335193,6.532400635937873,6.548980712890625,1274400.0
2015-02-04,6.548979416752158,6.593191892433759,6.493713558623014,6.504766941070557,904100.0
2015-02-05,6.51582108603951,6.55450687815382,6.510294393721926,6.548980712890625,774000.0
2015-02-06,6.55450687815382,6.582139812687351,6.543454020573041,6.548980712890625,3015700.0
2015-02-09,6.554506222128115,6.571086297421404,6.510293742121347,6.53792667388916,1070800.0
2015-02-10,6.59871933442759,6.615299411309591,6.504768200701514,6.532400608062744,1042500.0
2015-02-11,6.532401232057852,6.576613720524396,6.482662050769381,6.488188743591309,755300.0
2015-02-12,6.554506222128115,6.554506222128115,6.4937141938823935,6.53792667388916,1271800.0
2015-02-13,6.576613752860128,6.604246690051192,6.543454649874403,6.5821404457092285,1071800.0
2015-02-17,6.5821384422308205,6.598717988677183,6.504766874111611,6.5268731117248535,1197900.0
2015-02-18,6.526874764696794,6.532400930208932,6.47160889314012,6.499241828918457,669800.0
2015-02-19,6.488188589645786,6.521348218736132,6.449502794919069,6.455029487609863,1198200.0
2015-02-20,6.47160889314012,6.5047685214850075,6.366604369647733,6.499241828918457,703800.0
2015-02-23,6.499241906067136,6.548981085647685,6.46608227732863,6.51582145690918,1554700.0
2015-02-24,6.537927700383377,6.560033943857575,6.510294764277026,6.51582145690918,1050900.0
2015-02-25,6.510293105240044,6.593191892433759,6.477134012005985,6.504766941070557,400200.0
2015-02-26,6.515819796463815,6.543452725528387,6.488186867399243,6.504766941070557,572300.0
2015-02-27,6.510294365941129,6.56556023477236,6.482661431525513,6.532400608062744,997300.0
2015-03-02,6.548981817150837,6.582140922538705,6.521348877957963,6.543455123901367,460500.0
2015-03-03,6.543453285631476,6.560032833667673,6.5213470458984375,6.5213470458984375,442500.0
2015-03-04,6.510296096362437,6.521349483888401,6.477136987893594,6.482663154602051,342200.0
2015-03-05,6.499242203191468,6.537927999276299,6.421870083967364,6.466082572937012,342200.0
2015-03-06,6.466082422844057,6.560034091487329,6.460555730087528,6.471609115600586,580900.0
2015-03-09,6.4937141938823935,6.571086297421404,6.4771346456434395,6.53792667388916,511100.0
2015-03-10,6.499242203191468,6.510295061906659,6.455029714221821,6.466082572937012,452400.0
2015-03-11,6.482660759711366,6.482660759711366,6.388709635721678,6.44397497177124,513700.0
2015-03-12,6.493716087460432,6.5766143798828125,6.455030287937253,6.5766143798828125,447500.0
2015-03-13,6.571088942218848,6.571088942218848,6.4660838646485335,6.5655622482299805,415000.0
2015-03-16,6.582139812687351,6.604246054903299,6.51582108603951,6.548980712890625,360000.0
2015-03-17,6.548981519758854,6.648459358459604,6.515821888822302,6.631879806518555,679600.0
2015-03-18,6.63187985375814,6.637406546796009,6.532401487294342,6.554507732391357,462100.0
2015-03-19,6.554505513450698,6.609771371010944,6.477133945331487,6.5268731117248535,296400.0
2015-03-20,6.543453336561203,6.62635160444174,6.493714165011148,6.615298748016357,929000.0
2015-03-23,6.609772056276499,6.648457844346838,6.5876658163714,6.615298748016357,367600.0
2015-03-24,6.620826467682404,6.626353160720272,6.543454873370078,6.554507732391357,420700.0
2015-03-25,6.554507219510627,6.587666848088686,6.44950269527987,6.460555553436279,529700.0
2015-03-26,6.477135631252517,6.4992418746197504,6.421869759307223,6.460555553436279,376200.0
2015-03-27,6.466083600367629,6.493716542128015,6.383185302140997,6.482663154602051,483300.0
2015-03-30,6.5379279570253015,6.615300075749393,6.493715468341375,6.5821404457092285,588300.0
2015-03-31,6.565560262788988,6.571086955106572,6.493714843823563,6.548980712890625,565400.0
2015-04-01,6.521347125650207,6.565559605656974,6.47160795387901,6.53792667388916,432800.0
2015-04-02,6.5489798511117305,6.620824733568715,6.515820228624083,6.604245185852051,542700.0
2015-04-06,6.582140670526241,6.620826467682404,6.510295242197326,6.554507732391357,446900.0
2015-04-07,6.576613977488373,6.626353160720272,6.548981566407947,6.554507732391357,379900.0
2015-04-08,6.571086297421404,6.620824942138266,6.510293742121347,6.53792667388916,461500.0
2015-04-09,6.560033321380615,6.604245804133719,6.504767981466419,6.560033321380615,571500.0
2015-04-10,6.604248595426691,6.642934929477255,6.543456537710934,6.620828151702881,575200.0
2015-04-13,6.62635304171784,6.692671775817871,6.58214055231782,6.692671775817871,455300.0
2015-04-14,6.69819806429647,6.731357692871417,6.626352641596096,6.670565128326416,702500.0
2015-04-15,6.692672749646285,6.764518187138918,6.64293408712479,6.747938632965088,554500.0
2015-04-16,6.753464221954346,6.77004377341604,6.692671654837402,6.753464221954346,441000.0
2015-04-17,6.714776905205437,6.7700427713031255,6.637405325133907,6.659511566162109,563000.0
2015-04-20,6.6760931192823465,6.803204438643142,6.659513565297727,6.770044803619385,1029700.0
2015-04-21,6.814254262160849,6.930312142440773,6.764515095318841,6.891626358032227,958400.0
2015-04-22,6.897153697229645,6.908207081546218,6.808728730914553,6.863994598388672,521000.0
2015-04-23,6.858467033937882,6.90820620292765,6.808727864948113,6.880573272705078,443000.0
2015-04-24,6.863993725393257,6.897152820016898,6.82530793931424,6.880573272705078,522700.0
2015-04-27,6.90268087387085,6.935840502093592,6.830835451933583,6.90268087387085,810600.0
2015-04-28,6.930627160849074,6.986519530303155,6.913859663224505,6.975340843200684,663000.0
2015-04-29,6.975339397324974,7.020053603437185,6.93062572424179,6.9418044090271,491800.0
2015-04-30,6.913857919990775,6.95298224892649,6.852376755516223,6.8803229331970215,819300.0
2015-05-01,6.885913363064655,6.936216388124239,6.818842840661587,6.8523783683776855,477400.0
2015-05-04,6.857966423034668,6.913858248019049,6.8300202440279625,6.857966423034668,384800.0
2015-05-05,6.824431891001964,6.908269907147579,6.768539524885482,6.807664394378662,602200.0
2015-05-06,6.846791266393317,6.908272465466299,6.768542031458272,6.863558769226074,552300.0
2015-05-07,6.863556227466037,6.897091753741747,6.7797182113204215,6.807664394378662,306000.0
2015-05-08,6.8579669497128055,6.897091283509446,6.790895901734178,6.841198921203613,289500.0
2015-05-11,6.863554659032928,6.919447012377104,6.813251647628967,6.83560848236084,672600.0
2015-05-12,6.813252984368885,6.908269683878586,6.779717992206103,6.90268087387085,440400.0
2015-05-13,6.908269683878586,6.947394552107286,6.830021013479366,6.90268087387085,359500.0
2015-05-14,6.902683397763391,6.947397092348913,6.841201667936334,6.925040245056152,562500.0
2015-05-15,6.930626268019929,6.930626268019929,6.7964852382456495,6.824431419372559,347400.0
2015-05-18,6.807664369796513,6.919448568596722,6.79648568340194,6.908269882202148,403200.0
2015-05-19,6.930627820264838,6.936217164347872,6.8747359785220565,6.913860321044922,604000.0
2015-05-20,6.9250366042746965,6.9250366042746965,6.846787413374263,6.8803229331970215,465700.0
2015-05-21,6.891501934259699,6.891501934259699,6.813252733710167,6.824431419372559,876400.0
2015-05-22,6.824432089469999,6.841199586580933,6.774129065108075,6.813253402709961,503000.0
2015-05-26,6.78530812286984,6.813253775239679,6.679112724959506,6.7238264083862305,1372400.0
2015-05-27,6.751771778895425,6.7797179609215155,6.695879414843246,6.729414939880371,1895400.0
2015-05-28,6.72941538412617,6.824432089469999,6.72941538412617,6.813253402709961,626900.0
2015-05-29,6.818841770256713,6.846787950128352,6.740593106250978,6.7629499435424805,859900.0
2015-06-01,6.81325195563571,6.818841297828603,6.723824612665474,6.779716968536377,547100.0
2015-06-02,6.779717228421699,6.885912069012344,6.712646718623024,6.857966423034668,523300.0
2015-06-03,6.897093772888183,6.925039964127762,6.779720196105365,6.897093772888184,388500.0
2015-06-04,6.880322684853572,6.902679519585446,6.802073496777523,6.83560848236084,509200.0
2015-06-05,6.846787571590089,6.936214915811929,6.830020077805748,6.919447422027588,434700.0
2015-06-08,6.925039009210992,6.930627820264838,6.8747359785220565,6.913860321044922,410700.0
2015-06-09,6.908272209814617,6.964164594561163,6.869147860309607,6.925040245056152,402000.0
2015-06-10,6.952984898668233,7.036823463661012,6.9306280546093335,6.992109775543213,467100.0
2015-06-11,7.020054721482743,7.020054721482743,6.947394857893175,6.980929851531982,432800.0
2015-06-12,6.969748322489563,7.003283299887109,6.930623471487287,6.997694492340088,361700.0
2015-06-15,6.997697075247282,7.036821407661813,6.941804714915906,7.003285884857178,474000.0
2015-06-16,7.0032867966204,7.070357317932581,6.925038121604081,7.053589820861816,455400.0
2015-06-17,7.070358463234757,7.070358463234757,6.9585742429402595,6.992109775543213,508100.0
2015-06-18,7.020053735587756,7.070356218981496,6.986518213629557,7.047999382019043,447400.0
2015-06-19,7.05358839849183,7.081534576660451,7.020053411112696,7.0703558921813965,708400.0
2015-06-22,7.087125499235639,7.137428524550266,7.031233130435135,7.092714309692383,776700.0
2015-06-23,7.092714215806477,7.165374081073684,7.048000534569598,7.159785270690918,595900.0
2015-06-24,7.143016295840278,7.226854836844195,7.1262488008511164,7.176551818847656,936700.0
2015-06-25,7.215677119606728,7.2380339602681865,7.1541959410450024,7.210087776184082,579000.0
2015-06-26,7.210086786995852,7.265979147495903,7.165373111807432,7.260389804840088,1070400.0
2015-06-29,7.265981150608438,7.282748650169357,7.115072055472553,7.126250743865967,740500.0
2015-06-30,7.176551533411605,7.210086522056126,7.120659174965358,7.165372848510742,713200.0
2015-07-01,7.226855909577274,7.28833708901632,7.176552884113903,7.282747745513916,763800.0
2015-07-02,7.254802462215023,7.2603918064117305,7.1206613996692605,7.126250743865967,632900.0
2015-07-06,7.09271312264266,7.148605482088914,7.036821296225449,7.13742733001709,463200.0
2015-07-07,7.126249009638674,7.126249009638674,7.0312323135345,7.064767837524414,610700.0
2015-07-08,7.025643460354367,7.154195689407978,7.014465306931374,7.115070819854736,1324900.0
2015-07-09,7.2156767791319565,7.260390458345037,7.148606260312335,7.198909282684326,966600.0
2015-07-10,7.260391571035769,7.3051052571014425,7.243624072018437,7.254802227020264,814500.0
2015-07-13,7.293926719543983,7.321872905126589,7.265980533961378,7.310694217681885,455800.0
2015-07-14,7.321872908816926,7.3498185613844615,7.2715698813487135,7.3274617195129395,506800.0
2015-07-15,7.338640406963278,7.3498185613844615,7.310694221366587,7.3274617195129395,375400.0
2015-07-16,7.3833521525128365,7.3833521525128365,7.282746123986359,7.293924808502197,593300.0
2015-07-17,7.327460159026261,7.377763175781731,7.18214098432373,7.2212653160095215,681200.0
2015-07-20,7.243622475548879,7.271568656437978,7.148605780343382,7.182141304016113,508000.0
2015-07-21,7.165373615302128,7.254800971962827,7.159784805282652,7.193319797515869,624900.0
2015-07-22,7.198910385952765,7.282748414068606,7.198910385952765,7.254802227020264,538500.0
2015-07-23,7.277157695603682,7.288335847675507,7.13742733001709,7.13742733001709,612000.0
2015-07-24,7.137428039129141,7.15419553541727,7.070356987918428,7.07594633102417,456500.0
2015-07-27,7.087125348032468,7.131839028907256,7.008876139987028,7.053589820861816,479200.0
2015-07-28,7.0761969311378925,7.104456071306508,7.025329616420707,7.0931525230407715,683400.0
2015-07-29,7.104458076241106,7.144021853857767,7.0592427924009495,7.087502479553223,389500.0
2015-07-30,7.064893647947694,7.155324200400047,7.064893647947694,7.138368606567383,487700.0
2015-07-31,7.149671245838268,7.2061906034293655,7.115760062490442,7.172278881072998,585100.0
2015-08-03,7.177932004136005,7.206191687181579,7.110109088231801,7.160976409912109,496500.0
2015-08-04,7.166627208012036,7.262709790252591,7.138367529880957,7.1496710777282715,476400.0
2015-08-05,7.177932262420653,7.234451630545546,7.138369028138413,7.177932262420654,403700.0
2015-08-06,7.189235210418702,7.217494889995162,7.13271585126578,7.189235210418701,575100.0
2015-08-07,7.138370102942339,7.200540986033699,7.1044583691596825,7.166629791259766,564500.0
2015-08-10,7.211844921112061,7.251408160496241,7.177933188062257,7.2118449211120605,694400.0
2015-08-11,7.19488894056847,7.245756271738093,7.115762460090142,7.166629791259766,471900.0
2015-08-12,7.160974119698963,7.160974119698963,6.985764572058586,7.047935962677002,635700.0
2015-08-13,7.064894998031246,7.189237300919035,7.014027667804027,7.110110282897949,1321800.0
2015-08-14,7.110109642050919,7.268363124820707,7.093154046506322,7.257059574127197,1802600.0
2015-08-17,7.279667566047594,7.307927252658984,7.183584954974078,7.2683634757995605,737600.0
2015-08-18,7.2344519337315125,7.302274854918565,7.2174963381869155,7.257059574127197,600200.0
2015-08-19,7.245754625435666,7.336185176297796,7.206191394185634,7.251406669616699,667800.0
2015-08-20,7.18923603919969,7.296622187159537,7.155324311996854,7.200539588928223,986300.0
2015-08-21,7.087500835624572,7.2570583802010455,7.087500835624572,7.206191062927246,1391800.0
2015-08-24,7.030982236438403,7.17793216026483,6.9914190027192245,7.014026641845703,1614900.0
2015-08-25,7.1157594913806195,7.245753248794907,6.963157561537589,6.968809604644775,1065800.0
2015-08-26,7.076200796142412,7.12706759963438,6.9914217123047795,7.121416091918945,940400.0
2015-08-27,7.14967153585059,7.2344505756761315,7.087500671185377,7.1835832595825195,945800.0
2015-08-28,7.144020484527652,7.234451034874688,7.121412846940893,7.217495441436768,671400.0
2015-08-31,7.177932563237971,7.268363124820707,7.160976967693374,7.257059574127197,572400.0
2015-09-01,7.155322873294614,7.177930507214641,7.014025026542324,7.025329113006592,950100.0
2015-09-02,7.087501863748048,7.110109503703837,6.9970713039248915,7.030982494354248,887100.0
2015-09-03,7.04228539288863,7.104456257500933,7.019677756756105,7.081848621368408,546900.0
2015-09-04,7.014026237159687,7.059241512803872,6.974463005723175,7.042285919189453,495500.0
2015-09-08,7.0988042120421895,7.1609750719192355,7.0648924909220145,7.155323028564453,680900.0
2015-09-09,7.217494520846274,7.268361294671984,7.127063443025113,7.1496710777282715,584400.0
2015-09-10,7.132716293538534,7.228798886651085,7.110108656277262,7.194887161254883,544600.0
2015-09-11,7.155324311996854,7.21749572203395,7.138368717899746,7.200539588928223,443000.0
2015-09-14,7.194887305823568,7.268362263151198,7.189235800651135,7.251406669616699,315700.0
2015-09-15,7.257060152038294,7.324883078626379,7.257060152038294,7.319231033325195,456700.0
2015-09-16,7.302274173907836,7.347489450482423,7.274014491296565,7.341837406158447,410200.0
2015-09-17,7.3135780991100265,7.392705106683148,7.172280217806436,7.177932262420654,754300.0
2015-09-18,7.098804135929666,7.149670908551759,7.081848006047119,7.127063274383545,1760300.0
2015-09-21,7.1496736594501265,7.25140832185463,7.13837010752114,7.234452724456787,568600.0
2015-09-22,7.166627376520721,7.240102325785732,7.144019741285991,7.172278881072998,504600.0
2015-09-23,7.189237152501671,7.25140803315773,7.172281016770172,7.223148345947266,395100.0
2015-09-24,7.183584954974078,7.274015520923577,7.172280864726046,7.2683634757995605,565300.0
2015-09-25,7.330534714720601,7.404009682508332,7.313578579763579,7.347490310668945,679600.0
2015-09-28,7.313578160468664,7.375749573729373,7.285319015177774,7.307926654815674,627600.0
2015-09-29,7.336184811732446,7.353140943432925,7.26836190195625,7.313577175140381,773900.0
2015-09-30,7.347490310668946,7.370097951602965,7.296622983815234,7.347490310668945,790300.0
2015-10-01,7.347491009395492,7.358795100441829,7.228800748452601,7.330535411834717,1008300.0
2015-10-02,7.245754914905719,7.302274280956816,7.093153488981553,7.262711048126221,617200.0
2015-10-05,7.268363204831557,7.358794306418432,7.1214138101463105,7.353142261505127,532000.0
2015-10-06,7.353142192617324,7.370097788189722,7.279667226458715,7.324882507324219,487200.0
2015-10-07,7.358795578653158,7.404010867759363,7.30227619776602,7.3983588218688965,709300.0
2015-10-08,7.36444456913255,7.460527160404375,7.347488976263575,7.4435715675354,987100.0
2015-10-09,7.477482730247535,7.477482730247535,7.353140997579835,7.375748634338379,452500.0
2015-10-12,7.387051502423943,7.5057417192199685,7.358792363336554,7.494438171386719,580600.0
2015-10-13,7.44922253456272,7.522697478384135,7.415310814718797,7.454874038696289,327100.0
2015-10-14,7.437920112669103,7.511395072932079,7.251406959312553,7.262711048126221,502500.0
2015-10-15,7.313576194195531,7.454874038696289,7.245753293516187,7.454874038696289,768000.0
2015-10-16,7.454871864311335,7.505739159736351,7.324878144010378,7.437916278839111,381400.0
2015-10-19,7.40965984278887,7.48878684119172,7.40965984278887,7.4435715675354,291300.0
2015-10-20,7.460528857836771,7.539655874242737,7.432269170619733,7.528351783752441,379100.0
2015-10-21,7.522698827741495,7.590521740586333,7.437919782429,7.460527420043945,489700.0
2015-10-22,7.460528463899517,7.647041635071354,7.460528463899517,7.624433994293213,546700.0
2015-10-23,7.663996551953764,7.709211826324463,7.596173101389127,7.709211826324463,479000.0
2015-10-26,7.731819390079644,7.731819390079644,7.624432710212658,7.680952072143555,413200.0
2015-10-27,7.69225569417901,7.816597968202727,7.618780738574476,7.709211826324463,711700.0
2015-10-28,7.748774351038652,7.946591562653549,7.7318187594457735,7.9352874755859375,980700.0
2015-10-29,7.9239858345039975,7.9239858345039975,7.737472126062004,7.7657318115234375,776400.0
2015-10-30,7.737469512194927,7.760077145125044,7.539652858808527,7.607475757598877,734600.0
2015-11-02,7.630088077166765,7.652695723983203,7.5340054434447,7.613132476806641,591600.0
2015-11-03,7.584571532009936,7.66452956211449,7.544592789292419,7.624550819396973,508600.0
2015-11-04,7.653110027313232,7.658821434336347,7.573152507668638,7.653110027313232,431100.0
2015-11-05,7.670244731790875,7.755913663857769,7.641688239545315,7.721646308898926,580200.0
2015-11-06,7.755910234747989,7.9044034930359555,7.744487969701747,7.881558418273926,529800.0
2015-11-09,7.8758472379588,7.8815586429795275,7.773044126263946,7.80731201171875,520600.0
2015-11-10,7.824448262866325,7.910117732425108,7.790180910778606,7.86442756652832,600900.0
2015-11-11,7.892983511711507,7.961518760556688,7.841581938910186,7.86442756652832,527600.0
2015-11-12,7.801599959417123,7.847290106453015,7.6816631872805266,7.687374591827393,533500.0
2015-11-13,7.658817526502408,7.761620621785224,7.6017051194215455,7.618838787078857,468200.0
2015-11-16,7.624552330516061,7.664531081157015,7.5503056902759855,7.658819675445557,373100.0
2015-11-17,7.664531568951894,7.73877821391726,7.607418597541717,7.693088054656982,461500.0
2015-11-18,7.727354581781829,7.795889813399652,7.635974272958064,7.778756141662598,750400.0
2015-11-19,7.795888900756836,7.830156784888905,7.733065081962508,7.795888900756836,658900.0
2015-11-20,7.801602884710089,7.875849537650356,7.784469209314557,7.853004455566406,786500.0
2015-11-23,7.870137451522523,7.9729405843600265,7.807313617382756,7.9443840980529785,645900.0
2015-11-24,7.8815595621202315,7.910116045884541,7.8187351889048236,7.904404640197754,507800.0
2015-11-25,7.898691417116601,7.950092967131553,7.870134939922795,7.9386701583862305,395200.0
2015-11-27,7.9386733170807835,7.972941212282,7.9101173731944385,7.950096130371094,119600.0
2015-11-30,7.961517810821532,8.030053596160771,7.9158276503751575,7.961517810821533,494900.0
2015-12-01,8.018630493663965,8.05860924644101,7.921538770060007,7.984362602233887,484600.0
2015-12-02,7.9900753616170785,8.03576552814979,7.910117842519706,7.915828704833984,483200.0
2015-12-03,7.967228110199747,7.990073187249188,7.830157647903097,7.841579914093018,409000.0
2015-12-04,7.841580778976684,7.950095315432294,7.818735699407554,7.921538829803467,460600.0
2015-12-07,7.932960740024718,7.932960740024718,7.813023949754985,7.8587141036987305,510500.0
2015-12-08,7.824445579314534,7.864424869264822,7.721643013639851,7.738776683807373,478300.0
2015-12-09,7.738776909704813,7.7730442510401305,7.635973796359719,7.664530277252197,460000.0
2015-12-10,7.6588199046263545,7.727355141205805,7.635974825766538,7.698798656463623,396000.0
2015-12-11,7.59599674587155,7.715933556662615,7.573151664990856,7.607419013977051,562400.0
2015-12-14,7.5902846467633935,7.664531289017018,7.538883083305527,7.601707458496094,560600.0
2015-12-15,7.6702407068837966,7.813022548518003,7.601705488259717,7.761620998382568,545500.0
2015-12-16,7.778754905824171,7.8301564575385925,7.687374611518319,7.801599979400635,488800.0
2015-12-17,7.81302664834889,7.881561902936363,7.710223494132788,7.721646308898926,524000.0
2015-12-18,7.693087066906112,7.715932143603066,7.498903642647208,7.510325908660889,1942900.0
2015-12-21,7.561728339041026,7.607418497701664,7.510326774380395,7.590284824371338,449000.0
2015-12-22,7.618841975957455,7.635975650786094,7.498905162817581,7.613130569458008,366000.0
2015-12-23,7.630265424779177,7.733068578995279,7.595998069820333,7.721646308898926,430100.0
2015-12-24,7.738776683807372,7.773044024142415,7.681663723689562,7.738776683807373,186100.0
2015-12-28,7.715931608694159,7.773044024142415,7.670241458467732,7.738776683807373,286900.0
2015-12-29,7.773044656552008,7.858714103698731,7.721643641867493,7.8587141036987305,352000.0
2015-12-30,7.858714967914044,7.858714967914044,7.698798866855514,7.79017972946167,319100.0
2015-12-31,7.744486823508495,7.778754158245161,7.647395133972168,7.647395133972168,383400.0
2016-01-04,7.556016611604727,7.613129579835741,7.453214031326388,7.4817705154418945,694100.0
2016-01-05,7.487481130874555,7.561727769271081,7.4817702699745245,7.521749019622803,524900.0
2016-01-06,7.441790921509157,7.5217489648935425,7.441790921509157,7.4703474044799805,504800.0
2016-01-07,7.384678390524036,7.447502216390797,7.344699097091006,7.367544174194336,593600.0
2016-01-08,7.401811864403099,7.476058499172409,7.224762113080961,7.230473518371582,585400.0
2016-01-11,7.236185739869497,7.310432383013475,7.201917848930104,7.259030818939209,412200.0
2016-01-12,7.29900876322257,7.40752328529456,7.18478338051752,7.26474142074585,495800.0
2016-01-13,7.270452847093878,7.407523861675042,7.036290658160935,7.070558547973633,552000.0
2016-01-14,7.0762711993279215,7.150517853100079,7.042003303483185,7.047714710235596,649000.0
2016-01-15,6.8820850613731785,7.019155502319335,6.859239987882153,7.019155502319336,801500.0
2016-01-19,7.0819796473332675,7.13909260604948,6.962042869764854,7.013444423675537,536600.0
2016-01-20,6.887796422810457,7.053423340751305,6.847817135949208,7.002021789550781,640500.0
2016-01-21,7.00202130673035,7.013443570282011,6.864950876093575,6.870661735534668,509200.0
2016-01-22,6.9334885573397935,6.979178717135305,6.853530505362813,6.956333637237549,550500.0
2016-01-25,6.944910439838457,6.944910439838457,6.75072699914073,6.762149810791016,632600.0
2016-01-26,6.779284028150705,7.093404293060303,6.779284028150705,7.093404293060303,1269200.0
2016-01-27,7.059133425618353,7.196204395328289,7.053422566410422,7.121957778930664,1371600.0
2016-01-28,7.179072639420705,7.224762796729967,7.144805293773579,7.173361778259277,680000.0
2016-01-29,7.190496146507119,7.190496146507119,7.0991158230508065,7.179073333740234,1059300.0
2016-02-01,7.156226836551731,7.17336105231094,7.053424265344394,7.099114418029785,681400.0
2016-02-02,7.029741016519936,7.081770438565924,6.914120384930331,6.966149806976318,482100.0
2016-02-03,7.035522361542343,7.075989445778131,6.8909964306171885,7.00083589553833,739800.0
2016-02-04,6.9950546285958355,7.104894083330633,6.885214622538416,6.971930503845215,439400.0
2016-02-05,7.012398059612161,7.0991133954737,6.966149806976318,6.966149806976318,734200.0
2016-02-08,6.937246195794813,7.075990987393238,6.8620926291816335,7.041305065155029,652800.0
2016-02-09,6.983493811788478,7.0586473714295135,6.97193202255595,6.99505615234375,477100.0
2016-02-10,7.023958490744848,7.104893192889967,6.971929630068579,6.977710247039795,584600.0
2016-02-11,6.896778009352219,6.937245095988888,6.8100621148587335,6.862091541290283,479000.0
2016-02-12,6.914121422425079,7.012399111853914,6.896778462914914,6.99505615234375,857200.0
2016-02-16,7.058648282547109,7.162707155685312,6.9892758842292455,7.110677719116211,518500.0
2016-02-17,7.174269032108042,7.260984944533318,7.12223959491744,7.1338019371032715,533900.0
2016-02-18,7.1684898575250875,7.21473813650347,7.110679784463596,7.1627092361450195,631200.0
2016-02-19,7.162704180574892,7.278324796413664,7.145360674707137,7.2089524269104,569000.0
2016-02-22,7.278325843053643,7.324574096039756,7.203172294120542,7.220515251159668,557700.0
2016-02-23,7.1916126376205955,7.289890349703471,7.1569267106047985,7.168488502502441,382600.0
2016-02-24,7.093333210881135,7.220515637740872,7.070208531827336,7.197391510009766,421100.0
2016-02-25,7.191610322894944,7.33613625869633,7.191610322894944,7.3245744705200195,323400.0
2016-02-26,7.341916649322336,7.388164899765104,7.295668398879568,7.359259605407715,433500.0
2016-02-29,7.359262132297773,7.382386816781926,7.272546770773492,7.278327941894531,457000.0
2016-03-01,7.301450406467546,7.480662259682159,7.278326278590735,7.463319301605225,600800.0
2016-03-02,7.457537267016615,7.480661392211914,7.376603104494388,7.480661392211914,418700.0
2016-03-03,7.451756841706371,7.544253344876969,7.434413333869898,7.5384721755981445,602600.0
2016-03-04,7.550036128024686,7.625189139423252,7.3766048718464425,7.59628438949585,470400.0
2016-03-07,7.573159014152726,7.665655521893753,7.5500348872174685,7.642531394958496,473400.0
2016-03-08,7.578941430779589,7.6887814732776905,7.567379640229834,7.602065563201904,457500.0
2016-03-09,7.636750430786059,7.654093388623276,7.53847275083735,7.573159217834473,284300.0
2016-03-10,7.584723389432042,7.630971659079815,7.4748838868492955,7.561599254608154,489600.0
2016-03-11,7.596283784886292,7.682999130412113,7.584721444777397,7.677217960357666,297500.0
2016-03-14,7.671438686084961,7.706124609845087,7.625189868866762,7.65409517288208,366700.0
2016-03-15,7.590501019508157,7.688778684487492,7.555814557794377,7.636749267578125,359900.0
2016-03-16,7.6078449288942736,7.68877964882901,7.596283141087983,7.642531394958496,354300.0
2016-03-17,7.60206382720339,7.804400353185417,7.550034954626538,7.781276226043701,673700.0
2016-03-18,7.810181790060665,7.891115962164846,7.7465900247528685,7.844867706298828,1136100.0
2016-03-21,7.844868795616657,7.902679399137956,7.671438087698312,7.76393461227417,660900.0
2016-03-22,7.711904224526897,7.787057779270404,7.682998926345133,7.752371311187744,359300.0
2016-03-23,7.740810219035001,7.7986202692761415,7.694561958312987,7.694561958312988,585400.0
2016-03-24,7.66565682795573,7.735029220581054,7.613627395656044,7.735029220581055,420200.0
2016-03-28,7.735026841330104,7.792836875074447,7.706121548796633,7.740808010101318,586900.0
2016-03-29,7.7061238817649835,7.856431007385254,7.630970318954848,7.856431007385254,539700.0
2016-03-30,7.862211792611524,7.9258030112624756,7.850649452135312,7.885335922241211,458400.0
2016-03-31,7.862212002296232,7.9142408818585785,7.810182571411133,7.810182571411133,652100.0
2016-04-01,7.821743198004963,7.902677917496095,7.75815198711222,7.873772621154785,507200.0
2016-04-04,7.8968972300324225,7.908459569803842,7.833306015257729,7.879554271697998,460200.0
2016-04-05,7.833306035832145,7.873773122492992,7.752371311187744,7.752371311187744,498400.0
2016-04-06,7.763934301013901,7.8101825614477125,7.70612369981026,7.792839050292969,352900.0
2016-04-07,7.7292485671860405,7.7350297381223205,7.567379640229834,7.602065563201904,567700.0
2016-04-08,7.630968671789824,7.729246344149366,7.619406884565397,7.665655136108398,362100.0
2016-04-11,7.607842936566596,7.781274118824525,7.607842936566596,7.729244709014893,475200.0
2016-04-12,7.729247661758417,7.781277091444442,7.700342361785877,7.758152961730957,400800.0
2016-04-13,7.804400045221502,7.948925971984863,7.792837706445558,7.948925971984863,578700.0
2016-04-14,7.908462129858298,8.018301636629493,7.810184415278495,7.931586265563965,422100.0
2016-04-15,7.908460780712479,7.983614346765775,7.891117268399788,7.937365531921387,392200.0
2016-04-18,7.902679999981841,7.948928265786044,7.85065056312141,7.914241790771484,540200.0
2016-04-19,7.966272193461023,7.966272193461023,7.891118614586886,7.931586265563965,409500.0
2016-04-20,7.914242750292552,7.943148057755356,7.879556822395495,7.931586265563965,441300.0
2016-04-21,7.925802346484461,7.983612941371171,7.815962877786942,7.833305835723877,541000.0
2016-04-22,7.844867803706443,7.931583698023976,7.844867803706443,7.879554271697998,507300.0
2016-04-25,7.8390868011878805,7.983612733315571,7.804400334895257,7.9026780128479,538800.0
2016-04-26,7.948925680360087,8.018298056502696,7.908458598774225,7.995173931121826,440900.0
2016-04-27,7.989393829866235,8.012517958338043,7.821743760614949,7.896897315979004,556700.0
2016-04-28,7.838443686270118,7.990419612869468,7.832598329683091,7.943657875061035,665500.0
2016-04-29,8.095636550920776,8.22423109484245,7.967041449555028,8.195005416870117,1231600.0
2016-05-02,8.259304358792846,8.294375402428345,8.171625634815722,8.241768836975098,734400.0
2016-05-03,8.04887473051697,8.177469273372752,7.990422260168652,8.165779113769531,883200.0
2016-05-04,8.089789805710488,8.195004012197582,8.043028060037107,8.15408706665039,616500.0
2016-05-05,8.183313008548023,8.247610267221075,8.148241421807475,8.159932136535645,597900.0
2016-05-06,8.083944218543555,8.206693936810888,8.083944218543555,8.200848579406738,597400.0
2016-05-09,8.183314323425293,8.235921433266933,8.13655257188696,8.183314323425293,450000.0
2016-05-10,8.212541162619805,8.35867178630541,8.195005643861878,8.335290908813477,604600.0
2016-05-11,8.341134284988225,8.4171217006929,8.288527183774251,8.306062698364258,610600.0
2016-05-12,8.335289936249756,8.393741844437361,8.276837470618126,8.346980094909668,527400.0
2016-05-13,8.335288564068241,8.41127653390237,8.247609880054737,8.282681465148926,384200.0
2016-05-16,8.323597231227053,8.493108672121288,8.241764467829494,8.463882446289062,949400.0
2016-05-17,8.452192531067853,8.463882687267242,8.235919345662026,8.270990371704102,653000.0
2016-05-18,8.241766412009659,8.48726587500188,8.22423033790734,8.481420516967773,517400.0
2016-05-19,8.434657020434816,8.487264116956732,8.346978340416987,8.405430793762207,409400.0
2016-05-20,8.411279125293042,8.498957278874952,8.411279125293042,8.475576400756836,503100.0
2016-05-23,8.481421759647391,8.493111919984397,8.440504804857609,8.475576400756836,326600.0
2016-05-24,8.481419163018538,8.621704388778216,8.393740478835788,8.615859031677246,668400.0
2016-05-25,8.610016619628782,8.691849974701626,8.592481099771788,8.633398056030273,488600.0
2016-05-26,8.650931882412731,8.697693631173555,8.586634059783586,8.5983247756958,477700.0
2016-05-27,8.598323592452045,8.645085334777832,8.574942721289153,8.645085334777832,442900.0
2016-05-31,8.645087618180037,8.67431385421408,8.598325863503202,8.656778335571289,741600.0
2016-06-01,8.62754959289543,8.70353756152882,8.563251780812756,8.69184684753418,609400.0
2016-06-02,8.633395825046597,8.66262149810791,8.516490903025419,8.66262149810791,612700.0
2016-06-03,8.610017737746023,8.610017737746023,8.428816041656189,8.569101333618164,507200.0
2016-06-06,8.574945579914795,8.662623736643885,8.574945579914795,8.633398056030273,399300.0
2016-06-07,8.656778934987639,8.674314454844632,8.580790939015168,8.633398056030273,370800.0
2016-06-08,8.633397438137846,8.686003993943773,8.586635126125769,8.668468475341797,353500.0
2016-06-09,8.639239902637192,8.645085259738162,8.557407132999348,8.615859031677246,457000.0
2016-06-10,8.580789546950426,8.604170422114704,8.510646921457592,8.592479705810547,434200.0
2016-06-13,8.545715477787727,8.569096346173094,8.434656492318203,8.469727516174316,491700.0
2016-06-14,8.428813796259792,8.493111065252824,8.346980452359892,8.370361328125,374600.0
2016-06-15,8.382051396602453,8.440503302773505,8.346979806944615,8.352825164794922,319700.0
2016-06-16,8.306063364110658,8.34113495354568,8.253456258680128,8.311908721923828,359300.0
2016-06-17,8.323600659492142,8.37620777616881,8.218386983582924,8.253458023071289,1190300.0
2016-06-20,8.335290648160395,8.469730550173914,8.335290648160395,8.393742561340332,352000.0
2016-06-21,8.393741105220814,8.469729080872245,8.329443844643746,8.43465805053711,404500.0
2016-06-22,8.45219200424626,8.545715477787727,8.45219200424626,8.469727516174316,384400.0
2016-06-23,8.56325040115328,8.639238357543945,8.55156024648601,8.639238357543945,438900.0
2016-06-24,8.212539210625618,8.487264873940838,8.212539210625618,8.306062698364258,1153100.0
2016-06-27,8.230074752572781,8.241765467300949,8.13070590715918,8.159932136535645,798200.0
2016-06-28,8.265144713945409,8.393739206002982,8.177466043058319,8.288525581359863,603300.0
2016-06-29,8.36451652726676,8.376206686427288,8.276837825064572,8.370361328125,452300.0
2016-06-30,8.382052589251824,8.668468475341797,8.364517070649848,8.668468475341797,806800.0
2016-07-01,8.639239827137782,8.656775898287444,8.551561701165198,8.58663272857666,781300.0
2016-07-05,8.522336293891977,8.557407882124068,8.463883832653151,8.516490936279297,920200.0
2016-07-06,8.49310956407808,8.58663305060804,8.458038535351323,8.55740737915039,415600.0
2016-07-07,8.580787928970704,8.6626206978934,8.52818083040958,8.58663272857666,373900.0
2016-07-08,8.650932976875662,8.703540090248124,8.63339745823287,8.656778335571289,466800.0
2016-07-11,8.662622943617384,8.756146450885165,8.650932783930948,8.74445629119873,559800.0
2016-07-12,8.767835761876498,8.85551389651767,8.767835761876498,8.826288223266602,758300.0
2016-07-13,8.826290419812487,8.849671298698391,8.779528662040681,8.82044506072998,392100.0
2016-07-14,8.855517979629452,8.896434944446158,8.767839804561534,8.77953052520752,437100.0
2016-07-15,8.837981224060059,8.861362104648412,8.779529301311257,8.837981224060059,381800.0
2016-07-18,8.814596463197152,8.861358203788868,8.802906306771183,8.808751106262207,230300.0
2016-07-19,8.767834360410346,8.855512481036891,8.750298847773816,8.785369873046875,278600.0
2016-07-20,8.802906552731898,8.832132223335371,8.715227868589675,8.750299453735352,402100.0
2016-07-21,8.709382740787216,8.744454326856237,8.66262099765782,8.703537940979004,260700.0
2016-07-22,8.721074585121178,8.826288799514968,8.662622119914845,8.814598083496094,261600.0
2016-07-25,8.77952568178276,8.814596709484501,8.726918582786212,8.750299453735352,459900.0
2016-07-26,8.82628932791959,8.82628932791959,8.69769423123345,8.761991500854492,422400.0
2016-07-27,8.732763231627573,8.732763231627573,8.656775820438106,8.69184684753418,606800.0
2016-07-28,8.668465766851645,8.756143889910296,8.63339474060575,8.72691822052002,354200.0
2016-07-29,8.691850062578707,8.78537357935372,8.686004703419236,8.715230941772461,520800.0
2016-08-01,8.76783643038542,8.820443538158777,8.680158289059177,8.709383964538574,466000.0
2016-08-02,8.697573648558784,8.762525341678382,8.6503363607152,8.668050765991211,370200.0
2016-08-03,8.691671814761545,8.756622962739211,8.650338754127535,8.744813919067383,407500.0
2016-08-04,8.727096360337553,8.792048047995063,8.727096360337553,8.762524604797363,399800.0
2016-08-05,8.792049070886101,8.96328438561934,8.768430426202652,8.916047096252441,677200.0
2016-08-08,8.916047351428551,8.927856392551796,8.868810060709725,8.904237747192383,389100.0
2016-08-09,8.927855237989307,8.969187721244875,8.916046198393225,8.939664840698242,283800.0
2016-08-10,8.945571543897108,8.975094995691796,8.886525203420737,8.910143852233887,402800.0
2016-08-11,8.921950436634841,8.98099732395381,8.90423659568429,8.939664840698242,354400.0
2016-08-12,8.916047998881158,8.916047998881158,8.839287255110737,8.89242935180664,259500.0
2016-08-15,8.9278564453125,8.969188934157502,8.827477061163556,8.9278564453125,331600.0
2016-08-16,8.87471554821622,8.969190142944623,8.845192096585341,8.88652515411377,277000.0
2016-08-17,8.886523903951055,8.910142549310466,8.82747700899606,8.904237747192383,307200.0
2016-08-18,8.933761954364565,8.975094446480071,8.892429462249059,8.969189643859863,491000.0
2016-08-19,8.963282700896016,9.028233820789174,8.939664060651884,9.010519981384277,585000.0
2016-08-22,8.969189143402241,9.034140842374438,8.89833320525225,9.022331237792969,320000.0
2016-08-23,9.022331237792969,9.06366429071517,9.004617394033707,9.022331237792969,198800.0
2016-08-24,9.016425189560426,9.04594806886475,8.992805985136444,9.040043830871582,270100.0
2016-08-25,9.004615603738875,9.06956672668457,8.98099696238473,9.06956672668457,572500.0
2016-08-26,9.087279862302381,9.122707537834803,9.02823298559801,9.057756423950195,519300.0
2016-08-29,9.040047996015621,9.099094344942321,9.004619736169131,9.075475692749023,245400.0
2016-08-30,9.093189075784105,9.152235984802246,9.081380031848312,9.152235984802246,251100.0
2016-08-31,9.152234774700593,9.175853422562398,9.087283633858876,9.164044380187988,443600.0
2016-09-01,9.181759741573652,9.181759741573652,9.057761679044003,9.134522438049316,340800.0
2016-09-02,9.164042527871674,9.21127981404727,9.093186035495409,9.187661170959473,355200.0
2016-09-06,9.152235984802246,9.199473286771536,9.110903486357383,9.152235984802246,405400.0
2016-09-07,9.164045476163215,9.240805668559489,9.140426262363684,9.234901428222656,335200.0
2016-09-08,9.252612609530699,9.264421649914908,9.181756677886773,9.199470520019531,309400.0
2016-09-09,9.18175838253123,9.21128183364228,9.099092832042885,9.104997634887695,299300.0
2016-09-12,9.051856577339242,9.152235984802246,8.998714471845526,9.152235984802246,329100.0
2016-09-13,9.128617634330505,9.17585493785484,9.075475527087358,9.134522438049316,635100.0
2016-09-14,9.116805716208399,9.146329164206563,8.969189039330516,8.975093841552734,346800.0
2016-09-15,8.986903550274445,9.034140842374438,8.945570497352245,9.022331237792969,227000.0
2016-09-16,9.045951843261719,9.08728490513696,8.94557243502809,9.045951843261719,783100.0
2016-09-19,9.051852634096804,9.128613357136027,9.040043595305361,9.081376075744629,268200.0
2016-09-20,9.110898872733339,9.146326549713727,9.093184471130371,9.093184471130371,226100.0
2016-09-21,9.134521533072899,9.164044985628927,9.09909327738306,9.158140182495117,378100.0
2016-09-22,9.181755547487427,9.270325310359967,9.175850746465839,9.264420509338379,566800.0
2016-09-23,9.26442431924597,9.28804296993245,9.22309182132289,9.234901428222656,302500.0
2016-09-26,9.228993655584901,9.299849584848296,9.187661170959473,9.187661170959473,1033200.0
2016-09-27,9.181755182090992,9.234897262944804,9.128613101237178,9.228992462158203,698500.0
2016-09-28,9.264422458144889,9.282136864935945,9.175852676641359,9.25851821899414,481200.0
2016-09-29,9.282139152341133,9.29394819666568,9.128617634330505,9.134522438049316,488700.0
2016-09-30,9.15223373774345,9.299850410932859,9.15223373774345,9.27623176574707,535300.0
2016-10-03,9.22899537381621,9.29394651362188,9.205376726331151,9.25261402130127,424500.0
2016-10-04,9.252612002375313,9.270325843345693,9.134518790718033,9.205374717712402,451200.0
2016-10-05,9.252611470408022,9.323467393328619,9.240801868364846,9.264420509338379,531900.0
2016-10-06,9.282134308305837,9.299848147104933,9.187659750560277,9.27032470703125,325000.0
2016-10-07,9.270324941438815,9.270324941438815,9.152231741270784,9.228992462158203,492000.0
2016-10-10,9.21128063226438,9.329373858193325,9.21128063226438,9.27623176574707,359200.0
2016-10-11,9.282137577046084,9.323470069836967,9.158139535560455,9.16994857788086,407100.0
2016-10-12,9.158136076204837,9.228991992701383,9.158136076204837,9.175849914550781,255700.0
2016-10-13,9.152230976186988,9.164040576772962,9.010519147831799,9.057756423950195,490600.0
2016-10-14,9.110899884847363,9.158137168143904,9.07547164081854,9.116804122924805,469300.0
2016-10-17,9.152235984802246,9.246710588740825,9.140426377753395,9.152235984802246,577200.0
2016-10-18,9.234898512308495,9.234898512308495,9.181756424265238,9.21127986907959,407200.0
2016-10-19,9.205378416271515,9.41794628266065,9.187664568184024,9.317566871643066,481600.0
2016-10-20,9.32346850362147,9.35889675085718,9.240802968813407,9.305754661560059,295200.0
2016-10-21,9.24670780778215,9.282136055160557,9.199470520019531,9.199470520019531,405000.0
2016-10-24,9.270326451663458,9.38251543243434,9.152233232256913,9.199470520019531,792300.0
2016-10-25,9.152233286079035,9.234898821706196,9.152233286079035,9.223089218139648,448200.0
2016-10-26,9.228993581498278,9.299849510192871,9.20537493860008,9.299849510192871,556500.0
2016-10-27,9.323469056118649,9.364801544415549,9.246708318486604,9.27623176574707,526600.0
2016-10-28,9.252614780183988,9.293947275894615,9.11680712367147,9.158140182495117,391600.0
2016-10-31,9.211280338542155,9.323468758819045,9.12270999958502,9.2939453125,891700.0
2016-11-01,9.287985854639798,9.299909087611876,9.186640648501294,9.252217292785645,614100.0
2016-11-02,9.216445207073338,9.234329482265679,9.150869152347518,9.174715042114258,312200.0
2016-11-03,9.216448360095256,9.264140155944487,9.180679228942807,9.246255874633789,413000.0
2016-11-04,9.228370023230498,9.353561115880415,9.204524127893896,9.282023429870605,492300.0
2016-11-07,9.419138485528471,9.460868663473702,9.365485074724011,9.448945999145508,414400.0
2016-11-08,9.407212621229146,9.466827631787364,9.389328345474032,9.425097465515137,288200.0
2016-11-09,9.454905003438222,9.907978089133017,9.431059111404908,9.878170013427734,786600.0
2016-11-10,9.931822128284345,10.223934410050159,9.884130350385064,10.182204246520996,1026100.0
2016-11-11,10.182204476872393,10.522008544224855,10.182204476872393,10.498163223266602,931800.0
2016-11-14,10.504125241971435,10.820082863462023,10.223935034763711,10.647200584411621,894400.0
2016-11-15,10.61143049168938,10.706814049681874,10.462393540193396,10.665083885192871,634200.0
2016-11-16,10.665088368052455,10.71278016709501,10.569704769967348,10.605474472045898,568500.0
2016-11-17,10.682969443367735,10.72469961064834,10.611431201556856,10.706814765930176,594300.0
2016-11-18,10.70681794610226,10.79027944251524,10.677010999780414,10.754510879516602,685100.0
2016-11-21,10.730663038180843,10.736624654093937,10.593549283365629,10.641241073608398,609500.0
2016-11-22,10.66508500465987,10.861813755801851,10.629316450923643,10.849891662597656,473800.0
2016-11-23,10.879697799682617,10.903544258457856,10.772391009317513,10.879697799682617,523700.0
2016-11-25,10.873734972191007,10.957195294472156,10.867773358162124,10.951234817504883,222400.0
2016-11-28,10.897583279754924,10.921428602860056,10.790276483127316,10.826045036315918,581000.0
2016-11-29,10.879699954026393,10.957198686268358,10.820084932345363,10.837969779968262,530400.0
2016-11-30,10.94527486407827,10.992966646483461,10.796237901929326,10.832006454467773,509000.0
2016-12-01,10.891621620314211,10.951236633426733,10.820083377166828,10.86181354522705,653800.0
2016-12-02,10.85585045505326,10.885658526089927,10.79623658710322,10.814120292663574,395800.0
2016-12-05,10.802198201310553,10.963157236661965,10.68296819128718,10.814120292663574,1154200.0
2016-12-06,10.832009421818674,11.040661453398272,10.772394393215631,11.02277660369873,634200.0
2016-12-07,11.040656188432312,11.171808279166733,10.963156347087136,11.136039733886719,479800.0
2016-12-08,11.142004356033603,11.332771498450949,11.076427724429442,11.326809883117676,590800.0
2016-12-09,11.38642541321143,11.38642541321143,11.27911860649389,11.374502182006836,514200.0
2016-12-12,11.326809566376962,11.338732796710092,11.070465799523802,11.11219596862793,562900.0
2016-12-13,11.094310631155421,11.142002408423286,10.909503999313493,11.034695625305176,1301100.0
2016-12-14,10.975083513963094,11.100275172972136,10.903546397725323,10.998929977416992,1029900.0
2016-12-15,11.052579999134242,11.153924026598705,10.957195311584744,11.118155479431152,828900.0
2016-12-16,11.147968277471328,11.207582169012275,10.992969657928258,11.02277660369873,2975600.0
2016-12-19,10.814121536372756,10.939313175001486,10.587585855748936,10.8975830078125,1301500.0
2016-12-20,10.843930487947135,10.945275675201291,10.74258530069298,10.802200317382812,1469500.0
2016-12-21,10.84392936268696,10.861813069894835,10.766429507913674,10.778352737426758,654100.0
2016-12-22,10.808162293110453,10.849893606518298,10.736625172821054,10.820085525512695,371000.0
2016-12-23,10.790277514703904,10.93335287819846,10.742585726872385,10.760469436645508,292700.0
2016-12-27,10.772391009317513,10.885659414376427,10.742584072910201,10.879697799682617,260600.0
2016-12-28,10.89162202931437,10.933352198941638,10.802200074818533,10.8439302444458,339600.0
2016-12-29,10.843930884355103,10.9095063817554,10.718739231023793,10.790277481079102,355200.0
2016-12-30,10.766434129924383,10.808164314073114,10.712780711143946,10.748550415039062,361900.0
2017-01-03,10.855852140668842,10.945275230602142,10.760468572664356,10.849891662597656,628800.0
2017-01-04,10.867773345774317,10.992964966114952,10.86181173175223,10.957195281982422,526700.0
2017-01-05,10.939314975707424,10.945276591581724,10.790277990035829,10.837969779968262,418100.0
2017-01-06,10.808161026251858,10.837969103763564,10.730662298845209,10.766430854797363,479400.0
2017-01-09,10.730662625533787,10.826046202351355,10.611432585980863,10.659124374389648,473500.0
2017-01-10,10.671047280883691,10.772392470299705,10.5875869379747,10.766430854797363,375100.0
2017-01-11,10.76643156134164,10.843931430896092,10.677009597062016,10.808161735534668,397300.0
2017-01-12,10.748548538481435,10.748548538481435,10.48028149141521,10.5875883102417,485900.0
2017-01-13,10.659124784285705,10.754509501833214,10.563741203800166,10.641241073608398,505100.0
2017-01-17,10.557777405676388,10.557777405676388,10.367010284135395,10.390856742858887,435900.0
2017-01-18,10.432586600773424,10.557777094193089,10.378933207290224,10.498163223266602,392700.0
2017-01-19,10.510085979450958,10.527970824096245,10.378933863237508,10.414702415466309,311300.0
2017-01-20,10.414700874248956,10.504123947180362,10.402778783311494,10.432585716247559,433000.0
2017-01-23,10.40874391234832,10.43855199566846,10.301438223582165,10.37297534942627,571000.0
2017-01-24,10.480282386243918,10.563742747096304,10.325283761045105,10.492205619812012,758400.0
2017-01-25,10.539895535324131,10.569702476860767,10.426627110773437,10.462395668029785,766900.0
2017-01-26,10.456433367286754,10.516047239972012,10.372971898816267,10.390856742858887,426900.0
2017-01-27,10.378934223621613,10.384895838710378,10.253743717942978,10.271627426147461,468100.0
2017-01-30,10.229897499084473,10.241820729543475,10.051053590446807,10.229897499084473,732000.0
2017-01-31,10.223879692151195,10.278038064413098,10.157685870994742,10.27202033996582,870600.0
2017-02-01,10.332198528680948,10.392374637574248,10.187776555995313,10.217864036560059,767600.0
2017-02-02,10.163704087507716,10.199810435939423,10.04937076076488,10.079458236694336,690100.0
2017-02-03,10.151669219507836,10.34423180934743,10.151669219507836,10.253968238830566,520300.0
2017-02-06,10.181756977347414,10.284055999519438,10.121580879405586,10.1516695022583,424800.0
2017-02-07,10.175741195678711,10.211846402232103,10.121582811966714,10.175741195678711,517000.0
2017-02-08,10.10352975589231,10.19981106209352,10.067423405244078,10.187775611877441,482400.0
2017-02-09,10.193791941711345,10.344231605529785,10.193791941711345,10.344231605529785,527600.0
2017-02-10,10.362284495776294,10.42847832066733,10.308126120458837,10.41644287109375,504400.0
2017-02-13,10.500692437678667,10.578920583505779,10.488656985162521,10.518744468688965,372800.0
2017-02-14,10.494671616568695,10.627058111914106,10.44051324398112,10.584935188293457,365900.0
2017-02-15,10.596969448733262,10.681215286525779,10.57891627730767,10.651127815246582,409900.0
2017-02-16,10.67519733051413,10.75342659055996,10.615021241501209,10.747408866882324,590500.0
2017-02-17,10.735376262196192,10.813604395192971,10.470602089086638,10.807586669921875,913600.0
2017-02-21,10.819621752326466,10.89785103042523,10.813604027260123,10.891833305358887,654200.0
2017-02-22,10.85572683180028,11.006166497555183,10.819620485629338,11.00014877319336,689900.0
2017-02-23,10.982098151122793,11.102450370788574,10.939975218568918,11.102450370788574,1027900.0
2017-02-24,11.000148334800478,11.210762940252792,10.825637778553114,11.18669319152832,1194800.0
2017-02-27,11.156610983239336,11.192716197245051,11.012187831688355,11.030241012573242,667800.0
2017-02-28,10.98209596014293,11.00616685837936,10.873779213606195,10.915902137756348,456600.0
2017-03-01,11.150587159793389,11.204745525073388,11.060322452484437,11.168639183044434,713600.0
2017-03-02,11.144570147773212,11.144570147773212,10.873778304081444,10.879796028137207,430900.0
2017-03-03,10.879798857808101,10.970062446593715,10.657147600890706,10.855729103088379,440800.0
2017-03-06,10.801569064509172,10.87979719006156,10.747410689986893,10.789533615112305,373900.0
2017-03-07,10.765466721893642,10.819625116566975,10.6932562941719,10.705291748046875,428800.0
2017-03-08,10.68723736062326,10.777500958966518,10.51272674243089,10.518744468688965,475100.0
2017-03-09,10.524759252963122,10.633075999802843,10.512723803811241,10.530776977539062,382900.0
2017-03-10,10.560864612030139,10.61502298626731,10.470601037556063,10.506706237792969,456700.0
2017-03-13,10.488653220426261,10.57891678637084,10.464582324033833,10.512722969055176,236300.0
2017-03-14,10.476621669207608,10.554850963818351,10.374322617014748,10.470603942871094,429400.0
2017-03-15,10.482638359069824,10.590955126889343,10.464585181845296,10.482638359069824,481300.0
2017-03-16,10.518741370371913,10.584935191949274,10.506705921400831,10.554847717285156,300400.0
2017-03-17,10.500688163323684,10.68723301033431,10.452547520618895,10.651127815246582,1071200.0
2017-03-20,10.64511160960108,10.64511160960108,10.494671936223082,10.506706237792969,343600.0
2017-03-21,10.578918786405664,10.578918786405664,10.097512245178223,10.097512245178223,427800.0
2017-03-22,10.03733564172587,10.103529468266192,9.92901888839213,9.971141815185547,730500.0
2017-03-23,9.989194582345108,10.145651981024093,9.989194582345108,10.091493606567383,429800.0
2017-03-24,10.10954780150926,10.175741639547724,9.96512582123214,10.025301933288574,841500.0
2017-03-27,9.862825061851808,9.977159540122273,9.75450830851807,9.971141815185547,628600.0
2017-03-28,9.95910686028207,10.11556427312192,9.941054832338372,10.097512245178223,541400.0
2017-03-29,10.085476212635829,10.085476212635829,9.95308970837974,9.983177185058594,662800.0
2017-03-30,10.001227878192688,10.253966521981338,9.989192431401948,10.193790435791016,555200.0
2017-03-31,10.181759013223989,10.24193512319823,10.121582903249747,10.133618354797363,576100.0
2017-04-03,10.169719115258745,10.169719115258745,9.941051374651632,10.019279479980469,559600.0
2017-04-04,9.97114066255471,10.109544876809341,9.97114066255471,10.031316757202148,744200.0
2017-04-05,10.097512083050214,10.109546385564878,9.862825393676758,9.862825393676758,554600.0
2017-04-06,9.850791800155589,9.94105538821254,9.79663341776866,9.898932456970215,595400.0
2017-04-07,9.862827041824032,9.959108364612886,9.84477501115356,9.929020881652832,572000.0
2017-04-10,9.929018099674245,10.013263946568953,9.856806553933366,9.916982650756836,324400.0
2017-04-11,9.85680712939818,10.07945835631487,9.85680712939818,10.061405181884766,577000.0
2017-04-12,10.055386710109383,10.061404434472392,9.923000217413907,9.94105339050293,310500.0
2017-04-13,9.923001674542991,9.929019399789665,9.772561986667391,9.778579711914062,434700.0
2017-04-17,9.778580112273945,9.947072982788086,9.77256238678089,9.947072982788086,331100.0
2017-04-18,9.89291460111439,9.983178187982624,9.844773944933745,9.947072982788086,332400.0
2017-04-19,9.971138842601954,10.133613924165692,9.971138842601954,10.019279479980469,427800.0
2017-04-20,10.067423325943853,10.199810981750488,10.067423325943853,10.199810981750488,433000.0
2017-04-21,10.193790435791016,10.27201854440407,10.067420540015002,10.193790435791016,576900.0
2017-04-24,10.392374160054326,10.464584569197235,10.314144877758455,10.374320983886719,545100.0
2017-04-25,10.205824119675624,10.211841842708283,9.947068915851116,10.109542846679688,1404400.0
2017-04-26,10.049371016793879,10.157686621557666,9.929018814482564,9.953089714050293,1108800.0
2017-04-27,9.95910937818387,9.995215738727278,9.832740559573995,9.892916679382324,710200.0
2017-04-28,9.886897695438474,9.90494972565072,9.706369358968898,9.712387084960938,655600.0
2017-05-01,9.724423464194569,9.778581855523202,9.592036349155913,9.688318252563477,564000.0
2017-05-02,9.724781308126675,9.74301569042175,9.621455460356458,9.694391250610352,480700.0
2017-05-03,9.62145572414764,9.767327308654785,9.524208001142878,9.767327308654785,417100.0
2017-05-04,9.80987340553786,9.888887907955567,9.7004700029305,9.761249542236328,395400.0
2017-05-05,9.79164136810159,9.797719496661497,9.718704984667214,9.773406982421875,414300.0
2017-05-08,9.767330099142228,9.809875845201425,9.694394286051184,9.749096870422363,434300.0
2017-05-09,9.74909483415266,9.791640571325432,9.62753459141526,9.65792465209961,380900.0
2017-05-10,9.639694366650774,9.70655264451257,9.609304872687169,9.688318252563477,305500.0
2017-05-11,9.651847637021934,9.670081443678267,9.524209831143068,9.536365509033203,293400.0
2017-05-12,9.469508533880097,9.51813240833157,9.402650851419898,9.463430404663086,296400.0
2017-05-15,9.499897534988348,9.58498959555721,9.463429343418195,9.54244327545166,345700.0
2017-05-16,9.554600603991329,9.566756282783043,9.44519659665436,9.463430404663086,469900.0
2017-05-17,9.293245592133875,9.366181393985462,9.202075984729946,9.262855529785156,656300.0
2017-05-18,9.275012988572001,9.390494544892233,9.202077177268336,9.335792541503906,714400.0
2017-05-19,9.323635548902185,9.457351473937019,9.311479292243463,9.341869354248047,710100.0
2017-05-22,9.360106235147244,9.372262495800284,9.262858468492585,9.28717041015625,401400.0
2017-05-23,9.329714939850874,9.38441636329137,9.262856678464209,9.378338813781738,639700.0
2017-05-24,9.408727966194116,9.439118031232464,9.244622542414687,9.28109073638916,515300.0
2017-05-25,9.299322306484832,9.372258097245865,9.244620318503522,9.347946166992188,391500.0
2017-05-26,9.341869354248047,9.390493221598492,9.299323615226964,9.341869354248047,463300.0
2017-05-30,9.27501218500291,9.341869861328275,9.268934056343625,9.323636054992676,405000.0
2017-05-31,9.329714857682282,9.384416280641013,9.22638898157863,9.354026794433594,422800.0
2017-06-01,9.390491846616632,9.4026481014954,9.305400381033792,9.384413719177246,668300.0
2017-06-02,9.335794006699878,9.439119900507018,9.299326385145825,9.317560195922852,516700.0
2017-06-05,9.311482351819915,9.372262495800284,9.275014729145623,9.28717041015625,507400.0
2017-06-06,9.202077274758087,9.250701149475669,9.086595137572099,9.195999145507812,646800.0
2017-06-07,9.220312785749439,9.311482422772281,9.153455090575514,9.250702857971191,393200.0
2017-06-08,9.268934826215421,9.566756199550158,9.183842756844511,9.439118385314941,386400.0
2017-06-09,9.499898597899962,9.888890173054842,9.481664789895886,9.858499526977539,646100.0
2017-06-12,9.864576797997433,10.034760923370861,9.761250928892943,9.88888931274414,532800.0
2017-06-13,9.913200740730657,9.980058997488724,9.852420612703732,9.907122611999512,513200.0
2017-06-14,9.828110428916341,9.949670699464402,9.749097064559361,9.919280052185059,636700.0
2017-06-15,9.864576509630464,9.986136761241466,9.858498381121466,9.913200378417969,437000.0
2017-06-16,9.858499092751552,9.882811608542529,9.797720121843232,9.846343994140625,1170400.0
2017-06-19,9.876732222170402,9.913199831929548,9.700470562621971,9.706548690795898,446200.0
2017-06-20,9.66400532770677,9.712629208679095,9.536367495243818,9.56067943572998,359000.0
2017-06-21,9.560674479022252,9.560674479022252,9.366179055968612,9.408724784851074,473600.0
2017-06-22,9.402649584732371,9.445195324235241,9.220309790282286,9.262855529785156,673100.0
2017-06-23,9.293248255006018,9.366184077756518,9.214234302115711,9.317560195922852,1114300.0
2017-06-26,9.299322808369034,9.36618047526442,9.189918826501886,9.329712867736816,675500.0
2017-06-27,9.354026010030406,9.439117491703312,9.293245883427835,9.402649879455566,429300.0
2017-06-28,9.48774257025862,9.597146580228939,9.451274953363392,9.475586891174316,720000.0
2017-06-29,9.621458518039862,9.639692326487477,9.390494819014922,9.475586891174316,559200.0
2017-06-30,9.493818644710315,9.58498882649948,9.402649042563345,9.487740516662598,509700.0
2017-07-03,9.518131627577914,9.730861495585023,9.518131627577914,9.68223762512207,291100.0
2017-07-05,9.68831477412973,9.779484962214685,9.53028749147183,9.62145709991455,402600.0
2017-07-06,9.615380073578592,9.664003947607027,9.420884577464854,9.439118385314941,491300.0
2017-07-07,9.457351122008715,9.530286920320284,9.408726676825468,9.512052536010742,268700.0
2017-07-10,9.481664792314119,9.615380157234517,9.414806530211614,9.463430404663086,365500.0
2017-07-11,9.493820388507507,9.493820388507507,9.329714958572115,9.439118385314941,384600.0
2017-07-12,9.445193883332276,9.560675407069557,9.414803825619686,9.451272010803223,237600.0
2017-07-13,9.457349220256567,9.51205062325884,9.329711453967095,9.408724784851074,364400.0
2017-07-14,9.354025781587199,9.426961583943706,9.293245656468994,9.390493392944336,313600.0
2017-07-17,9.354025610906769,9.390493221598492,9.293245486897602,9.341869354248047,386700.0
2017-07-18,9.299323615226964,9.378337544581992,9.250699747876519,9.341869354248047,232000.0
2017-07-19,9.360104478605129,9.433040869551098,9.305403054859106,9.335792541503906,172600.0
2017-07-20,9.335792407138388,9.390494409739414,9.287168533635764,9.354026794433594,264900.0
2017-07-21,9.615376606239401,9.664000462733899,9.372257323766911,9.39656925201416,455800.0
2017-07-24,9.390496151061674,9.621459882848942,9.287170255797834,9.597147941589355,660800.0
2017-07-25,9.724782507639672,10.004369448277794,9.67615864147285,9.870654106140137,898400.0
2017-07-26,9.870656853632777,9.888891243252525,9.700473274678382,9.718707084655762,860400.0
2017-07-27,9.730859702349075,9.901043797249562,9.670079585650022,9.767327308654785,385500.0
2017-07-28,9.749094445874205,9.80987340553786,9.706548130753735,9.761249542236328,320900.0
2017-07-31,9.791642551902166,9.876734043459352,9.76125190542844,9.785564422607422,457500.0
2017-08-01,9.871507199957295,9.871507199957295,9.748727376168848,9.840812683105469,329700.0
2017-08-02,9.853092452258183,9.95745547707051,9.822397927104413,9.93903923034668,419100.0
2017-08-03,9.902203119527563,9.957454194424173,9.785562416770636,9.871508598327637,325400.0
2017-08-04,9.932900051428053,9.975872854839993,9.883788108825684,9.883788108825684,235100.0
2017-08-07,9.883788009554683,9.932899951663781,9.797841818133497,9.846954345703125,282500.0
2017-08-08,9.822395432814355,10.031121429435323,9.791700329994732,9.85922908782959,290800.0
2017-08-09,9.76714439791239,9.822395466082767,9.748727570342394,9.79170036315918,302200.0
2017-08-10,9.754867259924591,9.76714495051243,9.601392322083829,9.6198091506958,306100.0
2017-08-11,9.63822708276303,9.675061329664457,9.3926673882885,9.46633529663086,460100.0
2017-08-14,9.552280542369024,9.711894035339355,9.47861205581603,9.711894035339355,246500.0
2017-08-15,9.773286407320168,9.797842379782356,9.644367405528534,9.668923377990723,321700.0
2017-08-16,9.718032251095154,9.736449078255191,9.607530117214178,9.644364356994629,193900.0
2017-08-17,9.60752918494441,9.687336208840973,9.490888510301941,9.503166198730469,582300.0
2017-08-18,9.423363109788493,9.527726133097827,9.423363109788493,9.472475051879883,346200.0
2017-08-21,9.472475427785824,9.552282483216526,9.429502037655103,9.521587371826172,212200.0
2017-08-22,9.564558558039634,9.59525366423595,9.533863451843319,9.582975387573242,168800.0
2017-08-23,9.50317112138439,9.638229276820422,9.478615146346987,9.601395606994629,280400.0
2017-08-24,9.638228471115113,9.638228471115113,9.527726885414463,9.570699691772461,246300.0
2017-08-25,9.595253184059697,9.675060221992144,9.570697217423591,9.6198091506958,414100.0
2017-08-28,9.607532120917327,9.668922338201218,9.509308241631503,9.558420181274414,333500.0
2017-08-29,9.460194924059103,9.527724270327461,9.404943853643324,9.454055786132812,478900.0
2017-08-30,9.454058399743955,9.50930948543411,9.423363872547716,9.447919845581055,278100.0
2017-08-31,9.49089188379902,9.527726133097827,9.441779941707631,9.472475051879883,369800.0
2017-09-01,9.49703059198621,9.650505550422817,9.490891453138223,9.61367130279541,508100.0
2017-09-05,9.56456008607576,9.64436714075199,9.490892170711673,9.533864974975586,556700.0
2017-09-06,9.55228109591092,9.613670724315284,9.41722297668457,9.41722297668457,335100.0
2017-09-07,9.423362885949471,9.441779717431142,9.245331953731935,9.269887924194336,405100.0
2017-09-08,9.288303350184675,9.521585327007882,9.288303350184675,9.478611946105957,477300.0
2017-09-11,9.595255036417655,9.748730003886664,9.576838204250324,9.687339782714844,440000.0
2017-09-12,9.705757278716067,9.828537136590606,9.68733986093948,9.797842025756836,258600.0
2017-09-13,9.761008429480468,9.914483408468906,9.730313902051245,9.908344268798828,259900.0
2017-09-14,9.92676168780906,9.963595354908358,9.877649741369606,9.908344268798828,451000.0
2017-09-15,9.908342407242106,9.969732621487863,9.822396809850616,9.963593482971191,1037500.0
2017-09-18,9.982013059680096,10.08637609521675,9.963595640142618,10.049542427062988,359700.0
2017-09-19,10.031123935451308,10.098653295617014,10.018845657071893,10.055679321289062,252800.0
2017-09-20,10.074095828248012,10.172319704562602,9.975871951933422,10.110929489135742,387500.0
2017-09-21,10.104791185611868,10.21529334832848,10.09865321739078,10.147765159606934,294500.0
2017-09-22,10.123208465272565,10.258266011798737,10.06181824560756,10.227571487426758,349800.0
2017-09-25,10.184597120729954,10.325793784628955,10.17231884449851,10.221430778503418,360700.0
2017-09-26,10.233708207988412,10.350349480694387,10.178457140439308,10.331932067871094,309100.0
2017-09-27,10.399462335098034,10.645022006633816,10.331932986330367,10.59591007232666,532100.0
2017-09-28,10.571355144657234,10.632745364707816,10.460854153671457,10.583633422851562,301000.0
2017-09-29,10.577495176463161,10.687997347696047,10.559078928538451,10.602051734924316,404800.0
2017-10-02,10.620464764212187,10.79849624633789,10.577491970849652,10.79849624633789,499400.0
2017-10-03,10.780078833073604,10.810774521847415,10.638882177476473,10.79849624633789,349500.0
2017-10-04,10.792356092922011,10.798495230099023,10.620463764727736,10.669575691223145,243500.0
2017-10-05,10.6879977903989,10.78008254660012,10.651164122102651,10.761666297912598,242200.0
2017-10-06,10.767801957411189,10.798496475916773,10.663438955203047,10.755523681640625,243000.0
2017-10-09,10.798498629988618,10.804637769098528,10.675718189632532,10.712553024291992,224800.0
2017-10-10,10.712551661835324,10.78007984161377,10.66957769353152,10.78007984161377,391200.0
2017-10-11,10.804638888722145,10.810778028468219,10.700275854881237,10.73097038269043,296500.0
2017-10-12,10.73710502924959,10.76166157795764,10.65729858778981,10.669575691223145,300200.0
2017-10-13,10.65115895118458,10.72482625201312,10.565212205657105,10.65729808807373,295200.0
2017-10-16,10.663439622827616,10.798497151997124,10.651161346288324,10.743246078491211,234600.0
2017-10-17,10.773940832786982,10.79849738639861,10.65730071589452,10.700273513793945,234200.0
2017-10-18,10.773941993713379,10.810776828099891,10.700274666782454,10.773941993713379,311100.0
2017-10-19,10.718690854661174,10.83533215440759,10.61432900389775,10.792359352111816,332200.0
2017-10-20,10.896721795810874,10.915139211926897,10.798497918367385,10.841470718383789,409400.0
2017-10-23,10.829193074372098,10.847610491565353,10.694135527718034,10.773941993713379,679600.0
2017-10-24,10.773943129013006,10.884445301974562,10.49154972781896,10.749387741088867,447900.0
2017-10-25,10.761664557663796,10.761664557663796,10.466991746181197,10.534521102905273,496700.0
2017-10-26,10.595910128486349,10.645022063053805,10.47926884479331,10.577492713928223,367400.0
2017-10-27,10.614329735918032,10.632745983359992,10.466992730855608,10.589773178100586,362000.0
2017-10-30,10.559076630078799,10.595910288831565,10.282821262130806,10.307377815246582,504700.0
2017-10-31,10.31965720471596,10.430159376350273,10.27054525853639,10.356492042541504,432800.0
2017-11-01,10.443257353127686,10.474245773796065,10.226334862051612,10.269719123840332,438700.0
2017-11-02,10.251128365345938,10.430863364989872,10.164358644221885,10.41846752166748,576000.0
2017-11-03,10.37508401730156,10.37508401730156,10.170557315929646,10.226337432861328,540500.0
2017-11-06,10.238732988781745,10.263523494423982,10.15196326370208,10.17675495147705,411600.0
2017-11-07,10.145765381557885,10.182951726900717,9.885458008826546,9.89785385131836,658800.0
2017-11-08,9.842076971866947,9.8544722273599,9.730516717097897,9.786296844482422,378100.0
2017-11-09,9.742910743945364,9.80488819196741,9.575570393046437,9.625152587890625,942900.0
2017-11-10,9.637548106456268,9.687130299624942,9.575570069462243,9.65614128112793,556000.0
2017-11-13,9.58796460520035,9.761502257614943,9.56937084199907,9.755304336547852,248900.0
2017-11-14,9.680931348192502,9.823480581692799,9.507393690557025,9.804886817932129,381900.0
2017-11-15,9.718119899427707,9.823482213980155,9.718119899427707,9.761504173278809,403100.0
2017-11-16,9.84207338998442,9.972226776158676,9.811084375930307,9.904050827026367,575100.0
2017-11-17,9.835874566179061,9.984621701772864,9.811083475424464,9.935039520263672,354300.0
2017-11-20,9.953633898049693,10.077589965286906,9.897854377072548,10.058996200561523,260900.0
2017-11-21,10.102380783022754,10.170556740332604,10.046600669247916,10.127172470092773,420900.0
2017-11-22,10.12097293066361,10.32549958777042,10.12097293066361,10.170555114746094,507500.0
2017-11-24,10.189150197277208,10.189150197277208,10.034205704176841,10.065194129943848,204200.0
2017-11-27,10.04660227564074,10.15196459826973,9.997020075705503,10.071393966674805,180100.0
2017-11-28,10.102380982451638,10.337897285735279,10.05899671135537,10.325501441955566,410700.0
2017-11-29,10.393680049874098,10.728359642304312,10.344097844249879,10.647789001464844,571700.0
2017-11-30,10.740751707745792,10.740751707745792,10.44945650002648,10.492840766906738,616800.0
2017-12-01,10.499038647576567,10.511433307971108,10.120973725426751,10.461851119995117,545200.0
2017-12-04,10.641591077995187,10.784139771398186,10.579613025431657,10.647789001464844,471500.0
2017-12-05,10.66018009112127,10.771739117390915,10.443257595020706,10.468048095703125,452900.0
2017-12-06,10.437061286651067,10.505237242791534,10.393677017155383,10.41846752166748,360000.0
2017-12-07,10.418468202988478,10.480446241520834,10.331699658322837,10.381281852722168,297900.0
2017-12-08,10.480445942803797,10.492841786583512,10.263523405189728,10.325501441955566,341300.0
2017-12-11,10.319303907695524,10.350293518308888,10.195349011640388,10.232535362243652,256300.0
2017-12-12,10.257321427329877,10.35648577409037,10.213937173388695,10.30070686340332,246200.0
2017-12-13,10.275918937530351,10.39987500730521,10.251128432854996,10.257325172424316,344400.0
2017-12-14,10.294510890384498,10.331697231917572,10.108576818454157,10.139566421508789,427700.0
2017-12-15,10.164357416553525,10.53002647546914,10.164357416553525,10.362686157226562,2729400.0
2017-12-18,10.368886322212848,10.64778691297787,10.368886322212848,10.455656051635742,426600.0
2017-12-19,10.449455252395685,10.542421696343865,10.437059411300604,10.443257331848145,493600.0
2017-12-20,10.517635345458984,10.5548228875943,10.375086647006148,10.517635345458984,425800.0
2017-12-21,10.523829483911207,10.598203359297791,10.49903898020411,10.542423248291016,442300.0
2017-12-22,10.536225983837362,10.54242390568378,10.449457442252935,10.48664379119873,255200.0
2017-12-26,10.486641575784407,10.56721217850102,10.399873052530754,10.430861473083496,262800.0
2017-12-27,10.424665175308597,10.480445286692555,10.375082985426484,10.387478828430176,276700.0
2017-12-28,10.38747749081963,10.474246016406857,10.331697386618558,10.468048095703125,437000.0
2017-12-29,10.486641255274318,10.505235016317151,10.356487292239347,10.36888313293457,636300.0
2018-01-02,10.381281556831548,10.474248020913942,10.244930821652884,10.325501441955566,466700.0
2018-01-03,10.319301666993544,10.319301666993544,10.139566692994235,10.170555114746094,507000.0
2018-01-04,10.244931891461999,10.319304597641063,10.170558003150084,10.19534969329834,412100.0
2018-01-05,10.220139517998307,10.263523790724243,10.133370972546434,10.232535362243652,389500.0
2018-01-08,10.32550209617369,10.337897940738797,10.207743937070777,10.263524055480957,438300.0
2018-01-09,10.288315744611172,10.39987598143153,10.263524055480957,10.263524055480957,411600.0
2018-01-10,10.238732219829464,10.468049403862029,10.232534298351199,10.356489181518555,778800.0
2018-01-11,10.406073171460722,10.511434296451686,10.282117098797784,10.48664379119873,348200.0
2018-01-12,10.523833269148204,10.579613400218108,10.449460549143712,10.517635345458984,363900.0
2018-01-16,10.517630685037698,10.641586739630322,10.356488286920309,10.399873733520508,548800.0
2018-01-17,10.468050025659473,10.499039634891568,10.36268771853579,10.48664379119873,278900.0
2018-01-18,10.486641593548462,10.548619616891406,10.412267729110438,10.443257331848145,370000.0
2018-01-19,10.399872078527968,10.592002868652344,10.356486638831946,10.592002868652344,462100.0
2018-01-22,10.517631786944511,10.771740661562466,10.331698867708381,10.753148078918457,476800.0
2018-01-23,10.697368606987903,10.815126760023023,10.58580837591597,10.684972763061523,567000.0
2018-01-24,10.678774574926324,10.784136881408875,10.64158822620681,10.653984069824219,665300.0
2018-01-25,10.715963029599491,10.715963029599491,10.598204869347624,10.622995376586914,528500.0
2018-01-26,10.653983748237437,10.697368017456116,10.492841332473285,10.579609870910645,454700.0
2018-01-29,10.567214035414471,10.660181677674286,10.505237183418163,10.585807800292969,445300.0
2018-01-30,10.505236901664047,10.63538970592476,10.505236901664047,10.542423248291016,617100.0
2018-01-31,10.605026375589569,10.661369584675233,10.542422677264806,10.548683166503906,1032100.0
2018-02-01,10.504862181831925,10.655110359191895,10.398436240276983,10.655110359191895,459500.0
2018-02-02,10.623808811793422,10.705193994402023,10.554945804278228,10.579986572265625,1651600.0
2018-02-05,10.473560270926527,10.636329436626372,10.210625648498535,10.210625648498535,835500.0
2018-02-06,10.041600029482241,10.392179227284748,10.035339537405992,10.28575325012207,530800.0
2018-02-07,10.30453067661722,10.542424533320688,10.260708438294593,10.504862785339355,920700.0
2018-02-08,10.511122036337017,10.511122036337017,10.223145484924316,10.223145484924316,931400.0
2018-02-09,10.329571452116314,10.479819620859141,10.210624537420047,10.410955429077148,479100.0
2018-02-12,10.435995806494303,10.486078521820952,10.254445217143873,10.404694557189941,346800.0
2018-02-13,10.360872710106438,10.479819624847979,10.354613414547785,10.44225788116455,266700.0
2018-02-14,10.38591712282177,10.642591287766095,10.342094879158092,10.623809814453125,424200.0
2018-02-15,10.67389087735751,10.705193327976186,10.536163676834521,10.68641185760498,451500.0
2018-02-16,10.705190907507427,10.792835361290313,10.630066237074864,10.736492156982422,775000.0
2018-02-20,10.692668770101255,10.717710722217486,10.536160151572803,10.573721885681152,245300.0
2018-02-21,10.59876689852838,10.69893234778727,10.567464449343513,10.592506408691406,363700.0
2018-02-22,10.655112087029602,10.655112087029602,10.442260169403559,10.44852066040039,345100.0
2018-02-23,10.498603008760183,10.63633022343294,10.486082027226336,10.630069732666016,235300.0
2018-02-26,10.68015304032545,10.698934513638418,10.548686309334418,10.623809814453125,264800.0
2018-02-27,10.630069783149867,10.730235247763305,10.486082077026367,10.486082077026367,748800.0
2018-02-28,10.517381779916436,10.579985484548414,10.266968155454874,10.273228645324707,365500.0
2018-03-01,10.310792880064005,10.392178073956297,10.19184712601625,10.26697063446045,610700.0
2018-03-02,10.229405820664331,10.448518177213122,10.204363862628455,10.423476219177246,378000.0
2018-03-05,10.379654046553858,10.554944171617278,10.329571324259495,10.498600959777832,424800.0
2018-03-06,10.548685504352287,10.573726272792106,10.404697802140474,10.567465782165527,405100.0
2018-03-07,10.50486406567074,10.636330796661772,10.50486406567074,10.623809814453125,1013400.0
2018-03-08,10.642590282852476,10.642590282852476,10.542424822774477,10.611289024353027,592300.0
2018-03-09,10.673890930106532,10.761536598205566,10.623808202935544,10.761536598205566,542500.0
2018-03-12,10.767794609069824,10.79283536985647,10.698930427290827,10.767794609069824,751900.0
2018-03-13,10.767795368220545,10.799096619927182,10.730232433293125,10.749013900756836,313700.0
2018-03-14,10.799095336128685,10.799095336128685,10.623805242837882,10.642586708068848,373300.0
2018-03-15,10.648847455571648,10.786574621751496,10.623805501321074,10.705190658569336,328600.0
2018-03-16,10.717712649050199,10.780315152463473,10.667629929879851,10.749013900756836,1598200.0
2018-03-19,10.69267201864203,10.730233764162014,10.561205312288909,10.723973274230957,639200.0
2018-03-20,10.761536545023407,10.761536545023407,10.642589620805229,10.68641185760498,553900.0
2018-03-21,10.66136944072528,10.786575641618043,10.617546016643292,10.749013900756836,480300.0
2018-03-22,10.64258857572604,10.717713255767386,10.410955240159309,10.423476219177246,796700.0
2018-03-23,10.448521718308895,10.448521718308895,10.085421562194824,10.085421562194824,845400.0
2018-03-26,10.216889480104227,10.398440176089325,10.191848704766144,10.379658699035645,429000.0
2018-03-27,10.379654723297069,10.404696683110105,10.198105290918013,10.216885566711426,816700.0
2018-03-28,10.235666390664955,10.410955322029407,10.235666390664955,10.354613304138184,343500.0
2018-03-29,10.373395538653629,10.423478270515371,10.32957329753292,10.367135047912598,482800.0
2018-04-02,10.335831849119005,10.354613317818421,10.06663676809218,10.14802074432373,501300.0
2018-04-03,10.185582036631125,10.279486976828863,10.079156119322729,10.241925239562988,408700.0
2018-04-04,10.135501131106881,10.360872788989633,10.135501131106881,10.342092514038086,362600.0
2018-04-05,10.410954994782152,10.44851793095064,10.266967321668371,10.39217472076416,301900.0
2018-04-06,10.323312085834308,10.373394814198381,10.135502152985643,10.210625648498535,332900.0
2018-04-09,10.248187387604816,10.373393596787711,10.166802217272956,10.179323196411133,313000.0
2018-04-10,10.298270280396059,10.373393768334873,10.223145598390934,10.342092514038086,300300.0
2018-04-11,10.342096484741534,10.342096484741534,10.210628539273861,10.28575325012207,218800.0
2018-04-12,10.329573719593704,10.454781151397222,10.31705273760004,10.44852066040039,250300.0
2018-04-13,10.44852037939236,10.44852037939236,10.285751200052012,10.310791969299316,325100.0
2018-04-16,10.367132627122922,10.423475836569208,10.323310396234975,10.417215347290039,263100.0
2018-04-17,10.435997275918911,10.448518255030102,10.27322812967231,10.323310852050781,330400.0
2018-04-18,10.3608746527282,10.473561098973034,10.298272132873535,10.298272132873535,453200.0
2018-04-19,10.33583194567292,10.467298645598069,10.273228243489672,10.44225788116455,451300.0
2018-04-20,10.423476219177246,10.486079920200655,10.379653986680745,10.423476219177246,496000.0
2018-04-23,10.467298187608709,10.567463629092716,10.417215466866706,10.536162376403809,298900.0
2018-04-24,10.511123235693764,10.667631911431434,10.511123235693764,10.617547988891602,425400.0
2018-04-25,10.573724118443748,10.630067328536782,10.479819166310772,10.536162376403809,333100.0
2018-04-26,10.517379126116769,10.536160590987231,10.429734678186712,10.479817390441895,195500.0
2018-04-27,10.473558489700943,10.554943655743005,10.473558489700943,10.548683166503906,213800.0
2018-04-30,10.567463646618762,10.59250560406442,10.39217472076416,10.39217472076416,362800.0
2018-05-01,10.392172942511836,10.511119831892664,10.260705076550702,10.479817390441895,421700.0
2018-05-02,10.4545217259871,10.549390098986105,10.384951022839983,10.49246883392334,367800.0
2018-05-03,10.448197676889382,10.505118945601973,10.359652810938192,10.397601127624512,492700.0
2018-05-04,10.359650411814666,10.587335433936946,10.334352746199196,10.511441230773926,445400.0
2018-05-07,10.53674348646861,10.543068207206842,10.422900925814693,10.486146926879883,316700.0
2018-05-08,10.498794098111416,10.593662476036426,10.492469378740832,10.530416488647461,403400.0
2018-05-09,10.530416324355167,10.644258858615794,10.517766885811353,10.599987030029297,203800.0
2018-05-10,10.606309340407902,10.663230594610324,10.549388086205482,10.625282287597656,170700.0
2018-05-11,10.656909352808388,10.682207026085093,10.593663360141166,10.612637519836426,192500.0
2018-05-14,10.618960802133223,10.650583191027287,10.47981939583899,10.49246883392334,274100.0
2018-05-15,10.486145486879726,10.650584584540924,10.486145486879726,10.60631275177002,338200.0
2018-05-16,10.631609158812381,10.694855143660405,10.581012612197327,10.65690803527832,367100.0
2018-05-17,10.688529809681134,10.808697053348018,10.644257984729322,10.758100509643555,463700.0
2018-05-18,10.783399545177614,10.783399545177614,10.69485588405072,10.720154762268066,364500.0
2018-05-21,10.726478993864175,10.846646260810427,10.669558926696993,10.84032154083252,261100.0
2018-05-22,10.846642594654158,10.935187438099781,10.808695493929795,10.859292030334473,312700.0
2018-05-23,10.852972519242213,10.909893800795214,10.808700679438138,10.884594917297363,295500.0
2018-05-24,10.833993309039347,10.890914564072618,10.726475516900566,10.878266334533691,243000.0
2018-05-25,10.852969812414328,10.922540518364695,10.840320373820287,10.903566360473633,243400.0
2018-05-29,10.833997426062501,10.916217584051276,10.72647959306591,10.82767391204834,557500.0
2018-05-30,10.865619482693406,11.030058568971658,10.865619482693406,10.992110252380371,357900.0
2018-05-31,10.992110017998202,10.998434737295224,10.878268689602411,10.903566360473633,235000.0
2018-06-01,10.99211362766498,11.023737234534863,10.941517062990423,10.966815948486328,311600.0
2018-06-04,11.02373482609746,11.093305539694317,10.960488832492773,11.086980819702148,382400.0
2018-06-05,11.086980899628278,11.156550407409668,11.055357299439462,11.156550407409668,285600.0
2018-06-06,11.1944976529171,11.238769482614158,11.162874055764284,11.232444763183594,342400.0
2018-06-07,11.257741928100586,11.308338474951855,11.245093696125391,11.257741928100586,536100.0
2018-06-08,11.251416558929963,11.327310763526869,11.232442404622422,11.26406478881836,282500.0
2018-06-11,11.295694003735596,11.377912967373865,11.137579591393573,11.188176155090332,421900.0
2018-06-12,11.22612112150806,11.238770561583586,11.105953853424564,11.156550407409668,252200.0
2018-06-13,11.213469112581222,11.213469112581222,11.068004203987684,11.105951309204102,521200.0
2018-06-14,11.16287531923601,11.181849479675293,11.036384535258525,11.181849479675293,483400.0
2018-06-15,11.131254870141825,11.23877271878709,11.036386464000058,11.188176155090332,1209400.0
2018-06-18,11.156549336333722,11.251418921475285,11.105952787206101,11.232444763183594,309100.0
2018-06-19,11.18184813594894,11.377909611659334,11.15022453901702,11.37158489227295,464800.0
2018-06-20,11.377909611659334,11.415856721660761,11.314663624112372,11.37158489227295,455200.0
2018-06-21,11.384234622478209,11.447480611644247,11.30833919421558,11.409533500671387,450300.0
2018-06-22,11.415857652214754,11.510727244426851,11.320989266319632,11.46013069152832,1133300.0
2018-06-25,11.403207990395636,11.422180941407978,11.283040739944557,11.339962005615234,355500.0
2018-06-26,11.339963371150771,11.3589363244478,11.245094985714724,11.302016258239746,368000.0
2018-06-27,11.27671759419922,11.289367034183556,11.086980819702148,11.086980819702148,406500.0
2018-06-28,11.105954489929328,11.18817464881545,11.036384978160768,11.055357933044434,341100.0
2018-06-29,11.086980847919811,11.131252681660673,10.979463020413295,10.998435974121094,494400.0
2018-07-02,10.979462992469276,11.086980819702148,10.966813552484941,11.086980819702148,498700.0
2018-07-03,11.118601847862212,11.156548956837916,11.061680581240235,11.124926567077637,261500.0
2018-07-05,11.162874055764284,11.238769482614158,11.099628067775539,11.232444763183594,350700.0
2018-07-06,11.25774122101448,11.320987202185368,11.19449644616035,11.2893648147583,303200.0
2018-07-09,11.339963692092962,11.422182640113295,11.289367138007293,11.403209686279297,260700.0
2018-07-10,11.44748058459041,11.44748058459041,11.257742617540703,11.314663887023926,352100.0
2018-07-11,11.264068238671706,11.365261346671145,11.264068238671706,11.308340072631836,196400.0
2018-07-12,11.352611204698837,11.352611204698837,11.156548535377851,11.251418113708496,406800.0
2018-07-13,11.25141630611985,11.270389253684453,11.162871460990814,11.175520896911621,296300.0
2018-07-16,11.181851433838583,11.257745676225102,11.150227827579839,11.188176155090332,540100.0
2018-07-17,11.213471681432534,11.257743515379874,11.156550407409668,11.156550407409668,322000.0
2018-07-18,11.188172193230127,11.207145143949601,11.07432966364606,11.169198036193848,423700.0
2018-07-19,11.175522692307341,11.270391064321185,11.105951989882682,11.251418113708496,416300.0
2018-07-20,11.270392153185746,11.390559412715275,11.23244504197739,11.327313423156738,328000.0
2018-07-23,11.33363434032137,11.479099223080842,11.2767130894474,11.472774505615234,426000.0
2018-07-24,11.510725828208738,11.510725828208738,11.320987873445862,11.491751670837402,503800.0
2018-07-25,11.504402184758588,11.504402184758588,11.327313651685305,11.415857315063477,483900.0
2018-07-26,11.447480433959969,11.605594801262408,11.447480433959969,11.53602409362793,395100.0
2018-07-27,11.542349296732526,11.57397168899132,11.384234922804684,11.415857315063477,262600.0
2018-07-30,11.422183309024629,11.485429306914806,11.365262031555176,11.365262031555176,296900.0
2018-07-31,11.434832032038015,11.434832032038015,11.302016530491578,11.39688491821289,663900.0
2018-08-01,11.428806058639882,11.518194198608398,11.403267459938506,11.518194198608398,338500.0
2018-08-02,11.486271910479317,11.569275114260432,11.384115057983902,11.55650520324707,433000.0
2018-08-03,11.56927350943879,11.613966973980203,11.409653297330564,11.447961807250977,312900.0
2018-08-06,11.45434467464635,11.45434467464635,11.345802901479155,11.384111404418945,282500.0
2018-08-07,11.416038087866546,11.416038087866546,11.313881240112467,11.352190971374512,291000.0
2018-08-08,11.358574669895997,11.460731506347656,11.29472634266232,11.460731506347656,359900.0
2018-08-09,11.454346277414665,11.499039740065784,11.384112997359752,11.403267860412598,248200.0
2018-08-10,11.345809662086316,11.422426713619558,11.301116179057578,11.37773323059082,290300.0
2018-08-13,11.384111996775863,11.454345270657763,11.32026367668372,11.422420501708984,279600.0
2018-08-14,11.42242741929932,11.645896066055018,11.42242741929932,11.639511108398438,456600.0
2018-08-15,11.60758389353021,11.684200925741694,11.499042083059134,11.613968849182129,414500.0
2018-08-16,11.677814329610595,11.722507790428995,11.633119650986723,11.703352928161621,435600.0
2018-08-17,11.677814225354814,11.722507685774204,11.665044317290569,11.709737777709961,257800.0
2018-08-20,11.72889274451812,11.773586205336521,11.65865946734322,11.703352928161621,358400.0
2018-08-21,11.735278924741328,11.850205686668788,11.690585454615254,11.818282127380371,474400.0
2018-08-22,11.805512428283691,11.83743720595043,11.550120295978527,11.805512428283691,232000.0
2018-08-23,11.805511256890018,11.805511256890018,11.671430857410996,11.728894233703613,236500.0
2018-08-24,11.760816192161474,11.767201146193596,11.70335282367784,11.709737777709961,222900.0
2018-08-27,11.754432563937188,11.786356119893064,11.645890768759376,11.671430587768555,267400.0
2018-08-28,11.703356804922787,11.703356804922787,11.582045072655601,11.626738548278809,212700.0
2018-08-29,11.620353804834048,11.645892409635952,11.543735554816795,11.613968849182129,173800.0
2018-08-30,11.601196708569033,11.626735308463388,11.556503245399757,11.57565689086914,283800.0
2018-08-31,11.556503517511555,11.639505491379513,11.537348653785612,11.6331205368042,276300.0
2018-09-04,11.633120859254786,11.709739098476724,11.588427393794323,11.671430587768555,258200.0
2018-09-05,11.677818348994576,11.760820345110679,11.658663480134296,11.690587043762207,294300.0
2018-09-06,11.696971207032446,11.748049636057686,11.645892778007205,11.665047645568848,257500.0
2018-09-07,11.677818348994576,11.690587043762205,11.594815135072583,11.690587043762207,283500.0
2018-09-10,11.722508366072985,11.811895292099209,11.639505176643892,11.652275085449219,219300.0
2018-09-11,11.652275941211782,11.760817738417487,11.613967429787893,11.748047828674316,625500.0
2018-09-12,11.722509007981314,11.792741074645358,11.594812348546618,11.671430587768555,644200.0
2018-09-13,11.716125868136004,11.73527951755432,11.524580849312343,11.530965805053711,451300.0
2018-09-14,11.524580582631948,11.735279245998328,11.524580582631948,11.620353698730469,392800.0
2018-09-17,11.620354821205392,11.728896641170053,11.428809788311707,11.537351608276367,417800.0
2018-09-18,11.56927350943879,11.594812110117209,11.435191898008982,11.447961807250977,261900.0
2018-09-19,11.428806943387984,11.556503600196795,11.39049843346757,11.447961807250977,410200.0
2018-09-20,11.492652866038554,11.594809682978916,11.479882959469679,11.569271087646484,290000.0
2018-09-21,11.543734867646569,11.626736850569065,11.505426353821239,11.524580001831055,674600.0
2018-09-24,11.499039461775265,11.505424415971689,11.333034306084688,11.345804214477539,338200.0
2018-09-25,11.384114741777447,11.39049969710678,11.326651361619167,11.339421272277832,232900.0
2018-09-26,11.371344287263542,11.371344287263542,11.115952175333394,11.135107040405273,453200.0
2018-09-27,11.160645691039765,11.167030646091382,11.052103890773576,11.058488845825195,313600.0
2018-09-28,11.077643710980047,11.115952223484097,11.052103890773576,11.058488845825195,405500.0
2018-10-01,11.103182951667034,11.11595286250437,10.835020913111606,10.841405868530273,525900.0
2018-10-02,10.841406137002044,10.898869519387329,10.688170856576537,10.72009563446045,288400.0
2018-10-03,10.752018512453294,10.988255764779066,10.707325044056834,10.956332206726074,426600.0
2018-10-04,10.962716478602289,11.05210340982381,10.962716478602289,11.013794898986816,321500.0
2018-10-05,11.052103779608558,11.058488734595954,10.898868513327985,10.975486755371094,263500.0
2018-10-08,10.969100122400475,11.09041181299222,10.918021708120602,11.052102088928223,212300.0
2018-10-09,11.007412003970645,11.115953819824307,11.007412003970645,11.077645301818848,310300.0
2018-10-10,11.071259659104417,11.205340072709488,10.975487761128544,10.988256454467773,359900.0
2018-10-11,10.975486732602212,10.975486732602212,10.649861335754395,10.649861335754395,372300.0
2018-10-12,10.720094435870923,10.726478172928198,10.190154751404036,10.349774360656738,516100.0
2018-10-15,10.362544962342502,10.534935101735174,10.311466537834196,10.439163208007812,516200.0
2018-10-16,10.509394015855724,10.566857388738018,10.305080342410035,10.547703742980957,306400.0
2018-10-17,10.5349378946179,10.656249641662823,10.426396061536868,10.605171203613281,338200.0
2018-10-18,10.617936062752593,10.662630745474832,10.445547157760572,10.4583158493042,248500.0
2018-10-19,10.407237576820089,10.509394417446607,10.337005510017857,10.343390464782715,360300.0
2018-10-22,10.375316619873047,10.490243398819047,10.285929666384337,10.375316619873047,475300.0
2018-10-23,10.260387951767116,10.34339115141472,10.119922591032449,10.285927772521973,638000.0
2018-10-24,10.22846301233428,10.22846301233428,9.896452694191312,9.909222602844238,797300.0
2018-10-25,9.960303992415467,10.528551701209913,9.953919036183342,10.190156936645508,681000.0
2018-10-26,10.119923008514974,10.247618464140102,9.998611290536232,10.171001434326172,347800.0
2018-10-29,10.305080894422094,10.477471022303396,10.24761751846166,10.349774360656738,291000.0
2018-10-30,10.388084051864956,10.515779495239258,10.330620676114554,10.515779495239258,391200.0
2018-10-31,10.593197217079243,10.606100310412861,10.3996557391018,10.412557601928711,490300.0
2018-11-01,10.438361566836864,10.541583830521992,10.367395799113421,10.522229194641113,387200.0
2018-11-02,10.567389416978767,10.702869415283203,10.548036010439933,10.702869415283203,345500.0
2018-11-05,10.67706456641237,10.799641488666435,10.67706456641237,10.786738395690918,369000.0
2018-11-06,10.780287585374243,10.922219156783898,10.722226124032826,10.909316062927246,284100.0
2018-11-07,10.915767157249212,11.006086349487305,10.760933728909606,11.006086349487305,342600.0
2018-11-08,10.973829518771518,11.122211396016377,10.851252596892142,11.11575984954834,359000.0
2018-11-09,11.08350417937204,11.180274922640516,10.941572607438632,11.10285758972168,780900.0
2018-11-12,11.096407571228722,11.244789463591742,11.044796424732594,11.135115623474121,1240400.0
2018-11-13,11.148018836975096,11.386719930633024,11.102858006614454,11.148018836975098,738900.0
2018-11-14,11.193176602888823,11.244787741480836,10.902863179242125,11.012537002563477,559200.0
2018-11-15,10.960926152041582,11.328655677987499,10.9286696510138,11.302850723266602,677000.0
2018-11-16,11.257693630114634,11.444783592542985,11.186727835483063,11.412527084350586,761700.0
2018-11-19,11.393172468981996,11.470589811542679,11.264143974883165,11.341561317443848,416400.0
2018-11-20,11.296399128171966,11.354461814176519,11.180273756162864,11.225433349609375,423100.0
2018-11-21,11.238337135841912,11.380267471220964,11.141566396696799,11.15446949005127,374000.0
2018-11-23,11.102858636029131,11.289949823751748,11.077053676295561,11.186727523803711,148100.0
2018-11-26,11.289950165905697,11.406075564493262,11.257693657634448,11.341561317443848,424000.0
2018-11-27,11.2576925926835,11.37381674977908,11.2576925926835,11.328657150268555,376700.0
2018-11-28,11.373816766858996,11.5028452489458,11.18027527423559,11.47704029083252,518000.0
2018-11-29,11.39962178272343,11.470587563621127,11.322204455334429,11.380267143249512,456000.0
2018-11-30,11.360914392977518,11.59961547446215,11.360914392977518,11.56735897064209,618200.0
2018-12-03,11.612518387533825,11.612518387533825,11.367365762997736,11.548004150390625,445000.0
2018-12-04,11.502840640883008,11.515743730024042,10.973826291163641,11.031888961791992,526900.0
2018-12-06,10.896413165364592,11.193178176879883,10.831900155932676,11.193178176879883,974000.0
2018-12-07,11.19962901549919,11.360913989890562,11.18672592222627,11.335107803344727,874100.0
2018-12-10,11.335104775693752,11.354459410433432,11.057694496956891,11.064146041870117,481000.0
2018-12-11,11.128663396405004,11.193177633210146,10.973829966376698,11.018989562988281,538500.0
2018-12-12,11.141565201345129,11.264140883541625,11.031891380612185,11.128662109375,460100.0
2018-12-13,11.109308233841572,11.277044749445125,10.980280996804987,10.993184089660645,546300.0
2018-12-14,10.96738099984232,11.01899215532718,10.825450629885706,10.870610237121582,978400.0
2018-12-17,10.812543990249749,10.98673204437199,10.773835943947008,10.825447082519531,749100.0
2018-12-18,10.889957808999139,10.915763988150294,10.560937638366338,10.606097221374512,699800.0
2018-12-19,10.606100714051907,10.664163405756188,10.225468059771288,10.309335708618164,1139100.0
2018-12-20,10.264175003319613,10.412556874773939,10.128695609044513,10.14159870147705,736000.0
2018-12-21,10.193210493682939,10.444815274955573,10.14159935115317,10.406105995178223,1912200.0
2018-12-24,10.322236306688325,10.444813207372057,10.309333215983415,10.348042488098145,338200.0
2018-12-26,10.341593255683202,10.702871262676716,10.322238615297097,10.696419715881348,874400.0
2018-12-27,10.548037021611018,10.644807755101523,10.360945870423622,10.63835620880127,887000.0
2018-12-28,10.631905134580732,10.954475080876314,10.631905134580732,10.877058982849121,638400.0
2018-12-31,10.915766836561824,10.928669929504395,10.677064539150923,10.928669929504395,453600.0
2019-01-02,10.793189474593465,11.031891762272718,10.793189474593465,11.025440216064453,736800.0
2019-01-03,11.01253764083128,11.154469203065378,10.954474952736726,11.05124568939209,574900.0
2019-01-04,11.141567921389804,11.283498276191635,11.077053676295561,11.186727523803711,1005800.0
2019-01-07,11.199628890142296,11.225433845892598,11.070600419870726,11.206080436706543,402600.0
2019-01-08,11.218982995462826,11.270594140672573,11.10930915807877,11.251240730285645,470400.0
2019-01-09,11.238340167628484,11.302854421298253,11.180277462376399,11.28995132446289,573800.0
2019-01-10,11.270591858024973,11.31575267763044,11.173821134169144,11.28349494934082,349400.0
2019-01-11,11.251237440661537,11.360911245979292,11.238334350505001,11.348008155822754,439800.0
2019-01-14,11.283495892260879,11.418975901385815,11.283495892260879,11.354461669921875,560300.0
2019-01-15,11.35446438519874,11.438332044803122,11.257693630114634,11.412527084350586,449100.0
2019-01-16,11.451236039915567,11.618972602808975,11.418979529189032,11.599617958068848,651700.0
2019-01-17,11.528651787869475,11.696387096969517,11.509297145816314,11.631874084472656,520000.0
2019-01-18,11.625424532356062,11.793161100751034,11.580264923654926,11.760903358459473,435200.0
2019-01-22,11.625422183877584,11.870574823234351,11.451234102212439,11.47704029083252,790300.0
2019-01-23,11.502842956867315,11.618968321504717,11.438328728679142,11.580260276794434,815700.0
2019-01-24,11.5544560153281,11.638324895075755,11.3802679393969,11.509296417236328,475700.0
2019-01-25,11.554457057659596,11.554457057659596,11.360915553947768,11.444783210754395,723300.0
2019-01-28,11.360911644284231,11.50284194946289,11.328653917761958,11.50284194946289,623700.0
2019-01-29,11.50929631583737,11.560907460417086,11.418977120449554,11.425427436828613,435200.0
2019-01-30,11.477041359298312,11.477041359298312,11.29640171366133,11.341561317443848,848800.0
2019-01-31,11.354594900320457,11.511030041840625,11.269859664877197,11.497993469238281,1181900.0
2019-02-01,11.49799552955383,11.589250310886117,11.445850473036614,11.511032104492188,340400.0
2019-02-04,11.491474423655504,11.68701927006238,11.45888423753898,11.680500984191895,469500.0
2019-02-05,11.667466163635254,11.71309292834093,11.602284538383104,11.667466163635254,273600.0
2019-02-06,11.64791044805405,11.739163961026867,11.621837305355603,11.706572532653809,355400.0
2019-02-07,11.726127624511719,11.745682481927169,11.602282680685656,11.726127624511719,389900.0
2019-02-08,11.700057597879377,11.76523797989543,11.66094787678643,11.667466163635254,543700.0
2019-02-11,11.667464565985075,11.804346084594727,11.621837807527164,11.804346084594727,371300.0
2019-02-12,11.836938232672168,11.915156433873143,11.752202987670898,11.752202987670898,657600.0
2019-02-13,11.745684623718262,11.797829676432064,11.687021284010719,11.745684623718262,581300.0
2019-02-14,11.726127624511719,11.791309239327324,11.634874109711408,11.726127624511719,616500.0
2019-02-15,11.784792805827692,11.908637769119409,11.765237945338654,11.889082908630371,470200.0
2019-02-19,11.869526183349473,12.12373435682457,11.836935997557333,12.058552742004395,515100.0
2019-02-20,12.058553575441648,12.11069862225466,11.947745195559502,12.104180335998535,666800.0
2019-02-21,12.097663387574304,12.136773109436035,11.980336708461348,12.136773109436035,531700.0
2019-02-22,12.136773475776808,12.18240024275659,12.08462842162332,12.143290519714355,674100.0
2019-02-25,12.169363098934545,12.260616628623831,12.143289951459835,12.175881385803223,391000.0
2019-02-26,12.149807496499225,12.234543977382188,12.006408923852087,12.02596378326416,364300.0
2019-02-27,12.025965080296126,12.16936366840918,12.025965080296126,12.143290519714355,303500.0
2019-02-28,12.143290954189647,12.208472585022681,12.11070076039123,12.123737335205078,503000.0
2019-03-01,12.14980701852401,12.182398449595315,12.019445023946716,12.097661972045898,325500.0
2019-03-04,12.071591947308034,12.130255289121346,12.006410318267003,12.039000511169434,352200.0
2019-03-05,12.032482325392328,12.052037187240362,11.889083734881943,11.934710502624512,396500.0
2019-03-06,11.915156376250899,11.9216746632558,11.621839677210899,11.634876251220703,398000.0
2019-03-07,11.63487634915986,11.660948254162811,11.491476520317148,11.530586242675781,510000.0
2019-03-08,11.504513869475792,11.59576865122414,11.41977861846256,11.458887100219727,545500.0
2019-03-11,11.458887810697602,11.634877854370975,11.458887810697602,11.608804702758789,939200.0
2019-03-12,11.602283966328029,11.647911972020093,11.367631867520439,11.419776916503906,676700.0
2019-03-13,11.465402250174813,11.504510721229822,11.361112165204204,11.38066577911377,533100.0
2019-03-14,11.37415203083341,11.413260513215075,11.348078880421472,11.361115455627441,600700.0
2019-03-15,11.348077590161893,11.400222641820712,11.256824060567984,11.27637767791748,945100.0
2019-03-18,11.276377265547158,11.39370393829796,11.243787075665736,11.322005271911621,565700.0
2019-03-19,11.34807876233246,11.374151912473078,11.061280326966799,11.067798614501953,644400.0
2019-03-20,11.048243583727011,11.093870347408076,10.872253572469127,10.885290145874023,711000.0
2019-03-21,10.865734251656788,11.080832719422013,10.820107492318096,10.989579200744629,490600.0
2019-03-22,10.930915799136505,10.95698770006171,10.62456257142274,10.761444091796875,728900.0
2019-03-25,10.754924894702294,10.872251547016779,10.728851752749813,10.820106506347656,1119900.0
2019-03-26,10.859216037381291,11.132977838459642,10.859216037381291,11.106905937194824,647100.0
2019-03-27,11.061278575549402,11.185123532635556,11.015651813263984,11.080833435058594,793700.0
2019-03-28,11.05476119181706,11.13949768004074,10.99609909497099,11.132979393005371,301500.0
2019-03-29,11.132979209848353,11.185124262037304,10.989580627137759,11.061279296875,598900.0
2019-04-01,11.132978549330783,11.211196744591597,11.113423689706572,11.198160171508789,537000.0
2019-04-02,11.198159456475622,11.22423135774044,11.093869364944437,11.106905937194824,351500.0
2019-04-03,11.198161041083834,11.204679328131405,10.989580828506089,11.022171020507812,413300.0
2019-04-04,11.028688386270112,11.119941910840947,11.00913352676092,11.080833435058594,526300.0
2019-04-05,11.106908776881832,11.132980684812416,11.022172278825817,11.048245429992676,986100.0
2019-04-08,11.035206935111301,11.191642085195653,11.002615501821191,11.159051895141602,506100.0
2019-04-09,11.139497545260372,11.16556944985027,10.989580674969144,11.009134292602539,349400.0
2019-04-10,11.009133788479213,11.159051895141602,10.996098458399228,11.159051895141602,428300.0
2019-04-11,11.178602487449986,11.211193911922315,11.11342088174105,11.146012306213379,223000.0
2019-04-12,11.22423135774044,11.256822788366408,11.048242605304038,11.106905937194824,434300.0
2019-04-15,11.119942733250308,11.172087785895336,10.930917383625625,10.956989288330078,331300.0
2019-04-16,10.956988357864555,11.126460075378418,10.930916455374122,11.126460075378418,424900.0
2019-04-17,11.100388468268099,11.32200523989604,10.950470362823749,11.263341903686523,497700.0
2019-04-18,11.211198219204144,11.308970043713092,11.093871532498925,11.2177152633667,412000.0
2019-04-22,11.230750561907726,11.30896875856793,11.035206935111301,11.159051895141602,407700.0
2019-04-23,11.152533549408913,11.354595461793044,11.106906786280502,11.322005271911621,549000.0
2019-04-24,11.295930551288603,11.432812064834952,11.243785508803299,11.38066577911377,446000.0
2019-04-25,11.322006099442468,11.406741345269136,11.243787897479576,11.367632865905762,231100.0
2019-04-26,11.37414801931689,11.465401527102244,11.348074878100617,11.400219917297363,261700.0
2019-04-29,11.445850654526344,11.569695631932044,11.380669022037226,11.413260459899902,377600.0
2019-04-30,11.413260513215075,11.465405570802709,11.335042305215504,11.361115455627441,532000.0
2019-05-01,11.394045470970871,11.426976993405757,11.255736845371748,11.268909454345703,770000.0
2019-05-02,11.268908639342168,11.426976166970272,11.262322335331534,11.400630950927734,274700.0
2019-05-03,11.400629958030786,11.591628989077687,11.400629958030786,11.56528377532959,270800.0
2019-05-06,11.479663216500951,11.697006183757905,11.45331800533826,11.670660972595215,309000.0
2019-05-07,11.578457076616711,11.60480229194485,11.41380324944286,11.473078727722168,273000.0
2019-05-08,11.45331836515338,11.51259383592281,11.347940029609696,11.387457847595215,195500.0
2019-05-09,11.341353458067061,11.400628927432942,11.275492942068366,11.367698669433594,265400.0
2019-05-10,11.321596527712812,11.446732521057129,11.255734751305386,11.446732521057129,280700.0
2019-05-13,11.308426112569215,11.347942683587746,11.170116229690644,11.203047752380371,299100.0
2019-05-14,11.255737215824526,11.354529273962397,11.19646172969997,11.321599006652832,212100.0
2019-05-15,11.216218068430246,11.255734631370071,11.104253426593331,11.15035629272461,186700.0
2019-05-16,11.110841760884329,11.44014944340218,11.110841760884329,11.28208065032959,543100.0
2019-05-17,11.183286407641967,11.440147203946538,11.084494373467379,11.35452651977539,471000.0
2019-05-20,11.328182376825787,11.47307727414614,11.30183716483544,11.387457847595215,244600.0
2019-05-21,11.42038749588281,11.426973798528318,11.361112028282028,11.413801193237305,216500.0
2019-05-22,11.380872955425385,11.407216914472606,11.321597477307883,11.374286651611328,136700.0
2019-05-23,11.262321009484829,11.268907312720097,10.97911625141278,11.084494590759277,339900.0
2019-05-24,11.13059791446888,11.275494079179666,11.13059791446888,11.262321472167969,228400.0
2019-05-28,11.216219177377797,11.282079703386175,11.189873962007237,11.209632873535156,258200.0
2019-05-29,11.143770521480578,11.295251733488268,11.110840260160279,11.262321472167969,218000.0
2019-05-30,11.282081608765301,11.308426828585185,11.025221996567549,11.11084270477295,282400.0
2019-05-31,11.018631025772033,11.091079093389348,10.998873375482722,11.044976234436035,259100.0
2019-06-03,11.044977461243821,11.183286053466224,10.992288294272122,11.13718318939209,446600.0
2019-06-04,11.229390332228995,11.328183631929727,11.19646006980141,11.315011024475098,315100.0
2019-06-05,11.308426025058433,11.374287813719071,11.183288752224133,11.268909454345703,329100.0
2019-06-06,11.255735547138254,11.341354983175368,11.15694350364651,11.315011024475098,224500.0
2019-06-07,11.315011222599376,11.315011222599376,11.170115050479318,11.209632873535156,161000.0
2019-06-10,11.242561271008725,11.367698510836258,11.242561271008725,11.308423042297363,211100.0
2019-06-11,11.367698393277122,11.39404234779486,11.22280350290759,11.275492668151855,195200.0
2019-06-12,11.262321472167969,11.308424340499966,11.176700782800877,11.262321472167969,166000.0
2019-06-13,11.308424340499966,11.38087242285536,11.22280490734182,11.262321472167969,196500.0
2019-06-14,11.262322993352353,11.315012172306846,11.222806423188763,11.28208065032959,223800.0
2019-06-17,11.209633368600636,11.374287203311425,11.209633368600636,11.222805976867676,283900.0
2019-06-18,11.249147997063599,11.446732062155794,11.242561694066012,11.387457847595215,373900.0
2019-06-19,11.387458493716228,11.40062984424989,11.315010412840943,11.341354370117188,452300.0
2019-06-20,11.400629228470205,11.400629228470205,11.22280407188585,11.29525089263916,297900.0
2019-06-21,11.235977292340333,11.380873470387835,11.130598938965276,11.196460723876953,947900.0
2019-06-24,11.163530432518455,11.255736177446298,11.077909735477693,11.097668647766113,404200.0
2019-06-25,11.104254634244969,11.288666118825896,11.025220243560984,11.242563247680664,505100.0
2019-06-26,11.268909862402511,11.275496167127983,11.097669708167752,11.130599975585938,543500.0
2019-06-27,11.137183358522327,11.387457847595215,11.137183358522327,11.387457847595215,390200.0
2019-06-28,11.453318942318482,11.664075624026477,11.413802378550463,11.598215103149414,2100100.0
2019-07-01,11.61138645359948,11.670661927355967,11.51259441607497,11.598215103149414,495600.0
2019-07-02,11.591628680395242,11.61138633397124,11.361113091073706,11.446732521057129,298100.0
2019-07-03,11.532354620813198,11.571871189017786,11.453320228194968,11.55211353302002,130800.0
2019-07-05,11.585042648916966,11.664075777492862,11.525767174380581,11.657490730285645,253300.0
2019-07-08,11.604801712181922,11.617973062978958,11.45990554753402,11.52576732635498,455300.0
2019-07-09,11.466491736192093,11.571870078766615,11.37428600049162,11.56528377532959,376600.0
2019-07-10,11.56528615981604,11.58504507420093,11.453321490720048,11.479666709899902,212100.0
2019-07-11,11.486251335386237,11.519181598337404,11.367700378827625,11.473078727722168,185700.0
2019-07-12,11.506007578844054,11.604800867993271,11.453318410861936,11.558696746826172,256000.0
2019-07-15,11.558697089217139,11.558697089217139,11.367699320702561,11.440147399902344,220800.0
2019-07-16,11.459904555023835,11.499421116410414,11.394042781906977,11.426974296569824,315000.0
2019-07-17,11.354527888157797,11.47307884593793,11.249149538177463,11.433562278747559,464000.0
2019-07-18,11.321600432792746,11.55211610162443,11.321600432792746,11.506011962890625,246300.0
2019-07-19,11.45331924403103,11.624559366481948,11.45331924403103,11.52576732635498,393800.0
2019-07-22,11.420390530215828,11.637733550429246,11.137185722257017,11.28208065032959,528000.0
2019-07-23,11.22939086880953,11.295252653020802,11.104254860638068,11.235977172851562,482600.0
2019-07-24,11.209632297337201,11.394043770615955,11.11742530448888,11.334768295288086,684200.0
2019-07-25,11.400631828145217,11.400631828145217,11.13059962397688,11.176702499389648,384400.0
2019-07-26,11.176699950777023,11.341353757539135,11.163528600954782,11.29525089263916,306500.0
2019-07-29,11.288665659328192,11.394044005144801,11.229390182780229,11.255735397338867,325200.0
2019-07-30,11.196459839504875,11.40063022601616,11.189873535913032,11.394043922424316,385500.0
2019-07-31,11.447286851072285,11.553773134107844,11.367421504087302,11.414009094238281,527400.0
2019-08-01,11.40735368217563,11.513839966511577,11.18772556205566,11.240968704223633,536400.0
2019-08-02,11.234313544216999,11.254280199256936,11.081239663827544,11.154449462890625,356700.0
2019-08-05,11.081241168261805,11.094552273428931,10.808369859419987,10.954788208007812,468300.0
2019-08-06,10.974756107074887,11.134485578896282,10.928168503137437,11.074586868286133,414100.0
2019-08-07,10.961442699288558,11.027996949263457,10.815024364877168,10.994720458984375,361800.0
2019-08-08,11.034651791438428,11.2210034254984,11.034651791438428,11.141138076782227,420400.0
2019-08-09,11.127829426800506,11.207694793122357,11.047965329895586,11.06127643585205,341100.0
2019-08-12,11.034652075546953,11.08123966790727,10.974753379821777,10.974753379821777,305900.0
2019-08-13,10.94147982634907,11.181073404114375,10.94147982634907,11.054621696472168,227400.0
2019-08-14,10.90154579384602,10.948134665080994,10.741816329291227,10.808370590209961,262800.0
2019-08-15,10.894890709325079,10.988065906111652,10.788403138033045,10.92151165008545,434500.0
2019-08-16,10.968100770804314,11.114520408267751,10.894892221489622,11.054621696472168,365300.0
2019-08-19,11.17441640958331,11.17441640958331,10.988064765930176,10.988064765930176,325600.0
2019-08-20,10.981409762519197,10.981409762519197,10.775092722417655,10.788402557373047,324800.0
2019-08-21,10.854955780265525,10.854955780265525,10.708537454309203,10.755125045776367,397800.0
2019-08-22,10.801713661745218,10.84830125763104,10.701882917787492,10.788402557373047,360800.0
2019-08-23,10.795059698431038,10.795059698431038,10.468945209814319,10.515533447265625,567000.0
2019-08-26,10.575431543181667,10.602053119592414,10.502221732020777,10.56212043762207,478400.0
2019-08-27,10.56877368943629,10.622016830666029,10.402388714416274,10.40904426574707,407400.0
2019-08-28,10.395734040168989,10.568774581119152,10.395734040168989,10.495565414428711,676400.0
2019-08-29,10.582085646828695,10.681916392008658,10.508876476010617,10.568775177001953,371100.0
2019-08-30,10.62867352690121,10.641983996288275,10.429011408428234,10.522187232971191,366200.0
2019-09-03,10.482256408636601,10.502222433601341,10.30256027982847,10.4290132522583,314300.0
2019-09-04,10.468944817164338,10.515533052868298,10.289249331389941,10.37576961517334,199800.0
2019-09-05,10.488910351109432,10.715194048321722,10.488910351109432,10.548809051513672,482300.0
2019-09-06,10.575432156339815,10.608708652751266,10.50887789409994,10.515533447265625,233100.0
2019-09-09,10.548806810790364,10.775090459936644,10.522185242344227,10.741812705993652,547100.0
2019-09-10,10.78174951976247,10.941478982424968,10.73516064907943,10.908201217651367,362900.0
2019-09-11,10.96144533561086,11.161108133556183,10.841649180144113,11.121174812316895,531900.0
2019-09-12,11.094550767187501,11.240969095896977,11.0279965198044,11.154449462890625,517900.0
2019-09-13,11.2210034254984,11.300867504797923,11.107861588643534,11.141138076782227,542100.0
2019-09-16,11.061273504256679,11.141137579995036,10.98140815910173,11.087894439697266,591800.0
2019-09-17,11.06127643585205,11.101208484304511,10.928167915121275,11.06127643585205,490200.0
2019-09-18,11.0479661430041,11.081242640927412,10.94147982634907,11.054621696472168,712600.0
2019-09-19,11.04130819476903,11.187726531058534,10.988065047989506,11.001376152038574,471500.0
2019-09-20,11.021341672562452,11.081240372094049,10.928166481920751,11.0679292678833,2250700.0
2019-09-23,11.047964861717668,11.181072107390845,10.941478557412374,11.114519119262695,696000.0
2019-09-24,11.161105305875932,11.181070692020281,10.96144255851542,10.988064765930176,535700.0
2019-09-25,11.0413069598354,11.187725279748497,11.008030472851344,11.167759895324707,480000.0
2019-09-26,11.147794960147431,11.147794960147431,10.928166811709257,10.94813346862793,444900.0
2019-09-27,10.988063741607625,11.054617984523517,10.928165049924983,11.014684677124023,425700.0
2019-09-30,11.047965290866633,11.054620843821352,10.901545664696647,10.908201217651367,563700.0
2019-10-01,10.994721086743688,11.03465313124191,10.68857202714583,10.768437385559082,676800.0
2019-10-02,10.761782937578513,10.901545742372694,10.708539782978312,10.881580352783203,995500.0
2019-10-03,10.848301453451375,10.974754408436022,10.821680513643283,10.94813346862793,478000.0
2019-10-04,10.928167954381262,10.99472221498575,10.84830258777249,10.881580352783203,403600.0
2019-10-07,10.868266105651855,10.948131449178089,10.834989619675593,10.868266105651855,398800.0
2019-10-08,10.815022495251718,10.854954530566792,10.69522511988998,10.741812705993652,337400.0
2019-10-09,10.761782114188714,10.821680817208176,10.708538963662173,10.78174877166748,225800.0
2019-10-10,10.801712495043239,10.834990252379312,10.741813801254954,10.748469352722168,332800.0
2019-10-11,10.868267200631257,10.968097938034578,10.74846980798059,10.874922752380371,309900.0
2019-10-14,10.82833480834961,10.861611296599202,10.761780562433767,10.82833480834961,206400.0
2019-10-15,10.848300545383912,10.941477000454817,10.781747566726162,10.874922752380371,467300.0
2019-10-16,10.815024056055037,10.894889407627714,10.801712952556809,10.874922752380371,498800.0
2019-10-17,10.9015457645701,11.127829489435946,10.888235927955652,11.094552993774414,417300.0
2019-10-18,11.034651299399497,11.121170926352148,10.94147612123255,11.087894439697266,506500.0
2019-10-21,11.174417256771724,11.686882094191107,11.167761704413444,11.660261154174805,631900.0
2019-10-22,11.806678926651902,11.806678926651902,11.573739683047938,11.633638381958008,542200.0
2019-10-23,11.626983811871403,11.633639364469808,11.414011206389912,11.453943252563477,520700.0
2019-10-24,11.427321824737922,11.513841465997379,11.334146631163613,11.400699615478516,261100.0
2019-10-25,11.374080936791445,11.427324096478136,11.35411427587754,11.387392044067383,240600.0
2019-10-28,11.367423154602406,11.520497050014807,11.327491110020217,11.447288513183594,330600.0
2019-10-29,11.41400989844819,11.613672645270201,11.387388960521953,11.587050437927246,527200.0
2019-10-30,10.808368894049527,11.347455910999996,10.721849257024587,11.314179420471191,1861100.0
2019-10-31,11.341088735495866,11.367994564954024,11.166196353511744,11.34781551361084,804300.0
2019-11-01,11.347811891532183,11.435257413111866,11.300724459757078,11.374717712402344,556200.0
2019-11-04,11.44198718140388,11.455440736858016,11.28054836495923,11.415080070495605,1015500.0
2019-11-05,11.468893009310488,11.549613059033646,11.37472068713486,11.415080070495605,703300.0
2019-11-06,11.381448198151189,11.529433468676165,11.374721419990724,11.45544147491455,541000.0
2019-11-07,11.53615750571937,11.549611058843588,11.388172270357305,11.428531646728516,703400.0
2019-11-08,11.415078093604297,11.502524905910269,11.388172270357305,11.428531646728516,471400.0
2019-11-11,11.401627798043133,11.448713959130949,11.36799390940779,11.415080070495605,243000.0
2019-11-12,11.40835314944589,11.455440592943813,11.327634383738465,11.441987037658691,469700.0
2019-11-13,11.36799390940779,11.43526040367681,11.327634526047044,11.415080070495605,454700.0
2019-11-14,11.394899438290887,11.435258816048288,11.334359730154041,11.38144588470459,490800.0
2019-11-15,11.435260691742336,11.44871424753538,11.307454477711799,11.327634811401367,678400.0
2019-11-18,11.3410888427587,11.3410888427587,11.193102288833096,11.267095565795898,493700.0
2019-11-19,11.314177386628453,11.32763093782094,11.23345864547604,11.273818016052246,355800.0
2019-11-20,11.21328016604456,11.260366319974326,11.159467235410332,11.220006942749023,563300.0
2019-11-21,11.246912410660418,11.246912410660418,11.092200400358008,11.132559776306152,432900.0
2019-11-22,11.146016927096356,11.233463766712509,11.112384316783585,11.172924041748047,307000.0
2019-11-25,11.179645723707344,11.34108448901343,11.166192172514856,11.273818016052246,559500.0
2019-11-26,11.246914422653465,11.320907694296457,11.220008594875251,11.240187644958496,450400.0
2019-11-27,11.240188045475492,11.294002268952777,11.159469276262971,11.19310188293457,531000.0
2019-11-29,11.19310188293457,11.260368379279473,11.13928894245899,11.19310188293457,229600.0
2019-12-02,11.206552772742642,11.26036570041602,11.098926917395884,11.119107246398926,510200.0
2019-12-03,11.065294456564686,11.098927055653983,10.977847646130257,11.09220027923584,341400.0
2019-12-04,11.085472923504561,11.199825550634216,11.011480952774559,11.112380027770996,415200.0
2019-12-05,11.125834022733274,11.199825996408295,11.098926917395884,11.119107246398926,587300.0
2019-12-06,11.166193519877165,11.30072519903146,11.152739967061311,11.159466743469238,397300.0
2019-12-09,11.166193519877165,11.186372566099532,11.112380591615164,11.159466743469238,620800.0
2019-12-10,11.172922719464742,11.172922719464742,11.078749112330842,11.152742385864258,412100.0
2019-12-11,11.172921861628788,11.172921861628788,11.0383888806248,11.072021484375,345200.0
2019-12-12,11.092200262391383,11.199826118915386,11.092200262391383,11.159466743469238,478600.0
2019-12-13,11.199825605920571,11.233459486419644,11.08547297822643,11.166193008422852,361200.0
2019-12-16,11.233461380004883,11.30072658633898,11.139287781734318,11.233461380004883,646100.0
2019-12-17,11.26709509333436,11.334361589297888,11.226735708956921,11.327634811401367,572800.0
2019-12-18,11.381446254077284,11.381446254077284,11.186373569749577,11.21328067779541,796600.0
2019-12-19,11.240186068997186,11.394899368286133,11.233460575246843,11.394899368286133,819200.0
2019-12-20,11.421804644361824,11.421804644361824,11.260365859067123,11.280546188354492,1692400.0
2019-12-23,11.300727504062326,11.334361392962327,11.166195797467342,11.179649353027344,553700.0
2019-12-24,11.186373710632324,11.206554041920853,11.139287553960635,11.186373710632324,212400.0
2019-12-26,11.1931004877285,11.233461150305558,11.146014331056811,11.186373710632324,207000.0
2019-12-27,11.199825743902593,11.199825743902593,11.112380219530381,11.139286041259766,313300.0
2019-12-30,11.119107858185028,11.226733719453485,11.119107858185028,11.220006942749023,388200.0
2019-12-31,11.220007596113206,11.287274084073424,11.179648216537691,11.186373710632324,494600.0
2020-01-02,11.193099359505139,11.213279688759565,11.011481528220967,11.09220027923584,560900.0
2020-01-03,11.004755995493783,11.166194798769782,10.998029218315422,11.125835418701172,588300.0
2020-01-06,11.09892603334452,11.125833136538706,11.018206006763263,11.105652809143066,584200.0
2020-01-07,11.051841828797677,11.125835092589261,10.964395011043711,10.971121788024902,527000.0
2020-01-08,11.011480952774559,11.146012625102694,11.011480952774559,11.112380027770996,809700.0
2020-01-09,11.132559601988882,11.159466707533943,11.031660522197718,11.038387298583984,550200.0
2020-01-10,11.004755020141602,11.065294726379658,10.957668867067879,11.004755020141602,375300.0
2020-01-13,10.998027345822761,11.152739345579576,10.964393465657363,11.05856704711914,368000.0
2020-01-14,11.031662103274442,11.085475039075718,10.984575944823524,11.072021484375,390000.0
2020-01-15,11.05856961031225,11.05856961031225,10.964396007022593,11.024935722351074,334900.0
2020-01-16,11.065294456564686,11.159466760415844,11.018207021637695,11.09220027923584,381100.0
2020-01-17,11.172922263376975,11.172922263376975,10.99802989498377,11.024935722351074,402300.0
2020-01-21,10.998028918721653,11.024934743700607,10.903855323791504,10.903855323791504,462300.0
2020-01-22,10.924034063119251,10.991300540268037,10.843315316941778,10.870221138000488,408100.0
2020-01-23,10.863496359375132,10.991302561156461,10.802956647110376,10.977849006652832,1028300.0
2020-01-24,10.977848397477782,11.031661329504576,10.796229270761794,10.876949310302734,429300.0
2020-01-27,10.863496524626731,10.870223301980872,10.500258887013537,10.506985664367676,837700.0
2020-01-28,10.506983743013288,10.66169638636307,10.486804056141814,10.574250221252441,733700.0
2020-01-29,10.547344609121335,10.601157539453528,10.426265195123538,10.466625213623047,1166000.0
2020-01-30,10.426265401719796,10.654970680913769,10.426265401719796,10.64824390411377,678900.0
2020-01-31,10.580979347229004,10.648245844485098,10.40608760906471,10.580979347229004,1611400.0
2020-02-03,10.61461259585705,10.681879093113144,10.547346740101817,10.580979347229004,770100.0
2020-02-04,10.648241424701519,10.722234027770298,10.580974955365832,10.601155281066895,538100.0
2020-02-05,10.669243528704667,10.71690426816723,10.63519986509046,10.710095405578613,558500.0
2020-02-06,10.757758776802694,10.819037252734848,10.621584746580686,10.642010688781738,474500.0
2020-02-07,10.62839267119622,10.723714814416129,10.580731924250754,10.682862281799316,739900.0
2020-02-10,10.689671145456948,10.750949619717677,10.655627476497768,10.682862281799316,476500.0
2020-02-11,10.689669857176925,10.853078669292783,10.689669857176925,10.757757186889648,409900.0
2020-02-12,10.819036094927544,10.880313914973009,10.744139899323764,10.771374702453613,390800.0
2020-02-13,10.764567890359126,10.853080525059976,10.757759026357828,10.825845718383789,250800.0
2020-02-14,10.859887974957854,10.887122778087702,10.764566488667846,10.771374702453613,368400.0
2020-02-18,10.73052367807376,10.778184425019225,10.621584456867566,10.682862281799316,244000.0
2020-02-19,10.6760519302064,10.737330392199649,10.648817130357052,10.655625343322754,244900.0
2020-02-20,10.621582374534814,10.771373449662704,10.621582374534814,10.737330436706543,380300.0
2020-02-21,10.744139958563661,10.757757684868134,10.642009608595844,10.703288078308105,438800.0
2020-02-24,10.533071161110254,10.607966713242112,10.512644570168765,10.56711483001709,401900.0
2020-02-25,10.519453042817924,10.519453042817924,10.172208801667086,10.213061332702637,593600.0
2020-02-26,10.260721764646316,10.3764698414973,10.124547747565433,10.138165473937988,721300.0
2020-02-27,10.001991006759397,10.179017557155232,9.818156242370605,9.818156242370605,611000.0
2020-02-28,9.634319384977069,9.777302246666746,9.287075848869723,9.457293510437012,1094900.0
2020-03-02,9.47091294652555,9.974757194519043,9.430061061190408,9.974757194519043,788400.0
2020-03-03,9.913477561780299,10.131355975447264,9.647937758127016,9.7977294921875,755700.0
2020-03-04,9.89305126949943,10.042843008041638,9.688789925910768,10.022417068481445,535700.0
2020-03-05,9.804538644390806,9.84539117552939,9.586660209862242,9.756877899169922,939200.0
2020-03-06,9.491338115764819,9.681982396223667,9.382398897976309,9.64793872833252,715000.0
2020-03-09,9.096431930403648,9.150901532134956,8.647057391455927,8.66748332977295,1040100.0
2020-03-10,8.905788078996798,9.327927805449256,8.449604690067929,8.790040016174316,564900.0
2020-03-11,8.572162680957758,8.626632287960229,8.170448842317835,8.272579193115234,860100.0
2020-03-12,7.8095858007675325,7.884481331445532,7.176375948202146,7.482767581939697,1040100.0
2020-03-13,7.87086732817215,8.01385023294446,7.421492020795575,7.918528079986572,967100.0
2020-03-16,7.26489145302229,7.904909716240815,7.108290832124029,7.687031269073486,863700.0
2020-03-17,7.809587217504561,8.470031338010562,7.748308749774767,8.347475051879883,1067100.0
2020-03-18,7.938954044872913,8.2113027757659,7.448726848728773,7.823205947875977,1568100.0
2020-03-19,7.6734115802933465,8.102359464893592,7.1968016652641476,7.864055156707764,796200.0
2020-03-20,7.748309152811758,7.877674308603467,7.2172301537437225,7.292125701904297,1291000.0
2020-03-23,7.319360741113838,7.42149109637454,6.754238056769506,6.917646884918213,1146000.0
2020-03-24,7.210420866499105,7.489577751527034,7.094672794756466,7.44872522354126,1045800.0
2020-03-25,7.496388485466551,7.993423912265269,7.183187857165624,7.639371395111084,1226500.0
2020-03-26,7.687032291754733,8.150024702910716,7.687032291754733,8.068320274353027,916900.0
2020-03-27,7.775544563832294,8.088745156834134,7.618943942666877,7.727883815765381,583300.0
2020-03-30,7.823205886936394,7.966188790975947,7.557666671812255,7.932145118713379,555300.0
2020-03-31,7.816396106594926,7.959378993877953,7.659796141600115,7.877674579620361,648900.0
2020-04-01,7.544047748877292,7.666604689888929,7.3465952602079545,7.496387004852295,751700.0
2020-04-02,7.462341646178205,7.6938377492377565,7.278506276338399,7.482767581939697,526300.0
2020-04-03,7.523621347338096,7.523621347338096,7.053820201808403,7.251272678375244,566700.0
2020-04-06,7.5304321590636425,7.7006498777200365,7.496388485466551,7.639371395111084,549300.0
2020-04-07,7.850441938725148,8.000233730816424,7.584902681528276,7.652989387512207,502700.0
2020-04-08,7.734693824290409,7.782355232741218,7.584902681528276,7.652989387512207,512500.0
2020-04-09,7.809588020758615,8.279388572793454,7.73469181946147,8.258962631225586,720300.0
2020-04-13,8.224920104319537,8.340668204822585,7.557666959611682,7.5985188484191895,600700.0
2020-04-14,7.75511709138963,7.8640562936621565,7.414681759623553,7.584899425506592,579900.0
2020-04-15,7.332979240293455,7.3874488554120585,7.0674393795934956,7.142334938049316,671100.0
2020-04-16,7.108290630586535,7.264891247044785,6.502316054251021,6.6044464111328125,1558800.0
2020-04-17,6.767854812882667,7.189995239536009,6.686150402690419,6.80189847946167,1081200.0
2020-04-20,6.686152212347731,7.0061617258770434,6.577212969272844,6.9516921043396,1197600.0
2020-04-21,6.64529940604162,6.958500011430071,6.447846892818186,6.699769020080566,2250700.0
2020-04-22,6.788281014126691,7.1695682398802605,6.611254477505229,6.944880962371826,5875300.0
2020-04-23,7.026586070936246,7.353404375039469,6.985734188753944,7.06743860244751,1808100.0
2020-04-24,7.067437522700058,7.237655187555082,6.815515456634086,7.033393859863281,5243800.0
2020-04-27,7.0402048124702175,7.530432014608837,6.924456714057918,7.367022514343262,1206100.0
2020-04-28,7.523621167123003,7.761925516262328,7.435107900529922,7.475959777832031,1039000.0
2020-04-29,7.816396598657394,8.047892778291674,7.5304314554180545,7.571283340454102,4146100.0
2020-04-30,7.387447103172829,7.455533781256989,7.155950969163155,7.2240376472473145,1051500.0
2020-05-01,7.047011260672423,7.149141595157425,6.842749942373587,6.958498001098633,874300.0
2020-05-04,6.992542477108456,7.012968416519626,6.78147227209668,6.978924751281738,812700.0
2020-05-05,7.074246561618635,7.1491421022649195,6.808706764061828,6.90402889251709,1329100.0
2020-05-06,6.9248449003655645,7.0219872558742065,6.793009460922842,6.945661544799805,886900.0
2020-05-07,6.994232331407779,7.230149005803892,6.952600366354438,7.181578159332275,1468000.0
2020-05-08,7.2856581340913555,7.542390769885298,7.2856581340913555,7.535451889038086,1100700.0
2020-05-11,7.424433139668935,7.473004648432965,7.028926158426778,7.0774970054626465,1181200.0
2020-05-12,7.077495769697038,7.139944368826843,6.7374985763548185,6.751375675201416,945400.0
2020-05-13,6.688929441640886,6.765255159059399,6.24485091605483,6.335054397583008,1324900.0
2020-05-14,6.182401342867344,6.321175653815635,5.911791601950204,6.293420791625977,870400.0
2020-05-15,6.30036166950955,6.369749177840171,6.154648431397901,6.265667915344238,997700.0
2020-05-18,6.52240079549115,6.869337022096601,6.390565320541547,6.806889057159424,924900.0
2020-05-19,6.779132716046228,6.779132716046228,6.425257682800293,6.425257682800293,700200.0
2020-05-20,6.522399020769977,6.793009442112314,6.508521919580404,6.737499713897705,724800.0
2020-05-21,6.688930034637451,6.7999495104441685,6.661175165685772,6.688930034637451,432200.0
2020-05-22,6.723622404431284,6.737500168284952,6.570970972410143,6.695867538452148,462200.0
2020-05-26,6.994234612564958,7.126070755597688,6.959540855886431,7.001173496246338,793100.0
2020-05-27,7.181578662411705,7.479943305288682,7.126068930633282,7.445249557495117,793100.0
2020-05-28,7.556269403417411,7.556269403417411,7.139945768742931,7.188516616821289,613200.0
2020-05-29,7.084436382927691,7.084436382927691,6.834642587033775,6.91096830368042,547300.0
2020-06-01,6.9387228010777395,7.084436006369499,6.841580443640509,6.848519325256348,624300.0
2020-06-02,6.91790733090745,7.015049033819372,6.7583163505506585,6.813826084136963,559700.0
2020-06-03,6.952601239244167,7.348108265547052,6.952601239244167,7.17464017868042,661700.0
2020-06-04,7.133006155790105,7.306474208831787,7.021986707719925,7.306474208831787,506000.0
2020-06-05,7.493821656287627,7.736676586415463,7.438311920159651,7.590963363647461,986900.0
2020-06-08,7.750553077397331,7.90320515752284,7.632594742081457,7.819940567016602,746900.0
2020-06-09,7.625655496951486,7.8962658994819614,7.507697167263441,7.757491588592529,557400.0
2020-06-10,7.722799422628623,7.722799422628623,7.306475743208417,7.3203535079956055,490100.0
2020-06-11,6.973416251222435,7.015048215692745,6.779132206328653,6.834641933441162,832900.0
2020-06-12,7.13300544469296,7.153822085426965,6.793008253440702,7.02198600769043,728900.0
2020-06-15,6.793009454728324,7.3134136540028996,6.751376827625968,7.1121907234191895,1273800.0
2020-06-16,7.375861375972706,7.535451660244453,7.2301481912459415,7.3272905349731445,937800.0
2020-06-17,7.313415213881547,7.3550478498637295,7.063621383173351,7.084437370300293,740300.0
2020-06-18,6.973416789690271,7.278720312383759,6.945661923990863,7.139945983886719,788100.0
2020-06-19,7.292598129636594,7.292598129636594,7.070558540683018,7.146884918212891,3357300.0
2020-06-22,7.0358638763427725,7.077495834994713,6.945660416959501,7.035863876342773,768200.0
2020-06-23,7.1607628223164,7.257905194721691,6.9734176219191,6.99423360824585,592800.0
2020-06-24,6.938722756463795,6.966477621020524,6.6195414831973345,6.675051212310791,649500.0
2020-06-25,6.640358072296682,6.876274773426794,6.5640323532309175,6.86239767074585,571800.0
2020-06-26,6.730561327027783,6.9317842720244585,6.487706413674944,6.5709710121154785,1268700.0
2020-06-29,6.66811224123004,7.001171273168126,6.619541394339799,6.945661544799805,587100.0
2020-06-30,6.897090853819333,7.160762425690737,6.897090853819333,7.098313808441162,529200.0
2020-07-01,7.091375588319019,7.2232110433989725,6.737500531701119,6.758316516876221,399900.0
2020-07-02,6.938722644107703,7.01504835497075,6.7097448497904,6.737499713897705,418000.0
2020-07-06,6.910968811394876,6.987294533648791,6.702806968659895,6.744439601898193,481100.0
2020-07-07,6.626480103113084,6.647296085276642,6.522398868839014,6.550153732299805,709100.0
2020-07-08,6.550153440733233,6.591786064935299,6.390563148369557,6.536276340484619,616800.0
2020-07-09,6.529338224632493,6.550154208308777,6.244850688053244,6.251789569854736,754400.0
2020-07-10,6.314238612529388,6.598726168478542,6.314238612529388,6.584848403930664,775100.0
2020-07-13,6.598726105637339,6.7860712931519185,6.522399724807352,6.65423583984375,724800.0
2020-07-14,6.654234833001208,6.730560540554235,6.564031363132288,6.647295951843262,684400.0
2020-07-15,6.820765077228781,7.035865794671175,6.8138261949855545,6.959539413452148,662600.0
2020-07-16,6.876274811718128,7.021988030184722,6.841581062230228,6.959539413452148,461400.0
2020-07-17,6.959538380413224,7.008109887177866,6.813825183575565,6.820764064788818,787000.0
2020-07-20,6.786071208378888,6.834642721498903,6.668112859231767,6.681990623474121,509600.0
2020-07-21,6.75137652550786,7.084435542238135,6.7166834431579,7.056680679321289,838200.0
2020-07-22,6.980355132543535,7.015048215692745,6.786070425921609,6.834641933441162,436600.0
2020-07-23,6.820764683831591,7.0219876251817155,6.820764683831591,7.008110523223877,631700.0
2020-07-24,7.015049023904774,7.077497639533161,6.862397587622295,6.890152454376221,439300.0
2020-07-27,6.834641531241547,6.834641531241547,6.640356836052734,6.730560302734375,626500.0
2020-07-28,6.744439414002232,6.890152633684412,6.487706724415199,6.758316516876221,522900.0
2020-07-29,6.80688788481331,6.862397618571508,6.6472969039623235,6.855458736419678,438700.0
2020-07-30,6.765255399177333,6.841581119304861,6.640358164670253,6.758316516876221,382600.0
2020-07-31,6.751376681044254,6.841580153034117,6.612602363262981,6.834641933441162,1067500.0
2020-08-03,6.883213581983955,6.904029566646763,6.793010099474155,6.813826084136963,676100.0
2020-08-04,6.834642751692409,6.869335838995116,6.661174668265985,6.855458736419678,765200.0
2020-08-05,6.8837565416169015,7.103074888671003,6.784710112053215,7.05355167388916,1213500.0
2020-08-06,7.011104249774146,7.117226314904832,6.961581024201833,7.046478271484375,575900.0
2020-08-07,6.975728392110178,7.279943954166452,6.954504254551396,7.26579475402832,613000.0
2020-08-10,7.315318572128098,7.4568139587382385,7.265795355490355,7.3294677734375,484900.0
2020-08-11,7.470963986154449,7.5841602977365525,7.329467921973582,7.364841938018799,635900.0
2020-08-12,7.520486989293154,7.584160081417784,7.251645419602057,7.378991603851318,466700.0
2020-08-13,7.315319620482603,7.435590885013037,7.187973416931949,7.251646518707275,325600.0
2020-08-14,7.294094727037631,7.499263214574116,7.152598660016675,7.400216102600098,698000.0
2020-08-17,7.350693078972982,7.357767342749104,7.18797286746334,7.315319061279297,510200.0
2020-08-18,7.322393979167709,7.322393979167709,7.081851469170995,7.096000671386719,418900.0
2020-08-19,7.081850051879883,7.195046345764762,7.039401104321487,7.081850051879883,405100.0
2020-08-20,6.996953697402071,7.103075067376835,6.947429806671061,6.982803821563721,326700.0
2020-08-21,6.961581616851584,7.039403931476539,6.9120583870632855,7.025254726409912,635500.0
2020-08-24,7.138448568343095,7.294093817843324,7.011102393778983,7.279943943023682,413100.0
2020-08-25,7.287018467459752,7.3860648867713685,7.180896436436139,7.216270446777344,368400.0
2020-08-26,7.195047906492436,7.209197108945681,7.039402631287066,7.074776649475098,447800.0
2020-08-27,7.1101483720398395,7.258718660698692,7.046475294799895,7.173821449279785,458800.0
2020-08-28,7.258720911081019,7.258720911081019,7.096000699386877,7.152598857879639,395000.0
2020-08-31,7.1455245940954955,7.180897937126019,7.074776558627908,7.152598857879639,593700.0
2020-09-01,7.117224947970984,7.18089736517646,7.0464769181383895,7.145524024963379,353400.0
2020-09-02,7.117224980095916,7.244570489784881,7.096000166228405,7.202122211456299,362900.0
2020-09-03,7.2516475959802715,7.386068083816743,7.166750339235645,7.230423450469971,528200.0
2020-09-04,7.386065305358331,7.428514255114091,7.173822580689033,7.279943943023682,434500.0
2020-09-08,7.230423557729906,7.322395755910137,7.074778247370787,7.223348617553711,751000.0
2020-09-09,7.265795152080838,7.42851467345128,7.145523908153466,7.166748046875,455500.0
2020-09-10,7.180897815270198,7.244570911169875,7.060626561838197,7.088926315307617,546300.0
2020-09-11,7.046476736147983,7.11014982641218,7.004027784404118,7.05355167388916,531800.0
2020-09-14,7.088925355880681,7.343617030305738,7.032326531305279,7.279943943023682,507800.0
2020-09-15,7.308245875557749,7.322395755910137,7.209198737201323,7.223348617553711,389400.0
2020-09-16,7.202122061213029,7.287019290802373,7.1101498938154375,7.166748046875,806400.0
2020-09-17,7.103074587002294,7.223345824681573,7.103074587002294,7.159672737121582,615800.0
2020-09-18,7.195047269482025,7.20212220743391,6.933280637591236,7.039402008056641,2939800.0
2020-09-21,6.93328263284515,6.940357572833055,6.593692935163237,6.614917755126953,1126800.0
2020-09-22,6.6361406096030064,6.75641186718999,6.466346131140188,6.5017194747924805,578400.0
2020-09-23,6.501718747771765,6.614915728792598,6.296550273895264,6.296550273895264,652100.0
2020-09-24,6.317775531926885,6.522944020240696,6.254102436466865,6.40267276763916,836800.0
2020-09-25,6.3460748469629,6.494645183671171,6.324850031216519,6.4451212882995605,523500.0
2020-09-28,6.544169477669854,6.728113862754793,6.537094537927343,6.643216609954834,717800.0
2020-09-29,6.64321386409077,6.657363063024061,6.416820608830115,6.530016899108887,476900.0
2020-09-30,6.56539294726082,6.636140988006132,6.430972479488711,6.508794784545898,732600.0
2020-10-01,6.530018739886518,6.586617575683927,6.416822417698303,6.579542636871338,419500.0
2020-10-02,6.452196066592259,6.7847107499556225,6.445121128185892,6.735187530517578,672300.0
2020-10-05,6.7917857728985735,6.947430371556365,6.7564117551297045,6.904982089996338,460600.0
2020-10-06,6.989880185464456,7.1525997425820504,6.912057876586914,6.912057876586914,787500.0
2020-10-07,6.954505185140907,7.1242996577378745,6.954505185140907,7.088926315307617,688400.0
2020-10-08,7.166748196380334,7.2304212885764265,7.088925902975788,7.202122211456299,419300.0
2020-10-09,7.294096041595717,7.315320185592622,7.103076721513454,7.117226600646973,459600.0
2020-10-12,7.0818513869902,7.350692973001878,7.0818513869902,7.322393894195557,584700.0
2020-10-13,7.322393717537177,7.322393717537177,7.0606264015149725,7.06770133972168,535600.0
2020-10-14,7.067701445117631,7.173823495691031,7.032327428259832,7.06062650680542,323200.0
2020-10-15,6.947430851174184,7.237496602437793,6.947430851174184,7.209197521209717,485500.0
2020-10-16,7.202120556195355,7.279942831714035,7.074774401071096,7.244568824768066,503900.0
2020-10-19,7.287018912241564,7.329467187479445,7.131373662061938,7.159672737121582,332000.0
2020-10-20,7.244570046067044,7.336542209750122,7.216270970680187,7.2587199211120605,410200.0
2020-10-21,7.258720072048434,7.329467424635093,7.223346058403509,7.294094085693359,287600.0
2020-10-22,7.371916949261104,7.499263138405229,7.301168916469203,7.463889122009277,557100.0
2020-10-23,7.478038787841797,7.612459923548097,7.421440627977024,7.478038787841797,467300.0
2020-10-26,7.428514193374108,7.5275612921789,7.287018819869519,7.520486354827881,532000.0
2020-10-27,7.661983500046388,7.661983500046388,7.428515911102295,7.428515911102295,470700.0
2020-10-28,7.294094948312463,7.478038626553998,7.287020009806138,7.371917247772217,474900.0
2020-10-29,7.329468098150538,7.4992632443082625,7.209196845527807,7.456814289093018,617000.0
2020-10-30,7.435590323209679,7.605384798646015,7.435590323209679,7.548786640167236,527300.0
2020-11-02,7.5983097352733315,7.761029944252777,7.527562375689308,7.732730865478516,500100.0
2020-11-03,7.8883748054504395,7.959122833854876,7.817627451749207,7.8883748054504395,511600.0
2020-11-04,7.744426313869098,7.744426313869098,7.326975888623333,7.348567962646484,437200.0
2020-11-05,7.34856792275805,7.686846950482956,7.334172749220982,7.614872455596924,516300.0
2020-11-06,7.701242394628948,7.715637569954858,7.34856883594102,7.398950576782227,455200.0
2020-11-09,7.974745816872265,8.672896144048945,7.917166479208194,8.449775695800781,1020600.0
2020-11-10,8.557736621866843,8.84563328169761,8.44977485963047,8.701684951782227,824400.0
2020-11-11,8.716079686306923,8.716079686306923,8.305826762928914,8.413787841796875,453300.0
2020-11-12,8.298628807067871,8.406590567553783,8.161878067465437,8.298628807067871,612900.0
2020-11-13,8.34181475645218,8.478565514217033,8.31302508711222,8.42098617553711,350400.0
2020-11-16,8.802448904690687,8.924805163184654,8.629710899663845,8.917608261108398,802700.0
2020-11-17,8.809645670955721,8.838435335773232,8.622512506442016,8.737671852111816,597200.0
2020-11-18,8.802449403744104,8.802449403744104,8.55053997039795,8.55053997039795,434100.0
2020-11-19,8.514551034318552,8.536143110315718,8.320220977544611,8.471366882324219,475000.0
2020-11-20,8.327417787720625,8.608117518218966,8.320220886733267,8.593722343444824,771900.0
2020-11-23,8.716079735439305,8.766462167408184,8.593723479286004,8.644105911254883,658400.0
2020-11-24,8.75926550571111,9.09754464300378,8.752067916611294,9.018372535705566,606300.0
2020-11-25,8.910408226453729,9.018369278356952,8.802446488150878,8.903210639953613,426100.0
2020-11-27,8.888817764003694,8.924804330225768,8.622512506442016,8.737671852111816,243800.0
2020-11-30,8.651303550021227,8.730474963005518,8.492960037652837,8.514552116394043,696000.0
2020-12-01,8.62970938596535,8.78085528545197,8.543340398601526,8.600919723510742,421300.0
2020-12-02,8.543340369846625,8.788052843087,8.543340369846625,8.730473518371582,533200.0
2020-12-03,8.744868071326506,8.86002740801269,8.644104595525679,8.752065658569336,355300.0
2020-12-04,8.975189057057323,9.003978729248047,8.852832778646762,9.003978729248047,605100.0
2020-12-07,8.94639614647036,9.018369957694288,8.824039912350033,8.960790634155273,402400.0
2020-12-08,8.896016266608214,9.032767713905196,8.888819363908276,9.018372535705566,442700.0
2020-12-09,9.090347053903965,9.183913653001932,8.989582865706183,9.018372535705566,543600.0
2020-12-10,8.953594144940599,8.953594144940599,8.874422736966926,8.932002067565918,306600.0
2020-12-11,8.773659237186212,8.975187596117346,8.766462335109956,8.917608261108398,428000.0
2020-12-14,8.98238266894571,9.01836991759751,8.802447112086384,8.80964469909668,600200.0
2020-12-15,8.93919876607169,9.025567753376768,8.7808552794792,8.953593254089355,612600.0
2020-12-16,8.996777205256233,8.996777205256233,8.903210639953613,8.903210639953613,423200.0
2020-12-17,8.896015643040197,8.924805311021563,8.737672812342595,8.888818740844727,481700.0
2020-12-18,8.896015189662569,9.025569032176033,8.759264445320415,8.824041366577148,2075300.0
2020-12-21,8.80244860189171,8.896015189662569,8.71607960234933,8.824041366577148,568500.0
2020-12-22,8.809645837722536,8.903212421750606,8.7304744295756,8.860028266906738,592200.0
2020-12-23,8.867224110587639,9.075949331164793,8.867224110587639,9.039962768554688,429400.0
2020-12-24,9.068752638323327,9.09034471366418,8.9248036389851,9.03276538848877,249300.0
2020-12-28,9.08314702047754,9.24868809322586,9.01117320804758,9.212700843811035,605900.0
2020-12-29,9.198308844935452,9.241493696421502,8.982385960305058,9.003978729248047,382100.0
2020-12-30,9.003976800697728,9.133529954607198,8.924804704331061,9.075950622558594,320400.0
2020-12-31,9.083147571421001,9.191109326213958,9.032765831024127,9.169516563415527,396100.0
2021-01-04,9.191109616180736,9.219899281087185,8.939199533449488,9.111937522888184,766500.0
2021-01-05,9.083148393588301,9.227096726608758,9.061556315235181,9.126333236694336,727800.0
2021-01-06,9.457412865211637,9.925245026098505,9.356648708934618,9.853270530700684,1128400.0
2021-01-07,10.097985144570792,10.162762066961308,9.867667808426566,10.054800987243652,665700.0
2021-01-08,10.213143776502449,10.263526208405567,9.846075694921451,9.975628852844238,707500.0
2021-01-11,9.867666934766476,10.090787349201491,9.824482094863015,10.07639217376709,508600.0
2021-01-12,10.119576170549095,10.256326893783681,10.011614422985245,10.177155494689941,476900.0
2021-01-13,10.155561250694015,10.155561250694015,9.954033645622724,9.961231231689453,610600.0
2021-01-14,10.061995506286621,10.155562073536453,10.00441618588667,10.061995506286621,609500.0
2021-01-15,9.968430519104004,10.00441708278043,9.831679106094656,9.968430519104004,662500.0
2021-01-19,10.040406105311293,10.040406105311293,9.874865686697476,9.997221946716309,657200.0
2021-01-20,9.982828502605631,9.982828502605631,9.817288055253961,9.9468412399292,560500.0
2021-01-21,10.004416825826311,10.004416825826311,9.781297116604401,9.896455764770508,531700.0
2021-01-22,9.81008843967631,9.997221617831205,9.68773218368271,9.975628852844238,596800.0
2021-01-25,9.89645447763049,9.975625866347679,9.630149966782202,9.802887916564941,720500.0
2021-01-26,10.011617225071861,10.011617225071861,9.622956335141533,9.644548416137695,526600.0
2021-01-27,9.57257431838758,9.622956068113876,9.2630848582978,9.327861785888672,856200.0
2021-01-28,9.479004598400396,9.479004598400396,9.335056299180879,9.40703010559082,737300.0
2021-01-29,9.428624012568275,9.565374741867023,9.169516356044744,9.176713943481445,1447900.0
2021-02-01,9.212701879805294,9.428624714175685,9.12633288333709,9.3854398727417,606200.0
2021-02-02,9.45741305802323,9.572571703887798,9.36384648665835,9.493399620056152,654700.0
2021-02-03,9.464188353466078,9.573727291625028,9.391161930405723,9.529911994934082,891600.0
2021-02-04,9.588335659541054,9.814716383671046,9.566428004787264,9.741690635681152,729200.0
2021-02-05,9.741689653003554,9.858531395146588,9.559124256797137,9.617545127868652,568100.0
2021-02-08,9.64675589533867,9.792808078042954,9.581032239013805,9.785505294799805,440600.0
2021-02-09,9.785504856703417,10.041096687316895,9.66136033285478,10.041096687316895,674100.0
2021-02-10,10.114123048289652,10.121425134719765,9.909649306749024,9.931557655334473,579900.0
2021-02-11,9.924256969564572,10.011888293128605,9.741691538031544,9.814717292785645,612000.0
2021-02-12,9.814716054996396,9.946163371980807,9.741690309451984,9.895045280456543,305800.0
2021-02-16,10.041096687316895,10.121425210100014,9.895044511151355,10.041096687316895,543700.0
2021-02-17,10.004584766490826,10.099518867416732,9.960769456175363,10.011887550354004,509800.0
2021-02-18,9.997281590962148,10.136031693199477,9.931558628063792,10.055703163146973,537700.0
2021-02-19,10.070308592398797,10.187150350385297,10.048400936884281,10.157939910888672,596800.0
2021-02-22,10.150636409990359,10.413531043324149,10.150636409990359,10.355110168457031,713300.0
2021-02-23,10.3989250459035,10.639911318862104,10.377017392843191,10.471951484680176,864900.0
2021-02-24,10.508466970481217,10.683729625626919,10.493861401003134,10.566887855529785,754600.0
2021-02-25,10.58879249974301,10.647213368164989,10.355109026055096,10.406227111816406,511000.0
2021-02-26,10.355111519420987,10.457347715560651,10.187150959941484,10.311295509338379,868100.0
2021-03-01,10.42083343941358,10.530372401609556,10.369714653481285,10.457345962524414,547700.0
2021-03-02,10.384320456405508,10.49385942109657,10.362412106321894,10.391622543334961,421700.0
2021-03-03,10.45734667501992,10.785964976861237,10.45734667501992,10.523070335388184,595700.0
2021-03-04,10.566886447706523,10.764056734368523,10.391623119479222,10.55958366394043,839100.0
2021-03-05,10.771360103027469,10.932017872446417,10.712939222590002,10.910109519958496,1210000.0
2021-03-08,11.012346141067688,11.304450536149664,10.953925262051293,11.238727569580078,943400.0
2021-03-09,11.143793335529457,11.143793335529457,10.85899103136247,10.953925132751465,675200.0
2021-03-10,11.019649511132993,11.194912157503527,10.932018187947728,11.143794059753418,775300.0
2021-03-11,11.099978751717318,11.187610080442889,11.005044638156644,11.085373878479004,547100.0
2021-03-12,11.158396830878965,11.297146922118763,11.09267317675819,11.194910049438477,557000.0
2021-03-15,11.194912454893897,11.194912454893897,10.9612289201921,11.063465118408203,950400.0
2021-03-16,10.975830988552028,11.012344205627963,10.793265599604043,10.990436553955078,812000.0
2021-03-17,11.019646988329487,11.136488725827128,10.895502468130323,10.990436553955078,633900.0
2021-03-18,11.041558521048431,11.289847648719002,10.917413957213146,10.975834846496582,640300.0
2021-03-19,10.80056850211804,10.953923458392808,10.632608676709898,10.888199806213379,3537300.0
2021-03-22,10.858988606957167,10.858988606957167,10.596094713180937,10.698330879211426,550300.0
2021-03-23,10.618004434094365,10.720241316492974,10.471952242404772,10.523070335388184,533600.0
2021-03-24,10.632607412701768,10.902804075649245,10.501160123969411,10.508462905883789,594700.0
2021-03-25,10.508465929291,10.71293900670157,10.384321386755202,10.654518127441406,404800.0
2021-03-26,10.793265951696627,10.851686822351224,10.712937428654485,10.822476387023926,462300.0
2021-03-29,10.720241072320214,10.793266818285826,10.50116244155984,10.588793754577637,1093300.0
2021-03-30,10.67642508744923,10.815175188975918,10.661820216801656,10.71293830871582,561500.0
2021-03-31,10.691028593454458,10.734843893382001,10.508463218749215,10.552278518676758,755700.0
2021-04-01,10.523070246698929,10.632609911866753,10.442741716054613,10.610701560974121,379100.0
2021-04-05,10.73484605140092,10.7786620565684,10.51576741842707,10.625307083129883,502700.0
2021-04-06,10.632608845503597,10.683726932929458,10.515766408423229,10.574187278747559,354700.0
2021-04-07,10.632608534245144,10.647213403182828,10.464648014655783,10.53037166595459,431300.0
2021-04-08,10.523070335388184,10.552280773726102,10.34780770536067,10.523070335388184,376700.0
2021-04-09,10.603399428762032,10.669122391865589,10.51576741842707,10.625307083129883,429700.0
2021-04-12,10.669122391865589,10.698332829833316,10.603399428762032,10.625307083129883,359400.0
2021-04-13,10.559584250096798,10.559584250096798,10.282084719467507,10.340505599975586,688300.0
2021-04-14,10.311293289143686,10.486555898873428,10.289385637035394,10.464648246765137,739400.0
2021-04-15,10.282082142172623,10.47925308678862,10.252871709240438,10.398923873901367,434200.0
2021-04-16,10.46464889457544,10.544977421566355,10.347807147522566,10.420833587646484,293200.0
2021-04-19,10.43543781181018,10.501161464566758,10.311293289143686,10.464648246765137,511600.0
2021-04-20,10.377016764842024,10.377016764842024,10.13603050646754,10.179845809936523,586300.0
2021-04-21,10.165241914894217,10.31859688459256,10.136031477638902,10.303991317749023,367100.0
2021-04-22,10.311295400004877,10.340505840939606,10.15063762664795,10.15063762664795,401000.0
2021-04-23,10.114123291090843,10.398924865221623,10.114123291090843,10.325899124145508,523700.0
2021-04-26,10.442741480757707,10.574188100992838,10.3478073849907,10.355110168457031,438400.0
2021-04-27,10.347808534249111,10.435439856282382,10.245571643661043,10.36241340637207,447300.0
2021-04-28,10.406229264655133,10.450045273252107,10.296690287810442,10.340505599975586,374600.0
2021-04-29,10.362410658628221,10.515765605630111,10.355108572718917,10.398923873901367,374600.0
2021-04-30,10.369714207405655,10.391621859616098,10.2455696841603,10.252872467041016,619100.0
2021-05-03,10.311293819733264,10.450043915232769,10.311293819733264,10.384320259094238,1055700.0
2021-05-04,10.333200225696036,10.413529438583288,10.223661276308253,10.398923873901367,682400.0
2021-05-05,10.38411228805874,10.443365366780274,10.265605424263258,10.406332015991211,579100.0
2021-05-06,10.428553882116098,10.465587240498202,10.295234074481549,10.45818042755127,546900.0
2021-05-07,10.3470788677823,10.472991835808074,10.295231894484832,10.42855167388916,430900.0
2021-05-10,10.42855352962979,10.524839975627744,10.287827620157419,10.295233726501465,687700.0
2021-05-11,10.221166033983163,10.317452464111588,10.176725871480652,10.228572845458984,431800.0
2021-05-12,10.443366237112077,10.443366237112077,10.043407569233665,10.050813674926758,398500.0
2021-05-13,10.035999956470798,10.532245022291479,10.006373417004745,10.472991943359375,849300.0
2021-05-14,10.554465365292467,10.554465365292467,10.413739471216982,10.532245635986328,514300.0
2021-05-17,10.554465360143896,10.695191254150732,10.435959195432357,10.687785148620605,821000.0
2021-05-18,10.680378031662627,10.72481748898385,10.502618789672852,10.502618789672852,450200.0
2021-05-19,10.413737518843527,10.554463386535645,10.25079121965871,10.554463386535645,623000.0
2021-05-20,10.532245330004482,10.554465058665093,10.384112628346337,10.502618789672852,480000.0
2021-05-21,10.55446444857533,10.643344064432624,10.47299164396091,10.598904609680176,1399200.0
2021-05-24,10.665564757301635,10.680378381128374,10.391519073679085,10.443366050720215,393100.0
2021-05-25,10.435957286208644,10.52483689348207,10.132285118103027,10.132285118103027,592100.0
2021-05-26,10.132287588439688,10.287827115678104,10.117473963772932,10.280420303344727,469400.0
2021-05-27,10.406332697505825,10.524838862709904,10.384112968118176,10.443366050720215,397200.0
2021-05-28,10.450771063499786,10.495211223980677,10.347078532965021,10.487804412841797,325000.0
2021-06-01,10.554464754125489,10.650751184013133,10.472991947152442,10.628531455993652,802400.0
2021-06-02,10.769257227426126,10.769257227426126,10.391518323348802,10.42855167388916,720400.0
2021-06-03,10.465585437670207,10.532245330004482,10.369299005004303,10.502618789672852,471400.0
2021-06-04,10.495212012790216,10.598905257470848,10.465585472360385,10.569278717041016,395100.0
2021-06-07,10.628530969583839,10.66556361247072,10.547057459986972,10.57668399810791,594600.0
2021-06-08,10.554465558524894,10.710005079220414,10.495212475055409,10.672971725463867,373100.0
2021-06-09,10.59149764972895,10.6137173767932,10.480397601702917,10.487804412841797,377500.0
2021-06-10,10.547057830536382,10.58409118107674,10.421144862510607,10.42855167388916,282600.0
2021-06-11,10.450771508995523,10.510024587927626,10.435958592438705,10.472991943359375,221100.0
2021-06-14,10.49521336122371,10.569280074990662,10.450773191693033,10.539652824401855,640600.0
2021-06-15,10.539651902804756,10.68037850538619,10.502619255511982,10.606311798095703,428200.0
2021-06-16,10.561871799671433,10.754444663714823,10.510024824673637,10.680377960205078,432000.0
2021-06-17,10.73963064922522,10.76925718827933,10.339672018818515,10.361891746520996,718000.0
2021-06-18,10.206352188855059,10.29523180557289,9.976746688922095,9.984152793884277,1501500.0
2021-06-21,10.065626153549337,10.310045272418325,10.065626153549337,10.221165657043457,406600.0
2021-06-22,10.235978573096405,10.280418733960035,10.095252692007627,10.221165657043457,336700.0
2021-06-23,10.258199239251969,10.287825778381876,10.095252920861277,10.117472648620605,709900.0
2021-06-24,10.184133489239947,10.302639656825615,10.087847051488472,10.2730131149292,303300.0
2021-06-25,10.258199239251969,10.347078856641689,10.087846109490698,10.117472648620605,1218500.0
2021-06-28,10.124878015825793,10.154504550729909,9.961931720677002,10.013778686523438,740300.0
2021-06-29,10.310045577488994,10.310045577488994,10.073033262809563,10.095252990722656,557000.0
2021-06-30,10.028595368225846,10.161915178554562,10.013782448385196,10.102662086486816,478800.0
2021-07-01,10.161912649232704,10.28041880387176,10.13228611057294,10.198945999145508,405600.0
2021-07-02,10.198945000146178,10.206351104321383,10.080438150762616,10.132285118103027,535400.0
2021-07-06,10.065625077376934,10.08043799184615,9.850832519930911,10.021184921264648,792400.0
2021-07-07,9.961931720677002,10.102658291235784,9.939711996086993,10.013778686523438,673900.0
2021-07-08,9.880460162636021,9.998966317081342,9.791580546802031,9.887866973876953,799500.0
2021-07-09,10.043407063442574,10.110066249438256,9.98415327641457,10.03600025177002,543800.0
2021-07-12,9.961933547038534,10.228573116411994,9.88786754937558,10.191539764404297,709400.0
2021-07-13,10.14709911104317,10.154505922357759,9.961933066292922,9.984152793884277,494300.0
2021-07-14,9.984152901341076,10.073033225367908,9.95452636211627,10.028593063354492,435500.0
2021-07-15,9.961932007731383,10.161911653860836,9.932305471973574,10.132285118103027,339400.0
2021-07-16,10.198946193661437,10.198946193661437,9.99155971273538,10.028593063354492,444700.0
2021-07-19,9.880460632873747,10.006373604552538,9.76936057802941,9.836020469665527,859500.0
2021-07-20,9.850833721983733,10.206352188855059,9.843426910669146,9.984152793884277,738600.0
2021-07-21,10.043405221427552,10.154504550729909,9.991558255581118,10.013778686523438,346400.0
2021-07-22,9.984153964454125,9.998967588820088,9.858241689105864,9.917494773864746,559000.0
2021-07-23,9.969341278076172,10.050814094924517,9.939714735008364,9.969341278076172,507300.0
2021-07-26,9.939711620504387,10.110064013178029,9.939711620504387,10.00637149810791,615300.0
2021-07-27,9.480501756354617,9.702701154228635,9.406435054945806,9.628634452819824,1101100.0
2021-07-28,9.687887466968114,9.887867135630314,9.524941148763997,9.80639362335205,788700.0
2021-07-29,9.887867550808844,9.954526736809433,9.836020575449577,9.880460739135742,562800.0
2021-07-30,9.887865708709732,9.998965037698795,9.84342555330272,9.85823917388916,573200.0
2021-08-02,9.887867934322713,9.976747558789917,9.702701873427925,9.732328414916992,740700.0
2021-08-03,9.74714091965239,9.821207623414251,9.636041570362032,9.813800811767578,911000.0
2021-08-04,9.761160584925381,9.783721565690591,9.64083822288899,9.678439140319824,586800.0
2021-08-05,9.693479946575916,9.76868106544214,9.655879028553874,9.753641128540039,442200.0
2021-08-06,9.851401746701876,9.986764027171352,9.821321160244466,9.9115629196167,494100.0
2021-08-09,9.919082107816985,9.949162692999096,9.828840352270653,9.851401329040527,297200.0
2021-08-10,9.858921562525957,9.964203975927298,9.783720453391657,9.941643714904785,330500.0
2021-08-11,9.934123866258329,10.05444622039795,9.866442362760342,10.05444622039795,502300.0
2021-08-12,10.069487016266152,10.114607541120433,10.009325838341903,10.031886100769043,574000.0
2021-08-13,10.069486314348252,10.069486314348252,9.986764162585398,10.016844749450684,527700.0
2021-08-16,10.00180421194041,10.069485707603539,9.919082065162044,10.024364471435547,576300.0
2021-08-17,9.956683649860539,10.001804889083331,9.873962214659477,9.941643714904785,440900.0
2021-08-18,9.926602080395973,9.994283573943257,9.828840002736309,9.843880653381348,378100.0
2021-08-19,9.7837217195221,9.858922838388324,9.685959619535936,9.753641128540039,491900.0
2021-08-20,9.716038337132169,9.881481914222638,9.6784374263601,9.851401329040527,1165500.0
2021-08-23,9.873962609340186,9.926603459556125,9.836361694681173,9.904043197631836,322100.0
2021-08-24,9.90404242909518,9.934123015052629,9.828840605612687,9.836360931396484,408300.0
2021-08-25,9.843881398155816,9.941643483212024,9.806280485876082,9.813800811767578,428000.0
2021-08-26,9.858923097992559,9.8890036897667,9.731080403657993,9.738600730895996,412600.0
2021-08-27,9.776198288893752,9.941641845361692,9.761157639588653,9.896520614624023,573600.0
2021-08-30,9.926602191642974,9.941642842456574,9.708517775089721,9.72355842590332,323300.0
2021-08-31,9.746119453318276,9.836361213781307,9.708518540497572,9.791240692138672,365800.0
2021-09-01,9.798761914444277,9.806282241682283,9.68595987458572,9.738600730895996,311700.0
2021-09-02,9.731077822475998,9.813799965796129,9.685957305372005,9.693477630615234,393000.0
2021-09-03,9.70099939438904,9.708519721303398,9.565637095819836,9.580677032470703,490700.0
2021-09-07,9.588194886847553,9.685956959990456,9.5355540463774,9.543073654174805,418600.0
2021-09-08,9.520515378406456,9.573156229835373,9.42275328491146,9.467874526977539,424100.0
2021-09-09,9.430273216350368,9.610756742697317,9.430273216350368,9.505475044250488,654700.0
2021-09-10,9.50547183125194,9.580672916555132,9.460350606327994,9.49795150756836,717700.0
2021-09-13,9.588196612277132,9.663398441205324,9.543075371484658,9.610756874084473,647400.0
2021-09-14,9.64835640656657,9.655876731817774,9.505473812682139,9.550594329833984,602900.0
2021-09-15,9.580674561872485,9.648356052292776,9.512993071452193,9.543073654174805,507800.0
2021-09-16,9.655876084323635,9.655876084323635,9.430271362159713,9.460351943969727,555200.0
2021-09-17,9.460353682776205,9.640837206809032,9.445313747695689,9.625797271728516,2407400.0
2021-09-20,9.452834066920332,9.452834066920332,9.302431118925233,9.400193214416504,1020200.0
2021-09-21,9.40019123356197,9.482912658233351,9.340030067041386,9.347550392150879,636200.0
2021-09-22,9.407712654103756,9.558115587918103,9.407712654103756,9.45283317565918,613900.0
2021-09-23,9.49795588113647,9.73860061240155,9.467875289728335,9.633318901062012,455600.0
2021-09-24,9.64083733831514,9.806280929524192,9.633317729261199,9.7310791015625,491600.0
2021-09-27,9.791239910606931,10.092045754806866,9.776199259808081,9.994283676147461,803900.0
2021-09-28,10.046925878010194,10.10708705498444,9.926603524061706,9.956684112548828,714800.0
2021-09-29,9.964204313910308,10.12212758078015,9.904043137691112,10.077006340026855,624800.0
2021-09-30,10.114604693201429,10.152205598111438,9.956681466321479,9.986762046813965,819000.0
2021-10-01,10.031885282735205,10.219889127712468,9.979244435638453,10.137166976928711,810700.0
2021-10-04,10.159728606336483,10.249970371652322,10.122127691493764,10.1973295211792,634700.0
2021-10-05,10.21988978321371,10.257490698056426,10.129648017897868,10.1973295211792,718200.0
2021-10-06,10.182289329023764,10.21989024556757,10.054446643081528,10.212369918823242,545700.0
2021-10-07,10.28757007036157,10.362771173979391,10.23492850893361,10.340210914611816,445000.0
2021-10-08,10.362772606655163,10.483094962820674,10.340212344168583,10.453014373779297,388700.0
2021-10-11,10.513173518817386,10.588375335467159,10.437972419345288,10.4454927444458,379100.0
2021-10-12,10.415413320264628,10.498134754042606,10.355252147121051,10.475574493408203,420000.0
2021-10-13,10.468053395882015,10.468053395882015,10.302609823342967,10.407892227172852,447200.0
2021-10-14,10.490614749355895,10.513175010681152,10.430453574370022,10.513175010681152,334700.0
2021-10-15,10.641017619581325,10.663578597941799,10.445494160701616,10.46053409576416,661900.0
2021-10-18,10.46053513201045,10.528216639441027,10.370293361162298,10.385334014892578,388700.0
2021-10-19,10.39285232022393,10.460533819160133,10.325170821287728,10.377812385559082,358900.0
2021-10-20,10.370293774416286,10.543257713317871,10.362773447251461,10.543257713317871,443200.0
2021-10-21,10.550775924341767,10.550775924341767,10.415413639212442,10.513175010681152,642200.0
2021-10-22,10.505654016630537,10.603416092388116,10.453012457574806,10.595895767211914,370300.0
2021-10-25,10.671097666777563,10.761340141296387,10.580855909436474,10.761340141296387,826400.0
2021-10-26,10.829019393462136,10.844060042818974,10.633495972066678,10.723737716674805,642700.0
2021-10-27,10.686140343560162,10.686140343560162,10.5206967318234,10.543257713317871,773400.0
2021-10-28,10.565815077343297,10.67109676003977,10.400371511020403,10.4454927444458,548500.0
2021-10-29,10.445493884495285,10.513174666253734,10.347731799051632,10.377812385559082,467900.0
2021-11-01,10.453014353370671,10.693659782409668,10.422933764388024,10.693659782409668,459100.0
2021-11-02,10.716217275355273,10.738777531967338,10.573334693908691,10.573334693908691,371900.0
2021-11-03,10.558295760600943,10.829021035475623,10.513174522866292,10.76885986328125,553700.0
2021-11-04,10.768859822909507,10.852752945637995,10.494299917068593,10.593446731567383,654200.0
2021-11-05,10.677340436562705,10.883260922674884,10.66971359026164,10.83750057220459,478100.0
2021-11-08,10.669713282528123,10.913767265770579,10.669713282528123,10.84512710571289,376000.0
2021-11-09,10.82224644915643,10.868006797806643,10.715473514532711,10.80699348449707,445900.0
2021-11-10,10.8222450980888,10.890885248826931,10.79936529028808,10.875632286071777,345600.0
2021-11-11,10.875633063123738,11.020539492662996,10.837499562507293,10.997659683227539,504100.0
2021-11-12,11.005285723172031,11.028165530932561,10.822245079079858,10.852751731872559,370800.0
2021-11-15,11.058673082575957,11.058673082575957,10.875633150942244,10.936646461486816,570000.0
2021-11-16,10.944274871050593,10.99003449682995,10.79936769229831,10.822247505187988,491100.0
2021-11-17,10.791742857276853,10.799369705440535,10.570569351883995,10.662089347839355,468600.0
2021-11-18,10.631580352783203,10.738354021668219,10.601073694149788,10.631580352783203,462100.0
2021-11-19,10.562940058831005,10.601072833524965,10.471419363024548,10.570566177368164,401700.0
2021-11-22,10.631581318019931,10.852754795026476,10.631581318019931,10.730728149414062,371600.0
2021-11-23,10.791739151769566,10.837499497702874,10.74597953317228,10.799365997314453,333300.0
2021-11-24,10.753608163972354,10.814621483788514,10.730727623539185,10.761234283447266,206500.0
2021-11-26,10.456166206526358,10.532433209185305,10.12821911336335,10.257872581481934,516300.0
2021-11-29,10.42566049842931,10.42566049842931,10.14347372668333,10.158726692199707,597200.0
2021-11-30,10.090083251062595,10.227363532792166,9.99856330568817,10.128216743469238,680200.0
2021-12-01,10.318886487770046,10.494300313067408,10.059579536578518,10.067206382751465,633500.0
2021-12-02,10.166352587062937,10.540059298936827,10.112966121748393,10.517179489135742,970800.0
2021-12-03,10.753606329931403,10.829872603026223,10.585819365385165,10.623952865600586,1150600.0
2021-12-06,10.77648649961137,10.944273469770263,10.68496653243453,10.791739463806152,701900.0
2021-12-07,10.845126810115424,10.845126810115424,10.540059521211363,10.570566177368164,615100.0
2021-12-08,10.593446612010888,10.646833077932317,10.494299798631062,10.555313110351562,459800.0
2021-12-09,10.517179354034509,10.532433045263314,10.395152733548196,10.402779579162598,428600.0
2021-12-10,10.486672923168978,10.486672923168978,10.372273145850643,10.45616626739502,378700.0
2021-12-13,10.463792470831025,10.517178933324203,10.341765855226045,10.448538780212402,572300.0
2021-12-14,10.47904778839936,10.662087752929684,10.45616797466711,10.501928329467773,802100.0
2021-12-15,10.532435064702932,10.570567845414283,10.296007896677244,10.318887710571289,1635700.0
2021-12-16,10.410405522360074,10.654459486564262,10.395152558723824,10.524806022644043,694700.0
2021-12-17,10.639207939197435,10.639207939197435,10.257874316091176,10.501928329467773,3600600.0
2021-12-20,10.387525645550424,10.479045608779623,10.143472410272556,10.326512336730957,827000.0
2021-12-21,10.364649233672829,10.616329396877296,10.364649233672829,10.47142219543457,470900.0
2021-12-22,10.46379324448739,10.578193023241377,10.425659742457375,10.570566177368164,403600.0
2021-12-23,10.63920700308472,10.74598067000079,10.62395403771734,10.677340507507324,284400.0
2021-12-27,10.669711794875353,10.784112288132935,10.593445526706272,10.776485443115234,415500.0
2021-12-28,10.768861144004902,10.86800797066676,10.730727637237086,10.784114837646484,406000.0
2021-12-29,10.791739151769566,10.814619688404232,10.715472878328749,10.799365997314453,310500.0
2021-12-30,10.791739463806152,10.868006466788207,10.730726152354928,10.791739463806152,494300.0
2021-12-31,10.806992842859342,10.837499497702874,10.723099723873636,10.799365997314453,368800.0
2022-01-03,10.80699339344229,10.9900333318288,10.799366547508837,10.868006706237793,633600.0
2022-01-04,10.997661263257735,11.104434934856712,10.936647944440072,10.982407569885254,716400.0
2022-01-05,11.096808200937975,11.150194673611919,10.929021208816257,10.94427490234375,670700.0
2022-01-06,11.058674941025508,11.211208243020698,11.020541433692673,11.195955276489258,949000.0
2022-01-07,11.234086575440397,11.272220077745905,11.112059949931622,11.226460456848145,909500.0
2022-01-10,11.272220077745905,11.295100615530844,11.165447144093756,11.226460456848145,1246100.0
2022-01-11,11.24934196472168,11.272221778622919,11.066301998839432,11.24934196472168,713400.0
2022-01-12,11.302728239053453,11.333234899492533,11.157821783801861,11.2951021194458,560400.0
2022-01-13,11.32560665813706,11.4018729312789,11.28747315789813,11.31797981262207,782900.0
2022-01-14,11.249341052991126,11.470514509007337,11.180700889514352,11.44763469696045,837900.0
2022-01-18,11.501020719338571,11.55440718781296,11.371367243898414,11.394247055053711,589800.0
2022-01-19,11.424754852114347,11.440008545963652,11.157821755776888,11.173074722290039,512100.0
2022-01-20,11.15019542722728,11.241715412569434,10.959528609263742,10.967155456542969,574600.0
2022-01-21,10.875635247203217,11.127315383544516,10.860381552958932,10.890888214111328,866700.0
2022-01-24,10.631581242621404,11.035795412516086,10.631581242621404,10.990035057067871,1250700.0
2022-01-25,10.990033296870369,11.173073234674641,10.776486702765384,11.127313613891602,1111100.0
2022-01-26,11.180700342775136,11.234086810719297,10.776486955477742,10.921393394470215,1057500.0
2022-01-27,10.951901742888435,11.112061898791993,10.593448649424053,10.692595481872559,1015100.0
2022-01-28,10.692595481872559,10.745981958061682,10.425661646254566,10.692595481872559,935100.0
2022-01-31,10.677341150534081,10.814621483788514,10.52480785099368,10.761234283447266,2573700.0
2022-02-01,10.7383543696911,10.776487876052782,10.585821071580515,10.745981216430664,1172500.0
2022-02-02,10.738244339591416,10.76919025892936,10.606723997952924,10.676352500915527,996700.0
2022-02-03,10.699563520594541,10.784664628356976,10.653145002836498,10.707300186157227,710500.0
2022-02-04,10.792398630146815,10.815607883297343,10.65314237343479,10.776926040649414,678700.0
2022-02-07,10.792397042624067,10.815606292360599,10.707295968384289,10.80013370513916,645700.0
2022-02-08,10.838819559061008,11.02449508874466,10.838819559061008,11.009021759033203,656400.0
2022-02-09,11.032230325374595,11.032230325374595,10.761452992950543,10.784662246704102,607400.0
2022-02-10,10.807872593917606,10.91618294020426,10.738244092556815,10.823345184326172,900000.0
2022-02-11,10.823345154979382,11.047703248861987,10.79239923643726,10.970338821411133,1008600.0
2022-02-14,11.070913670575035,11.101859590317574,10.838818903601528,10.877501487731934,1132800.0
2022-02-15,11.047702609437263,11.063175936717197,10.931655606073159,10.993547439575195,599400.0
2022-02-16,10.939392623938064,11.055439631059846,10.939392623938064,11.032230377197266,549300.0
2022-02-17,10.954864737018374,10.9780739898706,10.80013515498879,10.80787181854248,839400.0
2022-02-18,10.792398961254335,11.04770296716936,10.792398961254335,11.032230377197266,1001600.0
2022-02-22,10.99354658263673,11.03996582304934,10.908445502657209,10.947127342224121,846200.0
2022-02-23,10.993549540628054,11.055441385958666,10.792400674399069,10.8156099319458,756600.0
2022-02-24,10.560304361113309,10.653142853516883,10.351419597727487,10.622196197509766,844800.0
2022-02-25,10.637669534645669,10.93165612668567,10.637669534645669,10.854290962219238,1379600.0
2022-02-28,10.769190222903621,10.900710564102141,10.71503504869561,10.892973899841309,2355200.0
2022-03-01,10.89297466846636,10.939393919497864,10.436521774193933,10.521623611450195,1326300.0
2022-03-02,10.560303885214967,10.8310812106036,10.537094632064438,10.776926040649414,689200.0
2022-03-03,10.81560908321829,10.947129428677362,10.74598131604196,10.931656837463379,756400.0
2022-03-04,10.838819402323153,10.838819402323153,10.645407210580665,10.722771644592285,908200.0
2022-03-07,10.653142074533575,10.745979822339741,10.583513579226741,10.606722831726074,745700.0
2022-03-08,10.699561041253729,10.807872120605989,10.598986625671387,10.598986625671387,796200.0
2022-03-09,10.79239951398059,10.854291352656476,10.660879172342097,10.676352500915527,595000.0
2022-03-10,10.591251019287386,10.730508029813286,10.583515092554011,10.715035438537598,468900.0
2022-03-11,10.800135967241033,10.939392970445265,10.753716720236655,10.838818550109863,717400.0
2022-03-14,10.98581250227499,11.186961361670098,10.939393988758562,11.009021759033203,1100700.0
2022-03-15,11.024493777630497,11.125068195366998,10.80787235209512,10.900710105895996,769500.0
2022-03-16,10.954864131081797,11.101857779236008,10.931654879513323,11.063175201416016,1048400.0
2022-03-17,10.94712885883029,11.009020696082349,10.823345184326172,10.823345184326172,999500.0
2022-03-18,10.815608769031819,10.877501345516622,10.568041414328265,10.676352500915527,7275400.0
2022-03-21,10.699561755966757,10.831082097605249,10.591250669379495,10.676352500915527,1101900.0
2022-03-22,10.792399870533924,10.869765040339189,10.645406933274646,10.715035438537598,731700.0
2022-03-23,10.660878258388491,10.707297502320358,10.312736511230469,10.312736511230469,1204700.0
2022-03-24,10.45973141799485,10.49067733837553,10.274055157901833,10.482940673828125,821200.0
2022-03-25,10.467466992027719,10.722771011017986,10.444257736976489,10.676352500915527,692800.0
2022-03-28,10.707298737269685,10.707298737269685,10.544832471483032,10.699562072753906,759500.0
2022-03-29,10.74598254030162,10.869766235351562,10.699563285753381,10.869766235351562,888300.0
2022-03-30,10.862026964423896,10.900709544300252,10.521621884691415,10.575777053833008,766000.0
2022-03-31,10.575778579145268,10.684089670858675,10.405575645826756,10.451994895935059,671100.0
2022-04-01,10.53709599368984,10.568041914492392,10.38236638967708,10.451994895935059,854800.0
2022-04-04,10.421047171537415,10.428783097042466,10.258580930990192,10.405573844909668,686600.0
2022-04-05,10.38236661112857,10.506150296979031,10.243109595642316,10.289528846740723,1087600.0
2022-04-06,10.289526216935927,10.343681381202245,10.204424401307396,10.21216106414795,909100.0
2022-04-07,10.32820906940705,10.32820906940705,10.072905091314633,10.150269508361816,984500.0
2022-04-08,10.212163544199258,10.27405538633673,10.05743393885558,10.088379859924316,794200.0
2022-04-11,10.2895292202681,10.359157730538861,10.088380354554571,10.09611701965332,1226300.0
2022-04-12,10.080642842287585,10.18895393114073,10.01875100231691,10.049696922302246,812500.0
2022-04-13,9.972331796941061,10.227635803497334,9.902703297369555,10.204425811767578,792700.0
2022-04-14,10.196689885587869,10.274054311259817,10.096115468186344,10.134798049926758,696300.0
2022-04-18,10.13479914688806,10.173480995006406,10.072907304527956,10.103853225708008,766900.0
2022-04-19,10.188953158734003,10.374628664570293,10.165743904956686,10.335946083068848,914500.0
2022-04-20,10.359157731906892,10.49841401465781,10.359157731906892,10.413312911987305,644200.0
2022-04-21,10.436521709750977,10.490677625254826,10.374629867297116,10.421049118041992,677500.0
2022-04-22,10.40557407872141,10.42104740569684,10.243107834523594,10.258581161499023,846200.0
2022-04-25,10.158008864825332,10.250846632583347,9.941387406723296,10.09611701965332,1012000.0
2022-04-26,10.011015907716777,10.134800344877956,9.871759614850152,9.941388130187988,998200.0
2022-04-27,9.918174558416165,9.995539711531213,9.848546068174377,9.864019393920898,907800.0
2022-04-28,9.941387635735957,9.980069486502806,9.825339870008385,9.933650970458984,544500.0
2022-04-29,9.894966082709539,9.941385325776492,9.778919081755413,9.80986499786377,1275600.0
2022-05-02,9.894967476086492,9.949122652449862,9.608717527323208,9.717028617858887,1195000.0
2022-05-03,9.732501066840765,9.81760216242551,9.67060922681387,9.747974395751953,941300.0
2022-05-04,9.787279655478594,9.99953427617937,9.69294451840348,9.983811378479004,976200.0
2022-05-05,9.944504737854004,9.968089084058102,9.803002409174493,9.944504737854004,855500.0
2022-05-06,9.606470221997359,9.779417587498003,9.496412194189602,9.708666801452637,1702700.0
2022-05-09,9.637916337540084,9.81086372227437,9.614331989859812,9.724390029907227,974700.0
2022-05-10,9.73224897676525,9.818722646898168,9.5042722557704,9.59074592590332,1085900.0
2022-05-11,9.62219366611692,9.795141804640883,9.606471517001511,9.637916564941406,836200.0
2022-05-12,9.630056207129687,9.685084859834925,9.464969499304813,9.677224159240723,906700.0
2022-05-13,9.661499519721659,9.732251060299506,9.582886530255378,9.630054473876953,658600.0
2022-05-16,9.700808251429633,9.724391853824208,9.52786008454795,9.62219524383545,954900.0
2022-05-17,9.755836709933153,9.905201271404339,9.755836709933153,9.897339820861816,781200.0
2022-05-18,9.842309765391473,9.920922010498382,9.779418919713233,9.865893363952637,1032100.0
2022-05-19,9.779417037963867,9.90519795540858,9.692943360072755,9.779417037963867,1621800.0
2022-05-20,9.818725171501127,9.850170218699093,9.590748391888603,9.724390029907227,858200.0
2022-05-23,9.834447182246722,9.983810955527455,9.787279240852863,9.88947582244873,661000.0
2022-05-24,9.913061158121808,9.96809055769096,9.747974458832603,9.9366455078125,636600.0
2022-05-25,9.944505068316712,10.117453197682206,9.881614975767267,9.960227966308594,759800.0
2022-05-26,9.999536273748594,10.117455031221409,9.999536273748594,10.086009979248047,706700.0
2022-05-27,10.086007576976137,10.141036217395579,10.046701083944109,10.117452621459961,664900.0
2022-05-31,10.046702358010402,10.188205450986732,9.983812261067385,10.133176803588867,1065800.0
2022-06-01,10.141038493245192,10.141038493245192,9.952368184000902,10.046703338623047,688000.0
2022-06-02,10.070287515816828,10.109593267282703,9.944506562114913,10.093871116638184,850000.0
2022-06-03,10.062424554128702,10.093869600403425,9.936644369029812,9.960227966308594,602900.0
2022-06-06,9.983811378479004,10.062424367562778,9.936644184795961,9.983811378479004,468200.0
2022-06-07,9.928781298658208,10.054561463217125,9.889474809806318,10.015254974365234,642800.0
2022-06-08,9.983810955527455,10.046701044246603,9.850169329572013,9.88947582244873,533800.0
2022-06-09,9.865893117152607,9.944505360292993,9.71652858068047,9.724390029907227,774000.0
2022-06-10,9.700806121106945,9.771557662462646,9.63791602872611,9.732251167297363,1023100.0
2022-06-13,9.606470838373662,9.86589265297879,9.606470838373662,9.692944526672363,1427100.0
2022-06-14,9.716528766782398,9.81086391018311,9.630055072759012,9.700806617736816,918200.0
2022-06-15,9.763697295444002,9.850170994622905,9.669362146419074,9.747974395751953,940100.0
2022-06-16,9.6693621449561,9.685084294936647,9.488552547070505,9.519997596740723,986800.0
2022-06-17,9.57502727747193,9.740113980521762,9.527859326725203,9.598610877990723,2279600.0
2022-06-21,9.708668247473275,9.889477088256282,9.669361749565507,9.88161563873291,1349500.0
2022-06-22,9.795141960185763,9.944505752844863,9.7794190611116,9.905200004577637,988000.0
2022-06-23,9.897341149311396,9.928786205992946,9.747976567792065,9.826589584350586,927600.0
2022-06-24,9.826585470579406,10.172480949271852,9.826585470579406,10.125313758850098,2543600.0
2022-06-27,10.188204530809854,10.21178812760619,10.046701450613778,10.07028579711914,703500.0
2022-06-28,10.101730326134188,10.235371950660525,10.062423833677796,10.078145980834961,667500.0
2022-06-29,10.117452823393942,10.117452823393942,9.96808904654188,10.007394790649414,667300.0
2022-06-30,9.897337977626947,10.133176202016893,9.897337977626947,10.062424659729004,926000.0
2022-07-01,10.023119161493783,10.235373809479913,9.991674111759815,10.22751235961914,880200.0
2022-07-05,10.093871343161593,10.243235151327685,9.952368235639591,10.235374450683594,1119100.0
2022-07-06,10.19606492726203,10.227509969647901,10.054561861671141,10.172480583190918,730100.0
2022-07-07,10.251094247943461,10.298262189523696,10.101730474072548,10.117452621459961,716900.0
2022-07-08,10.14889893569389,10.164621834757424,10.015257292490201,10.10959243774414,680200.0
2022-07-11,10.062426239247987,10.125316342329418,10.007396836769862,10.046703338623047,537400.0
2022-07-12,10.007394810332418,10.15675933718727,9.92878257225372,10.03097915649414,723900.0
2022-07-13,10.023120030705435,10.030981481247958,9.865894768400912,9.897339820861816,519300.0
2022-07-14,9.826587080072064,9.983812323411398,9.66150038713849,9.75583553314209,650000.0
2022-07-15,9.881614666864683,9.975949802739903,9.803002428489842,9.96808910369873,569800.0
2022-07-18,10.015256424170708,10.0860079644043,9.9523663327873,9.983811378479004,483400.0
2022-07-19,10.062424397438429,10.251094672148824,10.038840800526888,10.211788177490234,592600.0
2022-07-20,10.219648660568103,10.337567383691074,10.172480721493539,10.298261642456055,652800.0
2022-07-21,10.227511817771019,10.321846961975098,10.164621721634965,10.321846961975098,603300.0
2022-07-22,10.32970762248361,10.345429770462298,10.172481644442595,10.274678230285645,628800.0
2022-07-25,10.345428524750554,10.612711755585394,10.298261336784956,10.573405265808105,1292600.0
2022-07-26,10.549823184198406,10.872135097101209,10.549823184198406,10.707048416137695,1279600.0
2022-07-27,10.707050050701861,10.935026859244582,10.667743549289153,10.879998207092285,890300.0
2022-07-28,10.840688099630476,11.139416361405202,10.840688099630476,11.123693466186523,954600.0
2022-07-29,11.08439095273473,11.328089901861011,11.01363940308222,11.304506301879883,706300.0
2022-08-01,11.257337033959518,11.438146611866129,11.170863344348815,11.351672172546387,753400.0
2022-08-02,11.343812373164504,11.343812373164504,11.17872568011418,11.186586380004883,682000.0
2022-08-03,11.258345698154669,11.322132299019298,11.138746011632556,11.194559097290039,690200.0
2022-08-04,11.234426498413086,11.298213102601963,11.17063989422421,11.234426498413086,584700.0
2022-08-05,11.242398812601065,11.346051463033776,11.226451783059897,11.290238380432129,830600.0
2022-08-08,11.330105625670152,11.385918710398792,11.29023881069416,11.322132110595703,634100.0
2022-08-09,11.361998686533406,11.513491667779508,11.306185602978983,11.505518913269043,684900.0
2022-08-10,11.561333228776508,11.633093349790945,11.52146641039112,11.529439926147461,627600.0
2022-08-11,11.585254036017416,11.712827257769586,11.569307763496585,11.680933952331543,702200.0
2022-08-12,11.760664177700718,11.848370552062988,11.712823853251015,11.848370552062988,608500.0
2022-08-15,11.776612704473472,12.031759106281038,11.688905558554927,12.023785591125488,838700.0
2022-08-16,11.959999725361959,12.119466236287524,11.904186636637087,12.071626663208008,652000.0
2022-08-17,11.991891251717504,12.095544658568594,11.93607817125776,12.087571144104004,462300.0
2022-08-18,12.11946650949108,12.135413541141276,12.055679903682941,12.09554672241211,392900.0
2022-08-19,12.015810934385808,12.047704231581672,11.89621126000036,11.936078071594238,515200.0
2022-08-22,11.832427762766342,11.832427762766342,11.6570142020762,11.672961235046387,610800.0
2022-08-23,11.696880168450182,11.76066677487202,11.601200258817427,11.609173774719238,337000.0
2022-08-24,11.55336077334915,11.60917462836963,11.417814034636589,11.465654373168945,711100.0
2022-08-25,11.473626314497308,11.641066335778932,11.457679283710354,11.561332702636719,772200.0
2022-08-26,11.609174143425136,11.688907023786573,11.354026949238017,11.362000465393066,673200.0
2022-08-29,11.354025780362143,11.354025780362143,11.250372362206482,11.282265663146973,810800.0
2022-08-30,11.2742942223783,11.377947652616148,11.178614308404063,11.369974136352539,581500.0
2022-08-31,11.35402684193792,11.401867178019753,11.186586806246016,11.218480110168457,938500.0
2022-09-01,11.242399489546516,11.274292790153043,11.10685277186971,11.266319274902344,818500.0
2022-09-02,11.354026351680599,11.354026351680599,11.051039597301948,11.114826202392578,551000.0
2022-09-06,11.13077256300802,11.162665863631114,10.83575934214532,10.923465728759766,749400.0
2022-09-07,10.867651332203241,11.003198033604448,10.851704303616664,10.96333122253418,586200.0
2022-09-08,10.939413571256322,11.138746905045414,10.867653449428838,11.12279987335205,593300.0
2022-09-09,11.186586010288115,11.258346129106755,11.13874643800655,11.226452827453613,428200.0
2022-09-12,11.234426401427704,11.314159275777325,11.138746495970382,11.298213005065918,939300.0
2022-09-13,11.154693480412101,11.210507332463996,10.86765374567397,10.931440353393555,759400.0
2022-09-14,10.963333610457713,11.074960553688692,10.899547003010394,11.066987037658691,735000.0
2022-09-15,11.051039288163194,11.266319644619113,10.979279929740846,11.226452827453613,867800.0
2022-09-16,11.202534096798532,11.393893924747008,11.059013845638994,11.369974136352539,3290200.0
2022-09-19,11.266320103655863,11.577280377741019,11.218479769028793,11.54538631439209,640400.0
2022-09-20,11.537413246716632,11.696879757164057,11.481599397762807,11.657012939453125,533400.0
2022-09-21,11.712825969562154,11.808506635749453,11.569306491073803,11.58525276184082,568000.0
2022-09-22,11.609174143425136,11.657013719562729,11.314160128859122,11.362000465393066,894900.0
2022-09-23,11.290238998586982,11.290238998586982,11.098879195993096,11.194559097290039,1011700.0
2022-09-26,11.114826729962465,11.266320494540661,11.05901363795805,11.08293342590332,840700.0
2022-09-27,11.122799860877889,11.146719647994784,10.891573224357716,10.91549301147461,903400.0
2022-09-28,10.923465090070188,11.226451808472245,10.907518820889145,11.154691696166992,1192200.0
2022-09-29,11.08293089534881,11.090904409642098,10.87562484649653,10.96333122253418,1116700.0
2022-09-30,10.995225758857282,11.059012359602221,10.763999141057818,10.77197265625,944600.0
2022-10-03,10.899546778323822,10.979280416187487,10.748053018462121,10.907520294189453,823100.0
2022-10-04,10.97928216460843,11.258348420779157,10.97928216460843,11.186588287353516,810800.0
2022-10-05,11.082932510002498,11.106853056367308,10.875626430948145,11.074959754943848,756300.0
2022-10-06,11.00320037603713,11.074960499161138,10.947386524498269,10.995226860046387,916700.0
2022-10-07,10.963332458484814,10.979279488869178,10.763999141057818,10.77197265625,1149700.0
2022-10-10,10.89157320655746,10.979280359836602,10.819813084927732,10.835760116577148,907200.0
2022-10-11,10.843731704564036,11.003198190726057,10.803864892924484,10.971304893493652,766400.0
2022-10-12,10.955360040489012,11.09888028673703,10.82778682622248,10.995226860046387,475900.0
2022-10-13,10.931439352801586,11.338079510090035,10.851705720252225,11.282265663146973,913400.0
2022-10-14,11.361999706790838,11.481599399545905,11.20253319631865,11.234426498413086,743400.0
2022-10-17,11.361999841120646,11.481599535289707,11.282266204743731,11.457679748535156,1062300.0
2022-10-18,11.561334289837273,11.633094417437615,11.37794797298874,11.465654373168945,966000.0
2022-10-19,11.385920899790397,11.473628061681985,11.218480853011286,11.346054077148438,713400.0
2022-10-20,11.330106165410575,11.330106165410575,10.851705883701262,10.947385787963867,952000.0
2022-10-21,11.027119481073383,11.138746416845454,10.90751979020039,11.019145965576172,1213000.0
2022-10-24,11.106853559097779,11.338080194982973,10.9872531030491,11.258346557617188,825500.0
2022-10-25,11.30618602527547,11.617145514288996,11.266319209649149,11.537412643432617,928700.0
2022-10-26,11.585252343449216,11.641066190108853,11.330105937220948,11.338079452514648,819400.0
2022-10-27,11.449705496975458,11.712825415554411,11.377946141323594,11.537412643432617,706000.0
2022-10-28,11.48957345696126,11.936080467734802,11.48957345696126,11.91215991973877,860700.0
2022-10-31,11.880267129922517,12.071627720184797,11.84040106899773,12.007841110229492,1366100.0
2022-11-01,12.023785591125488,12.08757219157738,11.967972505829147,12.023785591125488,916600.0
2022-11-02,12.023788316783675,12.128834946163622,11.789453765279731,11.870258331298828,857500.0
2022-11-03,11.805611567486743,11.870255513201732,11.635921017330741,11.837933540344238,411300.0
2022-11-04,11.918739258430978,12.11267110209474,11.837933938262754,12.10459041595459,592000.0
2022-11-07,12.120751510737392,12.169234855851657,11.975302246011223,12.023785591125488,500000.0
2022-11-08,12.02378780186243,12.080351072715143,11.878338510393428,11.95106315612793,484600.0
2022-11-09,11.934900735566233,12.03994657384451,11.837934042265799,11.886417388916016,534000.0
2022-11-10,12.080349178664662,12.330845055740287,12.039946518411606,12.201557159423828,1012800.0
2022-11-11,12.24196050004268,12.306604455862855,11.926821408073508,11.99954605102539,561700.0
2022-11-14,11.975304301079573,12.233880901701982,11.951063009670733,12.048028945922852,839700.0
2022-11-15,12.104590554629638,12.225798536270581,11.967222741756549,12.136913299560547,671500.0
2022-11-16,12.136912677398996,12.209636537915612,11.99954410095103,12.031866073608398,557800.0
2022-11-17,11.942981719970703,12.01570636114603,11.813693811488665,11.942981719970703,454500.0
2022-11-18,12.136915114184626,12.136915114184626,11.910660489540232,11.95106315612793,637700.0
2022-11-21,11.967223837048587,12.1692363876559,11.951062463103973,12.161155700683594,440400.0
2022-11-22,12.209637596378993,12.2904429203358,12.161155018498256,12.241959571838379,494500.0
2022-11-23,12.217719826681131,12.258122493764656,12.153075867594202,12.225800514221191,446600.0
2022-11-25,12.29852542195547,12.403572050356143,12.241961378590924,12.306605339050293,368100.0
2022-11-28,12.233880437957835,12.290443705973262,12.072269779713647,12.096511840820312,474600.0
2022-11-29,12.104590510482792,12.193476517485303,12.01570527409693,12.169235229492188,407400.0
2022-11-30,12.120753693367323,12.379329525561793,11.999546464680355,12.355088233947754,860900.0
2022-12-01,12.355087882359786,12.355087882359786,12.20155867901748,12.209638595581055,502800.0
2022-12-02,12.12075388805074,12.225800514221191,12.088431908507275,12.225800514221191,572900.0
2022-12-05,12.16923671120907,12.16923671120907,11.506635003580593,11.563199043273926,922400.0
2022-12-06,11.563198340046958,11.603600232292157,11.474312327627441,11.522795677185059,543800.0
2022-12-07,11.514716099030235,11.595521432533296,11.409669473722964,11.547038078308105,544100.0
2022-12-08,11.595520086799011,11.708646615834114,11.579358713727322,11.684405326843262,411800.0
2022-12-09,11.6763251901451,11.6763251901451,11.514715304901406,11.57127857208252,385600.0
2022-12-12,11.595519226114137,11.67632377362477,11.42582867454019,11.619760513305664,678900.0
2022-12-13,11.757129431804378,11.910658615946758,11.450070292902971,11.514714241027832,829100.0
2022-12-14,11.514715133788641,11.627842437086475,11.2803806110134,11.296541213989258,826700.0
2022-12-15,11.248058569809784,11.3531051857077,11.175333930294556,11.207655906677246,1125900.0
2022-12-16,11.143010426666834,11.26421762883526,10.989481252545724,11.07028579711914,3809200.0
2022-12-19,11.118771764574415,11.280381662480512,11.013725138281256,11.231898307800293,710800.0
2022-12-20,11.23997742872827,11.345024040380093,11.231896742305052,11.256138801574707,441200.0
2022-12-21,11.345024919612552,11.474312829937091,11.296541567932485,11.441990852355957,448800.0
2022-12-22,11.417749852034355,11.417749852034355,11.167253941451044,11.248059272766113,562000.0
2022-12-23,11.256139072079764,11.377346288874175,11.256139072079764,11.336943626403809,425000.0
2022-12-27,11.393507297433592,11.393507297433592,11.28846068661957,11.320782661437988,438300.0
2022-12-28,11.369266706249302,11.377347393651375,11.239978790283203,11.239978790283203,367400.0
2022-12-29,11.28846068661957,11.369265238357281,11.256138711801155,11.320782661437988,337700.0
2022-12-30,11.320783274378106,11.320783274378106,11.231897260852413,11.296541213989258,535600.0
2023-01-03,11.312702634419338,11.385427274653566,11.110690087376137,11.264219284057617,488600.0
2023-01-04,11.312703337478421,11.377347294900385,11.199576026681603,11.304622650146484,659800.0
2023-01-05,11.239977175525734,11.29654043798072,11.118769964374577,11.167252540588379,571900.0
2023-01-06,11.231896832296231,11.474312032618334,11.231896832296231,11.466231346130371,409100.0
2023-01-09,11.433909807059232,11.466231783627654,11.239977947648695,11.296541213989258,388700.0
2023-01-10,11.336943218715984,11.401587168097235,11.207655319953483,11.353104591369629,456900.0
2023-01-11,11.353105809782884,11.450071744261127,11.31270314442943,11.433910369873047,458700.0
2023-01-12,11.474313432278704,11.652084703615376,11.393508869392415,11.547038078308105,455400.0
2023-01-13,11.4743103473338,11.635920200273263,11.336941779681116,11.587437629699707,550800.0
2023-01-17,11.619761100343895,11.652083075104402,11.441989853852775,11.474311828613281,453400.0
2023-01-18,11.450071819232955,11.450071819232955,11.110690661028562,11.126852035522461,628800.0
2023-01-19,11.05412705363322,11.199575566548528,10.989483098867144,11.102609634399414,501300.0
2023-01-20,11.223816962716741,11.223816962716741,11.046045712331772,11.159173011779785,700100.0
2023-01-23,11.102608494008457,11.215735788537721,10.932917937522884,10.957159996032715,668500.0
2023-01-24,10.981401267152979,11.11876984936561,10.884435345111706,11.110689163208008,442900.0
2023-01-25,10.98140203736074,11.046045989922217,10.779389492951944,10.835952758789062,795700.0
2023-01-26,10.876357129977665,10.949081780685255,10.755149892542898,10.844035148620605,499700.0
2023-01-27,10.924839887087098,11.272300974931012,10.884437219956379,11.231898307800293,863700.0
2023-01-30,11.239979745579408,11.304623709056607,11.102611130536152,11.118772506713867,760700.0
2023-01-31,11.18341561133341,11.506635403896954,11.175334923865128,11.425830841064453,1970700.0
2023-02-01,11.401241407785019,11.761884999688332,11.319277523569165,11.589759826660156,962900.0
2023-02-02,11.589758580141897,11.909419023047228,11.589758580141897,11.901223182678223,649500.0
2023-02-03,11.852044393920952,11.999580465998037,11.835651149613316,11.958598136901855,811800.0
2023-02-06,11.958597928638548,11.983187012998865,11.688115655656384,11.81106185913086,661400.0
2023-02-07,11.745490860971838,11.901223557987537,11.679919445914573,11.827455520629883,524000.0
2023-02-08,11.786473196239683,11.827455526087617,11.671722829000055,11.688116073608398,468900.0
2023-02-09,11.778277052163032,11.794670297436982,11.393044386627729,11.434026718139648,588800.0
2023-02-10,11.458615298080973,11.638937079762158,11.417633750052774,11.597954750061035,558400.0
2023-02-13,11.606151497067911,11.679919534988137,11.548776703873482,11.647133827209473,304900.0
2023-02-14,11.671723081653608,11.679919704135209,11.466812209651236,11.565169334411621,465700.0
2023-02-15,11.475008218547176,11.638936751048984,11.475008218547176,11.622544288635254,320900.0
2023-02-16,11.507794380187988,11.581562418149598,11.450419586961372,11.507794380187988,374100.0
2023-02-17,11.524187088012695,11.57336525658061,11.458614893800648,11.524187088012695,623100.0
2023-02-21,11.434024839941447,11.458613922140314,11.229113997714277,11.24550724029541,548200.0
2023-02-22,11.245507987569406,11.450418843413082,11.22911474389893,11.3766508102417,1048200.0
2023-02-23,11.393043934941401,11.442222887140558,11.237312019377777,11.40943717956543,597700.0
2023-02-24,11.360257647851538,11.38484751353319,11.261900530143594,11.335668563842773,586100.0
2023-02-27,11.409438606493211,11.458616783169935,11.278295759791247,11.29468822479248,413400.0
2023-02-28,11.335668354836017,11.44222209247321,11.31927589302338,11.327471733093262,630000.0
2023-03-01,11.270098478327231,11.319277433805134,11.204527058805347,11.26190185546875,501100.0
2023-03-02,11.220918618845523,11.237311863241777,11.122561497486755,11.212722778320312,558200.0
2023-03-03,11.302884101867676,11.319277347459586,11.1471521771094,11.302884101867676,399400.0
2023-03-06,11.286490438385506,11.352061850438066,10.942240134273124,11.007811546325684,755200.0
2023-03-07,10.966828714794135,10.983221176218112,10.876668222780124,10.893060684204102,495300.0
2023-03-08,10.942239631821742,10.950435471697304,10.80290019219009,10.893060684204102,403000.0
2023-03-09,10.835686390156994,10.860275474249148,10.335703396354873,10.450453758239746,837500.0
2023-03-10,10.204560776053947,10.589793415663133,10.06522132729473,10.458650588989258,1245700.0
2023-03-13,10.073419416504457,10.92584869570802,9.614418674622685,10.53242015838623,2346000.0
2023-03-14,10.999615823703792,11.425830036891709,10.516026034024325,10.630776405334473,1421100.0
2023-03-15,10.25374130660272,10.663563093932904,10.212758971535097,10.491437911987305,1460800.0
2023-03-16,10.352097199695935,11.048793685562398,10.237346831609173,10.802901268005371,1258600.0
2023-03-17,10.614383319902617,10.68815136102136,10.138990145662895,10.261937141418457,4086800.0
2023-03-20,10.696347112409622,10.696347112409622,10.319311096484123,10.368489265441895,1101700.0
2023-03-21,10.696346572183188,10.909454044698135,10.581596214289096,10.66356086730957,915000.0
2023-03-22,10.638969752496541,10.679952074192034,10.065219593777966,10.098005294799805,1432900.0
2023-03-23,10.204560950172551,10.368489486311978,9.925882047899067,9.958667755126953,1087400.0
2023-03-24,9.991453732073262,10.360293925434929,9.917686475073868,10.343900680541992,1303300.0
2023-03-27,10.516025214545229,10.565204164609495,10.122596740722656,10.122596740722656,1019600.0
2023-03-28,10.114399781247867,10.204560274738652,9.99964942270907,10.065220832824707,582000.0
2023-03-29,10.171776915960079,10.171776915960079,9.966866016664596,10.081616401672363,796300.0
2023-03-30,10.179971530123437,10.179971530123437,9.737364106277761,9.843917846679688,794600.0
2023-03-31,9.942274251152567,9.950470872519382,9.761952489446793,9.860309600830078,781800.0
2023-04-03,9.893097657296092,9.934079992203321,9.688186764432972,9.73736572265625,714300.0
2023-04-04,9.745561237288676,9.75375707799932,9.38491766914056,9.540650367736816,887500.0
2023-04-05,9.434095304566412,9.55704149646242,9.40950544084895,9.475077629089355,671200.0
2023-04-06,9.4340970686534,9.639007947911695,9.4340970686534,9.565239906311035,707300.0
2023-04-10,9.589827458307635,9.71277443519137,9.507863588724657,9.630809783935547,742700.0
2023-04-11,9.66359703455426,9.696382743968668,9.548846660767346,9.565239906311035,537300.0
2023-04-12,9.62261433148498,9.647204198852751,9.458685790731213,9.49966812133789,460200.0
2023-04-13,9.475079035643061,9.565239537639398,9.393114374429706,9.49966812133789,643300.0
2023-04-14,9.647203692323862,9.712775105182525,9.311149224332087,9.384917259216309,777800.0
2023-04-17,9.384918113695303,9.565239906311035,9.245578653265826,9.565239906311035,645500.0
2023-04-18,9.565241071936239,9.655401588394625,9.270169651249008,9.343936920166016,527500.0
2023-04-19,9.368524554277837,9.58982787152784,9.327542226884018,9.507863998413086,615200.0
2023-04-20,9.450488798963057,9.49966775010381,9.335739215756147,9.434096336364746,598200.0
2023-04-21,9.401310712173515,9.48327458923171,9.311149431234709,9.39311408996582,580400.0
2023-04-24,9.360328906862065,9.598025492482643,9.360328906862065,9.516060829162598,600400.0
2023-04-25,9.319345469327345,9.425899206330081,9.12263123870977,9.18000602722168,881200.0
2023-04-26,9.147219428712289,9.327541180002855,9.122630347704918,9.270166397094727,1038400.0
2023-04-27,9.34393477042867,9.606221199035645,9.327542308331733,9.606221199035645,760300.0
2023-04-28,9.639006274556513,9.712774303350862,9.524255920690543,9.58163070678711,642600.0
2023-05-01,9.573435573592533,9.630810363923132,9.261970974405335,9.28656005859375,989400.0
2023-05-02,9.302952997337075,9.302952997337075,8.72920198616023,8.901327133178711,1141000.0
2023-05-03,8.918030146861097,9.118435121852933,8.834527675778542,8.867928504943848,1333300.0
2023-05-04,8.667521763520364,8.734323408236872,8.275061503557062,8.63412094116211,1108800.0
2023-05-05,8.93472817666301,8.951428985701577,8.684221615453348,8.884627342224121,1081400.0
2023-05-08,8.984830631229526,8.984830631229526,8.659171992164566,8.675872802734375,723200.0
2023-05-09,8.634121928150698,8.725974001051137,8.500518623445146,8.625771522521973,795200.0
2023-05-10,8.801126470298186,8.801126470298186,8.567320676138019,8.684223175048828,736400.0
2023-05-11,8.61742115020752,8.692573208479553,8.542269091935488,8.61742115020752,655100.0
2023-05-12,8.675874190947047,8.851228748295844,8.567321293889353,8.842878341674805,683400.0
2023-05-15,8.851226520485392,9.00988022465975,8.801124889708097,8.884627342224121,921000.0
2023-05-16,8.92637841792531,9.009880876482343,8.801125526428223,8.801125526428223,626500.0
2023-05-17,8.951429107692377,9.36893978328555,8.901327476232293,9.310487747192383,987100.0
2023-05-18,9.2269868850708,9.360590185360579,9.151834829573179,9.2269868850708,706400.0
2023-05-19,9.335538899268414,9.343888507507787,8.918028226440144,8.993180274963379,552500.0
2023-05-22,9.085032112590632,9.101732124996563,8.926377614873145,9.009880065917969,1009400.0
2023-05-23,9.034931085018144,9.327188886820274,9.018231071498892,9.059982299804688,813700.0
2023-05-24,9.009881276467055,9.085033333236993,8.876277973915386,8.984830856323242,660000.0
2023-05-25,8.867926312272047,8.976479179303299,8.809475074769985,8.901327133178711,626300.0
2023-05-26,8.926376950494582,8.984828980410807,8.809474483338796,8.976478576660156,417600.0
2023-05-30,9.001528991573776,9.001528991573776,8.801124079588146,8.976478576660156,509100.0
2023-05-31,8.918028099939967,8.943078516979574,8.692571957568308,8.776074409484863,734700.0
2023-06-01,8.809475355944185,9.059981918908829,8.759373724815891,8.993180274963379,557600.0
2023-06-02,9.110082322602118,9.52759297567344,9.026580669790876,9.485841751098633,790200.0
2023-06-05,9.460792341247954,9.460792341247954,9.101732886584637,9.143484115600586,726700.0
2023-06-06,9.135133594340711,9.611096324927264,9.135133594340711,9.502543449401855,682500.0
2023-06-07,9.619445779326748,9.936753173244472,9.56099374668854,9.83655071258545,884200.0
2023-06-08,9.803150368359482,9.828201581994382,9.560994210924314,9.669547080993652,537300.0
2023-06-09,9.686248792760574,9.736349632022534,9.502543857343598,9.560995101928711,455000.0
2023-06-12,9.594395926882845,9.794800876607647,9.519243871651424,9.560995101928711,694000.0
2023-06-13,9.619446308053744,9.844901657843971,9.560994272202755,9.77810001373291,614700.0
2023-06-14,9.761401662809199,9.878304967613234,9.577697493409648,9.602747917175293,782700.0
2023-06-15,9.552644864070723,9.794801048317996,9.52759444400059,9.76140022277832,598000.0
2023-06-16,9.828200580777803,9.828200580777803,9.477491589000655,9.677896499633789,3198500.0
2023-06-20,9.669549099635564,9.677899505923785,9.419042485358972,9.444093704223633,679900.0
2023-06-21,9.44409199727695,9.44409199727695,9.168534213940637,9.185235023498535,716000.0
2023-06-22,9.151834601153514,9.193585830536625,8.884628007243137,8.918028831481934,743600.0
2023-06-23,8.867926469522354,8.96812893401918,8.659171136069364,8.776074409484863,2438400.0
2023-06-26,8.77607450432993,8.934728209079912,8.767724099780349,8.876276969909668,788100.0
2023-06-27,8.86792729516666,9.02658180931189,8.776075226577325,8.892977714538574,522800.0
2023-06-28,8.909679740485126,8.93473016327446,8.776076423823902,8.867928504943848,542300.0
2023-06-29,8.95977963984093,9.05998291309318,8.95977963984093,8.984830856323242,410300.0
2023-06-30,9.001532050892374,9.034932880908467,8.842878307400584,8.851228713989258,482400.0
2023-07-03,8.851227652104562,9.034931796984726,8.851227652104562,8.959779739379883,305800.0
2023-07-05,8.909677537489973,8.993179987925823,8.79277426614746,8.901327133178711,579200.0
2023-07-06,8.776074441660361,8.80947526328176,8.650820763326314,8.76772403717041,564700.0
2023-07-07,8.76772406796937,8.968128998401738,8.76772406796937,8.884627342224121,497500.0
2023-07-10,8.851226582494695,9.08503233630377,8.851226582494695,8.993180274963379,537800.0
2023-07-11,9.02658087466229,9.093382516962793,8.926377614873145,9.009880065917969,405100.0
2023-07-12,9.176884972451791,9.24368662058146,9.093383310458934,9.135133743286133,436400.0
2023-07-13,9.185234863049798,9.318838151825465,9.135133231589714,9.310487747192383,526400.0
2023-07-14,9.419039844785788,9.419039844785788,9.151833289181138,9.30213737487793,631200.0
2023-07-17,9.310488685135741,9.527594449436757,9.293788670525624,9.435742378234863,475600.0
2023-07-18,9.435741913446673,9.727998923604895,9.41904110332071,9.719649314880371,481000.0
2023-07-19,9.736349502752072,9.928404840942266,9.669547853730737,9.92005443572998,609700.0
2023-07-20,9.92840478630395,9.92840478630395,9.669547800516971,9.811501502990723,558600.0
2023-07-21,9.869952075301017,9.895003289096474,9.719648774220335,9.77810001373291,529800.0
2023-07-24,9.719649637021053,10.053657887225839,9.719649637021053,10.003556251525879,417500.0
2023-07-25,9.995206456844421,10.06200810564441,9.853252754059831,9.928404808044434,524300.0
2023-07-26,10.028607822718339,10.279114417413114,9.97850618524398,10.195611953735352,577000.0
2023-07-27,10.262411718289732,10.295812538348788,10.128808438053511,10.187259674072266,628700.0
2023-07-28,10.295813495363666,10.396015964854836,10.237362253911758,10.312514305114746,551000.0
2023-07-31,10.30416371064951,10.404366178297023,10.26241248337844,10.320863723754883,533700.0
2023-08-01,10.39601600500401,10.39601600500401,10.087058190461768,10.178910255432129,564700.0
2023-08-02,10.110993470103542,10.187399092839316,9.992140998844997,10.102503776550293,488200.0
2023-08-03,10.08552555242386,10.314741619040296,9.983651655080802,10.280783653259277,450300.0
2023-08-04,10.153441727024397,10.323231559993678,10.153441727024397,10.204379081726074,434900.0
2023-08-07,10.22984742258366,10.323231628934963,10.161931488942388,10.263805389404297,427600.0
2023-08-08,10.110994698519917,10.246826573387603,9.90724688621839,10.221358299255371,365700.0
2023-08-09,10.17042136564338,10.187400755521079,10.026100599792285,10.127974510192871,371300.0
2023-08-10,10.170420007126094,10.323231257126093,10.110993769735765,10.153441429138184,434700.0
2023-08-11,10.136462593717352,10.187399949699445,10.094015741624384,10.178910255432129,352100.0
2023-08-14,10.144954076196088,10.161933467723612,9.975164209030595,10.060059547424316,594200.0
2023-08-15,9.958184736708501,9.958184736708501,9.72047892460541,9.728968620300293,535100.0
2023-08-16,9.69501035859682,9.80537397047978,9.652562691007695,9.678030967712402,371600.0
2023-08-17,9.695009806590734,9.74594635709997,9.63558356112267,9.652562141418457,360200.0
2023-08-18,9.593135015395713,9.788393123794808,9.55917704829927,9.711987495422363,429400.0
2023-08-21,9.720478603775215,9.745946880397321,9.516730771554528,9.550688743591309,449000.0
2023-08-22,9.542198246936096,9.627093574710505,9.321471042420109,9.33845043182373,448200.0
2023-08-23,9.329960651340869,9.431834557960407,9.202618470471906,9.346940040588379,381800.0
2023-08-24,9.312983165830595,9.474283334522733,9.287514078967149,9.39787769317627,535100.0
2023-08-25,9.40636607243331,9.54219794487509,9.245065926314151,9.28751277923584,370500.0
2023-08-28,9.338450260261345,9.44881386049178,9.329960565715504,9.355429649353027,344800.0
2023-08-29,9.34693993429467,9.440324145228486,9.296002576753242,9.423345565795898,336900.0
2023-08-30,9.406366863336519,9.423346253630308,9.287513560145664,9.304492950439453,371300.0
2023-08-31,9.304492462638336,9.389387790412746,9.270534493452942,9.33845043182373,538700.0
2023-09-01,9.355430521982159,9.567668047693676,9.34694082664444,9.559178352355957,435900.0
2023-09-05,9.474283008997501,9.474283008997501,9.219597816467285,9.219597816467285,532300.0
2023-09-06,9.219596990323359,9.329960590851123,9.032828567542683,9.075275421142578,547800.0
2023-09-07,9.07527565121433,9.109233620728231,8.96491285751054,9.066786766052246,445600.0
2023-09-08,9.066786852152157,9.092255127123972,8.956423247778478,9.058297157287598,454000.0
2023-09-11,9.092256756665403,9.168662404896358,8.990382828898133,9.00736141204834,416500.0
2023-09-12,9.032827947478292,9.09225418613626,8.947932626862528,8.99038028717041,363800.0
2023-09-13,8.990380389462059,9.032828050252908,8.837569134463722,8.91397476196289,486500.0
2023-09-14,8.98189176229416,9.270534918412274,8.98189176229416,9.24506664276123,813800.0
2023-09-15,9.219597462379706,9.287513403163132,9.075275885809459,9.109233856201172,2834900.0
2023-09-18,9.134701775849283,9.143191469769604,8.930953979492188,8.930953979492188,637600.0
2023-09-19,8.947934266115555,9.007360515660354,8.837570652945264,8.871528625488281,482900.0
2023-09-20,8.930953793240398,8.998869723943068,8.735694885253906,8.735694885253906,384500.0
2023-09-21,8.70173793618619,8.718717325655772,8.53194808959961,8.53194808959961,632500.0
2023-09-22,8.548926778803802,8.616842718307202,8.404605204953608,8.45554256439209,648500.0
2023-09-25,8.44705236471655,8.582884235605455,8.43856267038054,8.557415962219238,466600.0
2023-09-26,8.497990634516855,8.642312215254169,8.421584996523936,8.430074691772461,653800.0
2023-09-27,8.489501026449657,8.56590666522721,8.413095387672104,8.421585083007812,521600.0
2023-09-28,8.43007523529098,8.693249327987854,8.43007523529098,8.650801658630371,859100.0
2023-09-29,8.693246926116272,8.761162854474858,8.61684130430743,8.684757232666016,1021500.0
2023-10-02,8.650800935329894,8.701738296224349,8.57439610842104,8.642312049865723,1109700.0
2023-10-03,8.591373929941465,8.650800171049909,8.506479415446806,8.557415962219238,708800.0
2023-10-04,8.58288363636202,8.752674272740451,8.497989127794561,8.735694885253906,661400.0
2023-10-05,8.727205557001948,8.871527118194681,8.710226978426103,8.84605884552002,736800.0
2023-10-06,8.744186058731312,8.930955304580541,8.65929072617569,8.829080581665039,496300.0
2023-10-09,8.786633467751706,8.922465348166263,8.786633467751706,8.854549407958984,482000.0
2023-10-10,8.871527586032094,8.97340149172482,8.85454900656089,8.880017280578613,437100.0
2023-10-11,8.939443523160579,9.015849154835582,8.837569617467851,8.880017280578613,279600.0
2023-10-12,8.854550392952783,8.854550392952783,8.70173910567651,8.78663444519043,423700.0
2023-10-13,8.880018022662655,8.913975994064693,8.616843137080442,8.625332832336426,462100.0
2023-10-16,8.6932491813148,8.829081073269416,8.6932491813148,8.795123100280762,475600.0
2023-10-17,8.905485934584325,9.032828929350204,8.769654054531548,8.922465324401855,619600.0
2023-10-18,8.846058169733954,8.854547863184209,8.676268348837489,8.684757232666016,491100.0
2023-10-19,8.710227221780166,8.803611430610834,8.548926267883228,8.557415962219238,545200.0
2023-10-20,8.61684366369182,8.61684366369182,8.319711598170487,8.328201293945312,807900.0
2023-10-23,8.328200511941612,8.812101790961853,8.328200511941612,8.718717575073242,737900.0
2023-10-24,8.812102723195823,8.964914010472095,8.70173910567651,8.78663444519043,667800.0
2023-10-25,8.718715815862689,8.871526246517975,8.659288772631795,8.837568283081055,676800.0
2023-10-26,8.863037474593062,9.075274970541976,8.863037474593062,8.973401069641113,615800.0
2023-10-27,8.956422439939272,8.973401018515117,8.701737284327287,8.84605884552002,612400.0
2023-10-30,8.939443206038547,8.99038056188885,8.846058998205093,8.896995544433594,428300.0
2023-10-31,8.896995390869343,8.947932745840456,8.778142911973061,8.84605884552002,499100.0
2023-11-01,8.828747816714545,8.9239603330517,8.733536125843097,8.880681991577148,444900.0
2023-11-02,8.958584094388835,9.270186710758617,8.958584094388835,9.261530876159668,530100.0
2023-11-03,9.495233880462852,9.63372393835123,9.486578045478362,9.538512229919434,704500.0
2023-11-06,9.503888510775472,9.573134362422604,9.451955153872404,9.521200180053711,553100.0
2023-11-07,9.48657697030308,9.512543646847716,9.382709438658777,9.434642791748047,394300.0
2023-11-08,9.460610681045127,9.547166548225814,9.304808964467775,9.348087310791016,452500.0
2023-11-09,9.365397805158404,9.382709473229122,9.131696064464096,9.20094108581543,389200.0
2023-11-10,9.25287319365691,9.33942987142841,9.166317341351068,9.209595680236816,528300.0
2023-11-13,9.149005675610505,9.25287319365691,9.114383169595037,9.209595680236816,338400.0
2023-11-14,9.538510070407693,9.910701810352306,9.538510070407693,9.858768463134766,1146700.0
2023-11-15,9.824147444158601,10.00591583787628,9.815491609823047,9.867424964904785,591100.0
2023-11-16,9.867423388842395,9.867423388842395,9.642377510323717,9.702966690063477,389400.0
2023-11-17,9.798179979449035,9.910703349853671,9.737590789794922,9.737590789794922,574300.0
2023-11-20,9.737590440470669,9.763557117181508,9.62506707410267,9.69431209564209,394000.0
2023-11-21,9.659687980141868,9.676999645383681,9.529853792690805,9.55582046508789,332800.0
2023-11-22,9.642377140365689,9.642377140365689,9.529853792690805,9.55582046508789,459400.0
2023-11-24,9.590444564819336,9.625067075594412,9.54716621998405,9.590444564819336,152800.0
2023-11-27,9.538510540923372,9.54716554890945,9.443298023885118,9.477920532226562,612700.0
2023-11-28,9.48657674829139,9.495232582092285,9.330775041738237,9.495232582092285,491300.0
2023-11-29,9.555821485206774,9.70296735360801,9.52985481003765,9.607755661010742,546900.0
2023-11-30,9.633722020132574,9.694311202028059,9.573132838237088,9.642377853393555,934300.0
2023-12-01,9.625066580326436,10.049192521863702,9.547165728724545,9.971292495727539,577100.0
2023-12-04,9.910701909564299,10.256927804831738,9.876079402584123,10.222305297851562,813700.0
2023-12-05,10.179026246613947,10.230959590723108,10.09246957247785,10.135747909545898,677000.0
2023-12-06,10.222306153889281,10.464663723046055,10.066504446698483,10.0924711227417,614700.0
2023-12-07,10.13574946763466,10.326173684727113,10.014570270309328,10.196338653564453,1089900.0
2023-12-08,9.979946866056094,10.300205260144967,9.858768505056112,10.274238586425781,1282200.0
2023-12-11,10.23961699728534,10.282895341006226,10.118437799960006,10.196338653564453,790100.0
2023-12-12,10.18768435151396,10.18768435151396,10.066505145787167,10.07516098022461,591800.0
2023-12-13,10.083816561855782,10.637777615324515,10.040539038142446,10.629121780395508,1347200.0
2023-12-14,10.7676097328345,11.035934784927846,10.707020551105487,10.871478080749512,1273100.0
2023-12-15,10.897444616766464,10.897444616766464,10.611808727287567,10.767609596252441,3573400.0
2023-12-18,10.810887679582045,10.871477684568717,10.681053487618264,10.750298500061035,838600.0
2023-12-19,10.75029977154263,10.888789812807953,10.707021427280779,10.819544792175293,611200.0
2023-12-20,10.767609685788473,11.009968062576995,10.689709663391113,10.689709663391113,906300.0
2023-12-21,10.7676097328345,10.871478080749512,10.67239804362238,10.871478080749512,759000.0
2023-12-22,10.93206784261838,11.087869547293248,10.93206784261838,11.061902046203613,1273600.0
2023-12-26,11.087869550134705,11.226359587451972,11.035935373407863,11.165769577026367,612300.0
2023-12-27,11.001312011145314,11.200391217987814,11.001312011145314,11.087868690490723,681500.0
2023-12-28,10.949378082003768,11.079213103909941,10.871478059418893,11.001312255859375,750300.0
2023-12-29,10.949377645652154,10.984000151687562,10.802231788635254,10.802231788635254,491700.0
2024-01-02,10.689710616203758,10.984001542022716,10.655088105785895,10.897445678710938,824100.0
2024-01-03,10.819545114358995,10.932068482604222,10.67239923476645,10.681055068969727,978900.0
2024-01-04,10.689710237774866,10.862822783735787,10.672398570445909,10.776266098022461,727600.0
2024-01-05,10.707020160917889,10.89744435786834,10.707020160917889,10.750298500061035,732900.0
2024-01-08,10.732987789267574,10.862822818250086,10.655087762436949,10.854166984558105,537000.0
2024-01-09,10.698365879080123,10.767610901562264,10.65508835912812,10.707021713256836,534500.0
2024-01-10,10.637776752723056,10.767610964266705,10.603154241280365,10.758955955505371,539200.0
2024-01-11,10.6550874710083,10.715676654263516,10.490629937221698,10.6550874710083,1332200.0
2024-01-12,10.724332061863043,10.767609576489269,10.464662846777282,10.559874534606934,574600.0
2024-01-16,10.438696795318567,10.481974312525228,10.33482844271854,10.386762619018555,615400.0
2024-01-17,10.239616079644975,10.369450273706578,10.153059399960124,10.274238586425781,697000.0
2024-01-18,10.29155187629741,10.369451909745637,10.187684339567305,10.282896041870117,718100.0
2024-01-19,10.33482938586303,10.490631103515625,10.256929352502537,10.490631103515625,697000.0
2024-01-22,10.447351582731425,11.018623382632148,10.369450732660288,10.992656707763672,1129200.0
2024-01-23,11.035936633160265,11.209049199567652,10.888790745347528,11.131148338317871,1037100.0
2024-01-24,11.191737461611705,11.260982482643044,10.966690730526969,11.079214096069336,1136500.0
2024-01-25,11.235015012385913,11.312915867632613,10.992657438091777,11.15711498260498,900100.0
2024-01-26,11.191735907986878,11.295603425115111,11.079212558064881,11.226358413696289,503800.0
2024-01-29,11.200394306622364,11.260984329058799,11.122494264288491,11.235016822814941,652000.0
2024-01-30,11.174426078796387,11.235015267378627,11.113836890214147,11.174426078796387,510200.0
2024-01-31,11.044591816956608,11.096525171085323,10.65508835912812,10.707021713256836,1400300.0
2024-02-01,10.795000330224257,10.812595655830973,10.231935647277052,10.64543628692627,1253200.0
2024-02-02,10.443084895482121,10.636638517028965,10.416691486781158,10.583850860595703,639500.0
2024-02-05,10.460681311171243,10.487074720504332,10.311117259898156,10.381500244140625,667400.0
2024-02-06,10.363903990458635,10.478276548638183,10.249531432279086,10.311117172241211,661400.0
2024-02-07,10.31991477490657,10.346309023964766,10.117563899648658,10.284723281860352,576100.0
2024-02-08,10.117563513167285,10.381500120447484,10.117563513167285,10.328712463378906,552600.0
2024-02-09,10.33750934857077,10.53106295002595,10.231934885694647,10.478275299072266,459000.0
2024-02-12,10.495873656078782,10.812597110903576,10.487075572575794,10.671831130981445,776400.0
2024-02-13,10.390296605591487,10.425488091882627,10.073572389940011,10.19674301147461,883600.0
2024-02-14,10.311117652284588,10.425490215788855,10.108765935613539,10.33751106262207,768400.0
2024-02-15,10.381498632541087,10.654232444384261,10.381498632541087,10.592647552490234,788800.0
2024-02-16,10.487075205211813,10.54866010951256,10.390298807163298,10.407894134521484,639700.0
2024-02-20,10.328712857925968,10.434287337064625,10.258329871833531,10.284723281860352,537700.0
2024-02-21,10.275925511912936,10.319914246695673,10.196744446853875,10.223137855529785,597300.0
2024-02-22,10.196746233965868,10.231937731378624,10.02078874690209,10.117565155029297,656200.0
2024-02-23,10.108764729103752,10.231935361030208,10.020786425468813,10.126360893249512,463300.0
2024-02-26,10.073573549262065,10.179148020285574,9.959200995895436,10.064775466918945,535700.0
2024-02-27,10.099966505855685,10.161552240473725,9.95920055078235,10.02078628540039,495600.0
2024-02-28,9.959202287458487,10.064776772173463,9.915213548100812,9.932808876037598,492800.0
2024-02-29,10.10876607610958,10.205543313744373,9.994393511015716,10.082372665405273,550800.0
2024-03-01,9.968000489621609,9.985596656799316,9.809638341147974,9.985596656799316,579100.0
2024-03-04,10.064777056258226,10.319915611278725,10.064777056258226,10.179149627685547,885900.0
2024-03-05,10.126361682025202,10.434287027279733,10.11756359926701,10.39909553527832,809300.0
2024-03-06,10.399095844018406,10.443085420084023,10.011989420510002,10.284723281860352,860400.0
2024-03-07,10.39909384789086,10.425488091882627,10.170349606514058,10.19674301147461,758500.0
2024-03-08,10.328710892607496,10.39029662299355,10.23193451490258,10.249529838562012,505700.0
2024-03-11,10.143958568330994,10.231937731378624,10.082373657616541,10.117565155029297,787600.0
2024-03-12,10.091170089479487,10.117563498459736,9.853626891563213,9.915212631225586,908300.0
2024-03-13,9.924010631333932,9.9680002090084,9.818436148334055,9.844829559326172,968200.0
2024-03-14,9.800840076907294,9.809637320549447,9.519307304574783,9.60728645324707,1396200.0
2024-03-15,9.572094199075057,9.765647807316874,9.572094199075057,9.748051643371582,5846400.0
2024-03-18,9.730457622609078,9.81843593703324,9.633680386001695,9.668871879577637,718800.0
2024-03-19,9.616084580086406,9.765648630097422,9.616084580086406,9.642477989196777,850000.0
2024-03-20,9.607286492779128,10.020787150790197,9.572095000971677,9.950404167175293,813300.0
2024-03-21,9.985596619855833,10.091171105437189,9.915213629468262,10.003191947937012,723200.0
2024-03-22,10.038382699652242,10.047180782556929,9.756850758953224,9.76564884185791,665800.0
2024-03-25,9.80963806499288,9.915213387024165,9.792042737341937,9.844829559326172,536100.0
2024-03-26,9.897616737087027,9.924010146790476,9.800840342153467,9.818435668945312,438400.0
2024-03-27,9.871222856149744,10.152754783630371,9.871222856149744,10.152754783630371,830200.0
2024-03-28,10.170349623547745,10.267126001252661,10.126360055852341,10.249529838562012,1096200.0
2024-04-01,10.249531928947416,10.249531928947416,10.029584884643555,10.029584884643555,735800.0
2024-04-02,9.915211548014478,9.941604954111316,9.80083900288651,9.86242389678955,873300.0
2024-04-03,9.809637069702148,9.88002005122764,9.730456844759463,9.809637069702148,912500.0
2024-04-04,9.89761678061514,10.003191258924604,9.809637629174901,9.85362720489502,553300.0
2024-04-05,9.783244176330257,9.880020571263817,9.774446093418652,9.818435668945312,632700.0
2024-04-08,9.836032474806723,9.976798454426694,9.818436307838518,9.932808876037598,690700.0
2024-04-09,9.924008934485723,10.011988074791619,9.888817446169618,9.967998504638672,456100.0
2024-04-10,9.756850815273662,9.756850815273662,9.404935048337125,9.492914199829102,1294000.0
2024-04-11,9.598489199746814,9.598489199746814,9.387340231530665,9.501712799072266,874800.0
2024-04-12,9.387340195341473,9.54570234040879,9.378542111941863,9.519308090209961,593200.0
2024-04-15,9.52810617360957,9.642478740710253,9.413733606508886,9.519308090209961,889800.0
2024-04-16,9.440126375289973,9.484115950263183,9.360946147175822,9.404934883117676,578700.0
2024-04-17,9.492914112865954,9.572095180677092,9.413733045054814,9.422531127929688,541900.0
2024-04-18,9.40493453635982,9.554498582335526,9.40493453635982,9.484115600585938,532700.0
2024-04-19,9.431328787209189,9.792041778564453,9.431328787209189,9.792041778564453,736900.0
2024-04-22,9.721660175854748,9.906415738980728,9.651277184095465,9.73045825958252,766200.0
2024-04-23,9.545702580631273,9.695266646062837,9.448925338862947,9.6776704788208,1131500.0
2024-04-24,9.5720949265994,9.65127599230879,9.484115778248668,9.624881744384766,925900.0
2024-04-25,9.563297350326144,9.589690760616334,9.457722870133995,9.580893516540527,662300.0
2024-04-26,9.554499584776986,9.660074068478059,9.510510845841765,9.519308090209961,522700.0
2024-04-29,9.580893751054504,9.598489078668187,9.440126934988001,9.448925018310547,642200.0
2024-04-30,9.440126845304635,9.440126845304635,9.31695703608477,9.32575511932373,757600.0
2024-05-01,9.388524112497665,9.693404680731897,9.370589558993732,9.567865371704102,737300.0
2024-05-02,9.648569836900096,9.836878386222804,9.621668004734966,9.801010131835938,743000.0
2024-05-03,9.881713330208669,10.007251785512034,9.836877801100355,9.92654800415039,636600.0
2024-05-06,9.98931848048946,10.07002140986374,9.917581973156798,9.962416648864746,683500.0
2024-05-07,9.998284632174686,10.04312016183689,9.917581704982638,9.935515403747559,442400.0
2024-05-08,9.845844610657513,9.971383926072985,9.827910911407658,9.962416648864746,367200.0
2024-05-09,9.953448015570837,10.034150927016203,9.899645219440828,10.016217231750488,665700.0
2024-05-10,10.043120802549977,10.043120802549977,9.908615060149005,9.98931884765625,363500.0
2024-05-13,10.043118202232277,10.13278924406015,10.007249956534414,10.016217231750488,530000.0
2024-05-14,10.096922505322485,10.17762628397928,9.962415922505642,10.07002067565918,507800.0
2024-05-15,10.15969058327453,10.222459801732308,10.087954089275224,10.132789611816406,719000.0
2024-05-16,10.10588986119216,10.15969181060791,10.070020754692905,10.15969181060791,464400.0
2024-05-17,10.195560723984775,10.348001015838985,10.150725193115898,10.222461700439453,589000.0
2024-05-20,10.222460555367375,10.240395107772631,10.034152030944824,10.034152030944824,479800.0
2024-05-21,10.034152357487587,10.150724386415787,10.034152357487587,10.14175796508789,472200.0
2024-05-22,10.114855617680432,10.16865841872565,10.052086395766437,10.096921920776367,428100.0
2024-05-23,10.114856517555511,10.1776266002204,9.872746029228786,9.917581558227539,442400.0
2024-05-24,9.989315459637716,9.989315459637716,9.872743456682821,9.944479942321777,426600.0
2024-05-28,9.953448891773158,9.99828356146746,9.801008620346314,9.83687686920166,567100.0
2024-05-29,9.720304923714902,9.720304923714902,9.594765624142378,9.675469398498535,502600.0
2024-05-30,9.818943438968017,9.845844414891234,9.720305957138484,9.765141487121582,428200.0
2024-05-31,9.792042048896183,9.863778551768448,9.747206520809376,9.81894302368164,511800.0
2024-06-03,9.944482099701506,9.944482099701506,9.684437069053912,9.71133804321289,384900.0
2024-06-04,9.585799193001673,9.612701023602652,9.496128989831515,9.57683277130127,479800.0
2024-06-05,9.612699781824885,9.684436277160659,9.523028735071929,9.63960075378418,492900.0
2024-06-06,9.702370332772254,9.756173133850098,9.630633834779472,9.756173133850098,437400.0
2024-06-07,9.675471130480606,9.756174919283348,9.639602874920127,9.747207641601562,564500.0
2024-06-10,9.66650135894569,9.66650135894569,9.478192852043078,9.523028373718262,1507000.0
2024-06-11,9.451292705077737,9.576832005679604,9.406457179493747,9.51406192779541,623100.0
2024-06-12,9.747206565021427,9.863778596509253,9.648569086916302,9.738239288330078,574500.0
2024-06-13,9.72927328197342,9.72927328197342,9.59476669136322,9.68443775177002,395000.0
2024-06-14,9.558896587546979,9.621665804579097,9.523028341361991,9.603732109069824,496500.0
2024-06-17,9.61270013786453,9.756173133850098,9.531996363831023,9.756173133850098,535700.0
2024-06-18,9.69340568584418,9.809976875040732,9.684438408162393,9.747207641601562,441300.0
2024-06-20,9.666503173920084,9.783075210096449,9.630634920878634,9.774107933044434,472100.0
2024-06-21,9.783075186014859,9.7920424630448,9.684437704185326,9.765141487121582,1621000.0
2024-06-24,9.792042657741327,10.034153156197409,9.783075380533088,9.962416648864746,538100.0
2024-06-25,9.899646116127855,9.935514365074582,9.836876894262714,9.845843315124512,441400.0
2024-06-26,9.809975970535415,9.95344983471533,9.774107718282083,9.92654800415039,381000.0
2024-06-27,9.944483286911417,10.078989028930664,9.881714054657989,10.078989028930664,397400.0
2024-06-28,10.096921952671835,10.392835221439022,10.096921952671835,10.356966972351074,1521000.0
2024-07-01,10.33903356631547,10.446638325507399,10.249363361238833,10.294198036193848,513800.0
2024-07-02,10.249362225087236,10.383867945375407,10.249362225087236,10.356966972351074,526800.0
2024-07-03,10.38386758363886,10.38386758363886,10.195559068695502,10.240394592285156,381900.0
2024-07-05,10.213495626116561,10.231429325974691,10.061055329072534,10.078989028930664,397500.0
2024-07-08,10.132790442169927,10.222460639434047,10.096922192230972,10.123823165893555,512800.0
2024-07-09,10.10588884135841,10.321098327636719,10.070019738478878,10.321098327636719,490400.0
2024-07-10,10.294197245702188,10.482505773619497,10.294197245702188,10.473539352416992,478600.0
2024-07-11,10.652881192468362,10.99363001681751,10.599078386448355,10.957761764526367,1035400.0
2024-07-12,10.993630164015386,11.083300368360575,10.903959104503596,10.975695610046387,831400.0
2024-07-15,11.110200685760963,11.37921211731545,11.110200685760963,11.262640953063965,984500.0
2024-07-16,11.361279580196351,11.773764900545098,11.32541132865153,11.7109956741333,1125400.0
2024-07-17,11.603390457898263,12.060711321981175,11.594424036082861,12.006909370422363,1093200.0
2024-07-18,11.890336787738173,12.177282796618766,11.702028255618643,11.791698455810547,1090700.0
2024-07-19,11.791698308037539,12.042776917828116,11.755830057376965,11.773764610290527,668900.0
2024-07-22,11.702027115626821,11.971039400328934,11.594422372779272,11.944137573242188,684700.0
2024-07-23,11.289542141589806,12.526998000093277,11.289542141589806,12.482162475585938,2089500.0
2024-07-24,12.482164484366928,12.571835547812562,12.29385593526441,12.320756912231445,1227500.0
2024-07-25,12.347657213801309,12.796010765120167,12.302821687636117,12.697372436523438,990300.0
2024-07-26,12.885680084508843,13.047087625641808,12.643569627975872,12.787042617797852,858800.0
2024-07-29,12.813944353209644,12.840845326612737,12.544932053679146,12.598734855651855,784700.0
2024-07-30,12.607702673344264,12.751175677878308,12.589768120194227,12.65253734588623,553800.0
2024-07-31,12.65253667843547,12.86774702905025,12.55389920681331,12.589767456054688,775600.0
2024-08-01,12.589766202238382,12.616667172698714,12.078643487659896,12.222116470336914,1063400.0
2024-08-02,11.82169090629959,12.049206131753708,11.757986920900985,11.976401329040527,966000.0
2024-08-05,11.530471952256061,11.80349040246207,11.266554319567321,11.666980743408203,1018300.0
2024-08-06,11.639679908752441,11.767088758498536,11.530472695213694,11.639679908752441,668500.0
2024-08-07,11.748886517281207,11.794389737554605,11.539572919086012,11.566874504089355,435400.0
2024-08-08,11.72158432006836,11.72158432006836,11.53047149922316,11.72158432006836,525400.0
2024-08-09,11.739785233702383,11.739785233702383,11.48496842534729,11.621478080749512,560000.0
2024-08-12,11.721584736659304,11.80349035820417,11.448566287476993,11.548672676086426,595300.0
2024-08-13,11.67608110217156,11.79438912154256,11.494069098486058,11.72158432006836,554000.0
2024-08-14,11.721586026639214,11.812591607780815,11.53957399645419,11.694284439086914,607900.0
2024-08-15,11.885395702573533,12.02190449003035,11.812590032307966,11.848993301391602,486700.0
2024-08-16,11.839893027424731,12.085609029702653,11.830792209736208,12.031005859375,550500.0
2024-08-19,12.0310063004446,12.285823129752904,12.012804664400262,12.203917503356934,698300.0
2024-08-20,12.176616037562196,12.176616037562196,11.976402378604176,11.985503196716309,539600.0
2024-08-21,12.058307444538826,12.058307444538826,11.91269783312943,12.031005859375,367500.0
2024-08-22,11.985503493599406,12.122012297055623,11.958201906488524,12.021905899047852,899300.0
2024-08-23,12.112911113331815,12.695349541205388,12.067407894178764,12.55884075164795,1199200.0
2024-08-26,12.649847246335996,12.677149700563762,12.422332001848646,12.440533638000488,635000.0
2024-08-27,12.385929454382001,12.385929454382001,12.24942065642706,12.304024696350098,543600.0
2024-08-28,12.240318305614009,12.513336735235852,12.231217488782894,12.467833518981934,632600.0
2024-08-29,12.522439205125098,12.595244013581494,12.349527134114823,12.5497407913208,592000.0
2024-08-30,12.540640460852828,12.63164690891243,12.449634880695037,12.604345321655273,587300.0
2024-09-03,12.531540488141367,12.649847655346475,12.431433221873,12.495137214660645,534700.0
2024-09-04,12.449632896280988,12.595242495645405,12.304023296916572,12.367727279663086,423100.0
2024-09-05,12.44053278919477,12.44053278919477,12.194815925320603,12.222118377685547,376100.0
2024-09-06,12.276721403836566,12.313123805331418,12.040105360169171,12.094709396362305,421100.0
2024-09-09,12.085609592244428,12.085609592244428,11.93089915594529,11.985503196716309,735000.0
2024-09-10,11.976401831630204,12.05830745509513,11.830792220093334,12.040105819702148,507200.0
2024-09-11,11.921799073569987,11.939999841690698,11.603277386390708,11.858094215393066,698000.0
2024-09-12,11.930899023679455,11.930899023679455,11.776188589095437,11.858094215393066,518200.0
2024-09-13,11.967300853953839,12.131112098693848,11.885396099485568,12.131112098693848,489800.0
2024-09-16,12.14021321552964,12.267621193110983,11.994603602349958,12.16751480102539,481000.0
2024-09-17,12.285822665149379,12.486036314556893,12.15841382136246,12.25852108001709,582300.0
2024-09-18,12.23121778332171,12.640745871567113,12.103809816224636,12.276721000671387,1042200.0
2024-09-19,12.531539167316804,12.604343970801002,12.349526290704596,12.55884075164795,899500.0
2024-09-20,12.476935191112972,12.495135958121214,12.213017560230565,12.222118377685547,3161000.0
2024-09-23,12.294922428929166,12.322224011721213,12.149312830169357,12.249419212341309,731400.0
2024-09-24,12.240318795231634,12.258520429621939,12.058306790837074,12.067407608032227,534500.0
2024-09-25,12.085609388197883,12.085609388197883,11.94910059042775,11.95820140838623,500000.0
2024-09-26,12.103811325231067,12.103811325231067,11.958201705880008,11.994604110717773,525500.0
2024-09-27,12.094710507046178,12.149314548253722,11.967301656163105,11.994604110717773,474700.0
2024-09-30,11.994603697114252,12.249420522191896,11.921798889949212,12.176615715026855,674400.0
2024-10-01,12.11291248601745,12.11291248601745,11.757988377884228,11.812591552734375,586800.0
2024-10-02,11.80349166702554,11.967302060377541,11.666981993346749,11.703384399414062,462800.0
2024-10-03,11.639680405771719,11.77618921154869,11.594177181212121,11.703384399414062,459000.0
2024-10-04,11.85809391628651,11.92179877285655,11.757987524393236,11.821691513061523,507200.0
2024-10-07,11.73978538761363,11.79438942407073,11.694283036451381,11.757987022399902,550200.0
2024-10-08,11.812591052668397,11.848994324896513,11.730686293860476,11.748887062072754,416600.0
2024-10-09,11.748885457700267,11.876294289394984,11.703382241530607,11.785287857055664,392700.0
2024-10-10,11.767087646127031,11.803490047198737,11.639678808425202,11.739785194396973,551300.0
2024-10-11,11.776188557456312,12.140213465812,11.776188557456312,12.076509475708008,937300.0
2024-10-14,12.07650952265367,12.240319907543835,11.9946038962577,12.203917503356934,398800.0
2024-10-15,12.21301701712285,12.5315386706689,12.158412982722902,12.276721000671387,798900.0
2024-10-16,12.395030816294089,12.57704284418865,12.185717201190794,12.495137214660645,494100.0
2024-10-17,12.467834409162984,12.577041615228588,12.395029605119248,12.567941665649414,476100.0
2024-10-18,12.567940912739994,12.567940912739994,12.340425696757675,12.367727279663086,564100.0
2024-10-21,12.358628268003555,12.376829904533732,11.985503398152922,12.012804985046387,669600.0
2024-10-22,12.021905041686477,12.06740826222735,11.91269783312943,12.031005859375,679700.0
2024-10-23,11.985503031643642,12.103811061766608,11.958201445585042,12.076509475708008,582900.0
2024-10-24,12.06740885938436,12.140213668691812,11.87629601797685,12.103811264038086,532200.0
2024-10-25,12.15841359651983,12.167514414029542,11.867194379422887,11.894495964050293,801100.0
2024-10-28,11.994603452983057,12.322225078557521,11.98550263529722,12.267621040344238,822100.0
2024-10-29,12.103809613581502,12.294922428929166,12.103809613581502,12.249419212341309,370800.0
2024-10-30,12.18571522985931,12.50423601017097,12.18571522985931,12.249419212341309,434300.0
2024-10-31,12.267620586487425,12.313123805331418,12.076508629565735,12.094709396362305,441900.0
2024-11-01,12.149313626441016,12.258520832668363,12.058307187300699,12.112911224365234,853700.0
2024-11-04,12.103811528282304,12.112912346619867,11.912698682702517,12.021905899047852,448100.0
2024-11-05,12.040106155803345,12.222119043207092,12.021905387804033,12.194816589355469,437200.0
2024-11-06,13.004770168777938,13.978535049743485,13.004770168777938,13.905730247497559,2149500.0
2024-11-07,13.732818906783553,13.842026108940871,13.295989230252587,13.314190864562988,1031300.0
2024-11-08,13.249604362901973,13.489499923438872,13.240378287443551,13.397233009338379,711500.0
2024-11-11,13.618674597512161,13.969290981342684,13.5540867900099,13.80320930480957,965800.0
2024-11-12,13.77552976469475,13.978517509328393,13.544861153122131,13.729395866394043,628000.0
2024-11-13,13.877023440096565,13.996971222003978,13.627901800697252,13.637127876281738,822900.0
2024-11-14,13.692489082397909,13.738622981233183,13.415686569317202,13.517180442810059,464600.0
2024-11-15,13.581768035888672,13.65558192087196,13.406459399105175,13.581768035888672,618000.0
2024-11-18,13.517180189154596,13.683261869872615,13.480273246765137,13.480273246765137,1096700.0
2024-11-19,13.221924026648466,13.434139595330446,12.96357544210294,13.314191818237305,413000.0
2024-11-20,13.28651041290678,13.388005155516455,13.212696534607476,13.34187126159668,473100.0
2024-11-21,13.461819903254291,13.646354610920826,13.369552109455578,13.498726844787598,504100.0
2024-11-22,13.544860310552203,13.803208893062077,13.498726415121293,13.775528907775879,534000.0
2024-11-25,13.886249854525591,14.227639275914589,13.858569868988882,13.867795944213867,802600.0
2024-11-26,13.775529509767473,13.849343393710253,13.646354772902157,13.692488670349121,406700.0
2024-11-27,13.79398228413912,13.867796166708532,13.618674533019494,13.6555814743042,409400.0
2024-11-29,13.720168593414652,13.793982477016177,13.461820000809306,13.54486083984375,364700.0
2024-12-02,13.590995129711683,13.664809900155607,13.397234327063451,13.526408195495605,617300.0
2024-12-03,13.51717910468701,13.590992983543925,13.369551346973182,13.388005256652832,518300.0
2024-12-04,13.314191731038692,13.507953388161551,13.277284790631047,13.471046447753906,522900.0
2024-12-05,13.51717884487837,13.600219676979012,13.332644151282954,13.35109806060791,321600.0
2024-12-06,13.406457926270928,13.434138790046827,13.2219232340857,13.304964065551758,355600.0
2024-12-09,13.40645866075006,13.41568561584753,13.157337032634464,13.166563987731934,663600.0
2024-12-10,13.212697283916,13.415685900716248,13.000482591753245,13.249604225158691,551400.0
2024-12-11,13.388004897017815,13.45259181929994,13.268057127114712,13.304964065551758,661400.0
2024-12-12,13.304964663321947,13.351098558423677,13.185016888029788,13.221923828125,530200.0
2024-12-13,13.221923828125,13.258830768220214,13.05584215773111,13.221923828125,479700.0
2024-12-16,13.19424381349561,13.323417663574219,13.111202978484584,13.323417663574219,588400.0
2024-12-17,13.194243513039034,13.507952935967687,13.009708817178309,13.037388801574707,1137300.0
2024-12-18,13.16656424279768,13.16656424279768,12.206982012412446,12.290022850036621,1476700.0
2024-12-19,12.548372088860194,12.668318985535398,12.14239486343489,12.15162181854248,1027200.0
2024-12-20,12.09626072852335,12.539144885686422,12.059353788753999,12.317703247070312,2300500.0
2024-12-23,12.271569819415076,12.400743673558559,12.225435922964879,12.290022850036621,595600.0
2024-12-24,12.326929038130318,12.39151684118713,12.216208221372568,12.38228988647461,283900.0
2024-12-26,12.280795870119315,12.419196669344766,12.234661977067223,12.39151668548584,290300.0
2024-12-27,12.34538302922175,12.428423862322097,12.114714439467825,12.225435256958008,408300.0
2024-12-30,12.206982589929908,12.225436501355404,12.050128742467841,12.160849571228027,393500.0
2024-12-31,12.234663225400253,12.243890180938283,12.096261532122512,12.170075416564941,414800.0
2025-01-02,12.290023432976197,12.326930375900742,11.957860946655273,11.957860946655273,502800.0
2025-01-03,12.031674579843862,12.133168450772303,11.745645118236935,12.123942375183105,597200.0
2025-01-06,12.12394163318718,12.216208542948698,12.003993858559436,12.059353828430176,606700.0
2025-01-07,12.059353209758333,12.160847949199207,11.782551614743467,11.93940544128418,654000.0
2025-01-08,11.874819213780526,11.967087004131832,11.77332534833878,11.902499198913574,360500.0
2025-01-10,11.699511716367935,11.736418657305684,11.40425530893506,11.588790893554688,847800.0
2025-01-13,11.533430796639937,11.708738557579252,11.505750809108664,11.699512481689453,661800.0
2025-01-14,11.77332501341308,12.03167358714407,11.736418074308654,12.022446632385254,536000.0
2025-01-15,12.308476693879468,12.34538363485342,11.994767255635447,12.14239501953125,602200.0
2025-01-16,12.09626071267164,12.170074592113613,12.0039938033346,12.114714622497559,618200.0
2025-01-17,12.234662811931567,12.290022783427052,12.031674196609398,12.14239501953125,579400.0
2025-01-21,12.206981503055571,12.363836216482678,12.170074563421597,12.216208457946777,497500.0
2025-01-22,12.114714521691473,12.17930144568306,12.003993703449819,12.068580627441406,722500.0
2025-01-23,12.031674831042345,12.225436501355404,12.031674831042345,12.160849571228027,856200.0
2025-01-24,12.225436269862222,12.345384052063899,12.01322157207296,12.170075416564941,761400.0
2025-01-27,12.465330960424247,12.520690929909783,12.142394578678827,12.216208457946777,933400.0
2025-01-28,12.142395209726958,12.308476886676642,12.003994398889484,12.0316743850708,680400.0
2025-01-29,11.99476788957982,12.13316870556414,11.856367073595502,11.957860946655273,680000.0
2025-01-30,12.096261056157905,12.170074937695901,11.911726352312913,11.994767189025879,585500.0
2025-01-31,11.976312505248027,12.253114983105103,11.976312505248027,12.188528060913086,1244700.0
2025-02-03,11.98242069158034,12.113581208833061,11.81378586846369,11.954315185546875,739700.0
2025-02-04,11.860627620946243,12.366531139118335,11.860627620946243,12.338425636291504,1075300.0
2025-02-05,12.375901355312212,12.404006861358013,12.235372931625278,12.394638061523438,470800.0
2025-02-06,12.404006325824243,12.582009941164308,12.329057717299339,12.544535636901855,611000.0
2025-02-07,12.525797144233422,12.553902647060253,12.2166339327648,12.338425636291504,572200.0
2025-02-10,12.347795261432417,12.385269565528779,12.188529245658412,12.216634750366211,584500.0
2025-02-11,12.141687097763224,12.441481554128897,12.141687097763224,12.432113647460938,368400.0
2025-02-12,12.282214761889295,12.33842666569056,12.113580837401296,12.132317543029785,545500.0
2025-02-13,12.21663517400446,12.282214985082742,12.113581057530315,12.26347827911377,547700.0
2025-02-14,12.272846653239695,12.413375070236578,12.179160446269849,12.216634750366211,516400.0
2025-02-18,12.207265853881836,12.319688765276714,12.122948446971208,12.207265853881836,392000.0
2025-02-19,12.122949115205598,12.169792220899993,11.935577585885946,11.954315185546875,1276800.0
2025-02-20,11.935576636418311,11.982419738386367,11.701362020035889,11.851259231567383,825100.0
2025-02-21,11.944945734640305,11.982420038461646,11.766943014853407,11.776310920715332,652600.0
2025-02-24,11.869997831647355,11.869997831647355,11.617045595743658,11.635783195495605,665200.0
2025-02-25,11.720100208978147,11.813785524178773,11.673257104648885,11.701362609863281,499300.0
2025-02-26,11.710730651447253,11.757573752744612,11.476516038418309,11.617044448852539,625900.0
2025-02-27,11.626413576924833,11.720099782171625,11.551464970110548,11.654519081115723,511100.0
2025-02-28,11.682626028438632,11.85125995497616,11.654519629467451,11.82315444946289,847100.0
2025-03-03,11.823153824861148,12.010525340814203,11.766942816804162,11.860628128051758,608500.0
2025-03-04,11.7482058534452,11.7482058534452,11.467148117596116,11.495254516601562,696300.0
2025-03-05,11.53272872460684,11.626414040128243,11.364093905827252,11.485885620117188,609400.0
2025-03-06,11.420305444997718,11.495254951724682,11.3172513251173,11.439043045043945,509300.0
2025-03-07,11.40156831597238,11.504622432034559,11.289145400234208,11.392199516296387,631300.0
2025-03-10,11.326619250514522,11.467147666178038,11.167353236251671,11.232933044433594,820600.0
2025-03-11,11.298514893950303,11.354725908543339,11.026825940862723,11.03619384765625,696100.0
2025-03-12,11.101773262023926,11.15798427006545,10.933138450983625,11.101773262023926,729400.0
2025-03-13,11.14861709721319,11.27977762420626,11.06430057285121,11.073668479919434,497600.0
2025-03-14,11.16735387430377,11.420305215642166,11.129879568421861,11.410937309265137,716600.0
2025-03-17,11.373462385526842,11.485885297065261,11.279776179182553,11.345355987548828,553700.0
2025-03-18,11.270407668690602,11.382830583110156,11.251670963016295,11.373462677001953,608900.0
2025-03-19,11.373462580003782,11.52335979795146,11.34535618154517,11.364093780517578,724700.0
2025-03-20,11.298514802186748,11.46714873805422,11.223565294241476,11.242302894592285,616900.0
2025-03-21,11.232933564721767,11.317250975408449,11.120510648292163,11.289145469665527,2360800.0
2025-03-24,11.382830716620395,11.44841142089443,11.298514199910201,11.392199516296387,523800.0
2025-03-25,11.46714852815565,11.48588612816348,11.326620101928711,11.326620101928711,561800.0
2025-03-26,11.364094010726323,11.504622432034559,11.326619705480265,11.392199516296387,396400.0
2025-03-27,11.401567263760452,11.467147068524437,11.307881062562332,11.382829666137695,506000.0
2025-03-28,11.410937528084103,11.410937528084103,11.157985288437102,11.223565101623535,455500.0
2025-03-31,11.120510421126951,11.335988343308768,11.073667316873694,11.261039733886719,923200.0
2025-04-01,11.214196858712459,11.335988574875675,11.092405142549241,11.289145469665527,779400.0
2025-04-02,11.204828085204001,11.401568412780762,11.167353779639758,11.401568412780762,674300.0
2025-04-03,11.045561295305758,11.064298893514206,10.745766871633469,10.773872375488281,1374800.0
2025-04-04,10.427235075329127,10.558395585252129,10.202389252710732,10.474078178405762,1531000.0
2025-04-07,10.202389543785142,10.923770135297962,10.099334535384807,10.399129867553711,1366800.0
2025-04-08,10.614606698819202,10.811347018914281,10.249231563368946,10.380392074584961,1153600.0
2025-04-09,10.211757932996147,11.05493117194627,10.108703813178462,10.783242225646973,1684900.0
2025-04-10,10.68018691618415,10.74576762102937,10.118072332597466,10.314812660217285,1255300.0
2025-04-11,10.183652154069422,10.342918176274516,10.071229237240756,10.21175765991211,997300.0
2025-04-14,10.352285286885648,10.380390788142432,10.080596392182665,10.342916488647461,882300.0
2025-04-15,10.34291705333155,10.614605962867719,10.34291705333155,10.511551856994629,772600.0
2025-04-16,10.539659099333775,10.633345315377708,10.492815991311808,10.605238914489746,866700.0
2025-04-17,10.595870381283666,10.717661204100033,10.595870381283666,10.642712593078613,928700.0
2025-04-21,10.539658546447754,10.60523835816356,10.44597233531838,10.539658546447754,786600.0
2025-04-22,10.661449887015268,10.886295713635644,10.520920575284112,10.82071590423584,870800.0
2025-04-23,11.08303703225616,11.214197556312069,10.876927892584865,10.93313980102539,933400.0
2025-04-24,10.895664571910434,11.064299389514742,10.820715962632496,11.045561790466309,702100.0
2025-04-25,11.008088111877441,11.01745691193448,10.8862963915098,11.008088111877441,887000.0
2025-04-28,11.026824655663317,11.111141167725604,10.933138450983625,11.101773262023926,811500.0
2025-04-29,11.851260159578342,11.926208771212927,11.476517101405417,11.738837242126465,1951600.0
2025-04-30,11.626412878785736,11.67325597859631,11.307880872223198,11.570201873779297,1069100.0
2025-05-01,11.56083425824047,11.701362678595808,11.439042543652157,11.598308563232422,1165700.0
2025-05-02,11.7107315339519,11.84189204877701,11.635782923611242,11.82315444946289,852400.0
2025-05-05,11.785679914209922,11.898102827526165,11.710731305332425,11.795048713684082,569700.0
2025-05-06,11.682625807357036,11.795048720740537,11.626413903936339,11.691993713378906,606500.0
2025-05-07,11.804417086290876,11.869996893322737,11.673256578769294,11.748205184936523,1086300.0
2025-05-08,11.881491208266054,11.986216475312162,11.75772646929287,11.919573783874512,649100.0
2025-05-09,11.91005302388707,11.91005302388707,11.79580802199095,11.852930068969727,506900.0
2025-05-12,12.13854317254249,12.300390487478143,12.052859193113195,12.062379837036133,835200.0
2025-05-13,12.129022414861547,12.138543058695193,12.02429805650716,12.071900367736816,738000.0
2025-05-14,12.014777956386963,12.043338981241822,11.938614618148268,11.957655906677246,655000.0
2025-05-15,11.957655477699538,12.081420216943433,11.957655477699538,12.062379837036133,462400.0
2025-05-16,12.043339048604585,12.081420717936936,11.94813532924301,12.024298667907715,559000.0
2025-05-19,11.938613809306615,12.100461119083333,11.88149085552837,12.090940475463867,818400.0
2025-05-20,12.062379267415588,12.100460933370439,12.005256314514043,12.033818244934082,784200.0
2025-05-21,11.938613903859423,12.052858904382173,11.719644546508789,11.719644546508789,719100.0
2025-05-22,11.662521475203299,11.78628711817849,11.624439808744667,11.653000831604004,564600.0
2025-05-23,11.462593371653668,11.624440693404631,11.45307272732982,11.586359024047852,553300.0
2025-05-27,11.681563624965227,11.814849013442922,11.567317709214898,11.805328369140625,607800.0
2025-05-28,11.776766360574639,11.843409049247477,11.643480075290427,11.662521362304688,538100.0
2025-05-29,11.691083068801579,11.881491410390154,11.605399088102073,11.757726669311523,466500.0
2025-05-30,11.719643930315302,11.757725595153968,11.643479692699463,11.691082000732422,490900.0
2025-06-02,11.662522477225535,11.681563766060117,11.491154509468801,11.576838493347168,582500.0
2025-06-03,11.50067405443762,11.719644315408932,11.462592388347636,11.662521362304688,770600.0
2025-06-04,11.672043121642826,11.710124791373365,11.510195798303382,11.576838493347168,629200.0
2025-06-05,11.567317281206574,11.605398949068064,11.462592921572114,11.548276901245117,607100.0
2025-06-06,11.72916435316332,11.824368974810364,11.576837684878896,11.786287307739258,615900.0
2025-06-09,11.843409697332199,11.919573941618498,11.79580829306882,11.833889961242676,759800.0
2025-06-10,11.90053294902892,12.024298600651454,11.843409991380591,11.957655906677246,481400.0
2025-06-11,11.976696059261887,12.071900684217107,11.862451054078775,11.900532722473145,674900.0
2025-06-12,11.852930026575878,11.948134648451411,11.719644645476405,11.929093360900879,579900.0
2025-06-13,11.7767670945697,11.98621672508797,11.653001445078838,11.681563377380371,557800.0
2025-06-16,11.805328395864674,11.986217006263333,11.557797999014923,11.586359024047852,675500.0
2025-06-17,11.538755342127013,11.624439315004201,11.453071369249825,11.472112655639648,527900.0
2025-06-18,11.434032009882138,11.624440351058398,11.424511365838677,11.538756370544434,568200.0
2025-06-20,11.62444041997471,11.653001444335828,11.538756438952761,11.605399131774902,1056400.0
2025-06-23,11.548276689275868,11.929093360900879,11.548276689275868,11.929093360900879,730800.0
2025-06-24,11.967175709939879,12.148064320222515,11.967175709939879,12.024298667907715,616000.0
2025-06-25,11.995736959389179,12.03381862655168,11.919573625064176,11.929093360900879,677500.0
2025-06-26,11.871971303671552,12.376553620114981,11.871971303671552,12.224226951599121,690800.0
2025-06-27,12.224226110335799,12.300389439352218,12.167103159604233,12.214705467224121,736500.0
2025-06-30,12.23374736456735,12.309910697388403,12.16710376739502,12.16710376739502,547800.0
2025-07-01,12.100461033934732,12.681206671557304,12.100461033934732,12.538400650024414,599200.0
2025-07-02,12.605044092919925,12.709769362383616,12.490799087272933,12.700248718261719,696500.0
2025-07-03,12.738330409709986,12.928738752797264,12.681207452814505,12.84305477142334,434700.0
2025-07-07,12.804972231969549,12.94777916052699,12.652645567859109,12.690727233886719,682500.0
2025-07-08,12.738329845460065,12.928738180113124,12.690727534812162,12.814493179321289,936900.0
2025-07-09,12.824014504438095,12.862096173392162,12.757370902814522,12.833534240722656,562600.0
2025-07-10,12.776411582899279,12.966819918603134,12.766890939129445,12.881135940551758,472900.0
2025-07-11,12.833533327606238,12.852574614697772,12.738329615964195,12.757369995117188,377500.0
2025-07-14,12.719288628218841,12.890656584321592,12.652645937707131,12.881135940551758,408900.0
2025-07-15,12.862095499182619,12.900177166140509,12.519359588623047,12.519359588623047,748600.0
2025-07-16,12.595523720601852,12.662167322954673,12.405115373747966,12.6050443649292,624400.0
2025-07-17,12.566961931669024,12.833533601060763,12.538400908361691,12.738329887390137,966500.0
2025-07-18,12.766890839297863,12.814493149836238,12.576482505082918,12.671687126159668,733600.0
2025-07-21,12.738329583923603,12.814492916221083,12.605043298433745,12.614563941955566,698500.0
2025-07-22,12.652645608104304,12.719288296879965,12.586002919328646,12.614563941955566,1224200.0
2025-07-23,12.652646266737042,12.671687554771875,12.376553945802078,12.490798950195312,977900.0
2025-07-24,12.462237757676585,12.462237757676585,12.109982105239574,12.138543128967285,1049300.0
2025-07-25,12.100462006572421,12.138543675904774,11.910053659910657,12.024298667907715,4897000.0
2025-07-28,12.02429805650716,12.109982035132827,11.919573698152773,12.071900367736816,1430000.0
2025-07-29,12.07190065991732,12.11950206436052,11.738685381183371,11.757726669311523,1484800.0
2025-07-30,12.090940699671004,12.195665965549988,11.386429401660397,11.414990425109863,2106100.0
2025-07-31,11.32930622836888,11.37690853849249,11.11033687291424,11.138897895812988,1709600.0
2025-08-01,11.072255206403064,11.19602084954903,10.948489563257096,11.138897895812988,1438000.0
2025-08-04,11.196020967005461,11.262663657114528,11.129377368957837,11.205541610717773,1094600.0
2025-08-05,11.176979336115316,11.234102288695256,11.05321369547422,11.157938957214355,893700.0
2025-08-06,11.148419152863099,11.176980177333405,11.081776459786184,11.091296195983887,886900.0
2025-08-07,11.186500982145233,11.186500982145233,11.024653661257831,11.08177661895752,1579400.0
2025-08-08,11.139896392822266,11.149583480965585,11.03334119468048,11.139896392822266,1252700.0
2025-08-11,11.14958381652832,11.198018334891046,11.062401868237734,11.14958381652832,884400.0
2025-08-12,11.198017925521219,11.653299979576781,11.198017925521219,11.643613815307617,1111000.0
2025-08-13,11.711421571827614,11.94390614264917,11.692047395686702,11.924532890319824,1031700.0
2025-08-14,11.769542746105783,11.84703760629554,11.730795316010903,11.798604011535645,824500.0
2025-08-15,11.827663869783676,11.876098386375764,11.624239639146154,11.643613815307617,1182600.0
2025-08-18,11.624239562349608,11.67267407862171,11.517684365600232,11.585492134094238,737500.0
2025-08-19,11.575805145699286,11.798603552943742,11.546744805210555,11.672674179077148,891400.0
2025-08-20,11.721109054949688,11.750169396328948,11.58549258882714,11.711421966552734,753600.0
2025-08-21,11.633927032481138,11.692047714867378,11.604865767476428,11.653300285339355,552900.0
2025-08-22,11.682361562176425,12.27326009403017,11.682361562176425,12.244199752807617,970700.0
2025-08-25,12.195764776571355,12.215138028721135,12.108582832368453,12.118269920349121,649300.0
2025-08-26,12.07952289436599,12.273260041371094,12.069835806062837,12.21513843536377,627100.0
2025-08-27,12.20545239019053,12.331380844116211,12.20545239019053,12.331380844116211,736200.0
2025-08-28,12.360442666186673,12.370129755020958,12.176391673581806,12.234513282775879,621900.0
2025-08-29,12.244200058064749,12.34106817249212,12.224825880892306,12.253886222839355,558200.0
2025-09-02,12.157018419724874,12.234513282775879,12.021401947479795,12.234513282775879,678900.0
2025-09-03,12.186078406748738,12.341068128327162,12.108583545959526,12.195765495300293,744600.0
2025-09-04,12.273260308537006,12.447624206542969,12.186078359534024,12.447624206542969,883100.0
2025-09-05,12.496057969231723,12.621987350169608,12.234513042523517,12.312007904052734,902800.0
2025-09-08,12.302319886309634,12.389501829898732,12.166704350781304,12.34106731414795,845000.0
2025-09-09,12.273259578477212,12.350754434356485,12.060148262903434,12.089208602905273,622900.0
2025-09-10,12.089208938404695,12.176390884641236,12.031088256788053,12.098896026611328,501000.0
2025-09-11,12.098896243419972,12.312007568726901,12.060148813710676,12.30232048034668,793500.0
2025-09-12,12.273259972541233,12.28294706079006,12.089208991059872,12.127957344055176,658700.0
2025-09-15,12.14733145961799,12.21513923455328,12.0214020748727,12.040776252746582,574700.0
2025-09-16,12.002027747260342,12.09889585653021,11.817976769167936,11.924532890319824,688200.0
2025-09-17,11.934219077910566,12.282946858636242,11.914845825543344,11.953593254089355,1025300.0
2025-09-18,11.953593706727803,12.408876702242008,11.934219529815385,12.38950252532959,1200600.0
2025-09-19,12.370128713007565,12.370128713007565,12.108582879383336,12.176390647888184,3151300.0
2025-09-22,12.137643672008489,12.186078190093536,11.934219435100566,11.992341041564941,915900.0
2025-09-23,12.002028486849966,12.2345130719977,12.002028486849966,12.031088829040527,708000.0
2025-09-24,12.021400834963798,12.147330206720506,12.011713747026,12.089208602905273,721600.0
2025-09-25,12.098896003594835,12.10858309178304,12.011714057524145,12.069835662841797,642500.0
2025-09-26,12.108583167557525,12.195765114173792,12.060148650124978,12.127957344055176,561800.0
2025-09-29,12.127958205555755,12.127958205555755,11.934220122063527,12.040776252746582,636100.0
2025-09-30,12.040775896059285,12.09889658033591,11.90515942639446,12.002028465270996,680400.0
2025-10-01,11.895471626108456,11.98265357111943,11.856724197638195,11.924532890319824,622700.0
2025-10-02,11.914846442097224,11.992341303199352,11.85672483436482,11.943906784057617,586400.0
2025-10-03,11.97296601587933,12.18607732605621,11.97296601587933,12.079522132873535,638400.0
2025-10-06,12.157018042996665,12.399189713479421,12.069836093813015,12.166705131530762,1142000.0
2025-10-07,12.176390861477321,12.312007324677458,12.050461486465387,12.069835662841797,924300.0
2025-10-08,12.079523108703869,12.157017968880973,12.011714413190202,12.108583450317383,741000.0
2025-10-09,12.098895384446962,12.10858247213944,11.9535927643059,12.079522132873535,671900.0
2025-10-10,12.195765300661208,12.350755019766064,11.711421966552734,11.711421966552734,973400.0
2025-10-13,11.769543363534298,11.885786583728642,11.672675245121216,11.788917541503906,648900.0
2025-10-14,11.7598570358481,12.350755598580548,11.730795769295295,12.26357364654541,724900.0
2025-10-15,12.26357254481292,12.302319972924037,12.040775064126887,12.118269920349121,634200.0
2025-10-16,12.031088891268245,12.060149233609115,11.41112907052275,11.469250679016113,1174000.0
2025-10-17,11.585492920256623,11.740482643795314,11.517685147161352,11.721109390258789,870200.0
2025-10-20,11.759856441269111,11.982653930706128,11.692047746552618,11.96328067779541,786600.0
2025-10-21,11.924533552408807,12.040775844273737,11.885786121787163,11.972967147827148,449600.0
2025-10-22,12.002028107428439,12.098896219605214,11.934219412711943,11.96328067779541,706700.0
2025-10-23,11.96328026525416,11.98265351749681,11.750168947715625,11.895471572875977,595500.0
2025-10-24,11.992340594598645,12.205451911943028,11.982653506580363,12.176390647888184,665100.0
2025-10-27,12.166704436440906,12.224825116701803,12.089208656407116,12.118269920349121,693000.0
2025-10-28,11.847037145821107,11.943906179198969,11.40144217895533,11.672674179077148,2081900.0
2025-10-29,11.546744453634593,11.662986735861734,11.246451198355821,11.353007316589355,2072900.0
2025-10-30,11.314260882679944,11.469250605925705,11.28519961671265,11.411128997802734,1232700.0
2025-10-31,11.323946669892178,11.430502793928913,11.275513075851762,11.343320846557617,941300.0
2025-11-03,11.323946509356363,11.488623313431663,11.178643881671839,11.478937149047852,1011000.0
2025-11-04,11.459563210526603,11.459563210526603,11.294886403033058,11.401442527770996,883800.0
2025-11-05,11.43050244423077,11.672674102270356,11.3917550158969,11.61455249786377,791500.0
2025-11-06,11.525892923595611,11.6145537901551,11.447083473205566,11.447083473205566,789100.0
2025-11-07,11.47663619886924,11.59485130792814,11.397826752485111,11.545595169067383,815200.0
2025-11-10,11.555445856090142,11.713065691216984,11.496339239964959,11.60470199584961,718700.0
2025-11-11,11.634256362915039,11.722916288013627,11.555445974800627,11.634256362915039,520800.0
2025-11-12,11.644106904612844,11.821428634768854,11.644106904612844,11.653958320617676,836300.0
2025-11-13,11.575148542494803,11.722916020435694,11.486487679937182,11.56529712677002,739300.0
2025-11-14,11.53574393835829,11.61455338600602,11.407678351060051,11.59485149383545,759000.0
2025-11-17,11.565297701293188,11.604702426667094,11.161399031339961,11.200803756713867,1009100.0
2025-11-18,11.161398451194264,11.38797631492926,11.161398451194264,11.299315452575684,1053100.0
2025-11-19,11.299315934463745,11.35842255223174,11.082589477188009,11.171250343322754,789000.0
2025-11-20,11.269761540238683,11.397827129722192,11.112142642253668,11.131845474243164,696200.0
2025-11-21,11.181101385471422,11.693362793419064,11.171249969678673,11.585000038146973,1158200.0
2025-11-24,11.584999958219585,11.644106573602857,11.496339095661966,11.56529712677002,780600.0
2025-11-25,11.644107178538665,12.097261991111177,11.644107178538665,11.988899230957031,1281400.0
2025-11-26,11.910089307776866,12.018452063634266,11.850981752183824,11.860833168029785,1626100.0
2025-11-28,11.831279568403815,11.870684291333843,11.75247012254376,11.782023429870605,565100.0
2025-12-01,11.683511440733383,11.939642615832025,11.683511440733383,11.860833168029785,641500.0
2025-12-02,11.910089161733477,12.087410886855533,11.81157688344729,12.077559471130371,1244800.0
2025-12-03,12.14651731891987,12.353392348612436,12.087410704426393,12.28443431854248,960800.0
2025-12-04,12.235178658014059,12.30413669077732,12.136666377367057,12.15636920928955,746200.0
2025-12-05,12.067708681884184,12.12681623982093,11.959345921730039,11.988899230957031,622900.0
2025-12-08,12.067708095303384,12.195773681705754,12.028303371755172,12.087410926818848,1102700.0
2025-12-09,12.067708240125423,12.254880444354969,12.03815493198028,12.126815795898438,918400.0
2025-12-10,12.126815533594396,12.619375042945412,12.126815533594396,12.57011890411377,1359800.0
2025-12-11,12.560267554155905,12.717886447655529,12.520862830780999,12.589820861816406,796400.0
2025-12-12,12.63907685417172,12.668630161489121,12.442053239584546,12.550415992736816,707800.0
2025-12-15,12.609523693245215,12.668630308566218,12.5504161384415,12.589820861816406,872500.0
2025-12-16,12.619375816723753,12.619375816723753,12.471607391168153,12.52086353302002,824800.0
2025-12-17,12.481458042113353,12.708034965463122,12.451904734607451,12.57011890411377,771300.0
2025-12-18,12.639076975002112,12.688333113990472,12.530714220813886,12.579970359802246,756800.0
2025-12-19,12.511011748309672,12.589821197158651,12.36324426658852,12.422350883483887,1812800.0
2025-12-22,12.40264851316098,12.57011882038341,12.274582928844843,12.29428482055664,758800.0
2025-12-23,12.245030113959876,12.333690978935143,12.126815940487102,12.166220664978027,905100.0
2025-12-24,12.146517608283432,12.215475639996159,12.087410992381871,12.107112884521484,459500.0
2025-12-26,12.067708015441895,12.136666046324239,12.04800518405682,12.067708015441895,432500.0
2025-12-29,12.087410766573461,12.116964073972147,11.98889848926757,12.048005104064941,614100.0
2025-12-30,12.067708431032404,12.067708431032404,11.919940948486328,11.919940948486328,642100.0
2025-12-31,11.91994057723453,11.959345300651723,11.801725467500242,11.821428298950195,580600.0
2026-01-02,11.831279634548016,11.890386249532149,11.663809326288462,11.801725387573242,679400.0
2026-01-05,11.772172629681123,12.136666570709195,11.74261932080932,11.949494361877441,728800.0
2026-01-06,11.919940353719426,12.04800499781188,11.821428077282327,12.018451690673828,717200.0
2026-01-07,12.028303626221048,12.038155042187192,11.8017257564134,11.900238037109375,634900.0
2026-01-08,11.831280201806278,12.284435009503156,11.831280201806278,12.215476036071777,712500.0
2026-01-09,12.18592210439665,12.313987689101227,12.008600381039127,12.048005104064941,857300.0
2026-01-12,11.929791345525073,12.038155042187192,11.850981896761388,11.900238037109375,643900.0
2026-01-13,11.959345219657246,11.969195695832797,11.782023495739434,11.801725387573242,882400.0
2026-01-14,11.772172629681123,11.998750502985613,11.752470736927505,11.949494361877441,801600.0
2026-01-15,11.959345729390114,12.274583528028817,11.919941004560275,12.19577407836914,823700.0
2026-01-16,12.156368984022446,12.205625123433192,12.087410952537033,12.097261428833008,910900.0
2026-01-20,11.998750233288964,12.245029993811428,11.939642677391172,12.136666297912598,1080700.0
2026-01-21,12.245030264608916,12.727738380432129,12.2056255396332,12.727738380432129,1487200.0
2026-01-22,12.7178865685139,12.87550546351138,12.619375228881836,12.619375228881836,1377900.0
2026-01-23,12.570118861341303,12.629225476151987,12.264731553210428,12.304136276245117,1021000.0
2026-01-26,12.304136892101488,12.501160517136519,12.235178858209913,12.471607208251953,1029500.0
2026-01-27,12.461755210787613,12.816398658789277,12.43220190328171,12.57011890411377,1486200.0
2026-01-28,12.589820983425266,12.639077122990358,12.36324405670166,12.36324405670166,1102400.0
2026-01-29,12.382945868513952,12.609523733250542,12.382945868513952,12.599672317504883,1643100.0
2026-01-30,12.629225954818887,12.727738235880729,12.511011781234318,12.688333511352539,1752400.0
2026-02-02,12.747439755814112,12.993719511787576,12.67848172477601,12.845952033996582,1174100.0
2026-02-03,12.865655520164818,13.13163718162107,12.786845129918522,13.023274421691895,1400200.0
2026-02-04,13.08238087162004,13.387768194009716,13.052827562834828,13.239999771118164,1632600.0
2026-02-05,13.260000228881836,13.329999923706055,13.069999694824219,13.239999771118164,1192000.0
2026-02-06,13.329999923706055,13.470000267028809,13.289999961853027,13.34000015258789,1025700.0
2026-02-09,13.369999885559082,13.449999809265137,13.279999732971191,13.3100004196167,738300.0
2026-02-10,13.270000457763672,13.380000114440918,13.079999923706055,13.15999984741211,974200.0
2026-02-11,13.229999542236328,13.359999656677246,12.9399995803833,13.010000228881836,992100.0
2026-02-12,13.119999885559082,13.170000076293945,12.729999542236328,12.930000305175781,1208140.0
