Date,Open,High,Low,Close,Volume
2013-09-16,25.47858489904221,26.27479067713728,24.961051447008817,25.024747848510742,2300.0
2013-09-17,24.5390625,24.5390625,24.5390625,24.5390625,100.0
2013-09-18,24.762003138251764,24.88939595738816,23.949872777275584,24.355937957763672,2800.0
2013-09-19,24.125034490407764,24.172807930558452,23.488070474818635,23.49603271484375,12100.0
2013-09-20,23.56769172687039,23.718971252441406,23.408449961149106,23.718971252441406,16800.0
2013-09-23,23.726927696579757,24.045411170607743,23.71100473779176,23.88616943359375,13900.0
2013-09-24,23.886174136757276,24.085225587896918,23.846364453986165,24.029491424560547,14100.0
2013-09-25,24.069299964057496,24.6823787689209,23.886173002181515,24.6823787689209,9400.0
2013-09-26,24.43554957501339,27.40539449309461,24.284270090215347,27.07098960876465,7900.0
2013-09-27,26.81621083418396,28.49620551098772,26.808247075528435,28.066253662109375,243300.0
2013-09-30,28.663403320312497,29.857711791992188,26.314596051885747,26.87194061279297,955200.0
2013-10-01,26.688814179818074,28.010515458489948,25.096402854320218,26.91175079345703,1483500.0
2013-10-02,26.704749740291646,27.46910676479855,26.203139114146875,26.394229888916016,633700.0
2013-10-03,26.871944505493946,26.903793464967123,26.330524343585722,26.82417106628418,678800.0
2013-10-04,26.21905099115127,26.66492722635811,25.70151612952339,26.083694458007812,686900.0
2013-10-07,25.621900431498908,26.314598560674394,25.47858315825104,26.147396087646484,837800.0
2013-10-08,25.613938090367952,26.35440969735085,24.817733841267806,25.86872673034668,772000.0
2013-10-09,25.62190040680804,26.346447493181238,25.112329230099483,26.163320541381836,394500.0
2013-10-10,26.219539700269237,26.781671305682977,25.994683994716247,26.7254581451416,536700.0
2013-10-11,26.38014299053707,26.82985127024832,25.978618725455,26.669240951538086,577900.0
2013-10-14,26.677278794921833,27.102893625647948,26.428332595096315,26.950315475463867,385300.0
2013-10-15,26.741516431633258,27.094859758552285,26.259688521054592,26.918188095092773,809000.0
2013-10-16,26.773649418837493,27.00653432609411,26.53273537078059,26.829862594604492,360100.0
2013-10-17,26.58090900039237,27.038646484284392,26.500605361017005,26.88606834411621,208100.0
2013-10-18,27.102893625647948,27.102893625647948,26.629094770101116,26.950315475463867,314400.0
2013-10-21,26.95031531203723,27.32774611565389,26.902131287508702,27.207290649414062,311700.0
2013-10-22,27.223347829750832,27.552597621899782,27.078798841647668,27.504413604736328,215700.0
2013-10-23,27.255467976725832,27.962151591987517,27.255467976725832,27.833663940429688,119000.0
2013-10-24,27.77745122788013,28.106701031716174,27.464262763668692,28.042455673217773,82600.0
2013-10-25,28.106700323761313,28.315491606847445,27.865786362235088,28.251249313354492,85000.0
2013-10-28,28.146847205622176,29.038231464046856,28.106695396304794,28.990047454833984,325200.0
2013-10-29,28.893682499794924,29.367481201868102,28.612616771186552,28.990047454833984,223600.0
2013-10-30,29.632489007715286,29.68066995411097,28.411854997041452,29.166719436645508,225600.0
2013-10-31,29.022171533550136,29.712793715456698,27.512439535665102,28.307458877563477,581300.0
2013-11-01,28.10669511687516,28.620645623156154,27.793506718571845,28.46003532409668,251500.0
2013-11-04,28.508222362839632,28.668832678969647,27.416075889219915,28.54837417602539,259500.0
2013-11-05,28.355638005670592,28.829436649097644,27.817594024578572,28.5965518951416,269200.0
2013-11-06,28.63670717387352,28.8535306197197,28.21912161854607,28.419883728027344,141300.0
2013-11-07,28.604579811595087,29.447779920501524,27.841683307961198,29.022165298461914,404300.0
2013-11-08,28.9980875891628,29.15066573167184,28.54035009824815,29.070362091064453,168900.0
2013-11-11,28.97398774630209,29.40763155418634,28.97398774630209,29.28717613220215,139300.0
2013-11-12,29.230969723672768,29.576280860344756,28.97399442150579,29.447790145874023,149400.0
2013-11-13,29.166718301344584,31.005699914070902,29.166718301344584,30.820999145507812,258400.0
2013-11-14,30.901307050795168,32.02557621756792,30.162503874003438,31.029794692993164,342400.0
2013-11-15,31.246624586893002,31.334960433448217,30.796916215060854,31.102075576782227,216200.0
2013-11-18,31.06191065415627,31.246611408423995,30.371288577876566,30.70857048034668,196000.0
2013-11-19,30.588122161492578,31.029798291304637,30.39538914415215,30.780855178833008,118900.0
2013-11-20,30.515847440157305,31.02979806479692,30.242810787894086,31.013736724853516,163700.0
2013-11-21,30.92540328711827,31.375111650275514,30.130386810232604,31.342988967895508,191200.0
2013-11-22,31.07799633658563,31.238606746286166,30.515861434328148,31.045873641967773,165900.0
2013-11-25,30.98963050136521,30.98963050136521,30.130369162985755,30.901294708251953,188800.0
2013-11-26,30.72464197113181,30.95752682977707,29.34340028767196,29.367490768432617,560400.0
2013-11-27,29.47188108291735,30.202655108281554,29.247025415845076,30.034015655517578,130000.0
2013-11-29,29.5040153008842,30.242818752525213,29.5040153008842,29.592348098754883,68400.0
2013-12-02,29.36748770225821,30.178568521578008,28.93384071351618,29.56022071838379,131500.0
2013-12-03,29.198846691220187,29.198846691220187,27.560626862217386,27.91396713256836,630500.0
2013-12-04,27.905942975396382,28.162918320314624,26.243632372724367,27.215320587158203,666600.0
2013-12-05,27.271527653200913,27.809571767370585,27.022584566642358,27.697145462036133,643900.0
2013-12-06,27.905935388579486,27.994271213764378,27.528501613112006,27.64896011352539,471500.0
2013-12-09,27.464260344290874,27.528502633742747,26.61302779949756,26.669240951538086,429600.0
2013-12-10,26.548794448897493,27.79351947706745,26.524700901777205,27.656999588012695,666400.0
2013-12-11,27.657004878924756,28.81339733350372,27.183205873426683,28.62869644165039,476700.0
2013-12-12,28.588534369566542,28.636718397546158,27.375932100931035,27.930034637451172,461500.0
2013-12-13,26.540758257484033,27.448204123501323,25.93847174757114,27.070770263671875,1223600.0
2013-12-16,26.83788638533046,26.902131752478898,25.40042999264896,25.721649169921875,717100.0
2013-12-17,25.633307126928045,26.050891165665107,25.577093979311137,25.785886764526367,620600.0
2013-12-18,25.77785571499299,26.139228153936937,24.790107955830965,24.84632110595703,547600.0
2013-12-19,24.91859678086316,25.13541872286542,24.284187698203656,24.95071792602539,908900.0
2013-12-20,24.8623833633539,25.3281530113369,24.244037119304856,25.27193832397461,1697100.0
2013-12-23,25.247846767416565,26.107106936652055,25.22375475957698,25.38436508178711,396000.0
2013-12-24,25.33618214926647,25.858164952918145,24.958749867138497,25.27193832397461,128700.0
2013-12-26,25.26390999159738,25.922409644682276,24.94269083542106,25.777860641479492,147400.0
2013-12-27,25.705584545169874,26.275751383936953,25.448610767864565,25.858165740966797,197200.0
2013-12-30,25.745732978890313,26.339987083365543,25.496786870407334,26.04286003112793,324400.0
2013-12-31,25.962563736390766,26.813793325526582,25.962563736390766,26.55681800842285,236100.0
2014-01-02,26.516663286971884,26.661212269943693,26.09907767654078,26.211503982543945,166200.0
2014-01-03,26.605003622300792,27.078802465967772,26.211508421267155,27.070770263671875,259700.0
2014-01-06,26.950309319253403,27.13501011046043,26.500601047149136,27.03061294555664,598200.0
2014-01-07,26.974395554283568,27.857747558310418,26.661207172190167,27.74532127380371,270300.0
2014-01-08,27.65698782737377,28.16290921433291,27.13500816701368,28.138818740844727,510200.0
2014-01-09,28.138817690964448,28.757165348979772,28.10669501858755,28.62064552307129,469400.0
2014-01-10,28.427906939745125,29.03822221171239,28.427906939745125,28.973979949951172,409200.0
2014-01-13,28.739281262214078,29.540518604719615,28.739281262214078,29.26534652709961,307400.0
2014-01-14,29.135856857040153,29.83997253329494,28.852592816979744,29.75904083251953,279600.0
2014-01-15,29.912809350430063,30.42268765962665,29.77522485520426,29.98564910888672,414400.0
2014-01-16,29.929004371876164,30.13943176961183,29.726671998009493,30.026123046875,413900.0
2014-01-17,29.896623150278536,30.244634995331772,29.629546087415736,29.856157302856445,165100.0
2014-01-21,29.742857334171752,30.479347011333562,29.742857334171752,30.4307861328125,446800.0
2014-01-22,30.422690725638983,30.77879453212305,30.366037917501664,30.76260757446289,309500.0
2014-01-23,30.544088697056726,30.973032231879408,30.001836468507957,30.964937210083008,335000.0
2014-01-24,31.847122403748507,31.847122403748507,29.993759740409963,30.43889045715332,290100.0
2014-01-27,30.36603668231436,30.36603668231436,29.313909175972793,29.629547119140625,405300.0
2014-01-28,29.548606604237538,30.098950686191383,29.540514670978997,29.77522087097168,182300.0
2014-01-29,29.59717032100631,29.89662127799206,29.54051752069403,29.71047592163086,260400.0
2014-01-30,29.929002650963433,30.519812778200983,29.864257900469358,30.14752197265625,237500.0
2014-01-31,29.945185652903348,30.07467822412475,29.848066996323904,29.953277587890625,243000.0
2014-02-03,29.945186238244116,30.02611793908456,28.852592840165695,29.1115779876709,581100.0
2014-02-04,29.135852231723383,29.67000939914447,28.90114601444924,29.548608779907227,339800.0
2014-02-05,29.54051986177981,29.79950499440223,29.103481292724613,29.10348129272461,259600.0
2014-02-06,28.99827736666308,29.678111180459357,28.78784996847631,29.095396041870117,129100.0
2014-02-07,29.103487482099162,29.94519088579839,28.89306317484784,29.556713104248047,173300.0
2014-02-10,29.556713646061773,29.977565355626155,29.402942152841856,29.864259719848633,209300.0
2014-02-11,29.96946828906693,30.301293237233264,29.920910498384472,30.098960876464844,141800.0
2014-02-12,30.018016606640053,30.147509139854332,29.66191291213717,29.734752655029297,112600.0
2014-02-13,29.74285184995388,30.301287956916518,29.7185729588435,30.12323760986328,127000.0
2014-02-14,30.02611282791115,30.204166244266897,29.9128072310833,29.920902252197266,80800.0
2014-02-18,29.767134324620656,30.07468036087699,29.44340441723994,30.001840591430664,155100.0
2014-02-19,29.815692030357226,30.341757319027057,29.475772113295378,29.589080810546875,129400.0
2014-02-20,29.5809841223182,30.41459536759541,29.451491562956612,30.374126434326172,128400.0
2014-02-21,30.29319120805628,30.568363250512533,29.799499918295442,30.204164505004883,109000.0
2014-02-24,30.082783387720546,30.584570023287345,29.46769417577606,29.605281829833984,171100.0
2014-02-25,29.556709651513675,30.236546461646828,29.39484315627309,29.81569480895996,139600.0
2014-02-26,29.807594023776897,30.495522565123533,29.791407070324006,30.050392150878906,110200.0
2014-02-27,30.001842080822527,30.23654835928414,29.88044142993637,29.88853645324707,91200.0
2014-02-28,29.823785637614,30.56027523064722,29.7590408943285,30.187984466552734,170400.0
2014-03-03,29.953276382123935,30.754513756853274,29.419119161419808,30.68976593017578,173000.0
2014-03-04,30.754526311700992,31.3615235415372,30.754526311700992,31.159191131591797,167800.0
2014-03-05,30.851627676062314,30.851627676062314,29.686194760792553,30.390310287475586,308300.0
2014-03-06,30.382224784623517,30.90019507881917,30.14751853027034,30.406503677368164,210100.0
2014-03-07,30.42269032725403,31.03777927355311,30.147518225327655,30.576461791992188,274400.0
2014-03-10,30.382231332393626,30.973041519497055,30.325578512215706,30.6169376373291,222800.0
2014-03-11,30.60075209566071,30.60075209566071,29.807609489032323,29.89663314819336,207500.0
2014-03-12,29.710478186037818,29.880436599928156,28.561232049431183,28.674537658691406,285900.0
2014-03-13,28.642164456169297,28.795939004563984,27.881395998438066,28.043262481689453,289300.0
2014-03-14,27.74380898374419,29.289627910598572,27.74380898374419,28.366992950439453,411600.0
2014-03-17,28.366986815129373,29.524327776200227,28.172749543077995,29.411022186279297,126900.0
2014-03-18,29.516234584056996,30.13132336911383,29.516234584056996,29.93708610534668,176000.0
2014-03-19,29.896620595218266,30.10704792358336,29.475769025834076,29.548608779907227,79400.0
2014-03-20,29.73475900880527,30.00183606491555,29.47577079969013,29.98564910888672,123900.0
2014-03-21,30.050384538534413,31.094416529334087,30.00182369047714,30.196063995361328,413200.0
2014-03-24,30.422695239243584,30.511721975909502,29.686205536844078,30.277015686035156,193300.0
2014-03-25,30.252743926086758,30.43888937968676,29.038749421205964,29.68621253967285,247700.0
2014-03-26,29.742861005743187,30.04231207522134,29.467688834849227,29.79142189025879,119900.0
2014-03-27,28.820221802988605,29.524337550124912,28.666447233750162,29.47577667236328,203600.0
2014-03-28,29.459602237230435,30.463169333668457,29.32201458317251,29.605281829833984,251200.0
2014-03-31,29.61336693413757,30.43078838190191,29.516248257264408,30.26082992553711,192200.0
2014-04-01,30.147521644545243,30.28510616743952,29.176325698929457,29.38675308227539,301300.0
2014-04-02,29.289613023778106,29.669998610887195,28.5288449369048,29.419105529785156,273500.0
2014-04-03,29.257252787778327,29.378650319407416,28.545042203639593,28.828306198120117,538600.0
2014-04-04,28.820222169112963,29.11967320074686,27.970426865242977,28.3022518157959,234400.0
2014-04-07,27.573849304712695,29.014454486472086,27.549570413398733,28.674537658691406,439800.0
2014-04-08,28.593606049506523,29.29772168586458,28.464110395849,29.10348129272461,239400.0
2014-04-09,29.394846864085125,31.839022297216548,29.394846864085125,31.5881290435791,1017600.0
2014-04-10,30.633123610153554,31.806652127897376,30.625031672722432,31.377708435058594,509100.0
2014-04-11,30.94563417963461,31.72824169273718,30.61954927074478,30.79889488220215,215900.0
2014-04-14,30.921182146704698,31.90759400505682,30.921182146704698,31.320636749267578,237200.0
2014-04-15,31.230957343073953,31.769000317286256,30.807044225542235,31.614107131958008,218500.0
2014-04-16,31.65486646970075,31.793451818253416,31.361387955348075,31.508127212524414,174500.0
2014-04-17,31.43476324583039,31.948347628647205,31.32063027317668,31.817913055419922,164600.0
2014-04-21,31.70378181607811,32.29888972495243,31.33693362298972,31.858675003051758,216100.0
2014-04-22,31.89944884875923,32.404882625249954,31.874990218901793,32.3559684753418,212300.0
2014-04-23,32.25812669258975,32.600519346215506,32.10323662892876,32.3885612487793,174600.0
2014-04-24,32.42118261965032,32.55976802616133,31.785314312493895,31.989118576049805,224400.0
2014-04-25,31.989120411261247,32.437489194845845,31.80977165390483,32.13585662841797,137200.0
2014-04-28,32.11955637890088,32.34781618167633,31.157599910337822,31.834228515625,314600.0
2014-04-29,31.85052938941359,31.997268704870102,31.263572127587544,31.394006729125977,174300.0
2014-04-30,31.703790288391666,31.83422489081232,31.206507394848487,31.79346466064453,237200.0
2014-05-01,31.80160662647688,32.07878046833203,31.516281984775414,31.614107131958008,162700.0
2014-05-02,31.62227179446509,31.85053158544385,31.173903015125486,31.190204620361328,166900.0
2014-05-05,31.108675744166344,31.14943596584852,30.741827529415623,30.774436950683594,238500.0
2014-05-06,30.61138280778163,30.953775397995624,30.407578657117565,30.945621490478516,230000.0
2014-05-07,30.831504452186312,30.953788237228306,30.383135756708718,30.91302490234375,288200.0
2014-05-08,30.766291280522502,30.978246334496482,29.845095189829927,29.869550704956055,254300.0
2014-05-09,29.796174925647126,30.6766106069014,29.730959195446133,30.603240966796875,175900.0
2014-05-12,30.66031302757794,31.426615917040227,30.521724515235398,30.57063865661621,208400.0
2014-05-13,30.603242179611016,31.084220259400738,30.570632758315476,30.61954689025879,116400.0
2014-05-14,30.611390546633,31.076063878836553,30.383130835320472,30.578781127929688,131100.0
2014-05-15,30.578784947435253,30.749982862108805,30.16302569135541,30.586938858032227,148700.0
2014-05-16,30.423892476457286,30.595087267946973,29.80432904114941,30.236392974853516,134200.0
2014-05-19,30.097803625331913,30.668456023637166,30.04889260620643,30.29345703125,175800.0
2014-05-20,30.260845536197174,30.260845536197174,29.559758618639915,30.016281127929688,136500.0
2014-05-21,30.081500979753308,31.182042409093313,30.081500979753308,30.554325103759766,263200.0
2014-05-22,30.63584622686668,30.937475546425667,30.285302783944733,30.847801208496094,177800.0
2014-05-23,30.701067088075725,31.239110095925373,30.448348739765454,31.141284942626953,104400.0
2014-05-27,31.02716880313815,31.997276184487664,30.95379912825915,31.59781837463379,161400.0
2014-05-28,31.59780017354948,32.03801796924756,31.247259828610417,31.866823196411133,180500.0
2014-05-29,31.83422513723734,31.85052985139191,31.29618200936144,31.58966064453125,166900.0
2014-05-30,31.581499093531384,31.826063502999492,31.410301208079037,31.573345184326172,148300.0
2014-06-02,31.565198922168747,31.75269843337268,31.30432976659757,31.40215492248535,117200.0
2014-06-03,31.36138283240322,31.475512656051485,30.95377454234258,31.002685546875,229500.0
2014-06-04,30.896724903322248,32.11955037796868,30.896724903322248,32.046180725097656,214900.0
2014-06-05,32.02171534249227,32.19291323626261,31.61410693697254,31.980955123901367,186200.0
2014-06-06,32.14400092615174,33.61139064705802,32.14400092615174,32.779869079589844,503600.0
2014-06-09,32.69019705886401,32.85324106388145,31.508135019550494,32.38041687011719,488700.0
2014-06-10,33.42389998460269,35.176617935034876,32.779877750740965,35.021724700927734,690100.0
2014-06-11,35.04617917105933,36.54617853148437,35.021720547108124,36.30976486206055,510700.0
2014-06-12,36.13856921424375,36.52987298061899,35.32335225684387,35.44563293457031,973200.0
2014-06-13,35.55976175450632,36.37497868768495,35.233676847118346,36.30160903930664,251000.0
2014-06-16,36.097814276491874,36.220098092472895,34.85053303663465,34.8749885559082,323900.0
2014-06-17,34.866840560939934,35.478253470475174,34.548906345550705,34.826080322265625,337100.0
2014-06-18,34.80158884861701,34.85050295474958,34.01083101319931,34.58963394165039,197200.0
2014-06-19,34.744549176655376,34.79346331830771,34.5733543455815,34.663028717041016,305200.0
2014-06-20,34.80161429791829,35.999984341162374,34.78530958395098,35.64944076538086,453100.0
2014-06-23,35.62498690593121,36.62770353800119,35.584226674020655,36.29346466064453,266500.0
2014-06-24,36.130417790253205,36.68476560822871,35.87769939653298,36.50541687011719,262700.0
2014-06-25,36.52172239089406,37.25541896319979,36.21193904816429,37.206504821777344,541700.0
2014-06-26,36.97822900775048,37.20648868242887,36.82333584867171,37.10050964355469,272400.0
2014-06-27,36.82333858999042,37.23094695929192,36.44833963658627,36.562469482421875,3334500.0
2014-06-30,36.521723154737636,36.67661638424517,35.91031036829737,35.99998474121094,383500.0
2014-07-01,36.01628461316104,37.18204508469468,36.01628461316104,36.69291305541992,485000.0
2014-07-02,36.54617691040039,36.75813194647129,36.407588413510865,36.54617691040039,331600.0
2014-07-03,36.55432554297701,37.24725865690036,36.55432554297701,37.06791305541992,247200.0
2014-07-07,37.01898475737397,37.01898475737397,36.24452838474851,36.440181732177734,462600.0
2014-07-08,36.42387702740826,36.635831969802496,36.179312675475074,36.440181732177734,522100.0
2014-07-09,36.3505218733255,36.61139103381798,35.144001228596345,35.861392974853516,429600.0
2014-07-10,35.127694727152,35.72280266356026,35.02171566428858,35.217369079589844,249200.0
2014-07-11,35.053267836740226,35.26660563031195,34.77428571893494,34.88916015625,232200.0
2014-07-14,35.069670447339284,35.16813377981388,34.618373652470524,35.10248947143555,179300.0
2014-07-15,35.14352856546612,35.619437414038515,35.06968026291771,35.36507034301758,265900.0
2014-07-16,35.603018711920534,35.726100233188255,34.83992079228414,35.200958251953125,554500.0
2014-07-17,35.11891110049946,35.12711820655914,34.142475195684725,34.3968391418457,252200.0
2014-07-18,34.29015804823968,35.90660985313696,34.257335897355325,35.66044998168945,315000.0
2014-07-21,35.50455137976683,35.742507291405204,35.0368466597012,35.578399658203125,229300.0
2014-07-22,35.668667928899985,35.939442930788935,35.4060969021801,35.49635314941406,156400.0
2014-07-23,35.38146962513988,35.644040584391576,35.22556909623817,35.594810485839844,189400.0
2014-07-24,35.57841635384236,35.76713912505292,35.31584526954121,35.58662033081055,207300.0
2014-07-25,35.41428903612044,35.47993333589815,35.04504767510203,35.25838851928711,358100.0
2014-07-28,35.28299803311009,35.73429156798031,34.618363687513735,35.5373649597168,264100.0
2014-07-29,35.52097434239924,35.70969708820103,34.56094640147542,34.626590728759766,336900.0
2014-07-30,34.66761525710225,35.06967891779861,34.50350757661203,34.88916015625,535400.0
2014-07-31,34.519910200557,34.78248117297601,33.773223410848004,34.27375030517578,387700.0
2014-08-01,34.30657652919049,34.31478050363621,33.66655696915954,34.25734329223633,321500.0
2014-08-04,34.37222136890706,34.462480747871226,33.57630116905247,34.16708755493164,200200.0
2014-08-05,34.01119334642918,34.17530105433178,33.486051185216205,33.94554901123047,210500.0
2014-08-06,33.83887961411756,34.495307275914016,33.814261424860575,34.13426971435547,315700.0
2014-08-07,34.175296783447266,34.30658230734377,34.01118909605319,34.175296783447266,275100.0
2014-08-08,34.17528558809149,34.290159992607926,33.90450752308039,34.15887451171875,173700.0
2014-08-11,34.29837061324484,34.52812259689958,34.134262947803855,34.281959533691406,249400.0
2014-08-12,34.24094360347558,34.38043625620117,33.806060821043545,34.0604248046875,292300.0
2014-08-13,34.175285393667,34.76606848926091,33.97835560840719,34.64299011230469,323600.0
2014-08-14,34.55272546437607,35.02043011136194,34.52811041877437,34.905555725097656,169600.0
2014-08-15,35.15172451493528,35.32403613817242,34.63478651513082,34.823509216308594,167100.0
2014-08-18,34.93838534296117,35.63583891160128,34.93838534296117,35.28300857543945,239600.0
2014-08-19,35.38967860030457,35.89020549600851,35.27480419081702,35.67686462402344,122600.0
2014-08-20,35.47173843054809,35.51276456697,35.176345240160664,35.31583786010742,177400.0
2014-08-21,35.42249599811941,35.90661179451452,35.241980418680605,35.578399658203125,151400.0
2014-08-22,35.611232582766675,36.05431925731928,35.2337839732011,35.88200759887695,162200.0
2014-08-25,35.97226452242547,36.25124662516241,35.61123014892205,35.99687957763672,194800.0
2014-08-26,35.95585689732802,36.75998112246484,35.93944581557905,36.48099899291992,170800.0
2014-08-27,36.57124836859924,36.924078704404316,36.42355180337419,36.89946365356445,168800.0
2014-08-28,36.64510600055219,36.85023982346842,36.341508819062405,36.423561096191406,168400.0
2014-08-29,36.57124612503043,38.204112215915416,36.431756672038006,37.843074798583984,393400.0
2014-09-02,37.834872870593095,37.90051404905153,37.46563146022404,37.54768371582031,284500.0
2014-09-03,37.58050587009599,37.68717630644547,37.350757050352094,37.54768371582031,148700.0
2014-09-04,37.59691431038844,38.1384672975838,37.30972830585026,37.514862060546875,135600.0
2014-09-05,37.37537583115583,37.85128772537141,37.145626988482505,37.65435791015625,117800.0
2014-09-08,37.73642707505853,38.154898781223984,37.629756589136214,38.0072021484375,249800.0
2014-09-09,37.84306597132246,38.40923701458452,37.41638747860758,37.818450927734375,342600.0
2014-09-10,38.0400019065279,38.89335903095851,37.079974359020326,38.65540313720703,628100.0
2014-09-11,38.5733678184579,39.35287707531941,38.5733678184579,39.147743225097656,604200.0
2014-09-12,39.15593925119487,39.246198620564954,37.92513649816999,38.08924102783203,227800.0
2014-09-15,37.99897217822266,38.31077318518091,37.71178308643408,38.064613342285156,226100.0
2014-09-16,38.08103950429254,38.187709959512816,37.761031268725176,37.974369049072266,364900.0
2014-09-17,37.99077020512567,38.29436728134602,37.5066544257022,37.711788177490234,292100.0
2014-09-18,37.81025636445885,38.351809368789205,37.81025636445885,38.113853454589844,222400.0
2014-09-19,38.1138549217505,38.245140408760285,37.53947974229785,37.54768371582031,356900.0
2014-09-22,37.35897734811735,37.49846999969471,37.03076505222489,37.31795120239258,214900.0
2014-09-23,37.285117775683695,37.391788226434805,36.55484195996605,36.57946014404297,253800.0
2014-09-24,36.75177645647941,37.383589006527984,36.439972169291885,37.08819580078125,241200.0
2014-09-25,37.09641053552254,37.260518267432836,36.44818671602889,36.833839416503906,267500.0
2014-09-26,36.85842943540497,37.30972617402522,36.55483237222704,36.76817321777344,225100.0
2014-09-29,36.489194298915244,36.98151407180215,36.29226451170481,36.71073913574219,210500.0
2014-09-30,36.71074921401976,36.85844268235821,36.251248337776225,36.292274475097656,232400.0
2014-10-01,36.35791087050363,37.03895336579021,35.775328579242874,36.883052825927734,492400.0
2014-10-02,36.85843300932354,37.60512291104499,36.825613986135515,37.41639709472656,367600.0
2014-10-03,37.859481015160554,38.36000782123638,37.473828598001994,38.17948913574219,333800.0
2014-10-06,38.17948723410055,38.3189797923325,37.941534496092004,38.097434997558594,321100.0
2014-10-07,37.96616370699447,38.42566454131834,37.72000377542907,37.859493255615234,341000.0
2014-10-08,37.81025752377196,38.794897103586386,37.523068371248684,38.71284484863281,306600.0
2014-10-09,38.57336067483594,38.737468350640135,37.818469748267646,37.83488082885742,348800.0
2014-10-10,37.61198278866293,38.297186260236145,36.8442225951299,36.868988037109375,537300.0
2014-10-13,36.71214323210965,37.75233296861926,36.629586491613566,37.24049377441406,293700.0
2014-10-14,37.826624399503594,38.701706766973935,37.554195086966004,38.024757385253906,409700.0
2014-10-15,37.40558202012184,38.41274846575317,37.364302099638635,38.032997131347656,352200.0
2014-10-16,37.512904069136134,37.97521213317077,37.166175383022185,37.7935905456543,353600.0
2014-10-17,38.01650902257537,38.082554416332194,36.844231626351124,36.98457336425781,377500.0
2014-10-20,36.95980350403818,37.050614335004184,36.59656332939148,36.74515914916992,328900.0
2014-10-21,36.88549949579179,37.44687260999014,36.794688675963094,37.31478500366211,176300.0
2014-10-22,37.4468653354893,38.44577786112036,37.43035399425371,37.71104049682617,165600.0
2014-10-23,38.11557382135433,38.767757910782635,38.07429702501964,38.429283142089844,164000.0
2014-10-24,38.462290809000905,38.63565517539193,38.23939241683396,38.454036712646484,126300.0
2014-10-27,38.49532089366787,38.891583728408314,38.346721936988075,38.742984771728516,122200.0
2014-10-28,38.908093933439275,39.47772115120948,38.726472291881976,39.0236701965332,545100.0
2014-10-29,39.14749634780922,39.76665753284876,39.14749634780922,39.36214065551758,249500.0
2014-10-30,39.32911698990885,39.882235939021925,39.164006714835544,39.7749137878418,233300.0
2014-10-31,40.33629050603747,40.823364129780934,40.18769155986375,40.377567291259766,364000.0
2014-11-03,40.33628482823384,41.1370675755375,40.33628482823384,40.782081604003906,346800.0
2014-11-04,40.74906958626015,41.02149892105753,40.30327269380928,40.96371078491211,235800.0
2014-11-05,41.14533260276401,41.76449390608657,40.889411463672474,41.541595458984375,300600.0
2014-11-06,41.50031165735761,41.698441477386226,41.31043593432321,41.467288970947266,258800.0
2014-11-07,41.49205272801318,41.65716300415044,40.78208389429114,41.0875358581543,196200.0
2014-11-10,41.05452488268977,42.09471771458759,40.99673674194183,41.92960739135742,231700.0
2014-11-11,41.89657260403775,41.979126167216215,41.49205258634347,41.690185546875,138100.0
2014-11-12,41.48380247279211,41.89657662675024,41.45903703130402,41.640655517578125,158700.0
2014-11-13,41.66542754046213,41.81402650006521,41.624147602292396,41.73972702026367,156100.0
2014-11-14,41.73971623011091,41.99563414498988,41.450772483703396,41.483795166015625,127700.0
2014-11-17,41.46728283314183,41.62413584654919,40.93893252564731,41.16183090209961,204400.0
2014-11-18,41.12882619545823,41.302190625393756,40.78209733558718,40.81511688232422,207400.0
2014-11-19,40.87288793793476,41.29391926229231,39.79967596182635,41.03799819946289,224400.0
2014-11-20,40.971963075954655,40.980217173312376,40.33629050603747,40.377567291259766,163400.0
2014-11-21,40.7573064744557,41.277402629366165,40.45185457677884,40.74079513549805,284800.0
2014-11-24,40.85639199527723,41.2691661982437,40.782092512774575,40.98847961425781,218400.0
2014-11-25,41.16183935397309,41.59112485426282,40.9224295876009,41.351715087890625,192000.0
2014-11-26,41.27741198975468,41.326946017860365,41.17008983680067,41.30217742919922,133700.0
2014-11-28,41.52508338880556,42.82945135668161,41.52508338880556,41.797515869140625,141000.0
2014-12-01,41.747977604505046,41.88006520756605,41.23613853629577,41.269161224365234,238300.0
2014-12-02,41.42602006699941,41.987393245884626,41.36823192939805,41.86355972290039,181600.0
2014-12-03,42.00390209587769,42.878981355672416,41.72321552311669,42.474464416503906,240600.0
2014-12-04,42.5652735059449,42.64782708018407,41.88006687273525,41.962623596191406,241200.0
2014-12-05,41.87181180482039,42.32586275104935,41.5498484638438,41.56635665893555,298900.0
2014-12-08,41.48379979066266,41.97912748370032,41.07102566339238,41.12055969238281,400500.0
2014-12-09,41.11230470618683,42.93676569319862,40.724299146691756,41.979129791259766,589100.0
2014-12-10,42.49097485227014,42.73038148188657,42.15250015258789,42.15250015258789,568600.0
2014-12-11,42.25155623347836,43.71277689445052,42.25155623347836,43.03582763671875,640300.0
2014-12-12,42.73863715596342,43.08536594078094,41.54159145507148,41.59112548828125,377400.0
2014-12-15,41.97087513015432,41.97087513015432,40.89766298451693,41.004981994628906,426900.0
2014-12-16,41.19484908379379,41.47553554764212,40.31976701433351,40.74079513549805,324400.0
2014-12-17,40.81510384175145,41.59937529940011,40.55092865695435,41.30217742919922,404900.0
2014-12-18,41.896581614080944,41.896581614080944,41.45078471892686,41.673683166503906,281500.0
2014-12-19,41.32695098039121,42.27632968062677,41.28567104407128,41.335205078125,790000.0
2014-12-22,41.46729896316711,42.32587012142238,41.27742319437906,42.03692626953125,409400.0
2014-12-23,42.21028124938767,42.92850731694829,41.94610607168223,42.31760025024414,282600.0
2014-12-24,42.50748547431356,42.80468023180517,42.09471130371094,42.09471130371094,171800.0
2014-12-26,42.218555014770395,43.10189176723167,42.11123281469792,42.24332046508789,244000.0
2014-12-29,42.24330540445097,42.54876054581614,41.607635978666295,41.640655517578125,284500.0
2014-12-30,41.61589069186153,41.88832314912905,41.376480923211325,41.56635665893555,236300.0
2014-12-31,41.59112608734157,41.9130894348001,40.864642669219144,40.889408111572266,312200.0
2015-01-02,41.2361443315702,41.73147212535747,40.228974248423135,40.864646911621094,322400.0
2015-01-05,40.64998997401539,41.04625268551671,40.61696729408626,40.75730895996094,524600.0
2015-01-06,40.980221426639886,41.40950696578421,40.311529248671576,40.59221267700195,325400.0
2015-01-07,40.84813050474607,40.87289594660214,40.53442126129581,40.69953155517578,668200.0
2015-01-08,40.864640937853636,40.864640937853636,40.649999765047596,40.69127655029297,483100.0
2015-01-09,40.74080537444661,40.83161618692826,40.542675555592716,40.64999771118164,578600.0
2015-01-12,40.757311004460256,41.04625474451025,40.476624509414805,40.559181213378906,330600.0
2015-01-13,40.92451354392287,43.083240888048934,40.783364256991476,42.526954650878906,527100.0
2015-01-14,42.277862890682904,42.72621492305654,41.97896470303451,42.46883010864258,324400.0
2015-01-15,42.643193178281585,43.174572019450444,41.9955756115155,42.80094528198242,553800.0
2015-01-16,42.709623410612025,42.9919188784241,42.178244451734805,42.75944137573242,230300.0
2015-01-20,42.759431773973596,43.099846541017435,42.128420193819544,42.717918395996094,351700.0
2015-01-21,42.74283324743906,42.97531073849175,41.93746027162328,42.16163635253906,284200.0
2015-01-22,42.427307904888075,42.74281520043675,41.60533245585547,42.50203323364258,432400.0
2015-01-23,42.543554351897576,42.73451839767267,42.00387101194431,42.21144104003906,215300.0
2015-01-26,42.20314556834352,42.419017034326565,41.66346215248432,42.34429168701172,422300.0
2015-01-27,42.003871150038755,42.24465314356442,41.71327437665763,41.92914581298828,335500.0
2015-01-28,42.344280575514865,42.67639384693546,41.414367849710835,41.505699157714844,383600.0
2015-01-29,41.50570105426809,42.311070548273065,41.123769824502446,42.19483184814453,208300.0
2015-01-30,41.97896115267844,42.13671322453443,40.45124570907852,40.501060485839844,320000.0
2015-02-02,40.45954711611638,40.85808116654239,39.66247901526436,40.501060485839844,293800.0
2015-02-03,40.69203972927337,42.26957370651439,40.69203972927337,42.16994094848633,287700.0
2015-02-04,42.09519869709962,42.684696765854724,41.80459878249334,42.30276870727539,225300.0
2015-02-05,42.38580288814514,43.39044115368427,42.37750147987772,43.32402038574219,199100.0
2015-02-06,43.407057846052865,43.407057846052865,42.46053870668114,42.79265213012695,212100.0
2015-02-09,42.65150302066839,42.81755973318574,41.99558391549085,42.0453987121582,154300.0
2015-02-10,42.178233630976266,42.80094378251805,41.92084879539027,42.65979766845703,149700.0
2015-02-11,42.46882992681863,42.71791333242623,42.08689865980182,42.36919403076172,134300.0
2015-02-12,42.69300092593469,44.25392838995541,42.65148755467574,44.18750762939453,211800.0
2015-02-13,44.12109547537981,44.25394019921868,43.39875248746017,43.99655532836914,201600.0
2015-02-17,43.92182471775175,44.677379588041546,43.92182471775175,44.66907501220703,270100.0
2015-02-18,44.511322007196256,44.96797548352148,44.303751957296825,44.88494873046875,173500.0
2015-02-19,44.72718227145804,45.48273693730582,44.48640348095868,45.33328628540039,153700.0
2015-02-20,45.30838094274989,45.80654769339265,44.868333540773214,45.74842834472656,157100.0
2015-02-23,45.723527512772534,45.723527512772534,44.86003539841008,45.12572479248047,180800.0
2015-02-24,45.08421483408677,45.08421483408677,44.38677932999765,44.49471664428711,239900.0
2015-02-25,44.58603886936594,45.4578322796315,44.58603886936594,45.084205627441406,164100.0
2015-02-26,45.08421960943658,46.014132657629844,44.98458686037572,45.491058349609375,230500.0
2015-02-27,45.3748042218879,46.221687052517,45.04269094799133,45.39971160888672,289800.0
2015-03-02,45.399723451521744,46.072251581322874,44.65246997396494,46.039039611816406,274200.0
2015-03-03,45.872984814172874,45.91449819412579,45.33330137298134,45.6239013671875,245000.0
2015-03-04,45.39141991670972,45.43293646317899,44.63586501307908,44.71059036254883,211200.0
2015-03-05,44.61925485939763,44.652463656938274,44.04635955189621,44.145992279052734,176900.0
2015-03-06,43.647838321596254,44.09619047665195,43.33233089760134,43.46517562866211,177800.0
2015-03-09,43.59801087082184,44.41998964285748,43.59801087082184,44.262237548828125,228600.0
2015-03-10,43.979946324119105,43.979946324119105,43.43196147997743,43.69765090942383,174600.0
2015-03-11,43.689346333165474,43.71425689467271,42.842460089079644,43.69765090942383,275500.0
2015-03-12,43.95502993383466,44.760402691633544,43.73915848876112,44.39508056640625,210700.0
2015-03-13,44.395090988643446,44.544541703882416,44.07958357122028,44.13770294189453,256500.0
2015-03-16,44.2207231077622,44.619260400415,44.145997761298254,44.38677978515625,153000.0
2015-03-17,44.245630626510106,44.74379745717902,44.071272552502734,44.46150207519531,341000.0
2015-03-18,44.29544194659808,45.04269530145538,44.15429585027349,45.009483337402344,217400.0
2015-03-19,44.95136413885307,45.09251340293131,44.5030121243936,44.73549270629883,350600.0
2015-03-20,45.084206762181005,45.856367473719644,44.99287544853945,45.70691680908203,485000.0
2015-03-23,45.70693062421261,46.33794543613569,45.46614857315596,46.01413345336914,306900.0
2015-03-24,45.931090964686824,46.113753584647085,45.65710020201339,45.74842834472656,172900.0
2015-03-25,45.74013937034629,45.74013937034629,43.93842957018618,43.971641540527344,193400.0
2015-03-26,43.83879898911806,44.04636906308857,43.53159616647674,43.73086166381836,306500.0
2015-03-27,43.780671859261844,45.217056136387704,43.68934053614543,45.134029388427734,241100.0
2015-03-30,45.183832994174686,46.4873754190432,45.183832994174686,46.2465934753418,315900.0
2015-03-31,45.98091499530183,46.080547725170035,40.85808488950659,42.634883880615234,1141700.0
2015-04-01,42.9005802210631,43.57310838296514,41.92915382113916,43.390445709228516,378000.0
2015-04-02,43.39044086317625,43.66443484318023,43.05002611567489,43.149662017822266,303400.0
2015-04-06,43.1496548560085,43.56479487758329,43.10813832003742,43.407039642333984,250300.0
2015-04-07,43.27420381910234,43.456866479506466,43.0002129957638,43.008514404296875,190000.0
2015-04-08,42.96698633141237,43.465153021971396,42.96698633141237,43.282493591308594,220900.0
2015-04-09,43.46517278752957,43.813892163312445,43.00021784284309,43.265907287597656,281800.0
2015-04-10,43.29081751300764,43.58141753969998,43.22439673111136,43.46517562866211,207200.0
2015-04-13,43.34830594312583,44.132965057650004,43.34830594312583,43.68220520019531,201200.0
2015-04-14,43.657155438270514,43.732282602865446,42.78067397419556,42.8641471862793,208500.0
2015-04-15,42.763977563284705,42.99770509837334,42.672155121843076,42.730587005615234,222700.0
2015-04-16,42.730589268767254,43.03109793511076,42.471820393870686,42.91423416137695,186400.0
2015-04-17,42.571990272861505,42.65546348987296,41.86245837536679,42.1629638671875,133600.0
2015-04-20,42.45512733709913,43.15631320051501,42.43008600835901,43.139617919921875,202800.0
2015-04-21,43.423446127867706,43.573700520140285,43.22310587673752,43.45683670043945,173300.0
2015-04-22,43.44847054587546,43.68220127856029,43.02275205641573,43.56533432006836,145600.0
2015-04-23,43.423430958194864,43.84914946471186,43.423430958194864,43.74063491821289,110900.0
2015-04-24,43.64046590463502,44.02445100995236,43.1062296346449,43.7322883605957,136500.0
2015-04-27,43.78236350320379,43.78236350320379,42.64711011481749,42.93092346191406,186400.0
2015-04-28,42.87248921518878,43.732275255537125,42.78066678674412,43.63210678100586,200100.0
2015-04-29,43.44846547927257,43.698888278240695,42.797365565095724,42.98101043701172,146700.0
2015-04-30,42.88920419700497,43.239795611092006,41.79568696793855,41.82072830200195,273100.0
2015-05-01,42.012710039657925,42.379996629152274,41.8123698735617,42.2965202331543,203500.0
2015-05-04,42.53025539745141,42.98101842999961,42.45512822536004,42.46347427368164,181700.0
2015-05-05,42.50521903033365,42.62208601932918,41.2948411808714,41.82072830200195,198300.0
2015-05-06,41.78733550979481,41.879154784243745,41.16962281367807,41.59534454345703,196300.0
2015-05-07,41.56194419436636,41.879144924435934,41.53689968514078,41.77897644042969,218600.0
2015-05-08,42.28817550126099,42.93092944109593,42.28817550126099,42.91423416137695,444600.0
2015-05-11,42.8224100705065,43.431773427501305,42.76397818588364,42.85580062866211,224700.0
2015-05-12,42.65546522062133,42.76398295457863,41.854110841319546,42.505210876464844,206200.0
2015-05-13,42.78067681269395,43.3399543762207,42.4300854775218,43.3399543762207,174100.0
2015-05-14,43.465167202004196,44.46686173070381,43.3566494721178,44.42512512207031,204600.0
2015-05-15,44.516938782463335,44.516938782463335,43.97435342445554,44.41676712036133,193500.0
2015-05-18,44.316606949940166,45.01779279460272,44.19139394099007,44.825801849365234,160500.0
2015-05-19,44.75068939950402,44.75068939950402,44.23314828193421,44.57539367675781,112700.0
2015-05-20,44.7172867310905,44.83415051464008,44.291568207545716,44.491905212402344,107600.0
2015-05-21,44.475228060652235,44.50027258469263,43.89925495653228,43.9493408203125,156000.0
2015-05-22,43.80740737915039,44.233129016744996,43.707238893251144,43.80740737915039,110700.0
2015-05-26,43.59873580662323,43.70725356027076,42.864159233493524,43.27318572998047,135100.0
2015-05-27,43.406740085368874,44.400085490974696,43.281527061402834,44.23313903808594,157200.0
2015-05-28,44.1079282285981,45.284918612632794,44.0077597149759,45.234832763671875,287400.0
2015-05-29,45.11795165955928,45.23481541133886,44.17468923058379,44.24147033691406,183000.0
2015-06-01,44.366701374124254,45.10127473690083,44.29157419107896,44.759029388427734,164900.0
2015-06-02,44.45017074364989,44.76737473164034,43.698898978488145,44.06618881225586,253300.0
2015-06-03,44.283208854249025,45.234817370583386,44.01609078595512,44.867530822753906,177700.0
2015-06-04,44.70058814883537,44.98440153833873,44.099573994351054,44.33330154418945,122500.0
2015-06-05,44.124601480849236,44.90091423849445,43.67383861815885,44.792396545410156,201100.0
2015-06-08,44.692243238483655,44.984402683217276,44.27487078355041,44.42512512207031,306900.0
2015-06-09,43.03110323796845,43.38169778667374,40.10949579738845,42.12123107910156,526600.0
2015-06-10,42.23809010189784,42.8558027207356,41.95427671231817,42.430084228515625,315700.0
2015-06-11,42.57199053022583,43.23143977521995,42.53025392146779,42.88919448852539,282700.0
2015-06-12,42.63876547046135,42.789016603349005,42.329907604967964,42.421730041503906,177100.0
2015-06-15,42.1713177232287,43.41508598828422,42.02940941759113,43.38169860839844,305600.0
2015-06-16,43.239791412113206,44.02445376910034,43.0644957220925,43.92428207397461,279700.0
2015-06-17,44.09122518534119,44.33330196959615,43.807411793114454,44.05783462524414,187800.0
2015-06-18,44.21643887718434,45.00109794580204,43.96601285688375,44.55033493041992,351900.0
2015-06-19,44.60877557053158,45.06788790828357,44.31661606859826,44.64216613769531,613600.0
2015-06-22,44.99275145564454,45.226479009042464,44.750674670025774,44.90927505493164,255700.0
2015-06-23,44.93431142429385,45.218121582388314,44.875876362234884,44.942657470703125,313500.0
2015-06-24,44.984404860432186,45.05118598491725,44.1496599101646,44.491905212402344,243800.0
2015-06-25,44.750672520375765,45.03448590056813,44.37503669595956,44.84249496459961,203700.0
2015-06-26,45.02614214584869,45.02614214584869,44.55033777180969,44.90093231201172,672700.0
2015-06-29,44.40007068800085,44.60041082269328,44.10791130855192,44.24147033691406,570900.0
2015-06-30,44.60876007813786,44.60876007813786,43.540287774371265,44.11626052856445,330200.0
2015-07-01,44.425122139071505,45.03448550024143,43.55698672687097,43.74897766113281,300000.0
2015-07-02,43.807417156712205,43.84080772089745,43.06449461723752,43.38169860839844,148100.0
2015-07-06,43.022753176726646,43.64881185560463,42.93093072767002,43.615421295166016,208900.0
2015-07-07,43.531959517108916,43.64047409059974,42.80572896608604,43.57369613647461,223500.0
2015-07-08,43.173004763054784,43.540291351575604,42.68885122044657,43.42342758178711,259600.0
2015-07-09,43.94932219991239,43.94932219991239,43.25648237384686,43.59038162231445,176700.0
2015-07-10,44.216451929535374,44.45852560469221,43.80742540202889,43.87420654296875,166700.0
2015-07-13,44.210082234104185,44.68870963488796,44.14290488505761,44.394813537597656,173900.0
2015-07-14,44.436775987202566,44.91540635645661,44.30242455818814,44.856624603271484,148000.0
2015-07-15,44.856638760489304,45.217708940521305,44.46198311499683,44.91542053222656,155300.0
2015-07-16,45.242892184795295,45.46961084400624,44.86502775277706,45.38563919067383,121300.0
2015-07-17,45.31008561177535,45.46963021949645,44.949015356564566,45.35206985473633,143600.0
2015-07-20,45.394051121443596,45.645959748109824,45.10015505433967,45.326873779296875,142400.0
2015-07-21,45.29327965233652,45.5199983499839,44.56274376204492,44.78106689453125,111000.0
2015-07-22,44.69708867102568,45.51999167334762,44.503958668732984,45.24289321899414,106300.0
2015-07-23,45.242903343735385,45.94824938974255,44.9742003931795,45.08335876464844,199100.0
2015-07-24,44.965794281583854,45.175718627625976,44.403198571722804,44.44518280029297,239500.0
2015-07-27,44.32763647383403,44.4367948540608,43.47954011550547,43.6138916015625,126100.0
2015-07-28,44.084111133220446,44.68029548644668,43.75662967731283,44.65510559082031,248200.0
2015-07-29,44.51236919193894,45.24290842378286,44.26885931784983,45.167335510253906,147900.0
2015-07-30,44.982595118275206,45.32687096744,44.51236336199499,45.108551025390625,113800.0
2015-07-31,45.20930643737253,45.62915512152228,44.87342620877624,45.074954986572266,168800.0
2015-08-03,45.06655581153153,45.15892303371973,44.31083010881133,44.9573974609375,108700.0
2015-08-04,44.92382395016636,45.335277205095856,44.38641797056299,44.394813537597656,92600.0
2015-08-05,44.57954153315411,45.25129890954383,44.45358562368461,45.08335876464844,130200.0
2015-08-06,45.024575136447105,45.07495813521335,43.41235761422492,43.71464920043945,202500.0
2015-08-07,43.454339673717705,43.75663124482809,43.110063873995614,43.58029556274414,122400.0
2015-08-10,43.899380668922944,44.47037517827471,43.66426641325745,43.941368103027344,145600.0
2015-08-11,43.42074618376927,43.98334503485109,43.07647042230999,43.462730407714844,122700.0
2015-08-12,43.194039968828875,43.546714598548355,42.48029834665149,43.31999588012695,127600.0
2015-08-13,43.25281683113008,43.60549144691646,42.774189512213525,43.04289245605469,136800.0
2015-08-14,42.95052790707385,43.57190225606439,42.698616097448344,43.44594955444336,88700.0
2015-08-17,43.16884956031815,44.1596928944254,43.143659659631446,44.14289855957031,117000.0
2015-08-18,43.94975510418404,44.16807498430575,43.31998215362916,43.370365142822266,127300.0
2015-08-19,43.14366407467587,43.81542152166347,42.79098941301227,43.47114562988281,120400.0
2015-08-20,42.95892327421481,43.353582117826875,42.681824769374636,42.88335037231445,217100.0
2015-08-21,42.010062898873365,42.59785176151301,41.010824074620096,41.027618408203125,269200.0
2015-08-24,38.49172576081548,39.46577453613281,34.452780447692234,39.46577453613281,484800.0
2015-08-25,40.616159830942465,40.632954162287504,38.710046466361305,38.836002349853516,207200.0
2015-08-26,39.549744172651046,40.58257473898225,38.81920837007713,40.33906173706055,182600.0
2015-08-27,40.75892155337117,41.078004329441015,39.9528126403651,40.97724151611328,211700.0
2015-08-28,40.78410622005926,41.59021502957742,40.48181461569203,41.33830642700195,210900.0
2015-08-31,40.99402967296589,41.27952693702012,40.5154023778149,40.95204544067383,431900.0
2015-09-01,38.9115780744668,39.52455679886302,35.006983840007734,35.636756896972656,724800.0
2015-09-02,36.165772756862225,36.703178669436156,35.317679651679974,35.91386413574219,500200.0
2015-09-03,35.90545926314391,36.5268367459271,35.62836078797225,35.96424102783203,302200.0
2015-09-04,35.519211130283665,36.04822156419128,35.41004953527584,35.561195373535156,320400.0
2015-09-08,36.18257039744387,36.18257039744387,35.00699245390098,35.5695915222168,355700.0
2015-09-09,35.855080646441245,36.006226439020786,34.998588889554306,35.04057312011719,277500.0
2015-09-10,34.99018541051621,35.16652428024474,34.343621299878755,34.469573974609375,509500.0
2015-09-11,34.36882113037467,35.01538863112887,34.284852656278574,34.83065414428711,386100.0
2015-09-14,35.116148799195685,35.45202907669859,34.612331586133045,34.83905029296875,480200.0
2015-09-15,34.88103261994892,35.418438472020775,34.84744395339654,35.351261138916016,248700.0
2015-09-16,35.452027738492134,35.981034831281974,35.099353140107304,35.69553756713867,319200.0
2015-09-17,35.61156982519141,36.45126730110084,35.59477549129022,36.19095993041992,385400.0
2015-09-18,35.779519541062136,36.47646696701661,35.49402219468268,35.67875671386719,761500.0
2015-09-21,35.99782703922119,36.30851738695503,35.33446852031028,35.636756896972656,196800.0
2015-09-22,35.18332171075189,35.50240441073578,35.05736582173261,35.174922943115234,151300.0
2015-09-23,35.19171825320553,35.21690815043291,34.66270798909075,34.95660400390625,161500.0
2015-09-24,34.721489822980715,34.89782872976178,34.368818415802025,34.687904357910156,157100.0
2015-09-25,34.91462480395349,34.923020369841616,33.91538269409728,34.29324722290039,285800.0
2015-09-28,34.049725786333404,34.40240032743859,33.63827589210029,33.79781723022461,332500.0
2015-09-29,33.755848058100845,33.990962388225746,32.98332451124509,33.495540618896484,271100.0
2015-09-30,33.6718539936031,33.974145476162356,33.21841997295461,33.76422119140625,308400.0
2015-10-01,33.75583615811928,33.9993491731556,33.16804733682835,33.71385192871094,219500.0
2015-10-02,33.33599983651499,34.074934720622295,33.0756923924155,34.06653594970703,203100.0
2015-10-05,34.21767942207243,35.132949993637155,34.21767942207243,34.94821548461914,182700.0
2015-10-06,34.94819650267382,35.30926655426337,34.75506653141275,35.02376937866211,233000.0
2015-10-07,35.191718900045906,36.01462199091013,35.15813023433109,35.98103332519531,206100.0
2015-10-08,35.863466323447255,36.064995059054134,35.4772063836572,36.03140640258789,180800.0
2015-10-09,36.106990230595294,36.325310157469026,35.9558444338398,36.098594665527344,135100.0
2015-10-12,36.039817287413356,36.15737763502592,35.53600003898447,36.10699462890625,161800.0
2015-10-13,35.87863503032939,36.36919785238459,35.455737380883065,35.48111343383789,374600.0
2015-10-14,35.54030538585506,36.34381126076814,35.53184562925656,35.70946502685547,221100.0
2015-10-15,35.77713250687009,36.10699208352998,35.28657302083679,36.08161926269531,171900.0
2015-10-16,36.23386726405026,36.23386726405026,35.134334126066065,35.802513122558594,214300.0
2015-10-19,35.53185000113358,36.30152339725766,35.53185000113358,35.89554214477539,174300.0
2015-10-20,35.7602175916285,36.01395871553471,35.69255565798529,35.84479904174805,158600.0
2015-10-21,35.90399508523849,35.95474071563096,35.19352722167969,35.19352722167969,140700.0
2015-10-22,35.36269153577313,36.225402857693496,35.18507212651599,36.19157028198242,208200.0
2015-10-23,36.555265903670005,37.01199281367756,36.17465745662012,36.93587112426758,151700.0
2015-10-26,36.79207983841504,37.12193934832029,36.79207983841504,37.03736114501953,173300.0
2015-10-27,36.8428357210026,36.92741394042969,36.57218154709322,36.92741394042969,236500.0
2015-10-28,36.97815540015378,38.30605318314635,36.648295893435474,38.272220611572266,266800.0
2015-10-29,38.026953064545594,38.602094083570364,37.77321513884709,38.509056091308594,208900.0
2015-10-30,38.534424357011275,39.0503566368979,38.441386383546636,38.78816223144531,257000.0
2015-11-02,38.762782437881455,39.287174380892104,38.238387268419274,38.68666076660156,281300.0
2015-11-03,38.65282445793947,38.66128098661879,38.170721661937186,38.40754318237305,242700.0
2015-11-04,38.45830962356089,38.97424522315749,38.25531735145056,38.745880126953125,169500.0
2015-11-05,38.74587749300689,39.12648273435457,38.272231041249746,38.89812088012695,189300.0
2015-11-06,38.58516173079451,39.160302510419974,38.28067505611615,39.067264556884766,224000.0
2015-11-09,38.906579533764415,38.9150360661978,38.449849347497675,38.60209274291992,125200.0
2015-11-10,38.45830700916371,38.91503394407142,38.13690394452663,38.89812088012695,247300.0
2015-11-11,38.89811490573646,39.62549592237141,38.73741178487419,39.51554489135742,290100.0
2015-11-12,39.033442235341504,39.43942346579424,38.87273911343487,38.99114990234375,262900.0
2015-11-13,38.762791578745635,38.99115341998502,38.22147999618812,38.314517974853516,240000.0
2015-11-16,38.17073222062338,38.98269470939315,38.15381593213416,38.78816223144531,293800.0
2015-11-17,38.90659147987257,39.29565662032242,38.610564357020216,38.85584259033203,187200.0
2015-11-18,38.97422526265922,40.0060927069328,38.55132786992959,39.904598236083984,311000.0
2015-11-19,39.8369514024237,40.132981649177424,39.752373175609804,40.07377624511719,231700.0
2015-11-20,40.31903963419232,40.51357529226676,39.96380733986793,40.32749938964844,206400.0
2015-11-23,40.20909990144531,40.75040825019701,40.19218361224029,40.572792053222656,247400.0
2015-11-24,40.39517262979605,40.63199745221411,39.718537193856434,40.572792053222656,237500.0
2015-11-25,40.691204761906,41.89223231378786,40.67428847190665,41.72307586669922,223200.0
2015-11-27,41.66386092474508,41.942974827758825,41.10563634516951,41.73998260498047,172600.0
2015-11-30,41.765363940859245,42.712653572121425,41.663866203384764,42.49274826049805,696400.0
2015-12-01,42.61116213865298,43.008683679888854,42.137515675587025,42.73802947998047,623500.0
2015-12-02,42.20516802464522,44.56493341198169,41.731521705385646,43.64301681518555,573900.0
2015-12-03,43.78681978006029,44.184344573673656,42.196723832059625,42.37434005737305,514200.0
2015-12-04,42.35741307367682,43.11017007056819,41.8076450600283,42.13750457763672,417400.0
2015-12-07,42.154421642993,42.31512152656762,41.53699169900404,41.75689697265625,356700.0
2015-12-08,41.45241667847865,41.57928723481589,40.987230015995905,41.49470901489258,384100.0
2015-12-09,41.2832647441591,41.545459190407804,40.20064469756377,40.36980438232422,328100.0
2015-12-10,41.35939276030454,41.84149583833843,40.88574621589706,41.41859817504883,298200.0
2015-12-11,40.80961867236679,41.18176740132759,39.64242038517007,39.73545837402344,350000.0
2015-12-14,39.72698930997379,40.175259595096655,38.99960514633556,39.16030502319336,236300.0
2015-12-15,39.41405212588893,40.09069081720484,39.21951963139395,39.77774429321289,260500.0
2015-12-16,40.056857439609374,40.14143566111327,39.30410029828673,40.01456832885742,229000.0
2015-12-17,40.175269726583544,40.344429402301756,39.51555054038022,39.67625045776367,392200.0
2015-12-18,39.49862467446307,39.49862467446307,37.87469669829253,37.925445556640625,717000.0
2015-12-21,38.263772494289704,38.5005940944709,37.7393771989566,37.959285736083984,182100.0
2015-12-22,38.05232178945897,38.12844347515817,37.527926520663506,37.976200103759766,162300.0
2015-12-23,38.0607795715332,38.1199849705283,37.96774159412598,38.0607795715332,340300.0
2015-12-24,38.06078022384926,38.37372351339426,37.90853684483768,38.069236755371094,214900.0
2015-12-28,38.069239052745466,38.45830728172778,37.95928800406477,38.44139099121094,354900.0
2015-12-29,38.60209773368338,39.650885345914666,38.60209773368338,39.532474517822266,325600.0
2015-12-30,39.42250893710457,39.98919008829992,39.27026556558447,39.28718185424805,152700.0
2015-12-31,39.09264517436266,39.371755841195046,38.68666396940985,38.72049331665039,239300.0
2016-01-04,37.933904350466165,38.17918567411012,36.8343714989146,37.02890396118164,310400.0
2016-01-05,37.028901388818475,37.257266409472486,36.70750163511428,37.03736114501953,244200.0
2016-01-06,36.47068096546877,36.77516769396443,36.098532312002966,36.19157028198242,308300.0
2016-01-07,36.191576446827376,37.874707044506415,36.191576446827376,37.59559631347656,589800.0
2016-01-08,37.790126514334304,37.790126514334304,37.0289096098188,37.11349105834961,464800.0
2016-01-11,37.42643231292993,37.92545153949375,36.749796893805815,37.341854095458984,359800.0
2016-01-12,37.80704905702194,37.967748996130425,36.9274212055323,37.41798400878906,255100.0
2016-01-13,37.41798000612405,37.554262069630965,36.22550951352293,36.728050231933594,345800.0
2016-01-14,36.80469923922599,37.78422854219775,36.62582968800431,37.40945053100586,208000.0
2016-01-15,36.64287649891893,37.162452900395785,36.18292329932754,36.889888763427734,276500.0
2016-01-19,37.290213872962916,37.630920653808914,36.44696962666111,36.481040954589844,306800.0
2016-01-20,36.52362125701968,37.7757114428495,35.82517541889909,37.4605598449707,375200.0
2016-01-21,37.477596797945544,37.50314866510279,36.20846765854007,36.302162170410156,441600.0
2016-01-22,36.76211005216413,37.01763843509684,36.20846251479354,36.5832405090332,439700.0
2016-01-25,36.489541483527624,36.608787830821036,35.399285452023,35.518531799316406,309700.0
2016-01-26,35.56114667111202,36.99211043781547,35.48448778185213,36.975074768066406,443400.0
2016-01-27,36.80469973097586,36.89839423502569,34.181269863679915,34.81157302856445,495600.0
2016-01-28,35.14377697482577,35.64631780422858,34.73493069400641,35.11822509765625,224400.0
2016-01-29,35.31411656661494,36.50658685532854,35.06710435336111,36.302162170410156,473400.0
2016-02-01,35.99552596145168,36.498066582683,35.629270626593666,36.14032745361328,233900.0
2016-02-02,35.740003992990054,35.76555911340347,34.73492256927958,34.828617095947266,236000.0
2016-02-03,35.10970249624021,35.10970249624021,33.87464442010032,34.964900970458984,245900.0
2016-02-04,34.95639039316454,35.68890784938212,34.60716733255167,35.56114196777344,373100.0
2016-02-05,35.36522913553996,35.51002740459318,34.81158143207854,34.828617095947266,422100.0
2016-02-08,34.37717544361892,34.81157339976764,33.866115393139346,34.496421813964844,347900.0
2016-02-09,34.02795887531223,35.075627787466495,34.02795887531223,34.7945442199707,520400.0
2016-02-10,34.964891242569244,36.10625446963509,34.76046982086128,35.37373733520508,501300.0
2016-02-11,34.743441212624305,35.86776900787938,34.743441212624305,35.544097900390625,430800.0
2016-02-12,36.00403996415361,36.53213237199771,35.68888841019079,36.378814697265625,257900.0
2016-02-16,36.736555659671204,37.29871936311136,36.225495679767775,37.0772590637207,196600.0
2016-02-17,37.27316862114589,37.31575939471143,36.48954777568141,36.63434600830078,344600.0
2016-02-18,36.74508471443242,36.91543810064329,36.080710082352695,36.14884948730469,300200.0
2016-02-19,36.10626559883896,36.728052759455245,35.97850298319559,36.65139389038086,201300.0
2016-02-22,36.95801238777978,37.82681142174714,36.95801238777978,37.750152587890625,257800.0
2016-02-23,37.545748887979556,37.92052378052126,37.53722943063716,37.67351150512695,315200.0
2016-02-24,37.41798302161121,37.70758283605464,36.872854723652026,37.67351150512695,287300.0
2016-02-25,37.877927952104855,38.20159577742218,37.699055128490265,37.971622467041016,245500.0
2016-02-26,38.24419113208068,38.45713205542362,37.86089682021925,38.048282623291016,264400.0
2016-02-29,37.98013919938776,38.550819253947054,37.86089281480643,38.031246185302734,383700.0
2016-03-01,38.312325578688096,38.457127077412466,37.6223959066442,38.43157196044922,254600.0
2016-03-02,38.29529731387485,38.576380910220536,38.06532071210679,38.55934524536133,227400.0
2016-03-03,38.499714177188224,38.78079446688629,38.38046779675752,38.601924896240234,333200.0
2016-03-04,38.661536649611314,39.291842937285395,38.43156016286074,38.95965576171875,226600.0
2016-03-07,38.81486272573865,39.189637498826094,38.79782706570469,39.121498107910156,230000.0
2016-03-08,38.84893590410158,38.97669848663781,38.499712979750434,38.75524139404297,277900.0
2016-03-09,38.942628982535,38.942628982535,38.235663704788,38.448604583740234,174500.0
2016-03-10,38.56784766839118,38.84893116427296,38.15048540078571,38.50822448730469,241700.0
2016-03-11,38.806351074003196,39.20667775950735,38.58489071679466,39.1385383605957,253300.0
2016-03-14,38.91708034810057,39.73477592884776,38.763762629786754,39.479244232177734,199400.0
2016-03-15,39.24074603822118,39.51331011115553,39.04484081387587,39.15557098388672,199300.0
2016-03-16,39.09596022057374,41.106120084981605,39.09596022057374,41.072052001953125,447600.0
2016-03-17,40.97835712941588,41.08908733371535,40.51840389545293,40.654685974121094,190400.0
2016-03-18,40.85910635471054,40.910210097992234,40.356565634042816,40.450260162353516,481000.0
2016-03-21,40.22879138930217,41.097590585365516,40.22879138930217,40.93575668334961,267000.0
2016-03-22,40.62912950588594,41.09759889526241,40.23731898016894,40.49284744262695,335500.0
2016-03-23,40.54394386721935,40.739852343936164,40.08399401750625,40.09251022338867,248500.0
2016-03-24,39.96474877514938,40.26286800126246,39.68366846111069,40.2373161315918,132900.0
2016-03-28,40.2628796554327,40.40767795777256,39.351492548877644,39.64960861206055,503900.0
2016-03-29,39.905122104074756,44.70055193089343,39.905122104074756,44.18949508666992,1597800.0
2016-03-30,44.53020399840916,45.35641580493509,44.0191470918446,44.51316833496094,547400.0
2016-03-31,44.46205740673201,45.71414760018624,44.46205740673201,45.433067321777344,446900.0
2016-04-01,45.13495563990826,46.14003372192383,44.990154134957145,46.14003372192383,299800.0
2016-04-04,46.080404473979534,46.36148799118939,45.48417261787364,45.67155838012695,261600.0
2016-04-05,45.484165275895776,45.705622322527894,45.07531599881904,45.21160125732422,233400.0
2016-04-06,45.2456826020497,45.63749633680812,44.95608284116931,45.347896575927734,216700.0
2016-04-07,45.19456726247938,45.19456726247938,44.26614502468722,44.6153678894043,349000.0
2016-04-08,44.88793845110924,45.254197027072344,44.17245695960225,44.41094970703125,195300.0
2016-04-11,44.53018851871392,45.203082369513325,44.300212015938705,44.49612045288086,196500.0
2016-04-12,44.487611068696786,44.956080384432525,44.04469362042403,44.334293365478516,254100.0
2016-04-13,44.84841087901403,45.242568843940596,44.48852510374676,45.07976531982422,246600.0
2016-04-14,45.0197855857079,45.242569530970634,44.702742494216,44.848411560058594,217800.0
2016-04-15,44.68562078492245,45.473936951699784,44.68562078492245,45.34540557861328,266300.0
2016-04-18,45.01122878099182,45.97092230913277,44.81414973557591,45.71385955810547,165900.0
2016-04-19,45.7309863108044,46.02232119247664,44.95980804898109,45.55961227416992,248800.0
2016-04-20,45.40537808196953,45.67957522613594,44.951236406135095,45.542476654052734,284700.0
2016-04-21,45.43965308597343,45.84238159644573,45.028357344266574,45.29398727416992,127000.0
2016-04-22,45.088341106656955,45.82524725752288,44.89983258735021,45.73099136352539,205700.0
2016-04-25,45.4910599599771,45.90235564454812,45.48249272993267,45.74811935424805,139700.0
2016-04-26,45.79096726995093,46.056597193281696,45.24257296124425,45.96234130859375,153800.0
2016-04-27,45.8166833520749,46.15086098691861,45.208305247199746,45.885231018066406,126200.0
2016-04-28,45.78239485979771,46.090867440721254,45.54247319405164,45.62815856933594,251400.0
2016-04-29,45.56817649202946,45.78239319111997,44.98550680900826,45.491058349609375,258400.0
2016-05-02,45.49963823978904,45.71385499848614,45.2168738180268,45.662445068359375,181900.0
2016-05-03,45.139756396205094,45.139756396205094,44.46283064310901,44.87412643432617,189100.0
2016-05-04,44.55708418155179,44.93410448636024,44.38571012711587,44.68561553955078,186500.0
2016-05-05,44.91695943803406,45.559609585978606,44.548509693738524,44.77129364013672,175000.0
2016-05-06,44.522811223178394,45.55961957128119,44.45426355875831,45.473934173583984,203200.0
2016-05-09,45.1997214522092,45.73954842459598,44.711307661993104,45.38823318481445,186300.0
2016-05-10,45.41395737349183,45.73956779442139,45.09691745423047,45.71385955810547,138900.0
2016-05-11,45.72241841782195,45.72241841782195,44.94266966767934,44.99407958984375,171600.0
2016-05-12,45.234005320145044,45.593887856213264,44.93409993806698,45.3196907043457,147000.0
2016-05-13,45.11404060146865,45.52533629395771,44.899823890670966,45.036922454833984,119500.0
2016-05-16,45.13974309384842,45.96233443387102,45.13974309384842,45.491058349609375,361100.0
2016-05-17,45.35396664352128,45.576750606003806,43.922997177735475,44.0858039855957,209700.0
2016-05-18,44.03438558700455,45.12260684633585,44.03438558700455,44.6684684753418,250000.0
2016-05-19,44.334297392718625,45.08833795460838,43.98298207427126,44.65990447998047,331600.0
2016-05-20,44.934102943038035,45.696717295650444,44.60849584635024,45.6710090637207,249900.0
2016-05-23,45.59389000786969,45.59389000786969,44.865554401729014,44.89982986450195,147900.0
2016-05-24,45.09690528560174,46.74208814359549,45.09690528560174,46.69924545288086,283900.0
2016-05-25,46.75066189720251,47.09340671546533,45.9966180671235,46.013755798339844,227300.0
2016-05-26,46.022316653946554,46.61355685859543,46.022316653946554,46.185123443603516,167000.0
2016-05-27,46.28795554196177,46.844917128459294,46.099443756756486,46.80207443237305,253000.0
2016-05-31,46.91345640584632,47.08483041631748,46.390767144818604,46.759220123291016,185500.0
2016-06-01,46.58787011650546,47.64181641120479,46.58787011650546,47.530426025390625,255700.0
2016-06-02,47.2305008464708,47.88172149658203,47.21336311686916,47.88172149658203,176200.0
2016-06-03,47.770328696334026,47.975978186343546,47.45328886506178,47.81317138671875,158900.0
2016-06-06,47.761770386504914,48.267322072320376,47.23908096759708,48.14735794067383,253800.0
2016-06-07,48.035957789768005,48.704312900729995,47.984544600967965,48.67860794067383,232400.0
2016-06-08,48.712892614477674,49.51834976864829,48.687187647834286,49.3726806640625,222200.0
2016-06-09,49.26985052406373,49.53548046013856,48.284452206107225,48.978515625,388900.0
2016-06-10,48.60149695569567,49.209871737076135,48.19020119073333,49.11561584472656,414800.0
2016-06-13,52.69731482058709,53.0657678523724,49.69828064380571,50.17812728881836,1040600.0
2016-06-14,50.03245464675349,50.11814329262053,48.42154406001697,49.706844329833984,677400.0
2016-06-15,49.92106545924348,49.92106545924348,48.55007969092143,48.635765075683594,368200.0
2016-06-16,48.6443405364475,48.94424268238901,48.10451340506456,48.92710494995117,313500.0
2016-06-17,49.03849465391888,49.09847507830942,47.847450128609744,48.087371826171875,541300.0
2016-06-20,48.80713454605157,49.732552304575336,48.58435060530748,49.3812370300293,365400.0
2016-06-21,49.398383710162534,49.90393536940243,49.338403281836456,49.715423583984375,264300.0
2016-06-22,49.69828657670454,50.075306884351775,49.38124669825827,49.48406982421875,233600.0
2016-06-23,49.66400710239636,50.17812922806962,49.269849094128446,50.11814880371094,362800.0
2016-06-24,46.83634239232445,49.3641002806588,46.83634239232445,48.55864334106445,680500.0
2016-06-27,48.001700377491304,48.17307446923426,46.964891862045356,47.15340042114258,231400.0
2016-06-28,47.51326666617311,47.84744420891529,47.11053820764404,47.3076171875,208300.0
2016-06-29,47.770323951820444,48.34442313706966,47.55610725248493,48.241600036621094,250800.0
2016-06-30,48.27588679128366,50.058168447155346,48.27588679128366,49.99818801879883,354000.0
2016-07-01,49.681144822276295,50.44375587639767,49.60402666687706,49.84394836425781,171900.0
2016-07-05,49.70687230600417,50.03248280618475,49.064221809397196,49.75828552246094,330900.0
2016-07-06,49.62973824049527,50.02389956987032,49.492639642487376,49.86966323852539,140800.0
2016-07-07,49.83537301327017,50.10957012808339,49.47549052583562,49.59545135498047,172600.0
2016-07-08,50.109583921422065,50.735096466063446,49.96391809413182,50.58086013793945,177400.0
2016-07-11,50.65797764727766,50.96645029953883,50.63227268248533,50.69225311279297,169400.0
2016-07-12,50.85505083732347,51.1035430307722,50.615129143614574,50.872188568115234,176900.0
2016-07-13,50.99278762070498,51.66465099206484,50.98417213418504,51.63019561767578,149100.0
2016-07-14,51.6818772447823,52.078104181722765,51.17367198710813,51.457923889160156,157600.0
2016-07-15,51.72494017747367,51.845530687822574,51.06168908470975,51.190895080566406,144700.0
2016-07-18,51.08754293115983,51.44070233634352,50.81190648252114,50.92388153076172,136600.0
2016-07-19,50.906643713665446,51.673260925127586,50.906643713665446,51.173667907714844,96700.0
2016-07-20,51.595746232571486,52.33651710567794,51.52683548018268,52.069496154785156,228700.0
2016-07-21,51.95750566160307,52.46571084103815,51.17366410883149,51.57850646972656,119900.0
2016-07-22,51.57851919462442,52.77581560278487,51.50960844136699,52.7241325378418,168200.0
2016-07-25,52.577678814895656,52.76717673068195,52.19006421421713,52.51738357543945,142000.0
2016-07-26,52.345119572696426,53.12034562917307,52.345119572696426,52.91361999511719,153900.0
2016-07-27,53.085905002364875,53.55103942228052,53.016994252246754,53.48213195800781,259800.0
2016-07-28,53.33569029713943,53.57687460071322,52.603531758551156,52.629371643066406,179500.0
2016-07-29,52.69828837284643,52.973924791822434,51.84553594262077,52.33651351928711,271500.0
2016-08-01,52.38819657402655,53.0859031077675,52.06087709433811,52.90501403808594,139500.0
2016-08-02,52.689673736299156,52.89640269678815,51.55267266822308,51.63019561767578,176100.0
2016-08-03,51.66464416455372,52.0780987450481,51.406235462475344,51.897212982177734,175700.0
2016-08-04,52.06086943385944,52.23314299181187,51.74216548744658,51.76800537109375,80300.0
2016-08-05,51.871368660870885,52.603527135108095,51.57850461400707,52.379573822021484,180900.0
2016-08-08,52.2762140285477,52.34512477063907,51.68187366431232,52.129783630371094,96800.0
2016-08-09,52.000563012586724,52.681041613128556,51.716314495985216,52.51738357543945,112500.0
2016-08-10,52.457100559932584,53.40460021718994,51.974735246034456,53.17203140258789,161100.0
2016-08-11,53.40460680123706,53.61994795769366,52.97392448832385,53.0428352355957,191700.0
2016-08-12,52.90500163256314,53.00836772981328,52.448479536830895,52.71550369262695,150500.0
2016-08-15,52.836104729914624,53.96449353955528,52.81026484336822,53.07728576660156,171000.0
2016-08-16,53.03420601718205,53.085889064253706,52.24175234381656,52.362342834472656,196600.0
2016-08-17,52.36234613857718,52.500164320286935,51.97473147569204,52.379573822021484,165000.0
2016-08-18,52.46572130302843,53.404608913752405,52.38819835220368,53.1375846862793,168600.0
2016-08-19,52.95669653751987,53.490741682833374,52.60353717412533,53.327083587646484,149700.0
2016-08-22,53.09450672587694,54.09368940449944,52.948076339539696,53.912803649902344,224800.0
2016-08-23,54.14538403784986,54.40379278337937,53.87835980549026,54.257362365722656,184800.0
2016-08-24,54.09369270745921,54.50714729428873,54.09369270745921,54.334877014160156,239300.0
2016-08-25,54.07647081220772,54.989518509535394,54.07647081220772,54.670814514160156,162800.0
2016-08-26,54.67081286735605,55.256541065229214,54.38656096875059,54.946449279785156,144000.0
2016-08-29,54.980891793314285,55.308207902864595,54.82584593685595,54.92059326171875,143800.0
2016-08-30,54.95504430099509,55.110090145249295,54.696635655852816,54.93781661987305,162100.0
2016-08-31,54.83446664223091,55.34267185372224,54.696648446869446,54.96367263793945,232300.0
2016-09-01,54.98950877935249,55.30821271833429,54.42962055052294,55.12732696533203,183900.0
2016-09-02,55.39434785249044,55.962851566232516,55.118714766375554,55.51493835449219,314600.0
2016-09-06,55.790576084498994,56.22125833690013,55.549395074624705,56.18680953979492,283400.0
2016-09-07,56.20402910724467,56.8931232805302,56.20402910724467,56.59164047241211,314100.0
2016-09-08,57.59944541399499,62.448925093368345,57.366873323156334,59.99403762817383,851500.0
2016-09-09,59.15851098589818,59.2618770862253,57.58221245727829,57.59082794189453,429100.0
2016-09-12,57.59083870603143,58.46081880757797,56.729474090711406,58.21963119506836,422900.0
2016-09-13,57.82339535915993,58.07319184775135,57.16876308390944,57.58221435546875,428400.0
2016-09-14,57.608066083652204,57.81479833362891,56.695021647172986,57.07402420043945,278600.0
2016-09-15,56.96204954170587,57.44441827883979,56.850074488068664,57.31521224975586,307600.0
2016-09-16,57.53915007434645,57.77171559313739,56.95342196322953,57.58221435546875,783600.0
2016-09-19,57.58221611835107,58.94317361991933,57.58221611835107,58.443580627441406,274600.0
2016-09-20,58.68474864752581,58.93454508846755,58.245457576751775,58.271297454833984,200000.0
2016-09-21,58.633090205874154,59.06377252164278,58.29715852530987,58.95179748535156,316700.0
2016-09-22,59.373858761480165,60.88986221126696,59.141293224260885,60.829566955566406,352200.0
2016-09-23,60.39887984027293,60.39887984027293,59.65810586005917,60.0543327331543,203200.0
2016-09-26,59.90790115838934,60.55392450702033,59.69256004217901,59.744239807128906,172900.0
2016-09-27,59.73563205193687,60.49363708496094,59.589201651171834,60.49363708496094,217800.0
2016-09-28,60.45055887566137,60.45055887566137,59.64087416947161,60.35580825805664,178900.0
2016-09-29,60.17492409963964,60.60560634680472,59.66671563070628,59.675331115722656,183000.0
2016-09-30,59.60642025004849,60.140468601186335,59.23603325542005,59.75285720825195,239300.0
2016-10-03,59.43414101145492,60.088779767016206,59.27047967964246,59.48582077026367,267300.0
2016-10-04,59.67531215590444,60.028474640785326,59.080968740708556,59.149879455566406,127600.0
2016-10-05,59.46861446319534,59.89068128912068,58.8484308820941,59.11545181274414,346200.0
2016-10-06,59.089593098006695,59.57196160277399,58.61584664850098,59.477210998535156,195000.0
2016-10-07,59.4341417019868,59.61502743160761,58.85702914962206,59.18434524536133,324600.0
2016-10-10,59.3824658815457,60.433331537163006,59.3824658815457,60.38164520263672,200800.0
2016-10-11,60.16630189103984,60.16630189103984,58.745049319882135,59.236026763916016,261000.0
2016-10-12,59.36583472099665,59.93690621270498,58.820720124168474,59.64271926879883,125300.0
2016-10-13,59.132206106742494,60.11861426631985,59.05433542652342,59.69462966918945,221500.0
2016-10-14,60.0234231956092,60.30895557032603,58.50055525751699,58.526512145996094,334100.0
2016-10-17,58.3880611617364,58.915866521969676,58.232313261545244,58.56111145019531,206100.0
2016-10-18,59.305264056514126,59.305264056514126,58.47461044638608,58.491912841796875,125300.0
2016-10-19,58.30154882244586,58.621699224250705,58.18906675765107,58.38808059692383,213300.0
2016-10-20,58.34482621877334,58.803415667598614,58.11985544335853,58.180423736572266,165800.0
2016-10-21,57.91219640032926,58.46596556483567,57.82567120614684,58.163124084472656,143200.0
2016-10-24,58.94183677543606,59.521562569939164,58.56977267122065,59.417728424072266,180000.0
2016-10-25,59.26200805756564,59.867697621211896,59.08030316890651,59.85904312133789,217500.0
2016-10-26,59.8590185709803,61.044433712468994,59.77249341207485,60.10129165649414,521900.0
2016-10-27,60.10129172761457,60.559881011657936,58.55246695602232,58.93318557739258,229400.0
2016-10-28,59.0802847652697,60.01477241709243,58.959148210564585,59.47830581665039,218200.0
2016-10-31,59.56482948063942,59.859022964245604,59.2533402060078,59.625404357910156,208100.0
2016-11-01,59.78981560657401,59.84173600027128,59.01107571560154,59.20143508911133,237100.0
2016-11-02,59.13220706751256,59.72058753292578,58.6563152772852,58.708229064941406,231400.0
2016-11-03,58.794755668475645,59.62541589977647,58.794755668475645,58.97646713256836,245400.0
2016-11-04,59.24468697393598,59.79845596513277,58.838011426959284,59.339866638183594,296300.0
2016-11-07,60.187825052067,61.33862896719104,60.187825052067,61.13962173461914,321700.0
2016-11-08,60.78485974313191,61.87509537483035,60.60315490475673,61.44246292114258,216800.0
2016-11-09,60.352223481233075,64.56606569078058,59.841720386788865,64.55741119384766,454400.0
2016-11-10,65.37077015906638,65.8120505342097,62.93937114027452,65.11984252929688,473500.0
2016-11-11,66.98882230010994,68.96162566723855,66.2706506844512,68.80587768554688,503200.0
2016-11-14,69.26444686319704,71.10745843038877,69.26444686319704,70.39794158935547,366000.0
2016-11-15,70.08644122794622,70.39793705040832,68.71067351327683,69.04812622070312,436900.0
2016-11-16,68.95298775356738,69.22121786031217,68.29538433548848,68.7366714477539,514600.0
2016-11-17,68.48573325763857,69.1433365750573,67.7329502521152,68.39920806884766,455100.0
2016-11-18,68.3559368429317,69.12602218557798,68.06174990369524,68.77991485595703,376600.0
2016-11-21,69.36829053676483,70.01723925936474,68.83183048434216,69.98262786865234,336500.0
2016-11-22,70.07780450697088,71.63528401431955,69.69709242852258,71.5920181274414,274600.0
2016-11-23,70.95173520908429,71.80834577356886,70.95173520908429,71.79969787597656,240800.0
2016-11-25,71.99004357564998,72.64764680776133,71.3757062330458,72.63899230957031,96600.0
2016-11-28,72.54380987297193,73.02836273150945,71.9381270516096,72.64764404296875,241400.0
2016-11-29,71.57473210988645,73.23603956353455,71.54877521239962,72.95050048828125,320400.0
2016-11-30,73.1235394398284,73.27063289027623,71.3843551211976,71.4449234008789,463300.0
2016-12-01,71.39300771462514,71.54010116114992,69.3769389424425,69.82687377929688,330800.0
2016-12-02,69.8182264990161,70.24220444921554,69.37693955410397,70.21624755859375,286200.0
2016-12-05,70.46717496402562,70.7527073614765,70.00858562719077,70.30277252197266,383700.0
2016-12-06,70.71811274909226,71.07286797333451,69.54135179777245,70.81328582763672,321300.0
2016-12-07,70.80463723571174,71.2459176370403,70.65754376860221,71.0555648803711,356800.0
2016-12-08,71.25456744443241,75.98756778594672,68.34727667892174,74.33491516113281,1101300.0
2016-12-09,75.06173709821212,77.22489955061016,75.06173709821212,76.70574188232422,640600.0
2016-12-12,76.16061161671561,76.16061161671561,73.13218454531442,73.61673736572266,570900.0
2016-12-13,73.77251851367416,74.30033085466623,73.35718828087134,73.47832489013672,716100.0
2016-12-14,73.53885367540339,74.05801123632699,72.58706371346904,72.8985595703125,515800.0
2016-12-15,72.85529349344837,74.30029072603259,72.8120342143317,72.9850845336914,406000.0
2016-12-16,73.27064362788782,74.1705200589183,72.1544509375168,72.21501922607422,1718400.0
2016-12-19,72.66496172708338,74.49931940622385,72.66496172708338,73.87632751464844,568300.0
2016-12-20,74.43872253227947,74.93192315681226,73.53019854048009,74.10992431640625,360700.0
2016-12-21,73.77248152331813,74.1618480576598,73.53885632155571,73.8416976928711,239100.0
2016-12-22,73.8849729395271,73.89362743736068,72.90722593065844,73.16680145263672,223900.0
2016-12-23,73.16681957775748,73.6427180547802,72.33616581904903,73.5042724609375,174800.0
2016-12-27,73.50426834434762,74.25705136544705,73.31391556564846,73.7984619140625,191500.0
2016-12-28,74.04071487762906,74.05801727044278,72.75147206597683,72.92452239990234,210700.0
2016-12-29,72.76013208575532,74.30895725782524,72.63899551153293,73.88497924804688,226600.0
2016-12-30,73.75517800826651,73.85035767509926,72.82069693614535,73.37446594238281,287600.0
2017-01-03,73.51290318870423,73.98014701465465,72.26691965283644,72.75147247314453,236700.0
2017-01-04,73.210076730969,74.02342799401379,73.01971736289907,73.91959381103516,332500.0
2017-01-05,73.54752540906526,74.21377655813374,72.56112383169481,73.43504333496094,300600.0
2017-01-06,73.44367876130957,74.62043949615777,72.6389821794126,74.07532501220703,379500.0
2017-01-09,73.67730113685653,74.04071077885058,72.44862667024044,73.00239562988281,347300.0
2017-01-10,72.8120829203601,74.33495183491162,72.56115516842341,73.58216857910156,277800.0
2017-01-11,73.45186722204366,73.76450279143293,72.65291260053782,73.59081268310547,353000.0
2017-01-12,73.2260889514349,73.89477779016302,72.14055038975827,73.86004638671875,363900.0
2017-01-13,74.02501381923086,74.82397491311454,73.50395684537553,73.6515884399414,375900.0
2017-01-17,73.14789857144063,73.74711106713501,72.36630985358013,73.07842254638672,440800.0
2017-01-18,73.20002406980629,73.78187104525801,72.89607465170467,73.01765441894531,228200.0
2017-01-19,73.10451629737783,73.56478363235331,72.47924496473105,72.64424896240234,225800.0
2017-01-20,72.6007952456593,73.25211818140194,71.9668446318722,72.2621078491211,257800.0
2017-01-23,72.42714628510222,72.87872748709351,71.18528969762279,71.30686950683594,261900.0
2017-01-24,71.59343746420274,72.01896670217565,70.95948006323796,71.49790954589844,358400.0
2017-01-25,71.86260797505551,72.74840397380541,71.43707897937352,71.54997253417969,310700.0
2017-01-26,71.50655646781891,72.18393775017253,71.2547174805417,71.89735412597656,162100.0
2017-01-27,71.79315518377165,72.52264032365328,71.43710208768626,72.51395416259766,199500.0
2017-01-30,71.90606846173112,72.01896207356187,69.50919774617988,70.29078674316406,255400.0
2017-01-31,70.14313749146099,71.0202542631919,69.72629450877682,70.7076187133789,223400.0
2017-02-01,71.21999356756227,71.86263034021017,69.73497807403288,70.16050720214844,309500.0
2017-02-02,70.0476274651082,72.21870433979268,69.63077778990443,71.23737335205078,317400.0
2017-02-03,71.80184816902536,72.03632153501528,71.14183900366088,71.8192138671875,213200.0
2017-02-06,71.38500810456564,72.14054527514313,71.12448284359489,71.51527404785156,307700.0
2017-02-07,71.59342163072526,72.82659150716256,71.32420363613421,71.76710510253906,214100.0
2017-02-08,71.54131850184956,71.54131850184956,69.76971908320851,70.898681640625,277100.0
2017-02-09,70.94211008143756,72.1839663188521,70.94211008143756,71.75843048095703,295300.0
2017-02-10,72.01894416181003,73.06105814820539,71.48920100813928,72.44447326660156,260400.0
2017-02-13,72.73107460479339,73.76450930742986,72.73107460479339,73.530029296875,256000.0
2017-02-14,73.51264929202942,73.8773885423593,72.809216022851,73.6081771850586,225700.0
2017-02-15,73.41712948359184,75.18872884176511,73.38239146179234,74.99767303466797,292800.0
2017-02-16,75.27557805062905,76.5955898819512,75.27557805062905,76.5782241821289,295600.0
2017-02-17,76.27427606674102,76.80401936612445,75.7445327673576,76.1005859375,237900.0
2017-02-21,75.95294122860702,76.83005800995741,75.80530961335393,76.76058197021484,222100.0
2017-02-22,76.48267659641036,77.36847282272348,75.84871939354771,76.8561019897461,157600.0
2017-02-23,77.09059306771458,77.28164888861113,75.77058127199399,76.43927001953125,189100.0
2017-02-24,75.62293758804788,77.25558471679688,75.62293758804788,77.25558471679688,224900.0
2017-02-27,76.86479811980814,78.04586432514607,76.86479811980814,77.49874877929688,264800.0
2017-02-28,77.44665112140753,77.44665112140753,75.52742004394531,75.52742004394531,399100.0
2017-03-01,76.4826827129384,77.8374323293835,76.25688890166433,77.42927551269531,304600.0
2017-03-02,77.16009521484375,77.41194100706399,76.67377596123386,77.16009521484375,261900.0
2017-03-03,76.81268763941442,77.29032714278398,76.38715847997608,76.45663452148438,175400.0
2017-03-06,75.71850065076322,76.03113633932739,75.28428515282441,75.82270812988281,172200.0
2017-03-07,75.77059788156382,76.3611311730574,75.61428005070957,75.88349151611328,178000.0
2017-03-08,76.12665239613413,76.45665373783997,75.40585319192229,75.4840087890625,173900.0
2017-03-09,75.43189034814627,75.43189034814627,74.58951151780435,74.6937255859375,203400.0
2017-03-10,75.12793782324924,75.18004154236,74.52871855107506,74.93688201904297,198000.0
2017-03-13,74.9368880161607,75.64031478285088,74.68504231097023,75.58821105957031,230500.0
2017-03-14,75.49270673666629,75.98771213929243,74.52006163606637,75.82270812988281,212700.0
2017-03-15,76.00504494561403,76.9429516053392,75.75320589634693,76.76058197021484,269800.0
2017-03-16,76.88216469764478,77.13401038224288,75.42320093467653,75.47531127929688,240900.0
2017-03-17,75.31030602149413,76.22215421644628,73.99897390235346,76.0311050415039,616000.0
2017-03-20,76.09187688294989,76.34372250345359,75.29291584957322,75.5621337890625,165300.0
2017-03-21,75.77927447607354,75.91821996061813,73.82530514995577,74.18135833740234,254100.0
2017-03-22,74.29424381404387,75.0063566729745,74.15529173152083,74.97161865234375,221900.0
2017-03-23,75.17136271188049,76.08321763884994,74.7631992041056,75.63162994384766,254500.0
2017-03-24,75.53610830282764,75.6403157507222,74.61556721762132,74.76319885253906,177700.0
2017-03-27,73.94687423916608,74.83267062363566,73.14791959817778,74.42450714111328,324200.0
2017-03-28,73.95552780090581,74.58947821190819,73.50394033290661,74.22473907470703,246700.0
2017-03-29,74.0250285527237,75.30162269939412,73.96423867076797,74.90214538574219,316100.0
2017-03-30,70.34289919836914,70.77711462551956,63.143606621142865,65.10626220703125,2037900.0
2017-03-31,65.33204325937854,66.29599522287141,64.55913385522248,64.61124420166016,941000.0
2017-04-03,64.32466603201114,64.60256360977165,62.969916168628764,63.43018341064453,746200.0
2017-04-04,63.02202321677548,64.69809493446417,62.52701792324054,64.13361358642578,522500.0
2017-04-05,64.05545165049679,64.57650875646665,62.75280557277183,63.134910583496094,525900.0
2017-04-06,62.96991003560308,63.34333549049865,62.45753249256021,63.317283630371094,294100.0
2017-04-07,63.0480717566235,63.73413285106995,62.570438814698086,63.43018341064453,686300.0
2017-04-10,63.28252468660234,63.881737148232276,62.76146115391817,63.0046272277832,297200.0
2017-04-11,63.03081383125547,63.615164359865496,62.55985467988777,63.5890007019043,315400.0
2017-04-12,63.24886155943383,63.6413364429083,62.289489600997236,62.34182357788086,348000.0
2017-04-13,62.13248434763798,62.48134859933586,61.042287719852204,61.13822555541992,687100.0
2017-04-17,61.13823324850516,62.673232156706995,61.042295400865484,62.53368377685547,523200.0
2017-04-18,62.05400062151132,62.64706792235541,62.05400062151132,62.51624298095703,217400.0
2017-04-19,62.75172241801103,63.67621378895774,62.64706778834255,62.83894348144531,303500.0
2017-04-20,63.26629268615702,63.48433201579471,62.52496029619532,63.397117614746094,276800.0
2017-04-21,63.20524508816287,63.44944808487525,62.88254446877431,63.065696716308594,263700.0
2017-04-24,63.81575369868711,64.87978676361524,63.81575369868711,64.73152160644531,210900.0
2017-04-25,65.28097645724836,65.84788006677545,64.72279628436915,64.7751235961914,283300.0
2017-04-26,64.87106877415421,65.70833912816849,64.5658149972792,65.4205322265625,240500.0
2017-04-27,65.69090206380253,66.03104295352824,64.26056430853704,64.68791961669922,221100.0
2017-04-28,64.75768014240701,65.00188312409013,63.51049492535491,63.65876007080078,442700.0
2017-05-01,63.63261627808682,64.96701631167535,63.4233003218856,64.06869506835938,376300.0
2017-05-02,63.955294009055294,64.65301583048684,63.43200097947366,63.93784713745117,234900.0
2017-05-03,63.807021224538424,64.33031419141348,62.734264986518134,63.34477233886719,215000.0
2017-05-04,63.69365243495845,64.82745969125162,62.81277161750093,64.81001281738281,243800.0
2017-05-05,64.99316865242835,65.71706091514467,64.37393767659745,65.00189208984375,192100.0
2017-05-08,64.60939085236954,64.86231717574601,64.07737456078966,64.16458892822266,281200.0
2017-05-09,64.39139852966854,64.40011531494308,63.18781675832567,63.449466705322266,192300.0
2017-05-10,63.170351137666906,63.955294009055294,63.030802780961466,63.93784713745117,183900.0
2017-05-11,63.76342626533857,63.76342626533857,62.917432546322864,63.3360710144043,163100.0
2017-05-12,63.152937993840496,63.876823778977105,63.152937993840496,63.815773010253906,146200.0
2017-05-15,63.93785896229121,65.52518521620462,63.76343013818196,65.00189208984375,587100.0
2017-05-16,65.00189208984375,65.61240628229237,64.65302778759212,65.00189208984375,221100.0
2017-05-17,65.00189890198531,65.00189890198531,62.11505964003037,62.39414978027344,236900.0
2017-05-18,62.49005971000877,63.77213175605535,62.402845327794424,62.90869140625,271800.0
2017-05-19,63.2226694667474,63.301167069755465,62.60343869337,62.72554016113281,439000.0
2017-05-22,62.96102520716842,64.12971256489392,62.96102520716842,64.0163345336914,284200.0
2017-05-23,64.18206064308492,64.940839985652,63.719818280177265,64.70536041259766,134300.0
2017-05-24,64.62686608917531,65.49030010655585,64.5047645777895,65.35948181152344,182200.0
2017-05-25,65.51646458237734,66.92935527511187,64.71407473814564,66.72003936767578,276600.0
2017-05-26,67.10378224967982,67.46136326903944,65.99613879437473,67.30437469482422,219800.0
2017-05-30,66.9032026131691,67.25206695224936,66.22292081168115,66.24908447265625,176100.0
2017-05-31,66.51945635606579,66.86832072231957,64.9670169129725,66.27525329589844,436600.0
2017-06-01,66.09208146025202,67.29566283527978,65.34202562347691,67.2520523071289,235100.0
2017-06-02,67.42648001386142,68.34224785786094,67.33054217671739,67.75790405273438,290200.0
2017-06-05,67.7666015625,68.28117769302341,67.29564260104517,67.7666015625,244500.0
2017-06-06,67.10378216566025,67.32182148212883,66.54560204782324,66.58048248291016,368200.0
2017-06-07,66.71131615115951,66.71131615115951,65.6211194258639,66.25779724121094,542800.0
2017-06-08,66.28396189788825,67.76662680504366,65.9874315780703,67.33927154541016,353100.0
2017-06-09,67.85385566908005,68.25504731768386,66.7898224621582,67.19973754882812,393900.0
2017-06-12,67.19973282237764,71.05466707629324,67.19973282237764,71.02850341796875,827500.0
2017-06-13,63.72855350382139,66.26653523163833,63.23142395406801,64.99317932128906,1991500.0
2017-06-14,65.06294760460625,65.64729152756749,64.30417484477208,64.68791961669922,533200.0
2017-06-15,63.990188717806745,64.57453255951926,63.571550251873305,64.3913803100586,385400.0
2017-06-16,63.51049731567844,64.39137809335928,61.19927903085004,61.91444778442383,709200.0
2017-06-19,62.062726652355096,62.926160655215604,61.43477223062628,62.167381286621094,519600.0
2017-06-20,62.02780421854873,62.3243343854112,61.53067502690386,62.21967315673828,295000.0
2017-06-21,62.36798815959201,62.7953434952496,62.07145113298897,62.298213958740234,248300.0
2017-06-22,62.228418249598306,62.716830832714464,61.63535105541075,62.32435607910156,170300.0
2017-06-23,62.35925689998587,62.54240916372562,61.661528287044085,61.76618957519531,403200.0
2017-06-26,61.87957617973401,62.420316262031044,61.27779198847256,61.32139587402344,279600.0
2017-06-27,61.13823684592023,61.190570818460415,59.65557181993821,60.335853576660156,504200.0
2017-06-28,60.67597632442819,61.83594700096283,60.12651968218981,61.60918426513672,212900.0
2017-06-29,61.59175031406765,61.59175031406765,59.89103960341985,60.26606750488281,238700.0
2017-06-30,60.362025166845335,61.08591755345701,60.26608730095539,60.5451774597168,245800.0
2017-07-03,60.81550095806888,61.678934388931836,60.518964164684064,61.19924545288086,125000.0
2017-07-05,61.120798391973864,61.77491650835877,60.850425045791944,61.55687713623047,208600.0
2017-07-06,60.94635447473122,61.635359593871186,60.58877341398139,60.69342803955078,341300.0
2017-07-07,61.05102733687721,62.1499476920705,60.83298795353122,62.08017349243164,175000.0
2017-07-10,61.905722019932334,62.12376132358181,61.18182993484853,61.29520797729492,252500.0
2017-07-11,61.47838288949216,62.42031462595288,61.47838288949216,62.15866470336914,179900.0
2017-07-12,62.74557008961888,63.6653389379311,62.333870844108745,63.40254592895508,209800.0
2017-07-13,63.45509412770685,63.58648391924773,62.33385668587586,62.86819076538086,247200.0
2017-07-14,62.85067064127341,63.55144734257019,62.298813500095996,62.9820671081543,211000.0
2017-07-17,61.94842982787824,62.65796144627714,59.802305195017276,61.84331130981445,378700.0
2017-07-18,61.45786954063021,61.799496256121444,60.57314068823232,60.906005859375,410200.0
2017-07-19,61.36152333269344,62.61415706958234,61.36152333269344,62.228729248046875,363000.0
2017-07-20,62.38641360741367,62.60540550764576,61.808271782911795,61.90462875366211,150100.0
2017-07-21,62.25501651767126,62.57912693274032,60.91478717074359,61.282691955566406,335200.0
2017-07-24,61.273917499086444,61.273917499086444,60.54686962980812,61.011131286621094,199300.0
2017-07-25,61.2476515008598,62.605403921132265,61.037421153233225,62.123619079589844,440400.0
2017-07-26,62.20246101499933,62.94703213679556,61.86083418637397,62.876953125,298700.0
2017-07-27,62.99959431463349,63.05215692025474,61.887118295012606,62.605411529541016,244400.0
2017-07-28,62.3075805499963,63.06967486047757,62.237508212643114,62.57037353515625,173500.0
2017-07-31,63.148506797766764,63.50765675419719,61.536729475618664,61.67688751220703,247600.0
2017-08-01,61.913390103669435,63.06090551863655,61.457889893203095,62.876953125,224500.0
2017-08-02,62.67548149038329,62.67548149038329,61.431602478027344,61.431602478027344,177900.0
2017-08-03,61.475421079105224,63.551467191547616,61.19511164765808,63.3587532043457,261700.0
2017-08-04,63.455090461492894,63.455090461492894,62.41268695481288,62.675479888916016,156800.0
2017-08-07,62.5703629038394,62.77183838264314,61.396562901495834,62.579124450683594,150100.0
2017-08-08,62.28126986969447,63.288633539468584,61.63305597875884,61.98344421386719,210200.0
2017-08-09,61.61555813664459,61.72067665517655,60.923549609725534,61.04618453979492,172400.0
2017-08-10,60.757101479377724,61.046172335221655,60.00376895493051,60.66950607299805,291800.0
2017-08-11,60.42423096697317,61.12500083970385,60.11763704685918,60.70454025268555,198800.0
2017-08-14,61.12499700418187,61.9396468588996,60.73081439319914,61.86956787109375,339900.0
2017-08-15,61.90463421780056,62.34261805692427,61.01115012655352,61.86083984375,176400.0
2017-08-16,62.036034027235736,63.46385901330006,61.99223296773729,62.90324020385742,163700.0
2017-08-17,62.666712946074426,62.675474491950595,60.932294433168174,60.95857238769531,159500.0
2017-08-18,60.46803132208535,61.081212540029036,60.34539641511685,60.564388275146484,161100.0
2017-08-21,60.3541760705581,61.606810153114886,60.3541760705581,61.03742980957031,151700.0
2017-08-22,61.247643932656075,62.491516136806304,61.247643932656075,62.36888122558594,132900.0
2017-08-23,61.98345414901434,62.412676297193485,61.66810535518046,62.079811096191406,137100.0
2017-08-24,62.49151688931889,62.780587762005595,61.904620280968196,62.68423080444336,120400.0
2017-08-25,62.98208245005513,63.017121961965486,62.132392664763685,62.561614990234375,123600.0
2017-08-28,62.85068293387869,62.99959584002115,61.89588134179712,62.57037353515625,321200.0
2017-08-29,62.0622857698947,63.17476805336642,62.0622857698947,62.95577621459961,159200.0
2017-08-30,62.990828398203234,64.03322521618142,62.55284463245219,63.9631462097168,184000.0
2017-08-31,63.9631363158216,64.73399190149176,63.709111652108504,64.71646881103516,292400.0
2017-09-01,64.71648322955883,65.48733898697198,64.22594351709762,65.18950653076172,197500.0
2017-09-05,64.92671658010802,65.90779594937574,64.85663757284549,65.2420654296875,189500.0
2017-09-06,65.41724163517613,65.98662174642268,64.78654407706306,65.56615447998047,252200.0
2017-09-07,65.51358493418093,65.93404542995886,65.05807826680591,65.39971160888672,299800.0
2017-09-08,59.740980075469224,59.767264713944066,53.267584208076265,53.486576080322266,1922100.0
2017-09-11,53.653010966429974,54.62533545491873,52.742003937435925,53.705570220947266,874600.0
2017-09-12,53.96834942599894,54.564007496376334,53.600441398271585,54.45888900756836,385900.0
2017-09-13,54.20486825644105,54.5815345377914,53.92455893193159,54.51145553588867,321400.0
2017-09-14,54.450139724712145,55.27354797263659,53.79316409900782,53.863243103027344,460200.0
2017-09-15,53.9157902496238,55.44873312706302,53.670520458529616,55.43121337890625,957000.0
2017-09-18,55.40493542744624,55.904236554488136,55.21222153927208,55.43121337890625,368500.0
2017-09-19,55.45750002298833,56.911605844803326,55.36990127375212,56.85028839111328,337500.0
2017-09-20,56.762700529203066,57.323319232638475,56.43859012626924,57.09556579589844,304200.0
2017-09-21,57.33206958248411,57.349592674831754,56.71889501234801,57.07804489135742,392400.0
2017-09-22,56.534941788892844,58.08540128320345,56.1582755063166,56.6488151550293,351300.0
2017-09-25,56.552458197874806,56.8853301164454,55.94804184147492,56.6488151550293,373200.0
2017-09-26,56.9466407897649,57.89268047344451,56.83276075409093,57.44594192504883,408900.0
2017-09-27,57.90146164640523,58.83874678591678,57.612390711380364,58.4358024597168,319400.0
2017-09-28,58.36571119929623,58.58470307084513,57.19191797568287,58.42702865600586,373700.0
2017-09-29,58.339426427962636,58.68981471812383,57.84012528649069,58.55841827392578,308500.0
2017-10-02,58.52338566035706,59.53074960689792,58.216798376566764,59.4519157409668,242100.0
2017-10-03,59.495700028791475,59.75849290358967,58.6810501366376,59.30298614501953,284900.0
2017-10-04,59.24168082276908,60.10013193077601,58.610989823759944,59.80229949951172,457500.0
2017-10-05,59.88115737547018,60.9060380638565,58.882554650923964,60.800926208496094,405800.0
2017-10-06,60.66075131120255,61.03741761554926,60.22276754722275,60.78338623046875,288000.0
2017-10-09,60.827184982802834,61.554232924392934,60.70455006816828,61.291446685791016,343400.0
2017-10-10,61.344026130313146,61.98348558745353,60.84472473401062,61.60681915283203,293400.0
2017-10-11,61.58052137838313,62.018505152957395,61.23013302210331,61.35276794433594,236900.0
2017-10-12,61.43193872588747,61.43193872588747,60.46409227564198,60.86882781982422,521600.0
2017-10-13,60.9832395380718,60.9832395380718,59.487476664598866,60.66648864746094,319300.0
2017-10-16,60.80724658218002,61.053606800166534,60.12095548555687,60.54328536987305,327700.0
2017-10-17,60.402518770262105,61.036020391259704,59.637036526087776,59.733821868896484,298200.0
2017-10-18,60.16493961586586,60.58727617838859,59.93618041094415,60.472896575927734,185600.0
2017-10-19,60.39370780772405,61.46714017811132,60.28812198491455,61.44953918457031,264700.0
2017-10-20,62.03025986657385,62.41740122518884,61.41435926224376,62.36460494995117,262000.0
2017-10-23,63.35004987670172,64.4146818538143,62.71654830388465,62.86612319946289,634300.0
2017-10-24,63.21807445899402,64.05394726902692,62.88372936266889,63.51723098754883,355700.0
2017-10-25,64.68742635553303,65.56728801643035,63.9219510067519,64.20350646972656,285000.0
2017-10-26,64.57303676219037,65.01296752455046,64.25628607626624,64.4234619140625,238800.0
2017-10-27,64.52029374281346,64.94262382003706,63.596435790561586,64.80184936523438,232000.0
2017-10-30,64.92500828446944,64.93380878276959,63.56121969891932,63.79878616333008,251700.0
2017-10-31,64.15952002357534,64.93380269386341,63.85156974008018,64.52906036376953,226400.0
2017-11-01,65.10976170864929,65.364922391153,63.61399959776442,64.10671997070312,203500.0
2017-11-02,64.07154252773994,64.07154252773994,62.602174783284525,63.05970001220703,367200.0
2017-11-03,63.077306872517106,63.25327658165681,62.144648618197124,62.17984390258789,212000.0
2017-11-06,62.47018792477114,62.57577375759463,61.58152562540864,61.9422721862793,201000.0
2017-11-07,61.951058790472665,61.951058790472665,60.78963502831858,60.930416107177734,311400.0
2017-11-08,60.62249133146512,60.97443746351359,59.43467900951389,60.85125732421875,266800.0
2017-11-09,60.14734240066117,61.03600453891244,59.812997393221536,60.428897857666016,165000.0
2017-11-10,60.10335977887514,60.622481751999004,60.085765495819295,60.3673210144043,161900.0
2017-11-13,59.962578971151146,60.51688945117863,59.51384760380756,60.04176330566406,212100.0
2017-11-14,59.94500531476005,60.31455251612074,59.46987895256667,59.90101623535156,179000.0
2017-11-15,59.425871556693025,59.962587834881916,58.8187647177681,59.733821868896484,250000.0
2017-11-16,59.980173785929686,61.31756740286387,59.980173785929686,61.13279724121094,201600.0
2017-11-17,60.71048444939821,61.05363012882613,60.208963324633174,60.68408966064453,275300.0
2017-11-20,60.71046376380352,61.731106666620484,60.51689309514425,61.67831039428711,205500.0
2017-11-21,61.79268677935215,63.35883944600815,61.79268677935215,63.121273040771484,407800.0
2017-11-22,63.1916763537931,63.737193104934185,62.241423966442696,62.41740036010742,208700.0
2017-11-24,62.53178584349719,63.006912081713665,61.95987425789511,62.47899627685547,82900.0
2017-11-27,62.3118007467534,62.989291252333416,61.6959002871352,62.6197509765625,262200.0
2017-11-28,62.69015542693757,63.789982715129455,62.5405805268186,63.74598693847656,182500.0
2017-11-29,63.69319638395374,65.05698488517945,63.69319638395374,64.6082534790039,270400.0
2017-11-30,65.00418060578372,65.55849777832496,64.60824552209321,65.28573608398438,311300.0
2017-12-01,65.10097518200642,65.10097518200642,62.71655041872496,64.29150390625,236800.0
2017-12-04,65.10980295367885,65.77850010684563,64.39711671809778,64.43231201171875,291900.0
2017-12-05,64.76664008065674,65.19777056591568,64.10674360385028,64.46748352050781,342100.0
2017-12-06,64.27390962321749,65.16256524183977,63.52602169448137,64.29150390625,307900.0
2017-12-07,64.30910069570501,67.07187313640046,64.17712678578495,66.36798095703125,842900.0
2017-12-08,73.46846785694251,77.85897681096124,69.81703966879525,70.36255645751953,1276800.0
2017-12-11,70.89046591472325,71.68234288797855,69.06915223264252,69.236328125,542700.0
2017-12-12,69.35951710799861,70.03700783611409,67.76696246020228,67.97813415527344,434900.0
2017-12-13,68.01333145786178,68.75241227412116,67.76696447296138,68.02212524414062,371000.0
2017-12-14,68.16287030326848,68.3652346856039,66.90466811145953,67.01025390625,431900.0
2017-12-15,67.01905284126151,69.35068729789342,67.01905284126151,68.30364990234375,1628000.0
2017-12-18,68.6468194763325,70.16898345027089,68.13650469843226,68.83159637451172,602800.0
2017-12-19,68.8403957393849,69.49149840285165,68.60283597117837,68.75241088867188,323500.0
2017-12-20,68.9459384802931,69.16590382595182,67.71413120204235,68.36522674560547,338700.0
2017-12-21,68.59403390820803,69.27153134015926,67.51180751476815,67.9957275390625,365100.0
2017-12-22,67.91654610628298,68.45326243310588,67.35343499499565,68.02212524414062,173900.0
2017-12-26,67.80215161723336,68.56763383887906,67.39741597413281,67.7757568359375,285100.0
2017-12-27,67.73176777138211,68.33886787962635,67.45900603476088,67.7757568359375,155700.0
2017-12-28,67.85495374247886,68.18049835694418,67.26544115385855,67.82855224609375,112400.0
2017-12-29,67.88133122166086,68.40924689695275,67.30941977642297,67.37100982666016,172800.0
2018-01-02,67.6085535443809,68.55880556289752,67.18622378913602,68.23326110839844,235200.0
2018-01-03,68.1892802763383,68.7259964387641,67.38860292449223,68.08369445800781,271100.0
2018-01-04,68.20688332072329,69.06035033499688,68.20688332072329,68.59402465820312,225300.0
2018-01-05,68.72603112308188,68.97239144403972,67.89895857745324,68.62044525146484,164000.0
2018-01-08,68.44443228522582,69.41227866894792,68.13648207851574,69.22750854492188,170700.0
2018-01-09,69.44749547436611,70.14258713525177,68.88438443237499,69.01636505126953,213800.0
2018-01-10,68.46206980044691,69.25394705553654,68.25970527086668,68.62044525146484,199300.0
2018-01-11,68.86777763556807,69.63631478792263,68.52326260786504,69.56564331054688,187300.0
2018-01-12,69.60981274195485,69.60981274195485,68.5674320681269,69.12395477294922,172600.0
2018-01-16,69.77763817008923,70.39600337399747,68.54091450187455,68.62925720214844,133000.0
2018-01-17,69.02677516727054,69.13278236809565,68.4525812904381,69.0621109008789,106800.0
2018-01-18,68.8500992141257,69.07094248156686,67.79888310443329,67.9137191772461,247400.0
2018-01-19,67.78121382577757,68.83242312169432,67.78121382577757,68.47907257080078,232100.0
2018-01-22,68.33772759614727,68.62924226857383,67.93137687379524,68.42606353759766,209100.0
2018-01-23,68.34660030750237,69.1681378141236,68.18759283074975,68.95612335205078,171400.0
2018-01-24,69.01791931349494,69.38010542208929,68.08154623601702,68.18755340576172,127000.0
2018-01-25,68.52325041344794,68.867765379841,68.06389937145781,68.82360076904297,148400.0
2018-01-26,69.12393671995515,69.45961603112474,67.63103420473043,69.34477996826172,381000.0
2018-01-29,69.13278716303053,69.66280972471345,68.65576483563513,69.0179443359375,117700.0
2018-01-30,68.30241354998147,68.77060025390541,67.79889111034217,67.9755630493164,114400.0
2018-01-31,68.19640723863577,68.66460068831218,67.70172041132793,67.71055603027344,122400.0
2018-02-01,67.41900945952315,69.16809050754163,66.96848746025182,68.24938201904297,315600.0
2018-02-02,68.39076809753554,68.79711905924181,65.93499108483874,65.98799133300781,252100.0
2018-02-05,65.2459349802506,66.04097208496721,63.258345588259864,63.30251693725586,465800.0
2018-02-06,62.03929015593699,62.93149205356528,60.44921602420124,61.721275329589844,361900.0
2018-02-07,61.3502586649302,62.11879568274728,60.731900195147624,61.47393035888672,451600.0
2018-02-08,61.712450193108204,62.3484799538213,59.76019629623199,59.830867767333984,240000.0
2018-02-09,60.396221869672715,61.3944310562734,58.859147807980655,60.908573150634766,303200.0
2018-02-12,61.712454610322894,63.320193625157636,61.21776775640541,62.54282760620117,287200.0
2018-02-13,62.2159615052935,62.98449845199673,62.00395386949997,62.48097610473633,151200.0
2018-02-14,61.86260317807082,63.885527930092486,61.86260317807082,63.72652053833008,132200.0
2018-02-15,64.20354740397904,64.22121189786516,63.33783893233964,63.982704162597656,112100.0
2018-02-16,63.726527308335946,64.44205727748115,63.24950508237212,63.33784103393555,199000.0
2018-02-20,63.01100872733588,64.30073272414022,63.01100872733588,63.470359802246094,113500.0
2018-02-21,63.67354491750139,64.94559780338373,63.67354491750139,64.07106018066406,139600.0
2018-02-22,64.24773833173525,65.1399404463595,64.18590247488403,64.66291809082031,184900.0
2018-02-23,65.06925469581888,65.81128473839782,64.13287478641115,64.45088958740234,163700.0
2018-02-26,64.65409070049061,65.48445697739366,64.30074005051333,65.44029235839844,140400.0
2018-02-27,65.40495094242077,66.049809588524,65.11343617602219,65.61695861816406,184300.0
2018-02-28,65.97030139827918,66.10280870722394,63.86787590961486,63.9473762512207,264800.0
2018-03-01,63.8236662228501,64.2565168817724,62.78128635267155,63.85016632080078,225500.0
2018-03-02,63.26718673337737,65.85547030399279,63.26718673337737,65.70529174804688,204100.0
2018-03-05,65.16644136066081,67.03035944799282,65.14877686117462,66.68584442138672,310800.0
2018-03-06,66.93317214753161,67.49853709248507,66.1028060744466,67.41019439697266,225000.0
2018-03-07,66.89786244391418,67.32187785037374,66.07632501184497,66.98619842529297,283000.0
2018-03-08,67.26001017662257,67.91370421716368,66.53564468856344,67.32184600830078,145000.0
2018-03-09,67.77237445982843,69.92780663541156,67.48969538267005,69.83063507080078,332100.0
2018-03-12,70.00731860084514,70.15749041125416,68.90310221912834,69.39778900146484,253000.0
2018-03-13,69.5302866166429,69.80413008443853,68.18756264919222,68.43490600585938,175300.0
2018-03-14,68.81475622164655,68.81475622164655,67.65753303942931,68.24056243896484,229900.0
2018-03-15,68.39074344742183,68.72642953711257,67.35719854302026,68.35540771484375,210400.0
2018-03-16,68.48790663157328,68.79708582922856,67.586869149892,68.49674224853516,798300.0
2018-03-19,68.1345584045277,68.1345584045277,66.74766303681976,67.81654357910156,241500.0
2018-03-20,67.91370519190791,68.69107764656302,67.57802592077974,68.23171997070312,223300.0
2018-03-21,68.39073708156654,68.92075954169903,67.73704293872318,68.28473663330078,172900.0
2018-03-22,67.56039164219072,68.30242196482344,66.8360258197907,66.8625259399414,168300.0
2018-03-23,66.86251723671323,66.96851770351836,65.228271484375,65.228271484375,216600.0
2018-03-26,66.22647976976621,66.71233091181672,65.0957633247594,66.4119873046875,136700.0
2018-03-27,66.49148930814712,67.2600263202681,64.9632576414675,65.21943664550781,176900.0
2018-03-28,65.21943255544508,65.53744738606191,64.52156705156935,64.72473907470703,251600.0
2018-03-29,67.81654177777766,70.25465312808386,67.22468348935584,69.60979461669922,697700.0
2018-04-02,70.21932819205232,73.42597696617617,69.78647724559231,70.75818634033203,529300.0
2018-04-03,71.4030676504708,73.48782924169649,71.39423203011035,73.046142578125,490100.0
2018-04-04,71.86238566267588,74.07965357799507,70.13097554898457,73.59379577636719,382800.0
2018-04-05,74.20334094335128,75.85525107870401,73.62914707622639,75.36055755615234,534700.0
2018-04-06,74.5566913485467,75.08671386319001,72.05674384595015,72.41893005371094,382000.0
2018-04-09,72.78107701250131,73.32877051876706,71.86236858566792,71.90653991699219,289900.0
2018-04-10,72.94896839605678,72.94896839605678,71.64157295264319,71.95075225830078,273600.0
2018-04-11,71.42954892201163,72.60443675456902,71.2705414955031,71.76522827148438,196200.0
2018-04-12,72.20861641050982,73.2904609375386,72.13767423306764,72.67859649658203,170500.0
2018-04-13,72.87367056146188,73.2106356935744,72.22633515206313,73.03328704833984,334700.0
2018-04-16,73.49441488215759,74.61173055326432,73.29046456867971,73.82251739501953,187400.0
2018-04-17,74.46096401868427,74.88660346226922,74.03531780968234,74.59397888183594,149600.0
2018-04-18,74.84228142116865,76.42070757236517,74.77133924764075,76.23448944091797,469400.0
2018-04-19,75.82655568914898,76.34973881455907,75.69354085145322,76.10144805908203,132800.0
2018-04-20,75.83542406713063,76.3320123807169,75.45411844538111,75.62260437011719,178000.0
2018-04-23,75.67582320588275,76.6335221880262,75.5428150962108,76.05712890625,161900.0
2018-04-24,76.12808438427085,76.81089103857528,75.1171819815255,76.21675872802734,513900.0
2018-04-25,76.17241838762031,76.61579683368862,74.84228304941536,76.5271224975586,234300.0
2018-04-26,76.70448085845457,76.88182955311575,75.89752873728241,76.49166107177734,145200.0
2018-04-27,76.59808343192684,76.92618602690129,75.92415284043076,76.411865234375,208000.0
2018-04-30,76.62465890416642,77.10350162615337,75.8975118279682,76.07486724853516,247300.0
2018-05-01,75.84430661216383,76.43843203342335,75.0550936160627,76.17240905761719,300500.0
2018-05-02,76.08371971922193,76.65124340745666,74.58509888584983,75.20582580566406,178800.0
2018-05-03,74.96641937540832,75.63148696380043,73.92004609905472,75.53394317626953,208800.0
2018-05-04,75.0728441469203,76.73107525860817,74.26589210175709,76.22562408447266,202900.0
2018-05-07,76.46506318225582,77.2986102064157,76.03941682267383,76.93504333496094,128100.0
2018-05-08,76.92615319695595,77.9193232587955,76.92615319695595,77.91045379638672,191300.0
2018-05-09,78.03461049310022,79.14305666487721,77.8483923480919,79.05438232421875,178900.0
2018-05-10,79.14304174361455,79.79923985927279,78.13213956677824,79.48887634277344,188100.0
2018-05-11,79.45339359137999,80.55296993066986,79.07208796556112,79.55980682373047,209600.0
2018-05-14,79.55981643428258,79.8081072410101,78.6287191436373,78.76173400878906,137700.0
2018-05-15,78.45137617367665,79.5775543471793,78.06120101179341,78.92135620117188,205100.0
2018-05-16,79.2583159781251,80.35789922059438,78.86814760812298,79.89678192138672,134400.0
2018-05-17,78.03459296088127,78.74400105760154,75.99504975687326,76.4295654296875,472500.0
2018-05-18,76.4561766225807,77.06804101347913,76.04826928378769,76.26995849609375,467000.0
2018-05-21,76.75766896708097,76.99709709958786,75.91525268554688,75.91525268554688,321400.0
2018-05-22,75.9861681735035,75.9861681735035,75.00186789753444,75.14374542236328,316200.0
2018-05-23,74.72699316723053,76.2788175798569,74.22154205773464,75.37432861328125,271600.0
2018-05-24,75.37432136181438,76.41182510274166,74.91321084320789,75.80883026123047,183500.0
2018-05-25,75.53393551216354,75.53393551216354,74.41662018271715,74.8333969116211,350500.0
2018-05-29,74.46097961105517,76.1458191111475,74.46097961105517,75.15264892578125,357600.0
2018-05-30,75.75563433944454,77.99912798007425,75.30338647327814,77.72423553466797,316000.0
2018-05-31,77.72423055562923,78.46024028244528,77.32518595854502,78.43363189697266,311000.0
2018-06-01,78.93909215628621,79.35586896008022,77.52915200600557,77.6532974243164,226800.0
2018-06-04,77.79519137629806,77.91933680994126,77.15672528017953,77.49369049072266,287000.0
2018-06-05,77.4315951248387,78.38042452752869,77.4315951248387,77.74195861816406,298300.0
2018-06-06,77.89271501483366,78.4336372106659,77.34293012199386,78.09667205810547,234500.0
2018-06-07,78.24741326855494,78.69079164096468,77.2187789625812,77.81290435791016,211000.0
2018-06-08,77.99027060262843,78.46025746640622,77.44934832497236,78.21195983886719,248300.0
2018-06-11,78.29175151700476,79.04549337492355,78.0257217951902,78.2385482788086,215000.0
2018-06-12,78.27403189096869,79.18739721948256,77.57349986396007,78.10555267333984,560100.0
2018-06-13,77.14786407216202,77.14786407216202,70.59472995255331,71.55242919921875,1278200.0
2018-06-14,72.15539998951314,73.10422945200129,71.11788943870015,71.88050079345703,538600.0
2018-06-15,71.6676902218172,71.6676902218172,70.21340949099432,71.16223907470703,750400.0
2018-06-18,70.68339116014748,72.39483223500402,70.42623084921462,72.27955627441406,368000.0
2018-06-19,71.78296038089586,72.84707260202993,71.38392252635651,72.46576690673828,289000.0
2018-06-20,72.7938490559603,72.8470590546429,71.9248313406673,72.18199157714844,274200.0
2018-06-21,72.4303055610918,73.06877162653062,71.82731058433498,72.55445098876953,418100.0
2018-06-22,72.84706364972202,73.5121311691679,72.27067044645226,72.66970825195312,408000.0
2018-06-25,72.4037062846656,72.4037062846656,71.34846334975512,72.06673431396484,251900.0
2018-06-26,72.45689422791001,73.1397007234414,71.88937044133228,72.82933044433594,234900.0
2018-06-27,72.9712177693501,73.88457618945016,72.89140613945825,72.91801452636719,342200.0
2018-06-28,72.81160026403762,73.15743486945986,72.06672104553155,72.7317886352539,203600.0
2018-06-29,72.76726102240362,73.5298724135165,71.72975718754685,71.76522827148438,210700.0
2018-07-02,71.20657781885201,72.39482875141404,71.10016456121537,72.33275604248047,339700.0
2018-07-03,72.58103393577701,73.32591307557306,72.43915638297855,72.66970825195312,119900.0
2018-07-05,72.82046161963554,73.11308618482038,72.39481543281373,72.87366485595703,152700.0
2018-07-06,72.6963371358586,74.19495176846542,72.6963371358586,74.04420471191406,139600.0
2018-07-09,74.49643362040652,75.36545141362726,74.23040389938647,75.25017547607422,206100.0
2018-07-10,75.23244461997953,75.72016357234008,74.39889781787818,75.04622650146484,186500.0
2018-07-11,74.56738231530363,75.20584834729064,74.46097582025116,74.70926666259766,149300.0
2018-07-12,75.19877539694392,75.93750332747567,73.64121994337606,75.90190124511719,148600.0
2018-07-13,75.7417012861206,76.73853930013124,75.7417012861206,75.95530700683594,118100.0
2018-07-16,75.95531786732722,76.4359359004606,75.23439421282936,75.59040832519531,118900.0
2018-07-17,75.40348357272158,76.80083301195798,75.34118162793027,76.59612274169922,199100.0
2018-07-18,76.54272398968978,76.79193177202897,75.61709023357078,76.66732788085938,215500.0
2018-07-19,76.40034729026769,76.99667391961846,75.83072732614012,76.93437194824219,111800.0
2018-07-20,77.04116446842363,77.36157651802026,76.32024075203373,76.80976104736328,130700.0
2018-07-23,76.72072453173894,76.98773673948196,76.04430537548764,76.38251495361328,112200.0
2018-07-24,76.8186291807993,77.41495554422798,75.01186602617847,75.35008239746094,258000.0
2018-07-25,75.3678729375947,76.03539660905766,74.44223929831782,75.61708068847656,123200.0
2018-07-26,75.70609516276339,76.74743742531265,75.18097971268051,76.30242156982422,110300.0
2018-07-27,76.53383108862658,76.72963916727383,74.55795944468247,74.93177795410156,126800.0
2018-07-30,74.88727355959438,75.26998749729341,72.97370387109913,73.38311767578125,154700.0
2018-07-31,73.6857282084612,75.71499947925525,73.46322027455126,75.09197998046875,144600.0
2018-08-01,75.33227940824509,75.64378913219453,74.2820417743565,74.52235412597656,155100.0
2018-08-02,74.06844058352962,75.61709386997082,74.06844058352962,75.40348815917969,84000.0
2018-08-03,74.0684141106975,75.9196810503,74.0684141106975,75.88407897949219,121700.0
2018-08-06,75.7684078007435,76.96995621240586,75.7684078007435,76.40032958984375,106000.0
2018-08-07,76.88984102840163,76.88984102840163,75.7773013598689,76.25791931152344,94500.0
2018-08-08,76.27570499205673,77.53065280067483,75.98199972634802,77.31704711914062,180500.0
2018-08-09,77.4238662687286,78.0646902668202,77.13905635739944,77.16575622558594,160700.0
2018-08-10,76.88093055482338,77.2458467863136,76.49821667832502,76.640625,66200.0
2018-08-13,76.41813723242292,77.18356518717056,76.17782482385564,76.55164337158203,109900.0
2018-08-14,76.74744951603638,77.99348867538143,76.54273920248447,77.69978332519531,133800.0
2018-08-15,77.53066615709938,77.99347967855404,76.37362216785772,77.17465209960938,103400.0
2018-08-16,77.38823757420673,78.96359715962575,76.18669638608813,78.10026550292969,119800.0
2018-08-17,78.06467897648055,79.3285223508163,77.6908672951254,79.20391845703125,107700.0
2018-08-20,79.33743844959461,79.91596050932831,78.77672082946115,78.86572265625,131100.0
2018-08-21,78.9369098429879,81.2509907934219,78.9369098429879,80.92167663574219,161500.0
2018-08-22,80.45888496697614,81.0641069294557,79.88036287498173,80.85049438476562,169700.0
2018-08-23,80.84158471881746,80.84158471881746,78.87461538473977,79.49763488769531,141600.0
2018-08-24,79.38193204372433,80.80598145134918,79.38193204372433,80.52117156982422,159700.0
2018-08-27,80.82376813586463,81.66040002017168,80.82376813586463,81.46459197998047,125300.0
2018-08-28,81.66041326524916,81.90071885056832,80.76147929420432,81.50910949707031,109000.0
2018-08-29,81.8740172088619,83.04885882468388,81.38450383000463,82.91535949707031,194900.0
2018-08-30,82.38131594747381,82.54152189391347,81.00177115517825,81.14417266845703,457500.0
2018-08-31,80.9038821000413,80.97508626504447,79.98715054443515,80.29866027832031,234300.0
2018-09-04,80.10284554712557,81.19758742404666,79.52432363787142,81.01957702636719,266800.0
2018-09-05,80.80598151168483,81.79391727436294,79.93374742926154,81.03739166259766,249200.0
2018-09-06,80.99288795979372,81.43790382770467,80.30756651098828,80.65467834472656,234000.0
2018-09-07,80.32536041374989,81.00178640275745,79.39082441853678,79.9782485961914,197800.0
2018-09-10,78.00238530715178,78.00238530715178,69.8674953132719,72.67109680175781,2324700.0
2018-09-11,71.77216498944604,71.86116681282941,69.87639966880536,71.46065521240234,1171500.0
2018-09-12,71.22035594224926,71.22035594224926,69.2622883054238,69.76070404052734,771200.0
2018-09-13,70.39258638793423,70.79310462757262,69.36905561979471,69.87637329101562,503000.0
2018-09-14,70.08109199827967,71.26483575251861,69.70728032548931,70.78421783447266,481800.0
2018-09-17,70.38374459891706,70.53504843589587,69.34240860501842,69.4225082397461,357300.0
2018-09-18,69.67167577022514,69.83188173721942,68.2832285832097,69.2088623046875,556200.0
2018-09-19,69.54707228475768,69.74288033336897,67.93611717820528,68.05181884765625,316900.0
2018-09-20,68.31882903121567,69.09315219451678,67.38429311434605,69.004150390625,590500.0
2018-09-21,68.87955539392642,70.74862067840984,68.87955539392642,70.69522094726562,947900.0
2018-09-24,70.61510682595055,70.80201944529001,69.77848170457597,70.17899322509766,309800.0
2018-09-25,71.56746479382583,72.51979860804279,71.31825017022906,72.19938659667969,630900.0
2018-09-26,72.53757550888797,72.60877966669139,70.81091202936733,70.92662048339844,453200.0
2018-09-27,71.13133093506995,71.67425080843866,70.28580354692019,70.79312133789062,220600.0
2018-09-28,71.62087817625404,72.66221401635981,70.15232397614298,71.73657989501953,470100.0
2018-10-01,71.9946564884151,72.61767590010871,69.7873818952129,70.22349548339844,323500.0
2018-10-02,70.01878363946525,70.97111717028979,69.8941797599482,70.27689361572266,288100.0
2018-10-03,70.60620798502111,70.7397140822078,69.90308221087994,69.95648193359375,159500.0
2018-10-04,69.84080001003078,69.97430614495033,68.33664401805181,68.56805419921875,320700.0
2018-10-05,68.7015394508636,69.30676119351214,67.14398419453006,67.87380981445312,356700.0
2018-10-08,67.8649234890627,68.46124315428612,66.97489170559959,67.74922180175781,236900.0
2018-10-09,67.62462230859992,68.28324397003236,67.29530808268167,67.59791564941406,194500.0
2018-10-10,67.16179596031604,67.67801601208544,64.95452099270068,65.08802032470703,392500.0
2018-10-11,64.63410689856707,65.77334643040533,64.13568451058539,64.35819244384766,427600.0
2018-10-12,65.64535844894877,65.77943256077532,62.73136060495456,63.54477310180664,451400.0
2018-10-15,63.2319227030354,65.26993105657188,62.91013119251496,64.51908874511719,384900.0
2018-10-16,65.00181894380397,66.64652613309343,63.91130330672795,66.44987487792969,346600.0
2018-10-17,65.9760926509725,66.5928609277561,64.76937774305534,65.22525024414062,302500.0
2018-10-18,64.93026993826943,65.25206147192134,63.401763563242866,63.51796340942383,224600.0
2018-10-19,63.39283180033421,64.5816725299876,62.83864049751906,63.75931930541992,713700.0
2018-10-22,64.19731145991918,65.23419696127694,63.60736477299989,64.9749755859375,224100.0
2018-10-23,64.0006725450073,65.52917944151447,63.687821452677014,65.10906219482422,287700.0
2018-10-24,64.98389686047973,65.18948853932365,61.962639609792475,62.0877799987793,290500.0
2018-10-25,62.66879041186306,63.22298841274842,61.30117991413892,61.79280090332031,275200.0
2018-10-26,60.96150188582055,62.10565315545364,60.04976390836855,61.31010818481445,261700.0
2018-10-29,62.06989012781755,62.838613363958274,59.334662893785534,60.067630767822266,281500.0
2018-10-30,59.862071110976935,60.6129135717088,59.209547412791586,60.362632751464844,454700.0
2018-10-31,61.167090966098925,62.784982020039884,61.167090966098925,62.13246536254883,324200.0
2018-11-01,62.364863404317845,63.097831319178376,62.03413822080221,62.58832931518555,226200.0
2018-11-02,62.713474882160995,63.473257595591164,61.28328763377688,62.02519607543945,202000.0
2018-11-05,62.132473760557424,62.86544179330872,61.24754370104931,61.94476318359375,185700.0
2018-11-06,61.73023256914423,63.357064431423815,61.71235829357617,62.74030303955078,142300.0
2018-11-07,62.93696276968785,64.43864762964608,62.33806875190097,64.23306274414062,205200.0
2018-11-08,64.05426508251932,64.55482648679809,63.14252044513994,63.87548828125,186500.0
2018-11-09,63.777183505353996,64.23305597243318,63.071030254667384,64.09003448486328,288300.0
2018-11-12,63.95596542539672,63.95596542539672,62.016275559679464,62.114601135253906,242300.0
2018-11-13,62.338053068281084,63.017391395662294,61.90006176098743,62.668785095214844,216500.0
2018-11-14,63.240867571253176,63.759310242473155,60.63972048676808,60.71123123168945,348300.0
2018-11-15,60.27323383455995,62.49895269576862,60.17490827502181,62.40062713623047,327400.0
2018-11-16,61.67660792649813,63.14254414903498,61.67660792649813,63.026344299316406,260800.0
2018-11-19,62.91907207225448,62.91907207225448,60.93469335344383,61.024078369140625,344100.0
2018-11-20,60.2196097020103,60.54140123183114,59.093339347637375,60.237483978271484,419000.0
2018-11-21,60.63077343551756,61.85536227991785,60.09445660573624,61.15814971923828,163800.0
2018-11-23,60.603973792965114,62.239739510468496,60.353686178062766,61.70342254638672,124900.0
2018-11-26,62.31126988615554,62.69563174842539,61.614056931257295,62.40959548950195,182400.0
2018-11-27,61.90007692048375,62.463208739202386,61.14029394675971,61.497840881347656,261800.0
2018-11-28,61.82856404692367,62.606228091480446,60.53246412563603,62.570472717285156,248900.0
2018-11-29,62.203961930628914,62.76710033857335,61.39949018151588,62.14139175415039,183500.0
2018-11-30,61.86429623255091,62.35592391890911,61.29222409913652,62.14139175415039,389700.0
2018-12-03,63.01739080854255,63.312367466061815,61.381618601905366,62.195037841796875,253000.0
2018-12-04,62.16823343318987,62.40957367180695,57.8240545809627,57.90449905395508,514700.0
2018-12-06,57.09108599426335,58.199478723905905,56.44750630881879,58.047523498535156,393100.0
2018-12-07,62.919060816306605,65.69897727089088,60.64864636164983,62.03413772583008,774000.0
2018-12-10,62.08779641044311,62.6866836902753,60.85426647023989,62.32914352416992,480700.0
2018-12-11,63.258743124668634,63.660985958241454,61.28330478890738,61.81068801879883,334900.0
2018-12-12,62.74030213605106,65.17161275667401,62.659850848054205,64.13472747802734,342900.0
2018-12-13,64.19728655916607,64.23304192323805,62.07882727046042,62.27547836303711,359200.0
2018-12-14,61.640828924258216,62.08776069443379,60.711210023936516,61.149208068847656,185900.0
2018-12-17,60.98833667247101,62.418517543262666,60.04977685308006,60.541404724121094,397900.0
2018-12-18,60.800611656536496,61.16709908182235,58.995009811433974,59.459815979003906,338400.0
2018-12-19,59.656460204523306,60.16596223028425,57.21621617258779,57.484371185302734,345900.0
2018-12-20,57.484371812152176,58.05644402908208,56.06313181624036,56.55475616455078,402500.0
2018-12-21,56.33129694794821,56.64414791325815,53.85529381880169,54.01618957519531,857800.0
2018-12-24,53.60501671290897,53.86423464054384,52.13908052978754,52.183773040771484,221900.0
2018-12-26,52.56813353220111,55.60726853504004,52.01393549765629,55.48212814331055,490400.0
2018-12-27,54.46311738368827,55.61620241463424,53.56925365299891,55.57150650024414,286100.0
2018-12-28,55.571513457040034,56.965942279013944,55.106707259535355,55.99163055419922,229500.0
2018-12-31,56.26873474684493,56.93913269042969,55.35699313439122,56.93913269042969,250400.0
2019-01-02,55.92012425167553,57.368182748638,55.42849640132467,56.62627410888672,270300.0
2019-01-03,55.84860983374256,56.14358652455599,54.418429117185944,54.990501403808594,276200.0
2019-01-04,55.98269933033391,57.45757278052529,55.98269933033391,57.180477142333984,432500.0
2019-01-07,57.18047875887386,57.66316611686769,56.38494037800647,57.35031509399414,470900.0
2019-01-08,57.72572360224115,58.62852109509221,57.17152561266144,58.54807662963867,335900.0
2019-01-09,58.46763799950362,58.789422713072604,56.027386675942154,57.788299560546875,642000.0
2019-01-10,57.78829081428109,58.06672834889519,56.66558103522448,57.98588943481445,487000.0
2019-01-11,57.5008772631211,59.584632725439036,56.91706844444299,58.40803146362305,3414300.0
2019-01-14,58.13857816856083,58.77627838687541,57.411055420274856,57.6086540222168,828800.0
2019-01-15,57.29430396288831,57.90506025102805,56.18955452511321,56.845218658447266,818900.0
2019-01-16,56.67456050611087,57.70745801223798,56.459001492157455,57.1236457824707,590200.0
2019-01-17,56.881156502478646,59.51279713239079,56.71050186339758,58.96491241455078,516400.0
2019-01-18,59.45888626616618,60.186409054199764,59.1086003081304,59.288238525390625,429500.0
2019-01-22,59.324166209920385,59.33314298141662,58.363124017529046,58.830169677734375,500200.0
2019-01-23,58.95591977054987,59.46787675698753,57.55477577661481,57.67153549194336,368300.0
2019-01-24,57.68051367492972,58.72238794705761,57.61764201068491,57.72541809082031,366000.0
2019-01-25,58.30025092813314,60.88697952270591,57.833198426857884,60.53669357299805,515600.0
2019-01-28,59.791219946541325,60.7343018708315,58.80323360121245,59.8720588684082,414400.0
2019-01-29,59.836121673582326,60.77021982363568,59.46786847632695,60.53669357299805,339100.0
2019-01-30,60.985786223153596,61.12948995847651,59.84510570294367,60.689388275146484,383400.0
2019-01-31,60.62652653231629,61.291170978563414,60.042714165579355,60.303184509277344,291200.0
2019-02-01,60.50077624355129,61.31810798136217,59.94390796710442,60.725318908691406,452900.0
2019-02-04,60.76125164404392,62.09054049555577,60.5367089601062,62.00072479248047,482800.0
2019-02-05,62.04564944433637,62.77316570431255,61.866011146965455,62.5126953125,362700.0
2019-02-06,62.53064254870872,63.02463229019739,61.524688962998304,63.015655517578125,402500.0
2019-02-07,62.701275730845694,63.66231781999321,62.45877272905,63.56351852416992,397500.0
2019-02-08,63.09648929196587,64.1563309520376,62.970745946914846,64.11141967773438,478800.0
2019-02-11,64.1114022340324,64.29104042987026,63.374902762338436,64.04853057861328,333600.0
2019-02-12,64.62337452672402,65.27904210617953,64.24614450415966,65.2520980834961,334500.0
2019-02-13,65.42274376148258,66.61731231406405,65.30598404940615,66.37480926513672,432400.0
2019-02-14,66.14127887170021,67.41667941037427,66.09636760312115,66.97657775878906,495800.0
2019-02-15,67.45262107336903,68.8178444329346,67.45262107336903,68.7908935546875,390700.0
2019-02-19,68.68310624814545,69.6082208612567,68.2250373276494,69.0872802734375,490500.0
2019-02-20,68.7819077844969,68.95255554274783,67.46159587553976,68.71005249023438,396300.0
2019-02-21,68.5124413415729,68.5124413415729,67.41667228798507,68.00946807861328,261900.0
2019-02-22,67.98253405025312,68.82680974391711,67.6412248409548,68.79986572265625,306500.0
2019-02-25,69.34775009056715,69.34775009056715,68.4675467540945,68.512451171875,297800.0
2019-02-26,68.27890822348631,68.44956278586321,67.19212290268287,67.51546478271484,368400.0
2019-02-27,67.43465097549549,67.79392058963332,67.05742096427485,67.54242706298828,205400.0
2019-02-28,67.58734224668622,67.63225352073982,67.00352994648095,67.09334564208984,275400.0
2019-03-01,67.64124230696814,68.04542328774015,66.78798276839315,67.96458435058594,289900.0
2019-03-04,68.29688121176358,68.37771326232125,66.01552746745926,66.85980987548828,351600.0
2019-03-05,66.86880127090326,66.86880127090326,65.78201562101496,65.9796142578125,258000.0
2019-03-06,66.07843090955312,66.15926985149288,64.75811862870336,65.02757263183594,262300.0
2019-03-07,65.00959055755656,65.04551820661761,63.931788495718855,64.39883422851562,247600.0
2019-03-08,63.77011583290564,64.5066154881435,63.716227786973036,64.48865509033203,209700.0
2019-03-11,64.4976482530085,65.10840472127575,63.45577360272906,65.02757263183594,374200.0
2019-03-12,65.1712556727435,65.28802223478255,64.22818066683837,65.07245635986328,372800.0
2019-03-13,65.51257261377349,66.24008868312076,65.30599033905217,65.8359146118164,379000.0
2019-03-14,65.87182018440612,66.00654712786762,65.2969916213009,65.35986328125,323600.0
2019-03-15,65.41375568113577,65.97960059914725,65.04550250651951,65.48561096191406,1035400.0
2019-03-18,65.55747296147197,66.2670285879276,65.43172962032774,65.9796142578125,251900.0
2019-03-19,66.5185067857724,66.5185067857724,65.3688496119509,65.55746459960938,279700.0
2019-03-20,65.62032610083713,65.7370926364234,64.3539094219503,64.74909973144531,299600.0
2019-03-21,64.60541008608212,66.0155376224203,64.42577871110181,65.39579772949219,282100.0
2019-03-22,65.06350227840103,65.11739033967518,62.86297945887053,63.76115036010742,633700.0
2019-03-25,63.599441834226006,64.03955025020429,62.934797677794315,63.88685607910156,466900.0
2019-03-26,64.42577780259938,66.41971070575485,64.42577780259938,66.32989501953125,521500.0
2019-03-27,66.26702120060715,66.42869217155526,64.5066077683374,65.82691955566406,307900.0
2019-03-28,66.12333463153362,67.19215318938261,65.64729836677832,66.06046295166016,551500.0
2019-03-29,72.53626205776365,74.09907703656259,68.736997274608,69.11422729492188,1608000.0
2019-04-01,69.5633242901193,70.1291762680959,66.68918053015605,69.41063690185547,936700.0
2019-04-02,69.31182742648154,69.31182742648154,67.48854210310293,68.33282470703125,855700.0
2019-04-03,68.7819086191333,68.8088526416842,66.90472843561001,67.0484390258789,709900.0
2019-04-04,67.08437449625599,67.52447623840371,66.61732187591649,67.33586120605469,510000.0
2019-04-05,67.87474845339635,68.75495861091878,67.53344610996795,68.18013000488281,329300.0
2019-04-08,68.23402931163228,68.35977266168345,67.1472435847623,67.88374328613281,332900.0
2019-04-09,67.64122012383109,67.82085834053895,66.71610557840184,66.76101684570312,274000.0
2019-04-10,66.80592638746754,67.53344922909719,66.32091344388037,67.29093933105469,621100.0
2019-04-11,67.5436767885612,67.79641160865005,67.07430621996131,67.28191375732422,394700.0
2019-04-12,67.57978377734797,67.63393927204801,66.79449467166009,67.25483703613281,356300.0
2019-04-15,67.39022001105005,67.76932217581229,67.04721691164082,67.24579620361328,435900.0
2019-04-16,67.51660714485303,67.51660714485303,66.0723961941438,66.65007781982422,433100.0
2019-04-17,66.87575055600041,67.10140770899517,64.96218230597117,65.36836242675781,354100.0
2019-04-18,65.2600364530977,65.9821350453808,64.47474726140024,65.9009017944336,620500.0
2019-04-22,65.93701720848176,66.55080488748267,65.5849926309013,66.4515151977539,1094700.0
2019-04-23,66.81255253317853,67.69713141371474,66.66813556714693,66.6952133178711,558400.0
2019-04-24,66.69519562742475,67.15553792715768,66.07237997993352,66.31609344482422,383000.0
2019-04-25,66.22584446219693,66.81254737999063,65.42250578230225,66.46955108642578,313700.0
2019-04-26,66.50566407044029,67.11945168819958,66.2168232436423,66.78547668457031,199000.0
2019-04-29,66.78548381734007,67.22777676069668,66.15364659327241,66.28001403808594,328500.0
2019-04-30,66.52369234403807,67.81445088260627,66.37927542005822,67.6519775390625,536200.0
2019-05-01,67.90470841744386,68.22964816639258,66.11750192244715,66.13555145263672,381300.0
2019-05-02,66.11750192244715,67.1464973058829,65.30513533381229,66.13555145263672,507700.0
2019-05-03,67.39925328730192,68.1213586795378,66.46051903199822,67.71517181396484,419300.0
2019-05-06,66.52370456182722,69.12327853596709,66.45149952982922,68.96983337402344,283300.0
2019-05-07,68.21157873532732,68.78023173821337,67.15550592146613,67.89566040039062,439500.0
2019-05-08,67.69712655728142,68.52754299028886,67.29094655254086,68.2838363647461,312500.0
2019-05-09,67.53464391178977,68.79832481144012,67.07430158614072,68.41019439697266,305800.0
2019-05-10,68.00400120424834,69.40307758494781,67.57977176035514,69.20449829101562,270100.0
2019-05-13,67.85959159977867,67.85959159977867,65.97309499049196,66.25291442871094,297800.0
2019-05-14,66.27098677442437,67.1736153283223,65.95506815786196,66.7132797241211,203800.0
2019-05-15,65.99116566637592,67.5346594692854,65.8467418107428,67.41732025146484,324800.0
2019-05-16,68.8795648588984,71.17224161686043,68.84345889973669,70.63969421386719,585600.0
2019-05-17,70.29670257744007,71.32569847958185,70.14325739071039,70.67581176757812,431000.0
2019-05-20,69.8814848852877,71.28958978768618,69.74608925610411,70.94658660888672,326100.0
2019-05-21,71.59649250813057,72.07488451238223,71.01881081773134,71.34375762939453,360300.0
2019-05-22,71.10001292672592,71.51522791588661,70.73896719329116,70.8382568359375,245600.0
2019-05-23,70.02589629778585,70.10712952897387,68.67195401926642,69.72802734375,322600.0
2019-05-24,70.31474618995294,71.23542402906688,69.71900820437354,71.05490112304688,336900.0
2019-05-28,71.05491684138072,71.94851713091919,70.65775809647076,70.88341522216797,318800.0
2019-05-29,70.332794325009,70.41403445165501,69.26769267308863,70.1883773803711,343300.0
2019-05-30,70.61261819597448,71.07295369192148,69.57459422579554,70.05298614501953,329600.0
2019-05-31,69.23157898276983,69.70997770512513,68.59974200834819,69.26768493652344,323400.0
2019-06-03,69.70094980841436,70.41402690361402,68.79832162003605,69.33989715576172,486500.0
2019-06-04,69.998834607369,70.54041026567873,69.24965138867803,70.08909606933594,497800.0
2019-06-05,70.65773555470567,71.63257567947892,70.34181705681806,71.56036376953125,683000.0
2019-06-06,71.32568254043865,77.32816188589798,69.78218903215034,76.67826843261719,1491900.0
2019-06-07,76.54289516480576,78.14957270082006,75.88397336753152,77.67118072509766,664100.0
2019-06-10,78.20372846229255,79.13343466520199,77.25596583391403,78.10443878173828,651300.0
2019-06-11,78.75432343581913,79.77429099085944,76.425540643064,76.63314819335938,644700.0
2019-06-12,76.41652703098096,77.62604583497865,75.59513184511002,77.31012725830078,460700.0
2019-06-13,77.82460435493724,78.77235983119553,76.9129479464831,78.68209838867188,532500.0
2019-06-14,77.86072137298845,78.29397911326906,76.44359517582781,76.9039306640625,484500.0
2019-06-17,77.40037732196946,78.62795237035802,76.89490767375327,77.95098114013672,422700.0
2019-06-18,78.38424698537054,79.41324969741615,77.67117660918029,77.77948760986328,358200.0
2019-06-19,77.76143008748267,78.96192738951366,77.71629591749362,78.77236938476562,368600.0
2019-06-20,79.43129318061557,79.702084434698,78.76335014345526,79.17855834960938,416700.0
2019-06-21,78.6279624551258,79.25979959643502,77.49064871426084,77.50870513916016,804200.0
2019-06-24,78.08638826757125,78.78140913626255,76.90394032842197,77.31012725830078,418400.0
2019-06-25,77.62605245885464,78.1676281917309,76.97615882479953,77.33721160888672,427600.0
2019-06-26,77.50871498486266,77.6260542155801,76.48874033024553,76.53387451171875,526500.0
2019-06-27,76.62412203512196,77.24693781619135,76.5970442857725,76.9400405883789,407200.0
2019-06-28,77.36428270681849,78.36620082537247,76.9219966997793,78.13151550292969,2131500.0
2019-07-01,78.79041856787607,78.87165180258346,76.84073829681688,77.63505554199219,376400.0
2019-07-02,78.11345451085013,78.11345451085013,77.19276978130496,77.95098114013672,405600.0
2019-07-03,78.25786669445415,79.28686235082223,78.07734379865546,78.6189193725586,188300.0
2019-07-05,78.03222647582763,79.42227511036208,77.81559757680532,79.41325378417969,287100.0
2019-07-08,79.16954395715243,79.23272767593272,78.50160080340233,78.91680908203125,364700.0
2019-07-09,78.69113755306633,80.13534149400489,78.303007098329,80.09923553466797,439300.0
2019-07-10,80.3790473927549,80.78522734547573,79.35005175178894,79.49446868896484,333000.0
2019-07-11,79.72108101345036,79.72108101345036,78.32517500112596,78.41581726074219,356200.0
2019-07-12,78.56989309634042,79.19533631123005,77.76316540074407,79.14094543457031,478600.0
2019-07-15,79.42197259101538,79.51261486243551,78.7330788802107,79.07752227783203,261600.0
2019-07-16,78.9052963448293,79.12283915814318,77.78131015899136,78.60617065429688,396300.0
2019-07-17,78.53365236190753,78.79651975854998,77.42779880208803,77.69066619873047,383400.0
2019-07-18,77.69067130618353,78.63336609266618,77.17400277966111,78.17108154296875,354100.0
2019-07-19,78.6605597349126,79.11377799281419,77.30997126272311,77.34622955322266,545500.0
2019-07-22,77.5003271981184,78.13483003468511,77.12868488272771,77.1558837890625,217000.0
2019-07-23,77.59094658282389,77.73597971157491,76.04094132598843,77.32807922363281,382700.0
2019-07-24,77.07429165297046,78.4430126539729,77.07429165297046,78.37956237792969,235300.0
2019-07-25,78.36143751405474,78.56992096481953,77.00178267981045,77.11055755615234,192600.0
2019-07-26,77.21932904265037,78.08950726849939,76.72985249394245,77.81757354736328,202100.0
2019-07-29,77.93540882668864,78.17107732391855,77.53657457666681,78.03511047363281,186600.0
2019-07-30,77.19212530355698,78.51552158614587,75.57866274094349,78.27984619140625,288300.0
2019-07-31,78.30703887804219,79.48540894673988,76.76609978718598,77.38247680664062,295500.0
2019-08-01,77.37341898949101,79.15003367198355,76.82049217984836,77.05616760253906,254600.0
2019-08-02,76.64825224865116,76.64825224865116,74.19181067559717,74.8897705078125,264900.0
2019-08-05,73.40322455262006,73.89269413518115,71.97105334502862,72.66900634765625,458800.0
2019-08-06,73.167549965143,73.43947674565759,72.03450442409597,72.9409408569336,254200.0
2019-08-07,72.03449286459136,73.39414729566161,71.51782445740706,73.27630615234375,369100.0
2019-08-08,74.20994427694097,76.10439287313757,74.20087797735123,75.83246612548828,418500.0
2019-08-09,75.47895802238861,76.11346766885106,75.08919008324604,75.40644836425781,330800.0
2019-08-12,75.00761835063537,76.14066394505585,74.75381724397502,75.14358520507812,246500.0
2019-08-13,72.33364322345139,77.05617706503942,72.33364322345139,76.2041244506836,359200.0
2019-08-14,75.14359643327816,75.497106158315,73.70235862572892,73.83832550048828,231900.0
2019-08-15,73.88364331929854,74.34592096928426,73.14036564310527,73.61170959472656,157900.0
2019-08-16,73.99242029411094,75.9593930550306,73.99242029411094,75.59681701660156,188400.0
2019-08-19,76.66639545398758,77.01990511095501,76.06814408646657,76.5213623046875,189500.0
2019-08-20,76.2131788492059,76.56668851365716,75.16170924120426,75.19796752929688,159500.0
2019-08-21,75.9774941258129,76.54854653329456,75.13450804873396,76.24942779541016,367500.0
2019-08-22,77.04710558212703,77.04710558212703,75.91405991180164,76.69359588623047,308000.0
2019-08-23,76.18597487572373,77.30088766802706,75.18888939895133,75.46082305908203,385000.0
2019-08-26,76.24037760310438,76.81143013123375,75.58774219063541,76.79330444335938,297400.0
2019-08-27,77.52750895522999,77.86289293346573,75.93217885672355,76.76610565185547,308900.0
2019-08-28,76.78422976573437,77.93540791369848,76.15878641108361,77.59095764160156,223000.0
2019-08-29,77.86286793857325,79.24064786620804,76.60292222275987,78.6877212524414,353900.0
2019-08-30,79.13189792563753,80.33745304280131,79.06844765631313,79.77546691894531,311200.0
2019-09-03,79.2497473878024,80.50062733001327,78.84185370887073,80.04740905761719,428800.0
2019-09-04,80.94475475972715,81.55206534899231,80.50059604618157,81.0716552734375,359300.0
2019-09-05,81.57927703305981,83.83630176128405,81.39799251698852,81.97811126708984,564900.0
2019-09-06,76.15877762786057,77.09241285957863,72.96812477971822,75.30673217773438,1459700.0
2019-09-09,77.22836658614207,77.87194241643779,74.82631602957856,74.95321655273438,935500.0
2019-09-10,74.85353439758292,74.85353439758292,73.03159493636383,73.7476806640625,545500.0
2019-09-11,73.67516318122078,75.34301006335382,73.53919631283328,75.31581115722656,615600.0
2019-09-12,75.8868824511211,76.50325969040905,74.59067767948159,75.65120697021484,466000.0
2019-09-13,75.85967679960703,76.50324591783978,75.26142535936806,76.36727905273438,500600.0
2019-09-16,75.98654853837814,77.13771947305649,75.27046310831862,75.91403198242188,417900.0
2019-09-17,75.51521302493005,76.49416598051079,75.4698953550144,76.31288146972656,265200.0
2019-09-18,76.52137160592488,76.69359676276254,75.39739222447346,76.36727905273438,290700.0
2019-09-19,76.8567479649072,77.11054906619908,75.90498691950125,75.96843719482422,330700.0
2019-09-20,76.41260363005749,77.22839098939255,75.80528588812396,76.46698760986328,1272100.0
2019-09-23,76.27663001481523,76.57575570839978,75.46083581211253,75.94124603271484,355800.0
2019-09-24,76.71170125974082,77.37340279882997,76.4669665026071,76.68450927734375,652300.0
2019-09-25,76.65733173011381,78.5336549399989,75.90498780284221,78.08043670654297,633400.0
2019-09-26,77.86289467195697,78.71494025682003,77.30996786834889,78.55178833007812,356500.0
2019-09-27,78.84184340741479,78.88716107939598,77.17399678682536,77.44593048095703,496300.0
2019-09-30,77.5003320773728,79.6576487730819,77.5003320773728,79.17723846435547,381200.0
2019-10-01,79.74827814034846,79.74827814034846,77.18306144849369,77.20118713378906,446800.0
2019-10-02,76.59389420506095,76.59389420506095,75.42459013821677,75.85061645507812,518700.0
2019-10-03,75.5152113753936,76.08627071145536,74.64503329462785,75.76901245117188,291800.0
2019-10-04,75.84155680474268,76.67547690653876,75.45178874827403,76.64828491210938,242000.0
2019-10-07,76.66638779844706,77.17398993918819,76.12252737400149,76.32193756103516,175500.0
2019-10-08,75.48802173695618,75.95937253424509,74.6541019147507,74.8172607421875,218900.0
2019-10-09,75.40644671654809,75.96843286147757,74.79912906960035,75.56053924560547,185300.0
2019-10-10,75.79726971108354,76.43460133249914,75.50591712038018,75.9520492553711,166800.0
2019-10-11,77.0446083489895,78.21912515448153,76.93534854857441,76.98997497558594,220700.0
2019-10-14,76.73506548558937,77.03552481737766,75.57876177197187,75.77906799316406,195900.0
2019-10-15,75.89740712905005,76.98087760792093,75.89740712905005,76.37995910644531,160700.0
2019-10-16,75.80636880331714,76.57116667203908,75.49680279950613,75.92472839355469,305300.0
2019-10-17,76.2160891087301,76.5802815860141,75.18725178581704,75.41487121582031,222400.0
2019-10-18,74.96871546293774,75.24186149676741,73.90345843450798,74.06734466552734,378700.0
2019-10-21,74.54080963134766,75.15082800546807,74.2494570536787,74.54080963134766,174500.0
2019-10-22,74.39512980812323,74.5681227887946,72.6743275623074,72.82000732421875,153400.0
2019-10-23,72.7016410347597,73.32987285400617,71.5635439398311,71.8002700805664,196500.0
2019-10-24,72.17356792816017,72.61970702546945,71.66370261282833,71.90042877197266,254900.0
2019-10-25,71.83671156207157,72.14627073044748,71.43609904168346,72.03701782226562,232700.0
2019-10-28,72.33744784857205,73.86705060664903,72.33744784857205,73.30255889892578,277500.0
2019-10-29,73.45732673030736,75.7699404690458,73.30254721874891,74.63184356689453,334200.0
2019-10-30,74.70469615916367,75.27829459483965,74.12199100172965,75.1599349975586,328700.0
2019-10-31,75.11439589685968,76.1796529351719,74.75931021742227,75.2236557006836,252900.0
2019-11-01,75.99756057994065,76.95355781910114,75.08708304946842,75.84278106689453,283100.0
2019-11-04,76.32534375343167,76.33444352861044,74.65006125023253,74.83216094970703,185900.0
2019-11-05,74.94143655249218,74.94143655249218,72.62882176570689,73.56661987304688,233000.0
2019-11-06,73.59389704712714,75.150812718568,73.45732403460245,74.67736053466797,190100.0
2019-11-07,75.46948849856163,75.86099414851697,74.8503634462228,75.14171600341797,208500.0
2019-11-08,75.09620799448989,75.61518003495013,74.1037836333046,74.91410827636719,174700.0
2019-11-11,74.34961298419293,75.0779909829002,74.34961298419293,74.68648529052734,202200.0
2019-11-12,74.74112421657382,75.423982611788,74.19483888968144,74.65007781982422,201100.0
2019-11-13,74.10376703899504,74.6500521782437,73.38448894286722,73.4846420288086,263300.0
2019-11-14,73.55748492253119,75.26008050710882,73.49375176943965,75.24186706542969,220100.0
2019-11-15,75.74263454429015,75.83368091594612,75.0051429571732,75.1144027709961,212300.0
2019-11-18,75.16905164015,76.32536243911865,75.12353191393235,76.18878936767578,215000.0
2019-11-19,76.48923216240476,76.84431790338168,75.72442729587439,76.50743865966797,231000.0
2019-11-20,76.52564804990769,77.29955265088068,75.80636988422431,76.73505401611328,251300.0
2019-11-21,76.88075391747496,77.29046618229196,76.06132244144602,76.69865417480469,336000.0
2019-11-22,76.9899794316433,76.9899794316433,74.65915912568695,75.09619140625,177600.0
2019-11-25,75.29649500651682,75.99756665096486,75.19634191445282,75.48770141601562,321600.0
2019-11-26,75.3966572290771,77.79121806117841,75.2965041248846,77.5635986328125,439600.0
2019-11-27,77.84585513625035,78.71991302701983,77.3906162173249,78.30109405517578,234500.0
2019-11-29,77.8003054007172,78.33749077791768,77.46343314627585,77.70925903320312,165800.0
2019-12-02,77.65463989953015,78.02793212533561,76.74416224604249,77.0082015991211,186800.0
2019-12-03,76.12505486642392,76.63492024809855,75.74265583016795,76.45282745361328,225600.0
2019-12-04,77.02638162151848,78.10074516122684,76.73502915039711,76.86249542236328,208600.0
2019-12-05,76.7623865935172,76.7623865935172,76.14326136731451,76.45282745361328,296100.0
2019-12-06,72.83821042669575,77.45433173463188,72.5559645841381,77.24491882324219,914500.0
2019-12-09,77.0537072901228,77.16296708935752,75.61515813868826,75.69709777832031,456000.0
2019-12-10,75.84277751063325,76.13413002886719,75.20543910135206,75.69709777832031,267900.0
2019-12-11,76.1614593357474,76.71685127636438,75.05067545451342,75.8063735961914,303400.0
2019-12-12,75.56052715913188,76.92624343405876,74.7502027250533,76.21607208251953,366200.0
2019-12-13,75.71533654235962,77.6728582387001,75.58786326075416,76.83522033691406,385200.0
2019-12-16,77.22670787209586,77.56358707658737,76.43458987869869,76.71684265136719,329400.0
2019-12-17,76.75328681626934,76.75328681626934,75.94296207193865,76.45282745361328,320100.0
2019-12-18,76.8443017847225,77.68193941099848,75.8154577721258,77.4452133178711,503000.0
2019-12-19,77.23583319296029,78.5196032747102,76.90806063030193,78.15541076660156,357700.0
2019-12-20,78.61973916958459,80.07650193657912,78.61973916958459,79.92172241210938,1188500.0
2019-12-23,79.98548495969706,81.8428607750734,78.6470812878527,81.47866821289062,506400.0
2019-12-24,81.1235444397727,81.50594332536812,80.40426637607152,80.43157958984375,177500.0
2019-12-26,80.47713060512568,81.12356899685754,80.24951115959779,80.67743682861328,167200.0
2019-12-27,80.9050443108569,80.9050443108569,80.31323245071572,80.36785888671875,189500.0
2019-12-30,80.29501875508485,80.46800476904926,79.69410022735597,79.88529968261719,188100.0
2019-12-31,79.63947064316011,80.40426843392507,79.22065181301849,79.22975158691406,285400.0
2020-01-02,79.65768713085983,79.97635291699036,78.63795661524215,79.72142028808594,288800.0
2020-01-03,78.66526263052678,80.58637083923625,77.6546319824799,80.31322479248047,171300.0
2020-01-06,79.7032326864616,80.81401678692443,79.32993342964599,80.48624420166016,253800.0
2020-01-07,80.51353730678098,80.97788284427078,80.39517771527666,80.49533081054688,235900.0
2020-01-08,80.46800140408538,81.71535811783885,80.38606176085389,81.26922607421875,342200.0
2020-01-09,81.94298010733695,84.82009252092962,81.77909386926657,84.61067962646484,547100.0
2020-01-10,84.52874623963218,85.86714956856522,84.00067445347916,84.71084594726562,463200.0
2020-01-13,84.87473272325316,86.39522882260395,84.87473272325316,85.97640991210938,355100.0
2020-01-14,86.04015128264176,86.18583106352713,85.32087299390739,85.5758056640625,381800.0
2020-01-15,85.43011339658582,87.40584808725728,85.12965412665163,86.79582977294922,344600.0
2020-01-16,85.24200093258304,85.41566099661597,82.05204763332789,85.05005645751953,1416400.0
2020-01-17,85.98235619936351,85.98235619936351,84.1451634684236,84.6204605102539,467500.0
2020-01-21,84.37365695768753,84.44678064123124,83.13972443508516,83.81610107421875,506600.0
2020-01-22,84.69357502315579,84.90379690568848,83.68814176423044,83.86180877685547,239800.0
2020-01-23,83.83440052834602,83.98064094822224,82.66444927549817,83.6424560546875,261000.0
2020-01-24,83.95319734465484,83.95319734465484,81.72298102047635,81.96976470947266,319900.0
2020-01-27,80.26054811227601,82.53647581117579,80.24227067716,81.86009216308594,685300.0
2020-01-28,82.4633290337189,83.45047761658597,82.12513730436908,82.92034149169922,280300.0
2020-01-29,83.3408124967868,83.51447950479482,82.2531203492981,82.5181884765625,461200.0
2020-01-30,81.86010703006143,83.13060169185391,81.47621806177735,82.65531158447266,261600.0
2020-01-31,82.49991139251237,82.89294248309679,80.06860116390675,80.22398376464844,703800.0
2020-02-03,80.8272551325216,82.2439970943927,80.62616845680216,81.7961196899414,313700.0
2020-02-04,82.84724190447285,83.66072375824103,82.45421079743642,83.00262451171875,372200.0
2020-02-05,83.96237336961639,84.09033636708077,82.99350868211168,83.6333236694336,449600.0
2020-02-06,84.08118734381944,88.47765388070226,83.92580471284727,87.68244934082031,1635800.0
2020-02-07,87.28941576160824,88.45936702464904,84.71186470601536,84.78498840332031,1074400.0
2020-02-10,85.68986403647327,86.76841407075071,85.41565368217296,86.04633331298828,374800.0
2020-02-11,86.60389737513357,87.49050303393598,86.2565702707764,86.8963851928711,381700.0
2020-02-12,87.49047889857711,87.49047889857711,84.59302116381214,86.0188980102539,737200.0
2020-02-13,85.59847854170312,86.77757212298866,85.15060805644994,86.19259643554688,516500.0
2020-02-14,86.3936427226085,86.68613045311898,84.88550700265435,86.20169830322266,670100.0
2020-02-18,86.1285947337074,87.53618735716881,85.12316146915121,86.9146499633789,610600.0
2020-02-19,87.06090033005356,87.920086249857,86.45764035058505,87.34424591064453,410200.0
2020-02-20,87.01519884279817,87.83782294199591,85.6533032067958,87.74642181396484,447700.0
2020-02-21,87.53618080563437,87.7189900098073,85.96406349049587,86.677001953125,240900.0
2020-02-24,83.13060125034194,85.61675127195647,82.27142217923976,84.15431213378906,412200.0
2020-02-25,84.15431331933267,84.52906705841806,79.43794616061736,79.80355072021484,554400.0
2020-02-26,80.28797692960059,81.20200220597651,77.54590110047282,77.6830062866211,525800.0
2020-02-27,76.20228014824244,77.21684863436614,72.94834583461544,73.04888916015625,712300.0
2020-02-28,69.87723862502358,73.55162461630812,68.8718120856954,73.24085235595703,1031300.0
2020-03-02,73.95378212159025,75.78183251769283,71.02889730375081,75.53504180908203,676600.0
2020-03-03,75.20600545120833,77.9755011742721,74.52048643169907,75.83668518066406,658300.0
2020-03-04,77.29910411585556,80.4159331221701,76.50389975104768,79.70298767089844,597900.0
2020-03-05,77.53676447965798,79.55675946744879,75.76355324374578,77.0431900024414,517500.0
2020-03-06,74.2554123033236,75.7452779829441,71.54075608737313,74.41993713378906,519500.0
2020-03-09,69.46592751491681,70.85524299689271,65.43507232106671,65.76412200927734,527600.0
2020-03-10,68.24113321148177,70.74556061637307,65.60873584719569,70.53533172607422,774200.0
2020-03-11,68.295982783791,69.38367530149979,63.57960811148871,65.12431335449219,773100.0
2020-03-12,60.325666773037646,62.13543984455086,55.92920404541633,58.04060363769531,884700.0
2020-03-13,61.65099114413355,63.14999177307628,56.42276986351977,62.894065856933594,690900.0
2020-03-16,57.42821262911401,58.7718309676045,51.24939950259859,52.47419357299805,751500.0
2020-03-17,53.47046771663301,58.69869234245707,52.33707507189746,57.00774383544922,710100.0
2020-03-18,52.126864383301616,53.836094291313984,41.542452686335295,49.43049240112305,639000.0
2020-03-19,48.57129977244664,52.96776234849831,45.024880932375126,51.20369338989258,694900.0
2020-03-20,51.47790118842227,53.40649500084679,46.70668832445108,47.821800231933594,1124700.0
2020-03-23,47.67555195862909,48.97346949219034,43.169407664283845,47.45618438720703,794200.0
2020-03-24,50.76496404061128,56.751828827328445,50.60957793250563,56.34965896606445,555800.0
2020-03-25,56.477615165253205,64.54845895767446,55.45390448119022,61.53217315673828,822200.0
2020-03-26,62.85751023859982,66.26682731935183,61.50475684121762,65.39850616455078,781000.0
2020-03-27,66.0291750452378,70.8186718638647,61.71497521091239,65.61786651611328,1131200.0
2020-03-30,66.31254651102371,68.16801698389757,63.63445177165243,67.19001007080078,593200.0
2020-03-31,68.23199138171186,69.51162822157231,65.31624838585653,68.21370697021484,700000.0
2020-04-01,64.80438232421875,68.01261244410216,63.981758322523234,64.80438232421875,576400.0
2020-04-02,65.96519628367362,70.00518594953752,64.1005840593998,67.4276351928711,699200.0
2020-04-03,66.50447409586323,68.39650594084765,63.835515268568685,65.16999816894531,455100.0
2020-04-06,68.89922608527372,70.02348029677373,67.0711754459604,67.94863891601562,564500.0
2020-04-07,70.29767055958378,70.70897904630971,65.17912465590513,65.40763092041016,462700.0
2020-04-08,66.93280430137442,69.26649527962059,65.28819505651859,68.63253784179688,581500.0
2020-04-09,70.27715844787903,74.10845883228279,69.88208457647828,71.94014739990234,573400.0
2020-04-13,71.27862284540258,71.8758284720917,69.54213727575586,70.75492095947266,496300.0
2020-04-14,72.69353819320554,74.09926393685359,71.41644049082576,73.31830596923828,487800.0
2020-04-15,70.70897314852157,71.34293058981852,68.95411530291817,69.72588348388672,518000.0
2020-04-16,69.9280253633324,70.9662394740121,68.58661356211425,70.36903381347656,685500.0
2020-04-17,72.60164982398516,75.44067026840385,72.40870777587158,75.31204223632812,671600.0
2020-04-20,74.43919062123483,75.78060906834536,72.92321659910081,74.05330657958984,689000.0
2020-04-21,72.01363669073058,73.18967547240189,68.66011100056035,71.44400024414062,617600.0
2020-04-22,73.94307391595017,74.58621412377612,71.94932525228464,73.67662811279297,425200.0
2020-04-23,74.40244487570378,76.9106981260013,73.74092537813492,75.32122039794922,593700.0
2020-04-24,75.72549321613468,79.33628207879602,75.72549321613468,78.32563018798828,954000.0
2020-04-27,79.71298833813779,81.54135017080006,79.30872475334101,80.36531829833984,495300.0
2020-04-28,82.21205631571289,82.92870027150207,79.04227580626502,79.62110900878906,565900.0
2020-04-29,82.38663213409419,83.60860574656519,79.7038082254344,79.93350219726562,1498100.0
2020-04-30,78.6563986290428,78.6563986290428,74.99048506445702,75.02723693847656,752600.0
2020-05-01,73.25399518212133,73.68581390561012,71.42562635393969,72.73029327392578,718500.0
2020-05-04,71.81150520492339,73.83280874762139,71.26942394875064,73.35504150390625,605800.0
2020-05-05,74.34732176545118,75.43147728148409,73.52961202137656,74.19113159179688,521500.0
2020-05-06,77.17715068254425,78.49100007574229,75.10990557497611,75.45903778076172,947100.0
2020-05-07,76.4513212088133,76.90151931585386,75.3855450968823,75.70711517333984,594700.0
2020-05-08,76.80046931597079,77.99488071519629,75.89088319454105,77.51712036132812,528200.0
2020-05-11,76.3043262902208,78.638010448658,75.75305525088986,77.59060668945312,456100.0
2020-05-12,77.97649159651985,78.27049952284048,74.67808338246147,75.10990905761719,759500.0
2020-05-13,74.51270720787326,74.59540066518579,71.30618200599987,73.03347778320312,486600.0
2020-05-14,71.43481981557977,73.63069345878083,69.08275596572166,73.57556915283203,599700.0
2020-05-15,72.95080435410547,76.4972797183497,72.18821871144543,76.26758575439453,528600.0
2020-05-18,78.94120930587299,80.20912430376464,77.55386299587344,77.81111907958984,543600.0
2020-05-19,77.80193385897199,78.72989936578861,75.91844069330412,75.95519256591797,421200.0
2020-05-20,77.76517573666754,78.105125273748,76.35026029840893,76.89234161376953,467400.0
2020-05-21,76.35945719251616,77.60899283955358,75.91844172486051,77.50792694091797,337400.0
2020-05-22,78.04999711974412,78.45426069264762,76.72696480700091,78.01325225830078,270900.0
2020-05-26,80.94413593792149,81.45865508488583,79.59353456790608,80.76038360595703,489100.0
2020-05-27,81.77104828567552,82.22124647644154,79.15253859082767,81.44947814941406,654100.0
2020-05-28,82.18449195840158,82.18449195840158,80.83389742955316,81.40353393554688,736200.0
2020-05-29,80.74200010242637,81.57808929309127,79.61190999929907,80.88900756835938,479900.0
2020-06-01,80.92575403056189,83.31456911483197,80.35611065266541,82.64385986328125,586900.0
2020-06-02,83.4615944785473,83.50753607472457,81.596480632886,83.44322204589844,501000.0
2020-06-03,84.51818241108383,85.43695819512341,82.6714481321504,83.01139068603516,528200.0
2020-06-04,82.15691245961673,83.63614173621183,81.78021810870764,82.21204376220703,757000.0
2020-06-05,80.86145410557965,83.47077381881961,78.32563112349807,80.37450408935547,1478000.0
2020-06-08,80.4663918541714,82.98383575889959,79.98862447944126,82.41419219970703,1099100.0
2020-06-09,81.39434282910075,82.08342466277631,80.65932641233522,81.20140075683594,603700.0
2020-06-10,81.13708287027237,83.52590538772506,80.29181087686429,82.8000717163086,865000.0
2020-06-11,80.00697792333894,80.73281146122332,76.8739498804342,77.39765167236328,1184100.0
2020-06-12,80.27343711712936,80.27343711712936,75.06397346142863,77.59060668945312,797100.0
2020-06-15,75.37636028637085,77.20472199132801,74.53108831329243,76.89234161376953,719300.0
2020-06-16,79.57516320527336,80.64093936241751,77.83867770903419,79.01470947265625,696400.0
2020-06-17,79.20766421154676,79.95187039777349,77.25067419864888,77.75599670410156,745800.0
2020-06-18,77.14040260092435,77.88460863304714,75.02722281535908,75.46823120117188,885600.0
2020-06-19,76.57075599551814,76.96582978832372,73.8236188835175,73.85118103027344,1189100.0
2020-06-22,73.6858283395153,74.3197859877197,72.93243234137995,73.96146392822266,847400.0
2020-06-23,75.2017956467977,75.2017956467977,71.7931383688317,71.85745239257812,835500.0
2020-06-24,70.74573048320356,71.77476181372487,67.97103089137816,68.20990753173828,909900.0
2020-06-25,67.70457792264206,69.45024599911358,65.67408463635644,69.3032455444336,1583500.0
2020-06-26,68.95409489170834,69.47779657654436,67.65861824465617,69.03678131103516,7374300.0
2020-06-29,69.42269805539962,71.06730759871228,68.79793022335741,71.03055572509766,696200.0
2020-06-30,71.10406805741638,71.82990187711003,70.69980440854803,71.37051391601562,687900.0
2020-07-01,71.48995039181216,71.9125864637959,70.33229780713206,70.9478759765625,480400.0
2020-07-02,71.73799260456191,72.45463637183333,70.87434139287545,71.08566284179688,440400.0
2020-07-06,72.22496917743537,72.2800934846038,67.97103957149045,68.17316436767578,675800.0
2020-07-07,67.41975484216997,68.33853049446846,66.4917964803339,66.54692077636719,716900.0
2020-07-08,66.61124249918298,67.20844814421966,65.00338492161649,66.17022705078125,527500.0
2020-07-09,66.22537073696304,66.22537073696304,63.73548880706679,64.21324920654297,526000.0
2020-07-10,64.19484808625582,65.37087962994393,63.643577166663704,65.25143432617188,378000.0
2020-07-13,65.79351731668281,65.9588971951167,63.17500841623043,63.367950439453125,527800.0
2020-07-14,63.53334374189818,65.13201156474221,63.257708216368734,65.0125732421875,920500.0
2020-07-15,66.31724527901798,68.04454146150164,66.18861721275344,67.17170715332031,643400.0
2020-07-16,66.77459790110362,67.25479534783011,65.67569833314148,66.03584289550781,283600.0
2020-07-17,66.7284383553826,66.78384305053537,65.69417275859698,66.39599609375,318800.0
2020-07-20,66.12819323518762,66.90388712815557,65.94350622601176,66.74690246582031,221300.0
2020-07-21,67.11628185319583,68.17824974282718,66.58991614029786,66.93159484863281,488400.0
2020-07-22,69.29563722042765,71.12406291285262,68.52917260055376,70.66233825683594,758100.0
2020-07-23,70.47762910050302,71.28103228623687,69.40643189821482,69.9235610961914,385000.0
2020-07-24,69.34179268465823,70.70850051465052,69.34179268465823,70.50534057617188,619700.0
2020-07-27,70.41299821399237,71.90898838450704,70.080555953878,71.88127899169922,570200.0
2020-07-28,71.61349702891758,71.87206170925543,70.51459009212256,70.57923126220703,503400.0
2020-07-29,70.71772209830426,71.89973562397877,70.46838693705197,71.49341583251953,397200.0
2020-07-30,70.26523389444877,72.16754370288932,69.89585991566688,72.06596374511719,482900.0
2020-07-31,71.62272270601467,73.94058233280137,71.29951687248474,73.85747528076172,632900.0
2020-08-03,74.18991858329063,75.3904055756264,73.85748329370671,75.06719970703125,599600.0
2020-08-04,75.15028778434724,75.43656180595248,73.94980814062457,74.69779968261719,464500.0
2020-08-05,75.178003389745,75.39962922691954,73.7466542994931,74.22684478759766,431600.0
2020-08-06,73.94981134291213,74.87326051439098,73.65430788985323,74.8455581665039,522900.0
2020-08-07,74.89172938491774,76.99719245260856,74.48541652410475,76.88638305664062,453700.0
2020-08-10,76.81253220319148,78.41010299038253,76.81253220319148,77.4774169921875,365700.0
2020-08-11,78.03145786098636,79.92453155031339,78.03145786098636,78.77944946289062,586700.0
2020-08-12,79.27813148674394,79.41665030914585,77.57898793166989,77.99453735351562,451300.0
2020-08-13,77.4589164293234,79.50897478242416,77.33887056954443,78.47471618652344,525200.0
2020-08-14,78.06839904530253,80.6909914866627,77.79136145710994,79.58285522460938,537700.0
2020-08-17,79.58285345826758,79.67519697049603,77.08954340130738,77.19111633300781,478300.0
2020-08-18,76.904835020487,79.06570944038538,76.64627041621954,78.20690155029297,478800.0
2020-08-19,78.04992863557639,79.63826249573866,78.04992863557639,78.71481323242188,335600.0
2020-08-20,78.4008406151707,78.6132299915297,77.32040671275713,77.4404525756836,395400.0
2020-08-21,77.6989966206827,78.27153752466349,76.28612080841046,76.46157836914062,387800.0
2020-08-24,77.04337090456241,78.03146131633957,76.62782156184961,77.11724853515625,559400.0
2020-08-25,77.7267290363587,78.17922428433344,75.76902095014381,76.15686798095703,381600.0
2020-08-26,76.3322995607793,76.3322995607793,74.10678403539065,75.21492004394531,606600.0
2020-08-27,75.85211199995157,77.680544402026,75.55660855617121,76.8956069946289,820800.0
2020-08-28,77.17264409228129,77.17264409228129,75.22416584970877,76.67398071289062,398200.0
2020-08-31,77.05261718152708,77.52357128447676,76.21227487857065,77.07108306884766,707700.0
2020-09-01,76.99717342311862,76.99717342311862,75.72281636693037,76.46157836914062,474000.0
2020-09-02,76.84943828311815,78.6132224706219,76.18455377743962,78.42853546142578,841700.0
2020-09-03,75.27958599505247,77.83754457481552,73.83900730025172,76.81251525878906,1159200.0
2020-09-04,77.50508383032914,77.50508383032914,73.76511212893239,75.8428726196289,739800.0
2020-09-08,73.90362461589278,75.55659922217828,72.74931333038813,72.80471801757812,809300.0
2020-09-09,73.43268227694583,73.71895633925406,72.13985894532959,72.9524917602539,596500.0
2020-09-10,73.25721575472072,73.68200147765506,70.70849437175744,71.03170013427734,561900.0
2020-09-11,71.40109153194008,71.72429734137353,70.35759647709544,71.12405395507812,551700.0
2020-09-14,71.81665049859237,73.59890796756378,71.81665049859237,72.69393157958984,464800.0
2020-09-15,73.41421367891569,73.93134299245371,72.45382563566044,72.88784790039062,404100.0
2020-09-16,73.7651191534773,74.27301902882381,72.59234177589293,72.7677993774414,424900.0
2020-09-17,71.9367091580975,72.9617385484454,71.25335857965217,72.08445739746094,370900.0
2020-09-18,72.09368021186222,72.26913781790502,69.70195011754073,70.82855224609375,2271200.0
2020-09-21,69.68345416273198,70.74542182225908,68.92622633552551,70.60690307617188,470600.0
2020-09-22,70.88395803112535,72.43535286971603,70.54227931264934,72.34300231933594,417600.0
2020-09-23,72.39842795875917,72.8970914360496,69.7481258790931,69.78506469726562,450300.0
2020-09-24,69.94202947321598,71.74275935820076,69.10169449650881,70.83777618408203,421200.0
2020-09-25,70.35760146526032,72.64775168763273,70.32066264936931,72.01980590820312,605500.0
2020-09-28,72.95248655494782,73.84823340319629,72.62004428043586,73.75588989257812,509700.0
2020-09-29,73.61738812946749,74.12528107800689,72.10293165993491,72.58312225341797,696100.0
2020-09-30,72.75855645470193,73.22028101117648,71.97362611776673,72.41687774658203,564900.0
2020-10-01,72.74931115955941,73.20179919727511,72.1213655571684,72.85089111328125,594300.0
2020-10-02,71.52113823666619,73.72818127692383,71.28104651559597,73.15564727783203,358300.0
2020-10-05,73.70048575363359,74.43924800551379,73.19259287015505,73.78359985351562,519500.0
2020-10-06,74.25454605187336,76.3045971506568,73.85746265417617,74.06061553955078,355500.0
2020-10-07,74.52234737153125,75.0764225259567,73.6820122659403,73.75588989257812,343500.0
2020-10-08,74.80861190842491,75.43655756434478,73.96826986424738,74.1067886352539,334400.0
2020-10-09,74.78091675473571,75.21493194576988,73.93133816536121,73.96827697753906,407000.0
2020-10-12,74.58696682986695,76.31381886190857,74.14371528973572,75.87056732177734,378700.0
2020-10-13,75.85212391857586,76.87715319142355,75.56585689393947,75.62126159667969,462000.0
2020-10-14,75.57507581005679,76.27689914377595,74.20837499978879,74.54081726074219,307900.0
2020-10-15,73.54819330175953,74.42023520803068,73.26988702459823,73.75228881835938,465700.0
2020-10-16,74.17901848253676,76.24779614792094,73.80793642999862,75.3015365600586,554100.0
2020-10-19,75.64478426999675,75.78394091627928,73.31625142745874,73.83576202392578,241300.0
2020-10-20,73.93781868696989,74.42022750862436,72.79674962083692,73.04722595214844,195300.0
2020-10-21,72.64829917649088,73.63166753846772,71.68348880731007,71.83192443847656,280500.0
2020-10-22,71.71132401043893,72.0731270051455,70.95060911415842,71.6463851928711,204300.0
2020-10-23,72.26792930154245,72.39780691123687,71.0619148368956,72.14732360839844,253500.0
2020-10-26,71.21036547820586,71.21036547820586,69.87447312166242,70.34760284423828,269400.0
2020-10-27,70.48676120899631,70.71868657782615,69.28074645996094,69.28074645996094,270000.0
2020-10-28,67.90774675866449,68.64063179073185,67.20269871686357,68.01907348632812,402300.0
2020-10-29,68.01907280262793,69.76314905168995,67.7222086096429,69.35496520996094,338600.0
2020-10-30,68.81691047534144,70.90423924229367,68.81691047534144,70.84857940673828,441700.0
2020-11-02,71.49795601596992,73.20493049687158,71.4794050997627,73.17709350585938,403300.0
2020-11-03,74.24395279194047,75.76538274472173,73.90997967276401,75.40357971191406,329900.0
2020-11-04,76.1642854227234,78.52992688280354,75.81176142994524,77.72282409667969,264300.0
2020-11-05,78.650527237491,79.63388850257998,77.90837032946547,78.73402404785156,320800.0
2020-11-06,78.33512135536559,78.33512135536559,76.44260933899301,76.76730346679688,228100.0
2020-11-09,79.55040575638515,82.09230595270579,79.42980710616223,79.55968475341797,321200.0
2020-11-10,79.9585973962693,81.1182243125498,79.04016778255841,80.72858428955078,311900.0
2020-11-11,81.44291983696783,81.44291983696783,79.56895874439799,80.83991241455078,217400.0
2020-11-12,80.37608227552234,80.96981085309679,79.42055056716981,79.71741485595703,208400.0
2020-11-13,80.2183443948767,82.48193816619496,80.20906539872205,82.37989044189453,176200.0
2020-11-16,83.32615794501861,84.40229520502903,82.9086950535534,84.17964172363281,278200.0
2020-11-17,83.49314399614727,84.90324731384953,82.09231259842748,84.65277099609375,301000.0
2020-11-18,84.65276661063098,84.65276661063098,83.13133663174347,83.18699645996094,249200.0
2020-11-19,83.26119444031947,83.26119444031947,81.56349930626281,82.74168395996094,327200.0
2020-11-20,82.9086876457911,83.76217134814786,82.25002041389833,83.63229370117188,259100.0
2020-11-23,84.04047431265771,86.46177576002874,83.94770557951489,86.1556396484375,192000.0
2020-11-24,87.11115314826291,87.85330993870973,86.2669415711881,87.69560241699219,391300.0
2020-11-25,87.2132053942775,87.93681131067272,86.46176249219052,87.59355926513672,250800.0
2020-11-27,87.48225122656262,87.6956186005442,87.14827813199967,87.25959777832031,137600.0
2020-11-30,87.00912177227019,87.00912177227019,85.6175695664444,85.84949493408203,371600.0
2020-12-01,86.22985742894534,87.38021246280495,86.02576903048757,86.66587829589844,365900.0
2020-12-02,86.45250723502207,87.99248808348938,86.45250723502207,87.35237884521484,178700.0
2020-12-03,87.38949318161808,88.90165141099482,87.13901684868067,87.83479309082031,585600.0
2020-12-04,86.3411875072666,90.8312669253986,86.3411875072666,90.71994018554688,524500.0
2020-12-07,89.88498752544126,90.19113068422523,89.01294594992328,89.56957244873047,285400.0
2020-12-08,89.17066369775455,90.56221583804398,88.9665682513974,90.41378021240234,451700.0
2020-12-09,90.68282375606887,92.45473706005363,90.53438811523623,92.16714477539062,367000.0
2020-12-10,91.37859929984133,92.71449174739519,90.90546954503252,92.4454574584961,261900.0
2020-12-11,91.77750973411463,93.24327980368122,91.58269326833184,91.62907409667969,330400.0
2020-12-14,92.37121969195309,92.77013154069003,89.83859198666053,90.11690521240234,392800.0
2020-12-15,90.59932605674634,92.34340221649653,90.59932605674634,92.1300277709961,293000.0
2020-12-16,92.68666173023414,92.76087247228085,91.01679617266798,91.74040222167969,253900.0
2020-12-17,92.23207133282592,92.23207133282592,89.89426692302477,90.70136260986328,390100.0
2020-12-18,91.19303964323993,91.87025762141043,90.28388926475726,91.10954284667969,907300.0
2020-12-21,90.09837645832052,90.50656032458112,89.15211692032318,90.20042419433594,319700.0
2020-12-22,90.09838162805889,90.1076535480097,88.4841757536307,89.1150131225586,243600.0
2020-12-23,89.34692536195952,90.00559254932855,88.9387415323987,89.65306854248047,200500.0
2020-12-24,89.94066867540307,90.16332215885258,88.9480282312126,89.810791015625,76800.0
2020-12-28,90.31174984394718,91.2209005312083,89.88500795492308,90.4416275024414,203100.0
2020-12-29,90.78486925354231,90.78486925354231,88.21513213788037,88.41922760009766,520500.0
2020-12-30,88.47490727186722,89.1706834964965,87.018415991422,87.61214447021484,758900.0
2020-12-31,87.63067429081703,88.32645034793237,86.40610871340604,87.79766082763672,515700.0
2021-01-04,87.90899814485103,87.90899814485103,85.75673089843252,85.94226837158203,507900.0
2021-01-05,85.95156416413703,87.01842253772084,84.43013393804966,86.44324493408203,500800.0
2021-01-06,87.45441614485888,90.19113978068025,86.98129348207472,88.15019226074219,798000.0
2021-01-07,88.34500984384364,89.41186082067789,87.2967027034828,88.6511459350586,531200.0
2021-01-08,89.09645409273413,90.26535998004401,87.72345274026532,88.33573913574219,445900.0
2021-01-11,87.21320279507596,88.11307420503574,86.66585533757697,86.98127746582031,233900.0
2021-01-12,86.74010151967951,88.92947791035759,86.00721639012357,88.59550476074219,358800.0
2021-01-13,88.86451487376931,89.07788222480235,87.72343907710655,88.13162994384766,340700.0
2021-01-14,89.03504256331715,91.45649631334618,88.28998369702589,90.2085189819336,359600.0
2021-01-15,89.78941045819874,91.68931490320333,89.4355009767869,91.55892944335938,297600.0
2021-01-19,92.08976870574674,93.79410173602597,91.59616568839743,93.24462127685547,321300.0
2021-01-20,93.79412299172694,94.89309126459028,93.20738840321827,94.07352447509766,348100.0
2021-01-21,94.07354089029658,94.49263608300707,92.52753139536682,93.18877410888672,283500.0
2021-01-22,92.84416997449519,94.24116316890903,92.20155083131289,93.97107696533203,196200.0
2021-01-25,94.12940512373443,96.1876409976192,93.94314219881663,94.5112533569336,267200.0
2021-01-26,95.53570984405023,96.1783218832157,93.7382449789406,93.98039245605469,405500.0
2021-01-27,92.6206451450152,96.81162469194757,92.10841857478611,96.0199966430664,575700.0
2021-01-28,95.91755335271127,96.58811124117884,93.16082089326959,93.29120635986328,499300.0
2021-01-29,92.81623701612924,92.9931846666963,89.43550872802734,89.43550872802734,374800.0
2021-02-01,90.29232216745635,90.29232216745635,87.33069636976985,88.4296646118164,392000.0
2021-02-02,88.96984012121098,88.96984012121098,87.25619852069187,87.7963638305664,372900.0
2021-02-03,87.777744712818,87.777744712818,86.4552594420875,87.33070373535156,348400.0
2021-02-04,87.61009228267261,89.14678608960111,87.61009228267261,88.69974517822266,285700.0
2021-02-05,89.70558983122557,89.70558983122557,88.37378936153017,88.70906829833984,354000.0
2021-02-08,89.20266812997836,89.44481559883243,88.52280210941161,89.33305358886719,238500.0
2021-02-09,91.01876303369585,91.86626851224139,89.59382405928375,91.37266540527344,373800.0
2021-02-10,91.6893285413389,92.19224700646024,89.91049401432196,90.2085189819336,265400.0
2021-02-11,90.15263247250122,91.25160076254426,90.04087045631083,91.12120819091797,433100.0
2021-02-12,90.67417174293261,90.91631921834649,89.17473181961648,89.62177276611328,169600.0
2021-02-16,89.46344187556734,90.1898771996165,87.47039882044147,87.5542221069336,193200.0
2021-02-17,86.9954235529702,88.69974979675004,86.26898114597064,88.2713394165039,245100.0
2021-02-18,88.0198897444366,88.383107419829,86.6880892328394,86.94886016845703,210000.0
2021-02-19,87.29345126842098,87.67529238034058,86.26898390735047,86.49250793457031,312600.0
2021-02-22,85.99890199498442,87.34933308129463,85.40285210360446,87.1630630493164,300400.0
2021-02-23,86.64153405102978,86.64153405102978,83.17698910141564,85.66364288330078,443300.0
2021-02-24,85.6822531075144,85.99890150184889,84.22006711587692,84.93718719482422,427900.0
2021-02-25,84.92788624113156,84.92788624113156,81.55647300258222,81.61235046386719,500300.0
2021-02-26,81.61232497080452,82.05005056207403,79.94524587694596,80.21533203125,1019200.0
2021-03-01,80.97903075595961,83.65194678634774,80.64375184254945,83.5960693359375,367400.0
2021-03-02,83.63332363941555,83.63332363941555,80.39229649992947,80.46680450439453,477200.0
2021-03-03,80.32710895695698,81.7799796104265,80.04770747491675,80.13153076171875,431000.0
2021-03-04,80.05702308084533,81.61234047707799,79.8893836120285,80.16878509521484,480000.0
2021-03-05,80.66238748834014,82.27358232432368,80.03839890112052,82.19908142089844,380100.0
2021-03-08,82.41328418633346,83.78233867023762,81.85448832292714,82.38534545898438,326900.0
2021-03-09,82.88826486061542,84.77886122561638,82.5064166343374,83.58676147460938,340700.0
2021-03-10,84.11761980730692,85.71950653494272,83.67057884161608,84.79749298095703,357700.0
2021-03-11,85.374916016544,87.71255347549857,84.90925158040427,86.46456909179688,478500.0
2021-03-12,85.92438934242415,87.67528477083363,85.92438934242415,87.5821533203125,371700.0
2021-03-15,87.4331656002331,90.2457832119989,87.4331656002331,89.45415496826172,287900.0
2021-03-16,89.37962290319226,89.37962290319226,86.82778407122147,88.22477722167969,335200.0
2021-03-17,88.37379407979475,89.74284862728204,87.74049017706169,89.39825439453125,337400.0
2021-03-18,89.52864693621574,90.98152488986722,89.00710501235285,90.37615966796875,323900.0
2021-03-19,90.72074798703055,92.1549881837314,89.23993139949803,89.5658950805664,1065300.0
2021-03-22,89.5565804793148,89.8639135819895,88.31791147469393,89.68696594238281,409100.0
2021-03-23,89.06297410284081,90.3761511733219,88.71838698073807,89.15611267089844,333200.0
2021-03-24,89.91979586701021,90.37614497620503,88.2340859563136,88.31790924072266,527700.0
2021-03-25,88.14094625940001,89.7707714596189,86.52043633557221,89.30510711669922,429900.0
2021-03-26,77.42136631085668,78.2316249847412,72.3176880885374,74.50630950927734,3511800.0
2021-03-29,74.2362085889549,76.95568664238542,74.2362085889549,76.64835357666016,984400.0
2021-03-30,76.48072169673111,77.76595285054162,75.1768599883217,77.75663757324219,701200.0
2021-03-31,77.76596103358905,78.52033514830647,77.12334183632582,77.84977722167969,593300.0
2021-04-01,78.69727559488727,78.69727559488727,76.68560218088743,76.92774963378906,441300.0
2021-04-05,75.39104229959194,79.20949498929824,75.39104229959194,79.16292572021484,696600.0
2021-04-06,78.7903975933017,79.16293045181668,77.31889671017788,77.7100601196289,408400.0
2021-04-07,78.07328439023141,79.78692573852376,78.07328439023141,78.61345672607422,635800.0
2021-04-08,80.31778705244055,80.61581195947196,78.81834724052422,80.28984832763672,581200.0
2021-04-09,80.01977084756605,80.56925854853736,78.71590907295577,79.33990478515625,305300.0
2021-04-12,78.9021691907912,80.51336387477187,78.84629174212513,80.09426879882812,474800.0
2021-04-13,80.09426924946241,80.69031905683443,79.6565436178511,80.15946197509766,356800.0
2021-04-14,80.09428903818876,81.21188092676381,79.9173342653986,80.77416229248047,430200.0
2021-04-15,80.92380011481926,82.13036253144453,80.86768325597276,82.09294891357422,268300.0
2021-04-16,82.45773390290448,83.62688275836138,82.0929528949571,82.5793228149414,428800.0
2021-04-19,82.51385071068957,83.24339845427221,82.18649045855868,82.83185577392578,335200.0
2021-04-20,83.30885813745333,83.93552011792106,81.97135176079925,82.39224243164062,381700.0
2021-04-21,82.28936970091631,83.06567905649725,82.00877114334014,82.06488800048828,255000.0
2021-04-22,82.02747850951167,82.51384841565108,81.27922754486978,81.57852935791016,339800.0
2021-04-23,81.67205748803586,82.0274761508269,80.67126641046735,81.71882629394531,328000.0
2021-04-26,81.99941896217416,82.31743114815015,81.55981786927919,81.62528991699219,331000.0
2021-04-27,81.73751307877286,82.52318461718374,81.55980021519683,82.31741333007812,477600.0
2021-04-28,82.58866086539109,82.77572178907877,81.9245781736911,82.50447845458984,361200.0
2021-04-29,82.82250743567292,84.11324519787958,82.31743427587425,83.63623046875,316400.0
2021-04-30,83.44916950701047,83.90747385841512,83.00021320855,83.63623046875,387300.0
2021-05-03,83.89809904581669,85.53490705390276,83.26208193438086,84.25352478027344,317000.0
2021-05-04,84.36577152034101,84.9176134447774,84.05712167153588,84.81472778320312,320400.0
2021-05-05,84.4405898815745,84.73989164673,81.55980593200461,83.46785736083984,407600.0
2021-05-06,83.73912194107928,83.73912194107928,82.28938154734426,82.88798522949219,377400.0
2021-05-07,82.75702459048352,84.608952132258,81.91523610062362,84.45930480957031,269400.0
2021-05-10,84.66506693810058,85.6939234763272,84.30029312397194,84.4686508178711,273800.0
2021-05-11,84.02905767615873,84.27224262041301,82.7663784211641,83.15921783447266,256400.0
2021-05-12,82.59803768925961,82.98152199309706,81.73754572307905,81.75625610351562,375200.0
2021-05-13,81.35404515252007,82.68219634468329,81.2230939348919,82.05553436279297,591400.0
2021-05-14,82.65413290227346,83.29015003309514,82.05552938337267,82.50447845458984,322200.0
2021-05-17,82.10230231914416,83.41175037249823,81.97135822740053,82.90667724609375,471200.0
2021-05-18,83.05633264931213,84.44995600479642,82.55125951722191,82.944091796875,330500.0
2021-05-19,82.29869591219419,82.29869591219419,80.35323830954046,81.21372985839844,523100.0
2021-05-20,81.28855937482957,82.57929673468169,81.18567373716932,82.13034057617188,285800.0
2021-05-21,82.56060756965324,83.29016240661771,82.4951355230444,82.944091796875,775400.0
2021-05-24,83.22469518181349,84.40319208905156,83.13115756473763,83.97294616699219,425800.0
2021-05-25,84.64637052734673,84.64637052734673,83.14050634819677,83.20597839355469,332600.0
2021-05-26,83.42110194566443,83.74846216083725,83.00955931178004,83.3930435180664,340900.0
2021-05-27,83.95424572046764,84.64637986718077,83.16857395356423,83.1966323852539,798200.0
2021-05-28,83.43978612685295,84.14127520024576,83.01889553718362,84.04774475097656,420700.0
2021-06-01,84.618297970049,84.91759971827052,83.96357048987177,84.80535888671875,328600.0
2021-06-02,85.11404341766234,85.8997080855074,84.49672934785362,85.66587829589844,393400.0
2021-06-03,85.11402932758946,86.03064509092114,84.65572501388247,85.87163543701172,381100.0
2021-06-04,87.21850512805254,90.258292170049,85.17950922675355,87.77033996582031,559500.0
2021-06-07,88.0135047419211,88.58404982674931,86.33928309875989,86.65729522705078,332100.0
2021-06-08,85.28239407064137,86.4889565411533,84.51543270984135,86.33930206298828,433100.0
2021-06-09,87.08756099225246,87.08756099225246,85.90905694145192,86.20835876464844,300700.0
2021-06-10,87.34009422306157,87.81710895793512,86.06805968734436,87.68616485595703,311900.0
2021-06-11,87.9106303815994,88.45311711156404,87.18108270691754,87.8638687133789,261400.0
2021-06-14,87.91999649387738,88.53731053279867,87.35880645407887,87.76099395751953,289000.0
2021-06-15,87.94804146412167,88.60276902360584,87.39620669796075,88.34087371826172,152500.0
2021-06-16,88.53728493053077,88.72434584439848,87.66743812280465,87.73291015625,191600.0
2021-06-17,87.79840028824616,88.21929099916812,86.63859954825516,87.37750244140625,270700.0
2021-06-18,86.76019375094658,87.48974144023956,85.3759184701954,85.6565170288086,1137600.0
2021-06-21,85.9745310934463,87.1062663630645,85.67522926293502,86.61990356445312,221800.0
2021-06-22,86.48896119533995,86.7976182212262,85.72199979326783,86.52637481689453,183500.0
2021-06-23,86.55443239660346,86.85373423017357,85.31045625186078,85.34786987304688,312300.0
2021-06-24,85.70327784057169,85.89034592308161,84.16935524357886,84.64636993408203,330300.0
2021-06-25,84.44996210961749,86.02129847773843,84.30030762888292,85.9090576171875,608700.0
2021-06-28,85.87163967397768,85.87163967397768,82.90667999889314,83.27145385742188,410300.0
2021-06-29,83.42110944979538,83.96358908263007,81.6720602343688,82.08360290527344,421400.0
2021-06-30,82.29871215116049,82.53254188791813,81.84040786517235,82.05553436279297,476700.0
2021-07-01,82.2612929368026,83.12179173278697,82.25194488582913,82.5512466430664,431700.0
2021-07-02,82.72895580190182,83.25273925067941,81.54110391068824,81.64398956298828,257900.0
2021-07-06,81.39145256796564,81.48499017247954,79.89494366266888,81.37274932861328,406300.0
2021-07-07,81.35405612996743,82.79444122314453,81.17634322255854,82.79444122314453,269900.0
2021-07-08,81.96201267687336,82.94410061634973,81.3072921411682,82.42967224121094,231200.0
2021-07-09,83.09374020187646,83.85135347773567,82.85991044155702,83.14986419677734,219000.0
2021-07-12,83.01892957343011,83.78589098934313,82.43902913274708,83.22470092773438,304600.0
2021-07-13,83.00019399000087,83.49591184615448,82.39223530124174,82.644775390625,232200.0
2021-07-14,82.71025429333311,82.89731522729122,81.98070666061238,82.523193359375,274400.0
2021-07-15,82.3071609376561,83.19946017437674,82.3071609376561,83.01160430908203,184100.0
2021-07-16,83.51882269508377,84.08237608250323,83.03041167024561,83.80999755859375,321400.0
2021-07-19,82.692267370657,82.93647643406605,80.26898023967367,80.86071014404297,437800.0
2021-07-20,81.06733954321662,83.40609665697704,80.95463319188156,82.67346954345703,287700.0
2021-07-21,82.69226310050082,83.40610108269726,82.13809723514724,82.75801086425781,306200.0
2021-07-22,82.80496556692336,82.88010073977804,81.58392764194461,81.79056549072266,183200.0
2021-07-23,82.09113864158871,82.78618745358669,82.03477829696214,82.75801086425781,226300.0
2021-07-26,82.49503091469778,83.27461676559894,82.3635353694819,82.42928314208984,197000.0
2021-07-27,82.33535216587819,82.8519397189024,82.05357192534194,82.15689086914062,184100.0
2021-07-28,82.05358285708745,83.07737067989147,81.80937376048543,82.43867492675781,149800.0
2021-07-29,83.0679761281651,84.01662150658433,82.79559046033191,82.80498504638672,229400.0
2021-07-30,82.3917171904635,82.86134621488158,81.82816379435585,81.99723052978516,243500.0
2021-08-02,82.11931349746554,83.63151919792399,81.79996210455221,81.80935668945312,283800.0
2021-08-03,81.84693572123439,82.05357361308204,78.38107165480828,78.60649871826172,524600.0
2021-08-04,78.11809659338162,78.85071678486052,77.00977171843459,77.3572998046875,649000.0
2021-08-05,77.62027157203504,78.64406639996514,77.1412480409496,77.39485168457031,321900.0
2021-08-06,77.43242554220242,78.2777519409673,77.28214083470777,77.50756072998047,337100.0
2021-08-09,77.78932380780437,78.08988599049941,76.58707507702417,77.24455261230469,271000.0
2021-08-10,77.68601449036271,77.68601449036271,76.3710520912593,77.38545227050781,369300.0
2021-08-11,77.46998514560065,78.62526820650505,77.27273470498946,78.10868072509766,220700.0
2021-08-12,78.22139649522147,79.34851027090919,77.51695307265503,77.80812072753906,245100.0
2021-08-13,77.67660643078808,78.52193976685285,77.60147126333469,78.45619201660156,243400.0
2021-08-16,77.84567661031231,79.34849468266289,77.68600451906454,79.30152893066406,309200.0
2021-08-17,78.70980132417671,80.37228436769365,78.70980132417671,80.2971420288086,240100.0
2021-08-18,80.34410373005784,80.34410373005784,78.23077392578125,78.23077392578125,176200.0
2021-08-19,77.82691247463792,78.99159029869617,77.68602235226709,78.11808013916016,243400.0
2021-08-20,78.32470605744864,79.27335842603789,78.18381595661369,78.59709167480469,444800.0
2021-08-23,79.1418789394076,79.1418789394076,78.5407544089933,78.76617431640625,200500.0
2021-08-24,78.59709863582187,79.30154203641803,78.45620852250886,78.91644287109375,190200.0
2021-08-25,78.9540230449221,79.37669343303726,78.64407335946791,78.76617431640625,213500.0
2021-08-26,78.79434196037924,79.50817994641397,78.24018325801475,79.4800033569336,209800.0
2021-08-27,79.836921462701,79.91206381449847,79.07612485716655,79.59271240234375,206900.0
2021-08-30,79.48000435840284,79.53635753807367,79.01037541856205,79.2076187133789,152400.0
2021-08-31,79.4048532252956,79.5363487406289,78.75676306688993,79.11368560791016,166600.0
2021-09-01,79.48001259446279,79.48001259446279,78.26836894420158,79.01038360595703,184700.0
2021-09-02,79.1418757243502,80.5319734572234,78.79434770814721,80.19384002685547,304900.0
2021-09-03,81.56515401719035,84.09176010531364,81.34912870936991,81.83753967285156,600200.0
2021-09-07,81.47122591348986,81.57454485281758,79.48000380856033,79.89327239990234,401600.0
2021-09-08,79.76177325927227,81.05795365179414,79.74299125568537,81.02976989746094,267700.0
2021-09-09,80.93586268893998,81.1143240076703,80.14688938375974,80.31595611572266,308000.0
2021-09-10,80.82312542283707,80.94522634026882,78.98217408237974,79.14185333251953,272700.0
2021-09-13,80.07173969910717,82.32596019714396,79.49879178018205,81.41487884521484,542600.0
2021-09-14,82.02539582364376,83.11493128387842,79.08551394960794,79.48939514160156,275300.0
2021-09-15,79.6021125264638,80.68226061930885,78.92584564517057,80.62590026855469,296200.0
2021-09-16,80.68224257480462,80.8419146732968,79.3203145306914,79.33910369873047,345700.0
2021-09-17,79.12308133532811,79.99659144518473,79.0291569810791,79.28276062011719,1079900.0
2021-09-20,78.40924523523238,79.33910846188753,77.80811364334868,78.78494262695312,303800.0
2021-09-21,79.15125400004852,79.45181621832236,77.6296609051484,77.94900512695312,305600.0
2021-09-22,78.48437596573162,79.4424228918381,77.73297405890895,78.89765167236328,203000.0
2021-09-23,79.06671468634289,79.99657781714572,79.06671468634289,79.66783905029297,190800.0
2021-09-24,79.9966056251903,80.77619151898544,79.65847215718205,80.531982421875,158500.0
2021-09-27,80.65407298695477,81.95964080620105,80.65407298695477,81.5181884765625,182000.0
2021-09-28,81.10492516441639,82.02540113812236,80.75740429793154,80.96403503417969,164300.0
2021-09-29,80.89826258929716,82.0159815380571,80.49438149431421,81.38668060302734,244400.0
2021-09-30,81.40548430096894,82.03478540372699,80.31594881204136,80.36290740966797,213900.0
2021-10-01,80.62588660188938,81.17065784902958,79.8932666599959,80.71981811523438,298700.0
2021-10-04,80.6728683418042,82.54198973900029,80.32534030509174,81.25521087646484,220000.0
2021-10-05,81.82815250629321,81.82815250629321,79.12308511258382,80.54136657714844,391700.0
2021-10-06,80.21264082893686,81.16129348868374,79.32034136043242,81.08615112304688,161400.0
2021-10-07,81.18945514257997,82.39170410763207,81.16127855214424,82.18506622314453,227100.0
2021-10-08,82.01599717063446,83.03039739314514,81.64029258830064,82.60772705078125,123700.0
2021-10-11,82.6077210924834,83.58455006970746,82.41987239785001,82.50440216064453,137200.0
2021-10-12,82.26021046775524,83.6221315872603,82.26021046775524,82.81436920166016,166600.0
2021-10-13,82.68285956007449,84.1199227879504,82.04416399591098,83.59394073486328,282600.0
2021-10-14,83.99008819327312,84.75406083842938,83.9334925631948,84.44281005859375,178100.0
2021-10-15,84.97101125794464,85.96135230310533,84.48056123676392,85.03704071044922,213500.0
2021-10-18,84.44282153659408,84.61259405813695,83.32043613328928,83.8580551147461,248900.0
2021-10-19,84.3767971888284,84.78236446931419,83.41475772128902,84.56543731689453,160200.0
2021-10-20,84.53713845464588,85.92361285530575,84.53713845464588,85.20679473876953,116500.0
2021-10-21,84.91440561381268,86.03679094493671,84.74463310318791,85.9236068725586,167300.0
2021-10-22,86.01793259387837,87.159185657852,85.98963837170946,86.64043426513672,162500.0
2021-10-25,86.58382881144358,86.8950723900435,86.1310997580227,86.31973266601562,236700.0
2021-10-26,86.08394186370178,86.74417146359168,84.86724731858965,84.92383575439453,248900.0
2021-10-27,82.99974204314196,83.28269858755166,80.27395563580494,80.31168365478516,363900.0
2021-10-28,80.19849769450657,81.81133268924351,80.00043099647401,81.61326599121094,256300.0
2021-10-29,81.89622912988064,84.88610464422615,81.74531704537756,84.67860412597656,345900.0
2021-11-01,84.88610809095145,86.43292104049358,84.6974751735476,86.31031036376953,255200.0
2021-11-02,86.06508464674724,86.0933788657005,85.15963366081914,85.54633331298828,247000.0
2021-11-03,85.47087482834979,85.96132469199613,84.25417317929083,84.86724090576172,257600.0
2021-11-04,85.60291809327794,86.03677951928353,84.82007788736433,85.31996154785156,143300.0
2021-11-05,85.84814453889152,86.71587463848952,85.30110621882767,85.45201110839844,172400.0
2021-11-08,85.68779362621478,85.77268346114933,84.4145036692629,85.30109405517578,188700.0
2021-11-09,85.38597424362631,85.55574671273959,84.02779449072001,84.40506744384766,343700.0
2021-11-10,84.24476159289229,84.99930779306239,84.19759975692446,84.68805694580078,173700.0
2021-11-11,84.46168036593929,84.61258526057306,83.67884008711576,83.69770050048828,121000.0
2021-11-12,83.59396271128173,84.75407619363088,83.24499104268185,84.24475860595703,129900.0
2021-11-15,84.39566177506215,84.88611169868746,83.9146384605885,83.924072265625,140700.0
2021-11-16,84.51827665186,85.04645462596132,82.66964654662021,82.7073745727539,183600.0
2021-11-17,82.38668502704424,82.66020780326025,81.61327852721733,82.35839080810547,209600.0
2021-11-18,82.48098691157075,82.48098691157075,80.90587997135383,81.50951385498047,343200.0
2021-11-19,81.2548549288846,83.01859467669121,81.06621485165718,81.91507720947266,286200.0
2021-11-22,82.20748569264752,84.80122796153478,81.8113450408905,83.56565856933594,243900.0
2021-11-23,83.49018412220587,84.17870781167201,83.16950678456628,83.93347930908203,144600.0
2021-11-24,83.9335062169174,84.63146393297579,83.10351119822217,83.13180541992188,130300.0
2021-11-26,81.28315989628246,82.31122146863551,81.01907094910494,82.14144897460938,257000.0
2021-11-29,82.72622561673288,83.0280425957277,81.54725191817742,81.99054718017578,228000.0
2021-11-30,81.4152007256582,81.50009056681358,79.12327575683594,79.12327575683594,264900.0
2021-12-01,80.05701953020439,80.71724905372547,77.94430088588099,77.99146270751953,297700.0
2021-12-02,77.87829528264557,81.1133997706354,77.87829528264557,80.49089813232422,283600.0
2021-12-03,80.77385082412162,81.41521284656537,79.87783363206685,80.69839477539062,402700.0
2021-12-06,83.24497719442816,84.49939974491745,80.47202874368298,80.96247863769531,654700.0
2021-12-07,80.84929151319727,81.60383026950623,79.15156671870596,79.90611267089844,537100.0
2021-12-08,79.53827867890163,80.67952428891373,79.30248395296813,80.01929473876953,276800.0
2021-12-09,79.76464361057118,80.06646058710248,78.05749201168014,78.60453033447266,321200.0
2021-12-10,78.62341321578708,78.86864180556827,77.44443929783908,78.02921295166016,340800.0
2021-12-13,77.74624057277835,79.28361965961604,77.02942256112672,78.64225769042969,339800.0
2021-12-14,78.44419476068225,79.547712450414,77.80283276055118,78.0574951171875,356500.0
2021-12-15,79.1233015089717,79.64205294074793,78.11410006560476,78.37818908691406,480300.0
2021-12-16,78.10464008306214,79.6703204645146,78.10464008306214,79.37793731689453,467200.0
2021-12-17,79.42511468040463,80.82102297668568,78.02921358000938,78.1895523071289,1565600.0
2021-12-20,77.54817534788349,77.92544837157286,75.7184058603149,76.76533508300781,496200.0
2021-12-21,77.07658759590907,78.55737831049625,76.85965326375988,77.4821548461914,328200.0
2021-12-22,77.32180221207629,78.10463515755102,77.10486791902068,77.2086181640625,246500.0
2021-12-23,77.26522675872492,78.15181737655213,77.15204987705177,77.75568389892578,276400.0
2021-12-27,77.83112497118171,78.70828169585367,77.45385914215309,78.56681060791016,256800.0
2021-12-28,78.51963744289233,79.6514491583104,78.35929876912006,78.95349884033203,320800.0
2021-12-29,79.0289655865742,79.76464402091109,78.8026046519823,79.5948715209961,403600.0
2021-12-30,79.58544467606987,80.28340234557916,79.50999582186441,79.63260650634766,328100.0
2021-12-31,79.36852486422141,80.11363723700617,78.79318502189248,78.84033966064453,221500.0
2022-01-03,78.9912447836873,81.00964735831013,78.84976648818132,80.6229476928711,457500.0
2022-01-04,80.83986149278334,82.28292403768651,80.83986149278334,82.11315155029297,403000.0
2022-01-05,82.05656554105319,83.29212761605741,81.1416808428747,81.80191040039062,338400.0
2022-01-06,82.3112189033769,82.46213098042317,81.25486314758854,81.67929077148438,291700.0
2022-01-07,81.34920692378833,82.28295232754364,81.04738986419639,81.25489044189453,219600.0
2022-01-10,81.32088925559651,81.46236753559496,79.67975991691355,80.0853271484375,214900.0
2022-01-11,80.40600838689282,80.95305392463119,79.75521258524253,80.67009735107422,247700.0
2022-01-12,80.7266858109844,80.87759790249471,80.04760298684178,80.27396392822266,238200.0
2022-01-13,80.6149891201245,82.54747624772759,80.6149891201245,82.28223419189453,383700.0
2022-01-14,81.61912342168948,84.3946970482538,81.27809587991501,84.3568115234375,365800.0
2022-01-18,83.6652903903277,84.26208503858913,82.16855904443541,83.41899108886719,525500.0
2022-01-19,83.36214395651115,83.9399957598485,82.55694287511913,82.9926986694336,373000.0
2022-01-20,83.14426393054524,83.3053099315423,81.61912223685928,81.69490051269531,360100.0
2022-01-21,81.69492217580982,82.1212103235306,80.52027547488058,80.70973205566406,283400.0
2022-01-24,78.6256696636901,81.0981159987688,78.18043881163547,80.76656341552734,412600.0
2022-01-25,80.08451108214777,80.47289919984364,78.4551586415399,79.84768676757812,368200.0
2022-01-26,78.73935098581696,80.63394550901202,77.87730700865701,79.6108627319336,475400.0
2022-01-27,79.6677014489301,79.78137972670903,76.60793521858844,77.12894439697266,547400.0
2022-01-28,76.93000693193119,77.03421020507812,75.19645127209124,77.03421020507812,721000.0
2022-01-31,76.62686137078892,77.71625447456728,76.41845485369875,77.70677947998047,426800.0
2022-02-01,77.87729647935457,78.32252728847726,77.03420260870658,78.00044250488281,231100.0
2022-02-02,77.65943224776036,79.57296952538053,77.59312172891472,79.24141693115234,249900.0
2022-02-03,79.17510743271794,79.76242711369026,78.17096741357969,79.26036071777344,265600.0
2022-02-04,78.76776639520736,79.35508605438493,77.31840278461138,78.60672760009766,272600.0
2022-02-07,78.79616965853481,79.42138195929171,78.30357836785673,78.86248016357422,231500.0
2022-02-08,79.24141560089268,79.85716025258226,78.33201111743143,78.3793716430664,288600.0
2022-02-09,78.66355505187735,79.76241597159539,78.59724454144009,79.32666015625,209000.0
2022-02-10,78.80565970187692,79.63927867117901,78.02887625423278,78.1330795288086,205100.0
2022-02-11,78.25622163850078,79.23193659025615,77.55522373980436,78.91932678222656,223200.0
2022-02-14,78.23726903503704,78.35094729615321,76.16269316761944,76.58897399902344,655600.0
2022-02-15,76.75947988239786,78.21831822714799,76.36161685036683,77.42259216308594,343500.0
2022-02-16,77.21419183596467,78.33200274925676,77.00578530898255,78.24674224853516,432600.0
2022-02-17,77.55522892445589,78.3225373888203,76.55108891886668,77.91519927978516,536500.0
2022-02-18,77.82993595906075,78.26569177320324,76.90158158819814,78.00044250488281,832400.0
2022-02-22,78.10464595489084,78.14253870759883,75.67009260500497,75.83113861083984,331500.0
2022-02-23,75.86900476263585,76.9678726286544,74.82697962481596,74.93118286132812,527100.0
2022-02-24,74.0312596972014,77.65940882912015,73.98389195775088,77.54573059082031,435700.0
2022-02-25,77.54574956462396,80.54867996160058,77.51733180492135,80.25502014160156,446400.0
2022-02-28,79.7718991520732,83.41899205496165,79.7718991520732,83.06849670410156,596200.0
2022-03-01,82.58536430543106,84.06314551948319,82.20644400694745,83.53266143798828,443700.0
2022-03-02,83.40951464491398,84.64099656952213,82.28222875480888,84.11998748779297,465800.0
2022-03-03,84.51785324315031,84.77362029473755,83.56108109388714,84.76415252685547,473600.0
2022-03-04,83.93053464254501,87.14187173183629,83.93053464254501,87.06609344482422,608700.0
2022-03-07,87.14185868083585,88.96067461551056,86.22297933245355,86.620849609375,647800.0
2022-03-08,86.61138795922689,86.83873727585105,82.32013256801045,82.49064636230469,465400.0
2022-03-09,83.2105894070454,83.9115945962279,82.32013488054265,83.37163543701172,562800.0
2022-03-10,82.73692083178754,84.41364065664278,82.73692083178754,84.13892364501953,257600.0
2022-03-11,84.52732900123546,84.85888156269421,83.6084495971185,84.05368041992188,364000.0
2022-03-14,83.38108572730634,84.527321553112,82.07381835990006,83.0969009399414,382900.0
2022-03-15,83.57055613461726,84.18630073056386,82.92639378040145,84.04420471191406,363500.0
2022-03-16,84.02524497402983,84.80202826159227,80.79496580979799,81.96961212158203,554600.0
2022-03-17,82.2632805225073,84.67889113082413,81.61912540274672,84.39469909667969,768500.0
2022-03-18,84.20523834228516,84.59363362101378,83.39056226098914,84.20523834228516,2136100.0
2022-03-21,85.25674811936821,86.57349065102746,84.70731400804597,85.0767593383789,461800.0
2022-03-22,85.1430666345424,85.58829745870244,84.47996150960432,84.78309631347656,309600.0
2022-03-23,84.82098048869891,85.5030355352553,84.45153520969804,85.01043701171875,360800.0
2022-03-24,84.83992787616242,86.2040380436563,84.79256735647657,86.04299926757812,290300.0
2022-03-25,86.20404218057843,87.19870709666047,85.63566532594746,86.82926177978516,403700.0
2022-03-28,86.78189465831252,90.9215859090903,85.4651521650922,90.45740509033203,971700.0
2022-03-29,88.04180887091577,88.64807853371737,84.79257900903953,86.23246765136719,665200.0
2022-03-30,86.74401210519082,89.14067308006085,86.74401210519082,88.69544219970703,437400.0
2022-03-31,88.50596664707885,89.12171119574714,87.31237030029297,87.31237030029297,352200.0
2022-04-01,86.54506735327604,88.11757684865358,86.03352603001723,87.88075256347656,463000.0
2022-04-04,88.07968276391274,88.07968276391274,85.98614992635963,86.06193542480469,443600.0
2022-04-05,86.26087778252807,87.66288077081094,85.23780233410957,85.26622009277344,374800.0
2022-04-06,85.2662273614265,87.16082185843308,85.19991684312345,86.46929168701172,402400.0
2022-04-07,86.45032929544516,87.13238431589093,85.49355726802524,86.76293182373047,256200.0
2022-04-08,86.96189682695312,87.62500205972634,85.73988241743817,85.96723175048828,472300.0
2022-04-11,85.94827621524735,87.25554372020315,85.04833955897664,85.16201782226562,448700.0
2022-04-12,85.20937720227333,85.70197577594992,84.05368073053263,84.06314849853516,392800.0
2022-04-13,84.5768324099373,84.87172174162953,83.4257973088415,83.8158187866211,305600.0
2022-04-14,83.90141930914409,84.54827863691004,83.23553790889808,83.35919952392578,404800.0
2022-04-18,83.42579250551366,84.07265187081968,82.6362494444193,83.78727722167969,506600.0
2022-04-19,84.11070570420388,84.95732952562274,83.71117682933368,83.92045593261719,234900.0
2022-04-20,83.98705049038362,85.17612979748914,83.98705049038362,84.80513763427734,465900.0
2022-04-21,85.09051989125379,86.36521679592347,85.04296106927266,85.51859283447266,251500.0
2022-04-22,85.40442080105394,86.03225808391682,83.65409975349067,83.79678344726562,302300.0
2022-04-25,83.47335811057542,83.47335811057542,81.23789071240316,82.99772644042969,252500.0
2022-04-26,83.03579728826689,83.34971600588418,81.70402684850434,81.84671783447266,189500.0
2022-04-27,81.57084094994703,82.7408981883882,81.19984878454075,81.39009857177734,208000.0
2022-04-28,82.09402076195396,82.30329257903087,80.41979542240057,80.54345703125,212600.0
2022-04-29,80.01076950309321,80.8954448034768,79.01193997578254,79.17366027832031,415800.0
2022-05-02,78.9548524509142,80.34369597251671,78.39361059784511,79.0024185180664,255900.0
2022-05-03,78.79315666120974,79.81100830575869,78.4982600440061,79.05950927734375,182600.0
2022-05-04,79.40195520396118,82.2462306678039,78.85022070373216,81.93231201171875,355900.0
2022-05-05,81.83719072923348,82.21769754813181,80.37224419389152,80.94300079345703,215700.0
2022-05-06,80.35320586745138,80.92396235158166,78.65044382187628,79.52560424804688,284000.0
2022-05-09,78.83119349578308,79.3829207025182,77.2330708369088,77.62308502197266,276900.0
2022-05-10,77.98456451666746,78.44116681294962,76.48156683814985,77.91797637939453,356000.0
2022-05-11,77.74676886146848,78.83120866825692,76.34841035861902,76.59573364257812,244000.0
2022-05-12,76.6432884412206,77.09989804625427,75.62543693876245,76.55767822265625,257200.0
2022-05-13,77.08087517325428,77.94652838494086,76.6813462713516,77.4423599243164,227000.0
2022-05-16,77.90848481580107,80.02979843047031,77.90848481580107,79.73490905761719,351700.0
2022-05-17,80.36273598902083,81.72304295425049,79.78246472890137,81.42814636230469,286100.0
2022-05-18,81.13326067875542,81.59937773804143,78.53630826189072,78.69802856445312,289200.0
2022-05-19,78.0511574022259,78.44117158496186,75.882270961471,77.07135009765625,321600.0
2022-05-20,77.19502942267326,77.68017580802955,75.46373025632133,77.2806396484375,739000.0
2022-05-23,77.73725086047513,79.26878560671678,77.15697957115056,78.61241149902344,245300.0
2022-05-24,78.12726941241363,79.82052455545906,78.12726941241363,79.44001770019531,245200.0
2022-05-25,79.59220727036875,80.47688252638578,78.888274383531,79.9251480102539,198200.0
2022-05-26,80.44834222972473,81.50424514209321,80.39126875042811,81.15227508544922,218100.0
2022-05-27,81.04763168637047,82.70283508300781,81.04763168637047,82.70283508300781,181600.0
2022-05-31,81.98939916746838,82.7884569827103,81.43766462405038,82.34136199951172,332200.0
2022-06-01,82.19867587978857,82.53161662638543,81.38058875525687,82.20818328857422,263500.0
2022-06-02,82.62675621282564,83.52094631206309,81.21888290280701,83.48289489746094,242100.0
2022-06-03,83.51140799454527,84.0631424636837,82.4269683869632,83.8062973022461,415100.0
2022-06-06,88.19163112604608,91.28323725257071,87.56380104043895,89.58047485351562,747300.0
2022-06-07,89.22850487161044,90.63637056125029,87.73502170678847,90.1322021484375,460500.0
2022-06-08,89.71364622104161,89.71364622104161,87.83014881018384,87.88722229003906,294800.0
2022-06-09,87.53523072690692,88.8955373039507,87.53523072690692,88.19160461425781,464900.0
2022-06-10,87.64940055728165,87.9252677873165,85.40441857136499,85.56613159179688,512100.0
2022-06-13,84.0631611997966,85.84201936538656,83.51142660768679,85.35688018798828,391700.0
2022-06-14,85.00490048294887,85.95616391068324,83.00724873621948,83.711181640625,530300.0
2022-06-15,83.8253426498019,85.18564975187279,83.25457874091039,84.51024627685547,383100.0
2022-06-16,83.62555781434148,83.62555781434148,81.18080423543371,81.55180358886719,474000.0
2022-06-17,82.04647550601271,82.04647550601271,79.60172864210713,81.36156463623047,941900.0
2022-06-21,82.2747600548504,84.54827874107221,81.90376795174728,84.23436737060547,283300.0
2022-06-22,83.55899215516921,85.84202627440908,83.30215417337872,85.20468139648438,493200.0
2022-06-23,85.1475742451426,85.9846832796937,84.6529132984277,85.3948974609375,288800.0
2022-06-24,85.84201199225956,90.32246198632103,85.79445317413385,89.78975677490234,759100.0
2022-06-27,89.70414332661802,91.09298704763448,88.84800479789175,89.66609191894531,338000.0
2022-06-28,89.74219240098887,90.8076101015939,87.44013654220245,87.55429077148438,250400.0
2022-06-29,88.11554002713842,88.15359144004766,86.68864470208398,87.47819519042969,241800.0
2022-06-30,86.79324911518053,89.14287029320133,86.78374170897814,88.5625991821289,222700.0
2022-07-01,88.27723956757687,90.57929507498815,87.67793902727664,90.31294250488281,247200.0
2022-07-05,89.03825945327594,89.82780987619154,86.37472608844051,87.79210662841797,419600.0
2022-07-06,87.72551171481395,89.89439110079759,87.42110771779105,89.44729614257812,303000.0
2022-07-07,89.1143497515695,90.07512775460823,88.71482089161556,88.7909164428711,305500.0
2022-07-08,88.56263088075433,89.29510784397917,88.23920477262409,88.86703491210938,171400.0
2022-07-11,88.70531424147669,89.67559974011967,88.43896164410661,88.62921142578125,132200.0
2022-07-12,87.99186706542969,89.32363731577061,86.66961148148403,87.04060363769531,346600.0
2022-07-13,86.18446510122158,87.32598556904122,86.18446510122158,86.56497192382812,178400.0
2022-07-14,85.53342044263167,87.0998610070098,85.47610666487586,86.91838073730469,214600.0
2022-07-15,87.40549855213024,87.70159177173801,86.19245785705375,87.29087829589844,191600.0
2022-07-18,87.44372103764572,88.22694137816964,86.47902041389989,86.51722717285156,338600.0
2022-07-19,86.79421568280738,88.8764365583111,86.79421568280738,88.58988952636719,197400.0
2022-07-20,88.62809964554089,88.82867966063388,87.72070553475565,88.57079315185547,226800.0
2022-07-21,88.68537798157973,89.39218456566658,87.74933820833883,89.19160461425781,318700.0
2022-07-22,89.59279593135064,89.9939559421994,88.6471951079581,89.45907592773438,214200.0
2022-07-25,89.8411143256683,91.05415495928276,89.37309438902277,90.68164825439453,368500.0
2022-07-26,90.53838755797248,91.1210278273805,89.97484702273809,90.24229431152344,191500.0
2022-07-27,90.33780267888199,90.71030941629861,89.4781689436155,89.49726867675781,302500.0
2022-07-28,89.49726265406257,91.7323102153485,89.49726265406257,91.39801025390625,181500.0
2022-07-29,92.66835165852592,93.43247211506363,92.17167846281133,92.52508544921875,231400.0
2022-08-01,92.09528173866185,92.6015085362912,91.32161491867694,92.15259552001953,200900.0
2022-08-02,92.26719447764052,92.58239472199722,90.17542759962093,90.28048706054688,305700.0
2022-08-03,90.47152821222325,90.74852172650297,88.83822765880296,90.32825469970703,177900.0
2022-08-04,90.1467660312147,91.04460649127205,89.59278634147037,89.6978530883789,149600.0
2022-08-05,88.8955256814932,89.91753261887719,88.8955256814932,89.87932586669922,200600.0
2022-08-08,90.25182440068198,90.45240436601816,88.18871098065833,88.60897064208984,235700.0
2022-08-09,89.12477314282464,89.96530725060866,88.5612398543731,89.430419921875,193900.0
2022-08-10,90.02260509517217,90.42376508778393,89.39220457490225,89.75516510009766,227500.0
2022-08-11,89.6501034158455,89.66920315063365,87.5392292928589,88.22693634033203,348000.0
2022-08-12,88.46570976865223,89.6405363916537,88.24602277214052,89.48771667480469,284300.0
2022-08-15,89.37310650872568,91.18788730698307,88.6949529979356,90.83448028564453,300400.0
2022-08-16,90.75805471753625,91.00639495054344,89.83156835102606,90.6338882446289,472000.0
2022-08-17,90.44287693602753,91.06371669179038,90.26139666374341,90.99685668945312,250300.0
2022-08-18,90.78672449879879,91.48397772208698,90.65300450290262,91.16877746582031,215000.0
2022-08-19,91.28339797377461,91.92334471116952,90.89179149536625,91.89469146728516,247600.0
2022-08-22,91.3598151679152,91.3980219237001,89.51638110265621,89.78382110595703,284500.0
2022-08-23,89.51637265179777,90.2136258392654,89.51637265179777,89.87932586669922,198300.0
2022-08-24,90.04169212544709,90.2804788426737,89.15340524587639,89.23937225341797,316500.0
2022-08-25,89.68828502581526,89.83155850173343,88.06453111072878,89.19160461425781,338600.0
2022-08-26,89.03879629167207,89.0770030426105,87.34818217681152,87.4437026977539,268700.0
2022-08-29,86.9947906597007,88.84777088762073,85.87727041669027,88.66629791259766,396500.0
2022-08-30,88.83822646659094,88.83822646659094,87.2717859350741,87.3386459350586,395100.0
2022-08-31,87.45324944138595,88.75224983226515,86.7846495139596,86.9852294921875,483400.0
2022-09-01,88.43706029151477,90.3760148898328,87.17626649938694,89.78382110595703,639900.0
2022-09-02,90.10854857538271,90.5670222608139,87.71113527537466,87.7588882446289,490600.0
2022-09-06,87.94038416633565,88.92418441226219,87.68249768220856,87.89262390136719,352500.0
2022-09-07,88.3224417672717,89.411308733615,87.53922154082838,89.18207550048828,291800.0
2022-09-08,89.05790028881115,89.81246725980036,88.36064709057086,89.3253402709961,346400.0
2022-09-09,89.63099514520134,90.96820246474871,89.00060188526223,90.41422271728516,280900.0
2022-09-12,91.3406988102387,93.42291942092865,90.99684533051429,91.65589904785156,488600.0
2022-09-13,90.61479617620081,91.58904288470742,89.02924869924338,89.49726867675781,334000.0
2022-09-14,89.3826611010058,91.16878138899065,89.3826611010058,89.78382110595703,568900.0
2022-09-15,89.43995567308728,89.97483560841543,88.43704850715444,88.99103546142578,480400.0
2022-09-16,88.43705942773772,89.39220645145076,87.62518591502034,88.9719467163086,2643100.0
2022-09-19,88.13141392085575,90.18498150838577,88.13141392085575,89.91754150390625,422900.0
2022-09-20,89.8220185879833,89.89843209166374,88.14095794297769,89.24893188476562,355200.0
2022-09-21,89.26803287541853,90.82491977709122,88.09320621034078,88.1505126953125,270600.0
2022-09-22,88.1505218335365,88.1505218335365,86.88972802310663,87.23358154296875,309200.0
2022-09-23,86.55541978003785,86.9088194899704,83.98607213637949,85.23731231689453,314400.0
2022-09-26,84.75019776624063,86.10650477731673,84.52095723608068,84.7979507446289,271900.0
2022-09-27,85.82951326174876,86.2975332691044,84.02428594618338,84.55916595458984,266600.0
2022-09-28,85.12269561809954,86.45989546824438,84.06248196034711,86.25931549072266,294300.0
2022-09-29,85.84860260736949,85.87726313623176,84.23440926671056,84.71198272705078,344300.0
2022-09-30,84.59736592643688,85.65757963464543,84.38723242935872,84.4636459350586,319500.0
2022-10-03,84.96987038599397,87.39594447315451,84.85525013050864,86.97567749023438,233300.0
2022-10-04,87.5678860006609,89.64055344882101,87.5678860006609,89.430419921875,282400.0
2022-10-05,88.70450742918518,89.63099392839725,88.3511004041788,88.69495391845703,180800.0
2022-10-06,88.05501056150112,88.80002410884968,87.28133648085976,87.90218353271484,198900.0
2022-10-07,87.71113695578995,88.12185039264355,86.69867633982983,87.93081665039062,252900.0
2022-10-10,88.1409587476118,89.75515941343117,88.02634577823765,88.37974548339844,237400.0
2022-10-11,88.31290130858439,88.98150866087205,87.21448066976436,87.7875747680664,293700.0
2022-10-12,87.68250241650576,87.68250241650576,85.8008615553673,85.86772155761719,228500.0
2022-10-13,84.97576374209174,88.7833697420492,84.4578518796918,88.31341552734375,227900.0
2022-10-14,88.47645119444964,88.86968337873328,86.71172115447841,87.5173568725586,262300.0
2022-10-17,88.42848579221035,90.53849750561156,88.42848579221035,90.03976440429688,339400.0
2022-10-18,91.06599889024687,93.79942344002782,90.8837759529545,93.59800720214844,393000.0
2022-10-19,93.03215688673544,93.10888619496127,90.84542282346624,91.862060546875,301300.0
2022-10-20,92.43751144755231,92.63892038434524,91.37291612642592,92.6005630493164,200500.0
2022-10-21,92.81154575433386,95.12296636933088,92.216912012653,94.78728485107422,218600.0
2022-10-24,95.33398043069725,96.59998468767039,94.93116255741245,95.74639129638672,273400.0
2022-10-25,95.18051710641575,97.49193790171657,95.18051710641575,97.30970764160156,202500.0
2022-10-26,97.7221197040584,98.19207387213041,97.10829992448834,97.28093719482422,244100.0
2022-10-27,97.64538277896679,100.45552921057555,97.64538277896679,99.55398559570312,443900.0
2022-10-28,99.74580874569511,102.8053219516452,99.32380490561678,102.77655029296875,353300.0
2022-10-31,101.86540358759068,104.53168454105212,101.84622492142068,103.90827178955078,302100.0
2022-11-01,104.26314077973883,104.87696054814865,103.59177769469962,104.00418853759766,374700.0
2022-11-02,103.72605333225279,106.20051846169851,103.40955044695669,104.24396514892578,444600.0
2022-11-03,103.25609075820273,105.337323530412,103.05467452590389,104.8961410522461,227900.0
2022-11-04,105.2126416223957,105.86482603809203,102.45045267684527,104.7043228149414,294400.0
2022-11-07,104.96327798743623,107.48569325295581,104.72350442282115,107.46651458740234,261400.0
2022-11-08,107.35143863819961,108.40644103590141,106.59375316892303,107.08289337158203,249800.0
2022-11-09,106.5170070208771,106.67046561600517,104.86736370979298,104.91532135009766,289900.0
2022-11-10,107.17879195365823,107.87893403793794,105.97033104251541,107.31306457519531,262000.0
2022-11-11,106.67047972460718,106.68007271739863,102.67105785578842,102.7477798461914,401000.0
2022-11-14,103.10265033576395,105.19347646782347,102.50800916006106,102.61351013183594,409200.0
2022-11-15,103.51506066170172,103.82197058227797,102.26823499337405,102.8149185180664,322100.0
2022-11-16,102.91083852263517,103.86033998953631,101.93255807538307,102.9491958618164,304400.0
2022-11-17,100.60899547680445,101.60645444614822,99.71703746788322,101.2515869140625,409000.0
2022-11-18,102.15314365984754,103.2656893269034,101.44340855576242,102.6806411743164,336200.0
2022-11-21,102.64228101061826,104.71392845805406,102.64228101061826,104.01378631591797,280800.0
2022-11-22,104.11929003511908,105.18388544859977,104.11929003511908,104.4549789428711,148300.0
2022-11-23,104.3494619357098,105.48119349338715,104.3494619357098,104.53168487548828,196800.0
2022-11-25,105.25101161426018,106.48824420024148,104.66596347707578,106.0854263305664,82700.0
2022-11-28,105.18387265091712,106.43069819778411,104.81941944239567,105.3948745727539,191900.0
2022-11-29,104.78104778709957,105.88400764832022,104.57963887080322,105.06877899169922,217800.0
2022-11-30,104.62759283209559,105.62505177413982,103.38077464252187,105.60587310791016,300200.0
2022-12-01,106.19093122217852,106.20052421485207,104.55088070585619,105.1742935180664,198500.0
2022-12-02,104.94409306256823,106.26764783566432,104.24395834452653,104.79064178466797,785900.0
2022-12-05,108.2817480030031,113.11558415618457,107.63915657774452,109.29838562011719,997500.0
2022-12-06,109.0586115533306,110.6411186056748,108.24338286494384,110.44930267333984,656700.0
2022-12-07,110.21910520394094,111.25492871015496,107.04450570038806,107.9076919555664,390500.0
2022-12-08,108.95311062283174,109.82588994498616,107.87892969379098,108.3009262084961,337800.0
2022-12-09,108.06115229437086,108.30092586775002,105.97032644181213,105.97991943359375,360300.0
2022-12-12,106.14297623383392,106.69925274587685,105.39488376737394,106.36357116699219,261800.0
2022-12-13,107.64874792401953,107.85015685968352,105.47160696652932,105.50997161865234,374600.0
2022-12-14,105.89360486465206,107.8309721253526,105.50037269049744,107.10205841064453,431100.0
2022-12-15,106.65128579438876,106.78555841422872,105.04000703900032,105.3948745727539,328400.0
2022-12-16,104.94409865576688,107.03492456441599,103.8986893600968,105.97032928466797,2013600.0
2022-12-19,106.04707117131174,106.75679900293314,103.92747335231512,104.40702056884766,283200.0
2022-12-20,104.6084320320153,105.85525775184404,104.20561411661586,104.72352600097656,185900.0
2022-12-21,105.03042860962657,106.421112547036,104.59883174410298,106.3443832397461,236100.0
2022-12-22,106.10458843069733,106.10458843069733,103.97540545887631,105.03999328613281,338800.0
2022-12-23,104.67555968554097,105.78811267479904,104.00419654878829,105.00165557861328,181400.0
2022-12-27,105.19346386910563,106.79514960540783,104.87696099168767,106.6992416381836,295800.0
2022-12-28,106.91025672959009,107.9556661405712,105.81688967043324,105.93197631835938,564800.0
2022-12-29,106.32520854493303,107.5624412313073,105.65384537433137,105.93197631835938,296900.0
2022-12-30,105.97033773809838,106.73761618162601,105.10715131845717,106.39234161376953,240900.0
2023-01-03,104.67555731288962,106.8047479516284,104.67555731288962,105.55792236328125,460300.0
2023-01-04,105.4140726504899,106.14297915115628,103.90828736596032,104.40702056884766,213300.0
2023-01-05,104.08091654035947,104.53169205951808,102.09559151142311,103.03550720214844,302200.0
2023-01-06,104.02336889718222,105.5387396764316,103.09304623755052,103.89868927001953,346500.0
2023-01-09,103.63972283713048,103.6493158285253,100.36921523310569,100.47471618652344,369400.0
2023-01-10,100.51308912730727,101.75031437890063,100.29249421087746,101.27076721191406,270500.0
2023-01-11,101.40504193566278,102.46004418531606,101.0405814244182,102.28740692138672,280400.0
2023-01-12,102.17191371689742,102.74937217783803,100.73788293850929,102.09491729736328,203500.0
2023-01-13,100.76676502763746,102.09492770019325,100.76676502763746,101.98905944824219,234300.0
2023-01-17,102.26817152519926,102.62426717123084,101.2479871641656,101.33460998535156,230700.0
2023-01-18,101.20949631678175,101.78695486796012,97.86022497149305,98.15857696533203,311300.0
2023-01-19,97.90834903974296,98.36068655144862,96.94591567879812,97.10952758789062,289100.0
2023-01-20,97.39823362106266,98.49540684467091,96.43580045349175,97.60997009277344,262200.0
2023-01-23,97.79285406090796,98.63017372548848,97.29238460295737,98.2740707397461,311800.0
2023-01-24,97.25388277526008,99.73695497784665,97.23462999831634,99.380859375,364300.0
2023-01-25,99.24612024330594,100.57427549641167,99.15949743180826,100.39141082763672,265900.0
2023-01-26,100.5935235528714,100.96887928876815,99.29424008880281,99.40010833740234,298900.0
2023-01-27,99.44823212284325,100.17005707949119,97.60998104204391,98.1489486694336,233500.0
2023-01-30,98.44730850091833,99.63109741244496,98.1778283370841,98.79378509521484,257400.0
2023-01-31,99.32311928934645,99.88133239746094,98.50505240623178,99.88133239746094,374600.0
2023-02-01,99.71771315972228,100.03531790576459,98.64941162687686,99.84282684326172,324400.0
2023-02-02,99.3808538043698,100.70900897050498,98.98625266975438,100.51652526855469,316500.0
2023-02-03,100.78600824977443,101.09398658730812,99.66958218697555,100.17005157470703,188200.0
2023-02-06,100.62239875666727,102.01792402556417,100.54540233475743,101.02661895751953,315100.0
2023-02-07,100.56465513703425,101.56558666684981,99.1787561550295,101.50784301757812,210200.0
2023-02-08,101.24798254591809,102.31628412085185,101.15174068226659,101.87356567382812,257200.0
2023-02-09,101.90243276595972,102.22966389851734,100.2085554845687,100.84375762939453,198800.0
2023-02-10,101.29609805422281,102.98998260498047,100.88225146917358,102.98998260498047,219900.0
2023-02-13,103.25946985114993,103.83692836378451,102.05642822366815,102.34515380859375,391300.0
2023-02-14,102.27779401854862,102.65314979929116,101.2672433558852,102.03718566894531,378800.0
2023-02-15,101.88319587863137,103.52895603989262,101.24798633773204,103.46158599853516,283500.0
2023-02-16,103.0092281413535,105.54043225306383,103.0092281413535,104.11602783203125,219200.0
2023-02-17,104.33739518509772,104.86672908229018,104.03903587584637,104.50100708007812,274100.0
2023-02-21,104.3373913761485,104.44325227749587,103.14396886827663,103.79842376708984,232100.0
2023-02-22,103.7503091938711,104.12565758084675,102.9129896075807,103.24983978271484,291100.0
2023-02-23,103.59632324779521,104.6838702693299,103.10548019259654,103.1247329711914,221900.0
2023-02-24,102.88411721278145,103.51931934767914,102.31627776975321,103.32683563232422,154600.0
2023-02-27,103.68293743946005,104.25076953344362,102.53763952021342,102.75899505615234,170700.0
2023-02-28,102.73974122229713,103.3460714779123,102.28739645612193,102.63387298583984,280400.0
2023-03-01,102.36440114419308,103.66368456423784,101.67144802876042,102.99960327148438,212500.0
2023-03-02,102.95149004959475,104.38551359353482,102.95149004959475,104.34701538085938,214900.0
2023-03-03,104.60689514730242,105.16510097374736,103.58671068631428,105.0881118774414,229700.0
2023-03-06,104.66460439893935,105.1458209708885,103.69254486762306,103.94277954101562,349200.0
2023-03-07,104.27001571652104,105.00146704906669,104.22189845925887,104.28926849365234,193400.0
2023-03-08,104.18341732407205,104.76087590534839,100.77640214892209,102.04681396484375,319700.0
2023-03-09,102.55687712391413,102.86485544724069,100.8918718375114,100.94961547851562,211400.0
2023-03-10,100.56464604325367,102.24890419402081,99.72733383339616,99.85244750976562,239400.0
2023-03-13,99.10176426558681,100.10269584123743,98.63979302190813,99.36161804199219,287600.0
2023-03-14,100.37216709348458,101.73882058120739,99.27499374781605,100.88225555419922,334300.0
2023-03-15,99.83320664832334,100.04493580046501,97.94683097142016,99.99681854248047,284500.0
2023-03-16,99.55409622663416,101.3538416775807,99.53484344996636,100.21817016601562,262700.0
2023-03-17,99.96794076292164,99.96794076292164,97.74471504145652,98.399169921875,545700.0
2023-03-20,99.14986839756902,100.94962118604069,99.14986839756902,99.5733413696289,245900.0
2023-03-21,100.57427529849343,101.24797564089165,100.28554238444674,100.87262725830078,191800.0
2023-03-22,100.89186938753504,100.99773762199358,99.0536185371934,99.16911315917969,207700.0
2023-03-23,99.16912806043123,100.28554686959058,98.43767669684063,98.76490783691406,271800.0
2023-03-24,98.59165788108271,99.65995930450536,97.8890784247809,99.46746826171875,280100.0
2023-03-27,100.24704421578191,100.87261991268986,99.45784195389561,100.83412170410156,338300.0
2023-03-28,101.01699778592761,101.90243465526876,100.7186458140978,101.53671264648438,308700.0
2023-03-29,101.98905399894093,102.8263662379099,101.4212145558356,102.64350891113281,387500.0
2023-03-30,102.88411502810322,103.45194711629084,102.41252479554944,102.67237854003906,302600.0
2023-03-31,103.32683096161439,104.33738877850489,103.02847901346583,103.4230728149414,456300.0
2023-04-03,103.8657973398248,107.35943482961184,102.01792721295249,106.348876953125,880300.0
2023-04-04,105.20358473532957,105.2805811638386,101.94093634079069,103.40383911132812,573400.0
2023-04-05,103.21133519564818,104.7897250697387,103.17283698618466,103.57706451416016,498400.0
2023-04-06,103.82731275899134,104.48176776602888,103.20173692195098,103.80806732177734,288200.0
2023-04-10,103.6733108451043,105.44418450023127,103.6733108451043,104.64537048339844,376700.0
2023-04-11,104.1930270369875,104.54912264467241,103.28833742069662,103.32683563232422,338700.0
2023-04-12,103.30758932819056,105.09771589573315,103.13435837918662,104.60688018798828,396600.0
2023-04-13,104.6841338035667,105.03179387305859,103.39972340060301,104.71310424804688,319200.0
2023-04-14,104.24955867193123,105.13802741823912,103.3321268479969,104.2302474975586,281400.0
2023-04-17,104.02745897115236,104.31717082724015,103.39007962560053,104.28820037841797,295400.0
2023-04-18,104.37511995340873,105.24427026457083,103.8246593176504,103.99848937988281,202900.0
2023-04-19,104.15298278640864,104.18195323043207,101.92217018222867,102.10565948486328,427200.0
2023-04-20,101.96080199778719,102.35674368737352,101.15925197992125,101.37171173095703,295900.0
2023-04-21,101.545555297593,101.80629670178514,99.56582448226558,99.73965454101562,257200.0
2023-04-24,99.55615679091466,99.96176513894062,97.95306404500374,99.4789047241211,291500.0
2023-04-25,99.20849154041211,99.89415235871142,98.61940131930658,98.8704833984375,258400.0
2023-04-26,98.21379666464505,98.2234559350819,95.9926433753626,96.8617935180664,313500.0
2023-04-27,96.84248543449732,98.94775717732837,96.84248543449732,98.88981628417969,265600.0
2023-04-28,99.2954139194241,99.58513311111636,98.15586306282773,98.5324935913086,267100.0
2023-05-01,98.78357598875675,100.1838681232581,98.78357598875675,99.63340759277344,263100.0
2023-05-02,98.64837931119771,98.64837931119771,95.23938613110538,96.5141372680664,469000.0
2023-05-03,96.77487863723043,98.01100005878477,96.48516682347761,96.5141372680664,414000.0
2023-05-04,95.96367317419265,96.06990304567267,94.56337367189441,95.3262939453125,252200.0
2023-05-05,96.0505885718641,98.03031913196818,96.0505885718641,97.61505889892578,382600.0
2023-05-08,97.69231892810735,97.9627195712105,95.74155880080905,95.93470001220703,248700.0
2023-05-09,96.42722314111643,96.67831261923956,95.7125917918516,96.011962890625,237700.0
2023-05-10,96.55277956407639,96.72660962212368,95.53876966415625,96.2823715209961,257500.0
2023-05-11,96.0602575022583,96.10853912573485,94.71790606304046,95.35527801513672,231500.0
2023-05-12,95.63532067339354,96.10852175799936,94.95931912395665,95.80915069580078,248100.0
2023-05-15,95.83812550352224,96.37893413556915,95.25869452506055,95.86709594726562,225200.0
2023-05-16,95.7512285591522,95.7512285591522,94.72755939660094,94.77584838867188,294200.0
2023-05-17,94.98829721146956,96.41755985041662,94.34126605238049,96.22441864013672,268200.0
2023-05-18,96.06024180720881,96.87144368058478,95.25869183623179,96.47550201416016,221200.0
2023-05-19,96.97767283451152,97.29636244007166,94.85309019983933,94.95932006835938,279800.0
2023-05-22,94.94001695091903,95.68362615135818,94.62133466145353,95.09453582763672,280800.0
2023-05-23,94.81446820553909,95.19109872718364,94.33160780672658,94.67926788330078,228300.0
2023-05-24,94.73720797464375,94.99795671380834,93.52039771689384,93.72320556640625,230000.0
2023-05-25,93.41417303667956,93.49142509846476,92.15873309239457,92.65125274658203,363700.0
2023-05-26,92.96993526865859,94.28331610504223,92.21667424705777,93.89703369140625,379800.0
2023-05-30,93.91636897236538,94.5923707376162,93.46247891518269,94.14813995361328,215100.0
2023-05-31,94.11914761806335,94.66960817545483,93.6266279505452,93.99360656738281,390700.0
2023-06-01,94.30262882129695,96.19544052907887,93.93565023600065,95.52909088134766,355600.0
2023-06-02,95.93470991930039,97.97238159179688,95.93470991930039,97.97238159179688,323000.0
2023-06-05,100.58948130471308,102.82995324907374,99.12158157379733,99.13124084472656,727400.0
2023-06-06,98.12688558678694,100.47358729419298,98.04962615882236,99.63340759277344,481900.0
2023-06-07,99.38232965972259,100.54119165619511,98.72563923029085,100.25147247314453,406100.0
2023-06-08,100.212837530508,101.58416657517283,99.09260530806382,101.4586181640625,279100.0
2023-06-09,101.40067937255985,102.37605939905039,101.02404886717666,102.11531066894531,318700.0
2023-06-12,102.76234613377068,104.52960946524217,102.35673782870717,103.69908905029297,401400.0
2023-06-13,103.5156101163009,104.63584236113739,103.4093802437908,104.48133087158203,271300.0
2023-06-14,103.87292126784365,104.55858211458636,103.39006089397994,104.07572174072266,329200.0
2023-06-15,103.8149740654891,105.19595494544691,103.8149740654891,104.47166442871094,264100.0
2023-06-16,104.88693871834468,105.71745921193435,104.24955944136721,105.18630981445312,1341600.0
2023-06-20,104.88692873290654,105.16698862783757,104.25920878687937,104.67446899414062,267900.0
2023-06-21,104.4813239445998,105.40841492406093,103.59285530906838,105.30218505859375,271700.0
2023-06-22,105.36978665313889,105.36978665313889,104.06606517568977,105.13801574707031,261400.0
2023-06-23,104.89661028127209,105.16701096336064,103.49631050921923,103.71842956542969,363300.0
2023-06-26,103.50595489066814,104.93522490619927,103.4190361880065,104.68413543701172,196100.0
2023-06-27,104.73241764318612,106.64454806594904,104.51030598555035,106.2003173828125,266100.0
2023-06-28,106.15202494680186,106.88597479276858,105.08007430593756,106.81837463378906,263600.0
2023-06-29,106.83768097044133,108.64358137551439,106.40310959208503,108.2959213256836,341800.0
2023-06-30,108.70153490418927,109.38719581336414,108.61462356555519,108.62428283691406,324900.0
2023-07-03,107.61992752604863,109.5320505701205,107.61992752604863,108.4311294555664,163100.0
2023-07-05,107.97723391786153,109.56101534696333,107.60060341751807,109.36787414550781,289100.0
2023-07-06,109.09746394587603,109.69620603858291,108.28625476162323,108.84637451171875,269200.0
2023-07-07,108.47942050176083,110.34326196228692,108.47942050176083,109.08782196044922,356300.0
2023-07-10,108.66289872628852,110.47845850482297,108.66289872628852,109.85073852539062,258400.0
2023-07-11,109.94730928893384,111.5697204934509,109.94730928893384,111.37657928466797,232900.0
2023-07-12,112.01395901694144,112.02361828841687,110.34326607709292,110.40120697021484,221700.0
2023-07-13,110.40119751375946,111.1665950516883,110.10085435788699,110.95344543457031,257700.0
2023-07-14,110.79844033043452,111.01158996312603,109.61643410681006,110.78874969482422,237700.0
2023-07-17,110.52716489196416,112.8427316205006,110.52716489196416,112.70709228515625,238200.0
2023-07-18,112.73614612060248,113.79219618741924,112.40673105755346,112.61988067626953,232000.0
2023-07-19,112.88147654632944,113.62749282314165,111.7188442735431,112.4551773071289,180600.0
2023-07-20,112.46486620800258,113.88908646992671,112.09669600099228,113.86970520019531,232800.0
2023-07-21,114.32507220642046,114.69323503214292,113.68562333924116,114.06348419189453,298200.0
2023-07-24,114.46070742191309,115.0420198491585,113.59842571994487,113.71469116210938,290800.0
2023-07-25,112.88148415575455,114.57698320004768,112.20328010296376,114.55760192871094,229900.0
2023-07-26,114.86762386794167,115.95274580514369,114.61572650092123,115.23579406738281,292200.0
2023-07-27,115.12922706815229,115.58459083510375,113.45310196304418,114.20880889892578,304400.0
2023-07-28,114.82887001318309,116.9312942521564,114.82887001318309,116.8440933227539,252000.0
2023-07-31,116.79566782382443,117.89047313706341,116.79566782382443,117.5610580444336,341200.0
2023-08-01,117.75482857883726,119.40188179355573,117.1831993579622,118.56866455078125,525200.0
2023-08-02,118.2683264801511,119.10154375886385,117.6095036874896,118.21019744873047,289100.0
2023-08-03,118.51052787536621,119.25654413484729,117.64824617377091,118.8399429321289,319800.0
2023-08-04,119.11122961470402,119.68285144550573,117.90984214043458,117.9195327758789,217900.0
2023-08-07,118.20049151002358,119.1402834858632,118.20049151002358,118.5880355834961,167400.0
2023-08-08,118.26830624749894,118.51052035936749,116.95066088759104,117.43508911132812,258900.0
2023-08-09,117.46416355307231,117.78388798179901,116.57281732006636,116.71814727783203,333100.0
2023-08-10,116.51468754083125,117.22194866331157,115.61365067865255,115.91399383544922,286800.0
2023-08-11,116.01087875899313,116.7665856692281,115.70084496526113,116.71814727783203,343800.0
2023-08-14,117.03786646244316,117.70637241134952,116.31122409796224,116.5921859741211,302400.0
2023-08-15,115.9915159207935,116.75691353887326,114.98390414731342,115.88494110107422,231200.0
2023-08-16,115.77835621132903,116.34029477701164,114.80949967399572,114.8773193359375,223500.0
2023-08-17,114.79980943443853,115.50707796151563,112.53268867732636,112.61019897460938,285600.0
2023-08-18,112.46487078840626,113.50154700759845,112.31954082665636,112.43580627441406,309100.0
2023-08-21,112.58111553564596,112.939595080013,111.73821516235971,112.36797332763672,208700.0
2023-08-22,112.125776263892,112.9589861297373,111.31193288564455,111.92230987548828,312600.0
2023-08-23,112.31954677740964,114.06349162722576,112.15484292820182,113.95691680908203,323600.0
2023-08-24,113.72438061779255,114.8966961711203,113.41434681353884,114.20880889892578,183500.0
2023-08-25,114.66416765822417,114.98389208383834,113.4143418604686,114.08285522460938,200700.0
2023-08-28,113.92783040333998,115.17765615469087,113.92783040333998,114.86762237548828,229400.0
2023-08-29,114.73198784754652,114.73198784754652,113.29808433080957,113.54029846191406,245200.0
2023-08-30,113.54030450964923,114.68355556502937,113.54030450964923,113.82127380371094,316300.0
2023-08-31,114.34444041264805,114.71261061189557,113.19150620875246,113.99565887451172,272100.0
2023-09-01,114.57698302550862,115.63303316628652,113.88909572988658,115.31330871582031,225600.0
2023-09-05,114.62541127566493,114.72230284004755,113.13337136399308,113.44340515136719,287200.0
2023-09-06,113.36591019351043,114.12161714121109,111.6897850621882,111.93199920654297,350000.0
2023-09-07,112.67802297098179,113.15276062447079,106.35138330793951,106.48703002929688,849900.0
2023-09-08,106.9133189694224,108.63788244824093,106.08979237908409,106.8842544555664,517000.0
2023-09-11,106.9326906372589,107.84341068738222,106.11884736343008,106.95206451416016,421800.0
2023-09-12,106.089798002042,108.12439538947675,106.01228769979191,107.81436157226562,461800.0
2023-09-13,107.84342063185152,108.62819946680045,107.20397915011081,107.85311126708984,453200.0
2023-09-14,108.17282237240606,108.63786932148793,107.07800987085767,107.7852783203125,445300.0
2023-09-15,107.40742433076547,107.91122642155484,105.21780673110729,106.33199310302734,1850300.0
2023-09-18,106.67109964674232,108.04687410884061,106.56452483992457,106.65172576904297,440500.0
2023-09-19,106.77767737554124,106.84549703702766,104.62681469441685,104.74308013916016,484600.0
2023-09-20,105.0046532637143,107.34929135368104,104.28770160224379,106.08977508544922,680300.0
2023-09-21,105.59567281340017,105.59567281340017,103.19291272021094,103.22197723388672,344000.0
2023-09-22,103.13476812635263,103.55137670352457,101.89463302922356,102.14653778076172,294200.0
2023-09-25,102.12716587385356,103.07664109200144,102.020591068908,102.07872009277344,193500.0
2023-09-26,101.71056476447113,101.86557797010204,101.02267010315677,101.59429931640625,245900.0
2023-09-27,101.8268127087437,102.51469990995787,101.3423844775967,102.20466613769531,269100.0
2023-09-28,102.37907020484118,103.8808008190494,102.37907020484118,103.37699127197266,272700.0
2023-09-29,103.75482814586627,104.12299830796432,102.15622100210179,102.25310516357422,361600.0
2023-10-02,102.27248072287442,104.917461986164,102.27248072287442,103.59012603759766,486000.0
2023-10-03,103.0960266950486,103.87110748239425,101.88495603501912,102.53408813476562,428600.0
2023-10-04,102.68910046163106,102.99913425228866,101.507094324815,102.48564147949219,429600.0
2023-10-05,102.40812602336707,103.16384027981513,101.83650425356122,101.87525939941406,199200.0
2023-10-06,101.30363415104956,104.04549984379987,101.21644061335368,103.35761260986328,298400.0
2023-10-09,103.79360355874992,108.42474425614381,103.79360355874992,107.61090087890625,457000.0
2023-10-10,107.85311591721721,110.17837322481448,107.74654110036727,108.5216293334961,424200.0
2023-10-11,108.6281936678059,110.1977364703377,108.27940473573473,110.15898132324219,284700.0
2023-10-12,110.45059731509761,111.0921338853006,109.04117169765925,109.20641326904297,318000.0
2023-10-13,109.68270062048828,111.01437029417956,109.58550013258072,110.84912872314453,343200.0
2023-10-16,111.22820194218474,113.08475550216903,111.07267524819603,111.9183349609375,301100.0
2023-10-17,111.80169999171957,113.81378042658402,111.36429410341401,111.49065399169922,348100.0
2023-10-18,111.5975709074604,111.61701545289966,109.62437225288309,109.69241333007812,216000.0
2023-10-19,109.63411179979421,110.14928109628801,108.19551926338976,108.31216430664062,276900.0
2023-10-20,108.73984685639184,109.48829876477917,106.82496685472215,106.91244506835938,240900.0
2023-10-23,106.71804777482917,107.36929921855189,105.09477659447364,105.37666320800781,236800.0
2023-10-24,106.18343419851757,106.40700200146512,103.63674722884872,104.15191650390625,271100.0
2023-10-25,104.30743060695258,104.64764343134047,103.16044707560827,103.7242202758789,357100.0
2023-10-26,103.79226566561373,105.99875460738944,103.00493205678097,105.28917694091797,201800.0
2023-10-27,104.73512551784398,105.2697393337238,103.3548592862004,103.91863250732422,192500.0
2023-10-30,104.54072831713663,105.96959113718664,103.60758282007215,104.14219665527344,227500.0
2023-10-31,104.84204897120676,106.54308350357634,103.8214252854162,106.18343353271484,227100.0
2023-11-01,106.53334659549225,107.55397014108155,106.05705906831372,106.68887329101562,270300.0
2023-11-02,106.96104217372749,107.88445786620689,106.9415976279937,107.02908325195312,210200.0
2023-11-03,107.62201306653614,108.77871878263296,107.62201306653614,107.84557342529297,178200.0
2023-11-06,107.97195006182866,108.13719163101663,107.15544965750391,108.1080322265625,175400.0
2023-11-07,108.02053725280408,108.43850598430721,107.51509031550596,107.84557342529297,162800.0
2023-11-08,108.05942751016045,108.47739627486146,107.54425825932651,107.57341766357422,185300.0
2023-11-09,107.91360848041876,107.91360848041876,106.39726033721234,106.85411071777344,159300.0
2023-11-10,107.29153836067083,109.49802736717501,107.22349727415744,109.21614074707031,219200.0
2023-11-13,109.1480751021007,111.46147893895949,108.99254841596537,110.59638214111328,288600.0
2023-11-14,111.51010470740998,113.06533479355421,110.77136763552072,112.92925262451172,282000.0
2023-11-15,112.75427214051771,113.424968028931,111.78225255309945,112.27798461914062,238400.0
2023-11-16,112.55015455616979,113.15280940029545,111.78225815372495,111.95722198486328,213800.0
2023-11-17,112.65709530134059,113.00702301950254,111.42262601340192,111.55870819091797,226600.0
2023-11-20,111.59757672637603,112.77371964545733,110.88800651518959,112.74456024169922,290000.0
2023-11-21,112.85147597202801,113.57076841164982,111.94749743220987,111.99610137939453,271500.0
2023-11-22,112.20995329699947,113.33749226012193,112.20995329699947,113.04589080810547,221400.0
2023-11-24,113.0556074391322,114.04707167293968,113.0556074391322,113.36665344238281,89300.0
2023-11-27,112.92924392634146,113.4735725605855,112.55015685378986,113.17224884033203,267300.0
2023-11-28,113.20141067636749,113.51245667632352,112.23911327274126,112.74456024169922,313800.0
2023-11-29,113.17225635535104,113.52218404800757,112.31688167103614,112.72512817382812,350400.0
2023-11-30,112.9389745284376,114.44560065673775,112.46267952242657,114.12483978271484,358200.0
2023-12-01,114.40671321035288,116.61320203379708,114.1053894830673,116.5645980834961,564700.0
2023-12-04,125.3905485938577,132.2432908438444,121.98847944596234,132.19468688964844,1618700.0
2023-12-05,131.1254392069653,132.16550730697216,127.40261715976433,128.06358337402344,691500.0
2023-12-06,127.53869184065925,128.85090933569194,125.71129033818973,126.00289916992188,416500.0
2023-12-07,125.61409645394583,125.78906770522765,123.98111054514465,125.38082122802734,348400.0
2023-12-08,125.75991567344084,126.18760672181789,123.70894606232449,124.0977554321289,390300.0
2023-12-11,124.12691986082926,124.62265942871376,123.96167828214922,124.49629211425781,382100.0
2023-12-12,123.93250382899008,125.32248479186606,123.19376682774755,124.52543640136719,314600.0
2023-12-13,124.36993201068792,125.78908746258107,124.10748992438707,125.75019836425781,430000.0
2023-12-14,125.68214947683595,125.6918643343182,122.05651275301025,122.7660903930664,471400.0
2023-12-15,122.28006262951209,123.52424646974399,120.77342935727837,121.93984985351562,962000.0
2023-12-18,122.23147370643379,123.33957553880884,120.72484024905147,121.04560852050781,319800.0
2023-12-19,121.43440539342386,122.18285720065424,121.37608659221445,121.4830093383789,264000.0
2023-12-20,121.22057194631184,121.84266394076309,119.14045044938015,119.2862548828125,417100.0
2023-12-21,119.79171419335904,120.56933297452717,119.15989986065023,119.65563201904297,211300.0
2023-12-22,120.33603147672348,121.22056547136874,119.97638154892377,120.32630920410156,191300.0
2023-12-26,120.30686710229352,121.28860901125493,119.98610625846683,121.15252685546875,280400.0
2023-12-27,120.95812179919417,122.05650128111392,120.95812179919417,121.73573303222656,334800.0
2023-12-28,121.73573794391683,122.11482501119843,120.50127626101137,121.26917266845703,271600.0
2023-12-29,121.41498719222238,121.64826984934697,120.16108085930456,120.84149169921875,231800.0
2024-01-02,120.67625160106374,121.58023025138269,120.14163778036682,121.10393524169922,239600.0
2024-01-03,119.78198577322028,121.31777119746356,119.77226350017783,119.9180679321289,269200.0
2024-01-04,119.8500184356235,120.60819252941693,119.5972912657187,119.8014144897461,377700.0
2024-01-05,119.88890443705114,121.17197754105814,119.88890443705114,120.89009094238281,515400.0
2024-01-08,120.89008920265195,123.33957551159274,120.56932093126639,123.13545227050781,228600.0
2024-01-09,123.14517027733221,124.05886369397358,122.44531495161793,123.68949890136719,237800.0
2024-01-10,124.08803785110376,125.05032785698921,123.66034681211312,124.46712493896484,205600.0
2024-01-11,124.4476308832732,124.81805863756895,123.19983391862112,124.515869140625,249500.0
2024-01-12,125.15926050324595,126.01712140281487,124.40863965353556,125.39322662353516,204100.0
2024-01-16,124.97401891586546,125.12025329538939,122.9366144846385,124.08692169189453,284600.0
2024-01-17,123.05361179459396,124.32089475256002,123.05361179459396,124.14542388916016,226900.0
2024-01-18,124.61334539336112,125.63692664250878,123.86271716067633,125.50045013427734,232800.0
2024-01-19,126.09509823437867,126.72873596427064,125.11050391969232,126.24131774902344,239900.0
2024-01-22,126.72873766116572,127.98627012841949,126.72873766116572,127.78156280517578,162900.0
2024-01-23,127.9765389616307,128.0642706797108,125.26649458777229,125.28599548339844,227200.0
2024-01-24,125.60768317374293,126.49477304290606,125.41270398288842,125.47120666503906,175000.0
2024-01-25,126.06585631377251,126.72873795701692,123.7457408127697,124.9935302734375,204700.0
2024-01-26,125.96836818829885,127.83030939149276,125.96836818829885,127.63533020019531,202900.0
2024-01-29,127.71331213410609,128.61015984221882,126.5825132085519,127.57683563232422,222600.0
2024-01-30,127.76206334362425,127.88879684264973,126.49477297784097,127.12842559814453,551100.0
2024-01-31,126.72873014988897,127.06992883483701,124.34038397972101,124.44761657714844,349400.0
2024-02-01,124.44761639994267,125.59791619359646,123.82371427152083,125.57843017578125,239700.0
2024-02-02,124.75958360784266,126.13409926119519,124.16493272370617,125.76365661621094,203300.0
2024-02-05,125.13975314017104,125.13975314017104,122.37122112988168,124.20391845703125,165400.0
2024-02-06,124.01869472256861,125.52969419946312,124.01869472256861,125.48094940185547,235700.0
2024-02-07,125.67592387255694,126.78723692362033,125.03252819172417,125.29573822021484,195000.0
2024-02-08,125.45171598255892,127.51836467538888,125.06177244393295,126.9334716796875,253800.0
2024-02-09,127.47936710989478,128.2689822567671,127.21615710266273,128.22998046875,179800.0
2024-02-12,128.38594637203812,128.98059715003535,127.84978339600414,127.95701599121094,191800.0
2024-02-13,126.96271018449671,128.78564966619354,125.90988498723335,126.75798797607422,313500.0
2024-02-14,128.17148169429646,129.9164471255665,127.30387792045204,129.58499145507812,374900.0
2024-02-15,130.27715197494481,130.98877846979673,129.83847851578474,130.9010467529297,212300.0
2024-02-16,130.91077602050268,132.8019610512818,129.5849978971087,131.9148712158203,265000.0
2024-02-20,131.65167443397058,133.18216002887021,131.2227439870459,131.49569702148438,249300.0
2024-02-21,131.06675758131072,132.87021096172822,131.06675758131072,132.69473266601562,231000.0
2024-02-22,132.92869812498813,134.66390580566366,132.84096641496856,134.40069580078125,233900.0
2024-02-23,134.87836000884764,136.02865977922735,134.41044271876285,135.75570678710938,178800.0
2024-02-26,135.75571966125932,136.5843365997266,135.16106882743338,135.95069885253906,313300.0
2024-02-27,135.979935995913,137.29595622268104,135.424272103074,136.97425842285156,224600.0
2024-02-28,137.3544354193625,137.5689006058085,136.4770886564996,136.48683166503906,269800.0
2024-02-29,136.53558506757076,137.383687983476,136.01892296077526,136.4381103515625,310000.0
2024-03-01,136.43810637539673,137.3544400783211,135.28779171136662,137.26670837402344,209800.0
2024-03-04,137.79313003354267,140.3764405238086,137.79313003354267,139.3723602294922,329100.0
2024-03-05,139.00193796381245,139.72332235469162,138.23182364604048,139.55760192871094,304400.0
2024-03-06,140.65913893841346,141.51699973845206,139.4211074086033,139.75254821777344,253900.0
2024-03-07,140.02550389812453,140.02550389812453,136.37961030311388,137.89060974121094,277100.0
2024-03-08,138.446287597509,139.0409384734051,137.1010084315875,138.0076141357422,174800.0
2024-03-11,137.65666819002044,138.58275988655785,136.56484119926338,137.18873596191406,292600.0
2024-03-12,136.75979928439588,138.63149836178297,135.73623290981777,138.19281005859375,346500.0
2024-03-13,137.9783589289502,140.38620640069735,137.54944334122254,139.9377899169922,296700.0
2024-03-14,140.41543206375914,140.41543206375914,138.30003880721586,139.5770721435547,351000.0
2024-03-15,139.09940397313724,140.76636583543169,138.74846228505064,139.0506591796875,847900.0
2024-03-18,115.55711077550298,128.08375735615564,114.72850130127988,125.16899108886719,1755800.0
2024-03-19,125.45170958221176,127.06018383186007,122.46870488191772,123.53128051757812,991200.0
2024-03-20,124.17466491161422,125.30547133151545,123.31681150901976,123.80422973632812,567100.0
2024-03-21,123.80423435871145,124.62309344120492,122.94638092408799,124.57435607910156,403900.0
2024-03-22,124.91554170502673,124.96428650233423,123.14133966924682,123.3265609741211,287300.0
2024-03-25,123.580018328468,124.66208742529132,123.27782139711792,124.04794311523438,263200.0
2024-03-26,124.12592904706598,125.0130338014147,124.01869644077301,124.24290466308594,183400.0
2024-03-27,125.13975523788845,126.93346568115186,125.13975523788845,126.80673217773438,202100.0
2024-03-28,126.80672794442273,128.08376132143792,126.73848225260721,127.10892486572266,202100.0
2024-04-01,126.96272162787228,127.48912683653761,125.90989633571591,127.03095245361328,275600.0
2024-04-02,126.79698128542483,127.94728113014634,125.01302883783141,125.15924835205078,265400.0
2024-04-03,125.16900004418221,126.8749639109244,124.67183878652558,126.17308044433594,176500.0
2024-04-04,126.71899339033469,127.86929324235548,125.78314386892198,126.21207427978516,173800.0
2024-04-05,125.89038918785582,127.44037570427484,125.82215836550296,126.39730834960938,170700.0
2024-04-08,125.93913457369639,127.20642504654703,125.90989066757736,126.89447021484375,149500.0
2024-04-09,126.83597060540635,126.83597060540635,124.2429020886521,124.43787384033203,224800.0
2024-04-10,123.80423857142753,124.16493076284426,122.49796119897832,123.16084289550781,185100.0
2024-04-11,123.45414029243233,124.59805463321995,122.73064458863388,123.5421371459961,233600.0
2024-04-12,122.83819389021632,123.85500250791897,120.38416547113835,120.82413482666016,225700.0
2024-04-15,121.44008679947457,122.01693353908703,118.18434479491447,118.4581069946289,312800.0
2024-04-16,120.35483983685643,121.86049837328501,119.97353752443215,121.27388000488281,499200.0
2024-04-17,122.27112801602188,122.80886586076456,121.17610907291986,121.89960479736328,360900.0
2024-04-18,122.32979191076686,122.36890079476049,120.22773601646435,120.43305206298828,209800.0
2024-04-19,120.15930021775355,123.0630696554652,120.15930021775355,122.15380859375,317600.0
2024-04-22,122.40800014341625,123.16083309382594,121.03922652313824,122.33956146240234,198900.0
2024-04-23,122.5742274487935,125.5268775828935,122.5742274487935,125.22379302978516,271400.0
2024-04-24,125.06734943747716,125.96683141155724,124.11897949250394,125.60508728027344,227800.0
2024-04-25,125.08692191717333,127.2183004415746,124.78382988963044,126.2406005859375,265900.0
2024-04-26,126.21125588484962,127.67780549518304,125.64418824529902,126.5827865600586,230700.0
2024-04-29,126.68056168807531,128.88038608945044,126.68056168807531,127.2182846069336,212400.0
2024-04-30,126.90542406286072,127.36494411541116,125.60508167144279,125.82994842529297,276800.0
2024-05-01,126.15259870596891,127.47249934797948,125.2726748903048,126.08416748046875,266400.0
2024-05-02,126.90544050222717,127.73647640389716,125.90818250170776,126.94454193115234,224700.0
2024-05-03,127.75601356298489,128.69461180646846,127.08139840649874,128.61639404296875,199700.0
2024-05-06,129.12479532689855,130.91397249423744,128.94880163855453,130.8357696533203,199000.0
2024-05-07,131.01176729456918,132.63475246985578,130.47402944510503,131.6668243408203,328900.0
2024-05-08,131.66681471159424,132.46853561371094,129.80919127858778,130.71844482421875,233500.0
2024-05-09,131.57884082736356,132.79119394959721,130.786906376608,132.72274780273438,156600.0
2024-05-10,133.21158888626087,133.3386946257282,131.4615129248554,132.07745361328125,194500.0
2024-05-13,132.47830437138515,133.21157911882824,131.2757379627621,131.38328552246094,188200.0
2024-05-14,131.5201949188296,132.15569388735867,130.78691999274994,131.98948669433594,258000.0
2024-05-15,132.7618540103889,133.4657990849635,132.36100841617144,132.79119873046875,223300.0
2024-05-16,132.7423082890642,134.0915238915048,132.36100595729607,133.6320037841797,215300.0
2024-05-17,133.57333371299276,133.98396581359603,131.9308053105797,133.700439453125,242600.0
2024-05-20,133.85688499529377,134.77592520659306,132.95740295744122,134.14041137695312,173000.0
2024-05-21,134.2674982153307,134.5705827277481,133.59288305233042,134.3750457763672,119500.0
2024-05-22,133.90578098412914,134.33595639609774,133.0356286951091,134.22840881347656,212500.0
2024-05-23,134.78569523993596,134.9225726154139,133.53424068741913,133.66134643554688,143500.0
2024-05-24,134.45327396382928,135.19632040408507,133.79821692073907,134.56082153320312,159100.0
2024-05-28,134.68792235778474,134.68792235778474,131.8037108612401,132.05792236328125,204100.0
2024-05-29,131.42240400869292,132.02857310469324,129.01727087916504,129.73098754882812,267100.0
2024-05-30,130.12206465030042,130.8260097097831,129.6430012893436,130.13185119628906,279300.0
2024-05-31,130.79668374293726,131.74505378369258,130.01452088519363,131.64727783203125,429800.0
2024-06-03,127.11073328586814,129.0074731006718,114.46908326016153,116.1604995727539,1192400.0
2024-06-04,113.24696261944484,116.80578907457661,113.10030616666462,114.60596466064453,580900.0
2024-06-05,114.43975706638841,116.19961211538639,113.76514186168116,115.45655822753906,379700.0
2024-06-06,115.0752592081411,116.71779510958953,113.30562502273946,114.1953353881836,378300.0
2024-06-07,113.56960623602669,114.38109135731614,112.60167811545604,113.11985778808594,295400.0
2024-06-10,112.28881748932776,113.921574320774,112.25948768960531,113.05142211914062,251500.0
2024-06-11,114.15622809716746,114.55708112708537,113.23718791945433,114.33221435546875,373900.0
2024-06-12,115.2414708222839,115.79875937466497,113.99978797763642,114.13666534423828,306900.0
2024-06-13,113.65760581558004,114.25400331165403,112.1519471746111,112.494140625,230500.0
2024-06-14,111.05690724074036,112.19104249256823,109.50236827161343,110.96891784667969,301200.0
2024-06-17,110.25520886873353,112.55280948502161,109.84457672170848,112.50392150878906,391200.0
2024-06-18,112.14214866980198,113.03185894601395,111.80973436391386,112.64077758789062,284300.0
2024-06-20,112.36702965585212,114.07800417404226,112.11282563884336,113.40338897705078,335900.0
2024-06-21,113.8042515804307,114.73306335260544,112.97320829070743,114.69395446777344,1385000.0
2024-06-24,114.8406181903,115.79876728119082,114.40065626179091,114.47886657714844,325400.0
2024-06-25,114.4788619104675,115.61299721838093,113.22740740467147,115.00682067871094,356400.0
2024-06-26,114.39087208403686,115.95519021042865,113.9411310889028,115.38812255859375,282400.0
2024-06-27,116.17028763246972,116.17028763246972,114.22466715766866,114.54730987548828,309800.0
2024-06-28,115.3685660126611,116.0138514030057,114.14644137269647,114.92860412597656,559700.0
2024-07-01,115.18280178366814,115.35878803187896,113.15896365887227,113.18829345703125,284400.0
2024-07-02,113.34472775649327,113.96067588888373,113.11008191452407,113.86290740966797,209400.0
2024-07-03,114.41043059710839,114.71352261610119,113.52072763239092,113.72604370117188,226000.0
2024-07-05,113.93134840601073,113.97045729034305,111.1449056658313,111.70219421386719,744700.0
2024-07-08,112.49412899644886,113.7455834623695,111.78041236788022,111.91728973388672,460700.0
2024-07-09,111.86839756484562,111.86839756484562,110.70493999745719,110.87114715576172,409400.0
2024-07-10,111.03735490647398,111.89772795927892,111.03735490647398,111.42843627929688,324700.0
2024-07-11,112.61145595460374,113.9117983944416,112.20082385547296,113.79447174072266,257800.0
2024-07-12,115.12837324747454,116.60940999659887,114.63796442168919,115.4814682006836,326200.0
2024-07-15,115.42262913325038,117.83543981695952,115.42262913325038,116.09939575195312,929700.0
2024-07-16,117.18811156245647,120.6503971260731,117.18811156245647,120.64058685302734,356800.0
2024-07-17,120.40518823354414,121.81756069508246,120.40518823354414,121.35658264160156,338200.0
2024-07-18,121.35658076391238,121.35658076391238,119.44398170470684,119.55187225341797,370600.0
2024-07-19,119.87554304489436,120.48364524269932,118.44355007035526,118.58086395263672,331300.0
2024-07-22,118.30622943840135,120.64057278705137,118.30622943840135,120.3757553100586,366600.0
2024-07-23,120.37575940762407,121.98429983422888,120.03246722677515,121.4448471069336,275800.0
2024-07-24,121.33696485111416,121.60178983825908,118.43374516370032,118.56124877929688,416900.0
2024-07-25,119.28705565782943,121.14080057885224,118.74760291021094,120.31690979003906,229900.0
2024-07-26,120.44441550327642,121.11137183278422,119.22819617808594,119.78726196289062,259600.0
2024-07-29,120.26787219026916,121.77833238544888,119.65976250658525,121.06233215332031,282900.0
2024-07-30,121.61158890127794,121.9058372150781,120.09132590143167,120.31690979003906,172900.0
2024-07-31,120.95444791545815,123.779200418274,120.5621193081945,122.01373291015625,214700.0
2024-08-01,121.95486800732118,122.749335424852,120.11093344364573,120.95443725585938,195000.0
2024-08-02,119.24782306333194,120.85636356419921,118.46316587523035,120.67000579833984,164900.0
2024-08-05,117.92372454766216,118.37489982683513,115.74630788679362,117.54119873046875,475000.0
2024-08-06,117.54118891745766,119.67937179079745,116.65845897884049,117.79620361328125,204100.0
2024-08-07,118.76721568959377,119.3066684359278,116.60941967034847,117.01155853271484,173500.0
2024-08-08,117.92371445798696,119.65975848111574,117.31560479476045,119.3066635131836,212800.0
2024-08-09,119.13012031094453,120.97405494516238,117.53139010865675,119.62052917480469,268400.0
2024-08-12,119.87554711726499,120.94463487749584,119.35571490481912,120.13056182861328,215300.0
2024-08-13,120.97405900882043,122.01373092359863,120.15017568172198,121.17022705078125,179600.0
2024-08-14,121.15060637031343,122.08238773173822,120.98386914711642,121.58216857910156,147100.0
2024-08-15,122.60221309169742,123.15146861177375,121.52331511309953,122.69048309326172,140000.0
2024-08-16,122.43548689362814,123.71054553467464,122.36682994744137,122.6512680053711,136000.0
2024-08-19,122.65127734909248,123.92633608727448,122.65127734909248,123.90672302246094,111500.0
2024-08-20,123.57321623608752,124.11266894818984,122.66105550301585,122.78856658935547,147700.0
2024-08-21,123.78899923158012,124.39710889069558,122.66105739625803,124.24998474121094,149500.0
2024-08-22,124.78944181036138,125.36812067330992,124.25979934358651,124.4265365600586,141800.0
2024-08-23,125.37793466279318,127.31014682579837,124.74040162927207,127.07474517822266,187700.0
2024-08-26,127.4768766069997,128.36942429844464,125.80948952407316,126.2508544921875,227600.0
2024-08-27,125.60350591054922,127.08455014089044,125.60350591054922,126.1331558227539,233900.0
2024-08-28,125.96641668021877,127.32976772267122,125.08368669003336,125.97623443603516,300100.0
2024-08-29,126.63337379765899,128.36942531650647,126.24105270424381,126.74126434326172,220900.0
2024-08-30,126.88839255538427,128.20269976668345,126.72165532720946,128.08499145507812,269000.0
2024-09-03,127.70245504034807,128.62442602594817,125.44657893511197,125.65254974365234,409400.0
2024-09-04,126.07430713730724,126.86878208718959,125.33870130705121,126.7314682006836,418100.0
2024-09-05,127.71227502720095,133.6069838190964,124.66192400061571,132.6850128173828,622600.0
2024-09-06,132.3221351651459,133.54815743530085,130.3408789860697,130.59588623046875,354200.0
2024-09-09,130.69396941666142,132.76349553477343,130.69396941666142,131.9984588623047,295400.0
2024-09-10,132.08671562971978,132.59674501560139,131.15494182369247,132.36134338378906,237800.0
2024-09-11,131.4786180866825,131.56688808943775,128.26153716903826,131.3707275390625,256400.0
2024-09-12,131.4099707829998,132.5379202852672,130.49781737017733,132.3515625,212200.0
2024-09-13,133.22445876306142,134.47990411600566,132.2730644769271,133.99929809570312,153000.0
2024-09-16,134.63684948836377,136.0394116116699,134.22490785146078,134.9899444580078,230600.0
2024-09-17,135.90210510310814,135.921725648622,130.96859301580142,131.47862243652344,307500.0
2024-09-18,131.54727597564377,134.28376596516816,130.44876485026455,131.92979431152344,263400.0
2024-09-19,132.76348242450248,134.11701561879087,130.8508909321973,132.15538024902344,351600.0
2024-09-20,132.02787318684992,133.40101200112304,130.9097415906302,132.8811798095703,725200.0
2024-09-23,133.2636891424426,135.1664777755338,132.45942645285876,135.13705444335938,186500.0
2024-09-24,135.1076333023717,135.1076333023717,133.62660401657726,134.81338500976562,199000.0
2024-09-25,134.64664584222953,134.83300359036966,133.06752882652867,133.42062377929688,221100.0
2024-09-26,133.22445876306142,134.3916341223039,132.47904276165363,133.99929809570312,214400.0
2024-09-27,134.921292981907,135.36265799479082,133.31275240275602,135.10765075683594,234800.0
2024-09-30,135.24496216704162,136.8142765908203,134.71532715451895,136.59849548339844,339600.0
2024-10-01,136.64751957627212,138.4914465461731,134.7839570971508,138.0697021484375,221900.0
2024-10-02,140.39422167691035,141.16906094622377,138.883769254693,140.5609588623047,534400.0
2024-10-03,140.00195672047494,141.69876754892294,139.64886166701987,141.27700805664062,367300.0
2024-10-04,141.7379542174866,143.16995458170734,140.70810765056498,142.84628295898438,255000.0
2024-10-07,142.64032699243418,142.64032699243418,141.002363044886,141.25738525390625,269500.0
2024-10-08,141.19850593714537,141.60062977224248,140.39422833477394,140.41384887695312,229800.0
2024-10-09,139.3153511198787,141.99299443935752,139.27612499369317,140.60023498535156,275100.0
2024-10-10,140.443302882067,140.7473540048547,139.03092285845403,140.00193786621094,236100.0
2024-10-11,140.3952913675828,142.74553757222452,140.20844926263422,142.0965118408203,184200.0
2024-10-14,142.34234314434045,143.98456388640906,142.3325148782154,143.6502227783203,262100.0
2024-10-15,143.8665696245064,145.59728983622702,142.509518603222,143.91574096679688,307500.0
2024-10-16,143.5813796388487,145.61695609700638,143.5813796388487,144.74176025390625,190800.0
2024-10-17,144.9187519150778,146.098804009044,144.07305591706103,145.18426513671875,284000.0
2024-10-18,144.95808588026648,145.41042615021345,144.1123899353822,145.24325561523438,167600.0
2024-10-21,145.4301245878758,146.17747800103018,143.78790372930814,144.57460021972656,221500.0
2024-10-22,144.27956395788303,144.27956395788303,142.4898293548725,143.13885498046875,184200.0
2024-10-23,142.10630278863695,142.96184193898915,140.9361091320342,141.54579162597656,209500.0
2024-10-24,141.76216264830265,143.38471187957467,141.38847845965157,141.65399169921875,216100.0
2024-10-25,142.55865917749279,143.09951381598282,141.01476639171068,141.3392791748047,196500.0
2024-10-28,141.93913494255932,142.79467410904292,141.60479389151163,142.42098999023438,191200.0
2024-10-29,142.35217643345055,144.68276601615597,142.08667819382816,144.2107391357422,249500.0
2024-10-30,143.4043737580038,145.5677775889774,143.4043737580038,143.89605712890625,250000.0
2024-10-31,143.40436193235945,145.90210664837704,141.7326416101444,141.8899688720703,329200.0
2024-11-01,142.0079866797296,143.9845483161447,142.0079866797296,142.26365661621094,242900.0
2024-11-04,142.48000484489333,144.31889582756412,142.24399142800556,143.70921325683594,184200.0
2024-11-05,143.6305512381007,146.46265240064412,143.03069689478386,146.42330932617188,167500.0
2024-11-06,151.62533483902266,153.73956753436346,146.36431626458796,146.6790008544922,474900.0
2024-11-07,146.619973490754,148.09502346549002,146.06927556266575,146.46263122558594,284900.0
2024-11-08,147.11167109863663,149.88475751778557,146.32497470140078,149.44224548339844,400100.0
2024-11-11,149.9437551482014,152.4808431182774,149.9437551482014,151.5368194580078,212000.0
2024-11-12,151.46797099582486,151.8613116722603,150.24859089089895,150.7796173095703,258600.0
2024-11-13,150.93697169235452,152.51034952931911,145.43994001646763,145.54811096191406,368600.0
2024-11-14,144.59424134712245,145.46943716065323,122.84217348387247,123.81571197509766,1776000.0
2024-11-15,123.41253316901046,123.88455253322404,116.06678198636048,120.36409759521484,1548600.0
2024-11-18,120.55092474796339,120.95410871153172,116.01761099041808,118.03350830078125,804600.0
2024-11-19,118.24001841120048,119.47906264301125,116.16511392477261,117.5123291015625,648200.0
2024-11-20,117.197656035538,121.06228787650258,115.81110524029046,121.00328826904297,499900.0
2024-11-21,121.35729822997573,124.86791734341413,120.81644349860144,122.70450592041016,535800.0
2024-11-22,122.60617464516042,123.42237090121601,121.2196238365002,122.1341552734375,369700.0
2024-11-25,122.87166729767422,123.0880091740691,118.97753603004426,120.18708038330078,544500.0
2024-11-26,122.37998766482242,122.8028356626827,120.6099320361576,121.94731140136719,504100.0
2024-11-27,122.01614896814617,122.09482010927803,120.37392828510646,121.23928833007812,313900.0
2024-11-29,121.57362141255786,122.91100071367369,121.36711530756838,122.18331146240234,219200.0
2024-12-02,121.67197030083686,122.83234335661177,120.26575555953752,122.29148864746094,393800.0
2024-12-03,122.83234951499892,122.8913491216851,119.92157721026021,120.96395111083984,398600.0
2024-12-04,120.39359006157693,122.51765831485709,119.94124226229034,121.8489761352539,451900.0
2024-12-05,130.29608532086286,130.7877686616963,118.37767843816289,118.77102661132812,1047100.0
2024-12-06,119.1938820719207,119.20371784005309,115.10308032051148,116.09627532958984,800300.0
2024-12-09,117.21731671717198,117.21731671717198,113.99187489176892,114.1393814086914,761700.0
2024-12-10,114.31638912188866,115.24075630354304,112.29065593910721,114.03121185302734,667700.0
2024-12-11,114.42455565058019,114.56222639540528,109.4880503633049,111.58262634277344,1135400.0
2024-12-12,111.65146330350261,113.05767807635713,110.14691335473026,111.62196350097656,549700.0
2024-12-13,111.80878981228327,112.96916280824638,110.49108204699068,111.17943572998047,441300.0
2024-12-16,110.71726014733873,112.82167192059654,110.71726014733873,112.7135009765625,450300.0
2024-12-17,111.76946790202605,112.60532813525707,111.05160687666731,112.47748565673828,512000.0
2024-12-18,112.55616237807737,113.03801000659826,108.7702017204269,109.27172088623047,713600.0
2024-12-19,109.87157558966179,110.70743586706773,107.08864575203988,108.27851867675781,690500.0
2024-12-20,108.09166896287941,110.30424410132396,108.04250512796519,109.56671905517578,1878100.0
2024-12-23,109.27171344458858,109.9797311861903,108.0425050353948,109.4683837890625,446500.0
2024-12-24,109.5077284909846,109.63556347530434,108.79970318784353,109.40939331054688,167300.0
2024-12-26,109.16354449009366,110.55008769958961,109.13404468813523,109.802734375,255800.0
2024-12-27,108.98654053909983,110.550090096743,108.42602178225698,109.2913818359375,196100.0
2024-12-30,108.64236782546513,109.73389807579663,107.67866505628443,108.96687316894531,240400.0
2024-12-31,109.60606114856115,109.9404097573456,108.8685360585141,109.92073822021484,269000.0
2025-01-02,109.03571159715894,111.80880576243185,109.03571159715894,110.28459167480469,312700.0
2025-01-03,109.94041244516943,112.45782907994472,109.94041244516943,112.28082275390625,353500.0
2025-01-06,112.52665790873161,114.04104360949648,111.81863264577734,111.92680358886719,435400.0
2025-01-07,111.45478738686448,113.10684387948179,110.87460458711752,112.05464172363281,433400.0
2025-01-08,110.98278145946003,111.96614829322984,108.87837703539212,111.86781311035156,545700.0
2025-01-10,111.77900837396355,115.90289430980039,111.33504487796084,114.58087921142578,606400.0
2025-01-13,114.14678584059173,116.76121250118238,113.0023621395136,116.67242431640625,452000.0
2025-01-14,116.11006954403231,116.52442943521241,113.7521547714463,115.08403015136719,464500.0
2025-01-15,116.23833280077177,116.46524849265592,113.20954611642651,114.51182556152344,454700.0
2025-01-16,114.49209092474597,115.85356241857922,113.94947138355855,115.09390258789062,331500.0
2025-01-17,115.14323402712898,115.72531752824254,114.10733419341307,114.31451416015625,359700.0
2025-01-21,114.82751742182512,118.45811542312106,114.47234965334167,118.21147155761719,477500.0
2025-01-22,117.88591072980155,119.79000184832209,117.76752648069558,118.15229034423828,1087700.0
2025-01-23,118.27067091745896,118.54691838639337,108.8883431187088,109.08565521240234,1162200.0
2025-01-24,109.15471586563405,110.23008710567183,106.14565749306966,107.49726867675781,880800.0
2025-01-27,107.81298117363983,110.57539588518253,107.53674120788045,109.0067367553711,510400.0
2025-01-28,108.77982077595858,109.8157205732317,102.95902360446915,104.4684829711914,824700.0
2025-01-29,104.46848670619217,106.00754218972232,104.03439104592498,105.18869018554688,700200.0
2025-01-30,105.3564081267358,107.9609670813719,104.76446427831385,107.79325103759766,601400.0
2025-01-31,107.03358072182809,107.76365205786618,103.51150626301315,106.82640075683594,534400.0
2025-02-03,105.60304425641102,107.38874353377757,104.09358491952396,106.03713989257812,476900.0
2025-02-04,105.85955917222759,107.33942249228498,105.18868749938929,106.44163513183594,443900.0
2025-02-05,107.42821664576266,107.42821664576266,105.0209697694577,105.59318542480469,455700.0
2025-02-06,105.37613136276417,105.65237131055011,102.50520044601863,104.73486328125,626400.0
2025-02-07,104.52767461798562,105.56358193750776,103.00835492224832,104.15277862548828,755100.0
2025-02-10,104.50794006554992,105.4846476754223,103.72854453931741,104.22183227539062,572300.0
2025-02-11,104.03438684488854,104.06399043350847,101.37063591911738,103.6890869140625,740600.0
2025-02-12,102.81103761936936,104.71512874041407,102.21909379213236,102.53479766845703,562800.0
2025-02-13,102.39667769979866,103.32406112961516,97.98668376708284,98.87460327148438,1052700.0
2025-02-14,99.00285760131514,101.31144836446686,98.64768979159949,99.5750732421875,808100.0
2025-02-18,100.74910844300173,102.42628404312633,99.0028653212377,101.74554443359375,679100.0
2025-02-19,100.44325836569041,103.5904369050568,100.44325836569041,101.91326141357422,618400.0
2025-02-20,101.19305501644718,101.87379456234217,99.6441316863619,101.41010284423828,457900.0
2025-02-21,100.71949647142485,100.71949647142485,95.49065045918181,96.52655029296875,1123500.0
2025-02-24,97.39473362266185,98.25304948210011,94.57312711778445,97.55258178710938,1201500.0
2025-02-25,97.4440643191058,101.11412659041797,96.93104834203946,99.2889633178711,715900.0
2025-02-26,98.88446319668789,99.91049506721649,97.70056811019764,99.43694305419922,406400.0
2025-02-27,99.32842137143993,100.5221768199625,98.94365752964232,99.21002960205078,570000.0
2025-02-28,98.21359804107975,98.65755402339542,94.30675227801615,97.46379852294922,925700.0
2025-03-03,98.08533910606621,98.08533910606621,93.40897311941819,94.48433685302734,1011700.0
2025-03-04,94.4942071842575,102.37694390552807,93.76414336773905,99.6737289428711,1145800.0
2025-03-05,99.55533946800278,103.03794985389949,99.55533946800278,101.25224304199219,834000.0
2025-03-06,100.06836309177041,101.2522507972266,98.29252400661164,100.78856658935547,873700.0
2025-03-07,100.86748989341268,111.2068057656309,98.95353829733965,109.75653839111328,1886400.0
2025-03-10,109.5000151483845,115.22215619038802,108.03988759000771,110.0130386352539,1733900.0
2025-03-11,109.34216754933635,109.93411136060418,103.09714265207202,104.76445770263672,969400.0
2025-03-12,105.03083177681664,105.26760780042314,101.18318564008415,103.24513244628906,901500.0
2025-03-13,102.50519902848329,105.39586563122394,102.34734333080343,102.86036682128906,792700.0
2025-03-14,102.30788792225596,103.75815527576744,101.66661979623215,103.02809143066406,1104700.0
2025-03-17,115.94235396919525,118.87248452276876,109.65787260640097,110.3978042602539,2179100.0
2025-03-18,109.75653419897547,112.61760491045601,106.71787958052099,111.9171371459961,1093500.0
2025-03-19,111.93685829610358,116.00155217363793,111.23639057575917,111.25611877441406,1410100.0
2025-03-20,110.82203481472641,110.82203481472641,103.42271809112724,104.55728149414062,1630100.0
2025-03-21,103.59042831593185,105.20841154651802,102.13029325256264,104.47834777832031,1180400.0
2025-03-24,105.13935617225775,108.21747460118407,105.06042832170151,107.68472290039062,738200.0
2025-03-25,107.73405862363212,107.89191434153895,105.8792991000765,107.01386260986328,866000.0
2025-03-26,108.19773735468684,108.8784768839641,107.70444958610308,108.12867736816406,766400.0
2025-03-27,108.38519550591974,110.1314309977981,106.85600032235706,109.86505889892578,581100.0
2025-03-28,109.61840510272104,112.7261194528352,109.61840510272104,111.01934051513672,853800.0
2025-03-31,110.87135655323559,113.4561871795588,110.2498166723104,110.76283264160156,1049700.0
2025-04-01,111.13773582429879,112.78531516573953,108.52330914406959,111.78887176513672,629500.0
2025-04-02,110.12155961662071,117.40248407025902,108.56276852585283,114.14678192138672,1471000.0
2025-04-03,112.38082007165978,114.74859527649554,111.49290060635947,112.72611999511719,736900.0
2025-04-04,109.10538577373791,113.1108875998291,108.54303801486198,110.20048522949219,1328900.0
2025-04-07,106.50083399490649,110.24982432039428,104.05413069936725,107.61566925048828,967700.0
2025-04-08,108.93767564938311,112.74585805718867,106.63895270115823,107.5466079711914,798000.0
2025-04-09,106.38244034599734,112.46960951039313,103.87653761682715,111.40410614013672,1472100.0
2025-04-10,110.47673317611928,112.52880459544431,108.9278098668493,111.44357299804688,809700.0
2025-04-11,111.46336640670397,115.46223062737825,108.83044782730724,115.33354949951172,610600.0
2025-04-14,114.95742654472059,117.33299052412795,112.85901031176397,116.35307312011719,752600.0
2025-04-15,116.69951692854885,117.27361304920834,115.2642766269001,115.98684692382812,437900.0
2025-04-16,115.95714035161946,116.85787049511521,114.42291995830247,115.165283203125,425600.0
2025-04-17,114.81885205034341,116.39265855276454,114.3041501742493,115.52162170410156,379900.0
2025-04-21,115.59090861784962,116.49164634047617,114.19526960198446,115.26426696777344,320500.0
2025-04-22,115.66019993536142,117.90709040549784,114.97723083862402,117.51116180419922,465700.0
2025-04-23,118.88700339689115,120.31234328759997,117.9268790289392,118.60985565185547,491300.0
2025-04-24,118.91669414564583,121.4803258351612,118.60985308481288,120.91613006591797,447400.0
2025-04-25,120.91613181223124,121.26256649103138,118.84740892732253,120.06488800048828,466700.0
2025-04-28,120.25295170085921,121.65849859101704,118.31290989179514,119.64916229248047,344300.0
2025-04-29,119.7085585408826,120.38163489855336,119.13446244575258,120.1143798828125,302400.0
2025-04-30,120.08468598564708,120.08468598564708,117.67942861401762,119.79763793945312,447100.0
2025-05-01,118.59005861988507,120.0450918765983,113.75975086476898,118.19413757324219,539500.0
2025-05-02,119.58978057497568,120.3222435974693,116.28379290589382,116.77870178222656,515300.0
2025-05-05,116.96675813824348,118.065456411376,116.18480123338367,116.39266204833984,402500.0
2025-05-06,116.48175008724203,121.17348398552431,115.12569708645711,120.05499267578125,682700.0
2025-05-07,119.37201370145411,120.4905125410934,117.69922691532376,119.5600814819336,479000.0
2025-05-08,119.88672779399027,121.83666240496669,119.30273139852052,120.5499038696289,351400.0
2025-05-09,119.7679349684232,120.9755137028246,119.4116000123143,119.84712219238281,425700.0
2025-05-12,119.65905848905538,120.51030229627054,116.71929877712745,118.46138000488281,670900.0
2025-05-13,118.52076842616653,119.43140644287855,117.64973157508292,117.86749267578125,575300.0
2025-05-14,117.73881530761719,118.17433752294076,116.3431762429729,117.73881530761719,340600.0
2025-05-15,118.33271046456265,120.80725474402477,117.53095298285423,120.67857360839844,409800.0
2025-05-16,120.24306331015569,122.24249183770416,119.70856082020667,122.15341186523438,556500.0
2025-05-19,122.03462628283928,122.8462765023772,121.0052149589871,121.42093658447266,470800.0
2025-05-20,121.42093863531376,122.76709134680284,120.18366647782085,121.88615417480469,335700.0
2025-05-21,121.7475735160251,121.9059479681836,120.4212214618906,121.20317077636719,464500.0
2025-05-22,120.98541723221355,121.9059479681836,119.95600594831194,121.20317077636719,375300.0
2025-05-23,118.28321187104657,118.3722918367565,114.512008955136,116.0858154296875,700400.0
2025-05-27,116.50153509145936,119.05526645637029,115.70968549767859,118.70883178710938,430500.0
2025-05-28,118.5801668324021,119.26313592954388,113.7696520702941,114.16557312011719,740700.0
2025-05-29,114.24476007054884,114.3932342397233,112.59176628129103,114.13587951660156,780500.0
2025-05-30,114.09628563518156,114.71987563391744,112.33441129608704,114.36354064941406,1015800.0
2025-06-02,104.1387277955127,108.18708644524236,97.04173612069461,99.19953918457031,3112900.0
2025-06-03,100.33782424212367,103.27757650502872,98.66502989132843,102.37684631347656,1190000.0
2025-06-04,102.6638931515148,103.8021850179571,101.20885992283472,101.22865295410156,663300.0
2025-06-05,101.60479027924734,101.94132467860028,99.89240230408188,101.40682220458984,695300.0
2025-06-06,102.50551552640245,104.47525812765869,102.24816836933853,104.24759674072266,728300.0
2025-06-09,104.26740283715549,104.42577730908033,101.96113311550609,102.46593475341797,763500.0
2025-06-10,102.96082924661084,103.27757059443861,101.83243772299261,102.55500793457031,555100.0
2025-06-11,102.9311480100978,102.9311480100978,100.29823666310146,102.74308776855469,633100.0
2025-06-12,102.71338245712137,103.93086158703619,101.87203889747308,103.84178161621094,464000.0
2025-06-13,103.17859794554037,106.06887145321346,103.17859794554037,104.35648345947266,555700.0
2025-06-16,104.35647669526848,104.74250498037907,102.45602859138411,103.93085479736328,433200.0
2025-06-17,103.63390533783901,105.10873907931236,102.87174906712349,104.3267822265625,422700.0
2025-06-18,104.25750112270433,105.62344684278817,103.38645670551189,103.6339111328125,452000.0
2025-06-20,103.77249011837641,103.9407648765272,101.66418101256428,102.59461212158203,1140800.0
2025-06-23,102.33725267104496,104.42576864814464,100.96140665507824,103.1489028930664,537300.0
2025-06-24,103.43595062903617,104.2871944632301,101.43652217886358,103.89126586914062,407200.0
2025-06-25,104.75241283158195,107.26655078766616,103.17859870417793,106.50438690185547,545900.0
2025-06-26,106.76174161289984,109.52333400264341,106.21733883739644,108.04850769042969,623900.0
2025-06-27,108.24646639181208,108.33554636173247,106.6924528745073,108.127685546875,685500.0
2025-06-30,108.23656347555442,111.69102511782721,107.62288133753519,111.46337127685547,1194600.0
2025-07-01,111.46336897885624,114.64068280920068,110.85957959300755,114.57139587402344,490100.0
2025-07-02,114.23487388357661,116.50154995960818,113.29454245933648,116.36297607421875,523800.0
2025-07-03,115.93734886109625,118.12484515450825,115.83836859769993,117.37258911132812,288800.0
2025-07-07,117.29339691010503,117.6299313017353,115.84826398096206,116.35307312011719,504800.0
2025-07-08,115.62059879222618,116.83807784040246,113.82903123884016,115.967041015625,608400.0
2025-07-09,116.94696817842092,116.94696817842092,113.36382521995387,115.14550018310547,480600.0
2025-07-10,115.1256995992315,117.58045093160591,114.01710855701282,115.14550018310547,546000.0
2025-07-11,115.37388194478864,115.63205024591342,110.67710220957422,112.41481018066406,771400.0
2025-07-14,111.72965705464337,113.82483703698472,111.21331286398652,112.96095275878906,397000.0
2025-07-15,113.12975782459645,113.94399785481869,110.65724966557372,110.70689392089844,502500.0
2025-07-16,110.60759353169561,111.99776141540742,109.41602538897435,111.06436157226562,548200.0
2025-07-17,111.13386757447387,113.19925938852802,109.22735555033405,112.78221130371094,413300.0
2025-07-18,113.74540452738414,113.74540452738414,112.14671255152248,112.62333679199219,249400.0
2025-07-21,112.84179142710951,113.47729545762753,111.71973128043362,111.74951934814453,290700.0
2025-07-22,112.13677877270366,114.19223876748619,111.04450669965405,113.7652587890625,475000.0
2025-07-23,114.47027665402808,117.39956051687082,112.50418833770955,115.24479675292969,454200.0
2025-07-24,115.15542416383478,115.71148828138057,113.66596021257533,114.18230438232422,373000.0
2025-07-25,114.50005854976361,115.88029456458105,112.95101843547769,114.00357055664062,313100.0
2025-07-28,114.10287094400593,114.10287094400593,111.3026714703148,112.44459533691406,306400.0
2025-07-29,113.15954444451762,113.43757651335582,112.07720423713953,112.86165618896484,272700.0
2025-07-30,112.24600476773776,113.17940460554047,110.74660892900916,111.5409927368164,305900.0
2025-07-31,111.22324414774546,112.2261444555686,109.59476410990766,110.69696807861328,431000.0
2025-08-01,111.2133162247858,111.24310429378849,109.06848434692094,109.95223999023438,534100.0
2025-08-04,110.22033416627012,112.45453012909992,109.71391429346981,112.41481018066406,294000.0
2025-08-05,112.24601121334979,115.9498075586096,112.24601121334979,114.37097930908203,451200.0
2025-08-06,114.03335722920576,114.73837683752525,112.14670893906099,114.33125305175781,372100.0
2025-08-07,114.64900242946968,116.02923839572992,113.45743431821653,115.32422637939453,287000.0
2025-08-08,114.87738830314217,116.73424845240984,113.5865165577838,115.840576171875,395000.0
2025-08-11,115.85050569356994,117.66765355398944,114.59936141415812,115.0561294555664,245800.0
2025-08-12,115.23486609854142,116.57538216323465,113.82483444211945,116.40657806396484,309100.0
2025-08-13,116.17819463344838,119.9316427864001,116.10868661490505,119.7529067993164,415800.0
2025-08-14,119.25641934464839,120.19975111591725,116.1980513628562,116.48601531982422,350100.0
2025-08-15,116.1781921895312,116.92292419074614,115.68170418872124,116.80376434326172,239000.0
2025-08-18,117.49885035077087,117.74709434750157,116.32713838316972,116.45622253417969,224900.0
2025-08-19,116.77397573645167,118.14428746087907,115.92001577293495,116.07889556884766,284700.0
2025-08-20,116.42643092923745,117.34989887204955,115.38380314432513,116.96263885498047,245800.0
2025-08-21,116.06896563292932,117.88611355615613,116.06896563292932,117.3896255493164,258100.0
2025-08-22,117.99533414268072,120.18981008654308,116.64488624248767,118.3528060913086,288000.0
2025-08-25,117.81660482957075,118.92873310968668,117.37969296192193,117.86624908447266,300300.0
2025-08-26,117.97547080044704,119.76283054993817,117.20095076760266,118.74006652832031,461200.0
2025-08-27,118.4719666922283,119.29613860820633,118.05491858142226,118.50175476074219,418600.0
2025-08-28,118.13435870948545,118.3031628152607,115.80086656978582,117.01229095458984,284200.0
2025-08-29,116.43637145497401,117.90597173762886,115.36395552386529,116.87327575683594,490200.0
2025-09-02,116.51580202208638,117.55842986868103,116.13847386348742,117.43927001953125,571400.0
2025-09-03,117.12151097290293,117.80666680675984,112.92122692172406,113.30848693847656,828800.0
2025-09-04,102.89217893771489,108.7308752657934,101.28355504210892,105.47391510009766,1374100.0
2025-09-05,105.97039819585326,107.58894632204407,103.38866215331494,104.1929702758789,1028000.0
2025-09-08,103.13048534552767,103.13048534552767,100.71755342380784,101.87933349609375,863400.0
2025-09-09,102.09779490139071,102.82267073522408,101.01545466719962,102.05807495117188,702300.0
2025-09-10,102.08785400446355,103.4879537167619,101.06508999801848,102.38574981689453,604100.0
2025-09-11,102.57442023016301,105.92074438419803,102.56448834928602,105.62285614013672,541000.0
2025-09-12,105.6923720029751,106.6754161602437,105.56328026940449,105.6725082397461,433800.0
2025-09-15,104.72918091164104,105.26538886575277,102.62406904466228,103.19999694824219,530700.0
2025-09-16,102.68364722485057,103.20992326929155,101.2438275434688,102.39568328857422,421400.0
2025-09-17,102.40560898663247,103.6170408813075,101.54172474185684,102.06800079345703,485600.0
2025-09-18,102.06799772928896,102.30630983354115,100.59839000548926,101.76017761230469,442700.0
2025-09-19,102.53470304522183,103.26950315800515,101.42256720699945,103.14041900634766,1075800.0
2025-09-22,102.90209946764436,103.07091114413282,100.66790348251841,100.73741149902344,685000.0
2025-09-23,101.09488298004985,102.42547474425778,97.78827869546245,97.89749908447266,664300.0
2025-09-24,97.86771349862614,99.61535340418898,97.42087732272587,99.30753326416016,560600.0
2025-09-25,98.80111317736193,99.5061252366665,94.67032933175078,96.51726531982422,603800.0
2025-09-26,96.51726308580736,97.86771103670654,94.63061476763858,96.98396301269531,438000.0
2025-09-29,97.69890720849037,97.69890720849037,96.21937510221632,97.03361511230469,546300.0
2025-09-30,96.73571984749759,99.12879563759314,96.73571984749759,98.67202758789062,483600.0
2025-10-01,97.97694236817838,100.59839846275263,97.52017430670925,100.41966247558594,519200.0
2025-10-02,99.68486305138914,100.42959507393212,99.12879889881494,99.94303894042969,298000.0
2025-10-03,100.04232788837535,101.26369165153321,99.92316804598265,100.95586395263672,402800.0
2025-10-06,101.08495539835765,102.30631158235738,99.74443179648698,102.10771942138672,425400.0
2025-10-07,102.11764174345062,102.87230557693469,99.79408168683031,100.50902557373047,476100.0
2025-10-08,100.50903395440059,102.92196598598173,100.4395259360343,100.6579818725586,618900.0
2025-10-09,101.33319619466344,101.33319619466344,97.76840868385837,97.85778045654297,363700.0
2025-10-10,98.85449950583738,99.39272818170848,95.8145063192568,96.24309539794922,569600.0
2025-10-13,96.2729969383947,96.46237580943018,94.80782772956229,95.98395538330078,309700.0
2025-10-14,95.97398802467323,97.38932592025569,95.17661049243638,96.95076751708984,306600.0
2025-10-15,97.47903597696016,98.9541745482154,96.4125478839904,97.5188980102539,556500.0
2025-10-16,97.57870661854011,99.43260295193112,96.4623795734195,96.56204986572266,475100.0
2025-10-17,96.49227992758875,98.08703502230753,95.3958915032365,97.18998718261719,337600.0
2025-10-20,97.37935860259996,99.44256483480024,97.37935860259996,99.17345428466797,273500.0
2025-10-21,99.1535236433498,100.61869291750453,98.00729626459714,100.10040283203125,254500.0
2025-10-22,99.82132319001566,100.97751227754996,97.7182473073597,97.78801727294922,371300.0
2025-10-23,98.55548167971199,100.42931654957887,98.55548167971199,100.30970764160156,325500.0
2025-10-24,98.48571496486981,99.36283177691074,91.58842740224205,93.78120422363281,1308300.0
2025-10-27,93.71143008890483,94.23969705644485,91.90737280609962,92.90409088134766,908700.0
2025-10-28,92.67485576166028,93.03366729511798,91.69806864108861,92.03694915771484,555700.0
2025-10-29,91.70803279372916,91.72796380943964,89.85413655407991,90.36246490478516,560900.0
2025-10-30,89.84416979380318,91.90737597656543,89.84416979380318,91.19970703125,429200.0
2025-10-31,90.70134547154194,93.5320211746291,90.70134547154194,93.40245056152344,641500.0
2025-11-03,93.04363624791036,93.04363624791036,90.49204025936443,91.1100082397461,499400.0
2025-11-04,91.11000750984343,93.22304506929656,90.54187087807823,91.13990783691406,487500.0
2025-11-05,91.15983526480491,92.32599360078598,90.66147622163125,91.91734313964844,375900.0
2025-11-06,91.6980694816032,92.58514802367458,89.99368236354394,90.2229232788086,352400.0
2025-11-07,89.98371234486174,91.54855951844168,89.41558330997873,91.5086898803711,327100.0
2025-11-10,91.66816297932323,91.96717384053062,88.94711927663863,91.41898345947266,710900.0
2025-11-11,91.4189833362512,91.89740375528038,89.62488775400315,91.3193130493164,455200.0
2025-11-12,91.28940967494513,91.90737765174812,90.023580998558,90.08338165283203,518600.0
2025-11-13,90.30265913786377,91.02029739290825,89.18633972277743,89.31591033935547,319400.0
2025-11-14,88.70791274596984,89.56509093815576,87.64142466095095,88.32916259765625,358100.0
2025-11-17,87.69126244223312,88.32916142267351,86.74437567751127,86.8041763305664,427800.0
2025-11-18,87.03342340472696,88.18962004041457,86.66463497347716,86.86398315429688,463900.0
2025-11-19,86.71447445385022,87.12313252378088,85.40877617995041,85.47854614257812,341400.0
2025-11-20,86.74437771551274,87.06332721322644,84.51173123151683,84.73101043701172,384600.0
2025-11-21,84.53166091170473,87.14306511094192,84.26255036653322,84.8904800415039,608500.0
2025-11-24,85.59815120007995,85.6978290976514,83.8838023854479,84.80078125,563000.0
2025-11-25,85.1396601910776,86.23604860485564,84.59146978636646,85.38883972167969,567600.0
2025-11-26,85.38883670940581,86.68457326456912,85.31906674747273,85.40877532958984,342300.0
2025-11-28,85.3489722668501,86.63473959015992,85.2891716113702,85.92707061767578,326700.0
2025-12-01,85.73769100747317,87.03342763046881,84.92038243731841,85.95697021484375,632400.0
2025-12-02,86.26595658451399,88.09991428068201,86.04667738076438,87.27263641357422,801500.0
2025-12-03,87.34240710866555,88.10988432820947,86.38555861513571,87.24273681640625,823200.0
2025-12-04,91.69806875659158,104.29658542088787,91.69806875659158,101.45594024658203,2849500.0
2025-12-05,99.99075888465454,100.67849680289972,96.90093431416432,100.2798080444336,1195700.0
2025-12-08,101.48583854632518,101.80478804014899,97.2497865416638,98.6053237915039,876700.0
2025-12-09,98.31627261631037,98.58539076131336,96.25306645682844,97.01057434082031,785600.0
2025-12-10,97.13017898138564,100.75823237574816,96.26303907280017,100.32965087890625,694400.0
2025-12-11,100.66852817792345,101.18681824440816,98.17673292599464,99.6219711303711,632900.0
2025-12-12,100.99744650869849,101.93435634812487,99.84124986706495,99.8512191772461,639600.0
2025-12-15,99.44256285098434,101.43599907824506,98.3661130675739,101.24662780761719,753500.0
2025-12-16,101.12701810622389,101.42603657971881,99.07378124158284,100.02066040039062,654500.0
2025-12-17,99.51233237453306,103.20019394126415,99.51233237453306,102.10380554199219,826800.0
2025-12-18,102.29317462965166,103.16032210374387,99.62196984974764,100.40937805175781,775200.0
2025-12-19,100.40937813506267,102.12373446447114,99.93095771088458,101.66524505615234,1231300.0
2025-12-22,101.5655803371842,103.26996744994015,100.92768133373248,102.48255920410156,447700.0
2025-12-23,101.82472292910768,102.77160206546911,101.29645595787547,102.32308197021484,501200.0
2025-12-24,102.00412657892026,103.79822219846416,101.18681804209596,102.4626235961914,193700.0
2025-12-26,102.56229605145465,103.17029471289987,101.77488782426568,102.37291717529297,264700.0
2025-12-29,102.04400066675855,103.24006700008117,101.475871629846,103.01081848144531,358400.0
2025-12-30,102.78157574922606,102.95101600536746,101.82472726210571,102.1436767578125,350900.0
2025-12-31,101.78485843999839,101.91442905966996,100.23994229270603,100.32965087890625,291900.0
2026-01-02,100.3396117433374,101.90445889423778,99.6718124251344,100.88780975341797,374600.0
2026-01-05,101.6652484712037,107.17709847064164,100.7682006402925,106.86811828613281,630200.0
2026-01-06,106.38968767559557,108.83165157886657,105.86142830023182,108.44293212890625,531800.0
2026-01-07,108.44293114119456,109.2004314138121,105.90129697212143,106.4893569946289,679000.0
2026-01-08,108.13394380196205,113.95478142051029,107.91466460476133,111.61249542236328,635400.0
2026-01-09,110.94469251226258,114.54284556651726,110.89486116842309,113.64579772949219,393400.0
2026-01-12,113.68566774571738,115.12094428973654,112.34009978787735,113.94481658935547,475800.0
2026-01-13,114.28369962554775,114.73221972342664,112.00121429139769,112.3699951171875,363700.0
2026-01-14,111.0,112.12999725341797,105.68000030517578,108.05999755859375,791100.0
2026-01-15,108.25,110.94999694824219,107.22000122070312,110.6500015258789,408600.0
2026-01-16,110.19000244140625,111.77999877929688,108.55999755859375,111.12999725341797,551300.0
2026-01-20,110.30000305175781,110.73999786376953,108.1500015258789,108.23999786376953,335600.0
2026-01-21,108.73999786376953,109.23999786376953,107.58000183105469,108.73999786376953,521200.0
2026-01-22,109.19000244140625,110.97000122070312,108.72000122070312,109.06999969482422,393300.0
2026-01-23,111.22000122070312,115.0,108.61000061035156,110.13999938964844,603400.0
2026-01-26,110.16999816894531,110.41999816894531,102.27999877929688,104.37999725341797,727800.0
2026-01-27,104.5199966430664,105.37000274658203,103.5,103.69999694824219,356700.0
2026-01-28,103.5999984741211,105.12999725341797,102.5,103.55000305175781,425400.0
2026-01-29,104.36000061035156,106.22000122070312,101.48999786376953,101.69999694824219,511000.0
2026-01-30,101.26000213623047,102.23999786376953,100.66999816894531,101.76000213623047,605500.0
2026-02-02,101.16000366210938,101.44999694824219,99.16000366210938,100.87999725341797,505800.0
2026-02-03,100.19000244140625,100.83000183105469,96.66999816894531,97.0,610500.0
2026-02-04,97.08000183105469,98.94999694824219,96.44999694824219,97.87000274658203,595800.0
2026-02-05,98.0199966430664,100.37000274658203,96.91999816894531,97.02999877929688,542700.0
2026-02-06,97.2300033569336,99.37000274658203,95.12000274658203,98.36000061035156,705100.0
2026-02-09,98.36000061035156,99.08999633789062,96.7699966430664,98.26000213623047,466200.0
2026-02-10,98.11000061035156,99.70999908447266,97.44999694824219,97.91999816894531,476300.0
2026-02-11,94.08999633789062,95.8499984741211,81.08000183105469,82.22000122070312,2496500.0
2026-02-12,82.18000030517578,86.75,81.66000366210938,83.44999694824219,1362335.0
